environment,seed,factor,factor_value,factor_value_numeric,anchor_value,relative_to_anchor,status,error_message,git_commit,ridge_center,scale,subspace_dimension_K,ensemble_size_M,bootstrap_fraction,calibration_size,calibration_pool_size,per_member_calibration_size,unique_calibration_rows,feature_dimension_p,nominal_n_over_p,unique_n_over_p,layer_scope,direction_family,id_rmse,id_nll,id_total_variance,id_residual,near_rmse,near_nll,near_auroc,mid_rmse,mid_nll,mid_auroc,far_rmse,far_nll,far_auroc,far_spearman,construction_time_sec,gram_rank,gram_min_eig,gram_condition,normalized_ridge,mean_delta_w_norm,notes
Ant-v5,0,layer,first,1.0,2.0,0.5,ok,,70fb480,zero,8.0,20,50,0.1,409,4096,409,389,201,2.0348258706467663,1.935323383084577,first,random,0.6068515777587891,-2.246078491210937,0.7667002081871033,0.0319045613418276,0.8702807426452637,0.0545096881687641,0.8527595699999999,1.1244908571243286,0.197780892252922,0.895068085,4.180797576904297,1.1275980472564695,0.99765495,0.8308434357998821,0.3128149509429931,200,1.4116447054705586e-28,240060239.54751968,4.2125347326339627e-07,8.004220008850098,
Ant-v5,0,layer,multi,2.0,2.0,1.0,ok,,70fb480,zero,8.0,20,50,0.1,409,4096,409,389,201,2.0348258706467663,1.935323383084577,multi,random,0.6060355305671692,-2.2123353481292725,1.00085186958313,0.0319045613418276,0.8773607015609741,0.3100222051143646,0.8668258499999999,1.09101402759552,0.6205084323883057,0.901733435,3.028184175491333,1.143340229988098,0.99766426,0.8420367098669976,0.5653483867645264,200,1.4116447054705586e-28,240060239.54751968,4.2125347326339627e-07,8.004514694213867,
HalfCheetah-v5,0,layer,first,1.0,2.0,0.5,ok,,70fb480,zero,32.0,20,50,0.3,1228,4096,1228,1061,201,6.109452736318408,5.278606965174129,first,random,1.2009230852127075,-0.2937443554401397,1.3417606353759766,0.2357146282622624,2.939448595046997,10.168417930603027,0.8123203950000001,4.620923042297363,1.626476168632507,0.98438416,3.711841821670532,1.6951847076416016,0.98909636,0.1399835057987747,0.2588248252868652,201,11.485995849471443,5417462.265954841,1.722624865370183e-10,32.087554931640625,
HalfCheetah-v5,0,layer,multi,2.0,2.0,1.0,ok,,70fb480,zero,32.0,20,50,0.3,1228,4096,1228,1061,201,6.109452736318408,5.278606965174129,multi,random,1.2349040508270264,-0.2263799160718917,2.213470697402954,0.2357146282622624,3.05624794960022,1.3773444890975952,0.8599262750000001,4.548470973968506,1.6390327215194702,0.98168399,3.892178297042847,1.861107349395752,0.9931125200000002,0.2266777110695373,0.4608714580535888,201,11.485995849471443,5417462.265954841,1.722624865370183e-10,32.05339431762695,
Hopper-v5,0,layer,first,1.0,2.0,0.5,ok,,70fb480,zero,32.0,20,50,0.3,1228,4096,1228,1061,201,6.109452736318408,5.278606965174129,first,random,0.1750518977642059,-1.7207849025726318,0.0180396810173988,0.0718296209012462,0.3239316344261169,0.4309996962547302,0.816465085,0.3858780264854431,1.115669846534729,0.876190895,0.4252200722694397,0.7695178985595703,0.931625875,0.6729125344471816,0.2576625347137451,200,5.138636350031622e-26,81570389031.08185,1.1736784257854995e-09,32.08839797973633,
Hopper-v5,0,layer,multi,2.0,2.0,1.0,ok,,70fb480,zero,32.0,20,50,0.3,1228,4096,1228,1061,201,6.109452736318408,5.278606965174129,multi,random,0.1826747506856918,-1.5678486824035645,0.0276782512664794,0.0718296209012462,0.3204329013824463,-0.1282611042261123,0.911386645,0.382696270942688,0.2906031906604767,0.9570047,0.4656236171722412,0.3808276057243347,0.98498939,0.7734055020250156,0.4814951419830322,200,5.138636350031622e-26,81570389031.08185,1.1736784257854995e-09,32.05381393432617,
Humanoid-v5,0,layer,first,1.0,2.0,0.5,ok,,70fb480,zero,32.0,20,50,0.3,1228,4096,1228,1061,201,6.109452736318408,5.278606965174129,first,random,44.967132568359375,3.6792006492614746,105.9292221069336,1.6785921613233037,40.25125503540039,4.107572555541992,0.5677802200000001,31.511075973510746,3.775869607925415,0.51202635,30.960765838623047,3.608388662338257,0.407372155,0.7355980044994275,0.316307783126831,201,27.48344482138544,117796742.56711684,3.9951630579359735e-10,32.01327896118164,
Humanoid-v5,0,layer,multi,2.0,2.0,1.0,ok,,70fb480,zero,32.0,20,50,0.3,1228,4096,1228,1061,201,6.109452736318408,5.278606965174129,multi,random,44.93199157714844,3.665984630584717,106.49269104003906,1.6785921613233037,40.2397575378418,3.990221261978149,0.57007761,31.46385955810547,3.6826229095458975,0.52836352,30.840961456298828,3.5361313819885254,0.413674235,0.7330082419732765,0.6305623054504395,201,27.48344482138544,117796742.56711684,3.9951630579359735e-10,32.016258239746094,
Walker2d-v5,0,layer,first,1.0,2.0,0.5,ok,,70fb480,zero,16.0,20,50,0.3,1228,4096,1228,1061,201,6.109452736318408,5.278606965174129,first,random,0.5945408344268799,-0.9646831154823304,0.3010161519050598,0.1357435897907422,,,,,,,2.817805528640747,5.53648853302002,0.99032031,0.3616537906550476,0.2571351528167724,201,1.737349660226934,1579771.417753845,3.373944545065145e-07,16.043777465820312,
Walker2d-v5,0,layer,multi,2.0,2.0,1.0,ok,,70fb480,zero,16.0,20,50,0.3,1228,4096,1228,1061,201,6.109452736318408,5.278606965174129,multi,random,0.609591543674469,-0.8573675751686096,0.3474134802818298,0.1357435897907422,,,,,,,2.809175729751587,2.558436155319214,0.997906,0.3699223423876625,4.086237192153931,201,1.737349660226934,1579771.417753845,3.373944545065145e-07,16.026697158813477,
HumanoidStandup-v5,0,layer,first,1.0,2.0,0.5,ok,,70fb480,zero,8.0,20,50,0.2,819,4096,819,742,201,4.074626865671642,3.691542288557214,first,random,21.58226203918457,2.87488055229187,51.170021057128906,1.4201615867492905,,,,,,,49.9803466796875,8.144266128540039,0.94988576,0.7388230679684471,0.3262038230895996,201,24.387892480813115,10846040.72747799,5.642060207572711e-09,8.00331974029541,
HumanoidStandup-v5,0,layer,multi,2.0,2.0,1.0,ok,,70fb480,zero,8.0,20,50,0.2,819,4096,819,742,201,4.074626865671642,3.691542288557214,multi,random,21.5788688659668,2.8396430015563965,74.7342529296875,1.4201615867492905,,,,,,,50.89870071411133,5.727166652679443,0.9745259,0.7128407736471004,0.5539145469665527,201,24.387892480813115,10846040.72747799,5.642060207572711e-09,8.004064559936523,
Swimmer-v5,0,layer,first,1.0,2.0,0.5,ok,,70fb480,zero,8.0,20,50,0.05,204,4096,204,199,201,1.0149253731343284,0.9900497512437813,first,random,0.0946712642908096,-1.5317986011505127,0.4107194244861603,0.0168609716458195,,,,,,,0.8553118109703064,1.7833343744277954,0.98836636,0.8182518260398826,0.2615666389465332,201,0.0600288499443999,6905090.038534584,2.13730572584009e-08,7.942041397094727,
Swimmer-v5,0,layer,multi,2.0,2.0,1.0,ok,,70fb480,zero,8.0,20,50,0.05,204,4096,204,199,201,1.0149253731343284,0.9900497512437813,multi,random,0.123659074306488,-1.342764377593994,0.6937016248703003,0.0168609716458195,,,,,,,1.2139383554458618,2.329763889312744,0.9918818,0.88209400010494,0.5297303199768066,201,0.0600288499443999,6905090.038534584,2.13730572584009e-08,7.973424911499023,
Reacher-v5,0,layer,first,1.0,2.0,0.5,ok,,70fb480,zero,8.0,20,50,0.05,204,4096,204,199,201,1.0149253731343284,0.9900497512437813,first,random,0.0937083810567855,-2.1033270359039307,0.0132925081998109,0.031567567059984,,,,,,,0.5622721314430237,0.0588239915668964,0.99251088,0.8238408194308797,0.2884869575500488,201,0.6149483725354986,309537.8178838663,4.8461512670086214e-08,7.965372085571289,
Reacher-v5,0,layer,multi,2.0,2.0,1.0,ok,,70fb480,zero,8.0,20,50,0.05,204,4096,204,199,201,1.0149253731343284,0.9900497512437813,multi,random,0.0947926342487335,-1.8071043491363523,0.0254018679261207,0.031567567059984,,,,,,,0.6816229224205017,0.0747885927557945,0.99385066,0.9028504797999218,0.5641343593597412,201,0.6149483725354986,309537.8178838663,4.8461512670086214e-08,7.985090255737305,
Pusher-v5,0,layer,first,1.0,2.0,0.5,ok,,70fb480,zero,8.0,20,50,0.1,409,4096,409,389,201,2.0348258706467663,1.935323383084577,first,random,0.0733880475163459,-1.3847588300704956,0.0129178427159786,0.0222109056307894,,,,,,,0.8381157517433167,1.345548152923584,0.99988244,0.8464276488289729,0.2723937034606933,200,1.8007297006104562e-30,962963543.9586726,1.4541640828755925e-07,8.00864028930664,
Pusher-v5,0,layer,multi,2.0,2.0,1.0,ok,,70fb480,zero,8.0,20,50,0.1,409,4096,409,389,201,2.0348258706467663,1.935323383084577,multi,random,0.0731270983815193,-1.3791606426239014,0.0133493989706039,0.0222109056307894,,,,,,,0.825349748134613,1.0820271968841553,0.99997756,0.8664781392009774,0.5278806686401367,200,1.8007297006104562e-30,962963543.9586726,1.4541640828755925e-07,8.00672435760498,
InvertedPendulum-v5,0,layer,first,1.0,2.0,0.5,ok,,70fb480,zero,16.0,20,50,0.05,204,4096,204,199,201,1.0149253731343284,0.9900497512437813,first,random,0.0292191710323095,-1.8939415216445925,0.0045732702128589,0.0057673471382641,,,,,,,0.1024760976433754,6.757002353668213,0.55995443,-0.2425264186421744,0.2684986591339111,201,0.0007828599453204,111651033.121733,9.92274302492324e-08,16.069284439086914,
InvertedPendulum-v5,0,layer,multi,2.0,2.0,1.0,ok,,70fb480,zero,16.0,20,50,0.05,204,4096,204,199,201,1.0149253731343284,0.9900497512437813,multi,random,0.0290195234119892,-1.8887851238250728,0.0046460828743875,0.0057673471382641,,,,,,,0.1043199896812439,-0.7322120666503906,0.7895952399999999,0.4011971029851746,0.5287871360778809,201,0.0007828599453204,111651033.121733,9.92274302492324e-08,16.039451599121094,
InvertedDoublePendulum-v5,0,layer,first,1.0,2.0,0.5,ok,,70fb480,zero,16.0,20,50,0.05,204,4096,204,199,201,1.0149253731343284,0.9900497512437813,first,random,0.0687735974788665,-1.510596513748169,0.0178872253745794,0.0054880796488396,,,,,,,2.9179208278656006,1.7991814613342283,0.99581953,0.9812924326438685,0.2523865699768066,174,1.5538851519299507e-27,1708932616.8553605,9.600032240315208e-08,15.884082794189451,
InvertedDoublePendulum-v5,0,layer,multi,2.0,2.0,1.0,ok,,70fb480,zero,16.0,20,50,0.05,204,4096,204,199,201,1.0149253731343284,0.9900497512437813,multi,random,0.0671523511409759,-1.5104202032089231,0.0192340556532144,0.0054880796488396,,,,,,,2.649101734161377,1.7953219413757324,0.995580615,0.9885561547294928,0.514742374420166,174,1.5538851519299507e-27,1708932616.8553605,9.600032240315208e-08,15.946849822998049,
Ant-v5,10,layer,first,1.0,2.0,0.5,ok,,70fb480,zero,8.0,20,50,0.1,409,4096,409,389,201,2.0348258706467663,1.935323383084577,first,random,0.5967211127281189,-2.398569107055664,0.4204683899879455,0.0245119677899959,0.7929188013076782,-0.1743505150079727,0.8692674449999999,0.8753197193145752,0.3810730278491974,0.909458305,1.8222228288650515,0.4771574437618255,0.99758074,0.6459749900876879,0.264085054397583,201,0.0108440122204273,1144451.6491283851,6.57054737039636e-07,7.981419563293457,
Ant-v5,10,layer,multi,2.0,2.0,1.0,ok,,70fb480,zero,8.0,20,50,0.1,409,4096,409,389,201,2.0348258706467663,1.935323383084577,multi,random,0.6109339594841003,-2.3859705924987797,0.5494565963745117,0.0245119677899959,0.8758788108825684,-0.2063259482383728,0.8806544250000001,0.993332862854004,0.3270140886306762,0.916456175,2.013613700866699,0.8021440505981445,0.99758391,0.7547314497406353,0.5055596828460693,201,0.0108440122204273,1144451.6491283851,6.57054737039636e-07,7.9973955154418945,
HalfCheetah-v5,10,layer,first,1.0,2.0,0.5,ok,,70fb480,zero,32.0,20,50,0.3,1228,4096,1228,1061,201,6.109452736318408,5.278606965174129,first,random,1.4033384323120115,0.8612579107284546,1.9048221111297607,0.202522314031037,2.9950883388519287,5.8971943855285645,0.752598505,4.989847183227539,1.91377592086792,0.96303229,3.862046480178833,4.04614782333374,0.97299483,0.1513209387030252,0.2716760635375976,201,10.33264165743902,6195449.463618376,1.6515205456584595e-10,32.054443359375,
HalfCheetah-v5,10,layer,multi,2.0,2.0,1.0,ok,,70fb480,zero,32.0,20,50,0.3,1228,4096,1228,1061,201,6.109452736318408,5.278606965174129,multi,random,1.4435182809829712,-0.0154007701203227,5.244975090026856,0.202522314031037,3.030972957611084,1.6499645709991455,0.8287354499999999,5.123673915863037,1.9411628246307373,0.97063686,4.10251522064209,2.3154666423797607,0.97865067,0.2765456553731158,0.5241649150848389,201,10.33264165743902,6195449.463618376,1.6515205456584595e-10,32.05396270751953,
Hopper-v5,10,layer,first,1.0,2.0,0.5,ok,,70fb480,zero,32.0,20,50,0.3,1228,4096,1228,1061,201,6.109452736318408,5.278606965174129,first,random,0.1609073430299759,-1.7206379175186155,0.0184449218213558,0.0717937190852625,0.3220235705375671,0.6843487620353699,0.847027435,0.3651554584503174,1.32084059715271,0.891949205,0.4779606759548187,0.6318193674087524,0.9335688,0.6581684294595823,0.2676360607147217,201,1.6725077237906285,3845722.731402052,1.382317519809484e-09,32.067901611328125,
Hopper-v5,10,layer,multi,2.0,2.0,1.0,ok,,70fb480,zero,32.0,20,50,0.3,1228,4096,1228,1061,201,6.109452736318408,5.278606965174129,multi,random,0.1712851822376251,-1.605583667755127,0.0294128768146038,0.0717937190852625,0.3395101130008697,0.1323057562112808,0.91337214,0.3883594572544098,0.3830332159996032,0.96039208,0.490507423877716,0.2693488895893097,0.98587712,0.6668431171404311,0.5862765312194824,201,1.6725077237906285,3845722.731402052,1.382317519809484e-09,32.060691833496094,
Humanoid-v5,10,layer,first,1.0,2.0,0.5,ok,,70fb480,zero,32.0,20,50,0.3,1228,4096,1228,1061,201,6.109452736318408,5.278606965174129,first,random,43.25141525268555,3.5458242893218994,158.1903076171875,1.790371795799853,36.70612716674805,3.592561960220337,0.54942205,30.22817039489746,3.6475751399993896,0.41855126,28.604766845703125,3.34922194480896,0.18685062,0.6988902923292895,0.3240852355957031,201,26.11831994786807,143071050.6373971,3.2893046743975166e-10,31.995851516723636,
Humanoid-v5,10,layer,multi,2.0,2.0,1.0,ok,,70fb480,zero,32.0,20,50,0.3,1228,4096,1228,1061,201,6.109452736318408,5.278606965174129,multi,random,43.245243072509766,3.527385711669922,160.40032958984375,1.790371795799853,36.66462326049805,3.5686283111572266,0.556165185,30.13541984558105,3.5963823795318604,0.4546770999999999,28.522130966186523,3.304503917694092,0.205405775,0.6978387108552289,0.657616376876831,201,26.11831994786807,143071050.6373971,3.2893046743975166e-10,32.02466583251953,
Walker2d-v5,10,layer,first,1.0,2.0,0.5,ok,,70fb480,zero,16.0,20,50,0.3,1228,4096,1228,1061,201,6.109452736318408,5.278606965174129,first,random,0.5844095945358276,-0.9459393620491028,0.3010804355144501,0.1470575700514367,,,,,,,2.71038031578064,3.523401498794556,0.99659697,0.2220386073157166,0.2826776504516601,201,3.930885414071351,653110.694999515,3.437189020288572e-07,16.0272216796875,
Walker2d-v5,10,layer,multi,2.0,2.0,1.0,ok,,70fb480,zero,16.0,20,50,0.3,1228,4096,1228,1061,201,6.109452736318408,5.278606965174129,multi,random,0.5985386371612549,-0.8341064453125,0.3483384549617767,0.1470575700514367,,,,,,,2.7149016857147217,1.8943324089050293,0.998998675,0.2659984898187829,0.5272700786590576,201,3.930885414071351,653110.694999515,3.437189020288572e-07,16.026981353759766,
HumanoidStandup-v5,10,layer,first,1.0,2.0,0.5,ok,,70fb480,zero,8.0,20,50,0.2,819,4096,819,742,201,4.074626865671642,3.691542288557214,first,random,36.95884323120117,4.978342533111572,113.62118530273438,2.363516548924527,,,,,,,55.1976318359375,6.025467872619629,0.7692295650000001,0.7839973406846773,0.3361134529113769,201,25.09805970912571,6285090.784712469,8.019526986281946e-09,7.998962879180908,
HumanoidStandup-v5,10,layer,multi,2.0,2.0,1.0,ok,,70fb480,zero,8.0,20,50,0.2,819,4096,819,742,201,4.074626865671642,3.691542288557214,multi,random,36.94210052490234,4.934764862060547,140.7977294921875,2.363516548924527,,,,,,,55.49089813232422,5.459812641143799,0.8685132600000001,0.6918399380367014,0.602893590927124,201,25.09805970912571,6285090.784712469,8.019526986281946e-09,8.006166458129883,
Swimmer-v5,10,layer,first,1.0,2.0,0.5,ok,,70fb480,zero,8.0,20,50,0.05,204,4096,204,199,201,1.0149253731343284,0.9900497512437813,first,random,0.0325487330555915,-2.20585560798645,0.0021965941414237,0.0167333724462025,,,,,,,0.5308904051780701,0.6399272680282593,0.99894451,0.6160827424520686,0.2790775299072265,201,0.0453401016018672,8292069.406281151,2.2213782758144485e-08,7.978425979614258,
Swimmer-v5,10,layer,multi,2.0,2.0,1.0,ok,,70fb480,zero,8.0,20,50,0.05,204,4096,204,199,201,1.0149253731343284,0.9900497512437813,multi,random,0.0341590717434883,-2.1379945278167725,0.0042571807280182,0.0167333724462025,,,,,,,0.516319990158081,0.6292833685874939,0.99907314,0.6279279646769309,0.5297811031341553,201,0.0453401016018672,8292069.406281151,2.2213782758144485e-08,7.995898246765137,
Reacher-v5,10,layer,first,1.0,2.0,0.5,ok,,70fb480,zero,8.0,20,50,0.05,204,4096,204,199,201,1.0149253731343284,0.9900497512437813,first,random,0.1055756732821464,-2.102276563644409,0.0148106412962079,0.0300197454951654,,,,,,,0.5380482077598572,0.2181606590747833,0.99057053,0.8546240538759321,0.2498376369476318,201,0.4801362186670146,318041.79579649214,5.4549980466341774e-08,7.968411922454834,
Reacher-v5,10,layer,multi,2.0,2.0,1.0,ok,,70fb480,zero,8.0,20,50,0.05,204,4096,204,199,201,1.0149253731343284,0.9900497512437813,multi,random,0.1075722351670265,-1.7925429344177246,0.0282710995525121,0.0300197454951654,,,,,,,0.7168462872505188,0.1313347071409225,0.99018075,0.9135300190620408,0.4965865612030029,201,0.4801362186670146,318041.79579649214,5.4549980466341774e-08,7.990890979766846,
Pusher-v5,10,layer,first,1.0,2.0,0.5,ok,,70fb480,zero,8.0,20,50,0.1,409,4096,409,389,201,2.0348258706467663,1.935323383084577,first,random,0.049050185829401,-2.780576705932617,0.0024740323424339,0.0195537512879352,,,,,,,0.7991961240768433,0.767412543296814,0.99999998,0.8739165939488963,0.2549304962158203,197,2.4105806281313313e-28,548052492.0154362,2.4804789555917106e-07,7.983318328857422,
Pusher-v5,10,layer,multi,2.0,2.0,1.0,ok,,70fb480,zero,8.0,20,50,0.1,409,4096,409,389,201,2.0348258706467663,1.935323383084577,multi,random,0.049183215945959,-2.735520362854004,0.0030462557915598,0.0195537512879352,,,,,,,0.7717602252960205,0.5569165945053101,1.0,0.8494364666656545,0.4940314292907715,197,2.4105806281313313e-28,548052492.0154362,2.4804789555917106e-07,7.998344421386719,
InvertedPendulum-v5,10,layer,first,1.0,2.0,0.5,ok,,70fb480,zero,16.0,20,50,0.05,204,4096,204,199,201,1.0149253731343284,0.9900497512437813,first,random,0.0176735315471887,-2.938239097595215,0.0003483176988083,0.006258729315201,,,,,,,0.1832044422626495,6.3092942237854,0.93961879,0.3576972066080451,0.2766885757446289,201,0.0019202798833552,40671220.23857546,1.1371851651132297e-07,16.12329864501953,
InvertedPendulum-v5,10,layer,multi,2.0,2.0,1.0,ok,,70fb480,zero,16.0,20,50,0.05,204,4096,204,199,201,1.0149253731343284,0.9900497512437813,multi,random,0.0184866581112146,-2.9169275760650635,0.0004609757452271,0.006258729315201,,,,,,,0.2153482586145401,-0.8132228255271912,0.98748405,0.8404746550717894,0.4972245693206787,201,0.0019202798833552,40671220.23857546,1.1371851651132297e-07,16.07501983642578,
InvertedDoublePendulum-v5,10,layer,first,1.0,2.0,0.5,ok,,70fb480,zero,16.0,20,50,0.05,204,4096,204,199,201,1.0149253731343284,0.9900497512437813,first,random,0.0485882684588432,-3.5862903594970703,0.0311932023614645,0.013493858236608,,,,,,,3.25954008102417,1.700668215751648,0.99520819,0.9887896400398964,0.2665271759033203,183,1.4789981172741331e-27,1533663171.4764252,9.996130769746017e-08,15.956851959228516,
InvertedDoublePendulum-v5,10,layer,multi,2.0,2.0,1.0,ok,,70fb480,zero,16.0,20,50,0.05,204,4096,204,199,201,1.0149253731343284,0.9900497512437813,multi,random,0.0524989962577819,-3.606994390487671,0.040036205202341,0.013493858236608,,,,,,,3.4703025817871094,1.8297367095947263,0.99552377,0.9877495835054958,0.5600388050079346,183,1.4789981172741331e-27,1533663171.4764252,9.996130769746017e-08,15.991796493530272,
Ant-v5,42,layer,first,1.0,2.0,0.5,ok,,70fb480,zero,8.0,20,50,0.1,409,4096,409,389,201,2.0348258706467663,1.935323383084577,first,random,0.6160980463027954,-1.9924640655517576,0.4422682821750641,0.0420993806267791,0.8983514308929443,-0.533664882183075,0.855744675,1.1758261919021606,-0.4323019683361053,0.91946672,4.395299911499023,1.7027148008346558,0.99868385,0.947051280872195,0.2880737781524658,199,2.108325194328053e-28,353101886.6673758,3.048348974228458e-07,7.991694450378418,
Ant-v5,42,layer,multi,2.0,2.0,1.0,ok,,70fb480,zero,8.0,20,50,0.1,409,4096,409,389,201,2.0348258706467663,1.935323383084577,multi,random,0.6113854050636292,-1.9903216361999512,0.5123575925827026,0.0420993806267791,0.8661919832229614,-0.2579197883605957,0.858989445,1.1180363893508911,-0.1333782821893692,0.916396585,3.809715986251831,1.0957094430923462,0.99857865,0.8858225477401702,0.5508253574371338,199,2.108325194328053e-28,353101886.6673758,3.048348974228458e-07,7.9964728355407715,
HalfCheetah-v5,42,layer,first,1.0,2.0,0.5,ok,,70fb480,zero,32.0,20,50,0.3,1228,4096,1228,1061,201,6.109452736318408,5.278606965174129,first,random,1.266492486000061,-0.3613949418067932,1.5657509565353394,0.2891586184605194,2.924638032913208,5.820760250091553,0.81538507,4.742353916168213,1.7312921285629272,0.98276337,3.807269811630249,2.0187432765960693,0.98951545,0.1838523230376263,0.3059051036834717,201,13.619045092434488,3919596.945505034,1.86378083228417e-10,32.010379791259766,
HalfCheetah-v5,42,layer,multi,2.0,2.0,1.0,ok,,70fb480,zero,32.0,20,50,0.3,1228,4096,1228,1061,201,6.109452736318408,5.278606965174129,multi,random,1.3121458292007446,-0.2799257934093475,3.828545331954956,0.2891586184605194,3.006687641143799,1.600151538848877,0.86870991,4.805299282073975,1.824827790260315,0.98146025,4.151396751403809,2.036268949508667,0.99008708,0.399450891779699,0.5391111373901367,201,13.619045092434488,3919596.945505034,1.86378083228417e-10,32.0076904296875,
Hopper-v5,42,layer,first,1.0,2.0,0.5,ok,,70fb480,zero,32.0,20,50,0.3,1228,4096,1228,1061,201,6.109452736318408,5.278606965174129,first,random,0.1917994171380996,-1.4382832050323486,0.0291473623365163,0.0640300931536189,0.3252474665641784,0.5246046781539917,0.7951546949999999,0.3651154339313507,1.0417674779891968,0.8275344000000002,0.5020389556884766,0.8356606960296631,0.8999050749999999,0.6240070312515583,0.2738733291625976,201,1.266209128757532,5906823.058116975,1.2438859035846404e-09,31.888946533203125,
Hopper-v5,42,layer,multi,2.0,2.0,1.0,ok,,70fb480,zero,32.0,20,50,0.3,1228,4096,1228,1061,201,6.109452736318408,5.278606965174129,multi,random,0.1995759010314941,-1.349833369255066,0.0547318831086158,0.0640300931536189,0.3377085924148559,0.2468813806772232,0.8783173249999999,0.3828040361404419,0.5544283390045166,0.92870298,0.5294011235237122,0.5712497234344482,0.97184206,0.6848312620944762,0.5842223167419434,201,1.266209128757532,5906823.058116975,1.2438859035846404e-09,31.94697380065918,
Humanoid-v5,42,layer,first,1.0,2.0,0.5,ok,,70fb480,zero,32.0,20,50,0.3,1228,4096,1228,1061,201,6.109452736318408,5.278606965174129,first,random,83.66104888916016,6.356795787811279,244.26107788085935,1.684250871801189,72.72593688964844,6.437201976776123,0.599580745,55.950782775878906,5.862485408782959,0.659073805,50.805423736572266,4.933677673339844,0.4019629,0.846755488883716,0.3469583988189697,201,25.082792501447145,201027530.13746205,2.481745362602239e-10,32.01335906982422,
Humanoid-v5,42,layer,multi,2.0,2.0,1.0,ok,,70fb480,zero,32.0,20,50,0.3,1228,4096,1228,1061,201,6.109452736318408,5.278606965174129,multi,random,83.66743469238281,6.323337554931641,247.43495178222656,1.684250871801189,72.7021713256836,6.343031406402588,0.60381653,55.99625778198242,5.696808338165283,0.67295945,50.78025817871094,4.7914204597473145,0.4176084049999999,0.8416533261291581,0.5750992298126221,201,25.082792501447145,201027530.13746205,2.481745362602239e-10,32.00918197631836,
Walker2d-v5,42,layer,first,1.0,2.0,0.5,ok,,70fb480,zero,16.0,20,50,0.3,1228,4096,1228,1061,201,6.109452736318408,5.278606965174129,first,random,0.6186954379081726,-0.8410064578056335,0.2906734943389892,0.1354283242985539,,,,,,,2.86877989768982,5.5214667320251465,0.98875771,0.3493325786215178,0.2661530971527099,201,4.691394745349709,517019.6323118606,3.756284905845468e-07,16.005189895629883,
Walker2d-v5,42,layer,multi,2.0,2.0,1.0,ok,,70fb480,zero,16.0,20,50,0.3,1228,4096,1228,1061,201,6.109452736318408,5.278606965174129,multi,random,0.6313387155532837,-0.7999322414398193,0.3429498076438904,0.1354283242985539,,,,,,,2.83037543296814,2.364931106567383,0.99752481,0.3282497409824364,0.5445570945739746,201,4.691394745349709,517019.6323118606,3.756284905845468e-07,16.00384521484375,
HumanoidStandup-v5,42,layer,first,1.0,2.0,0.5,ok,,70fb480,zero,8.0,20,50,0.2,819,4096,819,742,201,4.074626865671642,3.691542288557214,first,random,64.54718017578125,8.552297592163086,200.63026428222656,1.139185463886898,,,,,,,108.90196228027344,7.016956329345703,0.86099631,0.8340849860748587,0.3347358703613281,201,29.36632077209944,8783676.280313576,5.3055250778981465e-09,8.003339767456055,
HumanoidStandup-v5,42,layer,multi,2.0,2.0,1.0,ok,,70fb480,zero,8.0,20,50,0.2,819,4096,819,742,201,4.074626865671642,3.691542288557214,multi,random,64.49430084228516,8.510856628417969,228.68402099609372,1.139185463886898,,,,,,,108.90705871582033,6.294700145721436,0.916824755,0.7904459617632023,0.5553271770477295,201,29.36632077209944,8783676.280313576,5.3055250778981465e-09,8.00229549407959,
Swimmer-v5,42,layer,first,1.0,2.0,0.5,ok,,70fb480,zero,8.0,20,50,0.05,204,4096,204,199,201,1.0149253731343284,0.9900497512437813,first,random,0.0351019725203514,-1.8539146184921265,0.0082088708877563,0.0161181478823672,,,,,,,0.5887835621833801,0.736212968826294,0.99902959,0.6877037643591638,0.2619779109954834,201,0.0237489759402034,18355707.42072214,1.8831635775350027e-08,8.027556419372559,
Swimmer-v5,42,layer,multi,2.0,2.0,1.0,ok,,70fb480,zero,8.0,20,50,0.05,204,4096,204,199,201,1.0149253731343284,0.9900497512437813,multi,random,0.0362373739480972,-1.7968589067459106,0.0116568375378847,0.0161181478823672,,,,,,,0.6006880402565002,0.9023648500442504,0.99897795,0.7500552462013029,0.5402343273162842,201,0.0237489759402034,18355707.42072214,1.8831635775350027e-08,8.014403343200684,
Reacher-v5,42,layer,first,1.0,2.0,0.5,ok,,70fb480,zero,8.0,20,50,0.05,204,4096,204,199,201,1.0149253731343284,0.9900497512437813,first,random,0.0884665921330452,-2.127594232559204,0.0113503988832235,0.031008626107236,,,,,,,0.5448523759841919,0.1998160928487777,0.99161243,0.8443599422046656,3.2264976501464844,201,0.5178738807673339,320705.0764242741,5.074648859880493e-08,8.015412330627441,
Reacher-v5,42,layer,multi,2.0,2.0,1.0,ok,,70fb480,zero,8.0,20,50,0.05,204,4096,204,199,201,1.0149253731343284,0.9900497512437813,multi,random,0.0909622907638549,-1.841877102851868,0.0220764148980379,0.031008626107236,,,,,,,0.6347547173500061,0.0275935009121894,0.9905426,0.910500793341008,0.5096673965454102,201,0.5178738807673339,320705.0764242741,5.074648859880493e-08,8.008331298828125,
Pusher-v5,42,layer,first,1.0,2.0,0.5,ok,,70fb480,zero,8.0,20,50,0.1,409,4096,409,389,201,2.0348258706467663,1.935323383084577,first,random,0.0738660171627998,-1.4137462377548218,0.011670334264636,0.0230162464577293,,,,,,,0.8721489310264587,1.171373963356018,0.9999528,0.840795171585519,0.2556023597717285,198,2.3478770497010213e-30,701687194.25515,1.8885072056115977e-07,7.963639259338379,
Pusher-v5,42,layer,multi,2.0,2.0,1.0,ok,,70fb480,zero,8.0,20,50,0.1,409,4096,409,389,201,2.0348258706467663,1.935323383084577,multi,random,0.0735770538449287,-1.4095159769058228,0.0120096392929553,0.0230162464577293,,,,,,,0.8467883467674255,0.9781562685966492,0.99998457,0.8381812804589001,0.4736199378967285,198,2.3478770497010213e-30,701687194.25515,1.8885072056115977e-07,7.982444763183594,
InvertedPendulum-v5,42,layer,first,1.0,2.0,0.5,ok,,70fb480,zero,16.0,20,50,0.05,204,4096,204,199,201,1.0149253731343284,0.9900497512437813,first,random,0.0096793351694941,-3.1614990234375,0.0005393579485826,0.0047642498634897,,,,,,,0.1241375207901001,4.053372383117676,0.8828177349999999,0.3542773879199623,0.2862405776977539,201,0.0003149199355707,282338432.5811054,8.653163855081767e-08,15.968273162841797,
InvertedPendulum-v5,42,layer,multi,2.0,2.0,1.0,ok,,70fb480,zero,16.0,20,50,0.05,204,4096,204,199,201,1.0149253731343284,0.9900497512437813,multi,random,0.009764296002686,-3.147449493408203,0.0005589326028712,0.0047642498634897,,,,,,,0.1687849760055542,-0.5689360499382019,0.955106905,0.8512429674189834,0.5763273239135742,201,0.0003149199355707,282338432.5811054,8.653163855081767e-08,15.985387802124023,
InvertedDoublePendulum-v5,42,layer,first,1.0,2.0,0.5,ok,,70fb480,zero,16.0,20,50,0.05,204,4096,204,199,201,1.0149253731343284,0.9900497512437813,first,random,0.0306416731327772,-3.909165382385254,0.0407615229487419,0.0063995635754841,,,,,,,3.182818651199341,1.6919524669647217,0.9956636799999998,0.9732324626070836,0.2965741157531738,185,1.0130896350553973e-27,1906004769.7318816,7.835758117613536e-08,16.055112838745117,
InvertedDoublePendulum-v5,42,layer,multi,2.0,2.0,1.0,ok,,70fb480,zero,16.0,20,50,0.05,204,4096,204,199,201,1.0149253731343284,0.9900497512437813,multi,random,0.0237535778433084,-3.910914182662964,0.0218328516930341,0.0063995635754841,,,,,,,2.455729484558105,1.5855755805969238,0.9959148499999998,0.9689932732048396,0.6106283664703369,185,1.0130896350553973e-27,1906004769.7318816,7.835758117613536e-08,16.028806686401367,
Ant-v5,1,layer,first,1.0,2.0,0.5,ok,,70fb480,zero,8.0,20,50,0.1,409,4096,409,389,201,2.0348258706467663,1.935323383084577,first,random,0.7048683166503906,-1.975812911987305,1.0625873804092407,0.0419227863793892,1.0555751323699951,-0.4164999127388,0.8891110700000001,1.846747040748596,0.2878008484840393,0.93381965,5.658485412597656,1.0748324394226074,0.99780173,0.855121189940908,0.2875106334686279,201,0.000205685338769,75109487.47325304,3.703021164581853e-07,8.014070510864258,
Ant-v5,1,layer,multi,2.0,2.0,1.0,ok,,70fb480,zero,8.0,20,50,0.1,409,4096,409,389,201,2.0348258706467663,1.935323383084577,multi,random,0.765450119972229,-1.9144749641418457,1.7641834020614624,0.0419227863793892,1.174798607826233,0.0661151632666587,0.882941025,2.332836866378784,0.5846511125564575,0.933166945,6.968691825866699,1.6213436126708984,0.9976817,0.860591698632244,0.5477654933929443,201,0.000205685338769,75109487.47325304,3.703021164581853e-07,8.002473831176758,
HalfCheetah-v5,1,layer,first,1.0,2.0,0.5,ok,,70fb480,zero,32.0,20,50,0.3,1228,4096,1228,1061,201,6.109452736318408,5.278606965174129,first,random,1.4082926511764526,-0.138955608010292,1.9775145053863523,0.1959830858928542,3.2182416915893555,5.105117321014404,0.798681145,4.999771118164063,1.9172762632369995,0.97461669,3.884944915771485,4.029200077056885,0.9893991399999998,0.140550308264768,0.2619097232818603,201,10.473575331033306,5820319.318182538,1.6363437367414707e-10,32.08819961547852,
HalfCheetah-v5,1,layer,multi,2.0,2.0,1.0,ok,,70fb480,zero,32.0,20,50,0.3,1228,4096,1228,1061,201,6.109452736318408,5.278606965174129,multi,random,1.441600322723389,-0.080296091735363,3.407954454421997,0.1959830858928542,3.3970389366149902,1.336588978767395,0.858915795,4.949184417724609,1.797520637512207,0.98046567,4.354005336761475,2.2753982543945312,0.99221805,0.3875222680407104,0.4959433078765869,201,10.473575331033306,5820319.318182538,1.6363437367414707e-10,32.02585220336914,
Hopper-v5,1,layer,first,1.0,2.0,0.5,ok,,70fb480,zero,32.0,20,50,0.3,1228,4096,1228,1061,201,6.109452736318408,5.278606965174129,first,random,0.1666692793369293,-1.7582578659057615,0.0185249391943216,0.0652485577150712,0.3105396032333374,0.6402891874313354,0.8423355650000001,0.3691447675228119,1.0520446300506592,0.8913301299999999,0.4317777156829834,0.7581341862678528,0.94734428,0.5763214144361299,0.2852466106414795,200,1.5479896074606196e-24,78492398202.78062,1.313594276311113e-09,31.941030502319336,
Hopper-v5,1,layer,multi,2.0,2.0,1.0,ok,,70fb480,zero,32.0,20,50,0.3,1228,4096,1228,1061,201,6.109452736318408,5.278606965174129,multi,random,0.1778043955564499,-1.591559648513794,0.0323553942143917,0.0652485577150712,0.3164906799793243,-0.0381172895431518,0.90082247,0.3858686089515686,0.3224121630191803,0.94413757,0.4448976814746856,0.3554933965206146,0.97882881,0.6584626648604543,0.4955756664276123,200,1.5479896074606196e-24,78492398202.78062,1.313594276311113e-09,31.952266693115234,
Humanoid-v5,1,layer,first,1.0,2.0,0.5,ok,,70fb480,zero,32.0,20,50,0.3,1228,4096,1228,1061,201,6.109452736318408,5.278606965174129,first,random,79.46932220458984,5.185082912445068,212.2324676513672,1.737287689927165,,,,,,,45.67873764038086,4.751660346984863,0.3945873099999999,0.80601357756948,0.3292841911315918,201,25.981263014675,152536796.3432485,3.451105633492729e-10,31.994956970214844,
Humanoid-v5,1,layer,multi,2.0,2.0,1.0,ok,,70fb480,zero,32.0,20,50,0.3,1228,4096,1228,1061,201,6.109452736318408,5.278606965174129,multi,random,79.4830322265625,5.165388584136963,214.14205932617188,1.737287689927165,,,,,,,45.7322883605957,4.551217555999756,0.41927439,0.780550313461553,0.5861954689025879,201,25.981263014675,152536796.3432485,3.451105633492729e-10,31.979228973388672,
Walker2d-v5,1,layer,first,1.0,2.0,0.5,ok,,70fb480,zero,16.0,20,50,0.3,1228,4096,1228,1061,201,6.109452736318408,5.278606965174129,first,random,0.6072397232055664,-0.9700056910514832,0.3090226948261261,0.1431615542857288,,,,,,,2.781219005584717,5.346064567565918,0.99310681,0.3293961623838671,0.2635166645050049,201,1.0397292590136624,2491942.3540686625,3.476851006461066e-07,16.044099807739258,
Walker2d-v5,1,layer,multi,2.0,2.0,1.0,ok,,70fb480,zero,16.0,20,50,0.3,1228,4096,1228,1061,201,6.109452736318408,5.278606965174129,multi,random,0.6204166412353516,-0.8721237182617188,0.3568194508552551,0.1431615542857288,,,,,,,2.792588710784912,2.3311166763305664,0.99849072,0.3429819043078769,0.4921314716339111,201,1.0397292590136624,2491942.3540686625,3.476851006461066e-07,16.01292610168457,
HumanoidStandup-v5,1,layer,first,1.0,2.0,0.5,ok,,70fb480,zero,8.0,20,50,0.2,819,4096,819,742,201,4.074626865671642,3.691542288557214,first,random,77.15032196044922,11.130300521850586,330.7622985839844,1.2431156234884395,,,,,,,108.37796783447266,5.792331218719482,0.812060345,0.7470166269233715,0.3375380039215088,201,27.18161332902896,10144182.973041177,5.172788248565018e-09,7.998739242553711,
HumanoidStandup-v5,1,layer,multi,2.0,2.0,1.0,ok,,70fb480,zero,8.0,20,50,0.2,819,4096,819,742,201,4.074626865671642,3.691542288557214,multi,random,77.1416244506836,11.107898712158203,348.3603210449219,1.2431156234884395,,,,,,,104.0570297241211,5.634678840637207,0.86274468,0.6775488760595214,0.5973713397979736,201,27.18161332902896,10144182.973041177,5.172788248565018e-09,7.994807243347168,
Swimmer-v5,1,layer,first,1.0,2.0,0.5,ok,,70fb480,zero,8.0,20,50,0.05,204,4096,204,199,201,1.0149253731343284,0.9900497512437813,first,random,0.0309834033250808,-2.1272964477539062,0.0157168116420507,0.0155066856422248,,,,,,,0.5597226619720459,0.9167277216911316,0.99759856,0.4595476977668556,0.2879683971405029,201,0.0495631941895762,6946037.588064201,2.351857180801384e-08,7.933146476745605,
Swimmer-v5,1,layer,multi,2.0,2.0,1.0,ok,,70fb480,zero,8.0,20,50,0.05,204,4096,204,199,201,1.0149253731343284,0.9900497512437813,multi,random,0.0342547744512558,-2.0766077041625977,0.0175024904310703,0.0155066856422248,,,,,,,0.5577973127365112,1.089300513267517,0.99844387,0.5745174363906214,0.5203900337219238,201,0.0495631941895762,6946037.588064201,2.351857180801384e-08,7.962011337280273,
Reacher-v5,1,layer,first,1.0,2.0,0.5,ok,,70fb480,zero,8.0,20,50,0.05,204,4096,204,199,201,1.0149253731343284,0.9900497512437813,first,random,0.0842008143663406,-2.066772222518921,0.0124555500224232,0.0288169512514077,,,,,,,0.5982216000556946,0.1524572223424911,0.993841255,0.8257889617938897,0.2658040523529053,201,0.4401654422970754,440239.69391228736,4.442946573449049e-08,7.993371963500977,
Reacher-v5,1,layer,multi,2.0,2.0,1.0,ok,,70fb480,zero,8.0,20,50,0.05,204,4096,204,199,201,1.0149253731343284,0.9900497512437813,multi,random,0.0869112610816955,-1.813199639320373,0.0235425066202878,0.0288169512514077,,,,,,,0.7513378858566284,0.0908359736204147,0.99284909,0.9107177116399092,0.5142548084259033,201,0.4401654422970754,440239.69391228736,4.442946573449049e-08,7.992124557495117,
Pusher-v5,1,layer,first,1.0,2.0,0.5,ok,,70fb480,zero,8.0,20,50,0.1,409,4096,409,389,201,2.0348258706467663,1.935323383084577,first,random,0.050694040954113,-2.7018275260925293,0.002334325807169,0.0207791853569871,,,,,,,0.8073250651359558,0.8148801922798157,0.99999966,0.8820635726099282,0.2983405590057373,198,1.5409805291335662e-30,623145843.0672114,2.208176184860327e-07,7.97590970993042,
Pusher-v5,1,layer,multi,2.0,2.0,1.0,ok,,70fb480,zero,8.0,20,50,0.1,409,4096,409,389,201,2.0348258706467663,1.935323383084577,multi,random,0.0509381033480167,-2.6753385066986084,0.0028297351673245,0.0207791853569871,,,,,,,0.8053439259529114,0.632291853427887,0.99999994,0.874261444356974,0.4863283634185791,198,1.5409805291335662e-30,623145843.0672114,2.208176184860327e-07,7.983392715454102,
InvertedPendulum-v5,1,layer,first,1.0,2.0,0.5,ok,,70fb480,zero,16.0,20,50,0.05,204,4096,204,199,201,1.0149253731343284,0.9900497512437813,first,random,0.0151748163625597,-3.0043623447418213,0.0003393695515114,0.0045982633952451,,,,,,,0.0892602056264877,2.380413770675659,0.895294795,0.3849300532387649,0.2522861957550049,201,0.0005872811161167,218150678.0837246,8.472965439617337e-08,16.03191375732422,
InvertedPendulum-v5,1,layer,multi,2.0,2.0,1.0,ok,,70fb480,zero,16.0,20,50,0.05,204,4096,204,199,201,1.0149253731343284,0.9900497512437813,multi,random,0.0151051441207528,-2.988988161087036,0.0003626271209213,0.0045982633952451,,,,,,,0.1166160777211189,-0.8813167810440063,0.9573316,0.742003801528716,0.5229949951171875,201,0.0005872811161167,218150678.0837246,8.472965439617337e-08,16.006832122802734,
InvertedDoublePendulum-v5,1,layer,first,1.0,2.0,0.5,ok,,70fb480,zero,16.0,20,50,0.05,204,4096,204,199,201,1.0149253731343284,0.9900497512437813,first,random,0.0277615152299404,-2.1629137992858887,0.0039611258544027,0.0075133088337665,,,,,,,1.0043176412582395,2.248573303222656,0.99592905,0.951213420610695,0.2901322841644287,182,2.943639830772729e-28,722112045.9578708,1.9948103502067118e-07,15.866292953491213,
InvertedDoublePendulum-v5,1,layer,multi,2.0,2.0,1.0,ok,,70fb480,zero,16.0,20,50,0.05,204,4096,204,199,201,1.0149253731343284,0.9900497512437813,multi,random,0.0286790020763874,-2.1612226963043213,0.0043699736706912,0.0075133088337665,,,,,,,1.053356409072876,1.237522840499878,0.996263505,0.9580320989646914,0.4983425140380859,182,2.943639830772729e-28,722112045.9578708,1.9948103502067118e-07,15.924022674560549,
Ant-v5,2,layer,first,1.0,2.0,0.5,ok,,70fb480,zero,8.0,20,50,0.1,409,4096,409,389,201,2.0348258706467663,1.935323383084577,first,random,0.5422560572624207,-2.3760972023010254,0.4543642997741699,0.0928237227201215,0.7832841277122498,0.2372944951057434,0.8494572950000001,0.9758782982826232,0.6745669841766357,0.906101305,2.609205484390259,1.3258827924728394,0.99850398,0.8860734305839999,0.2825312614440918,201,9.9965870403034e-05,78616118.6824085,5.742779333788045e-07,8.012025833129883,
Ant-v5,2,layer,multi,2.0,2.0,1.0,ok,,70fb480,zero,8.0,20,50,0.1,409,4096,409,389,201,2.0348258706467663,1.935323383084577,multi,random,0.5924793481826782,-2.342392921447754,0.5575708746910095,0.0928237227201215,1.0219274759292605,0.1299238055944442,0.869686065,1.4302438497543335,0.5668128132820129,0.921758165,3.984025239944458,1.0822845697402954,0.99869687,0.8578210263050776,0.617905855178833,201,9.9965870403034e-05,78616118.6824085,5.742779333788045e-07,8.006834030151367,
HalfCheetah-v5,2,layer,first,1.0,2.0,0.5,ok,,70fb480,zero,32.0,20,50,0.3,1228,4096,1228,1061,201,6.109452736318408,5.278606965174129,first,random,1.2461285591125488,-0.3545064032077789,1.4321051836013794,0.2058710632597658,2.561466217041016,0.9419065117836,0.7872992749999999,4.500816822052002,3.3948025703430176,0.981930515,3.5992519855499268,4.030087471008301,0.99171422,0.1668130766556338,0.2945966720581054,201,12.25785051061077,4990250.320580636,1.6941374094631814e-10,31.98824691772461,
HalfCheetah-v5,2,layer,multi,2.0,2.0,1.0,ok,,70fb480,zero,32.0,20,50,0.3,1228,4096,1228,1061,201,6.109452736318408,5.278606965174129,multi,random,1.273066163063049,-0.2802900373935699,2.153871774673462,0.2058710632597658,2.5941872596740723,0.8081774115562439,0.8491137150000001,4.59921932220459,1.8583959341049197,0.98600502,3.966644048690796,2.136402130126953,0.99491629,0.3043959089506986,0.5230841636657715,201,12.25785051061077,4990250.320580636,1.6941374094631814e-10,31.99740982055664,
Hopper-v5,2,layer,first,1.0,2.0,0.5,ok,,70fb480,zero,32.0,20,50,0.3,1228,4096,1228,1061,201,6.109452736318408,5.278606965174129,first,random,0.1741616576910019,-1.6080772876739502,0.0261194426566362,0.0597607908130533,0.3179385066032409,0.5069591403007507,0.787134365,0.3418796956539154,0.8044136762619019,0.8406114600000001,0.4101248681545257,0.4683529138565063,0.91163248,0.4862702712699967,0.2673895359039306,201,0.6231263785386185,10636864.240117855,1.420536750186705e-09,31.889389038085938,
Hopper-v5,2,layer,multi,2.0,2.0,1.0,ok,,70fb480,zero,32.0,20,50,0.3,1228,4096,1228,1061,201,6.109452736318408,5.278606965174129,multi,random,0.1851117759943008,-1.4593966007232666,0.0420100577175617,0.0597607908130533,0.316063791513443,0.0603109449148178,0.882143155,0.3760208487510681,0.2165025174617767,0.933636225,0.430830717086792,0.2765482068061828,0.978759555,0.5625993378047446,0.4718539714813232,201,0.6231263785386185,10636864.240117855,1.420536750186705e-09,31.947982788085938,
Humanoid-v5,2,layer,first,1.0,2.0,0.5,ok,,70fb480,zero,32.0,20,50,0.3,1228,4096,1228,1061,201,6.109452736318408,5.278606965174129,first,random,75.85539245605469,5.079481601715088,251.40737915039065,2.117262926703869,,,,,,,45.6150016784668,4.281369686126709,0.27249927,0.8133618218822587,0.3291902542114258,201,28.085804689659245,168482094.07739654,2.693583918185717e-10,31.99643325805664,
Humanoid-v5,2,layer,multi,2.0,2.0,1.0,ok,,70fb480,zero,32.0,20,50,0.3,1228,4096,1228,1061,201,6.109452736318408,5.278606965174129,multi,random,75.86908721923828,5.067310333251953,285.142578125,2.117262926703869,,,,,,,45.60587310791016,4.241202831268311,0.296748605,0.7926390581365476,0.5595884323120117,201,28.085804689659245,168482094.07739654,2.693583918185717e-10,32.001502990722656,
Walker2d-v5,2,layer,first,1.0,2.0,0.5,ok,,70fb480,zero,16.0,20,50,0.3,1228,4096,1228,1061,201,6.109452736318408,5.278606965174129,first,random,0.5681312084197998,-0.9107733368873596,0.2645080685615539,0.1329145450714257,,,,,,,2.732861042022705,6.549380779266357,0.992838975,0.3584070069522205,0.272503137588501,201,3.526373462892296,859652.1545080788,3.1020930019938777e-07,15.994123458862305,
Walker2d-v5,2,layer,multi,2.0,2.0,1.0,ok,,70fb480,zero,16.0,20,50,0.3,1228,4096,1228,1061,201,6.109452736318408,5.278606965174129,multi,random,0.5858044624328613,-0.8195751905441284,0.3107173144817352,0.1329145450714257,,,,,,,2.764979362487793,2.5206844806671143,0.99864178,0.3567002269862125,0.5544013977050781,201,3.526373462892296,859652.1545080788,3.1020930019938777e-07,15.99870491027832,
HumanoidStandup-v5,2,layer,first,1.0,2.0,0.5,ok,,70fb480,zero,8.0,20,50,0.2,819,4096,819,742,201,4.074626865671642,3.691542288557214,first,random,46.135650634765625,6.62952995300293,212.1309356689453,2.112791894715832,,,,,,,99.40470123291016,5.961561679840088,0.8917366450000002,0.8277465412129151,0.3579533100128174,201,24.654720836786584,12378056.625799676,4.568010634441757e-09,7.99910831451416,
HumanoidStandup-v5,2,layer,multi,2.0,2.0,1.0,ok,,70fb480,zero,8.0,20,50,0.2,819,4096,819,742,201,4.074626865671642,3.691542288557214,multi,random,46.96881866455078,6.606821060180664,2218.8466796875,2.112791894715832,,,,,,,123.54021453857422,6.046077251434326,0.94201839,0.8043146895583857,0.6392157077789307,201,24.654720836786584,12378056.625799676,4.568010634441757e-09,8.000375747680664,
Swimmer-v5,2,layer,first,1.0,2.0,0.5,ok,,70fb480,zero,8.0,20,50,0.05,204,4096,204,199,201,1.0149253731343284,0.9900497512437813,first,random,0.0384221002459526,-1.80198335647583,0.038385797291994,0.0154364652651638,,,,,,,0.6093915700912476,1.1245968341827393,0.99354666,0.6633972537439236,0.2463860511779785,201,0.0472955443257527,8984015.492554411,1.957917633571183e-08,7.954002380371094,
Swimmer-v5,2,layer,multi,2.0,2.0,1.0,ok,,70fb480,zero,8.0,20,50,0.05,204,4096,204,199,201,1.0149253731343284,0.9900497512437813,multi,random,0.0548188909888267,-1.6781374216079712,0.116078071296215,0.0154364652651638,,,,,,,0.690919041633606,1.629993915557861,0.99193024,0.7789092292930923,0.5067811012268066,201,0.0472955443257527,8984015.492554411,1.957917633571183e-08,7.977823257446289,
Reacher-v5,2,layer,first,1.0,2.0,0.5,ok,,70fb480,zero,8.0,20,50,0.05,204,4096,204,199,201,1.0149253731343284,0.9900497512437813,first,random,0.0916064232587814,-2.1384801864624023,0.0121638476848602,0.0298709733769867,,,,,,,0.5912071466445923,0.0507538504898548,0.99322608,0.8161399055558474,0.2871279716491699,201,0.3731816610847606,485290.54552538943,4.57731794720121e-08,7.919486999511719,
Reacher-v5,2,layer,multi,2.0,2.0,1.0,ok,,70fb480,zero,8.0,20,50,0.05,204,4096,204,199,201,1.0149253731343284,0.9900497512437813,multi,random,0.0905886068940162,-1.846524000167847,0.0230184029787778,0.0298709733769867,,,,,,,0.6041086316108704,0.0690542086958885,0.99305667,0.8789373697880105,0.4939978122711181,201,0.3731816610847606,485290.54552538943,4.57731794720121e-08,7.960565567016602,
Pusher-v5,2,layer,first,1.0,2.0,0.5,ok,,70fb480,zero,8.0,20,50,0.1,409,4096,409,389,201,2.0348258706467663,1.935323383084577,first,random,0.0478915758430957,-2.847801685333252,0.0023169773630797,0.0191630003630851,,,,,,,0.8226637840270996,0.849563479423523,0.99999694,0.8567013474452938,0.2691066265106201,200,1.1125949887275273e-26,564152683.108548,2.4101661779972466e-07,7.973206520080566,
Pusher-v5,2,layer,multi,2.0,2.0,1.0,ok,,70fb480,zero,8.0,20,50,0.1,409,4096,409,389,201,2.0348258706467663,1.935323383084577,multi,random,0.0480582602322101,-2.801830291748047,0.0027993493713438,0.0191630003630851,,,,,,,0.8265386819839478,0.6844896078109741,0.99999904,0.857106044331917,0.4795162677764892,200,1.1125949887275273e-26,564152683.108548,2.4101661779972466e-07,7.987425804138184,
InvertedPendulum-v5,2,layer,first,1.0,2.0,0.5,ok,,70fb480,zero,16.0,20,50,0.05,204,4096,204,199,201,1.0149253731343284,0.9900497512437813,first,random,0.0188115518540143,-2.2627527713775635,0.0001655504893278,0.0049738121009938,,,,,,,0.0867196172475814,3.895697116851807,0.937931805,0.6396374429862122,0.2544798851013183,201,0.0008574271724736,144443874.07770228,7.745879982571922e-08,16.098722457885742,
InvertedPendulum-v5,2,layer,multi,2.0,2.0,1.0,ok,,70fb480,zero,16.0,20,50,0.05,204,4096,204,199,201,1.0149253731343284,0.9900497512437813,multi,random,0.0188297033309936,-2.4015166759490967,0.0001898789632832,0.0049738121009938,,,,,,,0.1109269931912422,-0.5380244851112366,0.978179225,0.8439390642795178,0.5338196754455566,201,0.0008574271724736,144443874.07770228,7.745879982571922e-08,16.051006317138672,
InvertedDoublePendulum-v5,2,layer,first,1.0,2.0,0.5,ok,,70fb480,zero,16.0,20,50,0.05,204,4096,204,199,201,1.0149253731343284,0.9900497512437813,first,random,0.0657309517264366,-1.4648939371109009,0.0152615970000624,0.0057504071486923,,,,,,,2.2896275520324707,1.674320101737976,0.99628839,0.9412089111037364,0.2664017677307129,189,1.1782376151866684e-27,1598766355.8108914,9.726183675847629e-08,15.908004760742188,
InvertedDoublePendulum-v5,2,layer,multi,2.0,2.0,1.0,ok,,70fb480,zero,16.0,20,50,0.05,204,4096,204,199,201,1.0149253731343284,0.9900497512437813,multi,random,0.0655681192874908,-1.466095805168152,0.0124483006075024,0.0057504071486923,,,,,,,1.7903945446014404,1.4576143026351929,0.99553261,0.9233675648992158,0.6026732921600342,189,1.1782376151866684e-27,1598766355.8108914,9.726183675847629e-08,15.955646514892578,
Ant-v5,3,layer,first,1.0,2.0,0.5,ok,,70fb480,zero,8.0,20,50,0.1,409,4096,409,389,201,2.0348258706467663,1.935323383084577,first,random,0.6923936605453491,-1.341747164726257,0.4050343334674835,0.0686861476300137,0.865312397480011,-0.5873815417289734,0.8928029599999999,1.075847864151001,-0.2593804895877838,0.92611552,3.150926351547241,0.9699920415878296,0.99878406,0.859682180151138,0.2671334743499756,197,7.037753291278268e-29,151503991.823174,5.89278129768473e-07,7.997725486755371,
Ant-v5,3,layer,multi,2.0,2.0,1.0,ok,,70fb480,zero,8.0,20,50,0.1,409,4096,409,389,201,2.0348258706467663,1.935323383084577,multi,random,0.6980266571044922,-1.2972830533981323,0.526110827922821,0.0686861476300137,0.9423505067825316,-0.3842338621616363,0.89228465,1.1182228326797483,-0.1003004908561706,0.926585675,2.797369241714477,1.2890530824661257,0.99882932,0.852833264055125,0.5890257358551025,197,7.037753291278268e-29,151503991.823174,5.89278129768473e-07,7.995323657989502,
HalfCheetah-v5,3,layer,first,1.0,2.0,0.5,ok,,70fb480,zero,32.0,20,50,0.3,1228,4096,1228,1061,201,6.109452736318408,5.278606965174129,first,random,1.3812695741653442,-0.082099825143814,1.7296873331069946,0.2177696260284371,,,,,,,3.911146640777588,3.997507333755493,0.98781014,0.1627296684152494,0.3164336681365967,201,11.38313523287412,5038911.702065101,1.7794861130214607e-10,32.077510833740234,
HalfCheetah-v5,3,layer,multi,2.0,2.0,1.0,ok,,70fb480,zero,32.0,20,50,0.3,1228,4096,1228,1061,201,6.109452736318408,5.278606965174129,multi,random,1.4195631742477417,-0.0188498087227344,3.723153591156006,0.2177696260284371,,,,,,,4.668152809143066,2.562154054641724,0.99291975,0.4918386882073378,0.5508606433868408,201,11.38313523287412,5038911.702065101,1.7794861130214607e-10,32.02459716796875,
Hopper-v5,3,layer,first,1.0,2.0,0.5,ok,,70fb480,zero,32.0,20,50,0.3,1228,4096,1228,1061,201,6.109452736318408,5.278606965174129,first,random,0.1604183465242386,-1.7619038820266724,0.0196132026612758,0.0625651001981592,,,,,,,0.4526360034942627,1.1694371700286863,0.93669954,0.6863874753662297,0.3170433044433594,201,1.572507186891794,3702988.475850784,1.5214908244827747e-09,31.99432182312012,
Hopper-v5,3,layer,multi,2.0,2.0,1.0,ok,,70fb480,zero,32.0,20,50,0.3,1228,4096,1228,1061,201,6.109452736318408,5.278606965174129,multi,random,0.1744997650384903,-1.5731130838394165,0.0339170694351196,0.0625651001981592,,,,,,,0.4697321355342865,0.531028151512146,0.98870483,0.5302723578843145,0.5808367729187012,201,1.572507186891794,3702988.475850784,1.5214908244827747e-09,31.98300552368164,
Humanoid-v5,3,layer,first,1.0,2.0,0.5,ok,,70fb480,zero,32.0,20,50,0.3,1228,4096,1228,1061,201,6.109452736318408,5.278606965174129,first,random,41.10587310791016,3.278292655944824,105.57447052001952,1.9614406939853992,,,,,,,27.60775756835937,3.455994129180908,0.241684055,0.6659381785993796,0.3664314746856689,201,35.003665258263865,89488464.57100344,3.7331841187910316e-10,32.0092658996582,
Humanoid-v5,3,layer,multi,2.0,2.0,1.0,ok,,70fb480,zero,32.0,20,50,0.3,1228,4096,1228,1061,201,6.109452736318408,5.278606965174129,multi,random,41.09181594848633,3.2688121795654297,106.83072662353516,1.9614406939853992,,,,,,,27.562908172607425,3.4060120582580566,0.254226145,0.664075346460699,0.6083652973175049,201,35.003665258263865,89488464.57100344,3.7331841187910316e-10,31.990476608276367,
Walker2d-v5,3,layer,first,1.0,2.0,0.5,ok,,70fb480,zero,16.0,20,50,0.3,1228,4096,1228,1061,201,6.109452736318408,5.278606965174129,first,random,0.5702676773071289,-1.0100311040878296,0.3001485168933868,0.1341763517826342,,,,,,,2.8408753871917725,4.749697208404541,0.99517564,0.3782301496759749,0.2728946208953857,201,4.641571431055271,468304.0768816336,4.0929237275655147e-07,16.038755416870117,
Walker2d-v5,3,layer,multi,2.0,2.0,1.0,ok,,70fb480,zero,16.0,20,50,0.3,1228,4096,1228,1061,201,6.109452736318408,5.278606965174129,multi,random,0.5846934914588928,-0.8917499780654907,0.3478134870529175,0.1341763517826342,,,,,,,2.8254101276397705,2.292562961578369,0.99870917,0.3643346237888112,0.5704689025878906,201,4.641571431055271,468304.0768816336,4.0929237275655147e-07,16.012298583984375,
HumanoidStandup-v5,3,layer,first,1.0,2.0,0.5,ok,,70fb480,zero,8.0,20,50,0.2,819,4096,819,742,201,4.074626865671642,3.691542288557214,first,random,38.73992538452149,7.05285120010376,105.87501525878906,1.374436289284621,,,,,,,83.23846435546875,9.205090522766112,0.924851285,0.7703723819369683,0.3747544288635254,201,32.694552234889855,6210510.501649932,6.195415275952284e-09,8.00231647491455,
HumanoidStandup-v5,3,layer,multi,2.0,2.0,1.0,ok,,70fb480,zero,8.0,20,50,0.2,819,4096,819,742,201,4.074626865671642,3.691542288557214,multi,random,38.75959396362305,6.98595666885376,115.77970123291016,1.374436289284621,,,,,,,85.00743103027344,6.8821539878845215,0.955871925,0.7285220701801485,0.6145048141479492,201,32.694552234889855,6210510.501649932,6.195415275952284e-09,7.997619152069092,
Swimmer-v5,3,layer,first,1.0,2.0,0.5,ok,,70fb480,zero,8.0,20,50,0.05,204,4096,204,199,201,1.0149253731343284,0.9900497512437813,first,random,0.0263073500245809,-2.298491239547729,0.0089924233034253,0.0147058127997581,,,,,,,0.5205766558647156,0.8207542896270752,0.9972902,0.5309536084019075,0.2959520816802978,201,0.0517890325265121,8891769.701801887,1.806053461577133e-08,8.025349617004395,
Swimmer-v5,3,layer,multi,2.0,2.0,1.0,ok,,70fb480,zero,8.0,20,50,0.05,204,4096,204,199,201,1.0149253731343284,0.9900497512437813,multi,random,0.030532207340002,-2.18743896484375,0.0209826063364744,0.0147058127997581,,,,,,,0.6005619764328003,1.13455331325531,0.99656287,0.6388827529204941,0.5260601043701172,201,0.0517890325265121,8891769.701801887,1.806053461577133e-08,8.009136199951172,
Reacher-v5,3,layer,first,1.0,2.0,0.5,ok,,70fb480,zero,8.0,20,50,0.05,204,4096,204,199,201,1.0149253731343284,0.9900497512437813,first,random,0.0963705852627754,-2.008685827255249,0.0144800134003162,0.0310906217458188,,,,,,,0.5725269317626953,0.3642087280750274,0.99346891,0.7283681607236816,0.2730200290679931,201,0.4844360501284522,378454.3048788959,4.5096645831504616e-08,8.071587562561035,
Reacher-v5,3,layer,multi,2.0,2.0,1.0,ok,,70fb480,zero,8.0,20,50,0.05,204,4096,204,199,201,1.0149253731343284,0.9900497512437813,multi,random,0.0979382768273353,-1.6977617740631104,0.0265823937952518,0.0310906217458188,,,,,,,0.6853005290031433,0.1178480759263038,0.99297035,0.8577644877482182,0.5534329414367676,201,0.4844360501284522,378454.3048788959,4.5096645831504616e-08,8.032255172729492,
Pusher-v5,3,layer,first,1.0,2.0,0.5,ok,,70fb480,zero,8.0,20,50,0.1,409,4096,409,389,201,2.0348258706467663,1.935323383084577,first,random,0.0482192672789096,-2.864738941192627,0.0020222230814397,0.0199013710998394,,,,,,,0.8745095729827881,0.8133236765861511,1.0,0.9271001048669074,0.2877578735351562,197,1.6175598384625306e-30,591323176.2845594,2.339574056441316e-07,8.048315048217773,
Pusher-v5,3,layer,multi,2.0,2.0,1.0,ok,,70fb480,zero,8.0,20,50,0.1,409,4096,409,389,201,2.0348258706467663,1.935323383084577,multi,random,0.0482615940272808,-2.8287038803100586,0.0025047832168638,0.0199013710998394,,,,,,,0.8348820209503174,0.6526493430137634,1.0,0.901303203195736,0.535376787185669,197,1.6175598384625306e-30,591323176.2845594,2.339574056441316e-07,8.02061939239502,
InvertedPendulum-v5,3,layer,first,1.0,2.0,0.5,ok,,70fb480,zero,16.0,20,50,0.05,204,4096,204,199,201,1.0149253731343284,0.9900497512437813,first,random,0.02820217423141,-1.980788826942444,0.0026331366971135,0.0060890678912617,,,,,,,0.1719609498977661,8.81354808807373,0.704864095,-0.174156065847128,0.2751779556274414,200,7.695729164590188e-32,1108133137.035572,1.003204088283744e-07,15.966472625732422,
InvertedPendulum-v5,3,layer,multi,2.0,2.0,1.0,ok,,70fb480,zero,16.0,20,50,0.05,204,4096,204,199,201,1.0149253731343284,0.9900497512437813,multi,random,0.0282639861106872,-1.9675776958465576,0.0027426306623965,0.0060890678912617,,,,,,,0.1899961084127426,0.1244474053382873,0.8888445099999999,0.5138104453387288,0.5106043815612793,200,7.695729164590188e-32,1108133137.035572,1.003204088283744e-07,15.976158142089844,
InvertedDoublePendulum-v5,3,layer,first,1.0,2.0,0.5,ok,,70fb480,zero,16.0,20,50,0.05,204,4096,204,199,201,1.0149253731343284,0.9900497512437813,first,random,0.0343798324465751,-2.978327751159668,0.0255045033991336,0.0063643458257801,,,,,,,2.520362377166748,1.5525152683258057,0.99556632,0.9743512670153588,0.2917900085449219,181,7.278101192044575e-28,1417286395.3142457,1.0696421779871461e-07,16.05069923400879,
InvertedDoublePendulum-v5,3,layer,multi,2.0,2.0,1.0,ok,,70fb480,zero,16.0,20,50,0.05,204,4096,204,199,201,1.0149253731343284,0.9900497512437813,multi,random,0.0306282378733158,-2.975226402282715,0.0204641353338956,0.0063643458257801,,,,,,,2.293363094329834,1.5949151515960691,0.99594072,0.9783592992395932,0.5476553440093994,181,7.278101192044575e-28,1417286395.3142457,1.0696421779871461e-07,16.018272399902344,
Ant-v5,4,layer,first,1.0,2.0,0.5,ok,,70fb480,zero,8.0,20,50,0.1,409,4096,409,389,201,2.0348258706467663,1.935323383084577,first,random,0.5891820788383484,-1.946860432624817,0.6004493832588196,0.0431469661321796,0.7675732374191284,-0.3131811320781708,0.8381442750000001,0.8818615078926086,0.1071820557117462,0.908809345,2.2724080085754395,0.9778488278388976,0.99885193,0.7867623474567044,0.3129322528839111,198,1.0369649761004866e-28,214417414.53174192,4.465377900317786e-07,8.00022029876709,
Ant-v5,4,layer,multi,2.0,2.0,1.0,ok,,70fb480,zero,8.0,20,50,0.1,409,4096,409,389,201,2.0348258706467663,1.935323383084577,multi,random,0.6111361980438232,-1.9306485652923584,0.7565507888793945,0.0431469661321796,0.8954395651817322,-0.1935300379991531,0.83646531,1.1200218200683594,0.2431179732084274,0.907832805,3.690209865570069,1.177016019821167,0.99838361,0.813026575918022,0.5452115535736084,198,1.0369649761004866e-28,214417414.53174192,4.465377900317786e-07,7.997175216674805,
HalfCheetah-v5,4,layer,first,1.0,2.0,0.5,ok,,70fb480,zero,32.0,20,50,0.3,1228,4096,1228,1061,201,6.109452736318408,5.278606965174129,first,random,1.305294156074524,-0.304330825805664,1.5371803045272827,0.1973144410396057,,,,,,,3.648705244064331,12.1033296585083,0.99044965,0.14677680277841,0.2970542907714844,201,12.7564123978176,5535058.844342263,1.5035518777626806e-10,31.953857421875,
HalfCheetah-v5,4,layer,multi,2.0,2.0,1.0,ok,,70fb480,zero,32.0,20,50,0.3,1228,4096,1228,1061,201,6.109452736318408,5.278606965174129,multi,random,1.3324180841445925,-0.2408899813890457,2.38273286819458,0.1973144410396057,,,,,,,3.992775917053223,2.921701431274414,0.99424658,0.2797439493707964,0.5306389331817627,201,12.7564123978176,5535058.844342263,1.5035518777626806e-10,31.96519088745117,
Hopper-v5,4,layer,first,1.0,2.0,0.5,ok,,70fb480,zero,32.0,20,50,0.3,1228,4096,1228,1061,201,6.109452736318408,5.278606965174129,first,random,0.1836414784193039,-1.66020929813385,0.021634941920638,0.0716837407263565,,,,,,,0.4340086281299591,0.7736324667930603,0.930811375,0.6579077981129202,0.2922568321228027,201,1.4799539752875075,4285421.094342297,1.403380137603139e-09,31.812782287597656,
Hopper-v5,4,layer,multi,2.0,2.0,1.0,ok,,70fb480,zero,32.0,20,50,0.3,1228,4096,1228,1061,201,6.109452736318408,5.278606965174129,multi,random,0.1950400322675705,-1.5287081003189087,0.0377967469394207,0.0716837407263565,,,,,,,0.5218967199325562,0.4341247677803039,0.98684349,0.6513658985532916,0.5710642337799072,201,1.4799539752875075,4285421.094342297,1.403380137603139e-09,31.894649505615234,
Humanoid-v5,4,layer,first,1.0,2.0,0.5,ok,,70fb480,zero,32.0,20,50,0.3,1228,4096,1228,1061,201,6.109452736318408,5.278606965174129,first,random,58.39570617675781,4.580432891845703,145.0664825439453,1.4367786808412022,,,,,,,35.475440979003906,4.025153160095215,0.238848555,0.8010383261596083,0.3658607006072998,201,24.33365349386697,154554398.83706775,3.2575177727767887e-10,32.00783920288086,
Humanoid-v5,4,layer,multi,2.0,2.0,1.0,ok,,70fb480,zero,32.0,20,50,0.3,1228,4096,1228,1061,201,6.109452736318408,5.278606965174129,multi,random,58.415897369384766,4.5670905113220215,146.0911407470703,1.4367786808412022,,,,,,,35.54108810424805,3.954488039016724,0.256084435,0.7974366374415434,0.5661025047302246,201,24.33365349386697,154554398.83706775,3.2575177727767887e-10,31.99217987060547,
Walker2d-v5,4,layer,first,1.0,2.0,0.5,ok,,70fb480,zero,16.0,20,50,0.3,1228,4096,1228,1061,201,6.109452736318408,5.278606965174129,first,random,0.5956369638442993,-0.9461253881454468,0.3015249967575073,0.1310361897398388,,,,,,,2.8381080627441406,6.913061618804932,0.987588105,0.3562895823314468,0.2852241992950439,201,4.280336932096291,648014.1059591767,3.336601949770853e-07,15.9769287109375,
Walker2d-v5,4,layer,multi,2.0,2.0,1.0,ok,,70fb480,zero,16.0,20,50,0.3,1228,4096,1228,1061,201,6.109452736318408,5.278606965174129,multi,random,0.60966956615448,-0.8709967732429504,0.3408431112766266,0.1310361897398388,,,,,,,2.851341962814331,2.524404287338257,0.99861805,0.3340329071743416,0.5373694896697998,201,4.280336932096291,648014.1059591767,3.336601949770853e-07,15.982595443725586,
HumanoidStandup-v5,4,layer,first,1.0,2.0,0.5,ok,,70fb480,zero,8.0,20,50,0.2,819,4096,819,742,201,4.074626865671642,3.691542288557214,first,random,20.956138610839844,2.889249324798584,45.56428527832031,1.1116251210778787,,,,,,,50.81048583984375,9.023734092712402,0.93932793,0.768350696603812,0.3312773704528808,201,25.524340469089783,6203122.034471314,7.544411705949839e-09,8.001959800720215,
HumanoidStandup-v5,4,layer,multi,2.0,2.0,1.0,ok,,70fb480,zero,8.0,20,50,0.2,819,4096,819,742,201,4.074626865671642,3.691542288557214,multi,random,20.97708511352539,2.8510804176330566,49.17642593383789,1.1116251210778787,,,,,,,52.39103698730469,6.596264362335205,0.967253685,0.7599812029014917,0.5810027122497559,201,25.524340469089783,6203122.034471314,7.544411705949839e-09,7.998044967651367,
Swimmer-v5,4,layer,first,1.0,2.0,0.5,ok,,70fb480,zero,8.0,20,50,0.05,204,4096,204,199,201,1.0149253731343284,0.9900497512437813,first,random,0.0377006120979785,-1.853482723236084,0.009106159210205,0.017052529128125,,,,,,,0.4992852807044983,0.8487113118171692,0.99887813,0.6632022165939806,0.293238878250122,201,0.0707851812790816,6120204.273910915,1.9498324269291885e-08,7.953277587890625,
Swimmer-v5,4,layer,multi,2.0,2.0,1.0,ok,,70fb480,zero,8.0,20,50,0.05,204,4096,204,199,201,1.0149253731343284,0.9900497512437813,multi,random,0.0383813716471195,-1.8207824230194087,0.0117944413796067,0.017052529128125,,,,,,,0.5612420439720154,1.0533864498138428,0.99892569,0.6710211513282246,0.6145808696746826,201,0.0707851812790816,6120204.273910915,1.9498324269291885e-08,7.973703384399414,
Reacher-v5,4,layer,first,1.0,2.0,0.5,ok,,70fb480,zero,8.0,20,50,0.05,204,4096,204,199,201,1.0149253731343284,0.9900497512437813,first,random,0.1034862026572227,-2.1023755073547363,0.0131777292117476,0.0332040774397589,,,,,,,0.5772197246551514,0.311694324016571,0.99208291,0.8168253810587042,0.2861857414245605,201,0.3740227519089312,516013.31252527895,4.4472793907438884e-08,7.932760238647461,
Reacher-v5,4,layer,multi,2.0,2.0,1.0,ok,,70fb480,zero,8.0,20,50,0.05,204,4096,204,199,201,1.0149253731343284,0.9900497512437813,multi,random,0.105068951845169,-1.8448740243911743,0.0223790500313043,0.0332040774397589,,,,,,,0.6962538957595825,0.0993154868483543,0.99203528,0.881058858940518,0.5407490730285645,201,0.3740227519089312,516013.31252527895,4.4472793907438884e-08,7.963445663452148,
Pusher-v5,4,layer,first,1.0,2.0,0.5,ok,,70fb480,zero,8.0,20,50,0.1,409,4096,409,389,201,2.0348258706467663,1.935323383084577,first,random,0.0516812466084957,-2.424332618713379,0.0037734203506261,0.020837927212348,,,,,,,0.9060459733009338,0.9119195342063904,0.9999999,0.9066232706636724,0.3150331974029541,198,2.7019904491396818e-28,388825950.4703612,3.163363457610553e-07,8.00244140625,
Pusher-v5,4,layer,multi,2.0,2.0,1.0,ok,,70fb480,zero,8.0,20,50,0.1,409,4096,409,389,201,2.0348258706467663,1.935323383084577,multi,random,0.051747303456068,-2.4002065658569336,0.0042610457167029,0.020837927212348,,,,,,,0.889815092086792,0.7143725752830505,0.99999986,0.8927727642251192,0.6137852668762207,198,2.7019904491396818e-28,388825950.4703612,3.163363457610553e-07,7.998285293579102,
InvertedPendulum-v5,4,layer,first,1.0,2.0,0.5,ok,,70fb480,zero,16.0,20,50,0.05,204,4096,204,199,201,1.0149253731343284,0.9900497512437813,first,random,0.0084746265783905,-3.2593791484832764,6.252392631722614e-05,0.0044566534855544,,,,,,,0.0729562938213348,4.591681003570557,0.95184609,0.8314878726638677,0.3058466911315918,201,0.000901172614794,157972598.1941942,7.151001874045719e-08,15.825721740722656,
InvertedPendulum-v5,4,layer,multi,2.0,2.0,1.0,ok,,70fb480,zero,16.0,20,50,0.05,204,4096,204,199,201,1.0149253731343284,0.9900497512437813,multi,random,0.0084692174568772,-3.3133654594421387,8.613754471298307e-05,0.0044566534855544,,,,,,,0.1558338105678558,-0.734908938407898,0.974227895,0.8524208770173233,0.5447168350219727,201,0.000901172614794,157972598.1941942,7.151001874045719e-08,15.906990051269531,
InvertedDoublePendulum-v5,4,layer,first,1.0,2.0,0.5,ok,,70fb480,zero,16.0,20,50,0.05,204,4096,204,199,201,1.0149253731343284,0.9900497512437813,first,random,0.0397867038846015,-2.199504852294922,0.006715727970004,0.0130241164286872,,,,,,,1.4439880847930908,1.0332001447677612,0.99481271,0.9472326912756937,0.2892682552337646,184,8.776845163596268e-28,2058823493.3147511,7.90020170864587e-08,15.90655517578125,
InvertedDoublePendulum-v5,4,layer,multi,2.0,2.0,1.0,ok,,70fb480,zero,16.0,20,50,0.05,204,4096,204,199,201,1.0149253731343284,0.9900497512437813,multi,random,0.0414990074932575,-2.1979799270629883,0.007174789905548,0.0130241164286872,,,,,,,1.4906268119812012,1.0144809484481812,0.99444834,0.9529479873040564,0.528616189956665,184,8.776845163596268e-28,2058823493.3147511,7.90020170864587e-08,15.947406768798828,
Ant-v5,5,layer,first,1.0,2.0,0.5,ok,,70fb480,zero,8.0,20,50,0.1,409,4096,409,389,201,2.0348258706467663,1.935323383084577,first,random,0.6656098365783691,-1.4902911186218262,0.4342207014560699,0.062891581601521,0.8288567662239075,-0.7527835965156555,0.88455806,1.0454938411712646,-0.5462787747383118,0.93785666,3.403411865234375,0.9375465512275696,0.99799117,0.8996842862962409,0.2707278728485107,198,1.5343396060860963e-28,288635939.32186776,3.775846037618256e-07,8.012025833129883,
Ant-v5,5,layer,multi,2.0,2.0,1.0,ok,,70fb480,zero,8.0,20,50,0.1,409,4096,409,389,201,2.0348258706467663,1.935323383084577,multi,random,0.7218623757362366,-1.4384313821792605,1.0170633792877195,0.062891581601521,0.9929819703102112,-0.4604215025901794,0.88955012,1.4264181852340698,-0.2141669988632202,0.935010405,4.999494552612305,1.323884129524231,0.998077,0.9049880926960258,0.5567271709442139,198,1.5343396060860963e-28,288635939.32186776,3.775846037618256e-07,8.010876655578613,
HalfCheetah-v5,5,layer,first,1.0,2.0,0.5,ok,,70fb480,zero,32.0,20,50,0.3,1228,4096,1228,1061,201,6.109452736318408,5.278606965174129,first,random,1.2547188997268677,-0.3160242736339569,1.554391384124756,0.2125230250372093,,,,,,,3.665369272232056,6.723748683929443,0.98960929,0.1459468147776573,0.2885282039642334,201,10.591345704400071,4452211.297341277,2.0936901741466408e-10,32.020957946777344,
HalfCheetah-v5,5,layer,multi,2.0,2.0,1.0,ok,,70fb480,zero,32.0,20,50,0.3,1228,4096,1228,1061,201,6.109452736318408,5.278606965174129,multi,random,1.2855175733566284,-0.2387791574001312,2.3698651790618896,0.2125230250372093,,,,,,,3.926179885864258,2.5703699588775635,0.99143237,0.2409148882889308,0.493863582611084,201,10.591345704400071,4452211.297341277,2.0936901741466408e-10,32.029937744140625,
Hopper-v5,5,layer,first,1.0,2.0,0.5,ok,,70fb480,zero,32.0,20,50,0.3,1228,4096,1228,1061,201,6.109452736318408,5.278606965174129,first,random,0.1690099388360977,-1.7609684467315674,0.0190016869455575,0.0603609441994758,,,,,,,0.4212855994701385,0.5690064430236816,0.953904635,0.5580710096440585,0.2707052230834961,200,1.639663757518094e-29,74483822297.8912,1.2283582679832086e-09,31.91940116882324,
Hopper-v5,5,layer,multi,2.0,2.0,1.0,ok,,70fb480,zero,32.0,20,50,0.3,1228,4096,1228,1061,201,6.109452736318408,5.278606965174129,multi,random,0.1800110191106796,-1.594084858894348,0.0304667148739099,0.0603609441994758,,,,,,,0.457083523273468,0.273382157087326,0.98965187,0.5807253423739642,0.5702588558197021,200,1.639663757518094e-29,74483822297.8912,1.2283582679832086e-09,31.979158401489254,
Humanoid-v5,5,layer,first,1.0,2.0,0.5,ok,,70fb480,zero,32.0,20,50,0.3,1228,4096,1228,1061,201,6.109452736318408,5.278606965174129,first,random,39.36759567260742,3.2632782459259038,160.0875244140625,3.243957788070426,,,,,,,27.29977798461914,3.362189054489136,0.36113744,0.6925072389098477,0.3677091598510742,201,21.63743635657273,168427272.4945471,3.4892983003530357e-10,32.014549255371094,
Humanoid-v5,5,layer,multi,2.0,2.0,1.0,ok,,70fb480,zero,32.0,20,50,0.3,1228,4096,1228,1061,201,6.109452736318408,5.278606965174129,multi,random,39.33237075805664,3.2505674362182617,163.6880645751953,3.243957788070426,,,,,,,27.243408203125,3.309460401535034,0.37760095,0.6852218427684411,0.6581182479858398,201,21.63743635657273,168427272.4945471,3.4892983003530357e-10,32.0267333984375,
Walker2d-v5,5,layer,first,1.0,2.0,0.5,ok,,70fb480,zero,16.0,20,50,0.3,1228,4096,1228,1061,201,6.109452736318408,5.278606965174129,first,random,0.5937002301216125,-1.005913019180298,0.3192169070243835,0.1528062980144461,,,,,,,2.865926504135132,6.222792148590088,0.98825344,0.4164846932818447,0.3223028182983398,201,3.85170178265177,572268.2738892114,3.9260319457681276e-07,16.010478973388672,
Walker2d-v5,5,layer,multi,2.0,2.0,1.0,ok,,70fb480,zero,16.0,20,50,0.3,1228,4096,1228,1061,201,6.109452736318408,5.278606965174129,multi,random,0.6038492918014526,-0.8923988938331604,0.3617012798786163,0.1528062980144461,,,,,,,2.83538031578064,2.5145320892333984,0.99835745,0.3802193304653339,0.6771070957183838,201,3.85170178265177,572268.2738892114,3.9260319457681276e-07,16.014968872070312,
HumanoidStandup-v5,5,layer,first,1.0,2.0,0.5,ok,,70fb480,zero,8.0,20,50,0.2,819,4096,819,742,201,4.074626865671642,3.691542288557214,first,random,37.601654052734375,4.453166484832764,202.22853088378903,1.1185192557344532,,,,,,,82.07647705078125,6.005760669708252,0.922288965,0.8322803440847908,0.3666093349456787,201,24.302624531703863,7599004.236375321,6.636420470158379e-09,8.003637313842773,
HumanoidStandup-v5,5,layer,multi,2.0,2.0,1.0,ok,,70fb480,zero,8.0,20,50,0.2,819,4096,819,742,201,4.074626865671642,3.691542288557214,multi,random,37.6412353515625,4.433006286621094,219.0146484375,1.1185192557344532,,,,,,,86.25238037109375,5.700800895690918,0.942129555,0.8326545250920392,0.6201527118682861,201,24.302624531703863,7599004.236375321,6.636420470158379e-09,8.006683349609375,
Swimmer-v5,5,layer,first,1.0,2.0,0.5,ok,,70fb480,zero,8.0,20,50,0.05,204,4096,204,199,201,1.0149253731343284,0.9900497512437813,first,random,0.1020509824156761,-0.9441759586334229,0.2493416965007782,0.014735120290923,,,,,,,1.1620739698410034,2.0220539569854736,0.993132,0.8925326714480372,0.2901020050048828,201,0.0229618690370785,20351586.115979347,1.797954576261849e-08,7.991840362548828,
Swimmer-v5,5,layer,multi,2.0,2.0,1.0,ok,,70fb480,zero,8.0,20,50,0.05,204,4096,204,199,201,1.0149253731343284,0.9900497512437813,multi,random,0.1428932845592498,-0.8366430401802063,0.6460937857627869,0.014735120290923,,,,,,,1.5500755310058594,2.2996082305908203,0.9922898300000002,0.9051785477677856,0.6612927913665771,201,0.0229618690370785,20351586.115979347,1.797954576261849e-08,8.000784873962402,
Reacher-v5,5,layer,first,1.0,2.0,0.5,ok,,70fb480,zero,8.0,20,50,0.05,204,4096,204,199,201,1.0149253731343284,0.9900497512437813,first,random,0.0743635818362236,-2.1252434253692627,0.0124201914295554,0.0301300028541235,,,,,,,0.5441999435424805,0.0385098122060298,0.994322125,0.7685134773494403,0.2837302684783935,201,0.1098307584194087,1801375.900007374,4.71293174464085e-08,7.992955207824707,
Reacher-v5,5,layer,multi,2.0,2.0,1.0,ok,,70fb480,zero,8.0,20,50,0.05,204,4096,204,199,201,1.0149253731343284,0.9900497512437813,multi,random,0.0776765346527099,-1.852826237678528,0.0237234495580196,0.0301300028541235,,,,,,,0.6632415056228638,0.0387922301888465,0.9930313,0.8916868467935435,0.593726634979248,201,0.1098307584194087,1801375.900007374,4.71293174464085e-08,8.001341819763184,
Pusher-v5,5,layer,first,1.0,2.0,0.5,ok,,70fb480,zero,8.0,20,50,0.1,409,4096,409,389,201,2.0348258706467663,1.935323383084577,first,random,0.0479759350419044,-2.522212505340576,0.0025191782042384,0.0202356010588586,,,,,,,0.8231539130210876,0.769116222858429,1.0,0.8707202463484268,0.3130552768707275,197,1.4354318964129256e-30,548484839.4605137,2.514596215404802e-07,7.993885993957519,
Pusher-v5,5,layer,multi,2.0,2.0,1.0,ok,,70fb480,zero,8.0,20,50,0.1,409,4096,409,389,201,2.0348258706467663,1.935323383084577,multi,random,0.0477934814989566,-2.513643741607666,0.0029800597112625,0.0202356010588586,,,,,,,0.8034617304801941,0.6188170313835144,1.0,0.8618981141473239,0.5432519912719727,197,1.4354318964129256e-30,548484839.4605137,2.514596215404802e-07,8.001808166503906,
InvertedPendulum-v5,5,layer,first,1.0,2.0,0.5,ok,,70fb480,zero,16.0,20,50,0.05,204,4096,204,199,201,1.0149253731343284,0.9900497512437813,first,random,0.0087516978383064,-3.0565855503082275,0.0003312153276056,0.0057583301576561,,,,,,,0.0786198824644088,2.039628028869629,0.87991325,0.5068305172588666,0.3289625644683838,201,0.0015198417889708,58324254.312817775,9.966303543345605e-08,16.1866455078125,
InvertedPendulum-v5,5,layer,multi,2.0,2.0,1.0,ok,,70fb480,zero,16.0,20,50,0.05,204,4096,204,199,201,1.0149253731343284,0.9900497512437813,multi,random,0.0085795493796467,-3.058655023574829,0.0003518887097015,0.0057583301576561,,,,,,,0.1026413813233375,-0.9434195756912231,0.94583817,0.831262321997117,0.6553370952606201,201,0.0015198417889708,58324254.312817775,9.966303543345605e-08,16.103050231933594,
InvertedDoublePendulum-v5,5,layer,first,1.0,2.0,0.5,ok,,70fb480,zero,16.0,20,50,0.05,204,4096,204,199,201,1.0149253731343284,0.9900497512437813,first,random,0.0571237467229366,-1.2022958993911743,0.0143467858433723,0.0055017111874021,,,,,,,1.2073233127593994,1.5337239503860474,0.99726851,0.9661921804848204,0.3039324283599853,181,1.6845158090370313e-27,1781183338.9074965,9.18941329242657e-08,15.983680725097656,
InvertedDoublePendulum-v5,5,layer,multi,2.0,2.0,1.0,ok,,70fb480,zero,16.0,20,50,0.05,204,4096,204,199,201,1.0149253731343284,0.9900497512437813,multi,random,0.0574442446231842,-1.2022358179092407,0.0143257789313793,0.0055017111874021,,,,,,,1.2408121824264526,1.1787264347076416,0.9974066,0.9683691939953124,0.5391290187835693,181,1.6845158090370313e-27,1781183338.9074965,9.18941329242657e-08,16.001569747924805,
Ant-v5,6,layer,first,1.0,2.0,0.5,ok,,70fb480,zero,8.0,20,50,0.1,409,4096,409,389,201,2.0348258706467663,1.935323383084577,first,random,0.5921487808227539,-1.808823585510254,0.3492738604545593,0.0326759685674585,,,,,,,2.530452251434326,0.89683997631073,0.99826664,0.8477917294180908,0.2959234714508056,197,1.361941263304902e-28,243214852.9631856,4.3254181669319853e-07,8.006024360656738,
Ant-v5,6,layer,multi,2.0,2.0,1.0,ok,,70fb480,zero,8.0,20,50,0.1,409,4096,409,389,201,2.0348258706467663,1.935323383084577,multi,random,0.6165028214454651,-1.789522647857666,0.4893330633640289,0.0326759685674585,,,,,,,3.7082059383392334,1.13044273853302,0.99847974,0.8896888241862264,0.5468630790710449,197,1.361941263304902e-28,243214852.9631856,4.3254181669319853e-07,7.9982757568359375,
HalfCheetah-v5,6,layer,first,1.0,2.0,0.5,ok,,70fb480,zero,32.0,20,50,0.3,1228,4096,1228,1061,201,6.109452736318408,5.278606965174129,first,random,1.1947346925735474,-0.3037489652633667,1.3266148567199707,0.2072007010470413,,,,,,,3.70069432258606,5.153558731079102,0.9930115399999998,0.1479442006972173,0.2922534942626953,201,12.733959151405331,3928016.0201089657,1.9761542626476422e-10,32.01559066772461,
HalfCheetah-v5,6,layer,multi,2.0,2.0,1.0,ok,,70fb480,zero,32.0,20,50,0.3,1228,4096,1228,1061,201,6.109452736318408,5.278606965174129,multi,random,1.2269797325134275,-0.2633949816226959,1.946286916732788,0.2072007010470413,,,,,,,3.9811861515045166,2.245448112487793,0.996532,0.289980097639801,0.5329291820526123,201,12.733959151405331,3928016.0201089657,1.9761542626476422e-10,31.988847732543945,
Hopper-v5,6,layer,first,1.0,2.0,0.5,ok,,70fb480,zero,32.0,20,50,0.3,1228,4096,1228,1061,201,6.109452736318408,5.278606965174129,first,random,0.1808995455503463,-1.6750119924545288,0.023039560765028,0.0616680406338815,,,,,,,0.4251063764095306,0.461247444152832,0.93187863,0.6549431374793963,0.283383846282959,201,1.0914481392380282,6033454.994198484,1.3779850631809855e-09,31.927471160888672,
Hopper-v5,6,layer,multi,2.0,2.0,1.0,ok,,70fb480,zero,32.0,20,50,0.3,1228,4096,1228,1061,201,6.109452736318408,5.278606965174129,multi,random,0.1910246312618255,-1.5228394269943235,0.0455726683139801,0.0616680406338815,,,,,,,0.7566331028938293,0.6429363489151001,0.98695614,0.8208632614220204,0.5532779693603516,201,1.0914481392380282,6033454.994198484,1.3779850631809855e-09,31.94478988647461,
Humanoid-v5,6,layer,first,1.0,2.0,0.5,ok,,70fb480,zero,32.0,20,50,0.3,1228,4096,1228,1061,201,6.109452736318408,5.278606965174129,first,random,54.821380615234375,5.22566556930542,125.88453674316406,1.6716113870038178,,,,,,,33.58881759643555,4.249510288238525,0.2168573399999999,0.7737297305194728,0.3729796409606933,201,24.63876771529984,158990515.94431755,3.380142263352958e-10,31.984363555908203,
Humanoid-v5,6,layer,multi,2.0,2.0,1.0,ok,,70fb480,zero,32.0,20,50,0.3,1228,4096,1228,1061,201,6.109452736318408,5.278606965174129,multi,random,54.81609344482422,5.211889266967773,127.12005615234376,1.6716113870038178,,,,,,,33.55503463745117,4.20952844619751,0.2277176149999999,0.772748785871625,0.6819906234741211,201,24.63876771529984,158990515.94431755,3.380142263352958e-10,31.973234176635746,
Walker2d-v5,6,layer,first,1.0,2.0,0.5,ok,,70fb480,zero,16.0,20,50,0.3,1228,4096,1228,1061,201,6.109452736318408,5.278606965174129,first,random,0.6045306324958801,-0.9427474141120912,0.3248394429683685,0.1275241701670052,,,,,,,2.9499330520629883,6.207023620605469,0.981996945,0.3515163852305457,0.3029015064239502,201,4.977786498595413,427311.74783317954,4.145577379498795e-07,16.007795333862305,
Walker2d-v5,6,layer,multi,2.0,2.0,1.0,ok,,70fb480,zero,16.0,20,50,0.3,1228,4096,1228,1061,201,6.109452736318408,5.278606965174129,multi,random,0.6169346570968628,-0.8562382459640503,0.3653765916824341,0.1275241701670052,,,,,,,2.9583005905151367,2.9371113777160645,0.9947557,0.3262974886519115,0.6758675575256348,201,4.977786498595413,427311.74783317954,4.145577379498795e-07,15.994423866271973,
HumanoidStandup-v5,6,layer,first,1.0,2.0,0.5,ok,,70fb480,zero,8.0,20,50,0.2,819,4096,819,742,201,4.074626865671642,3.691542288557214,first,random,28.63319206237793,4.683530807495117,108.79579162597656,1.0632261328543422,,,,,,,58.46910095214844,6.256163597106934,0.928989945,0.750680578593814,0.404529333114624,201,27.64756070915434,7541447.470840163,6.434408535091309e-09,7.996090888977051,
HumanoidStandup-v5,6,layer,multi,2.0,2.0,1.0,ok,,70fb480,zero,8.0,20,50,0.2,819,4096,819,742,201,4.074626865671642,3.691542288557214,multi,random,28.968191146850582,4.64675235748291,140.64906311035156,1.0632261328543422,,,,,,,61.819435119628906,5.839707851409912,0.949794685,0.7734640212232811,0.6486368179321289,201,27.64756070915434,7541447.470840163,6.434408535091309e-09,7.993308544158935,
Swimmer-v5,6,layer,first,1.0,2.0,0.5,ok,,70fb480,zero,8.0,20,50,0.05,204,4096,204,199,201,1.0149253731343284,0.9900497512437813,first,random,0.0342618003487587,-1.9775351285934448,0.0224021319299936,0.0156399069624618,,,,,,,0.5484713912010193,0.8562787771224976,0.99594822,0.6615402437752947,0.303884744644165,201,0.0403337743054493,10899449.347496212,1.8968626515216968e-08,8.074580192565918,
Swimmer-v5,6,layer,multi,2.0,2.0,1.0,ok,,70fb480,zero,8.0,20,50,0.05,204,4096,204,199,201,1.0149253731343284,0.9900497512437813,multi,random,0.0332105904817581,-1.9281331300735476,0.0217046830803155,0.0156399069624618,,,,,,,0.5676764249801636,1.0908912420272827,0.99701286,0.7225637204378049,0.5724072456359863,201,0.0403337743054493,10899449.347496212,1.8968626515216968e-08,8.032553672790527,
Reacher-v5,6,layer,first,1.0,2.0,0.5,ok,,70fb480,zero,8.0,20,50,0.05,204,4096,204,199,201,1.0149253731343284,0.9900497512437813,first,random,0.1072379425168037,-2.092338800430298,0.0118317529559135,0.0289857579276986,,,,,,,0.5696467161178589,0.1698357313871383,0.9936251800000002,0.8072314828620015,0.3101048469543457,201,0.3553953373597823,423258.5276814423,5.427920515152074e-08,7.980104446411133,
Reacher-v5,6,layer,multi,2.0,2.0,1.0,ok,,70fb480,zero,8.0,20,50,0.05,204,4096,204,199,201,1.0149253731343284,0.9900497512437813,multi,random,0.109138123691082,-1.7704037427902222,0.0254761390388011,0.0289857579276986,,,,,,,0.7025958895683289,0.1537602990865707,0.99175862,0.894137256550055,0.5304703712463379,201,0.3553953373597823,423258.5276814423,5.427920515152074e-08,7.985315322875977,
Pusher-v5,6,layer,first,1.0,2.0,0.5,ok,,70fb480,zero,8.0,20,50,0.1,409,4096,409,389,201,2.0348258706467663,1.935323383084577,first,random,0.054935835301876,-2.3839240074157715,0.003553673857823,0.022934687002528,,,,,,,0.7422608137130737,0.8523503541946411,0.99999917,0.8095305962425918,0.3078415393829345,200,2.186285816477043e-30,742471474.7632495,1.795048881554441e-07,7.981312274932861,
Pusher-v5,6,layer,multi,2.0,2.0,1.0,ok,,70fb480,zero,8.0,20,50,0.1,409,4096,409,389,201,2.0348258706467663,1.935323383084577,multi,random,0.0546943210065364,-2.375462293624878,0.0039392113685607,0.022934687002528,,,,,,,0.7095516324043274,0.6500251293182373,0.99999993,0.7948268191169595,0.5815532207489014,200,2.186285816477043e-30,742471474.7632495,1.795048881554441e-07,7.98591947555542,
InvertedPendulum-v5,6,layer,first,1.0,2.0,0.5,ok,,70fb480,zero,16.0,20,50,0.05,204,4096,204,199,201,1.0149253731343284,0.9900497512437813,first,random,0.0051877545192837,-3.382606267929077,0.0002094531228067,0.0054932914785164,,,,,,,0.0739571452140808,1.364449381828308,0.925381765,0.6571160187231028,0.3007526397705078,201,0.0019383131459341,40974249.27727608,1.1449903493611113e-07,15.953039169311523,
InvertedPendulum-v5,6,layer,multi,2.0,2.0,1.0,ok,,70fb480,zero,16.0,20,50,0.05,204,4096,204,199,201,1.0149253731343284,0.9900497512437813,multi,random,0.0053728194907307,-3.3419620990753174,0.0002343888918403,0.0054932914785164,,,,,,,0.0762704461812973,-1.2500168085098269,0.97191393,0.8564030573565997,0.5546555519104004,201,0.0019383131459341,40974249.27727608,1.1449903493611113e-07,15.967045783996582,
InvertedDoublePendulum-v5,6,layer,first,1.0,2.0,0.5,ok,,70fb480,zero,16.0,20,50,0.05,204,4096,204,199,201,1.0149253731343284,0.9900497512437813,first,random,0.0475858226418495,-2.3920228481292725,0.0544873476028442,0.0150002610187556,,,,,,,2.000676155090332,1.38175368309021,0.99296279,0.9617841743338418,0.277048110961914,175,1.5768800586118914e-27,1760682615.908619,9.236925844368079e-08,16.149160385131836,
InvertedDoublePendulum-v5,6,layer,multi,2.0,2.0,1.0,ok,,70fb480,zero,16.0,20,50,0.05,204,4096,204,199,201,1.0149253731343284,0.9900497512437813,multi,random,0.0505645796656608,-2.3969295024871826,0.0658838674426078,0.0150002610187556,,,,,,,2.030708312988281,1.3752106428146362,0.99305736,0.9543324744210508,0.5636961460113525,175,1.5768800586118914e-27,1760682615.908619,9.236925844368079e-08,16.065107345581055,
Ant-v5,7,layer,first,1.0,2.0,0.5,ok,,70fb480,zero,8.0,20,50,0.1,409,4096,409,389,201,2.0348258706467663,1.935323383084577,first,random,0.6505122184753418,-0.167635828256607,0.5505532026290894,0.0710782928377509,,,,,,,2.6711137294769287,1.0227901935577393,0.99776321,0.8971142873579082,0.3276855945587158,198,7.964058170291138e-29,160961715.96545616,5.717184139857696e-07,8.015419006347656,
Ant-v5,7,layer,multi,2.0,2.0,1.0,ok,,70fb480,zero,8.0,20,50,0.1,409,4096,409,389,201,2.0348258706467663,1.935323383084577,multi,random,0.6706579923629761,-0.0358943715691566,0.6463759541511536,0.0710782928377509,,,,,,,3.3382296562194824,1.1164923906326294,0.99815401,0.841454699810547,0.6268658638000488,198,7.964058170291138e-29,160961715.96545616,5.717184139857696e-07,8.001019477844238,
HalfCheetah-v5,7,layer,first,1.0,2.0,0.5,ok,,70fb480,zero,32.0,20,50,0.3,1228,4096,1228,1061,201,6.109452736318408,5.278606965174129,first,random,1.6607036590576172,1.716741919517517,2.3606960773468018,0.229234474208955,,,,,,,3.5542123317718506,3.336922407150269,0.92057813,0.0616186898691111,0.3055174350738525,201,11.22086681609808,4913791.817701441,1.8311822634545863e-10,31.953723907470703,
HalfCheetah-v5,7,layer,multi,2.0,2.0,1.0,ok,,70fb480,zero,32.0,20,50,0.3,1228,4096,1228,1061,201,6.109452736318408,5.278606965174129,multi,random,1.7787187099456787,0.2320480048656463,10.275802612304688,0.229234474208955,,,,,,,3.8280930519104,2.102724313735962,0.9295470299999998,0.2516775371165505,0.5959818363189697,201,11.22086681609808,4913791.817701441,1.8311822634545863e-10,31.95009994506836,
Hopper-v5,7,layer,first,1.0,2.0,0.5,ok,,70fb480,zero,32.0,20,50,0.3,1228,4096,1228,1061,201,6.109452736318408,5.278606965174129,first,random,0.173229694366455,-1.728065848350525,0.0165229067206382,0.0712570004096184,,,,,,,0.3998279273509979,0.6852312088012695,0.93595868,0.5827333276110814,0.3772153854370117,201,1.498273741826457,5076185.434809041,1.179003230555176e-09,32.156822204589844,
Hopper-v5,7,layer,multi,2.0,2.0,1.0,ok,,70fb480,zero,32.0,20,50,0.3,1228,4096,1228,1061,201,6.109452736318408,5.278606965174129,multi,random,0.1856012642383575,-1.5744556188583374,0.0451357774436473,0.0712570004096184,,,,,,,0.4358940422534942,0.2441490888595581,0.9778438,0.4723612202458634,0.5673940181732178,201,1.498273741826457,5076185.434809041,1.179003230555176e-09,32.0516471862793,
Humanoid-v5,7,layer,first,1.0,2.0,0.5,ok,,70fb480,zero,32.0,20,50,0.3,1228,4096,1228,1061,201,6.109452736318408,5.278606965174129,first,random,72.352783203125,5.853808403015137,133.73519897460938,1.502678899153582,,,,,,,40.63923263549805,4.416050910949707,0.398311875,0.7722863758481312,0.3755116462707519,201,30.451986014904627,102173618.99567686,4.0271976903673524e-10,31.99298858642578,
Humanoid-v5,7,layer,multi,2.0,2.0,1.0,ok,,70fb480,zero,32.0,20,50,0.3,1228,4096,1228,1061,201,6.109452736318408,5.278606965174129,multi,random,72.35095977783203,5.794226169586182,135.4962921142578,1.502678899153582,,,,,,,40.54227066040039,4.274755477905273,0.409805835,0.7721796333044293,0.6342566013336182,201,30.451986014904627,102173618.99567686,4.0271976903673524e-10,31.969730377197266,
Walker2d-v5,7,layer,first,1.0,2.0,0.5,ok,,70fb480,zero,16.0,20,50,0.3,1228,4096,1228,1061,201,6.109452736318408,5.278606965174129,first,random,0.5716771483421326,-0.987678289413452,0.2813636064529419,0.1377771698392969,,,,,,,2.7903382778167725,5.684516429901123,0.99247471,0.3610396307928949,0.28902268409729,201,4.797713157386173,548932.4330286831,3.335559552112957e-07,15.976861953735352,
Walker2d-v5,7,layer,multi,2.0,2.0,1.0,ok,,70fb480,zero,16.0,20,50,0.3,1228,4096,1228,1061,201,6.109452736318408,5.278606965174129,multi,random,0.5822586417198181,-0.8995303511619568,0.3230310082435608,0.1377771698392969,,,,,,,2.777254343032837,2.215294122695923,0.99835599,0.3523103359122741,0.5630922317504883,201,4.797713157386173,548932.4330286831,3.335559552112957e-07,15.97504997253418,
HumanoidStandup-v5,7,layer,first,1.0,2.0,0.5,ok,,70fb480,zero,8.0,20,50,0.2,819,4096,819,742,201,4.074626865671642,3.691542288557214,first,random,23.004444122314453,3.6312685012817374,108.03440856933594,1.396332784760965,,,,,,,45.47991561889648,6.784295558929443,0.80798306,0.6043388555912016,0.3450767993927002,201,32.044294490038155,6091623.137792794,6.5001472337006534e-09,7.998247146606445,
HumanoidStandup-v5,7,layer,multi,2.0,2.0,1.0,ok,,70fb480,zero,8.0,20,50,0.2,819,4096,819,742,201,4.074626865671642,3.691542288557214,multi,random,23.05708122253418,3.604591369628906,150.58006286621094,1.396332784760965,,,,,,,44.96124267578125,5.731206893920898,0.8998491550000001,0.6454817766108177,0.6521973609924316,201,32.044294490038155,6091623.137792794,6.5001472337006534e-09,7.992432594299316,
Swimmer-v5,7,layer,first,1.0,2.0,0.5,ok,,70fb480,zero,8.0,20,50,0.05,204,4096,204,199,201,1.0149253731343284,0.9900497512437813,first,random,0.0254219900816679,-2.339044570922852,0.0036160636227577,0.0160086518121072,,,,,,,0.5158579349517822,0.577436089515686,0.99890828,0.6993200080753961,0.3092298507690429,201,0.0460503616872407,8582408.452571439,2.0993851228689378e-08,8.029975891113281,
Swimmer-v5,7,layer,multi,2.0,2.0,1.0,ok,,70fb480,zero,8.0,20,50,0.05,204,4096,204,199,201,1.0149253731343284,0.9900497512437813,multi,random,0.0258274152874946,-2.228806495666504,0.0053401137702167,0.0160086518121072,,,,,,,0.5187740325927734,0.6753040552139282,0.99917684,0.6885954834080864,0.5426278114318848,201,0.0460503616872407,8582408.452571439,2.0993851228689378e-08,8.008296966552734,
Reacher-v5,7,layer,first,1.0,2.0,0.5,ok,,70fb480,zero,8.0,20,50,0.05,204,4096,204,199,201,1.0149253731343284,0.9900497512437813,first,random,0.0862138569355011,-2.145981311798096,0.0116947507485747,0.0293249670075931,,,,,,,0.534503161907196,0.0207718946039676,0.99475211,0.7549045724253104,0.3113048076629638,201,0.5713783170728207,371355.7805857246,4.4377275940400614e-08,7.966905117034912,
Reacher-v5,7,layer,multi,2.0,2.0,1.0,ok,,70fb480,zero,8.0,20,50,0.05,204,4096,204,199,201,1.0149253731343284,0.9900497512437813,multi,random,0.0880898758769035,-1.8819265365600584,0.0218553319573402,0.0293249670075931,,,,,,,0.6823229789733887,0.089608296751976,0.99394294,0.8839775742970796,0.5601797103881836,201,0.5713783170728207,371355.7805857246,4.4377275940400614e-08,7.976761817932129,
Pusher-v5,7,layer,first,1.0,2.0,0.5,ok,,70fb480,zero,8.0,20,50,0.1,409,4096,409,389,201,2.0348258706467663,1.935323383084577,first,random,0.0605565458536148,-0.5803585648536682,0.0028766677714884,0.0224342105664614,,,,,,,0.7996461391448975,0.7709693908691406,0.99999998,0.8881052656677099,0.304391860961914,198,1.698421124552494e-30,632574056.4219564,2.1783162967203802e-07,8.01274299621582,
Pusher-v5,7,layer,multi,2.0,2.0,1.0,ok,,70fb480,zero,8.0,20,50,0.1,409,4096,409,389,201,2.0348258706467663,1.935323383084577,multi,random,0.0604569129645824,-0.6423836946487427,0.0033007506281137,0.0224342105664614,,,,,,,0.7668476104736328,0.5868701338768005,0.99999653,0.8640539132234999,0.6206836700439453,198,1.698421124552494e-30,632574056.4219564,2.1783162967203802e-07,7.99968147277832,
InvertedPendulum-v5,7,layer,first,1.0,2.0,0.5,ok,,70fb480,zero,16.0,20,50,0.05,204,4096,204,199,201,1.0149253731343284,0.9900497512437813,first,random,0.0083604408428072,-3.356192111968994,0.0002355249307584,0.0071293738366861,,,,,,,0.0680785477161407,-0.6385943293571472,0.97472249,0.6428165653521656,0.3100922107696533,201,0.0025619924360585,30739428.43569865,1.2000129915371566e-07,16.04203987121582,
InvertedPendulum-v5,7,layer,multi,2.0,2.0,1.0,ok,,70fb480,zero,16.0,20,50,0.05,204,4096,204,199,201,1.0149253731343284,0.9900497512437813,multi,random,0.0083577586337924,-3.263057947158813,0.0003417675907257,0.0071293738366861,,,,,,,0.0711481869220733,-1.3888542652130127,0.98690298,0.8790297643042088,0.5677745342254639,201,0.0025619924360585,30739428.43569865,1.2000129915371566e-07,16.007638931274414,
InvertedDoublePendulum-v5,7,layer,first,1.0,2.0,0.5,ok,,70fb480,zero,16.0,20,50,0.05,204,4096,204,199,201,1.0149253731343284,0.9900497512437813,first,random,0.0807282328605651,-2.3945798873901367,0.204161986708641,0.007158479469842,,,,,,,4.536888122558594,2.1143081188201904,0.99411374,0.9788587267075236,0.32448410987854,184,1.6603843522528315e-27,1732917067.03983,9.148193649817739e-08,16.059951782226562,
InvertedDoublePendulum-v5,7,layer,multi,2.0,2.0,1.0,ok,,70fb480,zero,16.0,20,50,0.05,204,4096,204,199,201,1.0149253731343284,0.9900497512437813,multi,random,0.0958107560873031,-2.3977761268615723,0.2872430384159088,0.007158479469842,,,,,,,5.438327789306641,2.1496877670288086,0.99453789,0.9772421666682852,0.6801493167877197,184,1.6603843522528315e-27,1732917067.03983,9.148193649817739e-08,16.01659393310547,
Ant-v5,8,layer,first,1.0,2.0,0.5,ok,,70fb480,zero,8.0,20,50,0.1,409,4096,409,389,201,2.0348258706467663,1.935323383084577,first,random,0.5420247912406921,-2.196826696395874,0.4093337655067444,0.0377312805352536,,,,,,,1.892263889312744,1.1417540311813354,0.99812967,0.7366422468647316,0.3253986835479736,197,1.0589145695216295e-28,174118262.02635464,5.489646790302776e-07,7.997660160064697,
Ant-v5,8,layer,multi,2.0,2.0,1.0,ok,,70fb480,zero,8.0,20,50,0.1,409,4096,409,389,201,2.0348258706467663,1.935323383084577,multi,random,0.562578022480011,-2.1230857372283936,0.5517441034317017,0.0377312805352536,,,,,,,2.6721608638763428,0.9121728539466858,0.99798474,0.8237699671380562,0.5549499988555908,197,1.0589145695216295e-28,174118262.02635464,5.489646790302776e-07,8.002767562866211,
HalfCheetah-v5,8,layer,first,1.0,2.0,0.5,ok,,70fb480,zero,32.0,20,50,0.3,1228,4096,1228,1061,201,6.109452736318408,5.278606965174129,first,random,1.3253260850906372,-0.3074299395084381,1.5539010763168335,0.3020486257709285,,,,,,,3.19982385635376,1.345603346824646,0.982955295,0.0259051300997507,0.3119161128997803,201,22.72934323169142,2342444.027465384,1.88777702600187e-10,31.91179656982422,
HalfCheetah-v5,8,layer,multi,2.0,2.0,1.0,ok,,70fb480,zero,32.0,20,50,0.3,1228,4096,1228,1061,201,6.109452736318408,5.278606965174129,multi,random,1.3593530654907229,-0.2071645706892013,2.334287405014038,0.3020486257709285,,,,,,,3.2651491165161133,1.3967715501785278,0.978962085,0.0574771404474611,0.6083965301513672,201,22.72934323169142,2342444.027465384,1.88777702600187e-10,31.97164726257324,
Hopper-v5,8,layer,first,1.0,2.0,0.5,ok,,70fb480,zero,32.0,20,50,0.3,1228,4096,1228,1061,201,6.109452736318408,5.278606965174129,first,random,0.1709638684988021,-1.722514271736145,0.0201695282012224,0.0611313668862398,,,,,,,0.4490455985069275,0.8371580839157104,0.93240841,0.648037166090148,0.2929401397705078,201,0.2076686788544955,35406497.182163894,1.317285088154099e-09,32.18802261352539,
Hopper-v5,8,layer,multi,2.0,2.0,1.0,ok,,70fb480,zero,32.0,20,50,0.3,1228,4096,1228,1061,201,6.109452736318408,5.278606965174129,multi,random,0.1794151365756988,-1.5519750118255615,0.0337628573179245,0.0611313668862398,,,,,,,0.4581711888313293,0.2638061046600342,0.98609007,0.5893269874985738,0.6201510429382324,201,0.2076686788544955,35406497.182163894,1.317285088154099e-09,32.10976028442383,
Humanoid-v5,8,layer,first,1.0,2.0,0.5,ok,,70fb480,zero,32.0,20,50,0.3,1228,4096,1228,1061,201,6.109452736318408,5.278606965174129,first,random,71.28244018554688,5.317862987518311,267.3873596191406,2.522375493521646,,,,,,,44.630126953125,4.437745094299316,0.33440531,0.8375183135538464,0.3730838298797607,201,31.41922003635875,159070108.98862,2.6786012451921237e-10,32.035003662109375,
Humanoid-v5,8,layer,multi,2.0,2.0,1.0,ok,,70fb480,zero,32.0,20,50,0.3,1228,4096,1228,1061,201,6.109452736318408,5.278606965174129,multi,random,71.2919921875,5.306201457977295,270.3108825683594,2.522375493521646,,,,,,,44.63127899169922,4.400150299072266,0.34303081,0.8319489104929766,0.6784679889678955,201,31.41922003635875,159070108.98862,2.6786012451921237e-10,32.03324890136719,
Walker2d-v5,8,layer,first,1.0,2.0,0.5,ok,,70fb480,zero,16.0,20,50,0.3,1228,4096,1228,1061,201,6.109452736318408,5.278606965174129,first,random,0.6146830916404724,-0.9060917496681212,0.2993647456169128,0.1366993656932907,,,,,,,2.993589162826538,6.706609725952148,0.99477062,0.3701308566926398,0.2938592433929443,201,3.16182434491935,869736.0113193019,3.2813959805365e-07,15.95589828491211,
Walker2d-v5,8,layer,multi,2.0,2.0,1.0,ok,,70fb480,zero,16.0,20,50,0.3,1228,4096,1228,1061,201,6.109452736318408,5.278606965174129,multi,random,0.6249405145645142,-0.8225356936454773,0.34636390209198,0.1366993656932907,,,,,,,2.9445314407348637,2.4892091751098637,0.998826975,0.3117004849650048,0.6354117393493652,201,3.16182434491935,869736.0113193019,3.2813959805365e-07,15.98582363128662,
HumanoidStandup-v5,8,layer,first,1.0,2.0,0.5,ok,,70fb480,zero,8.0,20,50,0.2,819,4096,819,742,201,4.074626865671642,3.691542288557214,first,random,49.6494369506836,7.390702247619629,226.4549560546875,1.2282122145357055,,,,,,,120.00609588623048,6.466334819793701,0.947028925,0.8728086794511789,0.3767809867858886,201,22.153966424089123,12975523.992492637,5.030186170914252e-09,8.008750915527344,
HumanoidStandup-v5,8,layer,multi,2.0,2.0,1.0,ok,,70fb480,zero,8.0,20,50,0.2,819,4096,819,742,201,4.074626865671642,3.691542288557214,multi,random,49.36787796020508,7.357837200164795,356.5613098144531,1.2282122145357055,,,,,,,117.43817138671876,5.840672492980957,0.96801677,0.7337638062798394,0.632390022277832,201,22.153966424089123,12975523.992492637,5.030186170914252e-09,8.008312225341797,
Swimmer-v5,8,layer,first,1.0,2.0,0.5,ok,,70fb480,zero,8.0,20,50,0.05,204,4096,204,199,201,1.0149253731343284,0.9900497512437813,first,random,0.0431834757328033,-1.9748378992080688,0.009766973555088,0.0173157497963699,,,,,,,0.5164749026298523,0.7966976165771484,0.99652933,0.4798844641711635,0.3048443794250488,201,0.031323630855322,14259261.487133712,1.9249242318216484e-08,8.015631675720215,
Swimmer-v5,8,layer,multi,2.0,2.0,1.0,ok,,70fb480,zero,8.0,20,50,0.05,204,4096,204,199,201,1.0149253731343284,0.9900497512437813,multi,random,0.0428190268576145,-1.9255975484848025,0.0115293702110648,0.0173157497963699,,,,,,,0.5174196362495422,1.0044633150100708,0.99731648,0.5686812393956365,0.5836601257324219,201,0.031323630855322,14259261.487133712,1.9249242318216484e-08,8.01175308227539,
Reacher-v5,8,layer,first,1.0,2.0,0.5,ok,,70fb480,zero,8.0,20,50,0.05,204,4096,204,199,201,1.0149253731343284,0.9900497512437813,first,random,0.0884885713458061,-2.1036853790283203,0.0131201725453138,0.0287014378122586,,,,,,,0.5353482365608215,0.23879374563694,0.99383547,0.7464529665432478,0.2837138175964355,201,0.3890966774257645,436973.7644695606,5.3421789297312776e-08,7.984766960144043,
Reacher-v5,8,layer,multi,2.0,2.0,1.0,ok,,70fb480,zero,8.0,20,50,0.05,204,4096,204,199,201,1.0149253731343284,0.9900497512437813,multi,random,0.0906077325344085,-1.8189083337783811,0.0231718551367521,0.0287014378122586,,,,,,,0.6260451674461365,0.1364981085062027,0.993763575,0.8432612695071425,0.5967695713043213,201,0.3890966774257645,436973.7644695606,5.3421789297312776e-08,7.996320724487305,
Pusher-v5,8,layer,first,1.0,2.0,0.5,ok,,70fb480,zero,8.0,20,50,0.1,409,4096,409,389,201,2.0348258706467663,1.935323383084577,first,random,0.054120160639286,-2.4823343753814697,0.0030215978622436,0.0256041222653193,,,,,,,0.9018899202346802,0.9471707940101624,0.99999962,0.8994208389136996,0.2989683151245117,199,6.957692392262847e-31,502805182.5243405,2.632343788575279e-07,8.032970428466797,
Pusher-v5,8,layer,multi,2.0,2.0,1.0,ok,,70fb480,zero,8.0,20,50,0.1,409,4096,409,389,201,2.0348258706467663,1.935323383084577,multi,random,0.0539059713482856,-2.477503538131714,0.0035579556133598,0.0256041222653193,,,,,,,0.8273622393608093,0.7335636019706726,0.99999987,0.8669508443945126,0.5772113800048828,199,6.957692392262847e-31,502805182.5243405,2.632343788575279e-07,8.02042293548584,
InvertedPendulum-v5,8,layer,first,1.0,2.0,0.5,ok,,70fb480,zero,16.0,20,50,0.05,204,4096,204,199,201,1.0149253731343284,0.9900497512437813,first,random,0.0084645226597785,-3.3309521675109863,0.0002097505930578,0.007637814043747,,,,,,,0.0948788076639175,2.493438005447388,0.979580465,0.8018051429348623,0.3005769252777099,199,6.170857060320067e-32,1183950846.8970826,1.078833544076434e-07,15.979394912719728,
InvertedPendulum-v5,8,layer,multi,2.0,2.0,1.0,ok,,70fb480,zero,16.0,20,50,0.05,204,4096,204,199,201,1.0149253731343284,0.9900497512437813,multi,random,0.0085890972986817,-3.250347852706909,0.0002963597362395,0.007637814043747,,,,,,,0.0944210141897201,-0.972776174545288,0.98622406,0.8339801506308054,0.5218760967254639,199,6.170857060320067e-32,1183950846.8970826,1.078833544076434e-07,15.99757194519043,
InvertedDoublePendulum-v5,8,layer,first,1.0,2.0,0.5,ok,,70fb480,zero,16.0,20,50,0.05,204,4096,204,199,201,1.0149253731343284,0.9900497512437813,first,random,0.0359384082257747,-2.253328561782837,0.0233077555894851,0.0098032114506904,,,,,,,2.068967342376709,1.5554187297821045,0.99509027,0.970321495828126,0.2898392677307129,184,1.7368126707591544e-27,1934527312.121766,8.65852382708829e-08,16.03126335144043,
InvertedDoublePendulum-v5,8,layer,multi,2.0,2.0,1.0,ok,,70fb480,zero,16.0,20,50,0.05,204,4096,204,199,201,1.0149253731343284,0.9900497512437813,multi,random,0.0370518900454044,-2.2577905654907227,0.0235358066856861,0.0098032114506904,,,,,,,1.9940069913864136,1.3633289337158203,0.99560846,0.9734006600929268,0.5393028259277344,184,1.7368126707591544e-27,1934527312.121766,8.65852382708829e-08,16.02350616455078,
Ant-v5,9,layer,first,1.0,2.0,0.5,ok,,70fb480,zero,8.0,20,50,0.1,409,4096,409,389,201,2.0348258706467663,1.935323383084577,first,random,0.6903461813926697,-1.0260727405548096,0.5038390755653381,0.1537993116466406,,,,,,,4.59423303604126,1.417035698890686,0.99706996,0.9496454988970018,0.3337428569793701,198,9.628897317678408e-28,1065206396.213631,1.467661740725661e-07,7.996064186096191,
Ant-v5,9,layer,multi,2.0,2.0,1.0,ok,,70fb480,zero,8.0,20,50,0.1,409,4096,409,389,201,2.0348258706467663,1.935323383084577,multi,random,0.6100152134895325,-1.2211707830429075,0.4541950523853302,0.1537993116466406,,,,,,,2.3336615562438965,1.073073387145996,0.99706298,0.8425970881955542,0.6415133476257324,198,9.628897317678408e-28,1065206396.213631,1.467661740725661e-07,8.00851821899414,
HalfCheetah-v5,9,layer,first,1.0,2.0,0.5,ok,,70fb480,zero,32.0,20,50,0.3,1228,4096,1228,1061,201,6.109452736318408,5.278606965174129,first,random,1.1635462045669556,-0.3996723890304565,1.3919469118118286,0.2127408250258175,,,,,,,3.775823593139648,2.504472494125366,0.99649022,0.2541131620374186,0.3240721225738525,201,14.17312147801572,4616568.603075683,1.6122836528716868e-10,31.8624324798584,
HalfCheetah-v5,9,layer,multi,2.0,2.0,1.0,ok,,70fb480,zero,32.0,20,50,0.3,1228,4096,1228,1061,201,6.109452736318408,5.278606965174129,multi,random,1.185368537902832,-0.3219799399375915,1.8275691270828247,0.2127408250258175,,,,,,,3.814575910568237,2.091680765151977,0.995906535,0.1847793608365653,0.5680780410766602,201,14.17312147801572,4616568.603075683,1.6122836528716868e-10,31.973159790039062,
Hopper-v5,9,layer,first,1.0,2.0,0.5,ok,,70fb480,zero,32.0,20,50,0.3,1228,4096,1228,1061,201,6.109452736318408,5.278606965174129,first,random,0.1627037823200225,-1.7525267601013184,0.0218101032078266,0.068479250556085,,,,,,,0.431259423494339,0.4783383905887604,0.92198637,0.5801604837408263,0.3146884441375732,201,1.7731745317353695,3929800.7258121953,1.2984630534534998e-09,31.815582275390625,
Hopper-v5,9,layer,multi,2.0,2.0,1.0,ok,,70fb480,zero,32.0,20,50,0.3,1228,4096,1228,1061,201,6.109452736318408,5.278606965174129,multi,random,0.1747636795043945,-1.576114296913147,0.0325437784194946,0.068479250556085,,,,,,,0.4256380200386047,0.2000634670257568,0.98363534,0.6187865417372909,0.6263036727905273,201,1.7731745317353695,3929800.7258121953,1.2984630534534998e-09,31.94973564147949,
Humanoid-v5,9,layer,first,1.0,2.0,0.5,ok,,70fb480,zero,32.0,20,50,0.3,1228,4096,1228,1061,201,6.109452736318408,5.278606965174129,first,random,83.33102416992188,5.532822608947754,218.5338592529297,1.4473848587736935,,,,,,,51.9481201171875,4.41780948638916,0.399686455,0.8569902683016156,0.4223089218139648,201,21.507877207373884,203705453.58044428,3.0135918499927836e-10,31.91712951660156,
Humanoid-v5,9,layer,multi,2.0,2.0,1.0,ok,,70fb480,zero,32.0,20,50,0.3,1228,4096,1228,1061,201,6.109452736318408,5.278606965174129,multi,random,83.36542510986328,5.5121378898620605,223.2188720703125,1.4473848587736935,,,,,,,51.86767959594727,4.312168598175049,0.42618156,0.8250016377374413,0.683168888092041,201,21.507877207373884,203705453.58044428,3.0135918499927836e-10,32.00050735473633,
Walker2d-v5,9,layer,first,1.0,2.0,0.5,ok,,70fb480,zero,16.0,20,50,0.3,1228,4096,1228,1061,201,6.109452736318408,5.278606965174129,first,random,0.6177939176559448,-0.8640303611755371,0.2681334316730499,0.1414609708817386,,,,,,,2.7722952365875244,5.01816463470459,0.9921227,0.3471612941198618,0.290477991104126,201,4.779482750621768,605029.2349989003,3.289406841079012e-07,15.9312162399292,
Walker2d-v5,9,layer,multi,2.0,2.0,1.0,ok,,70fb480,zero,16.0,20,50,0.3,1228,4096,1228,1061,201,6.109452736318408,5.278606965174129,multi,random,0.6291545033454895,-0.8160094022750854,0.3291342258453369,0.1414609708817386,,,,,,,2.773913860321045,2.134809732437134,0.99695278,0.3422016800810966,0.5768465995788574,201,4.779482750621768,605029.2349989003,3.289406841079012e-07,15.986579895019531,
HumanoidStandup-v5,9,layer,first,1.0,2.0,0.5,ok,,70fb480,zero,8.0,20,50,0.2,819,4096,819,742,201,4.074626865671642,3.691542288557214,first,random,21.20185089111328,3.277611255645752,67.93340301513672,1.087351791563466,,,,,,,44.15676498413086,7.266495704650879,0.89118906,0.6391400471771527,0.3484687805175781,201,23.68173548673784,11211273.978490517,5.197517002393836e-09,7.979282379150391,
HumanoidStandup-v5,9,layer,multi,2.0,2.0,1.0,ok,,70fb480,zero,8.0,20,50,0.2,819,4096,819,742,201,4.074626865671642,3.691542288557214,multi,random,21.28810310363769,3.259793281555176,113.4817352294922,1.087351791563466,,,,,,,46.89655685424805,5.886361122131348,0.94424693,0.6412319047322428,0.6098682880401611,201,23.68173548673784,11211273.978490517,5.197517002393836e-09,8.000126838684082,
Swimmer-v5,9,layer,first,1.0,2.0,0.5,ok,,70fb480,zero,8.0,20,50,0.05,204,4096,204,199,201,1.0149253731343284,0.9900497512437813,first,random,0.0584587901830673,-1.6825616359710691,0.1336818784475326,0.0155362965353143,,,,,,,1.297196865081787,1.6977860927581787,0.98519145,0.907621944840388,0.3166799545288086,201,0.0402628875768276,10781378.022380766,1.933589706837465e-08,8.005297660827637,
Swimmer-v5,9,layer,multi,2.0,2.0,1.0,ok,,70fb480,zero,8.0,20,50,0.05,204,4096,204,199,201,1.0149253731343284,0.9900497512437813,multi,random,0.0426548905670642,-1.728193759918213,0.0482366941869258,0.0155362965353143,,,,,,,0.689134955406189,1.33384370803833,0.99258231,0.6909289327514349,0.5750172138214111,201,0.0402628875768276,10781378.022380766,1.933589706837465e-08,8.013134956359863,
Reacher-v5,9,layer,first,1.0,2.0,0.5,ok,,70fb480,zero,8.0,20,50,0.05,204,4096,204,199,201,1.0149253731343284,0.9900497512437813,first,random,0.0784755870699882,-2.1412429809570312,0.0104413209483027,0.0333742212465212,,,,,,,0.5426123142242432,0.0855241790413856,0.99503999,0.7885697108740628,0.3011982440948486,201,0.4096686697250788,379776.0207661148,5.33619697554152e-08,7.9509501457214355,
Reacher-v5,9,layer,multi,2.0,2.0,1.0,ok,,70fb480,zero,8.0,20,50,0.05,204,4096,204,199,201,1.0149253731343284,0.9900497512437813,multi,random,0.0792512223124504,-1.8585543632507324,0.0200776550918817,0.0333742212465212,,,,,,,0.6707618236541748,0.0860076323151588,0.99413612,0.8899297785699676,0.5788078308105469,201,0.4096686697250788,379776.0207661148,5.33619697554152e-08,7.985961437225342,
Pusher-v5,9,layer,first,1.0,2.0,0.5,ok,,70fb480,zero,8.0,20,50,0.1,409,4096,409,389,201,2.0348258706467663,1.935323383084577,first,random,0.0829023867845535,-1.389435887336731,0.0124596282839775,0.0220514929491316,,,,,,,0.8965368866920471,1.0568066835403442,0.99989394,0.8563252711280976,0.2905495166778564,200,3.4001229954740446e-28,674522772.4510466,1.953902113299219e-07,7.996440887451172,
Pusher-v5,9,layer,multi,2.0,2.0,1.0,ok,,70fb480,zero,8.0,20,50,0.1,409,4096,409,389,201,2.0348258706467663,1.935323383084577,multi,random,0.0828332379460334,-1.3867183923721311,0.0128898462280631,0.0220514929491316,,,,,,,0.8763782382011414,0.905770182609558,0.99997123,0.8528586413082622,0.6558210849761963,200,3.4001229954740446e-28,674522772.4510466,1.953902113299219e-07,8.008706092834473,
InvertedPendulum-v5,9,layer,first,1.0,2.0,0.5,ok,,70fb480,zero,16.0,20,50,0.05,204,4096,204,199,201,1.0149253731343284,0.9900497512437813,first,random,0.0316966734826564,-2.1735901832580566,0.009360073134303,0.0057421264502638,,,,,,,0.1666826456785202,6.129556655883789,0.6162789449999999,0.1507920650788254,0.3189222812652588,200,6.516828628306346e-32,890389032.6668406,1.1463021297417422e-07,15.885004997253418,
InvertedPendulum-v5,9,layer,multi,2.0,2.0,1.0,ok,,70fb480,zero,16.0,20,50,0.05,204,4096,204,199,201,1.0149253731343284,0.9900497512437813,multi,random,0.0314938388764858,-2.169230699539185,0.0093919532373547,0.0057421264502638,,,,,,,0.1739071607589721,0.0116217341274023,0.67253092,0.3836462133924621,0.6775579452514648,200,6.516828628306346e-32,890389032.6668406,1.1463021297417422e-07,15.96347427368164,
InvertedDoublePendulum-v5,9,layer,first,1.0,2.0,0.5,ok,,70fb480,zero,16.0,20,50,0.05,204,4096,204,199,201,1.0149253731343284,0.9900497512437813,first,random,0.0149475065991282,-3.5869929790496826,0.0039722905494272,0.0089904015823214,,,,,,,1.8876502513885496,1.238832950592041,0.996825365,0.970406682706978,0.2833952903747558,186,9.55577950841314e-28,1982976634.340521,8.04057337005137e-08,16.010595321655273,
InvertedDoublePendulum-v5,9,layer,multi,2.0,2.0,1.0,ok,,70fb480,zero,16.0,20,50,0.05,204,4096,204,199,201,1.0149253731343284,0.9900497512437813,multi,random,0.0158882979303598,-3.5929653644561768,0.00453143985942,0.0089904015823214,,,,,,,1.8485444784164429,1.2346702814102173,0.99674258,0.9689059199088724,0.588341236114502,186,9.55577950841314e-28,1982976634.340521,8.04057337005137e-08,16.026269912719727,
Ant-v5,11,layer,first,1.0,2.0,0.5,ok,,70fb480,zero,8.0,20,50,0.1,409,4096,409,389,201,2.0348258706467663,1.935323383084577,first,random,0.6962273120880127,-1.8728426694869995,0.791085958480835,0.0487346787198037,,,,,,,2.441713809967041,0.948298990726471,0.9942287,0.8701644798566973,0.3064157962799072,200,1.2007882659214079e-28,188319034.6426457,4.758974210426773e-07,8.00519847869873,
Ant-v5,11,layer,multi,2.0,2.0,1.0,ok,,70fb480,zero,8.0,20,50,0.1,409,4096,409,389,201,2.0348258706467663,1.935323383084577,multi,random,0.709304928779602,-2.02940034866333,1.1964370012283323,0.0487346787198037,,,,,,,2.6115260124206543,0.9763879776000975,0.99477516,0.8485550759191879,0.6759884357452393,200,1.2007882659214079e-28,188319034.6426457,4.758974210426773e-07,7.9991936683654785,
HalfCheetah-v5,11,layer,first,1.0,2.0,0.5,ok,,70fb480,zero,32.0,20,50,0.3,1228,4096,1228,1061,201,6.109452736318408,5.278606965174129,first,random,1.2881349325180054,-0.2220003008842468,1.580942988395691,0.293469621150994,,,,,,,3.678027629852295,1.5232375860214231,0.98689928,0.091289601632813,0.2914228439331054,201,16.36879399181533,3259202.865637537,1.7867182401910403e-10,32.02629852294922,
HalfCheetah-v5,11,layer,multi,2.0,2.0,1.0,ok,,70fb480,zero,32.0,20,50,0.3,1228,4096,1228,1061,201,6.109452736318408,5.278606965174129,multi,random,1.3087440729141235,-0.2048378437757492,2.0616283416748047,0.293469621150994,,,,,,,3.727227687835693,1.6179801225662231,0.9889429399999998,0.0889173332365071,0.5916855335235596,201,16.36879399181533,3259202.865637537,1.7867182401910403e-10,31.999526977539062,
Hopper-v5,11,layer,first,1.0,2.0,0.5,ok,,70fb480,zero,32.0,20,50,0.3,1228,4096,1228,1061,201,6.109452736318408,5.278606965174129,first,random,0.1951455920934677,-1.539026975631714,0.0248633697628974,0.0595913431379858,,,,,,,0.5202032923698425,0.6171396374702454,0.92685226,0.6985405371100747,0.3057625293731689,201,1.1923488953899382,5866268.860257084,1.3271859105430282e-09,31.916088104248047,
Hopper-v5,11,layer,multi,2.0,2.0,1.0,ok,,70fb480,zero,32.0,20,50,0.3,1228,4096,1228,1061,201,6.109452736318408,5.278606965174129,multi,random,0.2033555954694748,-1.4600473642349243,0.0378489345312118,0.0595913431379858,,,,,,,0.47221440076828,0.3393418490886688,0.9775683750000002,0.7407611111809449,0.5624399185180664,201,1.1923488953899382,5866268.860257084,1.3271859105430282e-09,31.94442367553711,
Humanoid-v5,11,layer,first,1.0,2.0,0.5,ok,,70fb480,zero,32.0,20,50,0.3,1228,4096,1228,1061,201,6.109452736318408,5.278606965174129,first,random,42.697357177734375,3.4387638568878174,127.89826202392578,3.553336801135428,,,,,,,29.712722778320312,3.351839780807495,0.275564125,0.7425422544654712,0.3672804832458496,201,26.13674751254209,140241403.56201732,3.2279947890783686e-10,31.9724235534668,
Humanoid-v5,11,layer,multi,2.0,2.0,1.0,ok,,70fb480,zero,32.0,20,50,0.3,1228,4096,1228,1061,201,6.109452736318408,5.278606965174129,multi,random,42.68549346923828,3.4270994663238525,130.53468322753906,3.553336801135428,,,,,,,29.681299209594727,3.303044557571411,0.30047806,0.7225951221466224,0.6126933097839355,201,26.13674751254209,140241403.56201732,3.2279947890783686e-10,31.97258758544922,
Walker2d-v5,11,layer,first,1.0,2.0,0.5,ok,,70fb480,zero,16.0,20,50,0.3,1228,4096,1228,1061,201,6.109452736318408,5.278606965174129,first,random,0.5949466228485107,-0.8923693299293518,0.2615967392921448,0.1320807991494649,,,,,,,2.901095390319824,5.103069305419922,0.99121136,0.4205149247669338,0.3095846176147461,201,4.42036851251535,520077.1281432092,3.630693038177642e-07,16.01314926147461,
Walker2d-v5,11,layer,multi,2.0,2.0,1.0,ok,,70fb480,zero,16.0,20,50,0.3,1228,4096,1228,1061,201,6.109452736318408,5.278606965174129,multi,random,0.6064015626907349,-0.8393943309783936,0.3097656369209289,0.1320807991494649,,,,,,,2.8617160320281982,2.178322553634644,0.99860575,0.4189869871651269,0.6161239147186279,201,4.42036851251535,520077.1281432092,3.630693038177642e-07,15.999763488769531,
HumanoidStandup-v5,11,layer,first,1.0,2.0,0.5,ok,,70fb480,zero,8.0,20,50,0.2,819,4096,819,742,201,4.074626865671642,3.691542288557214,first,random,44.5893783569336,6.866817474365234,163.6033477783203,1.174042569090501,,,,,,,59.517852783203125,7.235002517700195,0.6989397500000001,0.7972800357419759,0.3610386848449707,201,33.06376618057332,7192622.521745338,5.320045228346949e-09,7.993105888366699,
HumanoidStandup-v5,11,layer,multi,2.0,2.0,1.0,ok,,70fb480,zero,8.0,20,50,0.2,819,4096,819,742,201,4.074626865671642,3.691542288557214,multi,random,44.68437957763672,6.778314113616943,183.96432495117188,1.174042569090501,,,,,,,59.47038650512695,6.34529447555542,0.7916315700000001,0.7388373459930229,0.6835958957672119,201,33.06376618057332,7192622.521745338,5.320045228346949e-09,7.993146896362305,
Swimmer-v5,11,layer,first,1.0,2.0,0.5,ok,,70fb480,zero,8.0,20,50,0.05,204,4096,204,199,201,1.0149253731343284,0.9900497512437813,first,random,0.0690163969993591,-1.569485068321228,0.196929320693016,0.0163255853462485,,,,,,,0.9194948673248292,2.123834609985352,0.9900085,0.88238129500246,0.3177177906036377,201,0.0458710002079887,8989936.65333272,2.1024159940314023e-08,8.071015357971191,
Swimmer-v5,11,layer,multi,2.0,2.0,1.0,ok,,70fb480,zero,8.0,20,50,0.05,204,4096,204,199,201,1.0149253731343284,0.9900497512437813,multi,random,0.1203706860542297,-1.4393470287322998,0.6634770035743713,0.0163255853462485,,,,,,,1.6311116218566897,2.5810554027557373,0.987967675,0.9629850843447398,0.6303205490112305,201,0.0458710002079887,8989936.65333272,2.1024159940314023e-08,8.032102584838867,
Reacher-v5,11,layer,first,1.0,2.0,0.5,ok,,70fb480,zero,8.0,20,50,0.05,204,4096,204,199,201,1.0149253731343284,0.9900497512437813,first,random,0.0816947519779205,-1.9891669750213623,0.0131190279498696,0.0287082977176811,,,,,,,0.5386978387832642,0.0835685208439827,0.99400722,0.7872620030837054,0.3383502960205078,201,0.3687192359933002,443188.3455783204,5.0743045163980454e-08,7.940545082092285,
Reacher-v5,11,layer,multi,2.0,2.0,1.0,ok,,70fb480,zero,8.0,20,50,0.05,204,4096,204,199,201,1.0149253731343284,0.9900497512437813,multi,random,0.0854681357741355,-1.7457910776138306,0.0237430073320865,0.0287082977176811,,,,,,,0.6438202857971191,0.0696770846843719,0.993215135,0.8587610901299161,0.6486351490020752,201,0.3687192359933002,443188.3455783204,5.0743045163980454e-08,7.966866493225098,
Pusher-v5,11,layer,first,1.0,2.0,0.5,ok,,70fb480,zero,8.0,20,50,0.1,409,4096,409,389,201,2.0348258706467663,1.935323383084577,first,random,0.0648918002843856,-1.9029080867767332,0.0070638949982821,0.0213992436083299,,,,,,,0.8868550062179565,0.8934457302093506,0.99998729,0.8641180959973274,0.3091254234313965,199,1.4480515714611062e-30,449869791.4531733,2.782540830234854e-07,8.013387680053711,
Pusher-v5,11,layer,multi,2.0,2.0,1.0,ok,,70fb480,zero,8.0,20,50,0.1,409,4096,409,389,201,2.0348258706467663,1.935323383084577,multi,random,0.0648950487375259,-1.8978179693222048,0.0073973275721073,0.0213992436083299,,,,,,,0.859660804271698,0.7465105652809143,0.99999564,0.8379583979981533,0.5722305774688721,199,1.4480515714611062e-30,449869791.4531733,2.782540830234854e-07,8.003288269042969,
InvertedPendulum-v5,11,layer,first,1.0,2.0,0.5,ok,,70fb480,zero,16.0,20,50,0.05,204,4096,204,199,201,1.0149253731343284,0.9900497512437813,first,random,0.0242699291557073,-2.2600815296173096,0.0014400096843019,0.0046102533033829,,,,,,,0.1528669595718383,5.412408351898193,0.6894190500000001,-0.1888488617821882,0.2830350399017334,201,0.0011124229899616,92843322.6101424,8.784792251438708e-08,16.14330291748047,
InvertedPendulum-v5,11,layer,multi,2.0,2.0,1.0,ok,,70fb480,zero,16.0,20,50,0.05,204,4096,204,199,201,1.0149253731343284,0.9900497512437813,multi,random,0.0244901366531848,-2.269986629486084,0.0015078721335157,0.0046102533033829,,,,,,,0.1781128644943237,-0.6021926403045654,0.901980805,0.6631874376538222,0.5270328521728516,201,0.0011124229899616,92843322.6101424,8.784792251438708e-08,16.064838409423828,
InvertedDoublePendulum-v5,11,layer,first,1.0,2.0,0.5,ok,,70fb480,zero,16.0,20,50,0.05,204,4096,204,199,201,1.0149253731343284,0.9900497512437813,first,random,0.0220247711986303,-2.736894130706787,0.0026920423842966,0.0099838145527005,,,,,,,1.197162628173828,0.8379606604576111,0.99630985,0.9250096465144216,0.2851192951202392,187,7.337080908889533e-28,1643129938.2383108,9.342970508668313e-08,16.142030715942383,
InvertedDoublePendulum-v5,11,layer,multi,2.0,2.0,1.0,ok,,70fb480,zero,16.0,20,50,0.05,204,4096,204,199,201,1.0149253731343284,0.9900497512437813,multi,random,0.0229348372668027,-2.74501895904541,0.003047383390367,0.0099838145527005,,,,,,,1.1869773864746094,0.8236739635467529,0.9963127,0.9463999039276774,0.5670089721679688,187,7.337080908889533e-28,1643129938.2383108,9.342970508668313e-08,16.064205169677734,
Ant-v5,13,layer,first,1.0,2.0,0.5,ok,,70fb480,zero,8.0,20,50,0.1,409,4096,409,389,201,2.0348258706467663,1.935323383084577,first,random,0.5606883764266968,-2.0841243267059326,0.4909095764160156,0.0358455325263814,,,,,,,2.9395759105682373,0.9091508388519288,0.99803534,0.8311383108883436,0.323282241821289,198,9.447254925466776e-29,149397006.29892617,6.344497638788441e-07,8.016244888305664,
Ant-v5,13,layer,multi,2.0,2.0,1.0,ok,,70fb480,zero,8.0,20,50,0.1,409,4096,409,389,201,2.0348258706467663,1.935323383084577,multi,random,0.655577540397644,-1.9446690082550049,1.421601176261902,0.0358455325263814,,,,,,,5.424849510192871,1.3546119928359983,0.99748412,0.8452029441921718,0.5548291206359863,198,9.447254925466776e-29,149397006.29892617,6.344497638788441e-07,8.01202392578125,
HalfCheetah-v5,13,layer,first,1.0,2.0,0.5,ok,,70fb480,zero,32.0,20,50,0.3,1228,4096,1228,1061,201,6.109452736318408,5.278606965174129,first,random,1.2356512546539309,-0.3526914119720459,1.4506747722625732,0.2127549257338382,,,,,,,3.72271466255188,3.34515380859375,0.99290187,0.1979640860792042,0.3184740543365478,201,10.591680914162303,6306582.895147719,1.5321655538210874e-10,31.97275733947754,
HalfCheetah-v5,13,layer,multi,2.0,2.0,1.0,ok,,70fb480,zero,32.0,20,50,0.3,1228,4096,1228,1061,201,6.109452736318408,5.278606965174129,multi,random,1.2617512941360474,-0.2902670204639435,2.308220148086548,0.2127549257338382,,,,,,,3.888182640075684,2.0991177558898926,0.99330425,0.2404646345115319,0.590421199798584,201,10.591680914162303,6306582.895147719,1.5321655538210874e-10,32.001983642578125,
Hopper-v5,13,layer,first,1.0,2.0,0.5,ok,,70fb480,zero,32.0,20,50,0.3,1228,4096,1228,1061,201,6.109452736318408,5.278606965174129,first,random,0.1598539650440216,-1.7835135459899902,0.0168830454349517,0.0663987223306172,,,,,,,0.5432696342468262,0.5981987118721008,0.949309265,0.7250139070144892,0.2903838157653808,201,1.0492936818572254,6274628.791478902,1.4334190311387887e-09,32.045074462890625,
Hopper-v5,13,layer,multi,2.0,2.0,1.0,ok,,70fb480,zero,32.0,20,50,0.3,1228,4096,1228,1061,201,6.109452736318408,5.278606965174129,multi,random,0.1732492297887802,-1.5908139944076538,0.0309399757534265,0.0663987223306172,,,,,,,0.5315779447555542,0.3795801699161529,0.989016645,0.7841473417025308,0.573523759841919,201,1.0492936818572254,6274628.791478902,1.4334190311387887e-09,32.038143157958984,
Humanoid-v5,13,layer,first,1.0,2.0,0.5,ok,,70fb480,zero,32.0,20,50,0.3,1228,4096,1228,1061,201,6.109452736318408,5.278606965174129,first,random,56.77027893066406,4.726669788360596,138.728759765625,1.408757289742337,,,,,,,33.555171966552734,3.9419195652008057,0.29544012,0.766005889058145,0.3571197986602783,201,27.80536914129169,108361886.10181728,4.120231361981688e-10,31.998611450195312,
Humanoid-v5,13,layer,multi,2.0,2.0,1.0,ok,,70fb480,zero,32.0,20,50,0.3,1228,4096,1228,1061,201,6.109452736318408,5.278606965174129,multi,random,56.77397155761719,4.71220588684082,141.27597045898438,1.408757289742337,,,,,,,33.527225494384766,3.902890920639038,0.311497335,0.7617087044619424,0.6793451309204102,201,27.80536914129169,108361886.10181728,4.120231361981688e-10,32.01491165161133,
Walker2d-v5,13,layer,first,1.0,2.0,0.5,ok,,70fb480,zero,16.0,20,50,0.3,1228,4096,1228,1061,201,6.109452736318408,5.278606965174129,first,random,0.596206545829773,-0.9344470500946044,0.3098261058330536,0.1352335717232995,,,,,,,2.922478199005127,8.516571998596191,0.981064755,0.2987331209756046,0.3003015518188476,201,3.9523545376900735,716473.4985922038,3.237194656057873e-07,15.98637866973877,
Walker2d-v5,13,layer,multi,2.0,2.0,1.0,ok,,70fb480,zero,16.0,20,50,0.3,1228,4096,1228,1061,201,6.109452736318408,5.278606965174129,multi,random,0.6092512607574463,-0.8437411189079285,0.351345419883728,0.1352335717232995,,,,,,,2.910315752029419,2.74660587310791,0.99679937,0.3176908710657679,0.5799565315246582,201,3.9523545376900735,716473.4985922038,3.237194656057873e-07,16.000991821289062,
HumanoidStandup-v5,13,layer,first,1.0,2.0,0.5,ok,,70fb480,zero,8.0,20,50,0.2,819,4096,819,742,201,4.074626865671642,3.691542288557214,first,random,56.59175109863281,7.9687957763671875,303.5468444824219,1.1245609174595068,,,,,,,156.21620178222656,6.282179355621338,0.949831675,0.8785235444285066,0.4167666435241699,201,2.3746879241385628,73487775.82102633,7.245449666620675e-09,7.999652862548828,
HumanoidStandup-v5,13,layer,multi,2.0,2.0,1.0,ok,,70fb480,zero,8.0,20,50,0.2,819,4096,819,742,201,4.074626865671642,3.691542288557214,multi,random,56.43352127075195,7.937634468078613,494.3977966308594,1.1245609174595068,,,,,,,152.01722717285156,6.116731643676758,0.96397379,0.8659596449527922,0.6988682746887207,201,2.3746879241385628,73487775.82102633,7.245449666620675e-09,8.003727912902832,
Swimmer-v5,13,layer,first,1.0,2.0,0.5,ok,,70fb480,zero,8.0,20,50,0.05,204,4096,204,199,201,1.0149253731343284,0.9900497512437813,first,random,0.0276594832539558,-2.148508071899414,0.0119205499067902,0.0141992084934232,,,,,,,0.5828775763511658,0.8520721197128296,0.9969501,0.5084508009775587,0.2917635440826416,201,0.0283420187068657,14765441.783912243,2.023933281400652e-08,7.927711486816406,
Swimmer-v5,13,layer,multi,2.0,2.0,1.0,ok,,70fb480,zero,8.0,20,50,0.05,204,4096,204,199,201,1.0149253731343284,0.9900497512437813,multi,random,0.0354391112923622,-2.0327398777008057,0.0248544588685035,0.0141992084934232,,,,,,,0.6488147974014282,1.228216290473938,0.99733214,0.6180686404225406,0.6334590911865234,201,0.0283420187068657,14765441.783912243,2.023933281400652e-08,7.967757225036621,
Reacher-v5,13,layer,first,1.0,2.0,0.5,ok,,70fb480,zero,8.0,20,50,0.05,204,4096,204,199,201,1.0149253731343284,0.9900497512437813,first,random,0.0793788284063339,-2.108536720275879,0.0119484029710292,0.0303188822677113,,,,,,,0.5513865351676941,0.3001474440097809,0.9944736,0.7175540101161508,0.2834055423736572,201,0.3751245668766879,522839.2842622367,4.292994559488516e-08,7.95119571685791,
Reacher-v5,13,layer,multi,2.0,2.0,1.0,ok,,70fb480,zero,8.0,20,50,0.05,204,4096,204,199,201,1.0149253731343284,0.9900497512437813,multi,random,0.0825210884213447,-1.8259737491607664,0.0219969078898429,0.0303188822677113,,,,,,,0.6498462557792664,0.1012066006660461,0.99413243,0.8538271077662711,0.5976812839508057,201,0.3751245668766879,522839.2842622367,4.292994559488516e-08,7.979499340057373,
Pusher-v5,13,layer,first,1.0,2.0,0.5,ok,,70fb480,zero,8.0,20,50,0.1,409,4096,409,389,201,2.0348258706467663,1.935323383084577,first,random,0.0475182943046093,-2.7384347915649414,0.0019959544297307,0.0194830991688084,,,,,,,0.9235528707504272,1.0979021787643433,0.99999997,0.9161298354707952,0.3190870285034179,191,3.019956514836686e-28,472179812.71827227,2.868329236125295e-07,8.01418685913086,
Pusher-v5,13,layer,multi,2.0,2.0,1.0,ok,,70fb480,zero,8.0,20,50,0.1,409,4096,409,389,201,2.0348258706467663,1.935323383084577,multi,random,0.0474528558552265,-2.716696262359619,0.002397735370323,0.0194830991688084,,,,,,,0.8001891374588013,0.7570003867149353,0.99999999,0.8737089069348157,0.5617783069610596,191,3.019956514836686e-28,472179812.71827227,2.868329236125295e-07,8.010994911193848,
InvertedPendulum-v5,13,layer,first,1.0,2.0,0.5,ok,,70fb480,zero,16.0,20,50,0.05,204,4096,204,199,201,1.0149253731343284,0.9900497512437813,first,random,0.0155795058235526,-2.8477330207824707,0.0002188237413065,0.0052346805876309,,,,,,,0.0801444947719574,2.8498401641845703,0.913662735,0.6315461524193562,0.2987368106842041,201,0.0010382345833446,108306699.70452952,9.003074519007952e-08,16.063430786132812,
InvertedPendulum-v5,13,layer,multi,2.0,2.0,1.0,ok,,70fb480,zero,16.0,20,50,0.05,204,4096,204,199,201,1.0149253731343284,0.9900497512437813,multi,random,0.0156233701854944,-2.857196569442749,0.0002642088802531,0.0052346805876309,,,,,,,0.0960687324404716,-0.9278356432914734,0.98297927,0.812600573037319,0.6390020847320557,201,0.0010382345833446,108306699.70452952,9.003074519007952e-08,16.039518356323242,
InvertedDoublePendulum-v5,13,layer,first,1.0,2.0,0.5,ok,,70fb480,zero,16.0,20,50,0.05,204,4096,204,199,201,1.0149253731343284,0.9900497512437813,first,random,0.0241188369691371,-1.9050267934799197,0.0038413607981055,0.0070693648850068,,,,,,,1.2786890268325806,0.9293694496154784,0.99663229,0.8516492667736025,0.2943930625915527,184,9.922759939754002e-28,1466839984.427684,1.0759144756252238e-07,15.855422973632812,
InvertedDoublePendulum-v5,13,layer,multi,2.0,2.0,1.0,ok,,70fb480,zero,16.0,20,50,0.05,204,4096,204,199,201,1.0149253731343284,0.9900497512437813,multi,random,0.0242458190768957,-1.9259676933288572,0.0027514833491295,0.0070693648850068,,,,,,,1.069676399230957,0.7756808996200562,0.99747204,0.8954855228455417,0.5956635475158691,184,9.922759939754002e-28,1466839984.427684,1.0759144756252238e-07,15.935514450073242,
Ant-v5,17,layer,first,1.0,2.0,0.5,ok,,70fb480,zero,8.0,20,50,0.1,409,4096,409,389,201,2.0348258706467663,1.935323383084577,first,random,0.5937138795852661,-1.2823269367218018,0.485093206167221,0.040216439526874,,,,,,,2.2860870361328125,0.9455488324165344,0.99780964,0.8469085090057887,0.3218379020690918,200,7.983845975836042e-29,118155420.88656648,7.330506545814378e-07,8.014562606811523,
Ant-v5,17,layer,multi,2.0,2.0,1.0,ok,,70fb480,zero,8.0,20,50,0.1,409,4096,409,389,201,2.0348258706467663,1.935323383084577,multi,random,0.6232720613479614,-1.170230269432068,0.7356540560722351,0.040216439526874,,,,,,,3.4146087169647217,1.0425935983657837,0.9975841399999998,0.8659490896318823,0.6401503086090088,200,7.983845975836042e-29,118155420.88656648,7.330506545814378e-07,7.998449325561523,
HalfCheetah-v5,17,layer,first,1.0,2.0,0.5,ok,,70fb480,zero,32.0,20,50,0.3,1228,4096,1228,1061,201,6.109452736318408,5.278606965174129,first,random,1.2343268394470217,-0.3246808052062988,1.277782678604126,0.2137993518263493,,,,,,,3.713659048080444,5.671901702880859,0.99127047,0.1334100457053011,0.2766463756561279,201,10.033020222911253,5546208.781799708,1.7664756005607834e-10,32.17765808105469,
HalfCheetah-v5,17,layer,multi,2.0,2.0,1.0,ok,,70fb480,zero,32.0,20,50,0.3,1228,4096,1228,1061,201,6.109452736318408,5.278606965174129,multi,random,1.2611262798309326,-0.261222094297409,2.6905384063720703,0.2137993518263493,,,,,,,4.162220001220703,2.388000726699829,0.99376594,0.2951473160559004,0.5761659145355225,201,10.033020222911253,5546208.781799708,1.7664756005607834e-10,32.053497314453125,
Hopper-v5,17,layer,first,1.0,2.0,0.5,ok,,70fb480,zero,32.0,20,50,0.3,1228,4096,1228,1061,201,6.109452736318408,5.278606965174129,first,random,0.1717420071363449,-1.7416173219680786,0.0201197881251573,0.0673346868025978,,,,,,,0.4556909203529358,0.5352777242660522,0.931675785,0.5675378264067835,0.304332971572876,201,0.2728721181674398,24006817.204201654,1.3649390520070536e-09,32.0004997253418,
Hopper-v5,17,layer,multi,2.0,2.0,1.0,ok,,70fb480,zero,32.0,20,50,0.3,1228,4096,1228,1061,201,6.109452736318408,5.278606965174129,multi,random,0.1795111894607544,-1.587264895439148,0.0302352271974086,0.0673346868025978,,,,,,,0.4651831090450287,0.3448321223258972,0.98268202,0.5795058249994893,0.5379655361175537,201,0.2728721181674398,24006817.204201654,1.3649390520070536e-09,31.964920043945312,
Humanoid-v5,17,layer,first,1.0,2.0,0.5,ok,,70fb480,zero,32.0,20,50,0.3,1228,4096,1228,1061,201,6.109452736318408,5.278606965174129,first,random,63.27394104003906,4.368403911590576,296.7664794921875,1.7454062539159356,,,,,,,36.91337966918945,3.940650701522827,0.4258412,0.7616273580368432,0.4246904850006103,201,25.830594035514977,130823165.25884932,3.71224787028749e-10,32.05396270751953,
Humanoid-v5,17,layer,multi,2.0,2.0,1.0,ok,,70fb480,zero,32.0,20,50,0.3,1228,4096,1228,1061,201,6.109452736318408,5.278606965174129,multi,random,63.2640380859375,4.353416919708252,304.1568298339844,1.7454062539159356,,,,,,,36.79118347167969,3.8927955627441406,0.444188205,0.7562460241803414,0.717850923538208,201,25.830594035514977,130823165.25884932,3.71224787028749e-10,31.99165344238281,
Walker2d-v5,17,layer,first,1.0,2.0,0.5,ok,,70fb480,zero,16.0,20,50,0.3,1228,4096,1228,1061,201,6.109452736318408,5.278606965174129,first,random,0.6234894394874573,-0.8965520262718201,0.2943249940872192,0.1312418699682651,,,,,,,2.875030517578125,5.151554107666016,0.98769339,0.3710369007139346,0.31215500831604,201,0.9088350900306256,2722884.416700206,3.722384627656141e-07,16.088829040527344,
Walker2d-v5,17,layer,multi,2.0,2.0,1.0,ok,,70fb480,zero,16.0,20,50,0.3,1228,4096,1228,1061,201,6.109452736318408,5.278606965174129,multi,random,0.6348231434822083,-0.8362257480621338,0.3408820629119873,0.1312418699682651,,,,,,,2.850839138031006,2.3834304809570312,0.99742802,0.3566434729708542,0.5818581581115723,201,0.9088350900306256,2722884.416700206,3.722384627656141e-07,16.026748657226562,
HumanoidStandup-v5,17,layer,first,1.0,2.0,0.5,ok,,70fb480,zero,8.0,20,50,0.2,819,4096,819,742,201,4.074626865671642,3.691542288557214,first,random,32.370147705078125,5.388268947601318,107.36237335205078,1.0052617531289998,,,,,,,60.51205825805664,6.676886558532715,0.83848311,0.7000546674606468,0.3577494621276855,201,27.96878260327124,9020001.89505931,5.527063307800327e-09,8.013490676879883,
HumanoidStandup-v5,17,layer,multi,2.0,2.0,1.0,ok,,70fb480,zero,8.0,20,50,0.2,819,4096,819,742,201,4.074626865671642,3.691542288557214,multi,random,32.289794921875,5.305691719055176,120.03739166259766,1.0052617531289998,,,,,,,59.30561447143555,5.614439010620117,0.913765705,0.7276756700927567,0.7339229583740234,201,27.96878260327124,9020001.89505931,5.527063307800327e-09,7.997913360595703,
Swimmer-v5,17,layer,first,1.0,2.0,0.5,ok,,70fb480,zero,8.0,20,50,0.05,204,4096,204,199,201,1.0149253731343284,0.9900497512437813,first,random,0.0361548960208892,-1.9732578992843628,0.0101634291931986,0.0164395847702939,,,,,,,0.5964785218238831,0.9104799628257751,0.99798185,0.7300946553835175,0.3199448585510254,201,0.0653924789779197,5238487.257712267,2.3763736315699544e-08,7.995419502258301,
Swimmer-v5,17,layer,multi,2.0,2.0,1.0,ok,,70fb480,zero,8.0,20,50,0.05,204,4096,204,199,201,1.0149253731343284,0.9900497512437813,multi,random,0.0398547276854515,-1.9104331731796265,0.013302182778716,0.0164395847702939,,,,,,,0.6867226958274841,1.0766927003860474,0.9984258,0.7964064070748424,0.6491570472717285,201,0.0653924789779197,5238487.257712267,2.3763736315699544e-08,7.988877296447754,
Reacher-v5,17,layer,first,1.0,2.0,0.5,ok,,70fb480,zero,8.0,20,50,0.05,204,4096,204,199,201,1.0149253731343284,0.9900497512437813,first,random,0.0950451791286468,-2.169880151748657,0.0109284734353423,0.0281894567542169,,,,,,,0.5494914650917053,0.1609675735235214,0.99519203,0.8230348325577557,0.2921397686004638,201,0.558571827700565,265301.6218189751,5.6677138646824325e-08,7.962728500366211,
Reacher-v5,17,layer,multi,2.0,2.0,1.0,ok,,70fb480,zero,8.0,20,50,0.05,204,4096,204,199,201,1.0149253731343284,0.9900497512437813,multi,random,0.096715398132801,-1.87325119972229,0.0213364977389574,0.0281894567542169,,,,,,,0.5993726253509521,0.0464353263378143,0.99404776,0.8566785219133551,0.5657930374145508,201,0.558571827700565,265301.6218189751,5.6677138646824325e-08,7.972532272338867,
Pusher-v5,17,layer,first,1.0,2.0,0.5,ok,,70fb480,zero,8.0,20,50,0.1,409,4096,409,389,201,2.0348258706467663,1.935323383084577,first,random,0.0485661625862121,-2.718270301818848,0.0021545856725424,0.0201577931974063,,,,,,,0.9179548025131226,1.0184094905853271,1.0,0.9126837139797894,0.3101119995117187,195,3.590571289728276e-28,464045589.52412033,2.8656155563517494e-07,8.039695739746094,
Pusher-v5,17,layer,multi,2.0,2.0,1.0,ok,,70fb480,zero,8.0,20,50,0.1,409,4096,409,389,201,2.0348258706467663,1.935323383084577,multi,random,0.0483538061380386,-2.6935322284698486,0.002568554598838,0.0201577931974063,,,,,,,0.8223544359207153,0.7478448748588562,0.99999999,0.8797989105699072,0.5917766094207764,195,3.590571289728276e-28,464045589.52412033,2.8656155563517494e-07,8.011014938354492,
InvertedPendulum-v5,17,layer,first,1.0,2.0,0.5,ok,,70fb480,zero,16.0,20,50,0.05,204,4096,204,199,201,1.0149253731343284,0.9900497512437813,first,random,0.0283814575523138,-1.5148963928222656,0.00980731472373,0.0049440016776512,,,,,,,0.1206831857562065,8.590250015258789,0.40914997,-0.3529090182723837,0.3019790649414062,201,0.0019889932480891,45392123.40735137,1.0128134557085813e-07,15.782512664794922,
InvertedPendulum-v5,17,layer,multi,2.0,2.0,1.0,ok,,70fb480,zero,16.0,20,50,0.05,204,4096,204,199,201,1.0149253731343284,0.9900497512437813,multi,random,0.0282929707318544,-1.509657382965088,0.0098563041538,0.0049440016776512,,,,,,,0.1229844763875007,0.3414499163627624,0.536177875,0.0213794187939866,0.6084499359130859,201,0.0019889932480891,45392123.40735137,1.0128134557085813e-07,15.873592376708984,
InvertedDoublePendulum-v5,17,layer,first,1.0,2.0,0.5,ok,,70fb480,zero,16.0,20,50,0.05,204,4096,204,199,201,1.0149253731343284,0.9900497512437813,first,random,0.0883102566003799,-1.8023892641067505,0.2484915107488632,0.0089402601567921,,,,,,,2.9364845752716064,2.240920305252075,0.99269106,0.9353554550335546,0.3046586513519287,183,8.721442233730057e-28,1911187281.8621883,8.215625247546315e-08,15.990839004516602,
InvertedDoublePendulum-v5,17,layer,multi,2.0,2.0,1.0,ok,,70fb480,zero,16.0,20,50,0.05,204,4096,204,199,201,1.0149253731343284,0.9900497512437813,multi,random,0.0862775444984436,-1.8144900798797607,0.2169391363859176,0.0089402601567921,,,,,,,3.068889617919922,2.3498096466064453,0.99343178,0.9526147276027208,0.5926990509033203,183,8.721442233730057e-28,1911187281.8621883,8.215625247546315e-08,15.977754592895508,
Ant-v5,19,layer,first,1.0,2.0,0.5,ok,,70fb480,zero,8.0,20,50,0.1,409,4096,409,389,201,2.0348258706467663,1.935323383084577,first,random,0.5815627574920654,-0.8357155919075012,0.4771960973739624,0.0906484733880905,,,,,,,2.650102376937866,1.8416845798492432,0.99791704,0.8884413621764137,0.2812700271606445,196,1.0465242273045503e-28,177377748.21390933,5.770723287872372e-07,7.999281406402588,
Ant-v5,19,layer,multi,2.0,2.0,1.0,ok,,70fb480,zero,8.0,20,50,0.1,409,4096,409,389,201,2.0348258706467663,1.935323383084577,multi,random,0.5942251086235046,-0.7503360509872437,0.5133734941482544,0.0906484733880905,,,,,,,3.480420589447021,1.032950758934021,0.99876702,0.8560259962173961,0.5091190338134766,196,1.0465242273045503e-28,177377748.21390933,5.770723287872372e-07,7.998118877410889,
HalfCheetah-v5,19,layer,first,1.0,2.0,0.5,ok,,70fb480,zero,32.0,20,50,0.3,1228,4096,1228,1061,201,6.109452736318408,5.278606965174129,first,random,1.2923983335494995,-0.204228326678276,1.4389455318450928,0.1963523731568318,,,,,,,3.704418659210205,4.0042243003845215,0.98763149,0.1178104042566986,0.2969198226928711,201,10.202277673225051,6013182.138591603,1.63645811053442e-10,31.783905029296875,
HalfCheetah-v5,19,layer,multi,2.0,2.0,1.0,ok,,70fb480,zero,32.0,20,50,0.3,1228,4096,1228,1061,201,6.109452736318408,5.278606965174129,multi,random,1.3248180150985718,-0.2139825373888015,3.2408816814422607,0.1963523731568318,,,,,,,4.112469673156738,2.1551876068115234,0.9897142999999998,0.3139519870502291,0.6055111885070801,201,10.202277673225051,6013182.138591603,1.63645811053442e-10,31.885866165161133,
Hopper-v5,19,layer,first,1.0,2.0,0.5,ok,,70fb480,zero,32.0,20,50,0.3,1228,4096,1228,1061,201,6.109452736318408,5.278606965174129,first,random,0.1466812491416931,-1.776431441307068,0.0172944292426109,0.0612080805324333,,,,,,,0.4463219344615936,0.5394441485404968,0.940529105,0.5395100504448116,0.2754960060119629,201,1.5941993707229547,4245369.076810952,1.356853439073363e-09,32.07978820800781,
Hopper-v5,19,layer,multi,2.0,2.0,1.0,ok,,70fb480,zero,32.0,20,50,0.3,1228,4096,1228,1061,201,6.109452736318408,5.278606965174129,multi,random,0.1586794555187225,-1.6344884634017944,0.0262679662555456,0.0612080805324333,,,,,,,0.4745290875434875,0.1637768447399139,0.98940367,0.6168948695529487,0.5423598289489746,201,1.5941993707229547,4245369.076810952,1.356853439073363e-09,32.03380584716797,
Humanoid-v5,19,layer,first,1.0,2.0,0.5,ok,,70fb480,zero,32.0,20,50,0.3,1228,4096,1228,1061,201,6.109452736318408,5.278606965174129,first,random,89.52333068847656,7.5011467933654785,255.4359588623047,2.0099845285034896,,,,,,,55.46275329589844,5.395474910736084,0.35569404,0.8644843472869976,0.4484045505523681,201,26.792781351377936,123716303.8085656,3.5627806046777687e-10,32.019081115722656,
Humanoid-v5,19,layer,multi,2.0,2.0,1.0,ok,,70fb480,zero,32.0,20,50,0.3,1228,4096,1228,1061,201,6.109452736318408,5.278606965174129,multi,random,89.54097747802734,7.485924243927002,257.1351013183594,2.0099845285034896,,,,,,,55.47682189941406,5.304167747497559,0.3725110299999999,0.8523186148737432,0.6140353679656982,201,26.792781351377936,123716303.8085656,3.5627806046777687e-10,32.003456115722656,
Walker2d-v5,19,layer,first,1.0,2.0,0.5,ok,,70fb480,zero,16.0,20,50,0.3,1228,4096,1228,1061,201,6.109452736318408,5.278606965174129,first,random,0.579148530960083,-0.9054523706436156,0.2831245064735412,0.1306536618206697,,,,,,,2.810096740722656,5.710059642791748,0.994883775,0.3366014936860542,0.3149309158325195,201,1.119933705726146,2481150.7138244747,3.30986371800274e-07,15.891952514648438,
Walker2d-v5,19,layer,multi,2.0,2.0,1.0,ok,,70fb480,zero,16.0,20,50,0.3,1228,4096,1228,1061,201,6.109452736318408,5.278606965174129,multi,random,0.5898781418800354,-0.8323187828063965,0.3267770409584045,0.1306536618206697,,,,,,,2.7625954151153564,2.435999870300293,0.99881097,0.3492331290324266,0.5517416000366211,201,1.119933705726146,2481150.7138244747,3.30986371800274e-07,15.942933082580566,
HumanoidStandup-v5,19,layer,first,1.0,2.0,0.5,ok,,70fb480,zero,8.0,20,50,0.2,819,4096,819,742,201,4.074626865671642,3.691542288557214,first,random,26.090177536010746,4.3732590675354,437.0933837890625,1.1551250557699055,,,,,,,69.2705078125,5.273472309112549,0.95960233,0.7895150666389935,0.3529984951019287,201,29.987584943802783,6174472.039102549,6.078362612071282e-09,8.004770278930664,
HumanoidStandup-v5,19,layer,multi,2.0,2.0,1.0,ok,,70fb480,zero,8.0,20,50,0.2,819,4096,819,742,201,4.074626865671642,3.691542288557214,multi,random,26.30373764038086,4.349045276641846,611.936767578125,1.1551250557699055,,,,,,,73.32185363769531,5.239953994750977,0.971233765,0.8186605439355173,0.6510136127471924,201,29.987584943802783,6174472.039102549,6.078362612071282e-09,8.000864028930664,
Swimmer-v5,19,layer,first,1.0,2.0,0.5,ok,,70fb480,zero,8.0,20,50,0.05,204,4096,204,199,201,1.0149253731343284,0.9900497512437813,first,random,0.0580142736434936,-1.364787459373474,0.0596248395740985,0.0159260569344824,,,,,,,0.6297483444213867,1.0491282939910889,0.99074998,0.6078217213520406,0.3296530246734619,201,0.0432883628034866,8598553.485336939,2.243423934798724e-08,8.000312805175781,
Swimmer-v5,19,layer,multi,2.0,2.0,1.0,ok,,70fb480,zero,8.0,20,50,0.05,204,4096,204,199,201,1.0149253731343284,0.9900497512437813,multi,random,0.0570279061794281,-1.481347680091858,0.0458711981773376,0.0159260569344824,,,,,,,0.5931932330131531,1.238093376159668,0.99470158,0.5778773957245076,0.5486125946044922,201,0.0432883628034866,8598553.485336939,2.243423934798724e-08,7.998635292053223,
Reacher-v5,19,layer,first,1.0,2.0,0.5,ok,,70fb480,zero,8.0,20,50,0.05,204,4096,204,199,201,1.0149253731343284,0.9900497512437813,first,random,0.0839738845825195,-2.184799671173096,0.0115976026281714,0.0301129871337912,,,,,,,0.5768808126449585,0.1238567903637886,0.99458734,0.8127582060300204,0.3164751529693603,201,0.497895546782458,300470.7289089115,5.6928211202859854e-08,8.036308288574219,
Reacher-v5,19,layer,multi,2.0,2.0,1.0,ok,,70fb480,zero,8.0,20,50,0.05,204,4096,204,199,201,1.0149253731343284,0.9900497512437813,multi,random,0.0861866548657417,-1.868356227874756,0.0225106533616781,0.0301129871337912,,,,,,,0.7040216326713562,0.0972444340586662,0.99401053,0.8846380395983805,0.5904872417449951,201,0.497895546782458,300470.7289089115,5.6928211202859854e-08,8.016632080078125,
Pusher-v5,19,layer,first,1.0,2.0,0.5,ok,,70fb480,zero,8.0,20,50,0.1,409,4096,409,389,201,2.0348258706467663,1.935323383084577,first,random,0.0546824038028717,-2.351267576217652,0.0038027504924684,0.0209241164757429,,,,,,,0.881262481212616,0.8738272190093994,0.99999338,0.8829718814670166,0.3069233894348144,191,4.431561004826618e-28,596578028.7113944,2.3830418850209562e-07,8.008549690246582,
Pusher-v5,19,layer,multi,2.0,2.0,1.0,ok,,70fb480,zero,8.0,20,50,0.1,409,4096,409,389,201,2.0348258706467663,1.935323383084577,multi,random,0.0546328462660312,-2.344334602355957,0.0042825611308217,0.0209241164757429,,,,,,,0.8243131041526794,0.7147259712219238,0.99999767,0.8471060911197674,0.5705745220184326,191,4.431561004826618e-28,596578028.7113944,2.3830418850209562e-07,8.002753257751465,
InvertedPendulum-v5,19,layer,first,1.0,2.0,0.5,ok,,70fb480,zero,16.0,20,50,0.05,204,4096,204,199,201,1.0149253731343284,0.9900497512437813,first,random,0.0186423175036907,-2.2761881351470947,0.0006616580067202,0.0064437589524377,,,,,,,0.1470003724098205,2.3234703540802,0.925810515,0.2754338048556432,0.3413891792297363,201,0.0009390608289721,117523592.20227316,9.14413769479913e-08,16.079669952392578,
InvertedPendulum-v5,19,layer,multi,2.0,2.0,1.0,ok,,70fb480,zero,16.0,20,50,0.05,204,4096,204,199,201,1.0149253731343284,0.9900497512437813,multi,random,0.0185363385826349,-2.310051441192627,0.0007048563566058,0.0064437589524377,,,,,,,0.1633525639772415,-0.7148926854133606,0.954686065,0.7215060981815544,0.6259334087371826,201,0.0009390608289721,117523592.20227316,9.14413769479913e-08,16.036792755126953,
InvertedDoublePendulum-v5,19,layer,first,1.0,2.0,0.5,ok,,70fb480,zero,16.0,20,50,0.05,204,4096,204,199,201,1.0149253731343284,0.9900497512437813,first,random,0.1539663970470428,-2.0066728591918945,0.6992160677909851,0.0081193509253055,,,,,,,10.650677680969238,3.207090377807617,0.99609094,0.9851596452444628,0.2991378307342529,182,1.4367227126369183e-27,2150758621.788898,7.392461660561977e-08,16.000625610351562,
InvertedDoublePendulum-v5,19,layer,multi,2.0,2.0,1.0,ok,,70fb480,zero,16.0,20,50,0.05,204,4096,204,199,201,1.0149253731343284,0.9900497512437813,multi,random,0.1251051723957061,-2.079850912094116,0.3785078227519989,0.0081193509253055,,,,,,,9.174827575683594,3.3418221473693848,0.99664406,0.9871662089145464,0.5659267902374268,182,1.4367227126369183e-27,2150758621.788898,7.392461660561977e-08,15.997270584106444,
Ant-v5,23,layer,first,1.0,2.0,0.5,ok,,70fb480,zero,8.0,20,50,0.1,409,4096,409,389,201,2.0348258706467663,1.935323383084577,first,random,0.6422486305236816,-1.0808097124099731,0.436636209487915,0.037980611892561,,,,,,,4.943214416503906,1.378671407699585,0.998564,0.9367386252670068,0.3089094161987304,201,0.0184880638565629,4897136.714394035,1.2838282083556253e-07,7.998579978942871,
Ant-v5,23,layer,multi,2.0,2.0,1.0,ok,,70fb480,zero,8.0,20,50,0.1,409,4096,409,389,201,2.0348258706467663,1.935323383084577,multi,random,0.6285458207130432,-1.077548861503601,0.4102180004119873,0.037980611892561,,,,,,,3.201416254043579,1.2170535326004028,0.99852028,0.940828427591574,0.5861787796020508,201,0.0184880638565629,4897136.714394035,1.2838282083556253e-07,8.006455421447754,
HalfCheetah-v5,23,layer,first,1.0,2.0,0.5,ok,,70fb480,zero,32.0,20,50,0.3,1228,4096,1228,1061,201,6.109452736318408,5.278606965174129,first,random,1.1984174251556396,-0.4035573005676269,1.364518165588379,0.2071616487552038,,,,,,,3.625876903533936,4.013119220733643,0.99074107,0.0932492305601707,0.3211910724639892,201,11.560706798795,4715585.540713427,1.9342538226371131e-10,31.985565185546875,
HalfCheetah-v5,23,layer,multi,2.0,2.0,1.0,ok,,70fb480,zero,32.0,20,50,0.3,1228,4096,1228,1061,201,6.109452736318408,5.278606965174129,multi,random,1.232208013534546,-0.3211258947849273,2.042973279953003,0.2071616487552038,,,,,,,4.031797885894775,2.1547772884368896,0.9938518,0.3032443402662629,0.5957913398742676,201,11.560706798795,4715585.540713427,1.9342538226371131e-10,32.021446228027344,
Hopper-v5,23,layer,first,1.0,2.0,0.5,ok,,70fb480,zero,32.0,20,50,0.3,1228,4096,1228,1061,201,6.109452736318408,5.278606965174129,first,random,0.1816641092300415,-1.6278616189956665,0.0284944809973239,0.0596768484204321,,,,,,,0.4008697867393493,0.745205819606781,0.91670544,0.7097595885282422,0.315136194229126,201,1.4538778413819915,4984402.819371315,1.2942614420291103e-09,32.10931396484375,
Hopper-v5,23,layer,multi,2.0,2.0,1.0,ok,,70fb480,zero,32.0,20,50,0.3,1228,4096,1228,1061,201,6.109452736318408,5.278606965174129,multi,random,0.1902706772089004,-1.49886155128479,0.0477188117802143,0.0596768484204321,,,,,,,0.4209827482700348,0.3000616431236267,0.951407555,0.6279583764651192,0.6142456531524658,201,1.4538778413819915,4984402.819371315,1.2942614420291103e-09,32.08331680297852,
Humanoid-v5,23,layer,first,1.0,2.0,0.5,ok,,70fb480,zero,32.0,20,50,0.3,1228,4096,1228,1061,201,6.109452736318408,5.278606965174129,first,random,41.90443420410156,3.4974172115325928,140.24147033691406,1.9717161333124928,,,,,,,27.793439865112305,3.555943727493286,0.23429272,0.661798523671883,0.36568284034729,201,27.859821011489004,144862754.2738471,3.032267477187277e-10,32.03436279296875,
Humanoid-v5,23,layer,multi,2.0,2.0,1.0,ok,,70fb480,zero,32.0,20,50,0.3,1228,4096,1228,1061,201,6.109452736318408,5.278606965174129,multi,random,41.90275192260742,3.490788698196411,141.00587463378906,1.9717161333124928,,,,,,,27.784704208374023,3.5181901454925537,0.247247565,0.6608221426821161,0.6458890438079834,201,27.859821011489004,144862754.2738471,3.032267477187277e-10,32.04584503173828,
Walker2d-v5,23,layer,first,1.0,2.0,0.5,ok,,70fb480,zero,16.0,20,50,0.3,1228,4096,1228,1061,201,6.109452736318408,5.278606965174129,first,random,0.6003161668777466,-0.9015615582466124,0.3072273433208465,0.1483383210774845,,,,,,,2.903985977172852,5.501675128936768,0.989258855,0.3944751699146688,0.3232548236846924,201,4.378042353964535,646317.9620990532,3.466805828086268e-07,15.992782592773438,
Walker2d-v5,23,layer,multi,2.0,2.0,1.0,ok,,70fb480,zero,16.0,20,50,0.3,1228,4096,1228,1061,201,6.109452736318408,5.278606965174129,multi,random,0.6135814785957336,-0.8132035136222839,0.3507948219776153,0.1483383210774845,,,,,,,2.860013484954834,2.327411651611328,0.9980973,0.3785754094925684,0.6171121597290039,201,4.378042353964535,646317.9620990532,3.466805828086268e-07,16.010723114013672,
HumanoidStandup-v5,23,layer,first,1.0,2.0,0.5,ok,,70fb480,zero,8.0,20,50,0.2,819,4096,819,742,201,4.074626865671642,3.691542288557214,first,random,23.513917922973636,4.393738746643066,45.850059509277344,1.075418946120432,,,,,,,38.785945892333984,8.341958045959473,0.74694526,0.557822361105244,0.3808698654174804,201,40.95256234792224,5831046.924358488,5.476265729532605e-09,8.008590698242188,
HumanoidStandup-v5,23,layer,multi,2.0,2.0,1.0,ok,,70fb480,zero,8.0,20,50,0.2,819,4096,819,742,201,4.074626865671642,3.691542288557214,multi,random,23.525835037231445,4.318572998046875,50.08755111694336,1.075418946120432,,,,,,,39.22885513305664,6.790350914001465,0.871597785,0.5166959568400596,0.6361265182495117,201,40.95256234792224,5831046.924358488,5.476265729532605e-09,8.01146125793457,
Swimmer-v5,23,layer,first,1.0,2.0,0.5,ok,,70fb480,zero,8.0,20,50,0.05,204,4096,204,199,201,1.0149253731343284,0.9900497512437813,first,random,0.0386446043848991,-1.913156628608704,0.0416706763207912,0.0172078388110751,,,,,,,0.6009107828140259,1.2454205751419067,0.99581717,0.5041143717236808,0.2856254577636719,201,0.0536045021493297,7216733.764780637,2.1584216492677027e-08,7.93962287902832,
Swimmer-v5,23,layer,multi,2.0,2.0,1.0,ok,,70fb480,zero,8.0,20,50,0.05,204,4096,204,199,201,1.0149253731343284,0.9900497512437813,multi,random,0.0480376295745372,-1.8524267673492432,0.0807759538292884,0.0172078388110751,,,,,,,0.6457507610321045,1.3439332246780396,0.9930043,0.6901874446822978,0.5748574733734131,201,0.0536045021493297,7216733.764780637,2.1584216492677027e-08,7.9769768714904785,
Reacher-v5,23,layer,first,1.0,2.0,0.5,ok,,70fb480,zero,8.0,20,50,0.05,204,4096,204,199,201,1.0149253731343284,0.9900497512437813,first,random,0.0873752683401107,-2.094503164291382,0.0114148231223225,0.0282603638920137,,,,,,,0.5774589776992798,0.1868855208158493,0.99511099,0.8213629038334853,0.2912881374359131,201,0.3830594178903349,444180.9556951928,5.3050450859436606e-08,8.023298263549805,
Reacher-v5,23,layer,multi,2.0,2.0,1.0,ok,,70fb480,zero,8.0,20,50,0.05,204,4096,204,199,201,1.0149253731343284,0.9900497512437813,multi,random,0.0893879011273384,-1.8336666822433472,0.0221842937171459,0.0282603638920137,,,,,,,0.6676240563392639,0.0747243463993072,0.99427516,0.8715884917111144,0.5512924194335938,201,0.3830594178903349,444180.9556951928,5.3050450859436606e-08,8.018814086914062,
Pusher-v5,23,layer,first,1.0,2.0,0.5,ok,,70fb480,zero,8.0,20,50,0.1,409,4096,409,389,201,2.0348258706467663,1.935323383084577,first,random,0.0529616549611091,-2.2361927032470703,0.0030407537706196,0.0201647993759525,,,,,,,0.8366096615791321,1.0001459121704102,0.99999951,0.8737759087202445,0.3307137489318847,200,6.369278186987126e-31,494572755.24610174,2.656534113156581e-07,7.967710018157959,
Pusher-v5,23,layer,multi,2.0,2.0,1.0,ok,,70fb480,zero,8.0,20,50,0.1,409,4096,409,389,201,2.0348258706467663,1.935323383084577,multi,random,0.0530712641775608,-2.224992513656616,0.0036611934192478,0.0201647993759525,,,,,,,0.8172454237937927,0.7596679329872131,0.99999988,0.863479018733971,0.6337125301361084,200,6.369278186987126e-31,494572755.24610174,2.656534113156581e-07,7.991020202636719,
InvertedPendulum-v5,23,layer,first,1.0,2.0,0.5,ok,,70fb480,zero,16.0,20,50,0.05,204,4096,204,199,201,1.0149253731343284,0.9900497512437813,first,random,0.0409320518374443,-1.525265336036682,0.0206096153706312,0.0056020836310038,,,,,,,0.1926176697015762,1.8807202577590945,0.708686695,0.6371512181354237,0.3088998794555664,201,0.0002929588080789,302147286.9955233,8.44846310643738e-08,16.044370651245117,
InvertedPendulum-v5,23,layer,multi,2.0,2.0,1.0,ok,,70fb480,zero,16.0,20,50,0.05,204,4096,204,199,201,1.0149253731343284,0.9900497512437813,multi,random,0.0334408991038799,-1.5403921604156494,0.0146048730239272,0.0056020836310038,,,,,,,0.1525197327136993,0.4383347630500793,0.72686977,0.6123295993648069,0.5653817653656006,201,0.0002929588080789,302147286.9955233,8.44846310643738e-08,16.036516189575195,
InvertedDoublePendulum-v5,23,layer,first,1.0,2.0,0.5,ok,,70fb480,zero,16.0,20,50,0.05,204,4096,204,199,201,1.0149253731343284,0.9900497512437813,first,random,0.0206023342907428,-2.817293405532837,0.0066858609206974,0.0103802576737041,,,,,,,1.873519778251648,1.4135805368423462,0.99746685,0.953580802771808,0.3062047958374023,177,5.9621017294422365e-28,1249555218.2243528,1.2510054239605972e-07,15.87924575805664,
InvertedDoublePendulum-v5,23,layer,multi,2.0,2.0,1.0,ok,,70fb480,zero,16.0,20,50,0.05,204,4096,204,199,201,1.0149253731343284,0.9900497512437813,multi,random,0.0201395731419324,-2.8238539695739746,0.0045696087181568,0.0103802576737041,,,,,,,1.8839954137802124,1.370006084442139,0.99779161,0.9504622146783248,0.5735592842102051,177,5.9621017294422365e-28,1249555218.2243528,1.2510054239605972e-07,15.953953742980955,
Ant-v5,29,layer,first,1.0,2.0,0.5,ok,,70fb480,zero,8.0,20,50,0.1,409,4096,409,389,201,2.0348258706467663,1.935323383084577,first,random,0.5711928009986877,-1.6501548290252686,0.451149970293045,0.0735390373717848,,,,,,,2.706530809402466,1.3767083883285522,0.99791699,0.8837588902501478,0.3099870681762695,198,1.3056231013637222e-28,197109324.11199808,4.844295803429663e-07,8.0057373046875,
Ant-v5,29,layer,multi,2.0,2.0,1.0,ok,,70fb480,zero,8.0,20,50,0.1,409,4096,409,389,201,2.0348258706467663,1.935323383084577,multi,random,0.5683074593544006,-1.8503543138504028,0.5547249913215637,0.0735390373717848,,,,,,,2.5799400806427,1.0064088106155396,0.99797415,0.8658556373577515,0.6236045360565186,198,1.3056231013637222e-28,197109324.11199808,4.844295803429663e-07,8.001321792602539,
HalfCheetah-v5,29,layer,first,1.0,2.0,0.5,ok,,70fb480,zero,32.0,20,50,0.3,1228,4096,1228,1061,201,6.109452736318408,5.278606965174129,first,random,1.5663353204727173,0.4753427505493164,2.2506062984466557,0.1983717529157063,,,,,,,3.89505672454834,4.253726482391357,0.97228945,0.1538438897798235,0.3373198509216308,201,11.843642904129396,4989554.8960811,1.6420451789062578e-10,32.05591583251953,
HalfCheetah-v5,29,layer,multi,2.0,2.0,1.0,ok,,70fb480,zero,32.0,20,50,0.3,1228,4096,1228,1061,201,6.109452736318408,5.278606965174129,multi,random,1.633312702178955,0.0001637618115637,6.923326015472412,0.1983717529157063,,,,,,,4.413042545318604,2.2987349033355717,0.97838142,0.3846452903547607,0.5514647960662842,201,11.843642904129396,4989554.8960811,1.6420451789062578e-10,32.02177429199219,
Hopper-v5,29,layer,first,1.0,2.0,0.5,ok,,70fb480,zero,32.0,20,50,0.3,1228,4096,1228,1061,201,6.109452736318408,5.278606965174129,first,random,0.1667859852313995,-1.652706265449524,0.0174436867237091,0.0900476927561367,,,,,,,0.4324961006641388,0.7575036883354187,0.95237846,0.6697215698872615,0.2884314060211181,201,0.1490514269375713,49248556.24576207,1.296703512649153e-09,32.07158660888672,
Hopper-v5,29,layer,multi,2.0,2.0,1.0,ok,,70fb480,zero,32.0,20,50,0.3,1228,4096,1228,1061,201,6.109452736318408,5.278606965174129,multi,random,0.1745658069849014,-1.513597846031189,0.0383784845471382,0.0900476927561367,,,,,,,0.4876247644424438,0.5340301990509033,0.98555829,0.6562030028598731,0.6534345149993896,201,0.1490514269375713,49248556.24576207,1.296703512649153e-09,32.02960586547852,
Humanoid-v5,29,layer,first,1.0,2.0,0.5,ok,,70fb480,zero,32.0,20,50,0.3,1228,4096,1228,1061,201,6.109452736318408,5.278606965174129,first,random,99.38157653808594,7.123804569244385,263.5455322265625,1.542947296977976,,,,,,,55.51721954345703,5.176051616668701,0.3097524849999999,0.8514455623477816,0.3419337272644043,201,25.635756336740908,140322940.73891753,3.775326787538491e-10,31.96888732910156,
Humanoid-v5,29,layer,multi,2.0,2.0,1.0,ok,,70fb480,zero,32.0,20,50,0.3,1228,4096,1228,1061,201,6.109452736318408,5.278606965174129,multi,random,99.3918685913086,7.112446308135986,264.6015319824219,1.542947296977976,,,,,,,55.61149597167969,5.116358280181885,0.341046135,0.717719440624726,0.6067783832550049,201,25.635756336740908,140322940.73891753,3.775326787538491e-10,31.978256225585938,
Walker2d-v5,29,layer,first,1.0,2.0,0.5,ok,,70fb480,zero,16.0,20,50,0.3,1228,4096,1228,1061,201,6.109452736318408,5.278606965174129,first,random,0.6344588994979858,-0.5434098243713379,0.2981376349925995,0.1294430201917548,,,,,,,2.744956016540528,5.206957817077637,0.988429605,0.3367014874170957,0.3146834373474121,201,4.772939783543779,526843.7321259476,3.513776513132431e-07,16.027957916259766,
Walker2d-v5,29,layer,multi,2.0,2.0,1.0,ok,,70fb480,zero,16.0,20,50,0.3,1228,4096,1228,1061,201,6.109452736318408,5.278606965174129,multi,random,0.6448858976364136,-0.7317622303962708,0.3539410233497619,0.1294430201917548,,,,,,,2.7648653984069824,2.353912115097046,0.99520213,0.3891257156562613,0.5988063812255859,201,4.772939783543779,526843.7321259476,3.513776513132431e-07,16.010887145996094,
HumanoidStandup-v5,29,layer,first,1.0,2.0,0.5,ok,,70fb480,zero,8.0,20,50,0.2,819,4096,819,742,201,4.074626865671642,3.691542288557214,first,random,21.083641052246094,3.2339656352996826,53.96518707275391,1.0574163703398147,,,,,,,46.59574508666992,6.862220764160156,0.8963397100000001,0.7111906495784407,0.354363203048706,201,24.21057179815774,8838502.535128448,6.264523664112953e-09,7.992221832275391,
HumanoidStandup-v5,29,layer,multi,2.0,2.0,1.0,ok,,70fb480,zero,8.0,20,50,0.2,819,4096,819,742,201,4.074626865671642,3.691542288557214,multi,random,21.095945358276367,3.1960935592651367,64.83282470703125,1.0574163703398147,,,,,,,47.60317611694336,5.626950740814209,0.950487805,0.6891719361537869,0.6630702018737793,201,24.21057179815774,8838502.535128448,6.264523664112953e-09,7.994564056396484,
Swimmer-v5,29,layer,first,1.0,2.0,0.5,ok,,70fb480,zero,8.0,20,50,0.05,204,4096,204,199,201,1.0149253731343284,0.9900497512437813,first,random,0.0530588291585445,-1.8120365142822263,0.0823311135172844,0.014529656996905,,,,,,,0.7198063135147095,1.4123945236206057,0.99550613,0.7267389830102908,0.2897298336029053,201,0.041210377765916,10025343.923025835,2.009535609377144e-08,8.001899719238281,
Swimmer-v5,29,layer,multi,2.0,2.0,1.0,ok,,70fb480,zero,8.0,20,50,0.05,204,4096,204,199,201,1.0149253731343284,0.9900497512437813,multi,random,0.0878611505031585,-1.6775753498077393,0.3411418497562408,0.014529656996905,,,,,,,0.8372014760971069,1.7587851285934448,0.99007784,0.8240500651909728,0.578233003616333,201,0.041210377765916,10025343.923025835,2.009535609377144e-08,7.999403476715088,
Reacher-v5,29,layer,first,1.0,2.0,0.5,ok,,70fb480,zero,8.0,20,50,0.05,204,4096,204,199,201,1.0149253731343284,0.9900497512437813,first,random,0.065131589770317,-2.1753599643707275,0.0101031539961695,0.0263615841418193,,,,,,,0.5520622730255127,0.127480000257492,0.9938699799999998,0.7638363730461127,0.2786903381347656,201,0.3291541555494698,605826.6069854241,4.448493829753473e-08,7.962944984436035,
Reacher-v5,29,layer,multi,2.0,2.0,1.0,ok,,70fb480,zero,8.0,20,50,0.05,204,4096,204,199,201,1.0149253731343284,0.9900497512437813,multi,random,0.0682057216763496,-1.90052592754364,0.0191559642553329,0.0263615841418193,,,,,,,0.6423570513725281,0.0767551660537719,0.99345668,0.8631147529703262,0.5561642646789551,201,0.3291541555494698,605826.6069854241,4.448493829753473e-08,7.979925632476807,
Pusher-v5,29,layer,first,1.0,2.0,0.5,ok,,70fb480,zero,8.0,20,50,0.1,409,4096,409,389,201,2.0348258706467663,1.935323383084577,first,random,0.0495358109474182,-2.653101682662964,0.0030963371973484,0.0204076441201591,,,,,,,0.8110703825950623,0.8488828539848328,0.99999994,0.8973400771308608,0.3151519298553467,195,3.3939689473815036e-28,447459387.9032071,2.99153136964494e-07,8.013029098510742,
Pusher-v5,29,layer,multi,2.0,2.0,1.0,ok,,70fb480,zero,8.0,20,50,0.1,409,4096,409,389,201,2.0348258706467663,1.935323383084577,multi,random,0.0495556108653545,-2.629778385162353,0.0036061657592654,0.0204076441201591,,,,,,,0.7730605602264404,0.637255072593689,0.99999997,0.8646472904328486,0.6002485752105713,195,3.3939689473815036e-28,447459387.9032071,2.99153136964494e-07,8.00496768951416,
InvertedPendulum-v5,29,layer,first,1.0,2.0,0.5,ok,,70fb480,zero,16.0,20,50,0.05,204,4096,204,199,201,1.0149253731343284,0.9900497512437813,first,random,0.0197938196361064,-2.3096365928649902,0.0011089607141911,0.0062792313581071,,,,,,,0.2110524624586105,11.708786010742188,0.7115818899999999,0.1336716470099195,0.2879657745361328,201,0.0011759796844665,78119903.05661483,9.529600061958669e-08,16.16436004638672,
InvertedPendulum-v5,29,layer,multi,2.0,2.0,1.0,ok,,70fb480,zero,16.0,20,50,0.05,204,4096,204,199,201,1.0149253731343284,0.9900497512437813,multi,random,0.0198830477893352,-2.3218770027160645,0.0011535928351804,0.0062792313581071,,,,,,,0.2076316326856613,0.4982571303844452,0.8709550349999999,0.6834159897663106,0.5204634666442871,201,0.0011759796844665,78119903.05661483,9.529600061958669e-08,16.079086303710938,
InvertedDoublePendulum-v5,29,layer,first,1.0,2.0,0.5,ok,,70fb480,zero,16.0,20,50,0.05,204,4096,204,199,201,1.0149253731343284,0.9900497512437813,first,random,0.0213330462574958,-3.389552116394043,0.0197803825139999,0.0211385182463754,,,,,,,1.3809300661087036,1.1962584257125854,0.99641488,0.8893801330064695,0.2721626758575439,179,1.1428740278633272e-27,1918609498.6531167,8.296361921681896e-08,16.003799438476562,
InvertedDoublePendulum-v5,29,layer,multi,2.0,2.0,1.0,ok,,70fb480,zero,16.0,20,50,0.05,204,4096,204,199,201,1.0149253731343284,0.9900497512437813,multi,random,0.0220930911600589,-3.4100184440612797,0.0173220187425613,0.0211385182463754,,,,,,,1.3620779514312744,1.2694642543792725,0.99665718,0.8928427335297844,0.5302634239196777,179,1.1428740278633272e-27,1918609498.6531167,8.296361921681896e-08,15.998806953430176,
Ant-v5,31,layer,first,1.0,2.0,0.5,ok,,70fb480,zero,8.0,20,50,0.1,409,4096,409,389,201,2.0348258706467663,1.935323383084577,first,random,0.6162067651748657,-2.132145881652832,0.627626895904541,0.0950745951326557,,,,,,,5.290068626403809,1.0765000581741333,0.99739979,0.9017178271212938,0.324608564376831,198,1.868410844507138e-28,308383855.9080417,3.613267200806087e-07,8.00330638885498,
Ant-v5,31,layer,multi,2.0,2.0,1.0,ok,,70fb480,zero,8.0,20,50,0.1,409,4096,409,389,201,2.0348258706467663,1.935323383084577,multi,random,0.6102278232574463,-2.1257131099700928,0.8004196882247925,0.0950745951326557,,,,,,,4.016129493713379,0.939982533454895,0.99747833,0.8844979163929002,0.5633118152618408,198,1.868410844507138e-28,308383855.9080417,3.613267200806087e-07,8.00662612915039,
HalfCheetah-v5,31,layer,first,1.0,2.0,0.5,ok,,70fb480,zero,32.0,20,50,0.3,1228,4096,1228,1061,201,6.109452736318408,5.278606965174129,first,random,1.231547236442566,-0.3765292465686798,1.4501615762710571,0.2232361869834797,,,,,,,3.5883352756500244,2.603745460510254,0.9926533199999998,0.0599319271027576,0.3160514831542969,201,11.444702033540498,4931706.352795623,1.8117816127503588e-10,32.02223587036133,
HalfCheetah-v5,31,layer,multi,2.0,2.0,1.0,ok,,70fb480,zero,32.0,20,50,0.3,1228,4096,1228,1061,201,6.109452736318408,5.278606965174129,multi,random,1.278878688812256,-0.2759621739387512,2.858516931533813,0.2232361869834797,,,,,,,4.262051582336426,2.157458543777466,0.993481955,0.3720385472186177,0.5769362449645996,201,11.444702033540498,4931706.352795623,1.8117816127503588e-10,32.031009674072266,
Hopper-v5,31,layer,first,1.0,2.0,0.5,ok,,70fb480,zero,32.0,20,50,0.3,1228,4096,1228,1061,201,6.109452736318408,5.278606965174129,first,random,0.1915595978498459,-1.524762511253357,0.0263138581067323,0.059254790143786,,,,,,,0.4134430885314941,0.7347861528396606,0.91016863,0.6532583175022613,0.288947582244873,200,1.427050063058806e-24,72360034760.68912,1.3341530547529183e-09,31.984939575195312,
Hopper-v5,31,layer,multi,2.0,2.0,1.0,ok,,70fb480,zero,32.0,20,50,0.3,1228,4096,1228,1061,201,6.109452736318408,5.278606965174129,multi,random,0.2034024447202682,-1.3964321613311768,0.0482747741043567,0.059254790143786,,,,,,,0.4293153285980224,0.4199493825435638,0.96732531,0.5165352559286501,0.6105446815490723,200,1.427050063058806e-24,72360034760.68912,1.3341530547529183e-09,32.01236343383789,
Humanoid-v5,31,layer,first,1.0,2.0,0.5,ok,,70fb480,zero,32.0,20,50,0.3,1228,4096,1228,1061,201,6.109452736318408,5.278606965174129,first,random,59.99238586425781,5.318603515625,155.3721160888672,1.5262568647447017,,,,,,,37.65410614013672,4.288246154785156,0.3147981199999999,0.7898265787904827,0.3714685440063476,201,23.21538933265241,146659359.00415808,3.683641529402352e-10,31.999759674072266,
Humanoid-v5,31,layer,multi,2.0,2.0,1.0,ok,,70fb480,zero,32.0,20,50,0.3,1228,4096,1228,1061,201,6.109452736318408,5.278606965174129,multi,random,59.98938751220703,5.280832290649414,159.49276733398438,1.5262568647447017,,,,,,,37.588600158691406,4.172694206237793,0.342828015,0.7649495423486748,0.6305942535400391,201,23.21538933265241,146659359.00415808,3.683641529402352e-10,32.019775390625,
Walker2d-v5,31,layer,first,1.0,2.0,0.5,ok,,70fb480,zero,16.0,20,50,0.3,1228,4096,1228,1061,201,6.109452736318408,5.278606965174129,first,random,0.5970391631126404,-0.961449384689331,0.2880388796329498,0.1210973716869401,,,,,,,2.7748873233795166,5.377513408660889,0.99084798,0.357196906729327,0.3125815391540527,201,5.044937833238598,455342.6526743127,3.879000317473094e-07,16.011117935180664,
Walker2d-v5,31,layer,multi,2.0,2.0,1.0,ok,,70fb480,zero,16.0,20,50,0.3,1228,4096,1228,1061,201,6.109452736318408,5.278606965174129,multi,random,0.6104068756103516,-0.8626922965049744,0.3341175019741058,0.1210973716869401,,,,,,,2.771801233291626,2.3215420246124268,0.99893921,0.3164418359572663,0.586592435836792,201,5.044937833238598,455342.6526743127,3.879000317473094e-07,16.015504837036133,
HumanoidStandup-v5,31,layer,first,1.0,2.0,0.5,ok,,70fb480,zero,8.0,20,50,0.2,819,4096,819,742,201,4.074626865671642,3.691542288557214,first,random,23.99580192565918,3.778034687042236,62.87227630615234,1.2221143370056216,,,,,,,40.28745269775391,6.034240245819092,0.763827775,0.6233199435029394,0.3550100326538086,201,44.86884378403825,4036816.6902586096,6.582956409323007e-09,7.999939918518066,
HumanoidStandup-v5,31,layer,multi,2.0,2.0,1.0,ok,,70fb480,zero,8.0,20,50,0.2,819,4096,819,742,201,4.074626865671642,3.691542288557214,multi,random,24.009536743164062,3.756690263748169,70.96546936035156,1.2221143370056216,,,,,,,40.20953750610352,5.402204513549805,0.8586804749999999,0.5915294142088433,0.6632168292999268,201,44.86884378403825,4036816.6902586096,6.582956409323007e-09,8.00494384765625,
Swimmer-v5,31,layer,first,1.0,2.0,0.5,ok,,70fb480,zero,8.0,20,50,0.05,204,4096,204,199,201,1.0149253731343284,0.9900497512437813,first,random,0.035296332091093,-1.961634874343872,0.0143598048016428,0.0198666699235188,,,,,,,0.5975956916809082,0.8370401859283447,0.99724723,0.7039123670192353,0.2536890506744385,201,0.0753756887579598,5163537.829267881,2.0849469671280265e-08,7.95310115814209,
Swimmer-v5,31,layer,multi,2.0,2.0,1.0,ok,,70fb480,zero,8.0,20,50,0.05,204,4096,204,199,201,1.0149253731343284,0.9900497512437813,multi,random,0.0413737744092941,-1.8787882328033447,0.0355243124067783,0.0198666699235188,,,,,,,0.690931499004364,1.1898154020309448,0.99667238,0.7760736800487369,0.5082221031188965,201,0.0753756887579598,5163537.829267881,2.0849469671280265e-08,7.981523513793945,
Reacher-v5,31,layer,first,1.0,2.0,0.5,ok,,70fb480,zero,8.0,20,50,0.05,204,4096,204,199,201,1.0149253731343284,0.9900497512437813,first,random,0.0889486968517303,-2.079953908920288,0.012259011156857,0.0290100153960257,,,,,,,0.5119110941886902,0.1005914211273193,0.994175155,0.8236177624026485,0.2799320220947265,201,0.476155849726353,346236.2883895338,5.409761081730289e-08,7.970071792602539,
Reacher-v5,31,layer,multi,2.0,2.0,1.0,ok,,70fb480,zero,8.0,20,50,0.05,204,4096,204,199,201,1.0149253731343284,0.9900497512437813,multi,random,0.0910321623086929,-1.7948459386825562,0.0228545572608709,0.0290100153960257,,,,,,,0.5734986662864685,0.0632454976439476,0.993554485,0.857713681646283,0.5011906623840332,201,0.476155849726353,346236.2883895338,5.409761081730289e-08,7.990008354187012,
Pusher-v5,31,layer,first,1.0,2.0,0.5,ok,,70fb480,zero,8.0,20,50,0.1,409,4096,409,389,201,2.0348258706467663,1.935323383084577,first,random,0.05200070515275,-2.5820798873901367,0.0029208057094365,0.0199551958161227,,,,,,,0.8692107200622559,0.8493150472640991,0.99999998,0.9210247598277738,0.268399715423584,199,1.7212757988199948e-30,566165553.4554032,2.4153561830619216e-07,8.013251304626465,
Pusher-v5,31,layer,multi,2.0,2.0,1.0,ok,,70fb480,zero,8.0,20,50,0.1,409,4096,409,389,201,2.0348258706467663,1.935323383084577,multi,random,0.0516078360378742,-2.572674036026001,0.0033353532198816,0.0199551958161227,,,,,,,0.823117196559906,0.6810278296470642,0.99999996,0.9074742157276318,0.5374736785888672,199,1.7212757988199948e-30,566165553.4554032,2.4153561830619216e-07,8.011598587036133,
InvertedPendulum-v5,31,layer,first,1.0,2.0,0.5,ok,,70fb480,zero,16.0,20,50,0.05,204,4096,204,199,201,1.0149253731343284,0.9900497512437813,first,random,0.0059079420752823,-3.498647451400757,0.0001302720920648,0.0062701188507367,,,,,,,0.0903467759490013,1.2647161483764648,0.96597404,0.8055789817046233,0.2978963851928711,201,0.0018629517515881,50901375.4120453,9.588105296809885e-08,15.833538055419922,
InvertedPendulum-v5,31,layer,multi,2.0,2.0,1.0,ok,,70fb480,zero,16.0,20,50,0.05,204,4096,204,199,201,1.0149253731343284,0.9900497512437813,multi,random,0.0060129505582153,-3.47155499458313,0.0001475928002037,0.0062701188507367,,,,,,,0.1213443055748939,-0.8736140131950378,0.97923058,0.8841672227703247,0.5429580211639404,201,0.0018629517515881,50901375.4120453,9.588105296809885e-08,15.926713943481444,
InvertedDoublePendulum-v5,31,layer,first,1.0,2.0,0.5,ok,,70fb480,zero,16.0,20,50,0.05,204,4096,204,199,201,1.0149253731343284,0.9900497512437813,first,random,0.0266063921153545,-2.3108816146850586,0.00875193066895,0.0125940400086605,,,,,,,1.3175952434539795,1.1957709789276123,0.99523397,0.9226665138106652,0.2963113784790039,176,1.5635341482658808e-27,1959394567.7855785,8.068679294119217e-08,15.90620231628418,
InvertedDoublePendulum-v5,31,layer,multi,2.0,2.0,1.0,ok,,70fb480,zero,16.0,20,50,0.05,204,4096,204,199,201,1.0149253731343284,0.9900497512437813,multi,random,0.026188800111413,-2.308572292327881,0.0080246422439813,0.0125940400086605,,,,,,,1.2601361274719238,1.1113622188568115,0.9952876399999998,0.8987561429803465,0.6117606163024902,176,1.5635341482658808e-27,1959394567.7855785,8.068679294119217e-08,15.96304702758789,
Ant-v5,37,layer,first,1.0,2.0,0.5,ok,,70fb480,zero,8.0,20,50,0.1,409,4096,409,389,201,2.0348258706467663,1.935323383084577,first,random,0.5702250599861145,-1.8276857137680051,0.5109078288078308,0.0529082444898064,,,,,,,2.900607109069824,0.7650554776191711,0.99810607,0.8970783919441664,0.3240795135498047,200,5.281505195743566e-29,109076438.37224466,7.472344868347376e-07,8.016841888427734,
Ant-v5,37,layer,multi,2.0,2.0,1.0,ok,,70fb480,zero,8.0,20,50,0.1,409,4096,409,389,201,2.0348258706467663,1.935323383084577,multi,random,0.5812671780586243,-1.801077127456665,0.673942506313324,0.0529082444898064,,,,,,,3.4794626235961914,1.0022165775299072,0.99818019,0.8572036009908941,0.573162317276001,200,5.281505195743566e-29,109076438.37224466,7.472344868347376e-07,8.018193244934082,
HalfCheetah-v5,37,layer,first,1.0,2.0,0.5,ok,,70fb480,zero,32.0,20,50,0.3,1228,4096,1228,1061,201,6.109452736318408,5.278606965174129,first,random,1.273086428642273,-0.2677446603775024,1.5408103466033936,0.2085838813166625,,,,,,,3.833655834197998,6.38783597946167,0.994268325,0.1101437168334197,0.2776727676391601,201,12.432235209694024,4207805.84822637,1.8617571923560096e-10,32.1794548034668,
HalfCheetah-v5,37,layer,multi,2.0,2.0,1.0,ok,,70fb480,zero,32.0,20,50,0.3,1228,4096,1228,1061,201,6.109452736318408,5.278606965174129,multi,random,1.310709834098816,-0.1924963444471359,3.1910808086395264,0.2085838813166625,,,,,,,4.164821147918701,2.2828989028930664,0.994367175,0.3396016517431857,0.5789251327514648,201,12.432235209694024,4207805.84822637,1.8617571923560096e-10,32.128814697265625,
Hopper-v5,37,layer,first,1.0,2.0,0.5,ok,,70fb480,zero,32.0,20,50,0.3,1228,4096,1228,1061,201,6.109452736318408,5.278606965174129,first,random,0.1728570610284805,-1.61424458026886,0.0235257185995578,0.0649218276535204,,,,,,,0.3774066865444183,0.6066668629646301,0.90519409,0.6029122335855922,0.2939953804016113,201,1.350562469990068,5326484.650962649,1.3404947676267141e-09,32.059783935546875,
Hopper-v5,37,layer,multi,2.0,2.0,1.0,ok,,70fb480,zero,32.0,20,50,0.3,1228,4096,1228,1061,201,6.109452736318408,5.278606965174129,multi,random,0.1870017945766449,-1.4704704284667969,0.0474268719553947,0.0649218276535204,,,,,,,0.4474841654300689,0.2629021108150482,0.9765754,0.622835743976226,0.6175203323364258,201,1.350562469990068,5326484.650962649,1.3404947676267141e-09,32.0689811706543,
Humanoid-v5,37,layer,first,1.0,2.0,0.5,ok,,70fb480,zero,32.0,20,50,0.3,1228,4096,1228,1061,201,6.109452736318408,5.278606965174129,first,random,54.63825607299805,4.789914608001709,150.6336669921875,1.6830138506863608,,,,,,,36.344512939453125,4.032632350921631,0.355916605,0.799165449098052,0.400897741317749,201,24.01195680746977,174430906.9458704,3.225202307673281e-10,31.989791870117188,
Humanoid-v5,37,layer,multi,2.0,2.0,1.0,ok,,70fb480,zero,32.0,20,50,0.3,1228,4096,1228,1061,201,6.109452736318408,5.278606965174129,multi,random,54.6423225402832,4.773785591125488,154.05613708496094,1.6830138506863608,,,,,,,36.3216552734375,3.922516107559204,0.385834905,0.7860141710879319,0.7188951969146729,201,24.01195680746977,174430906.9458704,3.225202307673281e-10,32.03398513793945,
Walker2d-v5,37,layer,first,1.0,2.0,0.5,ok,,70fb480,zero,16.0,20,50,0.3,1228,4096,1228,1061,201,6.109452736318408,5.278606965174129,first,random,0.6698204278945923,-0.7725895047187805,0.3137937188148498,0.1353635113984839,,,,,,,2.7623541355133057,5.479976654052734,0.9872992,0.2673689266945018,0.2882928848266601,201,4.179992832786102,603699.2318756093,3.493798264361092e-07,16.0897274017334,
Walker2d-v5,37,layer,multi,2.0,2.0,1.0,ok,,70fb480,zero,16.0,20,50,0.3,1228,4096,1228,1061,201,6.109452736318408,5.278606965174129,multi,random,0.6794302463531494,-0.7414659857749939,0.369704008102417,0.1353635113984839,,,,,,,2.748889923095703,2.1654460430145264,0.99797099,0.3169066946420177,0.593440055847168,201,4.179992832786102,603699.2318756093,3.493798264361092e-07,16.064407348632812,
HumanoidStandup-v5,37,layer,first,1.0,2.0,0.5,ok,,70fb480,zero,8.0,20,50,0.2,819,4096,819,742,201,4.074626865671642,3.691542288557214,first,random,47.20786666870117,6.713569164276123,194.1569366455078,1.1733084717198277,,,,,,,72.11778259277344,6.345659732818604,0.851876995,0.771440742861036,0.3502154350280761,201,27.66646206961721,7934005.501383011,6.2682326897756944e-09,7.997447967529297,
HumanoidStandup-v5,37,layer,multi,2.0,2.0,1.0,ok,,70fb480,zero,8.0,20,50,0.2,819,4096,819,742,201,4.074626865671642,3.691542288557214,multi,random,47.46923065185547,6.598775386810303,649.3643188476562,1.1733084717198277,,,,,,,71.42971801757812,5.707250118255615,0.908503185,0.6245867904054891,0.648496150970459,201,27.66646206961721,7934005.501383011,6.2682326897756944e-09,8.008496284484863,
Swimmer-v5,37,layer,first,1.0,2.0,0.5,ok,,70fb480,zero,8.0,20,50,0.05,204,4096,204,199,201,1.0149253731343284,0.9900497512437813,first,random,0.5753877758979797,0.1185866147279739,16.03498077392578,0.0165665567486224,,,,,,,16.196866989135742,4.8877153396606445,0.99341235,0.9998129292021282,0.2768964767456054,201,0.0441447928044692,10228133.264486136,1.8492573884496214e-08,8.002520561218262,
Swimmer-v5,37,layer,multi,2.0,2.0,1.0,ok,,70fb480,zero,8.0,20,50,0.05,204,4096,204,199,201,1.0149253731343284,0.9900497512437813,multi,random,0.2201816588640213,-1.021966576576233,2.261223793029785,0.0165665567486224,,,,,,,6.211595058441162,3.507109403610229,0.995147995,0.99842789462426,0.5477726459503174,201,0.0441447928044692,10228133.264486136,1.8492573884496214e-08,8.011033058166504,
Reacher-v5,37,layer,first,1.0,2.0,0.5,ok,,70fb480,zero,8.0,20,50,0.05,204,4096,204,199,201,1.0149253731343284,0.9900497512437813,first,random,0.0826814770698547,-2.173448085784912,0.0095155555754899,0.0289561518381709,,,,,,,0.5033080577850342,0.0949748307466507,0.99390355,0.7856474281235452,0.2807292938232422,201,0.5402003521959153,308013.49614785955,5.09613663250709e-08,7.979766845703125,
Reacher-v5,37,layer,multi,2.0,2.0,1.0,ok,,70fb480,zero,8.0,20,50,0.05,204,4096,204,199,201,1.0149253731343284,0.9900497512437813,multi,random,0.0841501727700233,-1.8893951177597048,0.0197166763246059,0.0289561518381709,,,,,,,0.5826424956321716,0.0686263591051101,0.99217527,0.874914027135765,0.6191773414611816,201,0.5402003521959153,308013.49614785955,5.09613663250709e-08,7.999655723571777,
Pusher-v5,37,layer,first,1.0,2.0,0.5,ok,,70fb480,zero,8.0,20,50,0.1,409,4096,409,389,201,2.0348258706467663,1.935323383084577,first,random,0.0525054819881916,-2.4002349376678467,0.0028703969437628,0.0194736927471733,,,,,,,0.7918056845664978,0.7187516689300537,0.99999987,0.8960726996594798,0.2915055751800537,199,5.905245625064271e-31,484956999.4346293,2.760763864247152e-07,8.018158912658691,
Pusher-v5,37,layer,multi,2.0,2.0,1.0,ok,,70fb480,zero,8.0,20,50,0.1,409,4096,409,389,201,2.0348258706467663,1.935323383084577,multi,random,0.0526528768241405,-2.3905744552612305,0.0032691326923668,0.0194736927471733,,,,,,,0.7657532095909119,0.595802903175354,0.99999977,0.8731131908620865,0.6484580039978027,199,5.905245625064271e-31,484956999.4346293,2.760763864247152e-07,8.018852233886719,
InvertedPendulum-v5,37,layer,first,1.0,2.0,0.5,ok,,70fb480,zero,16.0,20,50,0.05,204,4096,204,199,201,1.0149253731343284,0.9900497512437813,first,random,0.0148558728396892,-2.2570912837982178,0.0001267259794985,0.0052655561198207,,,,,,,0.0930084660649299,2.470412015914917,0.94840425,0.6656859254088474,0.2851793766021728,201,0.0018023502821523,59899407.7123515,8.996899334660778e-08,16.284053802490234,
InvertedPendulum-v5,37,layer,multi,2.0,2.0,1.0,ok,,70fb480,zero,16.0,20,50,0.05,204,4096,204,199,201,1.0149253731343284,0.9900497512437813,multi,random,0.0149053381755948,-2.4955084323883057,0.0001601113181095,0.0052655561198207,,,,,,,0.1119958981871604,-0.765358567237854,0.97629507,0.8481806328098064,0.6067111492156982,201,0.0018023502821523,59899407.7123515,8.996899334660778e-08,16.161571502685547,
InvertedDoublePendulum-v5,37,layer,first,1.0,2.0,0.5,ok,,70fb480,zero,16.0,20,50,0.05,204,4096,204,199,201,1.0149253731343284,0.9900497512437813,first,random,0.0243860352784395,-2.401716709136963,0.0070932204835116,0.0061125829236925,,,,,,,1.3547167778015137,1.1482160091400146,0.99783836,0.821368863697081,0.3048834800720215,179,1.871750047229265e-27,2089016995.538766,7.964083948734324e-08,16.005041122436523,
InvertedDoublePendulum-v5,37,layer,multi,2.0,2.0,1.0,ok,,70fb480,zero,16.0,20,50,0.05,204,4096,204,199,201,1.0149253731343284,0.9900497512437813,multi,random,0.0254536662250757,-2.4041554927825928,0.0071811699308454,0.0061125829236925,,,,,,,1.4699960947036743,1.08012056350708,0.99763884,0.845331303689313,0.5532584190368652,179,1.871750047229265e-27,2089016995.538766,7.964083948734324e-08,16.022066116333008,
Ant-v5,41,layer,first,1.0,2.0,0.5,ok,,70fb480,zero,8.0,20,50,0.1,409,4096,409,389,201,2.0348258706467663,1.935323383084577,first,random,0.5509968996047974,-2.1150882244110107,0.4849783480167389,0.0362762719964538,,,,,,,3.193442106246948,0.7529692053794861,0.99773597,0.9033621988344624,0.3087899684906006,198,1.4040048990813747e-28,267433945.03180093,4.084631031045821e-07,8.019475936889648,
Ant-v5,41,layer,multi,2.0,2.0,1.0,ok,,70fb480,zero,8.0,20,50,0.1,409,4096,409,389,201,2.0348258706467663,1.935323383084577,multi,random,0.5938018560409546,-2.0640065670013428,0.8839260935783386,0.0362762719964538,,,,,,,4.910868644714356,1.241850972175598,0.99791474,0.7861746047811802,0.6183404922485352,198,1.4040048990813747e-28,267433945.03180093,4.084631031045821e-07,8.009130477905273,
HalfCheetah-v5,41,layer,first,1.0,2.0,0.5,ok,,70fb480,zero,32.0,20,50,0.3,1228,4096,1228,1061,201,6.109452736318408,5.278606965174129,first,random,1.3322097063064575,-0.2917481064796448,1.6085457801818848,0.220414691223881,,,,,,,3.803814172744751,2.7864034175872803,0.98801268,0.1325055197646452,0.2596402168273926,201,12.222195330335754,5459465.892811126,1.5707125829064989e-10,31.82783508300781,
HalfCheetah-v5,41,layer,multi,2.0,2.0,1.0,ok,,70fb480,zero,32.0,20,50,0.3,1228,4096,1228,1061,201,6.109452736318408,5.278606965174129,multi,random,1.365741729736328,-0.2180843353271484,3.046823263168335,0.220414691223881,,,,,,,4.589085102081299,2.152477264404297,0.9921431300000002,0.4760526984876678,0.5383157730102539,201,12.222195330335754,5459465.892811126,1.5707125829064989e-10,31.911487579345703,
Hopper-v5,41,layer,first,1.0,2.0,0.5,ok,,70fb480,zero,32.0,20,50,0.3,1228,4096,1228,1061,201,6.109452736318408,5.278606965174129,first,random,0.1602534800767898,-1.856349349021912,0.0193250607699155,0.0675893459416742,,,,,,,0.4719038307666778,1.494609236717224,0.93398665,0.642999609881286,0.2987539768218994,201,0.5674279565949331,11339067.640213346,1.4134017409966211e-09,32.28367614746094,
Hopper-v5,41,layer,multi,2.0,2.0,1.0,ok,,70fb480,zero,32.0,20,50,0.3,1228,4096,1228,1061,201,6.109452736318408,5.278606965174129,multi,random,0.1701915264129638,-1.6633034944534302,0.0282211992889642,0.0675893459416742,,,,,,,0.450283944606781,0.3331757485866546,0.98923181,0.6055408974944921,0.5712971687316895,201,0.5674279565949331,11339067.640213346,1.4134017409966211e-09,32.139408111572266,
Humanoid-v5,41,layer,first,1.0,2.0,0.5,ok,,70fb480,zero,32.0,20,50,0.3,1228,4096,1228,1061,201,6.109452736318408,5.278606965174129,first,random,84.239990234375,6.064651966094971,220.9751892089844,1.9016401568363157,,,,,,,48.75655364990234,4.57476282119751,0.3708686399999999,0.8293725704041187,0.3709425926208496,201,24.202166939514814,163684425.78826976,3.214570529695177e-10,31.969749450683597,
Humanoid-v5,41,layer,multi,2.0,2.0,1.0,ok,,70fb480,zero,32.0,20,50,0.3,1228,4096,1228,1061,201,6.109452736318408,5.278606965174129,multi,random,84.25367736816406,6.058585643768311,222.09527587890625,1.9016401568363157,,,,,,,48.85371780395508,4.497426509857178,0.388953065,0.821776607904558,0.6307966709136963,201,24.202166939514814,163684425.78826976,3.214570529695177e-10,31.982444763183597,
Walker2d-v5,41,layer,first,1.0,2.0,0.5,ok,,70fb480,zero,16.0,20,50,0.3,1228,4096,1228,1061,201,6.109452736318408,5.278606965174129,first,random,0.6054310202598572,-0.935933530330658,0.3242731094360351,0.1322380029430313,,,,,,,2.863280773162842,5.452992916107178,0.9883984100000002,0.3194547653204643,0.3303687572479248,201,3.982798827077992,685942.463474404,3.3611677831450024e-07,15.913917541503906,
Walker2d-v5,41,layer,multi,2.0,2.0,1.0,ok,,70fb480,zero,16.0,20,50,0.3,1228,4096,1228,1061,201,6.109452736318408,5.278606965174129,multi,random,0.6181793212890625,-0.834108293056488,0.3671888709068298,0.1322380029430313,,,,,,,2.8826587200164795,2.4409162998199463,0.99648812,0.3095901771451894,0.6942417621612549,201,3.982798827077992,685942.463474404,3.3611677831450024e-07,15.955743789672852,
HumanoidStandup-v5,41,layer,first,1.0,2.0,0.5,ok,,70fb480,zero,8.0,20,50,0.2,819,4096,819,742,201,4.074626865671642,3.691542288557214,first,random,107.89537811279295,10.567800521850586,530.551025390625,1.9830582078568035,,,,,,,149.49642944335938,5.306941509246826,0.912200325,0.8674178061599849,0.3592710494995117,201,25.667378209879743,8488793.391995475,5.8561162626662125e-09,7.992437362670898,
HumanoidStandup-v5,41,layer,multi,2.0,2.0,1.0,ok,,70fb480,zero,8.0,20,50,0.2,819,4096,819,742,201,4.074626865671642,3.691542288557214,multi,random,108.0012664794922,10.557710647583008,870.8726806640625,1.9830582078568035,,,,,,,162.05459594726562,5.452735900878906,0.9672175199999998,0.8438137283797316,0.6489694118499756,201,25.667378209879743,8488793.391995475,5.8561162626662125e-09,7.995611190795898,
Swimmer-v5,41,layer,first,1.0,2.0,0.5,ok,,70fb480,zero,8.0,20,50,0.05,204,4096,204,199,201,1.0149253731343284,0.9900497512437813,first,random,0.0398563407361507,-1.8684440851211548,0.0143061485141515,0.0208963406022245,,,,,,,0.564028799533844,0.8460505604743958,0.99558416,0.4473306457486484,0.2817399501800537,201,0.0511689152126979,8612252.310086781,1.9008031751950922e-08,8.106316566467285,
Swimmer-v5,41,layer,multi,2.0,2.0,1.0,ok,,70fb480,zero,8.0,20,50,0.05,204,4096,204,199,201,1.0149253731343284,0.9900497512437813,multi,random,0.0472905486822128,-1.8354878425598145,0.0354362353682518,0.0208963406022245,,,,,,,0.6220889687538147,1.0540564060211182,0.9930729,0.5711041911007553,0.5133256912231445,201,0.0511689152126979,8612252.310086781,1.9008031751950922e-08,8.052550315856934,
Reacher-v5,41,layer,first,1.0,2.0,0.5,ok,,70fb480,zero,8.0,20,50,0.05,204,4096,204,199,201,1.0149253731343284,0.9900497512437813,first,random,0.0857429429888725,-1.96296489238739,0.0142427897080779,0.029894103602678,,,,,,,0.5942606925964355,0.2624216079711914,0.99335055,0.8152738715676303,0.2904810905456543,201,0.3966373558044892,419058.7964433955,4.9778718875516126e-08,7.997076988220215,
Reacher-v5,41,layer,multi,2.0,2.0,1.0,ok,,70fb480,zero,8.0,20,50,0.05,204,4096,204,199,201,1.0149253731343284,0.9900497512437813,multi,random,0.0899655520915985,-1.6904246807098389,0.0262621864676475,0.029894103602678,,,,,,,0.7004337310791016,0.1240853071212768,0.99296188,0.8593351315290852,0.588719367980957,201,0.3966373558044892,419058.7964433955,4.9778718875516126e-08,7.997931003570557,
Pusher-v5,41,layer,first,1.0,2.0,0.5,ok,,70fb480,zero,8.0,20,50,0.1,409,4096,409,389,201,2.0348258706467663,1.935323383084577,first,random,0.0534524507820606,-2.460294723510742,0.0030255913734436,0.0209040922104626,,,,,,,0.7590516805648804,0.8699185252189636,0.99999914,0.8231070700829479,0.3072290420532226,200,1.8134048123936367e-30,576122300.0347031,2.239174735143969e-07,7.965632438659668,
Pusher-v5,41,layer,multi,2.0,2.0,1.0,ok,,70fb480,zero,8.0,20,50,0.1,409,4096,409,389,201,2.0348258706467663,1.935323383084577,multi,random,0.0535795427858829,-2.444794178009033,0.0033584104385226,0.0209040922104626,,,,,,,0.7555280327796936,0.6615757942199707,0.99999945,0.8136301744336244,0.5769507884979248,200,1.8134048123936367e-30,576122300.0347031,2.239174735143969e-07,7.982208728790283,
InvertedPendulum-v5,41,layer,first,1.0,2.0,0.5,ok,,70fb480,zero,16.0,20,50,0.05,204,4096,204,199,201,1.0149253731343284,0.9900497512437813,first,random,0.0189024955034255,-2.5594675540924072,0.0010432896669954,0.0064225085028565,,,,,,,0.1781658679246902,3.6131279468536377,0.8570755149999998,0.1765134382881934,0.3115155696868896,201,0.0013751819401702,74704615.66409284,9.990257107549329e-08,16.154319763183594,
InvertedPendulum-v5,41,layer,multi,2.0,2.0,1.0,ok,,70fb480,zero,16.0,20,50,0.05,204,4096,204,199,201,1.0149253731343284,0.9900497512437813,multi,random,0.0187746509909629,-2.5451500415802,0.0011229044757783,0.0064225085028565,,,,,,,0.1927475184202194,-0.7706687450408936,0.94660994,0.6793897740039359,0.6504111289978027,201,0.0013751819401702,74704615.66409284,9.990257107549329e-08,16.075946807861328,
InvertedDoublePendulum-v5,41,layer,first,1.0,2.0,0.5,ok,,70fb480,zero,16.0,20,50,0.05,204,4096,204,199,201,1.0149253731343284,0.9900497512437813,first,random,0.0303913373500108,-2.2255337238311768,0.006019196473062,0.0082618646193456,,,,,,,1.662386417388916,1.1565021276474,0.99465006,0.9346770329415744,0.3110184669494629,175,8.115009428614838e-28,1940751307.2069168,8.513475838598133e-08,16.21263313293457,
InvertedDoublePendulum-v5,41,layer,multi,2.0,2.0,1.0,ok,,70fb480,zero,16.0,20,50,0.05,204,4096,204,199,201,1.0149253731343284,0.9900497512437813,multi,random,0.0326735153794288,-2.2224762439727783,0.0071836211718618,0.0082618646193456,,,,,,,1.7033499479293823,1.1672849655151367,0.99503848,0.9390281881502818,0.6153757572174072,175,8.115009428614838e-28,1940751307.2069168,8.513475838598133e-08,16.105100631713867,
Ant-v5,100,layer,first,1.0,2.0,0.5,ok,,70fb480,zero,8.0,20,50,0.1,409,4096,409,389,201,2.0348258706467663,1.935323383084577,first,random,0.6336640119552612,-2.000264406204224,0.6469510793685913,0.1169845639188592,0.7886378765106201,-0.5410551428794861,0.84868985,0.9705616235733032,0.1057339608669281,0.8865210699999999,3.1333706378936768,1.1317256689071655,0.99461101,0.9011855430472626,0.3198111057281494,196,7.961876440547933e-29,165291937.4063363,5.41741395652013e-07,7.99249267578125,
Ant-v5,100,layer,multi,2.0,2.0,1.0,ok,,70fb480,zero,8.0,20,50,0.1,409,4096,409,389,201,2.0348258706467663,1.935323383084577,multi,random,0.6234493851661682,-2.00069522857666,0.7466956973075867,0.1169845639188592,0.8760145306587219,-0.338873028755188,0.8422516199999999,1.050342321395874,0.0407864116132259,0.8896087399999999,2.793229818344116,0.9423530101776124,0.994088565,0.6975136943914145,0.6033518314361572,196,7.961876440547933e-29,165291937.4063363,5.41741395652013e-07,7.991510391235352,
HalfCheetah-v5,100,layer,first,1.0,2.0,0.5,ok,,70fb480,zero,32.0,20,50,0.3,1228,4096,1228,1061,201,6.109452736318408,5.278606965174129,first,random,1.168522834777832,-0.4598590135574341,1.3771512508392334,0.2060568577290989,2.7145771980285645,4.179673671722412,0.826356875,4.411861419677734,1.54637610912323,0.9883545700000002,3.543767213821411,5.107864856719971,0.99210144,0.0955170577163167,0.3039438724517822,201,9.48857037390407,6976146.683145279,1.5792033494971766e-10,32.138179779052734,
HalfCheetah-v5,100,layer,multi,2.0,2.0,1.0,ok,,70fb480,zero,32.0,20,50,0.3,1228,4096,1228,1061,201,6.109452736318408,5.278606965174129,multi,random,1.204700946807861,-0.3763457834720611,2.133251190185547,0.2060568577290989,2.773120403289795,1.1436898708343506,0.863931585,4.565537929534912,1.6395010948181152,0.98417854,3.89623761177063,2.268460512161255,0.994199,0.2429627591387298,0.6478369235992432,201,9.48857037390407,6976146.683145279,1.5792033494971766e-10,32.05014419555664,
Hopper-v5,100,layer,first,1.0,2.0,0.5,ok,,70fb480,zero,32.0,20,50,0.3,1228,4096,1228,1061,201,6.109452736318408,5.278606965174129,first,random,0.1580775082111358,-1.7810606956481934,0.0161012485623359,0.0975026396222664,0.3070885837078094,0.6876779794692993,0.8386186399999999,0.3720755577087402,1.339579463005066,0.8845839599999998,0.4033819139003753,0.4689575731754303,0.94550457,0.6751990924420933,0.297529935836792,201,0.7118173555611678,8205931.971433393,1.4995501298959262e-09,31.874265670776367,
Hopper-v5,100,layer,multi,2.0,2.0,1.0,ok,,70fb480,zero,32.0,20,50,0.3,1228,4096,1228,1061,201,6.109452736318408,5.278606965174129,multi,random,0.1674762964248657,-1.615714192390442,0.0293817017227411,0.0975026396222664,0.3172581493854522,-0.0046943202614784,0.909980855,0.453064352273941,0.3488441109657287,0.95949958,0.4424219727516174,0.3406102955341339,0.9896827,0.6616786489387266,0.6028823852539062,201,0.7118173555611678,8205931.971433393,1.4995501298959262e-09,31.91818618774414,
Humanoid-v5,100,layer,first,1.0,2.0,0.5,ok,,70fb480,zero,32.0,20,50,0.3,1228,4096,1228,1061,201,6.109452736318408,5.278606965174129,first,random,40.84208297729492,3.3345580101013184,100.88285064697266,2.088935257755378,35.9074821472168,3.5099782943725586,0.572531745,29.501754760742188,3.5683553218841557,0.41046206,28.64730262756348,3.5756959915161133,0.3208020099999999,0.6517912291315553,0.3489859104156494,201,27.22464897565858,128807679.0653329,3.7508775924937846e-10,31.97140312194824,
Humanoid-v5,100,layer,multi,2.0,2.0,1.0,ok,,70fb480,zero,32.0,20,50,0.3,1228,4096,1228,1061,201,6.109452736318408,5.278606965174129,multi,random,40.8297233581543,3.319974184036255,102.08513641357422,2.088935257755378,35.89255905151367,3.4703786373138428,0.57776203,29.47449111938477,3.48303484916687,0.4715164149999999,28.635257720947266,3.487556219100952,0.3391459,0.6619031501079456,0.6462082862854004,201,27.22464897565858,128807679.0653329,3.7508775924937846e-10,31.96675682067871,
Walker2d-v5,100,layer,first,1.0,2.0,0.5,ok,,70fb480,zero,16.0,20,50,0.3,1228,4096,1228,1061,201,6.109452736318408,5.278606965174129,first,random,0.5738875865936279,-1.0278087854385376,0.274278849363327,0.1276749250550479,,,,,,,2.856381893157959,4.875150203704834,0.99443298,0.31997106957339,0.2768886089324951,201,3.6733138141906463,845691.0492427385,3.076612985393525e-07,16.069089889526367,
Walker2d-v5,100,layer,multi,2.0,2.0,1.0,ok,,70fb480,zero,16.0,20,50,0.3,1228,4096,1228,1061,201,6.109452736318408,5.278606965174129,multi,random,0.5877731442451477,-0.9081827402114868,0.3214151561260223,0.1276749250550479,,,,,,,2.821444272994995,2.1759021282196045,0.99853015,0.3096895122876823,0.5830910205841064,201,3.6733138141906463,845691.0492427385,3.076612985393525e-07,16.02507209777832,
HumanoidStandup-v5,100,layer,first,1.0,2.0,0.5,ok,,70fb480,zero,8.0,20,50,0.2,819,4096,819,742,201,4.074626865671642,3.691542288557214,first,random,22.0235652923584,2.424426317214966,201.85548400878903,1.362031730623771,,,,,,,51.64746475219727,8.893118858337402,0.95646634,0.7065958307785573,0.3706142902374267,201,24.42761309715886,7677976.067457582,7.1997161571501555e-09,7.992850780487059,
HumanoidStandup-v5,100,layer,multi,2.0,2.0,1.0,ok,,70fb480,zero,8.0,20,50,0.2,819,4096,819,742,201,4.074626865671642,3.691542288557214,multi,random,21.68202018737793,2.2280561923980717,376.7296752929688,1.362031730623771,,,,,,,49.45577621459961,6.5367631912231445,0.956364655,0.686835799168721,0.6769487857818604,201,24.42761309715886,7677976.067457582,7.1997161571501555e-09,7.991689205169678,
Swimmer-v5,100,layer,first,1.0,2.0,0.5,ok,,70fb480,zero,8.0,20,50,0.05,204,4096,204,199,201,1.0149253731343284,0.9900497512437813,first,random,0.0327339693903923,-2.034109115600586,0.0196192990988492,0.0176924735534327,,,,,,,0.5588406324386597,1.036099910736084,0.99595131,0.5591372496987274,0.2945384979248047,201,0.045587296935553,10102399.713609807,1.8197590638488244e-08,7.99149751663208,
Swimmer-v5,100,layer,multi,2.0,2.0,1.0,ok,,70fb480,zero,8.0,20,50,0.05,204,4096,204,199,201,1.0149253731343284,0.9900497512437813,multi,random,0.0447783917188644,-1.9136335849761963,0.0674350410699844,0.0176924735534327,,,,,,,0.7201138138771057,1.1896077394485474,0.99343028,0.745268340629155,0.554084300994873,201,0.045587296935553,10102399.713609807,1.8197590638488244e-08,7.991012096405029,
Reacher-v5,100,layer,first,1.0,2.0,0.5,ok,,70fb480,zero,8.0,20,50,0.05,204,4096,204,199,201,1.0149253731343284,0.9900497512437813,first,random,0.0681698620319366,-2.126230478286743,0.0124650727957487,0.0304124511488528,,,,,,,0.4924569129943847,0.1183192953467369,0.994905705,0.7673416592043227,1.4410150051116943,201,0.5773468225840817,315842.03993235127,4.6620094144089496e-08,7.992555618286133,
Reacher-v5,100,layer,multi,2.0,2.0,1.0,ok,,70fb480,zero,8.0,20,50,0.05,204,4096,204,199,201,1.0149253731343284,0.9900497512437813,multi,random,0.0703170225024223,-1.816691875457764,0.0240979027003049,0.0304124511488528,,,,,,,0.6041061878204346,0.1579254269599914,0.99416076,0.8657323470259206,0.64133620262146,201,0.5773468225840817,315842.03993235127,4.6620094144089496e-08,7.991541385650635,
Pusher-v5,100,layer,first,1.0,2.0,0.5,ok,,70fb480,zero,8.0,20,50,0.1,409,4096,409,389,201,2.0348258706467663,1.935323383084577,first,random,0.0543132573366165,-2.2728843688964844,0.004260023124516,0.0256355049200333,,,,,,,0.8598099946975708,1.0090112686157229,0.99999804,0.8948501382852396,0.3237607479095459,200,1.8341137459067765e-30,615677246.5981064,2.2081974498533266e-07,8.042583465576172,
Pusher-v5,100,layer,multi,2.0,2.0,1.0,ok,,70fb480,zero,8.0,20,50,0.1,409,4096,409,389,201,2.0348258706467663,1.935323383084577,multi,random,0.0543607808649539,-2.260885715484619,0.0046538775786757,0.0256355049200333,,,,,,,0.7930757999420166,0.7829698920249939,0.99999911,0.8738673836344034,0.5944576263427734,200,1.8341137459067765e-30,615677246.5981064,2.2081974498533266e-07,8.016555786132812,
InvertedPendulum-v5,100,layer,first,1.0,2.0,0.5,ok,,70fb480,zero,16.0,20,50,0.05,204,4096,204,199,201,1.0149253731343284,0.9900497512437813,first,random,0.007219866849482,-3.410956859588623,0.0001673770602792,0.0088629487320282,,,,,,,0.0851494148373603,3.2686307430267334,0.97569791,0.7222282857844494,0.3008904457092285,201,0.0029827974938835,24156287.43737396,1.3576326917607718e-07,15.909112930297852,
InvertedPendulum-v5,100,layer,multi,2.0,2.0,1.0,ok,,70fb480,zero,16.0,20,50,0.05,204,4096,204,199,201,1.0149253731343284,0.9900497512437813,multi,random,0.0072880405932664,-3.3307764530181885,0.0002419652882963,0.0088629487320282,,,,,,,0.0961551144719123,-1.002012848854065,0.98525621,0.8626006962725947,0.5950372219085693,201,0.0029827974938835,24156287.43737396,1.3576326917607718e-07,15.945083618164062,
InvertedDoublePendulum-v5,100,layer,first,1.0,2.0,0.5,ok,,70fb480,zero,16.0,20,50,0.05,204,4096,204,199,201,1.0149253731343284,0.9900497512437813,first,random,0.0246801152825355,-1.5993069410324097,0.0098256543278694,0.0147186427829832,,,,,,,1.0341057777404783,1.1354655027389526,0.99668393,0.800402511528025,0.3263154029846191,188,7.228374128155095e-28,1344801554.8611898,1.1252292876182593e-07,15.98299503326416,
InvertedDoublePendulum-v5,100,layer,multi,2.0,2.0,1.0,ok,,70fb480,zero,16.0,20,50,0.05,204,4096,204,199,201,1.0149253731343284,0.9900497512437813,multi,random,0.0250386521220207,-1.5980868339538574,0.0103235160931944,0.0147186427829832,,,,,,,1.0845249891281128,1.095248818397522,0.99661578,0.6657437243614373,0.5863296985626221,188,7.228374128155095e-28,1344801554.8611898,1.1252292876182593e-07,15.98202419281006,
Ant-v5,123,layer,first,1.0,2.0,0.5,ok,,70fb480,zero,8.0,20,50,0.1,409,4096,409,389,201,2.0348258706467663,1.935323383084577,first,random,0.5908728837966919,-1.3449621200561523,0.5411668419837952,0.0340026965992363,,,,,,,4.192531108856201,1.637704849243164,0.99828024,0.8964038459040384,0.3310632705688476,201,5.7686462200547824e-05,233449145.41956985,2.970466208203791e-07,7.981297492980957,
Ant-v5,123,layer,multi,2.0,2.0,1.0,ok,,70fb480,zero,8.0,20,50,0.1,409,4096,409,389,201,2.0348258706467663,1.935323383084577,multi,random,0.5724794864654541,-1.2648394107818604,0.5805680155754089,0.0340026965992363,,,,,,,3.156308889389038,1.1654831171035769,0.9985571799999998,0.8112931607553654,0.6392016410827637,201,5.7686462200547824e-05,233449145.41956985,2.970466208203791e-07,7.989378929138184,
HalfCheetah-v5,123,layer,first,1.0,2.0,0.5,ok,,70fb480,zero,32.0,20,50,0.3,1228,4096,1228,1061,201,6.109452736318408,5.278606965174129,first,random,1.2653584480285645,-0.3038186132907867,1.4646925926208496,0.203451424387324,,,,,,,3.71563982963562,5.198943138122559,0.9880623749999998,0.1049236320548101,0.2984406948089599,201,13.407965313368958,4455628.511830739,1.709552904930313e-10,32.03269958496094,
HalfCheetah-v5,123,layer,multi,2.0,2.0,1.0,ok,,70fb480,zero,32.0,20,50,0.3,1228,4096,1228,1061,201,6.109452736318408,5.278606965174129,multi,random,1.2926456928253174,-0.2628609836101532,2.1450390815734863,0.203451424387324,,,,,,,3.944500684738159,2.5269453525543213,0.9930195,0.2226027084373627,0.5475060939788818,201,13.407965313368958,4455628.511830739,1.709552904930313e-10,32.011268615722656,
Hopper-v5,123,layer,first,1.0,2.0,0.5,ok,,70fb480,zero,32.0,20,50,0.3,1228,4096,1228,1061,201,6.109452736318408,5.278606965174129,first,random,0.18280990421772,-1.6272854804992676,0.0396437495946884,0.0644392724593526,,,,,,,0.4495307207107544,0.5440756678581238,0.8915514900000001,0.7219337459843322,0.315885066986084,201,2.062706768774811,3022243.451336021,1.510085177929439e-09,32.12420654296875,
Hopper-v5,123,layer,multi,2.0,2.0,1.0,ok,,70fb480,zero,32.0,20,50,0.3,1228,4096,1228,1061,201,6.109452736318408,5.278606965174129,multi,random,0.1912706792354583,-1.4916211366653442,0.0527217760682106,0.0644392724593526,,,,,,,0.4283683598041534,0.3578750491142273,0.95993762,0.6810807385049803,0.5789549350738525,201,2.062706768774811,3022243.451336021,1.510085177929439e-09,32.05702209472656,
Humanoid-v5,123,layer,first,1.0,2.0,0.5,ok,,70fb480,zero,32.0,20,50,0.3,1228,4096,1228,1061,201,6.109452736318408,5.278606965174129,first,random,40.862674713134766,3.3154618740081787,116.10922241210938,1.8561869053455464,,,,,,,30.04509735107422,3.489143848419189,0.49837408,0.7444255804016554,0.3762681484222412,201,24.669597961138976,185271299.91931185,2.918685448370437e-10,32.05527877807617,
Humanoid-v5,123,layer,multi,2.0,2.0,1.0,ok,,70fb480,zero,32.0,20,50,0.3,1228,4096,1228,1061,201,6.109452736318408,5.278606965174129,multi,random,40.81234359741211,3.294548273086548,117.42133331298828,1.8561869053455464,,,,,,,30.002294540405277,3.4399914741516118,0.50520289,0.7417259243817097,0.7186243534088135,201,24.669597961138976,185271299.91931185,2.918685448370437e-10,32.022560119628906,
Walker2d-v5,123,layer,first,1.0,2.0,0.5,ok,,70fb480,zero,16.0,20,50,0.3,1228,4096,1228,1061,201,6.109452736318408,5.278606965174129,first,random,0.6010748147964478,-0.8962476253509521,0.3094743490219116,0.1410572120299013,,,,,,,2.802324056625366,3.5870611667633057,0.99419347,0.2857563544335644,0.2791619300842285,201,5.191930808900994,520602.0235498376,3.408708949900145e-07,16.01634979248047,
Walker2d-v5,123,layer,multi,2.0,2.0,1.0,ok,,70fb480,zero,16.0,20,50,0.3,1228,4096,1228,1061,201,6.109452736318408,5.278606965174129,multi,random,0.6137938499450684,-0.8134246468544006,0.3516823947429657,0.1410572120299013,,,,,,,2.7958993911743164,1.928126096725464,0.99825509,0.3486372094266475,0.4987308979034424,201,5.191930808900994,520602.0235498376,3.408708949900145e-07,16.005634307861328,
HumanoidStandup-v5,123,layer,first,1.0,2.0,0.5,ok,,70fb480,zero,8.0,20,50,0.2,819,4096,819,742,201,4.074626865671642,3.691542288557214,first,random,21.11432456970215,3.341376304626465,57.99188232421875,1.077637764243896,,,,,,,37.28606033325195,8.063657760620117,0.8402021650000001,0.543755644906819,0.3507633209228515,201,29.522288703633,9993790.709205529,4.9538913559437685e-09,8.013819694519043,
HumanoidStandup-v5,123,layer,multi,2.0,2.0,1.0,ok,,70fb480,zero,8.0,20,50,0.2,819,4096,819,742,201,4.074626865671642,3.691542288557214,multi,random,21.18351554870605,3.3124213218688965,76.10916900634766,1.077637764243896,,,,,,,39.24877166748047,6.073378086090088,0.92926444,0.5676311712843117,0.691119909286499,201,29.522288703633,9993790.709205529,4.9538913559437685e-09,8.005640029907227,
Swimmer-v5,123,layer,first,1.0,2.0,0.5,ok,,70fb480,zero,8.0,20,50,0.05,204,4096,204,199,201,1.0149253731343284,0.9900497512437813,first,random,0.1121532917022705,-1.2711193561553955,0.5037226676940918,0.0146997299388584,,,,,,,1.3885929584503174,2.0859627723693848,0.991104085,0.8881597358349264,0.308194637298584,201,0.0564513172953156,8445095.996120062,1.7466171866930122e-08,8.02332878112793,
Swimmer-v5,123,layer,multi,2.0,2.0,1.0,ok,,70fb480,zero,8.0,20,50,0.05,204,4096,204,199,201,1.0149253731343284,0.9900497512437813,multi,random,0.1580743491649627,-1.2339171171188354,1.3605409860610962,0.0146997299388584,,,,,,,1.0662240982055664,2.328902244567871,0.98419625,0.8927142180665328,0.5600705146789551,201,0.0564513172953156,8445095.996120062,1.7466171866930122e-08,8.010394096374512,
Reacher-v5,123,layer,first,1.0,2.0,0.5,ok,,70fb480,zero,8.0,20,50,0.05,204,4096,204,199,201,1.0149253731343284,0.9900497512437813,first,random,0.0808612555265426,-2.0414469242095947,0.0120614571496844,0.0368138308961476,,,,,,,0.5697237253189087,0.2260446548461914,0.99372518,0.8078608795658795,0.3178627490997314,201,0.5195244108659725,386963.8768201024,4.6287569705164294e-08,7.932145118713379,
Reacher-v5,123,layer,multi,2.0,2.0,1.0,ok,,70fb480,zero,8.0,20,50,0.05,204,4096,204,199,201,1.0149253731343284,0.9900497512437813,multi,random,0.0862572267651557,-1.7552982568740845,0.0243234001100063,0.0368138308961476,,,,,,,0.704429566860199,0.1141310781240463,0.99224004,0.9034464551220162,0.5509529113769531,201,0.5195244108659725,386963.8768201024,4.6287569705164294e-08,7.964802742004394,
Pusher-v5,123,layer,first,1.0,2.0,0.5,ok,,70fb480,zero,8.0,20,50,0.1,409,4096,409,389,201,2.0348258706467663,1.935323383084577,first,random,0.0486654452979564,-2.9241063594818115,0.0020778141915798,0.019375584937152,,,,,,,0.8067668676376343,0.7716034650802612,0.99999999,0.8892824138601633,0.2733187675476074,201,0.0002026226844231,217747080.9475653,2.045578671435385e-07,7.999765872955322,
Pusher-v5,123,layer,multi,2.0,2.0,1.0,ok,,70fb480,zero,8.0,20,50,0.1,409,4096,409,389,201,2.0348258706467663,1.935323383084577,multi,random,0.0487413220107555,-2.8812272548675537,0.0024634033907204,0.019375584937152,,,,,,,0.776364803314209,0.5699577927589417,1.0,0.8747182779149277,0.5367181301116943,201,0.0002026226844231,217747080.9475653,2.045578671435385e-07,7.998613357543945,
InvertedPendulum-v5,123,layer,first,1.0,2.0,0.5,ok,,70fb480,zero,16.0,20,50,0.05,204,4096,204,199,201,1.0149253731343284,0.9900497512437813,first,random,0.0065736710093915,-3.500906229019165,0.0001215855227201,0.0049056692956986,,,,,,,0.1163893118500709,4.124038219451904,0.970250145,0.6959148043634991,0.2714431285858154,201,0.0010212085088753,115287185.77693217,7.626536291536982e-08,16.05661392211914,
InvertedPendulum-v5,123,layer,multi,2.0,2.0,1.0,ok,,70fb480,zero,16.0,20,50,0.05,204,4096,204,199,201,1.0149253731343284,0.9900497512437813,multi,random,0.0066054412163794,-3.4533491134643555,0.0001544555125292,0.0049056692956986,,,,,,,0.1531782001256942,-0.9951449036598206,0.97858954,0.8293447870014,0.5340745449066162,201,0.0010212085088753,115287185.77693217,7.626536291536982e-08,16.025766372680664,
InvertedDoublePendulum-v5,123,layer,first,1.0,2.0,0.5,ok,,70fb480,zero,16.0,20,50,0.05,204,4096,204,199,201,1.0149253731343284,0.9900497512437813,first,random,0.0187988430261611,-3.233511209487915,0.0097989430651068,0.0118424830569809,,,,,,,1.239034652709961,0.9470126628875732,0.99623565,0.8657669301082666,0.2997374534606933,171,6.151058616145089e-28,1161042234.718894,1.303122729081839e-07,16.04665756225586,
InvertedDoublePendulum-v5,123,layer,multi,2.0,2.0,1.0,ok,,70fb480,zero,16.0,20,50,0.05,204,4096,204,199,201,1.0149253731343284,0.9900497512437813,multi,random,0.0171548351645469,-3.238327741622925,0.0073152892291545,0.0118424830569809,,,,,,,1.077930927276611,0.7342512011528015,0.99648205,0.9025040767810408,0.6180140972137451,171,6.151058616145089e-28,1161042234.718894,1.303122729081839e-07,16.020788192749023,
Ant-v5,200,layer,first,1.0,2.0,0.5,ok,,70fb480,zero,8.0,20,50,0.1,409,4096,409,389,201,2.0348258706467663,1.935323383084577,first,random,0.8094573020935059,-0.4966355562210083,0.3687033951282501,0.0506386759599539,0.9281816482543944,-0.2095408588647842,0.824296645,1.14148211479187,-0.0751380920410156,0.8983643149999998,3.580527067184448,1.338343381881714,0.99873576,0.9534648851489508,0.2857594490051269,198,1.6654605481445564e-28,427107629.9906703,2.3534916622222726e-07,7.988701820373535,
Ant-v5,200,layer,multi,2.0,2.0,1.0,ok,,70fb480,zero,8.0,20,50,0.1,409,4096,409,389,201,2.0348258706467663,1.935323383084577,multi,random,0.8051878213882446,-0.4866470396518707,0.4837589561939239,0.0506386759599539,0.9295178055763244,-0.1455477923154831,0.8376616900000001,1.0924018621444702,0.0084665967151522,0.90509267,3.3494462966918945,1.2251960039138794,0.99880635,0.9149157181873914,0.6173956394195557,198,1.6654605481445564e-28,427107629.9906703,2.3534916622222726e-07,7.991945743560791,
HalfCheetah-v5,200,layer,first,1.0,2.0,0.5,ok,,70fb480,zero,32.0,20,50,0.3,1228,4096,1228,1061,201,6.109452736318408,5.278606965174129,first,random,1.2227177619934082,-0.3019831478595733,1.4307767152786257,0.2321759116805664,3.44033145904541,16.38185691833496,0.859333455,4.600757598876953,1.853045105934143,0.978250445,3.714844226837158,1.7429852485656738,0.99378849,0.1196622693951356,0.2760913372039795,201,11.53356244738817,5170222.639241665,1.6807904852072278e-10,31.912721633911133,
HalfCheetah-v5,200,layer,multi,2.0,2.0,1.0,ok,,70fb480,zero,32.0,20,50,0.3,1228,4096,1228,1061,201,6.109452736318408,5.278606965174129,multi,random,1.2513855695724487,-0.243140697479248,2.3156301975250244,0.2321759116805664,3.7007439136505127,1.5927540063858032,0.8999138349999999,4.781384944915772,1.7202632427215576,0.98626836,3.962859153747559,1.8672075271606443,0.993990625,0.2447789772747271,0.6124470233917236,201,11.53356244738817,5170222.639241665,1.6807904852072278e-10,31.946741104125977,
Hopper-v5,200,layer,first,1.0,2.0,0.5,ok,,70fb480,zero,32.0,20,50,0.3,1228,4096,1228,1061,201,6.109452736318408,5.278606965174129,first,random,0.1867899149656295,-1.5539990663528442,0.0197030957788229,0.0625547589775959,0.3065977990627289,0.8039626479148865,0.84162736,0.3698504865169525,1.2435133457183838,0.8942417600000001,0.467846542596817,0.6081460118293762,0.94949811,0.7325258128782459,0.2957260608673095,200,1.2791920285634716e-29,71409606550.20587,1.2875980279067015e-09,32.2618293762207,
Hopper-v5,200,layer,multi,2.0,2.0,1.0,ok,,70fb480,zero,32.0,20,50,0.3,1228,4096,1228,1061,201,6.109452736318408,5.278606965174129,multi,random,0.1956587135791778,-1.4942669868469238,0.0393581949174404,0.0625547589775959,0.3131247460842132,0.125894233584404,0.90134517,0.3917141854763031,0.3571958839893341,0.960993515,0.4556107521057129,0.3574315309524536,0.98438494,0.6217122441828526,0.5593471527099609,200,1.2791920285634716e-29,71409606550.20587,1.2875980279067015e-09,32.12129211425781,
Humanoid-v5,200,layer,first,1.0,2.0,0.5,ok,,70fb480,zero,32.0,20,50,0.3,1228,4096,1228,1061,201,6.109452736318408,5.278606965174129,first,random,36.641395568847656,2.848601818084717,111.45388793945312,1.7688284766420417,34.105995178222656,3.1620752811431885,0.536790535,28.27444076538086,3.357407569885254,0.48490645,27.64668083190918,3.363821268081665,0.40139722,0.6745859297660018,0.3788256645202636,201,24.971245838874317,131164325.89950968,3.710176371347901e-10,32.03744888305664,
Humanoid-v5,200,layer,multi,2.0,2.0,1.0,ok,,70fb480,zero,32.0,20,50,0.3,1228,4096,1228,1061,201,6.109452736318408,5.278606965174129,multi,random,36.60154342651367,2.835716485977173,113.25835418701172,1.7688284766420417,34.04220962524414,3.1299707889556885,0.544612715,28.247859954833984,3.29777193069458,0.496687095,27.599802017211918,3.260129451751709,0.4134921599999999,0.6686874911149173,0.5981464385986328,201,24.971245838874317,131164325.89950968,3.710176371347901e-10,32.00910186767578,
Walker2d-v5,200,layer,first,1.0,2.0,0.5,ok,,70fb480,zero,16.0,20,50,0.3,1228,4096,1228,1061,201,6.109452736318408,5.278606965174129,first,random,0.5546088814735413,-1.0173248052597046,0.2575318217277527,0.1417586426599403,,,,,,,2.978002548217773,6.789103031158447,0.99446613,0.4269007047574105,0.2898006439208984,201,3.890279785480006,663069.7310394979,3.583418333066359e-07,15.956360816955566,
Walker2d-v5,200,layer,multi,2.0,2.0,1.0,ok,,70fb480,zero,16.0,20,50,0.3,1228,4096,1228,1061,201,6.109452736318408,5.278606965174129,multi,random,0.5675126314163208,-0.9095086455345154,0.3046250939369201,0.1417586426599403,,,,,,,2.995135307312012,2.576995611190796,0.9990977,0.4057176199645648,0.6336579322814941,201,3.890279785480006,663069.7310394979,3.583418333066359e-07,15.973370552062988,
HumanoidStandup-v5,200,layer,first,1.0,2.0,0.5,ok,,70fb480,zero,8.0,20,50,0.2,819,4096,819,742,201,4.074626865671642,3.691542288557214,first,random,21.273929595947266,3.143224000930786,84.56983947753906,1.0848101155204306,,,,,,,41.37228012084961,6.172051429748535,0.8246028900000001,0.6244632711781262,0.3543877601623535,201,20.860370125759488,13506238.795949088,5.0312421641278494e-09,8.00936222076416,
HumanoidStandup-v5,200,layer,multi,2.0,2.0,1.0,ok,,70fb480,zero,8.0,20,50,0.2,819,4096,819,742,201,4.074626865671642,3.691542288557214,multi,random,21.299522399902344,3.128117322921753,89.73297119140625,1.0848101155204306,,,,,,,41.54212188720703,5.226749897003174,0.90404686,0.5973378076431701,0.6507627964019775,201,20.860370125759488,13506238.795949088,5.0312421641278494e-09,8.002275466918945,
Swimmer-v5,200,layer,first,1.0,2.0,0.5,ok,,70fb480,zero,8.0,20,50,0.05,204,4096,204,199,201,1.0149253731343284,0.9900497512437813,first,random,0.034812394529581,-2.0843515396118164,0.0244223810732364,0.0194274686133596,,,,,,,0.6103450059890747,0.9006715416908264,0.99333403,0.5182680806373452,0.2684149742126465,201,0.0294689739538958,14435990.047921944,2.182102559447013e-08,8.013517379760742,
Swimmer-v5,200,layer,multi,2.0,2.0,1.0,ok,,70fb480,zero,8.0,20,50,0.05,204,4096,204,199,201,1.0149253731343284,0.9900497512437813,multi,random,0.0333255976438522,-2.025332450866699,0.0147985648363828,0.0194274686133596,,,,,,,0.5514038801193237,0.9179689288139344,0.99779172,0.5659196502242897,0.5630145072937012,201,0.0294689739538958,14435990.047921944,2.182102559447013e-08,8.004354476928711,
Reacher-v5,200,layer,first,1.0,2.0,0.5,ok,,70fb480,zero,8.0,20,50,0.05,204,4096,204,199,201,1.0149253731343284,0.9900497512437813,first,random,0.0807256400585174,-2.0737144947052,0.0120449801906943,0.0310495734665054,,,,,,,0.541134238243103,0.2710303962230682,0.99532943,0.7263746805702841,0.2991325855255127,201,0.5034892140585473,357042.2533031712,4.642498590893161e-08,7.963623046875,
Reacher-v5,200,layer,multi,2.0,2.0,1.0,ok,,70fb480,zero,8.0,20,50,0.05,204,4096,204,199,201,1.0149253731343284,0.9900497512437813,multi,random,0.0834653154015541,-1.7817274332046509,0.0224038492888212,0.0310495734665054,,,,,,,0.6513280272483826,0.145937904715538,0.995325035,0.8569317280093173,0.5795454978942871,201,0.5034892140585473,357042.2533031712,4.642498590893161e-08,7.979406356811523,
Pusher-v5,200,layer,first,1.0,2.0,0.5,ok,,70fb480,zero,8.0,20,50,0.1,409,4096,409,389,201,2.0348258706467663,1.935323383084577,first,random,0.0489161387085914,-2.56921911239624,0.0028684225399047,0.0203151248328741,,,,,,,0.7500360608100891,0.747218906879425,0.99999971,0.8657959995163494,0.277101993560791,199,5.630640767321454e-28,689786904.9819442,2.0300703429512658e-07,8.019081115722656,
Pusher-v5,200,layer,multi,2.0,2.0,1.0,ok,,70fb480,zero,8.0,20,50,0.1,409,4096,409,389,201,2.0348258706467663,1.935323383084577,multi,random,0.0488578677177429,-2.54163670539856,0.0033108659554272,0.0203151248328741,,,,,,,0.7534583210945129,0.6443084478378296,0.99999989,0.8629963610240865,0.5465190410614014,199,5.630640767321454e-28,689786904.9819442,2.0300703429512658e-07,8.007135391235352,
InvertedPendulum-v5,200,layer,first,1.0,2.0,0.5,ok,,70fb480,zero,16.0,20,50,0.05,204,4096,204,199,201,1.0149253731343284,0.9900497512437813,first,random,0.0059721712023019,-3.5439436435699463,0.0001339466398349,0.0063766353565279,,,,,,,0.0713045746088028,-0.8424273133277893,0.970579135,0.7508151859986567,0.311962366104126,201,0.002338656371021,33468078.09921809,1.2576985249249038e-07,15.973312377929688,
InvertedPendulum-v5,200,layer,multi,2.0,2.0,1.0,ok,,70fb480,zero,16.0,20,50,0.05,204,4096,204,199,201,1.0149253731343284,0.9900497512437813,multi,random,0.0059820380993187,-3.487487316131592,0.0001696181570878,0.0063766353565279,,,,,,,0.0820923522114753,-1.6362624168395996,0.9842095799999998,0.8372983564434955,0.5827224254608154,201,0.002338656371021,33468078.09921809,1.2576985249249038e-07,15.98184585571289,
InvertedDoublePendulum-v5,200,layer,first,1.0,2.0,0.5,ok,,70fb480,zero,16.0,20,50,0.05,204,4096,204,199,201,1.0149253731343284,0.9900497512437813,first,random,0.033829566091299,-3.593770265579224,0.0175254102796316,0.0469522971784016,,,,,,,1.5569151639938354,1.155831217765808,0.99328389,0.939950625276326,0.2832210063934326,176,1.7864806300657604e-27,1881412251.5598009,8.816568904443678e-08,16.027034759521484,
InvertedDoublePendulum-v5,200,layer,multi,2.0,2.0,1.0,ok,,70fb480,zero,16.0,20,50,0.05,204,4096,204,199,201,1.0149253731343284,0.9900497512437813,multi,random,0.0309737864881753,-3.5984277725219727,0.0175218023359775,0.0469522971784016,,,,,,,1.3578109741210938,0.8903337121009827,0.99324043,0.9423255213752552,0.5584776401519775,176,1.7864806300657604e-27,1881412251.5598009,8.816568904443678e-08,16.008708953857422,
Ant-v5,314,layer,first,1.0,2.0,0.5,ok,,70fb480,zero,8.0,20,50,0.1,409,4096,409,389,201,2.0348258706467663,1.935323383084577,first,random,0.5603480339050293,-2.3577914237976074,0.4799032211303711,0.0311809481046194,0.7676199674606323,0.0503873005509376,0.8854172800000001,1.09431791305542,1.4187350273132324,0.93016118,3.055794477462769,0.9900974035263062,0.99840606,0.9308548600157188,0.2829604148864746,200,1.2367552197226082e-28,191990154.89764276,5.684688160649091e-07,7.99090576171875,
Ant-v5,314,layer,multi,2.0,2.0,1.0,ok,,70fb480,zero,8.0,20,50,0.1,409,4096,409,389,201,2.0348258706467663,1.935323383084577,multi,random,0.5657691955566406,-2.299842357635498,0.5485765337944031,0.0311809481046194,0.8123041391372681,0.688578188419342,0.877368635,1.1486254930496216,1.384096622467041,0.928000325,3.0888426303863525,1.0301146507263184,0.9983989,0.8640094308490545,0.6122701168060303,200,1.2367552197226082e-28,191990154.89764276,5.684688160649091e-07,7.988934993743896,
HalfCheetah-v5,314,layer,first,1.0,2.0,0.5,ok,,70fb480,zero,32.0,20,50,0.3,1228,4096,1228,1061,201,6.109452736318408,5.278606965174129,first,random,1.2380746603012085,-0.2913409769535064,1.5232270956039429,0.3506328279352322,2.778979539871216,5.339499950408936,0.8324344200000001,4.66710376739502,1.6397777795791626,0.98676257,3.5831048488616943,5.7997002601623535,0.99162687,0.1131606409616433,0.2956578731536865,201,13.547438522466347,4173191.415378895,1.705996189695105e-10,32.057334899902344,
HalfCheetah-v5,314,layer,multi,2.0,2.0,1.0,ok,,70fb480,zero,32.0,20,50,0.3,1228,4096,1228,1061,201,6.109452736318408,5.278606965174129,multi,random,1.2657804489135742,-0.2415065765380859,2.479091167449951,0.3506328279352322,2.8340823650360107,1.1855484247207642,0.8692430149999999,4.63206672668457,1.667183518409729,0.98681861,3.7601478099823,2.42566466331482,0.9943459999999998,0.2463332592295495,0.5754024982452393,201,13.547438522466347,4173191.415378895,1.705996189695105e-10,32.002593994140625,
Hopper-v5,314,layer,first,1.0,2.0,0.5,ok,,70fb480,zero,32.0,20,50,0.3,1228,4096,1228,1061,201,6.109452736318408,5.278606965174129,first,random,0.184256374835968,-1.661163330078125,0.0285863280296325,0.0903760069725148,0.32488614320755,0.6801436543464661,0.78528762,0.3694964945316314,0.8407792448997498,0.85215249,0.4309071600437164,0.4884692430496216,0.915717505,0.5211170040947334,0.3051035404205322,201,2.081213152905141,3944852.68424563,1.1660579069791031e-09,31.889324188232425,
Hopper-v5,314,layer,multi,2.0,2.0,1.0,ok,,70fb480,zero,32.0,20,50,0.3,1228,4096,1228,1061,201,6.109452736318408,5.278606965174129,multi,random,0.1940130591392517,-1.5020126104354858,0.0438882261514663,0.0903760069725148,0.3203324973583221,0.0533422492444515,0.87102344,0.3695304691791534,0.2162385582923889,0.934582155,0.4552059471607208,0.2781917154788971,0.980478765,0.639683689888675,0.5849902629852295,201,2.081213152905141,3944852.68424563,1.1660579069791031e-09,31.918590545654297,
Humanoid-v5,314,layer,first,1.0,2.0,0.5,ok,,70fb480,zero,32.0,20,50,0.3,1228,4096,1228,1061,201,6.109452736318408,5.278606965174129,first,random,49.75714111328125,4.299649715423584,104.2955093383789,1.4909870492305055,,,,,,,31.552902221679688,3.9157116413116455,0.210855585,0.7517427649809589,0.3348233699798584,201,30.98558807512408,116207073.39110076,3.4759231681155047e-10,31.98430824279785,
Humanoid-v5,314,layer,multi,2.0,2.0,1.0,ok,,70fb480,zero,32.0,20,50,0.3,1228,4096,1228,1061,201,6.109452736318408,5.278606965174129,multi,random,49.76036071777344,4.282049179077148,105.9754867553711,1.4909870492305055,,,,,,,31.58572196960449,3.826689958572388,0.2431510699999999,0.7461098230395748,0.6266324520111084,201,30.98558807512408,116207073.39110076,3.4759231681155047e-10,31.966083526611328,
Walker2d-v5,314,layer,first,1.0,2.0,0.5,ok,,70fb480,zero,16.0,20,50,0.3,1228,4096,1228,1061,201,6.109452736318408,5.278606965174129,first,random,0.5920572876930237,-0.9461156129837036,0.2778942584991455,0.132156164657345,,,,,,,3.083435297012329,7.015986919403076,0.9906884,0.4350075108726001,0.331639289855957,201,4.715013163573072,567151.2095584032,3.2842462309881895e-07,16.028667449951172,
Walker2d-v5,314,layer,multi,2.0,2.0,1.0,ok,,70fb480,zero,16.0,20,50,0.3,1228,4096,1228,1061,201,6.109452736318408,5.278606965174129,multi,random,0.6059640049934387,-0.8739060759544373,0.3183327317237854,0.132156164657345,,,,,,,3.0705220699310303,2.816559314727783,0.9972101,0.4370918704274089,0.5364177227020264,201,4.715013163573072,567151.2095584032,3.2842462309881895e-07,16.001296997070312,
HumanoidStandup-v5,314,layer,first,1.0,2.0,0.5,ok,,70fb480,zero,8.0,20,50,0.2,819,4096,819,742,201,4.074626865671642,3.691542288557214,first,random,30.31523323059082,4.730478286743164,95.50852966308594,1.393052034969276,,,,,,,54.3447380065918,6.0334153175354,0.88512003,0.7469189101251892,0.3512275218963623,201,26.094084091878518,9414851.087549344,5.7211521776098794e-09,7.996077060699463,
HumanoidStandup-v5,314,layer,multi,2.0,2.0,1.0,ok,,70fb480,zero,8.0,20,50,0.2,819,4096,819,742,201,4.074626865671642,3.691542288557214,multi,random,30.091796875,4.6969380378723145,119.04402923583984,1.393052034969276,,,,,,,52.019290924072266,5.3933634757995605,0.94476819,0.6650526403765119,0.6565146446228027,201,26.094084091878518,9414851.087549344,5.7211521776098794e-09,7.991520881652832,
Swimmer-v5,314,layer,first,1.0,2.0,0.5,ok,,70fb480,zero,8.0,20,50,0.05,204,4096,204,199,201,1.0149253731343284,0.9900497512437813,first,random,0.1036098822951316,-0.6649956107139587,0.4702763557434082,0.0173640819707983,,,,,,,1.6187056303024292,2.8030552864074707,0.99621586,0.9106560435192924,0.2888023853302002,201,0.0423921371568746,9198716.689943258,2.1177717508602613e-08,7.96610689163208,
Swimmer-v5,314,layer,multi,2.0,2.0,1.0,ok,,70fb480,zero,8.0,20,50,0.05,204,4096,204,199,201,1.0149253731343284,0.9900497512437813,multi,random,0.0825029239058494,-1.1008366346359253,0.2916735410690307,0.0173640819707983,,,,,,,1.1064718961715698,2.4056074619293213,0.99805491,0.8455997284716077,0.5563323497772217,201,0.0423921371568746,9198716.689943258,2.1177717508602613e-08,7.976535320281982,
Reacher-v5,314,layer,first,1.0,2.0,0.5,ok,,70fb480,zero,8.0,20,50,0.05,204,4096,204,199,201,1.0149253731343284,0.9900497512437813,first,random,0.0971618294715881,-2.046782970428467,0.0117131322622299,0.0308980400581447,,,,,,,0.5718371272087097,0.1449126452207565,0.99538892,0.7891684621144195,0.2891380786895752,201,0.4633293665371104,423675.3030075232,4.6658176943029266e-08,8.011947631835938,
Reacher-v5,314,layer,multi,2.0,2.0,1.0,ok,,70fb480,zero,8.0,20,50,0.05,204,4096,204,199,201,1.0149253731343284,0.9900497512437813,multi,random,0.0982632786035537,-1.785756230354309,0.0217343773692846,0.0308980400581447,,,,,,,0.654803454875946,0.0866700932383537,0.99463469,0.8848253857869084,0.52103590965271,201,0.4633293665371104,423675.3030075232,4.6658176943029266e-08,7.999455451965332,
Pusher-v5,314,layer,first,1.0,2.0,0.5,ok,,70fb480,zero,8.0,20,50,0.1,409,4096,409,389,201,2.0348258706467663,1.935323383084577,first,random,0.0489785373210907,-2.4281527996063232,0.0031237262301146,0.0225627224777531,,,,,,,0.8285747170448303,0.963867723941803,0.99999992,0.8734846700440876,0.2784647941589355,199,5.390952113576993e-28,626009793.6968756,2.176284151634794e-07,8.009057998657227,
Pusher-v5,314,layer,multi,2.0,2.0,1.0,ok,,70fb480,zero,8.0,20,50,0.1,409,4096,409,389,201,2.0348258706467663,1.935323383084577,multi,random,0.0489204302430152,-2.4089128971099854,0.0035058669745922,0.0225627224777531,,,,,,,0.7983216047286987,0.7261850833892822,0.99999996,0.8419126958692299,0.5874428749084473,199,5.390952113576993e-28,626009793.6968756,2.176284151634794e-07,7.998010158538818,
InvertedPendulum-v5,314,layer,first,1.0,2.0,0.5,ok,,70fb480,zero,16.0,20,50,0.05,204,4096,204,199,201,1.0149253731343284,0.9900497512437813,first,random,0.0053883045911788,-3.708778142929077,0.0001068747951649,0.0069488685491237,,,,,,,0.0559628270566463,0.377857357263565,0.9798178,0.6839105401132606,0.2837457656860351,199,1.6037591611137814e-32,920244210.8270243,1.1163578072225006e-07,15.9766263961792,
InvertedPendulum-v5,314,layer,multi,2.0,2.0,1.0,ok,,70fb480,zero,16.0,20,50,0.05,204,4096,204,199,201,1.0149253731343284,0.9900497512437813,multi,random,0.0057653118856251,-3.5424370765686035,0.000207844102988,0.0069488685491237,,,,,,,0.0764292702078819,-1.423127055168152,0.98251719,0.8330828042423226,0.5817058086395264,199,1.6037591611137814e-32,920244210.8270243,1.1163578072225006e-07,15.975276947021484,
InvertedDoublePendulum-v5,314,layer,first,1.0,2.0,0.5,ok,,70fb480,zero,16.0,20,50,0.05,204,4096,204,199,201,1.0149253731343284,0.9900497512437813,first,random,0.0630904734134674,1.7918031215667725,0.1142652779817581,0.0061146829549482,,,,,,,3.99599289894104,2.0305466651916504,0.99320368,0.9829175585981242,0.2706296443939209,183,1.6785294170287963e-27,1818114887.1724083,8.7086276014983e-08,15.93221378326416,
InvertedDoublePendulum-v5,314,layer,multi,2.0,2.0,1.0,ok,,70fb480,zero,16.0,20,50,0.05,204,4096,204,199,201,1.0149253731343284,0.9900497512437813,multi,random,0.05000801384449,1.7789781093597412,0.0583274811506271,0.0061146829549482,,,,,,,2.9618098735809326,1.845979928970337,0.99389686,0.9767758063616188,0.5251820087432861,183,1.6785294170287963e-27,1818114887.1724083,8.7086276014983e-08,15.953070640563965,
Ant-v5,404,layer,first,1.0,2.0,0.5,ok,,70fb480,zero,8.0,20,50,0.1,409,4096,409,389,201,2.0348258706467663,1.935323383084577,first,random,0.5686718821525574,-2.279685735702514,0.4683607220649719,0.0439792065608527,,,,,,,2.8287582397460938,0.853977620601654,0.99823172,0.8707447110531206,0.2772998809814453,197,9.317479165850347e-29,139185891.1505839,6.696995466726398e-07,7.990394592285156,
Ant-v5,404,layer,multi,2.0,2.0,1.0,ok,,70fb480,zero,8.0,20,50,0.1,409,4096,409,389,201,2.0348258706467663,1.935323383084577,multi,random,0.6031395792961121,-2.252737522125244,0.7333154082298279,0.0439792065608527,,,,,,,4.221865653991699,1.0752606391906738,0.9981451,0.8568819159445311,0.6508080959320068,197,9.317479165850347e-29,139185891.1505839,6.696995466726398e-07,7.999157905578613,
HalfCheetah-v5,404,layer,first,1.0,2.0,0.5,ok,,70fb480,zero,32.0,20,50,0.3,1228,4096,1228,1061,201,6.109452736318408,5.278606965174129,first,random,1.580124855041504,0.9866572022438048,2.987326145172119,0.1991657786353295,,,,,,,3.5063533782958984,2.400253772735596,0.920073285,0.0354437279891816,0.2740437984466553,201,12.600296829504549,5001820.610904532,1.5915568996821667e-10,31.89674949645996,
HalfCheetah-v5,404,layer,multi,2.0,2.0,1.0,ok,,70fb480,zero,32.0,20,50,0.3,1228,4096,1228,1061,201,6.109452736318408,5.278606965174129,multi,random,1.6463004350662231,0.1784796118736267,7.041113376617432,0.1991657786353295,,,,,,,3.65336275100708,2.0360143184661865,0.941113665,0.1617009960944652,0.6419129371643066,201,12.600296829504549,5001820.610904532,1.5915568996821667e-10,31.96421432495117,
Hopper-v5,404,layer,first,1.0,2.0,0.5,ok,,70fb480,zero,32.0,20,50,0.3,1228,4096,1228,1061,201,6.109452736318408,5.278606965174129,first,random,0.1721860021352768,-1.7051467895507812,0.0219085067510604,0.0720508101785836,,,,,,,0.4535416960716247,0.352772444486618,0.94405629,0.6492567489242541,0.3042137622833252,201,1.7209719607605716,4418029.418484973,1.2502847866872316e-09,31.883487701416016,
Hopper-v5,404,layer,multi,2.0,2.0,1.0,ok,,70fb480,zero,32.0,20,50,0.3,1228,4096,1228,1061,201,6.109452736318408,5.278606965174129,multi,random,0.1829088777303695,-1.54408061504364,0.0334257446229457,0.0720508101785836,,,,,,,0.4573593437671661,0.2287048399448394,0.98452805,0.6302754027418807,0.6037588119506836,201,1.7209719607605716,4418029.418484973,1.2502847866872316e-09,31.95758438110352,
Humanoid-v5,404,layer,first,1.0,2.0,0.5,ok,,70fb480,zero,32.0,20,50,0.3,1228,4096,1228,1061,201,6.109452736318408,5.278606965174129,first,random,53.98357009887695,4.784138202667236,173.32196044921875,2.199096634807746,,,,,,,31.821712493896484,4.000533103942871,0.288522865,0.7799982223293421,0.3423094749450683,201,25.189596364842316,138790504.01435935,3.4025389563888057e-10,31.9908390045166,
Humanoid-v5,404,layer,multi,2.0,2.0,1.0,ok,,70fb480,zero,32.0,20,50,0.3,1228,4096,1228,1061,201,6.109452736318408,5.278606965174129,multi,random,53.985748291015625,4.775277614593506,174.4519805908203,2.199096634807746,,,,,,,31.81776237487793,3.969744920730591,0.3037851649999999,0.7784067287920786,0.6261324882507324,201,25.189596364842316,138790504.01435935,3.4025389563888057e-10,32.011260986328125,
Walker2d-v5,404,layer,first,1.0,2.0,0.5,ok,,70fb480,zero,16.0,20,50,0.3,1228,4096,1228,1061,201,6.109452736318408,5.278606965174129,first,random,0.5688314437866211,-0.9988412857055664,0.2711012065410614,0.1319620848314078,,,,,,,2.8787193298339844,6.039038181304932,0.99108296,0.4336659975085629,0.2797696590423584,201,3.926191697582788,713905.1679004811,3.2916856787705933e-07,15.94837474822998,
Walker2d-v5,404,layer,multi,2.0,2.0,1.0,ok,,70fb480,zero,16.0,20,50,0.3,1228,4096,1228,1061,201,6.109452736318408,5.278606965174129,multi,random,0.582883894443512,-0.9027947783470154,0.316282570362091,0.1319620848314078,,,,,,,2.833701133728028,2.358283281326294,0.99851719,0.4138184567443919,0.5286569595336914,201,3.926191697582788,713905.1679004811,3.2916856787705933e-07,15.982107162475586,
HumanoidStandup-v5,404,layer,first,1.0,2.0,0.5,ok,,70fb480,zero,8.0,20,50,0.2,819,4096,819,742,201,4.074626865671642,3.691542288557214,first,random,81.7361068725586,8.90270709991455,359.85357666015625,1.2430743663042412,,,,,,,156.04478454589844,5.8671183586120605,0.938572305,0.8715097237403263,0.3642783164978027,201,30.504632846910084,6328187.073067507,6.765157248989653e-09,7.99770975112915,
HumanoidStandup-v5,404,layer,multi,2.0,2.0,1.0,ok,,70fb480,zero,8.0,20,50,0.2,819,4096,819,742,201,4.074626865671642,3.691542288557214,multi,random,82.01366424560547,8.883391380310059,525.63720703125,1.2430743663042412,,,,,,,164.40621948242188,5.647280693054199,0.958115205,0.8061496873199153,0.6418282985687256,201,30.504632846910084,6328187.073067507,6.765157248989653e-09,8.002815246582031,
Swimmer-v5,404,layer,first,1.0,2.0,0.5,ok,,70fb480,zero,8.0,20,50,0.05,204,4096,204,199,201,1.0149253731343284,0.9900497512437813,first,random,0.0264948848634958,-2.332604169845581,0.0064213341102004,0.0165436889948192,,,,,,,0.5475013256072998,0.7352837920188904,0.9981115,0.5973652509708209,0.2779350280761719,201,0.0540290998323822,7083639.5644428665,2.155941197958392e-08,8.005541801452637,
Swimmer-v5,404,layer,multi,2.0,2.0,1.0,ok,,70fb480,zero,8.0,20,50,0.05,204,4096,204,199,201,1.0149253731343284,0.9900497512437813,multi,random,0.0279326885938644,-2.209704637527466,0.0086327362805604,0.0165436889948192,,,,,,,0.5414093136787415,0.9009122848510742,0.99869027,0.6235990728237323,0.5838725566864014,201,0.0540290998323822,7083639.5644428665,2.155941197958392e-08,8.006731033325195,
Reacher-v5,404,layer,first,1.0,2.0,0.5,ok,,70fb480,zero,8.0,20,50,0.05,204,4096,204,199,201,1.0149253731343284,0.9900497512437813,first,random,0.0863668471574783,-2.0778017044067383,0.0120280552655458,0.0342941762880666,,,,,,,0.5107161402702332,0.3023042678833008,0.993750925,0.7247231337155797,0.3098518848419189,201,0.5372351902660784,366776.04630181,4.2745776188622656e-08,8.016241073608398,
Reacher-v5,404,layer,multi,2.0,2.0,1.0,ok,,70fb480,zero,8.0,20,50,0.05,204,4096,204,199,201,1.0149253731343284,0.9900497512437813,multi,random,0.0879501402378082,-1.7756199836730957,0.0228185299783945,0.0342941762880666,,,,,,,0.5704731941223145,0.0886239558458328,0.99371728,0.8224013852658826,0.5222094058990479,201,0.5372351902660784,366776.04630181,4.2745776188622656e-08,8.012081146240234,
Pusher-v5,404,layer,first,1.0,2.0,0.5,ok,,70fb480,zero,8.0,20,50,0.1,409,4096,409,389,201,2.0348258706467663,1.935323383084577,first,random,0.0519348084926605,-2.279237508773804,0.0026519245002418,0.0208678298436881,,,,,,,0.8472946882247925,0.8303035497665405,0.9999995,0.8938294039209755,0.3268847465515136,197,1.7658232515669366e-30,666534009.5184295,2.051052439591721e-07,7.976528167724609,
Pusher-v5,404,layer,multi,2.0,2.0,1.0,ok,,70fb480,zero,8.0,20,50,0.1,409,4096,409,389,201,2.0348258706467663,1.935323383084577,multi,random,0.0517306625843048,-2.285456895828247,0.003120566252619,0.0208678298436881,,,,,,,0.7784992456436157,0.6717936992645264,0.99999951,0.872468909605776,0.6286451816558838,197,1.7658232515669366e-30,666534009.5184295,2.051052439591721e-07,7.992224216461182,
InvertedPendulum-v5,404,layer,first,1.0,2.0,0.5,ok,,70fb480,zero,16.0,20,50,0.05,204,4096,204,199,201,1.0149253731343284,0.9900497512437813,first,random,0.0082367174327373,-3.5358240604400635,7.148996519390494e-05,0.0060435924994215,,,,,,,0.0774457231163978,-0.1999974548816681,0.97911156,0.7899003921904827,0.271658182144165,201,0.0011153181677054,93074617.88092688,8.672312079138148e-08,16.009490966796875,
InvertedPendulum-v5,404,layer,multi,2.0,2.0,1.0,ok,,70fb480,zero,16.0,20,50,0.05,204,4096,204,199,201,1.0149253731343284,0.9900497512437813,multi,random,0.0083009796217083,-3.5357463359832764,0.0001004309597192,0.0060435924994215,,,,,,,0.0676082149147987,-1.3951977491378784,0.98339523,0.751174044997994,0.5640625953674316,201,0.0011153181677054,93074617.88092688,8.672312079138148e-08,16.012664794921875,
InvertedDoublePendulum-v5,404,layer,first,1.0,2.0,0.5,ok,,70fb480,zero,16.0,20,50,0.05,204,4096,204,199,201,1.0149253731343284,0.9900497512437813,first,random,0.0357072502374649,-2.3703243732452397,0.0057226479984819,0.0069919875890313,,,,,,,1.1909809112548828,1.7514653205871582,0.99650091,0.8366695928717158,0.2899823188781738,184,1.3892302659901128e-27,1537290144.5463476,1.035800373585894e-07,16.011083602905273,
InvertedDoublePendulum-v5,404,layer,multi,2.0,2.0,1.0,ok,,70fb480,zero,16.0,20,50,0.05,204,4096,204,199,201,1.0149253731343284,0.9900497512437813,multi,random,0.034478161484003,-2.387803316116333,0.0048542921431362,0.0069919875890313,,,,,,,1.3142516613006592,1.205536127090454,0.99649173,0.8852150555328061,0.5537681579589844,184,1.3892302659901128e-27,1537290144.5463476,1.035800373585894e-07,16.01346206665039,
Ant-v5,500,layer,first,1.0,2.0,0.5,ok,,70fb480,zero,8.0,20,50,0.1,409,4096,409,389,201,2.0348258706467663,1.935323383084577,first,random,0.6030855178833008,-0.3129511773586273,0.3845601379871368,0.0542081232346313,,,,,,,2.433146715164185,0.6720888018608093,0.998124,0.8724566464850358,0.3081817626953125,200,1.3095512626418103e-28,184762576.1035847,4.985394796794874e-07,8.011449813842773,
Ant-v5,500,layer,multi,2.0,2.0,1.0,ok,,70fb480,zero,8.0,20,50,0.1,409,4096,409,389,201,2.0348258706467663,1.935323383084577,multi,random,0.6087546944618225,-0.2687918543815613,0.5375462174415588,0.0542081232346313,,,,,,,2.536749601364136,0.966422975063324,0.99799914,0.8380344803938871,0.5396628379821777,200,1.3095512626418103e-28,184762576.1035847,4.985394796794874e-07,8.005929946899414,
HalfCheetah-v5,500,layer,first,1.0,2.0,0.5,ok,,70fb480,zero,32.0,20,50,0.3,1228,4096,1228,1061,201,6.109452736318408,5.278606965174129,first,random,1.20914888381958,-0.3710347414016723,1.3611124753952026,0.2199304119647073,,,,,,,3.639194488525391,4.1289262771606445,0.989633135,0.1155758763181858,0.2714431285858154,201,15.157831864672296,4501945.4528700905,1.610681901905085e-10,32.062625885009766,
HalfCheetah-v5,500,layer,multi,2.0,2.0,1.0,ok,,70fb480,zero,32.0,20,50,0.3,1228,4096,1228,1061,201,6.109452736318408,5.278606965174129,multi,random,1.2434178590774536,-0.2797016203403473,2.2901530265808105,0.2199304119647073,,,,,,,3.920819759368897,2.101320505142212,0.992237385,0.2869627412184883,0.5377457141876221,201,15.157831864672296,4501945.4528700905,1.610681901905085e-10,32.03213119506836,
Hopper-v5,500,layer,first,1.0,2.0,0.5,ok,,70fb480,zero,32.0,20,50,0.3,1228,4096,1228,1061,201,6.109452736318408,5.278606965174129,first,random,0.1749019473791122,-1.6791300773620603,0.0228330418467521,0.0636138818625892,,,,,,,0.4811387360095978,0.924034059047699,0.93174464,0.717389426684655,0.3000710010528564,201,1.6270336421005729,4602515.638402545,1.2530480663779184e-09,32.08319854736328,
Hopper-v5,500,layer,multi,2.0,2.0,1.0,ok,,70fb480,zero,32.0,20,50,0.3,1228,4096,1228,1061,201,6.109452736318408,5.278606965174129,multi,random,0.1882430016994476,-1.5210857391357422,0.0375845246016979,0.0636138818625892,,,,,,,0.5039424300193787,0.4732253849506378,0.970685765,0.6599166811310452,0.5808854103088379,201,1.6270336421005729,4602515.638402545,1.2530480663779184e-09,32.042415618896484,
Humanoid-v5,500,layer,first,1.0,2.0,0.5,ok,,70fb480,zero,32.0,20,50,0.3,1228,4096,1228,1061,201,6.109452736318408,5.278606965174129,first,random,61.03313446044922,5.529464721679688,271.28375244140625,1.6530905074074795,,,,,,,37.20720291137695,4.400025844573975,0.29908718,0.8100193703849242,0.3550841808319092,201,25.474923220249224,115240950.95124258,3.96576971921524e-10,32.0269775390625,
Humanoid-v5,500,layer,multi,2.0,2.0,1.0,ok,,70fb480,zero,32.0,20,50,0.3,1228,4096,1228,1061,201,6.109452736318408,5.278606965174129,multi,random,61.031497955322266,5.52799654006958,272.436279296875,1.6530905074074795,,,,,,,37.20864486694336,4.369220733642578,0.310704965,0.7990012703787918,0.6433424949645996,201,25.474923220249224,115240950.95124258,3.96576971921524e-10,32.014305114746094,
Walker2d-v5,500,layer,first,1.0,2.0,0.5,ok,,70fb480,zero,16.0,20,50,0.3,1228,4096,1228,1061,201,6.109452736318408,5.278606965174129,first,random,0.7025995254516602,-0.7203221321105957,0.3166385591030121,0.1302060262626118,,,,,,,2.889235496520996,6.911093235015869,0.98722374,0.4273738787099957,0.3291375637054443,201,4.687533154818096,530232.0989364266,3.715134375646192e-07,16.031312942504883,
Walker2d-v5,500,layer,multi,2.0,2.0,1.0,ok,,70fb480,zero,16.0,20,50,0.3,1228,4096,1228,1061,201,6.109452736318408,5.278606965174129,multi,random,0.7131469249725342,-0.7432395219802856,0.3918501734733581,0.1302060262626118,,,,,,,2.870160818099976,2.5629866123199463,0.99414459,0.3960123901524401,0.5998287200927734,201,4.687533154818096,530232.0989364266,3.715134375646192e-07,16.01606559753418,
HumanoidStandup-v5,500,layer,first,1.0,2.0,0.5,ok,,70fb480,zero,8.0,20,50,0.2,819,4096,819,742,201,4.074626865671642,3.691542288557214,first,random,88.70046997070312,10.302556991577148,693.0640258789062,1.2235566437088614,,,,,,,191.50021362304688,5.394434452056885,0.953896695,0.8536565571208095,0.3693187236785888,201,6.222799982917618,24271323.136630367,8.009013930855819e-09,8.006744384765625,
HumanoidStandup-v5,500,layer,multi,2.0,2.0,1.0,ok,,70fb480,zero,8.0,20,50,0.2,819,4096,819,742,201,4.074626865671642,3.691542288557214,multi,random,88.48201751708984,10.289636611938477,1394.906982421875,1.2235566437088614,,,,,,,191.6640167236328,5.5659260749816895,0.96641807,0.828855964944506,0.6439659595489502,201,6.222799982917618,24271323.136630367,8.009013930855819e-09,8.003576278686523,
Swimmer-v5,500,layer,first,1.0,2.0,0.5,ok,,70fb480,zero,8.0,20,50,0.05,204,4096,204,199,201,1.0149253731343284,0.9900497512437813,first,random,0.0262576341629028,-1.99594247341156,0.0143585037440061,0.0143079936562516,,,,,,,0.5639560222625732,0.8413933515548706,0.99852143,0.5301771542801337,0.2735843658447265,201,0.0632446899456471,6893135.9959394615,1.8921749597721817e-08,7.967779636383057,
Swimmer-v5,500,layer,multi,2.0,2.0,1.0,ok,,70fb480,zero,8.0,20,50,0.05,204,4096,204,199,201,1.0149253731343284,0.9900497512437813,multi,random,0.0313213691115379,-1.8881579637527464,0.0263689756393432,0.0143079936562516,,,,,,,0.6829827427864075,1.2775636911392212,0.99788955,0.7507455027682118,0.6006534099578857,201,0.0632446899456471,6893135.9959394615,1.8921749597721817e-08,7.984094142913818,
