example_id,env_name,regime,seed,sensitivity_sketch,finite_disagreement,distance_to_calibration,probe_eps,n_probes,pnc_perturbation_scale,target_layer,bootstrap_frac,correction_lambda,calibration_size
0,Ant-v5,id,0,2513.37939453125,269.73341661149976,16.624813079833984,0.32,16,32.0,"even-indexed (l1, l3, …); LS on next layer",0.3,0.1,1024
1,Ant-v5,id,0,553.468994140625,103.51631929070398,26.359304428100586,0.32,16,32.0,"even-indexed (l1, l3, …); LS on next layer",0.3,0.1,1024
2,Ant-v5,id,0,1927.308349609375,179.8525173172039,18.835468292236328,0.32,16,32.0,"even-indexed (l1, l3, …); LS on next layer",0.3,0.1,1024
3,Ant-v5,id,0,2722.210693359375,311.53541309126524,16.43216896057129,0.32,16,32.0,"even-indexed (l1, l3, …); LS on next layer",0.3,0.1,1024
4,Ant-v5,id,0,933.8475341796875,96.05971272913581,10.372133255004883,0.32,16,32.0,"even-indexed (l1, l3, …); LS on next layer",0.3,0.1,1024
5,Ant-v5,id,0,1628.505859375,169.12015717944143,14.344189643859863,0.32,16,32.0,"even-indexed (l1, l3, …); LS on next layer",0.3,0.1,1024
6,Ant-v5,id,0,1383.8992919921875,137.0457226907184,5.388383388519287,0.32,16,32.0,"even-indexed (l1, l3, …); LS on next layer",0.3,0.1,1024
7,Ant-v5,id,0,5899.203125,571.630615045868,12.723474502563477,0.32,16,32.0,"even-indexed (l1, l3, …); LS on next layer",0.3,0.1,1024
8,Ant-v5,id,0,1060.4617919921875,127.86525770027012,9.292737007141113,0.32,16,32.0,"even-indexed (l1, l3, …); LS on next layer",0.3,0.1,1024
9,Ant-v5,id,0,4344.263671875,441.7742424929312,11.00570011138916,0.32,16,32.0,"even-indexed (l1, l3, …); LS on next layer",0.3,0.1,1024
10,Ant-v5,id,0,1733.543701171875,173.90339329612866,7.404099464416504,0.32,16,32.0,"even-indexed (l1, l3, …); LS on next layer",0.3,0.1,1024
11,Ant-v5,id,0,2101.540283203125,197.4292173519884,7.431011199951172,0.32,16,32.0,"even-indexed (l1, l3, …); LS on next layer",0.3,0.1,1024
12,Ant-v5,id,0,1485.564208984375,146.33594325196887,11.25504207611084,0.32,16,32.0,"even-indexed (l1, l3, …); LS on next layer",0.3,0.1,1024
13,Ant-v5,id,0,766.57177734375,82.71444871870463,8.715110778808594,0.32,16,32.0,"even-indexed (l1, l3, …); LS on next layer",0.3,0.1,1024
14,Ant-v5,id,0,819.2088623046875,87.07656931984278,6.846951484680176,0.32,16,32.0,"even-indexed (l1, l3, …); LS on next layer",0.3,0.1,1024
15,Ant-v5,id,0,1715.4559326171875,168.033986216629,6.1962480545043945,0.32,16,32.0,"even-indexed (l1, l3, …); LS on next layer",0.3,0.1,1024
16,Ant-v5,id,0,1423.9007568359375,140.95026697627495,11.008367538452148,0.32,16,32.0,"even-indexed (l1, l3, …); LS on next layer",0.3,0.1,1024
17,Ant-v5,id,0,785.4459228515625,85.25881060777883,7.277194023132324,0.32,16,32.0,"even-indexed (l1, l3, …); LS on next layer",0.3,0.1,1024
18,Ant-v5,id,0,1209.641357421875,123.29505060724142,5.271927833557129,0.32,16,32.0,"even-indexed (l1, l3, …); LS on next layer",0.3,0.1,1024
19,Ant-v5,id,0,1459.8927001953125,149.48579294605454,9.899478912353516,0.32,16,32.0,"even-indexed (l1, l3, …); LS on next layer",0.3,0.1,1024
20,Ant-v5,id,0,1593.31103515625,153.0312401617115,13.9941987991333,0.32,16,32.0,"even-indexed (l1, l3, …); LS on next layer",0.3,0.1,1024
21,Ant-v5,id,0,1677.9970703125,166.61450168317026,19.735389709472656,0.32,16,32.0,"even-indexed (l1, l3, …); LS on next layer",0.3,0.1,1024
22,Ant-v5,id,0,591.7620849609375,75.25098485117562,16.550682067871094,0.32,16,32.0,"even-indexed (l1, l3, …); LS on next layer",0.3,0.1,1024
23,Ant-v5,id,0,666.671142578125,70.36153823943798,10.53691577911377,0.32,16,32.0,"even-indexed (l1, l3, …); LS on next layer",0.3,0.1,1024
24,Ant-v5,id,0,847.4596557617188,89.07116009776519,9.091680526733398,0.32,16,32.0,"even-indexed (l1, l3, …); LS on next layer",0.3,0.1,1024
25,Ant-v5,id,0,808.0958862304688,86.03174825475003,13.19281005859375,0.32,16,32.0,"even-indexed (l1, l3, …); LS on next layer",0.3,0.1,1024
26,Ant-v5,id,0,1635.705322265625,173.4775321596631,12.28573989868164,0.32,16,32.0,"even-indexed (l1, l3, …); LS on next layer",0.3,0.1,1024
27,Ant-v5,id,0,1288.5281982421875,128.86391423161925,5.70491361618042,0.32,16,32.0,"even-indexed (l1, l3, …); LS on next layer",0.3,0.1,1024
28,Ant-v5,id,0,1943.411376953125,197.58893681658344,13.061857223510742,0.32,16,32.0,"even-indexed (l1, l3, …); LS on next layer",0.3,0.1,1024
29,Ant-v5,id,0,1098.60009765625,115.24835869449612,11.208185195922852,0.32,16,32.0,"even-indexed (l1, l3, …); LS on next layer",0.3,0.1,1024
30,Ant-v5,id,0,892.51904296875,108.74298499711216,20.6069393157959,0.32,16,32.0,"even-indexed (l1, l3, …); LS on next layer",0.3,0.1,1024
31,Ant-v5,id,0,793.0184326171875,85.98331749632902,8.430646896362305,0.32,16,32.0,"even-indexed (l1, l3, …); LS on next layer",0.3,0.1,1024
32,Ant-v5,id,0,922.7216796875,95.0084644720026,11.200103759765625,0.32,16,32.0,"even-indexed (l1, l3, …); LS on next layer",0.3,0.1,1024
33,Ant-v5,id,0,1612.268310546875,218.84361832669018,17.379444122314453,0.32,16,32.0,"even-indexed (l1, l3, …); LS on next layer",0.3,0.1,1024
34,Ant-v5,id,0,772.4094848632812,79.90604435793986,9.59961986541748,0.32,16,32.0,"even-indexed (l1, l3, …); LS on next layer",0.3,0.1,1024
35,Ant-v5,id,0,1780.99267578125,188.89883264068675,12.886651039123535,0.32,16,32.0,"even-indexed (l1, l3, …); LS on next layer",0.3,0.1,1024
36,Ant-v5,id,0,954.4996948242188,104.608370873562,9.501310348510742,0.32,16,32.0,"even-indexed (l1, l3, …); LS on next layer",0.3,0.1,1024
37,Ant-v5,id,0,2373.92431640625,262.5897421952192,21.408029556274414,0.32,16,32.0,"even-indexed (l1, l3, …); LS on next layer",0.3,0.1,1024
38,Ant-v5,id,0,1273.4078369140625,135.9751686938677,12.523265838623047,0.32,16,32.0,"even-indexed (l1, l3, …); LS on next layer",0.3,0.1,1024
39,Ant-v5,id,0,3872.00341796875,414.1000688110911,16.825239181518555,0.32,16,32.0,"even-indexed (l1, l3, …); LS on next layer",0.3,0.1,1024
40,Ant-v5,id,0,1967.132080078125,181.2550575381532,7.958098411560059,0.32,16,32.0,"even-indexed (l1, l3, …); LS on next layer",0.3,0.1,1024
41,Ant-v5,id,0,3401.3935546875,324.88827855532065,10.254220008850098,0.32,16,32.0,"even-indexed (l1, l3, …); LS on next layer",0.3,0.1,1024
42,Ant-v5,id,0,1094.0675048828125,116.92611933711842,11.589337348937988,0.32,16,32.0,"even-indexed (l1, l3, …); LS on next layer",0.3,0.1,1024
43,Ant-v5,id,0,915.14404296875,99.68081209872702,9.935188293457031,0.32,16,32.0,"even-indexed (l1, l3, …); LS on next layer",0.3,0.1,1024
44,Ant-v5,id,0,5322.55322265625,570.5644397107345,14.018733978271484,0.32,16,32.0,"even-indexed (l1, l3, …); LS on next layer",0.3,0.1,1024
45,Ant-v5,id,0,4737.36279296875,456.828214485285,23.37237548828125,0.32,16,32.0,"even-indexed (l1, l3, …); LS on next layer",0.3,0.1,1024
46,Ant-v5,id,0,3618.349365234375,369.238019366108,10.283041000366211,0.32,16,32.0,"even-indexed (l1, l3, …); LS on next layer",0.3,0.1,1024
47,Ant-v5,id,0,1839.816650390625,177.23421376984402,13.484128952026367,0.32,16,32.0,"even-indexed (l1, l3, …); LS on next layer",0.3,0.1,1024
48,Ant-v5,id,0,1258.670654296875,151.96937338548852,18.112760543823242,0.32,16,32.0,"even-indexed (l1, l3, …); LS on next layer",0.3,0.1,1024
49,Ant-v5,id,0,853.0387573242188,86.95857825533884,9.718269348144531,0.32,16,32.0,"even-indexed (l1, l3, …); LS on next layer",0.3,0.1,1024
50,Ant-v5,id,0,1209.27880859375,129.01855380535952,10.583030700683594,0.32,16,32.0,"even-indexed (l1, l3, …); LS on next layer",0.3,0.1,1024
51,Ant-v5,id,0,7296.53857421875,741.3589487313656,14.294896125793457,0.32,16,32.0,"even-indexed (l1, l3, …); LS on next layer",0.3,0.1,1024
52,Ant-v5,id,0,1378.439208984375,135.70920011862535,8.632841110229492,0.32,16,32.0,"even-indexed (l1, l3, …); LS on next layer",0.3,0.1,1024
53,Ant-v5,id,0,1163.5792236328125,119.31999405845357,14.015390396118164,0.32,16,32.0,"even-indexed (l1, l3, …); LS on next layer",0.3,0.1,1024
54,Ant-v5,id,0,958.6099243164062,98.15276901685687,8.203801155090332,0.32,16,32.0,"even-indexed (l1, l3, …); LS on next layer",0.3,0.1,1024
55,Ant-v5,id,0,5457.611328125,569.132418686935,8.841448783874512,0.32,16,32.0,"even-indexed (l1, l3, …); LS on next layer",0.3,0.1,1024
56,Ant-v5,id,0,4962.486328125,554.8850722277939,16.485820770263672,0.32,16,32.0,"even-indexed (l1, l3, …); LS on next layer",0.3,0.1,1024
57,Ant-v5,id,0,1174.3646240234375,173.10439371578363,21.3555850982666,0.32,16,32.0,"even-indexed (l1, l3, …); LS on next layer",0.3,0.1,1024
58,Ant-v5,id,0,3177.07861328125,306.90641390532767,13.494126319885254,0.32,16,32.0,"even-indexed (l1, l3, …); LS on next layer",0.3,0.1,1024
59,Ant-v5,id,0,2078.8876953125,213.66062168147363,14.579985618591309,0.32,16,32.0,"even-indexed (l1, l3, …); LS on next layer",0.3,0.1,1024
60,Ant-v5,id,0,2335.781005859375,235.6768664980688,13.721842765808105,0.32,16,32.0,"even-indexed (l1, l3, …); LS on next layer",0.3,0.1,1024
61,Ant-v5,id,0,1467.963623046875,144.4634614499719,11.603468894958496,0.32,16,32.0,"even-indexed (l1, l3, …); LS on next layer",0.3,0.1,1024
62,Ant-v5,id,0,1136.6080322265625,116.39087166911386,12.560739517211914,0.32,16,32.0,"even-indexed (l1, l3, …); LS on next layer",0.3,0.1,1024
63,Ant-v5,id,0,830.3068237304688,93.28304696290897,10.617465019226074,0.32,16,32.0,"even-indexed (l1, l3, …); LS on next layer",0.3,0.1,1024
64,Ant-v5,id,0,3829.092041015625,387.55834497532203,19.992950439453125,0.32,16,32.0,"even-indexed (l1, l3, …); LS on next layer",0.3,0.1,1024
65,Ant-v5,id,0,2206.88037109375,328.79433895821967,27.092775344848633,0.32,16,32.0,"even-indexed (l1, l3, …); LS on next layer",0.3,0.1,1024
66,Ant-v5,id,0,610.6574096679688,71.89383907146328,11.65251350402832,0.32,16,32.0,"even-indexed (l1, l3, …); LS on next layer",0.3,0.1,1024
67,Ant-v5,id,0,3647.272216796875,389.3611819215676,25.996402740478516,0.32,16,32.0,"even-indexed (l1, l3, …); LS on next layer",0.3,0.1,1024
68,Ant-v5,id,0,1067.5439453125,108.72148826961183,9.923127174377441,0.32,16,32.0,"even-indexed (l1, l3, …); LS on next layer",0.3,0.1,1024
69,Ant-v5,id,0,1290.1187744140625,130.82075924015936,10.911199569702148,0.32,16,32.0,"even-indexed (l1, l3, …); LS on next layer",0.3,0.1,1024
70,Ant-v5,id,0,2838.66650390625,292.36547420220415,15.274799346923828,0.32,16,32.0,"even-indexed (l1, l3, …); LS on next layer",0.3,0.1,1024
71,Ant-v5,id,0,3500.2744140625,337.2771977615789,24.529624938964844,0.32,16,32.0,"even-indexed (l1, l3, …); LS on next layer",0.3,0.1,1024
72,Ant-v5,id,0,857.04296875,96.24165037287014,9.51559066772461,0.32,16,32.0,"even-indexed (l1, l3, …); LS on next layer",0.3,0.1,1024
73,Ant-v5,id,0,1882.69970703125,186.0506797557027,15.300202369689941,0.32,16,32.0,"even-indexed (l1, l3, …); LS on next layer",0.3,0.1,1024
74,Ant-v5,id,0,2703.108642578125,278.80663134576923,17.878524780273438,0.32,16,32.0,"even-indexed (l1, l3, …); LS on next layer",0.3,0.1,1024
75,Ant-v5,id,0,2607.686767578125,286.9957269260534,11.798288345336914,0.32,16,32.0,"even-indexed (l1, l3, …); LS on next layer",0.3,0.1,1024
76,Ant-v5,id,0,5882.0439453125,537.1411979420203,13.092347145080566,0.32,16,32.0,"even-indexed (l1, l3, …); LS on next layer",0.3,0.1,1024
77,Ant-v5,id,0,1131.9376220703125,139.08148283308262,17.253198623657227,0.32,16,32.0,"even-indexed (l1, l3, …); LS on next layer",0.3,0.1,1024
78,Ant-v5,id,0,2544.001220703125,251.55944245750467,13.220780372619629,0.32,16,32.0,"even-indexed (l1, l3, …); LS on next layer",0.3,0.1,1024
79,Ant-v5,id,0,1215.3314208984375,138.04310682209857,8.981642723083496,0.32,16,32.0,"even-indexed (l1, l3, …); LS on next layer",0.3,0.1,1024
80,Ant-v5,id,0,743.874755859375,89.59859927006667,13.744077682495117,0.32,16,32.0,"even-indexed (l1, l3, …); LS on next layer",0.3,0.1,1024
81,Ant-v5,id,0,981.8923950195312,107.2866878797229,11.150284767150879,0.32,16,32.0,"even-indexed (l1, l3, …); LS on next layer",0.3,0.1,1024
82,Ant-v5,id,0,1526.351806640625,167.6098941649875,13.078598976135254,0.32,16,32.0,"even-indexed (l1, l3, …); LS on next layer",0.3,0.1,1024
83,Ant-v5,id,0,3339.533935546875,383.56653248321123,21.535953521728516,0.32,16,32.0,"even-indexed (l1, l3, …); LS on next layer",0.3,0.1,1024
84,Ant-v5,id,0,4778.78662109375,490.48372960936376,13.715537071228027,0.32,16,32.0,"even-indexed (l1, l3, …); LS on next layer",0.3,0.1,1024
85,Ant-v5,id,0,5014.990234375,570.455023162933,12.521642684936523,0.32,16,32.0,"even-indexed (l1, l3, …); LS on next layer",0.3,0.1,1024
86,Ant-v5,id,0,787.4298095703125,84.95198760213867,7.896763801574707,0.32,16,32.0,"even-indexed (l1, l3, …); LS on next layer",0.3,0.1,1024
87,Ant-v5,id,0,1061.0087890625,109.37038674900211,5.237671375274658,0.32,16,32.0,"even-indexed (l1, l3, …); LS on next layer",0.3,0.1,1024
88,Ant-v5,id,0,1397.431640625,138.5096334884275,7.874709129333496,0.32,16,32.0,"even-indexed (l1, l3, …); LS on next layer",0.3,0.1,1024
89,Ant-v5,id,0,1249.0054931640625,140.33335526133527,22.324026107788086,0.32,16,32.0,"even-indexed (l1, l3, …); LS on next layer",0.3,0.1,1024
90,Ant-v5,id,0,4748.5537109375,508.2501742598017,26.15003204345703,0.32,16,32.0,"even-indexed (l1, l3, …); LS on next layer",0.3,0.1,1024
91,Ant-v5,id,0,610.4996337890625,68.01623364217133,11.560118675231934,0.32,16,32.0,"even-indexed (l1, l3, …); LS on next layer",0.3,0.1,1024
92,Ant-v5,id,0,1178.396728515625,116.66731932168105,8.646553039550781,0.32,16,32.0,"even-indexed (l1, l3, …); LS on next layer",0.3,0.1,1024
93,Ant-v5,id,0,845.7251586914062,101.30234026150217,16.85370635986328,0.32,16,32.0,"even-indexed (l1, l3, …); LS on next layer",0.3,0.1,1024
94,Ant-v5,id,0,870.5126953125,91.05390753761202,9.500097274780273,0.32,16,32.0,"even-indexed (l1, l3, …); LS on next layer",0.3,0.1,1024
95,Ant-v5,id,0,711.9408569335938,78.37176000998146,10.449710845947266,0.32,16,32.0,"even-indexed (l1, l3, …); LS on next layer",0.3,0.1,1024
96,Ant-v5,id,0,873.8115844726562,86.34679744412827,9.472582817077637,0.32,16,32.0,"even-indexed (l1, l3, …); LS on next layer",0.3,0.1,1024
97,Ant-v5,id,0,2379.252197265625,243.04688706239415,23.259870529174805,0.32,16,32.0,"even-indexed (l1, l3, …); LS on next layer",0.3,0.1,1024
98,Ant-v5,id,0,918.6129760742188,103.2089051611024,11.13891315460205,0.32,16,32.0,"even-indexed (l1, l3, …); LS on next layer",0.3,0.1,1024
99,Ant-v5,id,0,1472.2216796875,146.9476453849396,5.62355375289917,0.32,16,32.0,"even-indexed (l1, l3, …); LS on next layer",0.3,0.1,1024
100,Ant-v5,id,0,5977.26953125,628.7674155059872,12.770720481872559,0.32,16,32.0,"even-indexed (l1, l3, …); LS on next layer",0.3,0.1,1024
101,Ant-v5,id,0,1029.480224609375,124.54439757832833,15.665971755981445,0.32,16,32.0,"even-indexed (l1, l3, …); LS on next layer",0.3,0.1,1024
102,Ant-v5,id,0,2460.685302734375,255.88099766588982,16.82765769958496,0.32,16,32.0,"even-indexed (l1, l3, …); LS on next layer",0.3,0.1,1024
103,Ant-v5,id,0,2598.83056640625,265.84605590400804,14.651792526245117,0.32,16,32.0,"even-indexed (l1, l3, …); LS on next layer",0.3,0.1,1024
104,Ant-v5,id,0,1275.95654296875,131.2528014983972,6.931946754455566,0.32,16,32.0,"even-indexed (l1, l3, …); LS on next layer",0.3,0.1,1024
105,Ant-v5,id,0,1029.68212890625,114.07507877459153,13.51240348815918,0.32,16,32.0,"even-indexed (l1, l3, …); LS on next layer",0.3,0.1,1024
106,Ant-v5,id,0,6407.2529296875,609.5889308402001,13.877345085144043,0.32,16,32.0,"even-indexed (l1, l3, …); LS on next layer",0.3,0.1,1024
107,Ant-v5,id,0,1476.366943359375,154.19934329365614,11.098307609558105,0.32,16,32.0,"even-indexed (l1, l3, …); LS on next layer",0.3,0.1,1024
108,Ant-v5,id,0,904.1251220703125,97.1932244370602,8.863785743713379,0.32,16,32.0,"even-indexed (l1, l3, …); LS on next layer",0.3,0.1,1024
109,Ant-v5,id,0,1062.1859130859375,106.49419125286153,8.57203197479248,0.32,16,32.0,"even-indexed (l1, l3, …); LS on next layer",0.3,0.1,1024
110,Ant-v5,id,0,1487.987060546875,145.6715546509909,11.565202713012695,0.32,16,32.0,"even-indexed (l1, l3, …); LS on next layer",0.3,0.1,1024
111,Ant-v5,id,0,1512.576416015625,141.61078827182791,10.043022155761719,0.32,16,32.0,"even-indexed (l1, l3, …); LS on next layer",0.3,0.1,1024
112,Ant-v5,id,0,4796.1337890625,527.5274767335568,19.75468635559082,0.32,16,32.0,"even-indexed (l1, l3, …); LS on next layer",0.3,0.1,1024
113,Ant-v5,id,0,913.015380859375,99.16957151391804,7.666236400604248,0.32,16,32.0,"even-indexed (l1, l3, …); LS on next layer",0.3,0.1,1024
114,Ant-v5,id,0,989.2622680664062,102.65534365579532,6.343419551849365,0.32,16,32.0,"even-indexed (l1, l3, …); LS on next layer",0.3,0.1,1024
115,Ant-v5,id,0,1316.32763671875,135.2929215547411,9.66185188293457,0.32,16,32.0,"even-indexed (l1, l3, …); LS on next layer",0.3,0.1,1024
116,Ant-v5,id,0,2421.82470703125,258.9256928089529,14.906906127929688,0.32,16,32.0,"even-indexed (l1, l3, …); LS on next layer",0.3,0.1,1024
117,Ant-v5,id,0,978.1031494140625,109.01590243653354,8.875992774963379,0.32,16,32.0,"even-indexed (l1, l3, …); LS on next layer",0.3,0.1,1024
118,Ant-v5,id,0,1304.0858154296875,132.24778983539977,6.942822456359863,0.32,16,32.0,"even-indexed (l1, l3, …); LS on next layer",0.3,0.1,1024
119,Ant-v5,id,0,4289.40380859375,440.284486537048,10.670416831970215,0.32,16,32.0,"even-indexed (l1, l3, …); LS on next layer",0.3,0.1,1024
120,Ant-v5,id,0,1014.025634765625,106.73839288717213,13.800825119018555,0.32,16,32.0,"even-indexed (l1, l3, …); LS on next layer",0.3,0.1,1024
121,Ant-v5,id,0,1017.8816528320312,117.24289035601339,10.253571510314941,0.32,16,32.0,"even-indexed (l1, l3, …); LS on next layer",0.3,0.1,1024
122,Ant-v5,id,0,1200.0665283203125,128.4730657413572,7.312091827392578,0.32,16,32.0,"even-indexed (l1, l3, …); LS on next layer",0.3,0.1,1024
123,Ant-v5,id,0,2034.528564453125,211.7416905865622,13.009679794311523,0.32,16,32.0,"even-indexed (l1, l3, …); LS on next layer",0.3,0.1,1024
124,Ant-v5,id,0,2275.9404296875,231.62506215546745,15.561312675476074,0.32,16,32.0,"even-indexed (l1, l3, …); LS on next layer",0.3,0.1,1024
125,Ant-v5,id,0,5228.126953125,588.7702538812051,13.658645629882812,0.32,16,32.0,"even-indexed (l1, l3, …); LS on next layer",0.3,0.1,1024
126,Ant-v5,id,0,1002.5110473632812,103.78469142932687,6.891438961029053,0.32,16,32.0,"even-indexed (l1, l3, …); LS on next layer",0.3,0.1,1024
127,Ant-v5,id,0,1098.326171875,122.54861881054356,10.589179039001465,0.32,16,32.0,"even-indexed (l1, l3, …); LS on next layer",0.3,0.1,1024
128,Ant-v5,id,0,6486.6474609375,647.0310771571556,13.219813346862793,0.32,16,32.0,"even-indexed (l1, l3, …); LS on next layer",0.3,0.1,1024
129,Ant-v5,id,0,1176.6654052734375,127.43334925896855,9.44746208190918,0.32,16,32.0,"even-indexed (l1, l3, …); LS on next layer",0.3,0.1,1024
130,Ant-v5,id,0,2237.306884765625,215.94662716618174,9.651862144470215,0.32,16,32.0,"even-indexed (l1, l3, …); LS on next layer",0.3,0.1,1024
131,Ant-v5,id,0,1906.32080078125,196.57158635772052,13.60692024230957,0.32,16,32.0,"even-indexed (l1, l3, …); LS on next layer",0.3,0.1,1024
132,Ant-v5,id,0,1447.6903076171875,147.3906605229153,11.117315292358398,0.32,16,32.0,"even-indexed (l1, l3, …); LS on next layer",0.3,0.1,1024
133,Ant-v5,id,0,1157.5850830078125,120.72000263679675,7.994856834411621,0.32,16,32.0,"even-indexed (l1, l3, …); LS on next layer",0.3,0.1,1024
134,Ant-v5,id,0,1222.1932373046875,126.07183183976423,6.575678825378418,0.32,16,32.0,"even-indexed (l1, l3, …); LS on next layer",0.3,0.1,1024
135,Ant-v5,id,0,1062.2926025390625,113.69697241912701,10.49178409576416,0.32,16,32.0,"even-indexed (l1, l3, …); LS on next layer",0.3,0.1,1024
136,Ant-v5,id,0,5326.23388671875,531.6184476734992,9.865469932556152,0.32,16,32.0,"even-indexed (l1, l3, …); LS on next layer",0.3,0.1,1024
137,Ant-v5,id,0,1180.6661376953125,114.16260654879818,10.599312782287598,0.32,16,32.0,"even-indexed (l1, l3, …); LS on next layer",0.3,0.1,1024
138,Ant-v5,id,0,1546.708984375,176.5475412908938,16.17130470275879,0.32,16,32.0,"even-indexed (l1, l3, …); LS on next layer",0.3,0.1,1024
139,Ant-v5,id,0,1103.028076171875,127.58153949610988,13.714858055114746,0.32,16,32.0,"even-indexed (l1, l3, …); LS on next layer",0.3,0.1,1024
140,Ant-v5,id,0,6909.52294921875,626.4522760862204,13.682625770568848,0.32,16,32.0,"even-indexed (l1, l3, …); LS on next layer",0.3,0.1,1024
141,Ant-v5,id,0,1663.593505859375,165.9085917027915,8.390584945678711,0.32,16,32.0,"even-indexed (l1, l3, …); LS on next layer",0.3,0.1,1024
142,Ant-v5,id,0,1375.31396484375,139.03581838275744,6.4197564125061035,0.32,16,32.0,"even-indexed (l1, l3, …); LS on next layer",0.3,0.1,1024
143,Ant-v5,id,0,1302.183349609375,139.9157514550159,10.506946563720703,0.32,16,32.0,"even-indexed (l1, l3, …); LS on next layer",0.3,0.1,1024
144,Ant-v5,id,0,1553.3204345703125,160.6298024948539,8.876298904418945,0.32,16,32.0,"even-indexed (l1, l3, …); LS on next layer",0.3,0.1,1024
145,Ant-v5,id,0,3346.501953125,390.7806579105091,19.0288028717041,0.32,16,32.0,"even-indexed (l1, l3, …); LS on next layer",0.3,0.1,1024
146,Ant-v5,id,0,1723.6346435546875,172.61670334154977,7.17877721786499,0.32,16,32.0,"even-indexed (l1, l3, …); LS on next layer",0.3,0.1,1024
147,Ant-v5,id,0,1594.814453125,152.59672951078514,8.438071250915527,0.32,16,32.0,"even-indexed (l1, l3, …); LS on next layer",0.3,0.1,1024
148,Ant-v5,id,0,950.714599609375,103.91921639476476,10.080756187438965,0.32,16,32.0,"even-indexed (l1, l3, …); LS on next layer",0.3,0.1,1024
149,Ant-v5,id,0,4659.61181640625,471.40914229004807,11.535064697265625,0.32,16,32.0,"even-indexed (l1, l3, …); LS on next layer",0.3,0.1,1024
150,Ant-v5,id,0,5856.05322265625,548.6446094127065,16.57172966003418,0.32,16,32.0,"even-indexed (l1, l3, …); LS on next layer",0.3,0.1,1024
151,Ant-v5,id,0,5313.4931640625,531.3281365548457,15.171581268310547,0.32,16,32.0,"even-indexed (l1, l3, …); LS on next layer",0.3,0.1,1024
152,Ant-v5,id,0,2254.46826171875,220.75103226872557,9.131156921386719,0.32,16,32.0,"even-indexed (l1, l3, …); LS on next layer",0.3,0.1,1024
153,Ant-v5,id,0,1232.5628662109375,137.6861798858429,12.24964714050293,0.32,16,32.0,"even-indexed (l1, l3, …); LS on next layer",0.3,0.1,1024
154,Ant-v5,id,0,5503.3876953125,580.8372137712196,15.61740779876709,0.32,16,32.0,"even-indexed (l1, l3, …); LS on next layer",0.3,0.1,1024
155,Ant-v5,id,0,2962.400146484375,294.7623501114359,12.138087272644043,0.32,16,32.0,"even-indexed (l1, l3, …); LS on next layer",0.3,0.1,1024
156,Ant-v5,id,0,1056.42431640625,113.61306546318454,14.307402610778809,0.32,16,32.0,"even-indexed (l1, l3, …); LS on next layer",0.3,0.1,1024
157,Ant-v5,id,0,1304.1434326171875,130.790502479805,8.222014427185059,0.32,16,32.0,"even-indexed (l1, l3, …); LS on next layer",0.3,0.1,1024
158,Ant-v5,id,0,1089.284423828125,122.15736438451901,11.83742904663086,0.32,16,32.0,"even-indexed (l1, l3, …); LS on next layer",0.3,0.1,1024
159,Ant-v5,id,0,943.0389404296875,102.96834187466882,8.340995788574219,0.32,16,32.0,"even-indexed (l1, l3, …); LS on next layer",0.3,0.1,1024
160,Ant-v5,id,0,1328.977294921875,152.71187913411276,14.410945892333984,0.32,16,32.0,"even-indexed (l1, l3, …); LS on next layer",0.3,0.1,1024
161,Ant-v5,id,0,1989.407958984375,198.80751746478032,7.84303617477417,0.32,16,32.0,"even-indexed (l1, l3, …); LS on next layer",0.3,0.1,1024
162,Ant-v5,id,0,1028.3721923828125,102.09853209243195,9.471075057983398,0.32,16,32.0,"even-indexed (l1, l3, …); LS on next layer",0.3,0.1,1024
163,Ant-v5,id,0,892.5081176757812,87.58019857202018,8.344277381896973,0.32,16,32.0,"even-indexed (l1, l3, …); LS on next layer",0.3,0.1,1024
164,Ant-v5,id,0,825.3403930664062,92.62253242192847,9.038201332092285,0.32,16,32.0,"even-indexed (l1, l3, …); LS on next layer",0.3,0.1,1024
165,Ant-v5,id,0,3995.8046875,413.28898484203535,12.408069610595703,0.32,16,32.0,"even-indexed (l1, l3, …); LS on next layer",0.3,0.1,1024
166,Ant-v5,id,0,3661.649169921875,336.8883052585379,19.073593139648438,0.32,16,32.0,"even-indexed (l1, l3, …); LS on next layer",0.3,0.1,1024
167,Ant-v5,id,0,1409.08935546875,145.36691218644998,14.869958877563477,0.32,16,32.0,"even-indexed (l1, l3, …); LS on next layer",0.3,0.1,1024
168,Ant-v5,id,0,1175.1571044921875,137.92222988841982,12.883684158325195,0.32,16,32.0,"even-indexed (l1, l3, …); LS on next layer",0.3,0.1,1024
169,Ant-v5,id,0,736.5407104492188,77.44856976519996,13.20699405670166,0.32,16,32.0,"even-indexed (l1, l3, …); LS on next layer",0.3,0.1,1024
170,Ant-v5,id,0,1038.710205078125,109.67708214585667,8.842578887939453,0.32,16,32.0,"even-indexed (l1, l3, …); LS on next layer",0.3,0.1,1024
171,Ant-v5,id,0,6504.90576171875,607.7505473985559,11.210685729980469,0.32,16,32.0,"even-indexed (l1, l3, …); LS on next layer",0.3,0.1,1024
172,Ant-v5,id,0,892.7112426757812,99.24543665427655,11.142719268798828,0.32,16,32.0,"even-indexed (l1, l3, …); LS on next layer",0.3,0.1,1024
173,Ant-v5,id,0,1694.4066162109375,166.51618818714275,6.234713554382324,0.32,16,32.0,"even-indexed (l1, l3, …); LS on next layer",0.3,0.1,1024
174,Ant-v5,id,0,1633.380615234375,190.88171539861318,16.310728073120117,0.32,16,32.0,"even-indexed (l1, l3, …); LS on next layer",0.3,0.1,1024
175,Ant-v5,id,0,1246.61279296875,144.6750650410882,17.885208129882812,0.32,16,32.0,"even-indexed (l1, l3, …); LS on next layer",0.3,0.1,1024
176,Ant-v5,id,0,1505.6243896484375,147.88626698132677,9.381389617919922,0.32,16,32.0,"even-indexed (l1, l3, …); LS on next layer",0.3,0.1,1024
177,Ant-v5,id,0,1142.8939208984375,122.82135648037851,10.242359161376953,0.32,16,32.0,"even-indexed (l1, l3, …); LS on next layer",0.3,0.1,1024
178,Ant-v5,id,0,5209.07958984375,515.4166018792392,13.108333587646484,0.32,16,32.0,"even-indexed (l1, l3, …); LS on next layer",0.3,0.1,1024
179,Ant-v5,id,0,1176.489990234375,191.81402976895288,27.31635284423828,0.32,16,32.0,"even-indexed (l1, l3, …); LS on next layer",0.3,0.1,1024
180,Ant-v5,id,0,1001.343017578125,110.69152850221795,10.819743156433105,0.32,16,32.0,"even-indexed (l1, l3, …); LS on next layer",0.3,0.1,1024
181,Ant-v5,id,0,1018.43701171875,124.54456493467984,16.237796783447266,0.32,16,32.0,"even-indexed (l1, l3, …); LS on next layer",0.3,0.1,1024
182,Ant-v5,id,0,1271.4134521484375,127.77225330122741,7.93558406829834,0.32,16,32.0,"even-indexed (l1, l3, …); LS on next layer",0.3,0.1,1024
183,Ant-v5,id,0,466.9715270996094,51.88364357623215,9.571721076965332,0.32,16,32.0,"even-indexed (l1, l3, …); LS on next layer",0.3,0.1,1024
184,Ant-v5,id,0,4987.93505859375,548.2255364756568,13.77493667602539,0.32,16,32.0,"even-indexed (l1, l3, …); LS on next layer",0.3,0.1,1024
185,Ant-v5,id,0,877.392333984375,90.28281296324911,8.326837539672852,0.32,16,32.0,"even-indexed (l1, l3, …); LS on next layer",0.3,0.1,1024
186,Ant-v5,id,0,3361.352294921875,376.6006413338587,14.804596900939941,0.32,16,32.0,"even-indexed (l1, l3, …); LS on next layer",0.3,0.1,1024
187,Ant-v5,id,0,5529.51416015625,594.5192094536268,18.30008888244629,0.32,16,32.0,"even-indexed (l1, l3, …); LS on next layer",0.3,0.1,1024
188,Ant-v5,id,0,1647.44970703125,165.5773191513048,6.263693809509277,0.32,16,32.0,"even-indexed (l1, l3, …); LS on next layer",0.3,0.1,1024
189,Ant-v5,id,0,1079.0469970703125,119.49849843239036,13.351245880126953,0.32,16,32.0,"even-indexed (l1, l3, …); LS on next layer",0.3,0.1,1024
190,Ant-v5,id,0,849.8170166015625,87.52424955022664,7.996966361999512,0.32,16,32.0,"even-indexed (l1, l3, …); LS on next layer",0.3,0.1,1024
191,Ant-v5,id,0,1841.5556640625,181.2786237744666,9.214216232299805,0.32,16,32.0,"even-indexed (l1, l3, …); LS on next layer",0.3,0.1,1024
192,Ant-v5,id,0,1898.58935546875,181.04072541929287,8.77096176147461,0.32,16,32.0,"even-indexed (l1, l3, …); LS on next layer",0.3,0.1,1024
193,Ant-v5,id,0,853.8311157226562,92.7876366207303,8.394662857055664,0.32,16,32.0,"even-indexed (l1, l3, …); LS on next layer",0.3,0.1,1024
194,Ant-v5,id,0,1025.88623046875,102.04950491154119,7.791056156158447,0.32,16,32.0,"even-indexed (l1, l3, …); LS on next layer",0.3,0.1,1024
195,Ant-v5,id,0,825.723876953125,85.0903284736903,8.732035636901855,0.32,16,32.0,"even-indexed (l1, l3, …); LS on next layer",0.3,0.1,1024
196,Ant-v5,id,0,1688.7542724609375,160.84184924914086,13.556902885437012,0.32,16,32.0,"even-indexed (l1, l3, …); LS on next layer",0.3,0.1,1024
197,Ant-v5,id,0,2817.80517578125,271.7267018940628,9.90778923034668,0.32,16,32.0,"even-indexed (l1, l3, …); LS on next layer",0.3,0.1,1024
198,Ant-v5,id,0,1070.6064453125,117.33029803916423,12.743683815002441,0.32,16,32.0,"even-indexed (l1, l3, …); LS on next layer",0.3,0.1,1024
199,Ant-v5,id,0,1224.7569580078125,119.66766455397143,10.440237998962402,0.32,16,32.0,"even-indexed (l1, l3, …); LS on next layer",0.3,0.1,1024
200,Ant-v5,id,0,1487.1170654296875,145.02675262653395,9.098751068115234,0.32,16,32.0,"even-indexed (l1, l3, …); LS on next layer",0.3,0.1,1024
201,Ant-v5,id,0,1942.1416015625,182.41947743825,7.158452033996582,0.32,16,32.0,"even-indexed (l1, l3, …); LS on next layer",0.3,0.1,1024
202,Ant-v5,id,0,825.4996948242188,89.8490243063903,12.467689514160156,0.32,16,32.0,"even-indexed (l1, l3, …); LS on next layer",0.3,0.1,1024
203,Ant-v5,id,0,3428.030029296875,366.1945782122698,16.527788162231445,0.32,16,32.0,"even-indexed (l1, l3, …); LS on next layer",0.3,0.1,1024
204,Ant-v5,id,0,1041.8355712890625,114.43118471147915,16.13333511352539,0.32,16,32.0,"even-indexed (l1, l3, …); LS on next layer",0.3,0.1,1024
205,Ant-v5,id,0,710.1082763671875,85.33746946018917,16.23183822631836,0.32,16,32.0,"even-indexed (l1, l3, …); LS on next layer",0.3,0.1,1024
206,Ant-v5,id,0,6483.84912109375,711.1022354344749,19.376468658447266,0.32,16,32.0,"even-indexed (l1, l3, …); LS on next layer",0.3,0.1,1024
207,Ant-v5,id,0,1550.4661865234375,176.785285404306,18.200538635253906,0.32,16,32.0,"even-indexed (l1, l3, …); LS on next layer",0.3,0.1,1024
208,Ant-v5,id,0,1408.390869140625,185.18210253256063,21.326936721801758,0.32,16,32.0,"even-indexed (l1, l3, …); LS on next layer",0.3,0.1,1024
209,Ant-v5,id,0,5334.05029296875,454.00648197436067,17.133512496948242,0.32,16,32.0,"even-indexed (l1, l3, …); LS on next layer",0.3,0.1,1024
210,Ant-v5,id,0,1823.2489013671875,174.54041847435516,16.870031356811523,0.32,16,32.0,"even-indexed (l1, l3, …); LS on next layer",0.3,0.1,1024
211,Ant-v5,id,0,1756.0673828125,186.88598947644977,16.7325382232666,0.32,16,32.0,"even-indexed (l1, l3, …); LS on next layer",0.3,0.1,1024
212,Ant-v5,id,0,1598.4105224609375,173.3137081177618,9.864849090576172,0.32,16,32.0,"even-indexed (l1, l3, …); LS on next layer",0.3,0.1,1024
213,Ant-v5,id,0,5679.283203125,573.5122181163526,19.1107234954834,0.32,16,32.0,"even-indexed (l1, l3, …); LS on next layer",0.3,0.1,1024
214,Ant-v5,id,0,1021.3700561523438,119.85542127867262,11.607870101928711,0.32,16,32.0,"even-indexed (l1, l3, …); LS on next layer",0.3,0.1,1024
215,Ant-v5,id,0,961.3814086914062,107.81845788314996,15.177811622619629,0.32,16,32.0,"even-indexed (l1, l3, …); LS on next layer",0.3,0.1,1024
216,Ant-v5,id,0,826.4577026367188,88.07324301410915,8.723814010620117,0.32,16,32.0,"even-indexed (l1, l3, …); LS on next layer",0.3,0.1,1024
217,Ant-v5,id,0,1518.5185546875,180.1170400613008,17.58161163330078,0.32,16,32.0,"even-indexed (l1, l3, …); LS on next layer",0.3,0.1,1024
218,Ant-v5,id,0,1276.099609375,136.10720955700415,8.142956733703613,0.32,16,32.0,"even-indexed (l1, l3, …); LS on next layer",0.3,0.1,1024
219,Ant-v5,id,0,1423.55810546875,136.8013634269267,6.650674343109131,0.32,16,32.0,"even-indexed (l1, l3, …); LS on next layer",0.3,0.1,1024
220,Ant-v5,id,0,1053.2696533203125,107.29299075445059,8.485308647155762,0.32,16,32.0,"even-indexed (l1, l3, …); LS on next layer",0.3,0.1,1024
221,Ant-v5,id,0,925.5274658203125,97.42005878590385,8.029170036315918,0.32,16,32.0,"even-indexed (l1, l3, …); LS on next layer",0.3,0.1,1024
222,Ant-v5,id,0,1168.36376953125,111.72956523045994,8.662632942199707,0.32,16,32.0,"even-indexed (l1, l3, …); LS on next layer",0.3,0.1,1024
223,Ant-v5,id,0,4041.282958984375,465.51625201548813,17.41512107849121,0.32,16,32.0,"even-indexed (l1, l3, …); LS on next layer",0.3,0.1,1024
224,Ant-v5,id,0,883.291015625,97.63924253814932,9.762948036193848,0.32,16,32.0,"even-indexed (l1, l3, …); LS on next layer",0.3,0.1,1024
225,Ant-v5,id,0,1197.216552734375,113.65759884664442,8.237046241760254,0.32,16,32.0,"even-indexed (l1, l3, …); LS on next layer",0.3,0.1,1024
226,Ant-v5,id,0,1243.2886962890625,136.869798052547,9.350109100341797,0.32,16,32.0,"even-indexed (l1, l3, …); LS on next layer",0.3,0.1,1024
227,Ant-v5,id,0,4136.0693359375,437.01826802055007,20.497703552246094,0.32,16,32.0,"even-indexed (l1, l3, …); LS on next layer",0.3,0.1,1024
228,Ant-v5,id,0,1401.0770263671875,144.74837437763313,8.706574440002441,0.32,16,32.0,"even-indexed (l1, l3, …); LS on next layer",0.3,0.1,1024
229,Ant-v5,id,0,1066.903564453125,166.59400777286237,17.77229881286621,0.32,16,32.0,"even-indexed (l1, l3, …); LS on next layer",0.3,0.1,1024
230,Ant-v5,id,0,747.0437622070312,88.18109338201918,12.72885799407959,0.32,16,32.0,"even-indexed (l1, l3, …); LS on next layer",0.3,0.1,1024
231,Ant-v5,id,0,775.809814453125,78.26011303504575,6.573627471923828,0.32,16,32.0,"even-indexed (l1, l3, …); LS on next layer",0.3,0.1,1024
232,Ant-v5,id,0,2109.97705078125,230.5559501580708,20.828887939453125,0.32,16,32.0,"even-indexed (l1, l3, …); LS on next layer",0.3,0.1,1024
233,Ant-v5,id,0,2080.651123046875,234.17075240956746,15.812148094177246,0.32,16,32.0,"even-indexed (l1, l3, …); LS on next layer",0.3,0.1,1024
234,Ant-v5,id,0,1092.31884765625,112.07415047783664,9.525550842285156,0.32,16,32.0,"even-indexed (l1, l3, …); LS on next layer",0.3,0.1,1024
235,Ant-v5,id,0,1141.4237060546875,126.62625182463958,13.424938201904297,0.32,16,32.0,"even-indexed (l1, l3, …); LS on next layer",0.3,0.1,1024
236,Ant-v5,id,0,1110.94921875,110.456768963164,9.114632606506348,0.32,16,32.0,"even-indexed (l1, l3, …); LS on next layer",0.3,0.1,1024
237,Ant-v5,id,0,2233.44580078125,231.33098655461953,18.020204544067383,0.32,16,32.0,"even-indexed (l1, l3, …); LS on next layer",0.3,0.1,1024
238,Ant-v5,id,0,1366.15966796875,134.55582676106422,6.125956058502197,0.32,16,32.0,"even-indexed (l1, l3, …); LS on next layer",0.3,0.1,1024
239,Ant-v5,id,0,1425.5062255859375,145.36230119730905,7.468814373016357,0.32,16,32.0,"even-indexed (l1, l3, …); LS on next layer",0.3,0.1,1024
240,Ant-v5,id,0,854.2259521484375,97.8637086614354,11.972609519958496,0.32,16,32.0,"even-indexed (l1, l3, …); LS on next layer",0.3,0.1,1024
241,Ant-v5,id,0,1497.61572265625,147.93896459019652,9.700236320495605,0.32,16,32.0,"even-indexed (l1, l3, …); LS on next layer",0.3,0.1,1024
242,Ant-v5,id,0,984.6647338867188,111.69880622530962,13.418736457824707,0.32,16,32.0,"even-indexed (l1, l3, …); LS on next layer",0.3,0.1,1024
243,Ant-v5,id,0,2649.208740234375,256.0076921955233,14.982542037963867,0.32,16,32.0,"even-indexed (l1, l3, …); LS on next layer",0.3,0.1,1024
244,Ant-v5,id,0,1110.4578857421875,110.7022748807012,7.553805828094482,0.32,16,32.0,"even-indexed (l1, l3, …); LS on next layer",0.3,0.1,1024
245,Ant-v5,id,0,710.0999755859375,79.2240390686074,21.23893928527832,0.32,16,32.0,"even-indexed (l1, l3, …); LS on next layer",0.3,0.1,1024
246,Ant-v5,id,0,1080.9970703125,102.86697917837708,11.129838943481445,0.32,16,32.0,"even-indexed (l1, l3, …); LS on next layer",0.3,0.1,1024
247,Ant-v5,id,0,1960.0556640625,237.19735714411908,29.786190032958984,0.32,16,32.0,"even-indexed (l1, l3, …); LS on next layer",0.3,0.1,1024
248,Ant-v5,id,0,2353.679931640625,322.9249239125105,35.107601165771484,0.32,16,32.0,"even-indexed (l1, l3, …); LS on next layer",0.3,0.1,1024
249,Ant-v5,id,0,816.60986328125,87.50913726505982,8.520936012268066,0.32,16,32.0,"even-indexed (l1, l3, …); LS on next layer",0.3,0.1,1024
250,Ant-v5,id,0,926.3028564453125,96.7024286978558,6.096606731414795,0.32,16,32.0,"even-indexed (l1, l3, …); LS on next layer",0.3,0.1,1024
251,Ant-v5,id,0,5056.896484375,530.1057619777414,11.060925483703613,0.32,16,32.0,"even-indexed (l1, l3, …); LS on next layer",0.3,0.1,1024
252,Ant-v5,id,0,1487.6029052734375,149.3836581794555,9.142170906066895,0.32,16,32.0,"even-indexed (l1, l3, …); LS on next layer",0.3,0.1,1024
253,Ant-v5,id,0,1092.6832275390625,106.70022827791726,14.007253646850586,0.32,16,32.0,"even-indexed (l1, l3, …); LS on next layer",0.3,0.1,1024
254,Ant-v5,id,0,2114.290283203125,232.03181763137823,16.652204513549805,0.32,16,32.0,"even-indexed (l1, l3, …); LS on next layer",0.3,0.1,1024
255,Ant-v5,id,0,1585.5159912109375,156.19314788291533,10.636634826660156,0.32,16,32.0,"even-indexed (l1, l3, …); LS on next layer",0.3,0.1,1024
256,Ant-v5,id,0,1123.287353515625,120.85065684220902,10.933073043823242,0.32,16,32.0,"even-indexed (l1, l3, …); LS on next layer",0.3,0.1,1024
257,Ant-v5,id,0,5163.419921875,523.3296604078453,12.549220085144043,0.32,16,32.0,"even-indexed (l1, l3, …); LS on next layer",0.3,0.1,1024
258,Ant-v5,id,0,2523.0390625,246.54900312738704,9.07374382019043,0.32,16,32.0,"even-indexed (l1, l3, …); LS on next layer",0.3,0.1,1024
259,Ant-v5,id,0,2731.1904296875,281.79634378634785,10.57702922821045,0.32,16,32.0,"even-indexed (l1, l3, …); LS on next layer",0.3,0.1,1024
260,Ant-v5,id,0,1797.9219970703125,216.22436263189843,15.762825965881348,0.32,16,32.0,"even-indexed (l1, l3, …); LS on next layer",0.3,0.1,1024
261,Ant-v5,id,0,2938.435546875,293.33777371257224,14.020831108093262,0.32,16,32.0,"even-indexed (l1, l3, …); LS on next layer",0.3,0.1,1024
262,Ant-v5,id,0,1149.6282958984375,124.21813855758552,16.849323272705078,0.32,16,32.0,"even-indexed (l1, l3, …); LS on next layer",0.3,0.1,1024
263,Ant-v5,id,0,3639.098876953125,463.0033858971118,18.417932510375977,0.32,16,32.0,"even-indexed (l1, l3, …); LS on next layer",0.3,0.1,1024
264,Ant-v5,id,0,1233.5301513671875,126.75992581349877,12.051164627075195,0.32,16,32.0,"even-indexed (l1, l3, …); LS on next layer",0.3,0.1,1024
265,Ant-v5,id,0,1980.3802490234375,196.8137098842735,15.934833526611328,0.32,16,32.0,"even-indexed (l1, l3, …); LS on next layer",0.3,0.1,1024
266,Ant-v5,id,0,1496.7900390625,151.28361131341276,10.690075874328613,0.32,16,32.0,"even-indexed (l1, l3, …); LS on next layer",0.3,0.1,1024
267,Ant-v5,id,0,3047.6201171875,324.9594290564215,15.438374519348145,0.32,16,32.0,"even-indexed (l1, l3, …); LS on next layer",0.3,0.1,1024
268,Ant-v5,id,0,1543.7032470703125,170.32714050234327,19.0477237701416,0.32,16,32.0,"even-indexed (l1, l3, …); LS on next layer",0.3,0.1,1024
269,Ant-v5,id,0,2618.56982421875,404.4329294024161,28.398357391357422,0.32,16,32.0,"even-indexed (l1, l3, …); LS on next layer",0.3,0.1,1024
270,Ant-v5,id,0,1398.3489990234375,144.81526152311255,8.82187271118164,0.32,16,32.0,"even-indexed (l1, l3, …); LS on next layer",0.3,0.1,1024
271,Ant-v5,id,0,715.279052734375,79.02251838723049,11.251118659973145,0.32,16,32.0,"even-indexed (l1, l3, …); LS on next layer",0.3,0.1,1024
272,Ant-v5,id,0,4825.22216796875,500.28298473179063,12.395180702209473,0.32,16,32.0,"even-indexed (l1, l3, …); LS on next layer",0.3,0.1,1024
273,Ant-v5,id,0,1759.44873046875,172.56330234485017,7.586259365081787,0.32,16,32.0,"even-indexed (l1, l3, …); LS on next layer",0.3,0.1,1024
274,Ant-v5,id,0,5942.86767578125,667.6938180096774,14.99290943145752,0.32,16,32.0,"even-indexed (l1, l3, …); LS on next layer",0.3,0.1,1024
275,Ant-v5,id,0,1388.1405029296875,156.16433997502904,16.193527221679688,0.32,16,32.0,"even-indexed (l1, l3, …); LS on next layer",0.3,0.1,1024
276,Ant-v5,id,0,3253.548583984375,334.35906747502645,13.305143356323242,0.32,16,32.0,"even-indexed (l1, l3, …); LS on next layer",0.3,0.1,1024
277,Ant-v5,id,0,3235.805908203125,353.7778613212952,19.048505783081055,0.32,16,32.0,"even-indexed (l1, l3, …); LS on next layer",0.3,0.1,1024
278,Ant-v5,id,0,950.0805053710938,105.96165074926833,9.721362113952637,0.32,16,32.0,"even-indexed (l1, l3, …); LS on next layer",0.3,0.1,1024
279,Ant-v5,id,0,1234.1669921875,127.2226354337071,9.38571834564209,0.32,16,32.0,"even-indexed (l1, l3, …); LS on next layer",0.3,0.1,1024
280,Ant-v5,id,0,1717.04541015625,172.96189598978867,9.774455070495605,0.32,16,32.0,"even-indexed (l1, l3, …); LS on next layer",0.3,0.1,1024
281,Ant-v5,id,0,863.9280395507812,97.65325120458218,14.659036636352539,0.32,16,32.0,"even-indexed (l1, l3, …); LS on next layer",0.3,0.1,1024
282,Ant-v5,id,0,4091.470703125,440.35979230518467,11.745007514953613,0.32,16,32.0,"even-indexed (l1, l3, …); LS on next layer",0.3,0.1,1024
283,Ant-v5,id,0,805.3096313476562,90.763656103946,10.33974838256836,0.32,16,32.0,"even-indexed (l1, l3, …); LS on next layer",0.3,0.1,1024
284,Ant-v5,id,0,830.47900390625,86.37061671405178,5.7896599769592285,0.32,16,32.0,"even-indexed (l1, l3, …); LS on next layer",0.3,0.1,1024
285,Ant-v5,id,0,2116.66015625,226.1953279028219,15.40777587890625,0.32,16,32.0,"even-indexed (l1, l3, …); LS on next layer",0.3,0.1,1024
286,Ant-v5,id,0,1332.3096923828125,131.7979818307298,6.647265911102295,0.32,16,32.0,"even-indexed (l1, l3, …); LS on next layer",0.3,0.1,1024
287,Ant-v5,id,0,3222.901611328125,319.51484719258667,10.221254348754883,0.32,16,32.0,"even-indexed (l1, l3, …); LS on next layer",0.3,0.1,1024
288,Ant-v5,id,0,1280.1663818359375,149.01610670546748,15.73151969909668,0.32,16,32.0,"even-indexed (l1, l3, …); LS on next layer",0.3,0.1,1024
289,Ant-v5,id,0,6412.60888671875,591.9540746890034,13.473723411560059,0.32,16,32.0,"even-indexed (l1, l3, …); LS on next layer",0.3,0.1,1024
290,Ant-v5,id,0,1070.516845703125,114.04309931866462,8.742263793945312,0.32,16,32.0,"even-indexed (l1, l3, …); LS on next layer",0.3,0.1,1024
291,Ant-v5,id,0,1995.427001953125,196.62924093841534,9.42996597290039,0.32,16,32.0,"even-indexed (l1, l3, …); LS on next layer",0.3,0.1,1024
292,Ant-v5,id,0,6574.8896484375,693.5113279117087,13.333718299865723,0.32,16,32.0,"even-indexed (l1, l3, …); LS on next layer",0.3,0.1,1024
293,Ant-v5,id,0,1140.1314697265625,124.31712598463483,12.611412048339844,0.32,16,32.0,"even-indexed (l1, l3, …); LS on next layer",0.3,0.1,1024
294,Ant-v5,id,0,2047.255859375,429.42301315335806,42.41495895385742,0.32,16,32.0,"even-indexed (l1, l3, …); LS on next layer",0.3,0.1,1024
295,Ant-v5,id,0,1499.4183349609375,146.93907744452457,14.159773826599121,0.32,16,32.0,"even-indexed (l1, l3, …); LS on next layer",0.3,0.1,1024
296,Ant-v5,id,0,678.5570678710938,78.01873139338198,13.52507209777832,0.32,16,32.0,"even-indexed (l1, l3, …); LS on next layer",0.3,0.1,1024
297,Ant-v5,id,0,2332.3330078125,257.1656210520184,24.97479820251465,0.32,16,32.0,"even-indexed (l1, l3, …); LS on next layer",0.3,0.1,1024
298,Ant-v5,id,0,834.9713134765625,116.51772454503188,21.75056266784668,0.32,16,32.0,"even-indexed (l1, l3, …); LS on next layer",0.3,0.1,1024
299,Ant-v5,id,0,664.5576171875,75.08194324484793,11.654555320739746,0.32,16,32.0,"even-indexed (l1, l3, …); LS on next layer",0.3,0.1,1024
300,Ant-v5,id,0,1144.497802734375,127.42498813810755,15.1328706741333,0.32,16,32.0,"even-indexed (l1, l3, …); LS on next layer",0.3,0.1,1024
301,Ant-v5,id,0,1661.1644287109375,172.64409211646375,17.81144905090332,0.32,16,32.0,"even-indexed (l1, l3, …); LS on next layer",0.3,0.1,1024
302,Ant-v5,id,0,1072.2822265625,110.7641728057151,7.410514831542969,0.32,16,32.0,"even-indexed (l1, l3, …); LS on next layer",0.3,0.1,1024
303,Ant-v5,id,0,1322.956787109375,127.9504778340993,6.5862627029418945,0.32,16,32.0,"even-indexed (l1, l3, …); LS on next layer",0.3,0.1,1024
304,Ant-v5,id,0,3610.138671875,351.576695251999,12.933145523071289,0.32,16,32.0,"even-indexed (l1, l3, …); LS on next layer",0.3,0.1,1024
305,Ant-v5,id,0,1177.6435546875,127.34427176910773,14.7255859375,0.32,16,32.0,"even-indexed (l1, l3, …); LS on next layer",0.3,0.1,1024
306,Ant-v5,id,0,1709.7110595703125,193.25040918832767,16.637413024902344,0.32,16,32.0,"even-indexed (l1, l3, …); LS on next layer",0.3,0.1,1024
307,Ant-v5,id,0,1021.19775390625,107.21760811558329,6.047948837280273,0.32,16,32.0,"even-indexed (l1, l3, …); LS on next layer",0.3,0.1,1024
308,Ant-v5,id,0,1254.1590576171875,124.3951058057115,6.981919765472412,0.32,16,32.0,"even-indexed (l1, l3, …); LS on next layer",0.3,0.1,1024
309,Ant-v5,id,0,5330.6005859375,545.9990984869331,17.687166213989258,0.32,16,32.0,"even-indexed (l1, l3, …); LS on next layer",0.3,0.1,1024
310,Ant-v5,id,0,4996.92041015625,478.90751714748205,17.948190689086914,0.32,16,32.0,"even-indexed (l1, l3, …); LS on next layer",0.3,0.1,1024
311,Ant-v5,id,0,1118.0765380859375,124.58797457884674,11.69852352142334,0.32,16,32.0,"even-indexed (l1, l3, …); LS on next layer",0.3,0.1,1024
312,Ant-v5,id,0,967.0811767578125,102.20696153401533,14.640532493591309,0.32,16,32.0,"even-indexed (l1, l3, …); LS on next layer",0.3,0.1,1024
313,Ant-v5,id,0,3203.81591796875,338.4467809475632,20.028182983398438,0.32,16,32.0,"even-indexed (l1, l3, …); LS on next layer",0.3,0.1,1024
314,Ant-v5,id,0,3185.5107421875,307.69269850567343,13.776723861694336,0.32,16,32.0,"even-indexed (l1, l3, …); LS on next layer",0.3,0.1,1024
315,Ant-v5,id,0,1319.3067626953125,150.17498616124027,17.61907196044922,0.32,16,32.0,"even-indexed (l1, l3, …); LS on next layer",0.3,0.1,1024
316,Ant-v5,id,0,1170.2662353515625,130.50721055218014,16.363170623779297,0.32,16,32.0,"even-indexed (l1, l3, …); LS on next layer",0.3,0.1,1024
317,Ant-v5,id,0,1576.0467529296875,151.66763689232513,6.998884677886963,0.32,16,32.0,"even-indexed (l1, l3, …); LS on next layer",0.3,0.1,1024
318,Ant-v5,id,0,1532.3233642578125,153.74795254670505,16.156944274902344,0.32,16,32.0,"even-indexed (l1, l3, …); LS on next layer",0.3,0.1,1024
319,Ant-v5,id,0,1683.497802734375,157.95340823769536,6.786115646362305,0.32,16,32.0,"even-indexed (l1, l3, …); LS on next layer",0.3,0.1,1024
320,Ant-v5,id,0,1589.213623046875,160.87889552110062,7.104070663452148,0.32,16,32.0,"even-indexed (l1, l3, …); LS on next layer",0.3,0.1,1024
321,Ant-v5,id,0,4612.90283203125,493.2332542284929,13.81517219543457,0.32,16,32.0,"even-indexed (l1, l3, …); LS on next layer",0.3,0.1,1024
322,Ant-v5,id,0,1660.14599609375,162.67613354959164,6.393395900726318,0.32,16,32.0,"even-indexed (l1, l3, …); LS on next layer",0.3,0.1,1024
323,Ant-v5,id,0,1038.443359375,116.25255236668684,13.359344482421875,0.32,16,32.0,"even-indexed (l1, l3, …); LS on next layer",0.3,0.1,1024
324,Ant-v5,id,0,1727.217529296875,187.46209176505675,10.485281944274902,0.32,16,32.0,"even-indexed (l1, l3, …); LS on next layer",0.3,0.1,1024
325,Ant-v5,id,0,1604.953857421875,225.70178522441955,23.410303115844727,0.32,16,32.0,"even-indexed (l1, l3, …); LS on next layer",0.3,0.1,1024
326,Ant-v5,id,0,1930.62109375,188.3334523568276,6.917588710784912,0.32,16,32.0,"even-indexed (l1, l3, …); LS on next layer",0.3,0.1,1024
327,Ant-v5,id,0,907.9649047851562,97.31445771916285,10.713181495666504,0.32,16,32.0,"even-indexed (l1, l3, …); LS on next layer",0.3,0.1,1024
328,Ant-v5,id,0,909.80908203125,105.55534723952266,13.65585994720459,0.32,16,32.0,"even-indexed (l1, l3, …); LS on next layer",0.3,0.1,1024
329,Ant-v5,id,0,1469.7952880859375,146.95437105039224,7.020637512207031,0.32,16,32.0,"even-indexed (l1, l3, …); LS on next layer",0.3,0.1,1024
330,Ant-v5,id,0,1837.0701904296875,203.8733015499973,20.233610153198242,0.32,16,32.0,"even-indexed (l1, l3, …); LS on next layer",0.3,0.1,1024
331,Ant-v5,id,0,1306.71435546875,142.26118322002566,11.2682523727417,0.32,16,32.0,"even-indexed (l1, l3, …); LS on next layer",0.3,0.1,1024
332,Ant-v5,id,0,2290.56201171875,237.97808923543943,11.917344093322754,0.32,16,32.0,"even-indexed (l1, l3, …); LS on next layer",0.3,0.1,1024
333,Ant-v5,id,0,1759.7193603515625,223.95301375403528,17.062782287597656,0.32,16,32.0,"even-indexed (l1, l3, …); LS on next layer",0.3,0.1,1024
334,Ant-v5,id,0,999.3507690429688,113.21930941367583,12.808700561523438,0.32,16,32.0,"even-indexed (l1, l3, …); LS on next layer",0.3,0.1,1024
335,Ant-v5,id,0,1796.7562255859375,179.56037524439327,7.61708927154541,0.32,16,32.0,"even-indexed (l1, l3, …); LS on next layer",0.3,0.1,1024
336,Ant-v5,id,0,1544.599609375,165.14086445454473,9.817490577697754,0.32,16,32.0,"even-indexed (l1, l3, …); LS on next layer",0.3,0.1,1024
337,Ant-v5,id,0,5352.0556640625,605.9310417100608,14.765947341918945,0.32,16,32.0,"even-indexed (l1, l3, …); LS on next layer",0.3,0.1,1024
338,Ant-v5,id,0,3294.859375,341.1901398300521,9.161636352539062,0.32,16,32.0,"even-indexed (l1, l3, …); LS on next layer",0.3,0.1,1024
339,Ant-v5,id,0,1840.67236328125,186.0508080281369,14.195516586303711,0.32,16,32.0,"even-indexed (l1, l3, …); LS on next layer",0.3,0.1,1024
340,Ant-v5,id,0,1271.1910400390625,133.9564956861497,11.995591163635254,0.32,16,32.0,"even-indexed (l1, l3, …); LS on next layer",0.3,0.1,1024
341,Ant-v5,id,0,1632.2554931640625,167.33980305999074,12.720489501953125,0.32,16,32.0,"even-indexed (l1, l3, …); LS on next layer",0.3,0.1,1024
342,Ant-v5,id,0,1552.45751953125,153.71468633211967,11.86220932006836,0.32,16,32.0,"even-indexed (l1, l3, …); LS on next layer",0.3,0.1,1024
343,Ant-v5,id,0,995.8471069335938,101.57035336303329,4.849308490753174,0.32,16,32.0,"even-indexed (l1, l3, …); LS on next layer",0.3,0.1,1024
344,Ant-v5,id,0,6777.89111328125,664.6867314277025,11.863972663879395,0.32,16,32.0,"even-indexed (l1, l3, …); LS on next layer",0.3,0.1,1024
345,Ant-v5,id,0,1117.018310546875,116.94968478524467,9.721994400024414,0.32,16,32.0,"even-indexed (l1, l3, …); LS on next layer",0.3,0.1,1024
346,Ant-v5,id,0,2200.329345703125,220.71286693300067,9.183571815490723,0.32,16,32.0,"even-indexed (l1, l3, …); LS on next layer",0.3,0.1,1024
347,Ant-v5,id,0,1321.692626953125,139.34512033294604,10.595385551452637,0.32,16,32.0,"even-indexed (l1, l3, …); LS on next layer",0.3,0.1,1024
348,Ant-v5,id,0,6336.53515625,640.133786551409,16.05217742919922,0.32,16,32.0,"even-indexed (l1, l3, …); LS on next layer",0.3,0.1,1024
349,Ant-v5,id,0,1188.7979736328125,117.77756249728424,6.808837890625,0.32,16,32.0,"even-indexed (l1, l3, …); LS on next layer",0.3,0.1,1024
350,Ant-v5,id,0,6783.5810546875,609.8217827490006,13.299031257629395,0.32,16,32.0,"even-indexed (l1, l3, …); LS on next layer",0.3,0.1,1024
351,Ant-v5,id,0,1227.5247802734375,124.30180266977084,8.93316650390625,0.32,16,32.0,"even-indexed (l1, l3, …); LS on next layer",0.3,0.1,1024
352,Ant-v5,id,0,899.01513671875,97.63159426395913,10.448396682739258,0.32,16,32.0,"even-indexed (l1, l3, …); LS on next layer",0.3,0.1,1024
353,Ant-v5,id,0,1007.0427856445312,120.78703655517987,14.769983291625977,0.32,16,32.0,"even-indexed (l1, l3, …); LS on next layer",0.3,0.1,1024
354,Ant-v5,id,0,1035.779052734375,121.10486485497077,10.9170503616333,0.32,16,32.0,"even-indexed (l1, l3, …); LS on next layer",0.3,0.1,1024
355,Ant-v5,id,0,1990.1737060546875,211.73428345213804,13.284958839416504,0.32,16,32.0,"even-indexed (l1, l3, …); LS on next layer",0.3,0.1,1024
356,Ant-v5,id,0,1146.66015625,121.71360102591444,12.378849029541016,0.32,16,32.0,"even-indexed (l1, l3, …); LS on next layer",0.3,0.1,1024
357,Ant-v5,id,0,1131.5157470703125,118.3289831664458,9.245237350463867,0.32,16,32.0,"even-indexed (l1, l3, …); LS on next layer",0.3,0.1,1024
358,Ant-v5,id,0,5358.26513671875,567.7387509929822,11.787997245788574,0.32,16,32.0,"even-indexed (l1, l3, …); LS on next layer",0.3,0.1,1024
359,Ant-v5,id,0,945.98486328125,96.04039112943352,5.231394290924072,0.32,16,32.0,"even-indexed (l1, l3, …); LS on next layer",0.3,0.1,1024
360,Ant-v5,id,0,1514.94189453125,150.56006400479075,6.337385177612305,0.32,16,32.0,"even-indexed (l1, l3, …); LS on next layer",0.3,0.1,1024
361,Ant-v5,id,0,880.64111328125,91.90398207399002,10.478250503540039,0.32,16,32.0,"even-indexed (l1, l3, …); LS on next layer",0.3,0.1,1024
362,Ant-v5,id,0,1324.086669921875,132.6912084062014,6.935439109802246,0.32,16,32.0,"even-indexed (l1, l3, …); LS on next layer",0.3,0.1,1024
363,Ant-v5,id,0,2935.7568359375,320.4640374634904,11.555265426635742,0.32,16,32.0,"even-indexed (l1, l3, …); LS on next layer",0.3,0.1,1024
364,Ant-v5,id,0,1060.2452392578125,111.20545680916248,11.830673217773438,0.32,16,32.0,"even-indexed (l1, l3, …); LS on next layer",0.3,0.1,1024
365,Ant-v5,id,0,1172.9932861328125,112.79948509105955,13.813446998596191,0.32,16,32.0,"even-indexed (l1, l3, …); LS on next layer",0.3,0.1,1024
366,Ant-v5,id,0,967.2128295898438,110.22892938467325,11.707927703857422,0.32,16,32.0,"even-indexed (l1, l3, …); LS on next layer",0.3,0.1,1024
367,Ant-v5,id,0,1465.6492919921875,145.58394783384483,10.270564079284668,0.32,16,32.0,"even-indexed (l1, l3, …); LS on next layer",0.3,0.1,1024
368,Ant-v5,id,0,753.364501953125,87.0064148968629,13.678945541381836,0.32,16,32.0,"even-indexed (l1, l3, …); LS on next layer",0.3,0.1,1024
369,Ant-v5,id,0,3388.783203125,364.92333299114193,12.155475616455078,0.32,16,32.0,"even-indexed (l1, l3, …); LS on next layer",0.3,0.1,1024
370,Ant-v5,id,0,2144.0302734375,222.5315512662151,12.260388374328613,0.32,16,32.0,"even-indexed (l1, l3, …); LS on next layer",0.3,0.1,1024
371,Ant-v5,id,0,4726.6494140625,510.13939377443626,11.691459655761719,0.32,16,32.0,"even-indexed (l1, l3, …); LS on next layer",0.3,0.1,1024
372,Ant-v5,id,0,968.9098510742188,98.52018682510243,10.830585479736328,0.32,16,32.0,"even-indexed (l1, l3, …); LS on next layer",0.3,0.1,1024
373,Ant-v5,id,0,1172.716064453125,127.73877790413465,15.807806015014648,0.32,16,32.0,"even-indexed (l1, l3, …); LS on next layer",0.3,0.1,1024
374,Ant-v5,id,0,873.9048461914062,107.07330496895304,14.075931549072266,0.32,16,32.0,"even-indexed (l1, l3, …); LS on next layer",0.3,0.1,1024
375,Ant-v5,id,0,2814.00146484375,335.542831899948,20.20534896850586,0.32,16,32.0,"even-indexed (l1, l3, …); LS on next layer",0.3,0.1,1024
376,Ant-v5,id,0,1232.7626953125,119.36568383723503,8.181398391723633,0.32,16,32.0,"even-indexed (l1, l3, …); LS on next layer",0.3,0.1,1024
377,Ant-v5,id,0,1706.5694580078125,175.9556817725289,8.770779609680176,0.32,16,32.0,"even-indexed (l1, l3, …); LS on next layer",0.3,0.1,1024
378,Ant-v5,id,0,3107.133544921875,340.223080091784,15.533413887023926,0.32,16,32.0,"even-indexed (l1, l3, …); LS on next layer",0.3,0.1,1024
379,Ant-v5,id,0,1700.4482421875,173.01651846995625,8.011096000671387,0.32,16,32.0,"even-indexed (l1, l3, …); LS on next layer",0.3,0.1,1024
380,Ant-v5,id,0,5521.87744140625,672.1039767682404,15.418339729309082,0.32,16,32.0,"even-indexed (l1, l3, …); LS on next layer",0.3,0.1,1024
381,Ant-v5,id,0,2005.6627197265625,210.32482548329725,17.930341720581055,0.32,16,32.0,"even-indexed (l1, l3, …); LS on next layer",0.3,0.1,1024
382,Ant-v5,id,0,1248.001953125,133.03214898073512,14.869914054870605,0.32,16,32.0,"even-indexed (l1, l3, …); LS on next layer",0.3,0.1,1024
383,Ant-v5,id,0,1166.0087890625,116.70873457950987,8.077678680419922,0.32,16,32.0,"even-indexed (l1, l3, …); LS on next layer",0.3,0.1,1024
384,Ant-v5,id,0,878.3069458007812,92.04386601259719,9.852685928344727,0.32,16,32.0,"even-indexed (l1, l3, …); LS on next layer",0.3,0.1,1024
385,Ant-v5,id,0,2008.545166015625,223.6862874407675,24.9864559173584,0.32,16,32.0,"even-indexed (l1, l3, …); LS on next layer",0.3,0.1,1024
386,Ant-v5,id,0,1796.9525146484375,194.21170628932853,18.483610153198242,0.32,16,32.0,"even-indexed (l1, l3, …); LS on next layer",0.3,0.1,1024
387,Ant-v5,id,0,1710.4564208984375,178.97391162522027,10.709312438964844,0.32,16,32.0,"even-indexed (l1, l3, …); LS on next layer",0.3,0.1,1024
388,Ant-v5,id,0,1871.4189453125,195.57929892031072,13.956159591674805,0.32,16,32.0,"even-indexed (l1, l3, …); LS on next layer",0.3,0.1,1024
389,Ant-v5,id,0,717.2177734375,75.49647746069243,10.026175498962402,0.32,16,32.0,"even-indexed (l1, l3, …); LS on next layer",0.3,0.1,1024
390,Ant-v5,id,0,2847.20068359375,295.01169889080177,12.365267753601074,0.32,16,32.0,"even-indexed (l1, l3, …); LS on next layer",0.3,0.1,1024
391,Ant-v5,id,0,1423.487548828125,142.0643603290432,5.622163772583008,0.32,16,32.0,"even-indexed (l1, l3, …); LS on next layer",0.3,0.1,1024
392,Ant-v5,id,0,2840.6630859375,306.9788687315605,13.745634078979492,0.32,16,32.0,"even-indexed (l1, l3, …); LS on next layer",0.3,0.1,1024
393,Ant-v5,id,0,1470.3231201171875,173.17669405223089,16.22367286682129,0.32,16,32.0,"even-indexed (l1, l3, …); LS on next layer",0.3,0.1,1024
394,Ant-v5,id,0,1473.3529052734375,146.43715082893007,9.252283096313477,0.32,16,32.0,"even-indexed (l1, l3, …); LS on next layer",0.3,0.1,1024
395,Ant-v5,id,0,3028.6552734375,318.39176282739334,11.762575149536133,0.32,16,32.0,"even-indexed (l1, l3, …); LS on next layer",0.3,0.1,1024
396,Ant-v5,id,0,1794.2974853515625,185.80497869033266,15.235081672668457,0.32,16,32.0,"even-indexed (l1, l3, …); LS on next layer",0.3,0.1,1024
397,Ant-v5,id,0,1577.923583984375,184.24165335991944,22.895252227783203,0.32,16,32.0,"even-indexed (l1, l3, …); LS on next layer",0.3,0.1,1024
398,Ant-v5,id,0,3379.410888671875,403.3662106051845,19.64427947998047,0.32,16,32.0,"even-indexed (l1, l3, …); LS on next layer",0.3,0.1,1024
399,Ant-v5,id,0,1708.7266845703125,205.09870751395044,24.808263778686523,0.32,16,32.0,"even-indexed (l1, l3, …); LS on next layer",0.3,0.1,1024
400,Ant-v5,id,0,3282.164306640625,329.6445072003829,10.143507957458496,0.32,16,32.0,"even-indexed (l1, l3, …); LS on next layer",0.3,0.1,1024
401,Ant-v5,id,0,1042.0496826171875,101.95188601132071,7.693628311157227,0.32,16,32.0,"even-indexed (l1, l3, …); LS on next layer",0.3,0.1,1024
402,Ant-v5,id,0,1525.3507080078125,155.95770350452634,15.535116195678711,0.32,16,32.0,"even-indexed (l1, l3, …); LS on next layer",0.3,0.1,1024
403,Ant-v5,id,0,749.75537109375,87.46242625139593,13.04362678527832,0.32,16,32.0,"even-indexed (l1, l3, …); LS on next layer",0.3,0.1,1024
404,Ant-v5,id,0,852.8428955078125,115.92016814593575,19.721651077270508,0.32,16,32.0,"even-indexed (l1, l3, …); LS on next layer",0.3,0.1,1024
405,Ant-v5,id,0,5506.81591796875,522.7373464175697,14.011345863342285,0.32,16,32.0,"even-indexed (l1, l3, …); LS on next layer",0.3,0.1,1024
406,Ant-v5,id,0,1868.5030517578125,205.1817164966272,19.742778778076172,0.32,16,32.0,"even-indexed (l1, l3, …); LS on next layer",0.3,0.1,1024
407,Ant-v5,id,0,1229.6778564453125,118.27124446012084,9.206216812133789,0.32,16,32.0,"even-indexed (l1, l3, …); LS on next layer",0.3,0.1,1024
408,Ant-v5,id,0,681.8534545898438,76.30685163255801,11.673504829406738,0.32,16,32.0,"even-indexed (l1, l3, …); LS on next layer",0.3,0.1,1024
409,Ant-v5,id,0,2642.822265625,264.75854228013657,15.407546997070312,0.32,16,32.0,"even-indexed (l1, l3, …); LS on next layer",0.3,0.1,1024
410,Ant-v5,id,0,1353.236083984375,139.144988474386,6.891356945037842,0.32,16,32.0,"even-indexed (l1, l3, …); LS on next layer",0.3,0.1,1024
411,Ant-v5,id,0,942.5200805664062,101.35865994683104,13.508308410644531,0.32,16,32.0,"even-indexed (l1, l3, …); LS on next layer",0.3,0.1,1024
412,Ant-v5,id,0,1982.6287841796875,393.1020869591151,44.79033660888672,0.32,16,32.0,"even-indexed (l1, l3, …); LS on next layer",0.3,0.1,1024
413,Ant-v5,id,0,3041.56298828125,344.30671181272544,29.98815155029297,0.32,16,32.0,"even-indexed (l1, l3, …); LS on next layer",0.3,0.1,1024
414,Ant-v5,id,0,1751.872802734375,212.22700912833773,16.82279396057129,0.32,16,32.0,"even-indexed (l1, l3, …); LS on next layer",0.3,0.1,1024
415,Ant-v5,id,0,601.10205078125,61.165570700653824,7.472967624664307,0.32,16,32.0,"even-indexed (l1, l3, …); LS on next layer",0.3,0.1,1024
416,Ant-v5,id,0,871.3056640625,113.53896213458384,14.93266487121582,0.32,16,32.0,"even-indexed (l1, l3, …); LS on next layer",0.3,0.1,1024
417,Ant-v5,id,0,1245.740478515625,121.47502519026756,7.510958671569824,0.32,16,32.0,"even-indexed (l1, l3, …); LS on next layer",0.3,0.1,1024
418,Ant-v5,id,0,5445.95654296875,530.2312667780684,16.056921005249023,0.32,16,32.0,"even-indexed (l1, l3, …); LS on next layer",0.3,0.1,1024
419,Ant-v5,id,0,1735.271484375,168.05504293817492,6.295716762542725,0.32,16,32.0,"even-indexed (l1, l3, …); LS on next layer",0.3,0.1,1024
420,Ant-v5,id,0,1146.5672607421875,116.33504549774716,7.996496677398682,0.32,16,32.0,"even-indexed (l1, l3, …); LS on next layer",0.3,0.1,1024
421,Ant-v5,id,0,1263.9842529296875,128.35178502466678,11.112482070922852,0.32,16,32.0,"even-indexed (l1, l3, …); LS on next layer",0.3,0.1,1024
422,Ant-v5,id,0,1407.6226806640625,142.5248571114034,6.5659499168396,0.32,16,32.0,"even-indexed (l1, l3, …); LS on next layer",0.3,0.1,1024
423,Ant-v5,id,0,1019.8928833007812,114.73176300982277,10.895528793334961,0.32,16,32.0,"even-indexed (l1, l3, …); LS on next layer",0.3,0.1,1024
424,Ant-v5,id,0,965.7183837890625,109.14778161195713,10.48050308227539,0.32,16,32.0,"even-indexed (l1, l3, …); LS on next layer",0.3,0.1,1024
425,Ant-v5,id,0,1673.9432373046875,174.51677043169346,12.468916893005371,0.32,16,32.0,"even-indexed (l1, l3, …); LS on next layer",0.3,0.1,1024
426,Ant-v5,id,0,2216.67529296875,235.9715763830098,16.095867156982422,0.32,16,32.0,"even-indexed (l1, l3, …); LS on next layer",0.3,0.1,1024
427,Ant-v5,id,0,1585.9959716796875,170.7277173645891,19.34139060974121,0.32,16,32.0,"even-indexed (l1, l3, …); LS on next layer",0.3,0.1,1024
428,Ant-v5,id,0,1158.8585205078125,122.9093399647856,11.77492904663086,0.32,16,32.0,"even-indexed (l1, l3, …); LS on next layer",0.3,0.1,1024
429,Ant-v5,id,0,811.6627197265625,85.27268381480138,10.335169792175293,0.32,16,32.0,"even-indexed (l1, l3, …); LS on next layer",0.3,0.1,1024
430,Ant-v5,id,0,1264.1331787109375,178.55458716555273,20.296730041503906,0.32,16,32.0,"even-indexed (l1, l3, …); LS on next layer",0.3,0.1,1024
431,Ant-v5,id,0,5774.478515625,588.5439353094561,10.829338073730469,0.32,16,32.0,"even-indexed (l1, l3, …); LS on next layer",0.3,0.1,1024
432,Ant-v5,id,0,1759.952880859375,215.68463900462973,16.854528427124023,0.32,16,32.0,"even-indexed (l1, l3, …); LS on next layer",0.3,0.1,1024
433,Ant-v5,id,0,839.9944458007812,87.3386104270192,7.684177875518799,0.32,16,32.0,"even-indexed (l1, l3, …); LS on next layer",0.3,0.1,1024
434,Ant-v5,id,0,1723.568115234375,170.41449494004038,7.407906532287598,0.32,16,32.0,"even-indexed (l1, l3, …); LS on next layer",0.3,0.1,1024
435,Ant-v5,id,0,1473.880859375,154.19058588506007,9.469579696655273,0.32,16,32.0,"even-indexed (l1, l3, …); LS on next layer",0.3,0.1,1024
436,Ant-v5,id,0,5182.822265625,560.6667774854499,16.246828079223633,0.32,16,32.0,"even-indexed (l1, l3, …); LS on next layer",0.3,0.1,1024
437,Ant-v5,id,0,1689.3721923828125,162.31061245926165,7.638540744781494,0.32,16,32.0,"even-indexed (l1, l3, …); LS on next layer",0.3,0.1,1024
438,Ant-v5,id,0,4106.4541015625,427.6229337976239,9.655782699584961,0.32,16,32.0,"even-indexed (l1, l3, …); LS on next layer",0.3,0.1,1024
439,Ant-v5,id,0,1919.549560546875,211.38604825799632,15.031576156616211,0.32,16,32.0,"even-indexed (l1, l3, …); LS on next layer",0.3,0.1,1024
440,Ant-v5,id,0,1944.6104736328125,188.92213862567417,9.975709915161133,0.32,16,32.0,"even-indexed (l1, l3, …); LS on next layer",0.3,0.1,1024
441,Ant-v5,id,0,5880.12548828125,668.1829324144204,15.861968040466309,0.32,16,32.0,"even-indexed (l1, l3, …); LS on next layer",0.3,0.1,1024
442,Ant-v5,id,0,754.275390625,81.67063687994093,13.425799369812012,0.32,16,32.0,"even-indexed (l1, l3, …); LS on next layer",0.3,0.1,1024
443,Ant-v5,id,0,1508.3448486328125,165.7862696721599,9.611651420593262,0.32,16,32.0,"even-indexed (l1, l3, …); LS on next layer",0.3,0.1,1024
444,Ant-v5,id,0,1014.455322265625,112.1989113031255,8.702258110046387,0.32,16,32.0,"even-indexed (l1, l3, …); LS on next layer",0.3,0.1,1024
445,Ant-v5,id,0,1044.174072265625,100.7581951282543,12.35591983795166,0.32,16,32.0,"even-indexed (l1, l3, …); LS on next layer",0.3,0.1,1024
446,Ant-v5,id,0,738.43994140625,85.04982844755611,9.891934394836426,0.32,16,32.0,"even-indexed (l1, l3, …); LS on next layer",0.3,0.1,1024
447,Ant-v5,id,0,2881.772705078125,293.09498379483637,15.826026916503906,0.32,16,32.0,"even-indexed (l1, l3, …); LS on next layer",0.3,0.1,1024
448,Ant-v5,id,0,3456.754638671875,372.72570978666624,11.992047309875488,0.32,16,32.0,"even-indexed (l1, l3, …); LS on next layer",0.3,0.1,1024
449,Ant-v5,id,0,1320.654052734375,130.5308412517266,6.769377708435059,0.32,16,32.0,"even-indexed (l1, l3, …); LS on next layer",0.3,0.1,1024
450,Ant-v5,id,0,1322.2225341796875,136.71498219818503,6.665882110595703,0.32,16,32.0,"even-indexed (l1, l3, …); LS on next layer",0.3,0.1,1024
451,Ant-v5,id,0,1243.2183837890625,145.96062827486378,14.636656761169434,0.32,16,32.0,"even-indexed (l1, l3, …); LS on next layer",0.3,0.1,1024
452,Ant-v5,id,0,1193.1051025390625,117.35307992330863,8.278741836547852,0.32,16,32.0,"even-indexed (l1, l3, …); LS on next layer",0.3,0.1,1024
453,Ant-v5,id,0,670.7097778320312,70.65875306117744,9.280054092407227,0.32,16,32.0,"even-indexed (l1, l3, …); LS on next layer",0.3,0.1,1024
454,Ant-v5,id,0,2503.7451171875,250.41807277005583,19.529203414916992,0.32,16,32.0,"even-indexed (l1, l3, …); LS on next layer",0.3,0.1,1024
455,Ant-v5,id,0,908.1536254882812,96.35264083015815,8.649174690246582,0.32,16,32.0,"even-indexed (l1, l3, …); LS on next layer",0.3,0.1,1024
456,Ant-v5,id,0,2804.255126953125,310.48174784631055,13.070637702941895,0.32,16,32.0,"even-indexed (l1, l3, …); LS on next layer",0.3,0.1,1024
457,Ant-v5,id,0,974.3035888671875,106.9728375672482,12.334798812866211,0.32,16,32.0,"even-indexed (l1, l3, …); LS on next layer",0.3,0.1,1024
458,Ant-v5,id,0,1235.4935302734375,131.07120060772934,9.04854679107666,0.32,16,32.0,"even-indexed (l1, l3, …); LS on next layer",0.3,0.1,1024
459,Ant-v5,id,0,3261.093017578125,338.6148231985428,12.091259002685547,0.32,16,32.0,"even-indexed (l1, l3, …); LS on next layer",0.3,0.1,1024
460,Ant-v5,id,0,1980.885986328125,196.02581152402982,12.207442283630371,0.32,16,32.0,"even-indexed (l1, l3, …); LS on next layer",0.3,0.1,1024
461,Ant-v5,id,0,1181.841064453125,126.6729246800021,6.956278324127197,0.32,16,32.0,"even-indexed (l1, l3, …); LS on next layer",0.3,0.1,1024
462,Ant-v5,id,0,1169.768310546875,124.49445295689856,8.435215950012207,0.32,16,32.0,"even-indexed (l1, l3, …); LS on next layer",0.3,0.1,1024
463,Ant-v5,id,0,1019.8981323242188,114.68120150485771,11.06889820098877,0.32,16,32.0,"even-indexed (l1, l3, …); LS on next layer",0.3,0.1,1024
464,Ant-v5,id,0,4159.689453125,414.9915594175553,19.928747177124023,0.32,16,32.0,"even-indexed (l1, l3, …); LS on next layer",0.3,0.1,1024
465,Ant-v5,id,0,1386.5504150390625,148.9522285420008,9.265860557556152,0.32,16,32.0,"even-indexed (l1, l3, …); LS on next layer",0.3,0.1,1024
466,Ant-v5,id,0,1548.263427734375,185.40306869600192,15.310806274414062,0.32,16,32.0,"even-indexed (l1, l3, …); LS on next layer",0.3,0.1,1024
467,Ant-v5,id,0,5386.14599609375,561.7898775236031,24.306838989257812,0.32,16,32.0,"even-indexed (l1, l3, …); LS on next layer",0.3,0.1,1024
468,Ant-v5,id,0,5758.16455078125,585.8065161547953,13.812152862548828,0.32,16,32.0,"even-indexed (l1, l3, …); LS on next layer",0.3,0.1,1024
469,Ant-v5,id,0,770.268310546875,80.65008710226451,7.7421159744262695,0.32,16,32.0,"even-indexed (l1, l3, …); LS on next layer",0.3,0.1,1024
470,Ant-v5,id,0,2222.11669921875,237.19582986550688,17.634408950805664,0.32,16,32.0,"even-indexed (l1, l3, …); LS on next layer",0.3,0.1,1024
471,Ant-v5,id,0,4000.2392578125,381.44638316751013,17.70530891418457,0.32,16,32.0,"even-indexed (l1, l3, …); LS on next layer",0.3,0.1,1024
472,Ant-v5,id,0,1147.6396484375,133.29741182281842,12.234864234924316,0.32,16,32.0,"even-indexed (l1, l3, …); LS on next layer",0.3,0.1,1024
473,Ant-v5,id,0,4272.39111328125,447.99680735694585,10.447185516357422,0.32,16,32.0,"even-indexed (l1, l3, …); LS on next layer",0.3,0.1,1024
474,Ant-v5,id,0,987.75390625,106.38218077955943,7.835161209106445,0.32,16,32.0,"even-indexed (l1, l3, …); LS on next layer",0.3,0.1,1024
475,Ant-v5,id,0,1031.338623046875,105.05167193196533,5.994886875152588,0.32,16,32.0,"even-indexed (l1, l3, …); LS on next layer",0.3,0.1,1024
476,Ant-v5,id,0,1065.3106689453125,106.6226096197118,5.971642017364502,0.32,16,32.0,"even-indexed (l1, l3, …); LS on next layer",0.3,0.1,1024
477,Ant-v5,id,0,2045.4945068359375,230.60922673385048,21.297670364379883,0.32,16,32.0,"even-indexed (l1, l3, …); LS on next layer",0.3,0.1,1024
478,Ant-v5,id,0,4623.4013671875,503.32724534034764,16.994243621826172,0.32,16,32.0,"even-indexed (l1, l3, …); LS on next layer",0.3,0.1,1024
479,Ant-v5,id,0,2824.892333984375,301.06134470217717,9.667062759399414,0.32,16,32.0,"even-indexed (l1, l3, …); LS on next layer",0.3,0.1,1024
480,Ant-v5,id,0,6194.16455078125,625.804781562217,18.103761672973633,0.32,16,32.0,"even-indexed (l1, l3, …); LS on next layer",0.3,0.1,1024
481,Ant-v5,id,0,840.1637573242188,86.95693226531847,5.772744655609131,0.32,16,32.0,"even-indexed (l1, l3, …); LS on next layer",0.3,0.1,1024
482,Ant-v5,id,0,1004.4273681640625,101.36041374469275,8.096648216247559,0.32,16,32.0,"even-indexed (l1, l3, …); LS on next layer",0.3,0.1,1024
483,Ant-v5,id,0,1511.674072265625,145.56056868529487,7.348008155822754,0.32,16,32.0,"even-indexed (l1, l3, …); LS on next layer",0.3,0.1,1024
484,Ant-v5,id,0,2504.797119140625,287.6961709300375,18.179075241088867,0.32,16,32.0,"even-indexed (l1, l3, …); LS on next layer",0.3,0.1,1024
485,Ant-v5,id,0,951.0859375,95.20897573178078,12.578692436218262,0.32,16,32.0,"even-indexed (l1, l3, …); LS on next layer",0.3,0.1,1024
486,Ant-v5,id,0,880.6907958984375,102.68872796636998,10.101495742797852,0.32,16,32.0,"even-indexed (l1, l3, …); LS on next layer",0.3,0.1,1024
487,Ant-v5,id,0,3262.99072265625,375.14908352369775,14.636503219604492,0.32,16,32.0,"even-indexed (l1, l3, …); LS on next layer",0.3,0.1,1024
488,Ant-v5,id,0,1865.86279296875,190.82985416203329,10.263142585754395,0.32,16,32.0,"even-indexed (l1, l3, …); LS on next layer",0.3,0.1,1024
489,Ant-v5,id,0,627.9340209960938,67.61559402025513,12.72989273071289,0.32,16,32.0,"even-indexed (l1, l3, …); LS on next layer",0.3,0.1,1024
490,Ant-v5,id,0,1128.71826171875,118.07240990632914,8.757719993591309,0.32,16,32.0,"even-indexed (l1, l3, …); LS on next layer",0.3,0.1,1024
491,Ant-v5,id,0,2576.607666015625,252.62172025333305,11.213563919067383,0.32,16,32.0,"even-indexed (l1, l3, …); LS on next layer",0.3,0.1,1024
492,Ant-v5,id,0,1615.0838623046875,176.25761998700142,15.541455268859863,0.32,16,32.0,"even-indexed (l1, l3, …); LS on next layer",0.3,0.1,1024
493,Ant-v5,id,0,2288.907958984375,249.37181785098582,14.139012336730957,0.32,16,32.0,"even-indexed (l1, l3, …); LS on next layer",0.3,0.1,1024
494,Ant-v5,id,0,2051.958740234375,211.03976194171918,14.269450187683105,0.32,16,32.0,"even-indexed (l1, l3, …); LS on next layer",0.3,0.1,1024
495,Ant-v5,id,0,1448.211181640625,146.56306397223037,8.232649803161621,0.32,16,32.0,"even-indexed (l1, l3, …); LS on next layer",0.3,0.1,1024
496,Ant-v5,id,0,1658.7373046875,161.54858320615864,6.575918197631836,0.32,16,32.0,"even-indexed (l1, l3, …); LS on next layer",0.3,0.1,1024
497,Ant-v5,id,0,4921.734375,479.2633384766152,23.30291175842285,0.32,16,32.0,"even-indexed (l1, l3, …); LS on next layer",0.3,0.1,1024
498,Ant-v5,id,0,2486.794921875,252.92565875215965,11.014559745788574,0.32,16,32.0,"even-indexed (l1, l3, …); LS on next layer",0.3,0.1,1024
499,Ant-v5,id,0,1215.4725341796875,153.83269914121155,15.497340202331543,0.32,16,32.0,"even-indexed (l1, l3, …); LS on next layer",0.3,0.1,1024
500,Ant-v5,id,0,3326.465087890625,355.1486802987805,14.895767211914062,0.32,16,32.0,"even-indexed (l1, l3, …); LS on next layer",0.3,0.1,1024
501,Ant-v5,id,0,1553.038330078125,174.81917563544758,14.568370819091797,0.32,16,32.0,"even-indexed (l1, l3, …); LS on next layer",0.3,0.1,1024
502,Ant-v5,id,0,923.518798828125,100.89366432919144,10.034729957580566,0.32,16,32.0,"even-indexed (l1, l3, …); LS on next layer",0.3,0.1,1024
503,Ant-v5,id,0,982.43505859375,101.0440521658748,6.866650104522705,0.32,16,32.0,"even-indexed (l1, l3, …); LS on next layer",0.3,0.1,1024
504,Ant-v5,id,0,1115.381103515625,134.51962772421652,12.560989379882812,0.32,16,32.0,"even-indexed (l1, l3, …); LS on next layer",0.3,0.1,1024
505,Ant-v5,id,0,1189.146484375,112.598794381409,15.9384183883667,0.32,16,32.0,"even-indexed (l1, l3, …); LS on next layer",0.3,0.1,1024
506,Ant-v5,id,0,1317.89208984375,128.34035277128754,6.592785358428955,0.32,16,32.0,"even-indexed (l1, l3, …); LS on next layer",0.3,0.1,1024
507,Ant-v5,id,0,917.3795776367188,99.69083617619188,9.167379379272461,0.32,16,32.0,"even-indexed (l1, l3, …); LS on next layer",0.3,0.1,1024
508,Ant-v5,id,0,1229.1829833984375,134.63649873145624,13.222798347473145,0.32,16,32.0,"even-indexed (l1, l3, …); LS on next layer",0.3,0.1,1024
509,Ant-v5,id,0,1435.813232421875,157.42778611485414,14.635308265686035,0.32,16,32.0,"even-indexed (l1, l3, …); LS on next layer",0.3,0.1,1024
510,Ant-v5,id,0,1910.6796875,194.73959408421268,8.16987419128418,0.32,16,32.0,"even-indexed (l1, l3, …); LS on next layer",0.3,0.1,1024
511,Ant-v5,id,0,5508.154296875,509.7868370710254,12.178383827209473,0.32,16,32.0,"even-indexed (l1, l3, …); LS on next layer",0.3,0.1,1024
512,Ant-v5,id,0,1461.2227783203125,154.21128747981302,15.333131790161133,0.32,16,32.0,"even-indexed (l1, l3, …); LS on next layer",0.3,0.1,1024
513,Ant-v5,id,0,1471.79736328125,168.12613404855222,12.462943077087402,0.32,16,32.0,"even-indexed (l1, l3, …); LS on next layer",0.3,0.1,1024
514,Ant-v5,id,0,1160.167236328125,125.7580747222184,12.73217487335205,0.32,16,32.0,"even-indexed (l1, l3, …); LS on next layer",0.3,0.1,1024
515,Ant-v5,id,0,2013.0196533203125,205.04607921105284,10.855902671813965,0.32,16,32.0,"even-indexed (l1, l3, …); LS on next layer",0.3,0.1,1024
516,Ant-v5,id,0,1598.8779296875,173.09403902544764,15.15738582611084,0.32,16,32.0,"even-indexed (l1, l3, …); LS on next layer",0.3,0.1,1024
517,Ant-v5,id,0,1495.22412109375,156.97176039658254,9.540925025939941,0.32,16,32.0,"even-indexed (l1, l3, …); LS on next layer",0.3,0.1,1024
518,Ant-v5,id,0,750.482421875,90.92683219037559,15.091552734375,0.32,16,32.0,"even-indexed (l1, l3, …); LS on next layer",0.3,0.1,1024
519,Ant-v5,id,0,2053.318359375,284.30838038212346,35.69229507446289,0.32,16,32.0,"even-indexed (l1, l3, …); LS on next layer",0.3,0.1,1024
520,Ant-v5,id,0,4343.57568359375,452.1694532074513,36.39649963378906,0.32,16,32.0,"even-indexed (l1, l3, …); LS on next layer",0.3,0.1,1024
521,Ant-v5,id,0,1769.4678955078125,227.55909789905868,21.143234252929688,0.32,16,32.0,"even-indexed (l1, l3, …); LS on next layer",0.3,0.1,1024
522,Ant-v5,id,0,858.9210205078125,96.88007390334121,15.803977012634277,0.32,16,32.0,"even-indexed (l1, l3, …); LS on next layer",0.3,0.1,1024
523,Ant-v5,id,0,530.948486328125,65.17990529597182,11.108785629272461,0.32,16,32.0,"even-indexed (l1, l3, …); LS on next layer",0.3,0.1,1024
524,Ant-v5,id,0,3331.262939453125,330.4508255937551,24.804973602294922,0.32,16,32.0,"even-indexed (l1, l3, …); LS on next layer",0.3,0.1,1024
525,Ant-v5,id,0,496.4596252441406,56.64467305105815,11.170575141906738,0.32,16,32.0,"even-indexed (l1, l3, …); LS on next layer",0.3,0.1,1024
526,Ant-v5,id,0,1488.8602294921875,191.5825711592548,21.06998634338379,0.32,16,32.0,"even-indexed (l1, l3, …); LS on next layer",0.3,0.1,1024
527,Ant-v5,id,0,1248.9176025390625,119.40501043444505,11.817708015441895,0.32,16,32.0,"even-indexed (l1, l3, …); LS on next layer",0.3,0.1,1024
528,Ant-v5,id,0,1272.3310546875,122.79963844484817,9.680988311767578,0.32,16,32.0,"even-indexed (l1, l3, …); LS on next layer",0.3,0.1,1024
529,Ant-v5,id,0,934.5595092773438,92.68185731612132,9.931513786315918,0.32,16,32.0,"even-indexed (l1, l3, …); LS on next layer",0.3,0.1,1024
530,Ant-v5,id,0,5424.0654296875,548.5438541933792,21.23969268798828,0.32,16,32.0,"even-indexed (l1, l3, …); LS on next layer",0.3,0.1,1024
531,Ant-v5,id,0,1612.1259765625,179.62991390150327,14.237480163574219,0.32,16,32.0,"even-indexed (l1, l3, …); LS on next layer",0.3,0.1,1024
532,Ant-v5,id,0,6341.0546875,690.5470202650037,17.491710662841797,0.32,16,32.0,"even-indexed (l1, l3, …); LS on next layer",0.3,0.1,1024
533,Ant-v5,id,0,1686.0574951171875,188.5698906357337,16.17110252380371,0.32,16,32.0,"even-indexed (l1, l3, …); LS on next layer",0.3,0.1,1024
534,Ant-v5,id,0,877.4921264648438,93.7235549939831,6.756000995635986,0.32,16,32.0,"even-indexed (l1, l3, …); LS on next layer",0.3,0.1,1024
535,Ant-v5,id,0,2075.088623046875,190.0174615806576,13.191224098205566,0.32,16,32.0,"even-indexed (l1, l3, …); LS on next layer",0.3,0.1,1024
536,Ant-v5,id,0,3388.6279296875,355.9203436544989,11.485395431518555,0.32,16,32.0,"even-indexed (l1, l3, …); LS on next layer",0.3,0.1,1024
537,Ant-v5,id,0,4754.64013671875,504.6686650272926,12.648810386657715,0.32,16,32.0,"even-indexed (l1, l3, …); LS on next layer",0.3,0.1,1024
538,Ant-v5,id,0,1316.9072265625,134.57449444392998,8.221440315246582,0.32,16,32.0,"even-indexed (l1, l3, …); LS on next layer",0.3,0.1,1024
539,Ant-v5,id,0,1339.220703125,140.40550518581995,7.364660739898682,0.32,16,32.0,"even-indexed (l1, l3, …); LS on next layer",0.3,0.1,1024
540,Ant-v5,id,0,2153.79736328125,235.7184554710238,19.217674255371094,0.32,16,32.0,"even-indexed (l1, l3, …); LS on next layer",0.3,0.1,1024
541,Ant-v5,id,0,3074.339599609375,321.59797924339614,9.153693199157715,0.32,16,32.0,"even-indexed (l1, l3, …); LS on next layer",0.3,0.1,1024
542,Ant-v5,id,0,1278.318359375,128.13553438199676,7.092189788818359,0.32,16,32.0,"even-indexed (l1, l3, …); LS on next layer",0.3,0.1,1024
543,Ant-v5,id,0,1747.95263671875,185.89084143969924,9.18444538116455,0.32,16,32.0,"even-indexed (l1, l3, …); LS on next layer",0.3,0.1,1024
544,Ant-v5,id,0,2916.033935546875,298.48364552777264,18.00848388671875,0.32,16,32.0,"even-indexed (l1, l3, …); LS on next layer",0.3,0.1,1024
545,Ant-v5,id,0,1485.787109375,174.30598643951544,13.982047080993652,0.32,16,32.0,"even-indexed (l1, l3, …); LS on next layer",0.3,0.1,1024
546,Ant-v5,id,0,1448.288818359375,138.198713013668,9.724084854125977,0.32,16,32.0,"even-indexed (l1, l3, …); LS on next layer",0.3,0.1,1024
547,Ant-v5,id,0,1336.13232421875,134.89296031899542,6.757048606872559,0.32,16,32.0,"even-indexed (l1, l3, …); LS on next layer",0.3,0.1,1024
548,Ant-v5,id,0,1221.2420654296875,118.39621961455836,7.058316230773926,0.32,16,32.0,"even-indexed (l1, l3, …); LS on next layer",0.3,0.1,1024
549,Ant-v5,id,0,1332.100830078125,129.20673680221776,8.25515079498291,0.32,16,32.0,"even-indexed (l1, l3, …); LS on next layer",0.3,0.1,1024
550,Ant-v5,id,0,892.5403442382812,93.94899787863673,8.797223091125488,0.32,16,32.0,"even-indexed (l1, l3, …); LS on next layer",0.3,0.1,1024
551,Ant-v5,id,0,1011.0277099609375,105.67550618461198,9.849056243896484,0.32,16,32.0,"even-indexed (l1, l3, …); LS on next layer",0.3,0.1,1024
552,Ant-v5,id,0,1831.1553955078125,197.39874167689507,12.119790077209473,0.32,16,32.0,"even-indexed (l1, l3, …); LS on next layer",0.3,0.1,1024
553,Ant-v5,id,0,1018.8591918945312,100.33511594396336,10.375988006591797,0.32,16,32.0,"even-indexed (l1, l3, …); LS on next layer",0.3,0.1,1024
554,Ant-v5,id,0,5780.990234375,622.2311521643226,12.577569007873535,0.32,16,32.0,"even-indexed (l1, l3, …); LS on next layer",0.3,0.1,1024
555,Ant-v5,id,0,4460.1689453125,440.1744566715922,18.2291316986084,0.32,16,32.0,"even-indexed (l1, l3, …); LS on next layer",0.3,0.1,1024
556,Ant-v5,id,0,950.7522583007812,101.87238557153157,11.027238845825195,0.32,16,32.0,"even-indexed (l1, l3, …); LS on next layer",0.3,0.1,1024
557,Ant-v5,id,0,1471.2333984375,152.87937598636177,10.92228889465332,0.32,16,32.0,"even-indexed (l1, l3, …); LS on next layer",0.3,0.1,1024
558,Ant-v5,id,0,1798.2034912109375,169.50717779453848,11.43666934967041,0.32,16,32.0,"even-indexed (l1, l3, …); LS on next layer",0.3,0.1,1024
559,Ant-v5,id,0,1300.9151611328125,134.52525445389728,6.218802452087402,0.32,16,32.0,"even-indexed (l1, l3, …); LS on next layer",0.3,0.1,1024
560,Ant-v5,id,0,2003.795654296875,200.0866422612032,11.072800636291504,0.32,16,32.0,"even-indexed (l1, l3, …); LS on next layer",0.3,0.1,1024
561,Ant-v5,id,0,1626.0301513671875,171.23245086575847,13.973902702331543,0.32,16,32.0,"even-indexed (l1, l3, …); LS on next layer",0.3,0.1,1024
562,Ant-v5,id,0,1935.9510498046875,195.4883481513114,14.73706340789795,0.32,16,32.0,"even-indexed (l1, l3, …); LS on next layer",0.3,0.1,1024
563,Ant-v5,id,0,874.4074096679688,93.5664714236853,12.977435111999512,0.32,16,32.0,"even-indexed (l1, l3, …); LS on next layer",0.3,0.1,1024
564,Ant-v5,id,0,1825.16259765625,186.10127168648205,15.83457088470459,0.32,16,32.0,"even-indexed (l1, l3, …); LS on next layer",0.3,0.1,1024
565,Ant-v5,id,0,986.9473266601562,105.86563788789226,11.704534530639648,0.32,16,32.0,"even-indexed (l1, l3, …); LS on next layer",0.3,0.1,1024
566,Ant-v5,id,0,1173.65380859375,121.8653040523412,6.2366743087768555,0.32,16,32.0,"even-indexed (l1, l3, …); LS on next layer",0.3,0.1,1024
567,Ant-v5,id,0,1623.966796875,155.08115236755103,9.18366813659668,0.32,16,32.0,"even-indexed (l1, l3, …); LS on next layer",0.3,0.1,1024
568,Ant-v5,id,0,1487.344482421875,156.92162592128432,8.248926162719727,0.32,16,32.0,"even-indexed (l1, l3, …); LS on next layer",0.3,0.1,1024
569,Ant-v5,id,0,993.0927734375,104.32136259456178,11.033160209655762,0.32,16,32.0,"even-indexed (l1, l3, …); LS on next layer",0.3,0.1,1024
570,Ant-v5,id,0,1699.5897216796875,170.66911385698927,13.348668098449707,0.32,16,32.0,"even-indexed (l1, l3, …); LS on next layer",0.3,0.1,1024
571,Ant-v5,id,0,1787.2236328125,198.43950927693444,15.797039031982422,0.32,16,32.0,"even-indexed (l1, l3, …); LS on next layer",0.3,0.1,1024
572,Ant-v5,id,0,1210.377197265625,125.27831682010842,13.355709075927734,0.32,16,32.0,"even-indexed (l1, l3, …); LS on next layer",0.3,0.1,1024
573,Ant-v5,id,0,1160.90087890625,116.85555612997658,11.111793518066406,0.32,16,32.0,"even-indexed (l1, l3, …); LS on next layer",0.3,0.1,1024
574,Ant-v5,id,0,1760.0052490234375,159.6263475551399,10.18934154510498,0.32,16,32.0,"even-indexed (l1, l3, …); LS on next layer",0.3,0.1,1024
575,Ant-v5,id,0,1412.79248046875,141.6587464985833,11.428170204162598,0.32,16,32.0,"even-indexed (l1, l3, …); LS on next layer",0.3,0.1,1024
576,Ant-v5,id,0,1444.68505859375,143.69499888620751,9.455102920532227,0.32,16,32.0,"even-indexed (l1, l3, …); LS on next layer",0.3,0.1,1024
577,Ant-v5,id,0,2431.12646484375,321.5966175483918,15.450572967529297,0.32,16,32.0,"even-indexed (l1, l3, …); LS on next layer",0.3,0.1,1024
578,Ant-v5,id,0,1539.9185791015625,155.36642257217875,9.994525909423828,0.32,16,32.0,"even-indexed (l1, l3, …); LS on next layer",0.3,0.1,1024
579,Ant-v5,id,0,1302.519287109375,140.02881758887872,11.985036849975586,0.32,16,32.0,"even-indexed (l1, l3, …); LS on next layer",0.3,0.1,1024
580,Ant-v5,id,0,1836.0164794921875,202.37224394494862,17.123600006103516,0.32,16,32.0,"even-indexed (l1, l3, …); LS on next layer",0.3,0.1,1024
581,Ant-v5,id,0,1387.2655029296875,144.68323311172242,14.124846458435059,0.32,16,32.0,"even-indexed (l1, l3, …); LS on next layer",0.3,0.1,1024
582,Ant-v5,id,0,652.8930053710938,70.20584049603283,7.805782794952393,0.32,16,32.0,"even-indexed (l1, l3, …); LS on next layer",0.3,0.1,1024
583,Ant-v5,id,0,2869.44580078125,331.6352022492006,18.041221618652344,0.32,16,32.0,"even-indexed (l1, l3, …); LS on next layer",0.3,0.1,1024
584,Ant-v5,id,0,2976.783447265625,299.4578965579277,17.837045669555664,0.32,16,32.0,"even-indexed (l1, l3, …); LS on next layer",0.3,0.1,1024
585,Ant-v5,id,0,1383.3597412109375,148.3776464372901,12.49528694152832,0.32,16,32.0,"even-indexed (l1, l3, …); LS on next layer",0.3,0.1,1024
586,Ant-v5,id,0,799.0164794921875,82.81707441312386,10.951148986816406,0.32,16,32.0,"even-indexed (l1, l3, …); LS on next layer",0.3,0.1,1024
587,Ant-v5,id,0,738.444091796875,78.27438620348173,7.172131538391113,0.32,16,32.0,"even-indexed (l1, l3, …); LS on next layer",0.3,0.1,1024
588,Ant-v5,id,0,1786.5172119140625,175.89093509419345,7.938598155975342,0.32,16,32.0,"even-indexed (l1, l3, …); LS on next layer",0.3,0.1,1024
589,Ant-v5,id,0,5029.77783203125,492.5213647195559,14.695357322692871,0.32,16,32.0,"even-indexed (l1, l3, …); LS on next layer",0.3,0.1,1024
590,Ant-v5,id,0,1721.140625,172.13290693935681,14.791863441467285,0.32,16,32.0,"even-indexed (l1, l3, …); LS on next layer",0.3,0.1,1024
591,Ant-v5,id,0,2071.251953125,224.52548440565354,25.85924530029297,0.32,16,32.0,"even-indexed (l1, l3, …); LS on next layer",0.3,0.1,1024
592,Ant-v5,id,0,1321.084228515625,182.7781681615567,25.32452392578125,0.32,16,32.0,"even-indexed (l1, l3, …); LS on next layer",0.3,0.1,1024
593,Ant-v5,id,0,1782.8831787109375,187.1067536481222,20.039264678955078,0.32,16,32.0,"even-indexed (l1, l3, …); LS on next layer",0.3,0.1,1024
594,Ant-v5,id,0,897.4707641601562,95.85984122460147,9.507009506225586,0.32,16,32.0,"even-indexed (l1, l3, …); LS on next layer",0.3,0.1,1024
595,Ant-v5,id,0,1231.8262939453125,134.55913546058628,12.557320594787598,0.32,16,32.0,"even-indexed (l1, l3, …); LS on next layer",0.3,0.1,1024
596,Ant-v5,id,0,1839.26953125,187.30440657482384,12.009102821350098,0.32,16,32.0,"even-indexed (l1, l3, …); LS on next layer",0.3,0.1,1024
597,Ant-v5,id,0,2532.486328125,312.53974149074907,24.67002296447754,0.32,16,32.0,"even-indexed (l1, l3, …); LS on next layer",0.3,0.1,1024
598,Ant-v5,id,0,1767.324462890625,176.71979688824524,8.87476921081543,0.32,16,32.0,"even-indexed (l1, l3, …); LS on next layer",0.3,0.1,1024
599,Ant-v5,id,0,788.0125732421875,86.4570228229993,13.781241416931152,0.32,16,32.0,"even-indexed (l1, l3, …); LS on next layer",0.3,0.1,1024
600,Ant-v5,id,0,1068.381591796875,118.84042367937639,12.561728477478027,0.32,16,32.0,"even-indexed (l1, l3, …); LS on next layer",0.3,0.1,1024
601,Ant-v5,id,0,1529.7957763671875,151.24330203225765,6.526895999908447,0.32,16,32.0,"even-indexed (l1, l3, …); LS on next layer",0.3,0.1,1024
602,Ant-v5,id,0,5695.3369140625,609.748148017435,13.386704444885254,0.32,16,32.0,"even-indexed (l1, l3, …); LS on next layer",0.3,0.1,1024
603,Ant-v5,id,0,1145.749755859375,116.42577101944411,11.321670532226562,0.32,16,32.0,"even-indexed (l1, l3, …); LS on next layer",0.3,0.1,1024
604,Ant-v5,id,0,899.1715698242188,95.7736064752749,8.354071617126465,0.32,16,32.0,"even-indexed (l1, l3, …); LS on next layer",0.3,0.1,1024
605,Ant-v5,id,0,960.3762817382812,98.32697968754934,5.477985382080078,0.32,16,32.0,"even-indexed (l1, l3, …); LS on next layer",0.3,0.1,1024
606,Ant-v5,id,0,3312.75146484375,341.1622164189746,8.940352439880371,0.32,16,32.0,"even-indexed (l1, l3, …); LS on next layer",0.3,0.1,1024
607,Ant-v5,id,0,5001.748046875,532.8300398646982,16.81444549560547,0.32,16,32.0,"even-indexed (l1, l3, …); LS on next layer",0.3,0.1,1024
608,Ant-v5,id,0,6204.56689453125,651.2676221732842,13.78921127319336,0.32,16,32.0,"even-indexed (l1, l3, …); LS on next layer",0.3,0.1,1024
609,Ant-v5,id,0,1166.4522705078125,120.22201295516166,7.680787563323975,0.32,16,32.0,"even-indexed (l1, l3, …); LS on next layer",0.3,0.1,1024
610,Ant-v5,id,0,475.693359375,95.10412624050954,22.78270721435547,0.32,16,32.0,"even-indexed (l1, l3, …); LS on next layer",0.3,0.1,1024
611,Ant-v5,id,0,996.7695922851562,120.61049380454313,19.64606475830078,0.32,16,32.0,"even-indexed (l1, l3, …); LS on next layer",0.3,0.1,1024
612,Ant-v5,id,0,796.4352416992188,79.95427105689939,15.661317825317383,0.32,16,32.0,"even-indexed (l1, l3, …); LS on next layer",0.3,0.1,1024
613,Ant-v5,id,0,440.5309753417969,55.900426093305676,15.387622833251953,0.32,16,32.0,"even-indexed (l1, l3, …); LS on next layer",0.3,0.1,1024
614,Ant-v5,id,0,2075.96337890625,245.02158737126686,18.19891357421875,0.32,16,32.0,"even-indexed (l1, l3, …); LS on next layer",0.3,0.1,1024
615,Ant-v5,id,0,1145.7691650390625,112.73675378130804,8.024585723876953,0.32,16,32.0,"even-indexed (l1, l3, …); LS on next layer",0.3,0.1,1024
616,Ant-v5,id,0,1058.7957763671875,108.238623552543,8.688282012939453,0.32,16,32.0,"even-indexed (l1, l3, …); LS on next layer",0.3,0.1,1024
617,Ant-v5,id,0,1052.85400390625,122.7147684806624,15.009845733642578,0.32,16,32.0,"even-indexed (l1, l3, …); LS on next layer",0.3,0.1,1024
618,Ant-v5,id,0,1196.59228515625,127.0334670988226,7.891106605529785,0.32,16,32.0,"even-indexed (l1, l3, …); LS on next layer",0.3,0.1,1024
619,Ant-v5,id,0,6119.4140625,600.3908519138446,11.11784839630127,0.32,16,32.0,"even-indexed (l1, l3, …); LS on next layer",0.3,0.1,1024
620,Ant-v5,id,0,2126.70751953125,222.18680785151327,16.18537139892578,0.32,16,32.0,"even-indexed (l1, l3, …); LS on next layer",0.3,0.1,1024
621,Ant-v5,id,0,1923.13232421875,204.7421239778182,17.197904586791992,0.32,16,32.0,"even-indexed (l1, l3, …); LS on next layer",0.3,0.1,1024
622,Ant-v5,id,0,944.2865600585938,103.41010537547018,9.073712348937988,0.32,16,32.0,"even-indexed (l1, l3, …); LS on next layer",0.3,0.1,1024
623,Ant-v5,id,0,1479.9329833984375,139.44633504096547,14.625884056091309,0.32,16,32.0,"even-indexed (l1, l3, …); LS on next layer",0.3,0.1,1024
624,Ant-v5,id,0,1929.4327392578125,264.13602747785853,18.31637954711914,0.32,16,32.0,"even-indexed (l1, l3, …); LS on next layer",0.3,0.1,1024
625,Ant-v5,id,0,1603.3331298828125,157.11428157378143,10.928465843200684,0.32,16,32.0,"even-indexed (l1, l3, …); LS on next layer",0.3,0.1,1024
626,Ant-v5,id,0,1526.703369140625,169.54044947766724,18.153425216674805,0.32,16,32.0,"even-indexed (l1, l3, …); LS on next layer",0.3,0.1,1024
627,Ant-v5,id,0,4763.61474609375,481.8370895951358,18.73506736755371,0.32,16,32.0,"even-indexed (l1, l3, …); LS on next layer",0.3,0.1,1024
628,Ant-v5,id,0,1150.6451416015625,121.69670433822154,13.748311042785645,0.32,16,32.0,"even-indexed (l1, l3, …); LS on next layer",0.3,0.1,1024
629,Ant-v5,id,0,1016.0692749023438,102.04411737215847,9.855137825012207,0.32,16,32.0,"even-indexed (l1, l3, …); LS on next layer",0.3,0.1,1024
630,Ant-v5,id,0,718.0883178710938,74.77577244045798,11.88421630859375,0.32,16,32.0,"even-indexed (l1, l3, …); LS on next layer",0.3,0.1,1024
631,Ant-v5,id,0,1362.006103515625,136.0882460836558,9.224374771118164,0.32,16,32.0,"even-indexed (l1, l3, …); LS on next layer",0.3,0.1,1024
632,Ant-v5,id,0,973.774169921875,104.43216167555579,9.811509132385254,0.32,16,32.0,"even-indexed (l1, l3, …); LS on next layer",0.3,0.1,1024
633,Ant-v5,id,0,1411.7674560546875,143.84012730959694,16.95278549194336,0.32,16,32.0,"even-indexed (l1, l3, …); LS on next layer",0.3,0.1,1024
634,Ant-v5,id,0,796.6157836914062,95.23605689136929,15.147210121154785,0.32,16,32.0,"even-indexed (l1, l3, …); LS on next layer",0.3,0.1,1024
635,Ant-v5,id,0,1032.053955078125,117.03167959757351,25.684383392333984,0.32,16,32.0,"even-indexed (l1, l3, …); LS on next layer",0.3,0.1,1024
636,Ant-v5,id,0,2562.214599609375,267.6355355571591,19.828304290771484,0.32,16,32.0,"even-indexed (l1, l3, …); LS on next layer",0.3,0.1,1024
637,Ant-v5,id,0,2223.2861328125,219.86046478155575,16.155529022216797,0.32,16,32.0,"even-indexed (l1, l3, …); LS on next layer",0.3,0.1,1024
638,Ant-v5,id,0,2782.34326171875,314.7424190459161,17.013761520385742,0.32,16,32.0,"even-indexed (l1, l3, …); LS on next layer",0.3,0.1,1024
639,Ant-v5,id,0,2646.719970703125,276.9579218325489,9.561861991882324,0.32,16,32.0,"even-indexed (l1, l3, …); LS on next layer",0.3,0.1,1024
640,Ant-v5,id,0,2149.943603515625,208.6911347222463,13.046592712402344,0.32,16,32.0,"even-indexed (l1, l3, …); LS on next layer",0.3,0.1,1024
641,Ant-v5,id,0,2613.161376953125,259.672236543696,10.853543281555176,0.32,16,32.0,"even-indexed (l1, l3, …); LS on next layer",0.3,0.1,1024
642,Ant-v5,id,0,1047.2733154296875,116.9934923686987,13.058419227600098,0.32,16,32.0,"even-indexed (l1, l3, …); LS on next layer",0.3,0.1,1024
643,Ant-v5,id,0,5677.8203125,550.2299057391608,16.4335994720459,0.32,16,32.0,"even-indexed (l1, l3, …); LS on next layer",0.3,0.1,1024
644,Ant-v5,id,0,1098.4349365234375,111.62881126272092,6.76773738861084,0.32,16,32.0,"even-indexed (l1, l3, …); LS on next layer",0.3,0.1,1024
645,Ant-v5,id,0,5436.3046875,543.6397012612239,8.837566375732422,0.32,16,32.0,"even-indexed (l1, l3, …); LS on next layer",0.3,0.1,1024
646,Ant-v5,id,0,1201.7784423828125,117.52093400752156,7.021935939788818,0.32,16,32.0,"even-indexed (l1, l3, …); LS on next layer",0.3,0.1,1024
647,Ant-v5,id,0,1324.6705322265625,134.8991282797011,11.60391616821289,0.32,16,32.0,"even-indexed (l1, l3, …); LS on next layer",0.3,0.1,1024
648,Ant-v5,id,0,1013.6815185546875,102.77683598869885,8.866374015808105,0.32,16,32.0,"even-indexed (l1, l3, …); LS on next layer",0.3,0.1,1024
649,Ant-v5,id,0,1427.1737060546875,152.76644345326343,11.791369438171387,0.32,16,32.0,"even-indexed (l1, l3, …); LS on next layer",0.3,0.1,1024
650,Ant-v5,id,0,1010.7271728515625,114.1392006706721,11.503931999206543,0.32,16,32.0,"even-indexed (l1, l3, …); LS on next layer",0.3,0.1,1024
651,Ant-v5,id,0,1632.053466796875,209.11172372773407,17.338281631469727,0.32,16,32.0,"even-indexed (l1, l3, …); LS on next layer",0.3,0.1,1024
652,Ant-v5,id,0,1101.84521484375,112.40722356123823,8.8513822555542,0.32,16,32.0,"even-indexed (l1, l3, …); LS on next layer",0.3,0.1,1024
653,Ant-v5,id,0,831.1328735351562,88.14086099724628,10.172972679138184,0.32,16,32.0,"even-indexed (l1, l3, …); LS on next layer",0.3,0.1,1024
654,Ant-v5,id,0,1288.9791259765625,137.6961393471377,9.294437408447266,0.32,16,32.0,"even-indexed (l1, l3, …); LS on next layer",0.3,0.1,1024
655,Ant-v5,id,0,4835.86865234375,489.86580854671183,11.70841121673584,0.32,16,32.0,"even-indexed (l1, l3, …); LS on next layer",0.3,0.1,1024
656,Ant-v5,id,0,802.267822265625,92.95066922691669,11.271574020385742,0.32,16,32.0,"even-indexed (l1, l3, …); LS on next layer",0.3,0.1,1024
657,Ant-v5,id,0,1536.107177734375,163.62288173536567,12.9851655960083,0.32,16,32.0,"even-indexed (l1, l3, …); LS on next layer",0.3,0.1,1024
658,Ant-v5,id,0,6206.16845703125,690.8091281183488,14.233983039855957,0.32,16,32.0,"even-indexed (l1, l3, …); LS on next layer",0.3,0.1,1024
659,Ant-v5,id,0,2175.594482421875,230.59613174151525,12.62841796875,0.32,16,32.0,"even-indexed (l1, l3, …); LS on next layer",0.3,0.1,1024
660,Ant-v5,id,0,1314.7177734375,145.2134217598113,15.790838241577148,0.32,16,32.0,"even-indexed (l1, l3, …); LS on next layer",0.3,0.1,1024
661,Ant-v5,id,0,1766.4490966796875,179.65514572349852,7.585607051849365,0.32,16,32.0,"even-indexed (l1, l3, …); LS on next layer",0.3,0.1,1024
662,Ant-v5,id,0,6687.24853515625,632.9129254488416,15.866189002990723,0.32,16,32.0,"even-indexed (l1, l3, …); LS on next layer",0.3,0.1,1024
663,Ant-v5,id,0,2131.695068359375,216.93303724900613,10.558120727539062,0.32,16,32.0,"even-indexed (l1, l3, …); LS on next layer",0.3,0.1,1024
664,Ant-v5,id,0,1936.1796875,208.97929107941079,16.292747497558594,0.32,16,32.0,"even-indexed (l1, l3, …); LS on next layer",0.3,0.1,1024
665,Ant-v5,id,0,2155.16064453125,259.8208246136631,34.971744537353516,0.32,16,32.0,"even-indexed (l1, l3, …); LS on next layer",0.3,0.1,1024
666,Ant-v5,id,0,2792.5927734375,353.4371204803506,51.10820388793945,0.32,16,32.0,"even-indexed (l1, l3, …); LS on next layer",0.3,0.1,1024
667,Ant-v5,id,0,3035.012451171875,349.1948623955835,27.119037628173828,0.32,16,32.0,"even-indexed (l1, l3, …); LS on next layer",0.3,0.1,1024
668,Ant-v5,id,0,668.2951049804688,90.0657661699851,21.474929809570312,0.32,16,32.0,"even-indexed (l1, l3, …); LS on next layer",0.3,0.1,1024
669,Ant-v5,id,0,463.6892395019531,54.275366509861726,12.802623748779297,0.32,16,32.0,"even-indexed (l1, l3, …); LS on next layer",0.3,0.1,1024
670,Ant-v5,id,0,712.76513671875,74.10996128707487,9.33088207244873,0.32,16,32.0,"even-indexed (l1, l3, …); LS on next layer",0.3,0.1,1024
671,Ant-v5,id,0,602.2982177734375,72.30972445230353,22.20878791809082,0.32,16,32.0,"even-indexed (l1, l3, …); LS on next layer",0.3,0.1,1024
672,Ant-v5,id,0,814.6903686523438,85.5213490487283,9.601165771484375,0.32,16,32.0,"even-indexed (l1, l3, …); LS on next layer",0.3,0.1,1024
673,Ant-v5,id,0,1384.8980712890625,129.98677815075376,7.814907073974609,0.32,16,32.0,"even-indexed (l1, l3, …); LS on next layer",0.3,0.1,1024
674,Ant-v5,id,0,2158.289306640625,211.49271421985338,15.249382972717285,0.32,16,32.0,"even-indexed (l1, l3, …); LS on next layer",0.3,0.1,1024
675,Ant-v5,id,0,1502.158935546875,186.92898373322234,27.892908096313477,0.32,16,32.0,"even-indexed (l1, l3, …); LS on next layer",0.3,0.1,1024
676,Ant-v5,id,0,3577.855712890625,370.618514744739,16.61373519897461,0.32,16,32.0,"even-indexed (l1, l3, …); LS on next layer",0.3,0.1,1024
677,Ant-v5,id,0,3424.73583984375,344.42934975106516,14.54375171661377,0.32,16,32.0,"even-indexed (l1, l3, …); LS on next layer",0.3,0.1,1024
678,Ant-v5,id,0,1465.47509765625,147.78772410749966,7.993753910064697,0.32,16,32.0,"even-indexed (l1, l3, …); LS on next layer",0.3,0.1,1024
679,Ant-v5,id,0,1485.6925048828125,138.40513719581875,7.660179615020752,0.32,16,32.0,"even-indexed (l1, l3, …); LS on next layer",0.3,0.1,1024
680,Ant-v5,id,0,925.3640747070312,99.63624759802659,10.468032836914062,0.32,16,32.0,"even-indexed (l1, l3, …); LS on next layer",0.3,0.1,1024
681,Ant-v5,id,0,1335.356201171875,147.44807890268072,10.25992202758789,0.32,16,32.0,"even-indexed (l1, l3, …); LS on next layer",0.3,0.1,1024
682,Ant-v5,id,0,1493.9541015625,166.14639732414074,9.358619689941406,0.32,16,32.0,"even-indexed (l1, l3, …); LS on next layer",0.3,0.1,1024
683,Ant-v5,id,0,5552.84619140625,521.8215870011592,15.079656600952148,0.32,16,32.0,"even-indexed (l1, l3, …); LS on next layer",0.3,0.1,1024
684,Ant-v5,id,0,1454.9593505859375,152.90478391457282,7.6217942237854,0.32,16,32.0,"even-indexed (l1, l3, …); LS on next layer",0.3,0.1,1024
685,Ant-v5,id,0,1047.962158203125,107.27346119473302,9.805347442626953,0.32,16,32.0,"even-indexed (l1, l3, …); LS on next layer",0.3,0.1,1024
686,Ant-v5,id,0,1747.9464111328125,175.4145754541182,12.241616249084473,0.32,16,32.0,"even-indexed (l1, l3, …); LS on next layer",0.3,0.1,1024
687,Ant-v5,id,0,1875.4163818359375,190.22440716903182,14.54864501953125,0.32,16,32.0,"even-indexed (l1, l3, …); LS on next layer",0.3,0.1,1024
688,Ant-v5,id,0,4021.541748046875,475.4700782979198,19.19457244873047,0.32,16,32.0,"even-indexed (l1, l3, …); LS on next layer",0.3,0.1,1024
689,Ant-v5,id,0,1961.2447509765625,200.54197126274335,10.501598358154297,0.32,16,32.0,"even-indexed (l1, l3, …); LS on next layer",0.3,0.1,1024
690,Ant-v5,id,0,2919.17578125,395.1946606052246,18.69487190246582,0.32,16,32.0,"even-indexed (l1, l3, …); LS on next layer",0.3,0.1,1024
691,Ant-v5,id,0,971.4464111328125,104.90446807945037,12.4934720993042,0.32,16,32.0,"even-indexed (l1, l3, …); LS on next layer",0.3,0.1,1024
692,Ant-v5,id,0,4737.14794921875,502.802972813117,17.815013885498047,0.32,16,32.0,"even-indexed (l1, l3, …); LS on next layer",0.3,0.1,1024
693,Ant-v5,id,0,1243.5396728515625,134.75701865867157,9.091358184814453,0.32,16,32.0,"even-indexed (l1, l3, …); LS on next layer",0.3,0.1,1024
694,Ant-v5,id,0,1284.10546875,133.7619960461457,8.975345611572266,0.32,16,32.0,"even-indexed (l1, l3, …); LS on next layer",0.3,0.1,1024
695,Ant-v5,id,0,1677.428955078125,164.09078351241854,7.870997905731201,0.32,16,32.0,"even-indexed (l1, l3, …); LS on next layer",0.3,0.1,1024
696,Ant-v5,id,0,1371.4276123046875,136.8071344742322,10.874228477478027,0.32,16,32.0,"even-indexed (l1, l3, …); LS on next layer",0.3,0.1,1024
697,Ant-v5,id,0,5103.13037109375,502.77119893756105,11.89491081237793,0.32,16,32.0,"even-indexed (l1, l3, …); LS on next layer",0.3,0.1,1024
698,Ant-v5,id,0,1271.8453369140625,127.96043832995719,6.174259185791016,0.32,16,32.0,"even-indexed (l1, l3, …); LS on next layer",0.3,0.1,1024
699,Ant-v5,id,0,5244.27294921875,610.3279884827306,25.75799560546875,0.32,16,32.0,"even-indexed (l1, l3, …); LS on next layer",0.3,0.1,1024
700,Ant-v5,id,0,893.4406127929688,103.20295233016574,17.952062606811523,0.32,16,32.0,"even-indexed (l1, l3, …); LS on next layer",0.3,0.1,1024
701,Ant-v5,id,0,1923.665283203125,183.59381589276546,8.64375114440918,0.32,16,32.0,"even-indexed (l1, l3, …); LS on next layer",0.3,0.1,1024
702,Ant-v5,id,0,1730.9609375,169.07795960344396,7.482395172119141,0.32,16,32.0,"even-indexed (l1, l3, …); LS on next layer",0.3,0.1,1024
703,Ant-v5,id,0,941.179931640625,113.25650218747109,12.277724266052246,0.32,16,32.0,"even-indexed (l1, l3, …); LS on next layer",0.3,0.1,1024
704,Ant-v5,id,0,1209.690673828125,130.70559107005167,9.566650390625,0.32,16,32.0,"even-indexed (l1, l3, …); LS on next layer",0.3,0.1,1024
705,Ant-v5,id,0,6626.291015625,656.2634719283305,10.749357223510742,0.32,16,32.0,"even-indexed (l1, l3, …); LS on next layer",0.3,0.1,1024
706,Ant-v5,id,0,2069.39794921875,212.48405939114753,10.272831916809082,0.32,16,32.0,"even-indexed (l1, l3, …); LS on next layer",0.3,0.1,1024
707,Ant-v5,id,0,2176.920654296875,211.13381553817703,11.192434310913086,0.32,16,32.0,"even-indexed (l1, l3, …); LS on next layer",0.3,0.1,1024
708,Ant-v5,id,0,1248.9927978515625,149.15593778128283,14.641884803771973,0.32,16,32.0,"even-indexed (l1, l3, …); LS on next layer",0.3,0.1,1024
709,Ant-v5,id,0,3562.484375,424.7873700592096,21.8477840423584,0.32,16,32.0,"even-indexed (l1, l3, …); LS on next layer",0.3,0.1,1024
710,Ant-v5,id,0,1001.7699584960938,103.53116303961869,7.746456623077393,0.32,16,32.0,"even-indexed (l1, l3, …); LS on next layer",0.3,0.1,1024
711,Ant-v5,id,0,4357.931640625,448.3048750678746,15.972835540771484,0.32,16,32.0,"even-indexed (l1, l3, …); LS on next layer",0.3,0.1,1024
712,Ant-v5,id,0,1990.7864990234375,204.67783889747946,15.244872093200684,0.32,16,32.0,"even-indexed (l1, l3, …); LS on next layer",0.3,0.1,1024
713,Ant-v5,id,0,1105.8616943359375,108.55459914712858,10.16104793548584,0.32,16,32.0,"even-indexed (l1, l3, …); LS on next layer",0.3,0.1,1024
714,Ant-v5,id,0,2417.406005859375,261.4527865769777,11.492840766906738,0.32,16,32.0,"even-indexed (l1, l3, …); LS on next layer",0.3,0.1,1024
715,Ant-v5,id,0,2203.11767578125,205.16292786702869,18.016944885253906,0.32,16,32.0,"even-indexed (l1, l3, …); LS on next layer",0.3,0.1,1024
716,Ant-v5,id,0,4782.63818359375,522.1837957729628,17.741178512573242,0.32,16,32.0,"even-indexed (l1, l3, …); LS on next layer",0.3,0.1,1024
717,Ant-v5,id,0,1027.1678466796875,103.20727355039776,7.637597560882568,0.32,16,32.0,"even-indexed (l1, l3, …); LS on next layer",0.3,0.1,1024
718,Ant-v5,id,0,1244.4698486328125,130.37358492521477,9.188931465148926,0.32,16,32.0,"even-indexed (l1, l3, …); LS on next layer",0.3,0.1,1024
719,Ant-v5,id,0,1463.79150390625,141.6416912327971,6.867130279541016,0.32,16,32.0,"even-indexed (l1, l3, …); LS on next layer",0.3,0.1,1024
720,Ant-v5,id,0,1024.8739013671875,124.13533886035063,16.736787796020508,0.32,16,32.0,"even-indexed (l1, l3, …); LS on next layer",0.3,0.1,1024
721,Ant-v5,id,0,1424.23828125,156.59349598345975,12.54920768737793,0.32,16,32.0,"even-indexed (l1, l3, …); LS on next layer",0.3,0.1,1024
722,Ant-v5,id,0,5176.93701171875,595.5805578110333,15.637260437011719,0.32,16,32.0,"even-indexed (l1, l3, …); LS on next layer",0.3,0.1,1024
723,Ant-v5,id,0,5780.98486328125,592.3768583433614,14.136945724487305,0.32,16,32.0,"even-indexed (l1, l3, …); LS on next layer",0.3,0.1,1024
724,Ant-v5,id,0,1896.116943359375,188.52645404588714,12.191187858581543,0.32,16,32.0,"even-indexed (l1, l3, …); LS on next layer",0.3,0.1,1024
725,Ant-v5,id,0,1178.179931640625,135.00580424130115,12.905529975891113,0.32,16,32.0,"even-indexed (l1, l3, …); LS on next layer",0.3,0.1,1024
726,Ant-v5,id,0,1070.1195068359375,115.02778626200958,8.584497451782227,0.32,16,32.0,"even-indexed (l1, l3, …); LS on next layer",0.3,0.1,1024
727,Ant-v5,id,0,2945.814453125,306.38503484557316,14.275339126586914,0.32,16,32.0,"even-indexed (l1, l3, …); LS on next layer",0.3,0.1,1024
728,Ant-v5,id,0,1731.710693359375,170.6190142563197,13.428855895996094,0.32,16,32.0,"even-indexed (l1, l3, …); LS on next layer",0.3,0.1,1024
729,Ant-v5,id,0,1385.1920166015625,133.2359763973551,6.631515979766846,0.32,16,32.0,"even-indexed (l1, l3, …); LS on next layer",0.3,0.1,1024
730,Ant-v5,id,0,1375.642333984375,172.3089964079248,16.098888397216797,0.32,16,32.0,"even-indexed (l1, l3, …); LS on next layer",0.3,0.1,1024
731,Ant-v5,id,0,1944.34765625,197.44369645153867,14.699511528015137,0.32,16,32.0,"even-indexed (l1, l3, …); LS on next layer",0.3,0.1,1024
732,Ant-v5,id,0,2933.438232421875,318.4101432995144,18.03841781616211,0.32,16,32.0,"even-indexed (l1, l3, …); LS on next layer",0.3,0.1,1024
733,Ant-v5,id,0,981.1621704101562,129.57803067230952,29.39680290222168,0.32,16,32.0,"even-indexed (l1, l3, …); LS on next layer",0.3,0.1,1024
734,Ant-v5,id,0,1447.67724609375,139.35587887078097,20.962255477905273,0.32,16,32.0,"even-indexed (l1, l3, …); LS on next layer",0.3,0.1,1024
735,Ant-v5,id,0,848.4246826171875,87.77348989487786,6.521687984466553,0.32,16,32.0,"even-indexed (l1, l3, …); LS on next layer",0.3,0.1,1024
736,Ant-v5,id,0,898.0086669921875,97.81901805706528,10.700676918029785,0.32,16,32.0,"even-indexed (l1, l3, …); LS on next layer",0.3,0.1,1024
737,Ant-v5,id,0,2469.235107421875,254.51344179507655,15.209757804870605,0.32,16,32.0,"even-indexed (l1, l3, …); LS on next layer",0.3,0.1,1024
738,Ant-v5,id,0,1766.4229736328125,165.29310896247256,14.617290496826172,0.32,16,32.0,"even-indexed (l1, l3, …); LS on next layer",0.3,0.1,1024
739,Ant-v5,id,0,928.0848388671875,101.39759520751258,12.137166023254395,0.32,16,32.0,"even-indexed (l1, l3, …); LS on next layer",0.3,0.1,1024
740,Ant-v5,id,0,1220.59814453125,120.70531699832739,7.583178520202637,0.32,16,32.0,"even-indexed (l1, l3, …); LS on next layer",0.3,0.1,1024
741,Ant-v5,id,0,1637.943359375,176.01154217183208,11.860772132873535,0.32,16,32.0,"even-indexed (l1, l3, …); LS on next layer",0.3,0.1,1024
742,Ant-v5,id,0,1047.7459716796875,133.50198553920595,16.06209373474121,0.32,16,32.0,"even-indexed (l1, l3, …); LS on next layer",0.3,0.1,1024
743,Ant-v5,id,0,1293.5836181640625,125.05662293619767,8.346927642822266,0.32,16,32.0,"even-indexed (l1, l3, …); LS on next layer",0.3,0.1,1024
744,Ant-v5,id,0,3025.6591796875,312.53207255710953,16.431333541870117,0.32,16,32.0,"even-indexed (l1, l3, …); LS on next layer",0.3,0.1,1024
745,Ant-v5,id,0,2096.051025390625,201.75717632341906,11.330589294433594,0.32,16,32.0,"even-indexed (l1, l3, …); LS on next layer",0.3,0.1,1024
746,Ant-v5,id,0,1176.6744384765625,124.97823942821691,11.085524559020996,0.32,16,32.0,"even-indexed (l1, l3, …); LS on next layer",0.3,0.1,1024
747,Ant-v5,id,0,863.7735595703125,127.26998789482224,15.922908782958984,0.32,16,32.0,"even-indexed (l1, l3, …); LS on next layer",0.3,0.1,1024
748,Ant-v5,id,0,1282.614990234375,133.6970692431792,5.7078704833984375,0.32,16,32.0,"even-indexed (l1, l3, …); LS on next layer",0.3,0.1,1024
749,Ant-v5,id,0,1083.186767578125,124.51171642895139,9.158445358276367,0.32,16,32.0,"even-indexed (l1, l3, …); LS on next layer",0.3,0.1,1024
750,Ant-v5,id,0,1220.8148193359375,129.00646416742248,11.299117088317871,0.32,16,32.0,"even-indexed (l1, l3, …); LS on next layer",0.3,0.1,1024
751,Ant-v5,id,0,923.5724487304688,98.7121902887938,6.554965019226074,0.32,16,32.0,"even-indexed (l1, l3, …); LS on next layer",0.3,0.1,1024
752,Ant-v5,id,0,1408.5762939453125,148.14161743868212,12.495356559753418,0.32,16,32.0,"even-indexed (l1, l3, …); LS on next layer",0.3,0.1,1024
753,Ant-v5,id,0,1020.6925048828125,108.77420154056264,7.9860310554504395,0.32,16,32.0,"even-indexed (l1, l3, …); LS on next layer",0.3,0.1,1024
754,Ant-v5,id,0,906.3900146484375,96.90161799386405,10.657754898071289,0.32,16,32.0,"even-indexed (l1, l3, …); LS on next layer",0.3,0.1,1024
755,Ant-v5,id,0,1459.8309326171875,141.15327789446127,6.910300254821777,0.32,16,32.0,"even-indexed (l1, l3, …); LS on next layer",0.3,0.1,1024
756,Ant-v5,id,0,1080.8623046875,133.03496405409854,14.114392280578613,0.32,16,32.0,"even-indexed (l1, l3, …); LS on next layer",0.3,0.1,1024
757,Ant-v5,id,0,1018.4776611328125,112.3532557225731,10.970508575439453,0.32,16,32.0,"even-indexed (l1, l3, …); LS on next layer",0.3,0.1,1024
758,Ant-v5,id,0,993.7030639648438,112.20454817436743,11.615838050842285,0.32,16,32.0,"even-indexed (l1, l3, …); LS on next layer",0.3,0.1,1024
759,Ant-v5,id,0,786.5820922851562,83.34223639716478,10.099892616271973,0.32,16,32.0,"even-indexed (l1, l3, …); LS on next layer",0.3,0.1,1024
760,Ant-v5,id,0,5358.71240234375,552.817496326554,15.059601783752441,0.32,16,32.0,"even-indexed (l1, l3, …); LS on next layer",0.3,0.1,1024
761,Ant-v5,id,0,1430.1793212890625,139.19295978039045,10.279523849487305,0.32,16,32.0,"even-indexed (l1, l3, …); LS on next layer",0.3,0.1,1024
762,Ant-v5,id,0,1077.437744140625,121.95986283925285,11.849658012390137,0.32,16,32.0,"even-indexed (l1, l3, …); LS on next layer",0.3,0.1,1024
763,Ant-v5,id,0,3718.94482421875,375.76649004132526,10.350647926330566,0.32,16,32.0,"even-indexed (l1, l3, …); LS on next layer",0.3,0.1,1024
764,Ant-v5,id,0,939.638671875,103.56448119995946,9.967806816101074,0.32,16,32.0,"even-indexed (l1, l3, …); LS on next layer",0.3,0.1,1024
765,Ant-v5,id,0,1053.0399169921875,112.82733602336702,9.4827880859375,0.32,16,32.0,"even-indexed (l1, l3, …); LS on next layer",0.3,0.1,1024
766,Ant-v5,id,0,3296.57275390625,330.9887128379504,11.47826862335205,0.32,16,32.0,"even-indexed (l1, l3, …); LS on next layer",0.3,0.1,1024
767,Ant-v5,id,0,671.746826171875,71.8809827056156,11.194184303283691,0.32,16,32.0,"even-indexed (l1, l3, …); LS on next layer",0.3,0.1,1024
768,Ant-v5,id,0,1183.5765380859375,124.2547614325685,10.533077239990234,0.32,16,32.0,"even-indexed (l1, l3, …); LS on next layer",0.3,0.1,1024
769,Ant-v5,id,0,2230.58544921875,478.42768708446647,48.35160827636719,0.32,16,32.0,"even-indexed (l1, l3, …); LS on next layer",0.3,0.1,1024
770,Ant-v5,id,0,3035.046142578125,443.62689218810544,38.396636962890625,0.32,16,32.0,"even-indexed (l1, l3, …); LS on next layer",0.3,0.1,1024
771,Ant-v5,id,0,705.1117553710938,100.09593820071717,23.032995223999023,0.32,16,32.0,"even-indexed (l1, l3, …); LS on next layer",0.3,0.1,1024
772,Ant-v5,id,0,557.39892578125,59.940322463553514,12.4298677444458,0.32,16,32.0,"even-indexed (l1, l3, …); LS on next layer",0.3,0.1,1024
773,Ant-v5,id,0,2808.826171875,280.4205491190496,12.73746395111084,0.32,16,32.0,"even-indexed (l1, l3, …); LS on next layer",0.3,0.1,1024
774,Ant-v5,id,0,1682.98095703125,183.090972685017,21.635988235473633,0.32,16,32.0,"even-indexed (l1, l3, …); LS on next layer",0.3,0.1,1024
775,Ant-v5,id,0,596.2449951171875,66.74848670470456,10.471227645874023,0.32,16,32.0,"even-indexed (l1, l3, …); LS on next layer",0.3,0.1,1024
776,Ant-v5,id,0,715.9722900390625,74.40417325375205,9.49515151977539,0.32,16,32.0,"even-indexed (l1, l3, …); LS on next layer",0.3,0.1,1024
777,Ant-v5,id,0,2499.484130859375,283.01998092774875,16.414751052856445,0.32,16,32.0,"even-indexed (l1, l3, …); LS on next layer",0.3,0.1,1024
778,Ant-v5,id,0,1461.1357421875,139.3498202508678,9.638984680175781,0.32,16,32.0,"even-indexed (l1, l3, …); LS on next layer",0.3,0.1,1024
779,Ant-v5,id,0,1356.9862060546875,142.47351202307277,9.734600067138672,0.32,16,32.0,"even-indexed (l1, l3, …); LS on next layer",0.3,0.1,1024
780,Ant-v5,id,0,2277.1748046875,225.83862385851532,8.819900512695312,0.32,16,32.0,"even-indexed (l1, l3, …); LS on next layer",0.3,0.1,1024
781,Ant-v5,id,0,2063.173583984375,198.96463848451205,9.075224876403809,0.32,16,32.0,"even-indexed (l1, l3, …); LS on next layer",0.3,0.1,1024
782,Ant-v5,id,0,1233.67041015625,124.38406102401186,10.710477828979492,0.32,16,32.0,"even-indexed (l1, l3, …); LS on next layer",0.3,0.1,1024
783,Ant-v5,id,0,2929.90771484375,307.39355613383555,13.765109062194824,0.32,16,32.0,"even-indexed (l1, l3, …); LS on next layer",0.3,0.1,1024
784,Ant-v5,id,0,983.3851318359375,96.2055280001158,8.180543899536133,0.32,16,32.0,"even-indexed (l1, l3, …); LS on next layer",0.3,0.1,1024
785,Ant-v5,id,0,810.4193725585938,84.07982573003778,8.651182174682617,0.32,16,32.0,"even-indexed (l1, l3, …); LS on next layer",0.3,0.1,1024
786,Ant-v5,id,0,788.595947265625,80.38658447439255,10.967995643615723,0.32,16,32.0,"even-indexed (l1, l3, …); LS on next layer",0.3,0.1,1024
787,Ant-v5,id,0,907.3629760742188,93.87880932280729,6.479414463043213,0.32,16,32.0,"even-indexed (l1, l3, …); LS on next layer",0.3,0.1,1024
788,Ant-v5,id,0,1437.3062744140625,147.11471255367508,9.163742065429688,0.32,16,32.0,"even-indexed (l1, l3, …); LS on next layer",0.3,0.1,1024
789,Ant-v5,id,0,1663.917236328125,168.50658798233633,6.683892726898193,0.32,16,32.0,"even-indexed (l1, l3, …); LS on next layer",0.3,0.1,1024
790,Ant-v5,id,0,1602.807373046875,158.39639123681894,7.12159538269043,0.32,16,32.0,"even-indexed (l1, l3, …); LS on next layer",0.3,0.1,1024
791,Ant-v5,id,0,856.8849487304688,89.97065078901952,8.229456901550293,0.32,16,32.0,"even-indexed (l1, l3, …); LS on next layer",0.3,0.1,1024
792,Ant-v5,id,0,893.7711181640625,100.2227910440796,12.431885719299316,0.32,16,32.0,"even-indexed (l1, l3, …); LS on next layer",0.3,0.1,1024
793,Ant-v5,id,0,1308.9111328125,135.65060633670998,8.803462982177734,0.32,16,32.0,"even-indexed (l1, l3, …); LS on next layer",0.3,0.1,1024
794,Ant-v5,id,0,5345.51806640625,595.5676060236464,13.215258598327637,0.32,16,32.0,"even-indexed (l1, l3, …); LS on next layer",0.3,0.1,1024
795,Ant-v5,id,0,1969.669677734375,185.9946823178597,12.66605281829834,0.32,16,32.0,"even-indexed (l1, l3, …); LS on next layer",0.3,0.1,1024
796,Ant-v5,id,0,5424.279296875,579.428806660981,21.933340072631836,0.32,16,32.0,"even-indexed (l1, l3, …); LS on next layer",0.3,0.1,1024
797,Ant-v5,id,0,1374.253173828125,136.0694816743419,7.617950916290283,0.32,16,32.0,"even-indexed (l1, l3, …); LS on next layer",0.3,0.1,1024
798,Ant-v5,id,0,4774.31396484375,461.40258877189797,10.612536430358887,0.32,16,32.0,"even-indexed (l1, l3, …); LS on next layer",0.3,0.1,1024
799,Ant-v5,id,0,1038.9263916015625,131.4704054846535,16.41062355041504,0.32,16,32.0,"even-indexed (l1, l3, …); LS on next layer",0.3,0.1,1024
800,Ant-v5,id,0,1918.7388916015625,211.78594632796495,18.70110511779785,0.32,16,32.0,"even-indexed (l1, l3, …); LS on next layer",0.3,0.1,1024
801,Ant-v5,id,0,2117.680419921875,198.37660555293778,9.955388069152832,0.32,16,32.0,"even-indexed (l1, l3, …); LS on next layer",0.3,0.1,1024
802,Ant-v5,id,0,1877.0809326171875,175.18457949394963,8.74191951751709,0.32,16,32.0,"even-indexed (l1, l3, …); LS on next layer",0.3,0.1,1024
803,Ant-v5,id,0,3104.957763671875,317.0952474095651,13.399128913879395,0.32,16,32.0,"even-indexed (l1, l3, …); LS on next layer",0.3,0.1,1024
804,Ant-v5,id,0,4085.810546875,413.85300175638406,10.337141990661621,0.32,16,32.0,"even-indexed (l1, l3, …); LS on next layer",0.3,0.1,1024
805,Ant-v5,id,0,5448.3544921875,551.1969677922433,16.58928108215332,0.32,16,32.0,"even-indexed (l1, l3, …); LS on next layer",0.3,0.1,1024
806,Ant-v5,id,0,1439.0186767578125,159.0515275761732,13.865026473999023,0.32,16,32.0,"even-indexed (l1, l3, …); LS on next layer",0.3,0.1,1024
807,Ant-v5,id,0,1529.439697265625,152.58578109069867,6.247312545776367,0.32,16,32.0,"even-indexed (l1, l3, …); LS on next layer",0.3,0.1,1024
808,Ant-v5,id,0,912.7606811523438,103.65287911040792,13.649603843688965,0.32,16,32.0,"even-indexed (l1, l3, …); LS on next layer",0.3,0.1,1024
809,Ant-v5,id,0,1529.082275390625,164.43702750300466,11.481374740600586,0.32,16,32.0,"even-indexed (l1, l3, …); LS on next layer",0.3,0.1,1024
810,Ant-v5,id,0,1081.6209716796875,115.17822589517698,12.801285743713379,0.32,16,32.0,"even-indexed (l1, l3, …); LS on next layer",0.3,0.1,1024
811,Ant-v5,id,0,5150.4580078125,541.064048335862,14.8522310256958,0.32,16,32.0,"even-indexed (l1, l3, …); LS on next layer",0.3,0.1,1024
812,Ant-v5,id,0,1544.9127197265625,151.81025256818825,6.100275039672852,0.32,16,32.0,"even-indexed (l1, l3, …); LS on next layer",0.3,0.1,1024
813,Ant-v5,id,0,3077.513671875,323.0193051003114,8.466486930847168,0.32,16,32.0,"even-indexed (l1, l3, …); LS on next layer",0.3,0.1,1024
814,Ant-v5,id,0,1300.1005859375,129.12082549927402,8.900160789489746,0.32,16,32.0,"even-indexed (l1, l3, …); LS on next layer",0.3,0.1,1024
815,Ant-v5,id,0,1670.292236328125,158.87749677256727,8.499966621398926,0.32,16,32.0,"even-indexed (l1, l3, …); LS on next layer",0.3,0.1,1024
816,Ant-v5,id,0,771.9840698242188,83.590058780705,10.91019344329834,0.32,16,32.0,"even-indexed (l1, l3, …); LS on next layer",0.3,0.1,1024
817,Ant-v5,id,0,3513.3232421875,389.8387595462365,25.869171142578125,0.32,16,32.0,"even-indexed (l1, l3, …); LS on next layer",0.3,0.1,1024
818,Ant-v5,id,0,3154.36279296875,340.3456539580003,22.254709243774414,0.32,16,32.0,"even-indexed (l1, l3, …); LS on next layer",0.3,0.1,1024
819,Ant-v5,id,0,5630.88134765625,601.6247279853727,15.850651741027832,0.32,16,32.0,"even-indexed (l1, l3, …); LS on next layer",0.3,0.1,1024
820,Ant-v5,id,0,1973.738525390625,236.94513002569457,22.39034652709961,0.32,16,32.0,"even-indexed (l1, l3, …); LS on next layer",0.3,0.1,1024
821,Ant-v5,id,0,803.9252319335938,90.50264373956213,9.39486312866211,0.32,16,32.0,"even-indexed (l1, l3, …); LS on next layer",0.3,0.1,1024
822,Ant-v5,id,0,1007.4256591796875,107.0208488581699,9.89604663848877,0.32,16,32.0,"even-indexed (l1, l3, …); LS on next layer",0.3,0.1,1024
823,Ant-v5,id,0,1620.3033447265625,162.5179976123424,12.385327339172363,0.32,16,32.0,"even-indexed (l1, l3, …); LS on next layer",0.3,0.1,1024
824,Ant-v5,id,0,1238.145751953125,147.36591356922284,14.11305046081543,0.32,16,32.0,"even-indexed (l1, l3, …); LS on next layer",0.3,0.1,1024
825,Ant-v5,id,0,4052.645263671875,442.40999062877836,14.263862609863281,0.32,16,32.0,"even-indexed (l1, l3, …); LS on next layer",0.3,0.1,1024
826,Ant-v5,id,0,1117.1365966796875,120.56842959822885,15.016276359558105,0.32,16,32.0,"even-indexed (l1, l3, …); LS on next layer",0.3,0.1,1024
827,Ant-v5,id,0,1592.115966796875,161.03516880148985,11.966119766235352,0.32,16,32.0,"even-indexed (l1, l3, …); LS on next layer",0.3,0.1,1024
828,Ant-v5,id,0,1796.302490234375,176.3114275724526,5.949433326721191,0.32,16,32.0,"even-indexed (l1, l3, …); LS on next layer",0.3,0.1,1024
829,Ant-v5,id,0,1066.925048828125,106.65626873187387,10.995182991027832,0.32,16,32.0,"even-indexed (l1, l3, …); LS on next layer",0.3,0.1,1024
830,Ant-v5,id,0,1165.2747802734375,122.67799990281478,6.673703193664551,0.32,16,32.0,"even-indexed (l1, l3, …); LS on next layer",0.3,0.1,1024
831,Ant-v5,id,0,1105.219970703125,111.78600972603923,6.264242649078369,0.32,16,32.0,"even-indexed (l1, l3, …); LS on next layer",0.3,0.1,1024
832,Ant-v5,id,0,3379.1279296875,331.60010541307463,9.944506645202637,0.32,16,32.0,"even-indexed (l1, l3, …); LS on next layer",0.3,0.1,1024
833,Ant-v5,id,0,1963.5445556640625,185.38872583998798,11.296024322509766,0.32,16,32.0,"even-indexed (l1, l3, …); LS on next layer",0.3,0.1,1024
834,Ant-v5,id,0,2694.061767578125,275.27822651764353,10.408552169799805,0.32,16,32.0,"even-indexed (l1, l3, …); LS on next layer",0.3,0.1,1024
835,Ant-v5,id,0,1119.3048095703125,145.9589367746572,16.508264541625977,0.32,16,32.0,"even-indexed (l1, l3, …); LS on next layer",0.3,0.1,1024
836,Ant-v5,id,0,1069.48095703125,147.04525399869976,19.26165771484375,0.32,16,32.0,"even-indexed (l1, l3, …); LS on next layer",0.3,0.1,1024
837,Ant-v5,id,0,1126.1885986328125,112.80598493430463,10.785107612609863,0.32,16,32.0,"even-indexed (l1, l3, …); LS on next layer",0.3,0.1,1024
838,Ant-v5,id,0,1145.1380615234375,117.92837563932534,5.322152614593506,0.32,16,32.0,"even-indexed (l1, l3, …); LS on next layer",0.3,0.1,1024
839,Ant-v5,id,0,6081.79443359375,609.2781802129389,11.19063663482666,0.32,16,32.0,"even-indexed (l1, l3, …); LS on next layer",0.3,0.1,1024
840,Ant-v5,id,0,2107.6806640625,198.8779400911574,12.527073860168457,0.32,16,32.0,"even-indexed (l1, l3, …); LS on next layer",0.3,0.1,1024
841,Ant-v5,id,0,1383.8934326171875,173.6362216957635,24.924236297607422,0.32,16,32.0,"even-indexed (l1, l3, …); LS on next layer",0.3,0.1,1024
842,Ant-v5,id,0,1821.8492431640625,200.25740796511977,13.86917781829834,0.32,16,32.0,"even-indexed (l1, l3, …); LS on next layer",0.3,0.1,1024
843,Ant-v5,id,0,1707.6298828125,292.3053124697369,26.888391494750977,0.32,16,32.0,"even-indexed (l1, l3, …); LS on next layer",0.3,0.1,1024
844,Ant-v5,id,0,1247.9566650390625,135.3300738175836,11.352505683898926,0.32,16,32.0,"even-indexed (l1, l3, …); LS on next layer",0.3,0.1,1024
845,Ant-v5,id,0,4501.80126953125,454.9711606307967,17.223649978637695,0.32,16,32.0,"even-indexed (l1, l3, …); LS on next layer",0.3,0.1,1024
846,Ant-v5,id,0,2140.951904296875,233.0637069583463,17.086925506591797,0.32,16,32.0,"even-indexed (l1, l3, …); LS on next layer",0.3,0.1,1024
847,Ant-v5,id,0,1515.98388671875,156.49221006210647,8.390068054199219,0.32,16,32.0,"even-indexed (l1, l3, …); LS on next layer",0.3,0.1,1024
848,Ant-v5,id,0,1047.477294921875,109.35590127023016,6.721452236175537,0.32,16,32.0,"even-indexed (l1, l3, …); LS on next layer",0.3,0.1,1024
849,Ant-v5,id,0,1725.6060791015625,169.08954278651944,6.410487174987793,0.32,16,32.0,"even-indexed (l1, l3, …); LS on next layer",0.3,0.1,1024
850,Ant-v5,id,0,810.9852294921875,86.52789962064622,15.148771286010742,0.32,16,32.0,"even-indexed (l1, l3, …); LS on next layer",0.3,0.1,1024
851,Ant-v5,id,0,758.000732421875,87.36925218360562,15.068624496459961,0.32,16,32.0,"even-indexed (l1, l3, …); LS on next layer",0.3,0.1,1024
852,Ant-v5,id,0,1072.87451171875,110.96703306838066,11.935544967651367,0.32,16,32.0,"even-indexed (l1, l3, …); LS on next layer",0.3,0.1,1024
853,Ant-v5,id,0,874.7920532226562,101.09504560697405,16.33304786682129,0.32,16,32.0,"even-indexed (l1, l3, …); LS on next layer",0.3,0.1,1024
854,Ant-v5,id,0,1572.1068115234375,175.68715163987838,23.916650772094727,0.32,16,32.0,"even-indexed (l1, l3, …); LS on next layer",0.3,0.1,1024
855,Ant-v5,id,0,1740.412841796875,174.63382698967044,19.933425903320312,0.32,16,32.0,"even-indexed (l1, l3, …); LS on next layer",0.3,0.1,1024
856,Ant-v5,id,0,2373.441162109375,220.88445833991705,13.576744079589844,0.32,16,32.0,"even-indexed (l1, l3, …); LS on next layer",0.3,0.1,1024
857,Ant-v5,id,0,5641.88720703125,546.0123651323903,12.347349166870117,0.32,16,32.0,"even-indexed (l1, l3, …); LS on next layer",0.3,0.1,1024
858,Ant-v5,id,0,1313.1785888671875,134.4286197627169,8.594189643859863,0.32,16,32.0,"even-indexed (l1, l3, …); LS on next layer",0.3,0.1,1024
859,Ant-v5,id,0,1361.721435546875,128.9176604151228,8.141695022583008,0.32,16,32.0,"even-indexed (l1, l3, …); LS on next layer",0.3,0.1,1024
860,Ant-v5,id,0,1066.8094482421875,105.01053805546118,8.902956008911133,0.32,16,32.0,"even-indexed (l1, l3, …); LS on next layer",0.3,0.1,1024
861,Ant-v5,id,0,1383.7982177734375,142.5538831492957,10.891310691833496,0.32,16,32.0,"even-indexed (l1, l3, …); LS on next layer",0.3,0.1,1024
862,Ant-v5,id,0,3143.864501953125,303.9006449148459,10.7146635055542,0.32,16,32.0,"even-indexed (l1, l3, …); LS on next layer",0.3,0.1,1024
863,Ant-v5,id,0,5784.34521484375,586.0918470270464,16.533737182617188,0.32,16,32.0,"even-indexed (l1, l3, …); LS on next layer",0.3,0.1,1024
864,Ant-v5,id,0,1245.1505126953125,131.6708335095742,9.261419296264648,0.32,16,32.0,"even-indexed (l1, l3, …); LS on next layer",0.3,0.1,1024
865,Ant-v5,id,0,1091.0828857421875,119.91484555479374,12.2338285446167,0.32,16,32.0,"even-indexed (l1, l3, …); LS on next layer",0.3,0.1,1024
866,Ant-v5,id,0,3947.383056640625,396.6120573109839,11.072585105895996,0.32,16,32.0,"even-indexed (l1, l3, …); LS on next layer",0.3,0.1,1024
867,Ant-v5,id,0,2078.628173828125,230.1061570894819,18.002241134643555,0.32,16,32.0,"even-indexed (l1, l3, …); LS on next layer",0.3,0.1,1024
868,Ant-v5,id,0,1531.2867431640625,162.82487336245256,11.681976318359375,0.32,16,32.0,"even-indexed (l1, l3, …); LS on next layer",0.3,0.1,1024
869,Ant-v5,id,0,1177.79541015625,122.83925519396965,11.656147956848145,0.32,16,32.0,"even-indexed (l1, l3, …); LS on next layer",0.3,0.1,1024
870,Ant-v5,id,0,765.0501098632812,93.05461466680481,14.013463020324707,0.32,16,32.0,"even-indexed (l1, l3, …); LS on next layer",0.3,0.1,1024
871,Ant-v5,id,0,1206.5308837890625,120.9301288271001,7.888934135437012,0.32,16,32.0,"even-indexed (l1, l3, …); LS on next layer",0.3,0.1,1024
872,Ant-v5,id,0,1878.4334716796875,176.7628761041003,9.298511505126953,0.32,16,32.0,"even-indexed (l1, l3, …); LS on next layer",0.3,0.1,1024
873,Ant-v5,id,0,6191.56298828125,649.9030290717843,13.139134407043457,0.32,16,32.0,"even-indexed (l1, l3, …); LS on next layer",0.3,0.1,1024
874,Ant-v5,id,0,1889.4027099609375,208.03406319415407,13.782953262329102,0.32,16,32.0,"even-indexed (l1, l3, …); LS on next layer",0.3,0.1,1024
875,Ant-v5,id,0,1225.3360595703125,124.79900085009001,11.501261711120605,0.32,16,32.0,"even-indexed (l1, l3, …); LS on next layer",0.3,0.1,1024
876,Ant-v5,id,0,684.6107788085938,76.12995243616194,7.756572723388672,0.32,16,32.0,"even-indexed (l1, l3, …); LS on next layer",0.3,0.1,1024
877,Ant-v5,id,0,791.8341674804688,82.15406058572003,6.788555145263672,0.32,16,32.0,"even-indexed (l1, l3, …); LS on next layer",0.3,0.1,1024
878,Ant-v5,id,0,1481.7164306640625,264.53275657105894,59.86185836791992,0.32,16,32.0,"even-indexed (l1, l3, …); LS on next layer",0.3,0.1,1024
879,Ant-v5,id,0,569.0916748046875,85.01794471445979,17.630624771118164,0.32,16,32.0,"even-indexed (l1, l3, …); LS on next layer",0.3,0.1,1024
880,Ant-v5,id,0,796.1671752929688,81.53197139076713,8.800654411315918,0.32,16,32.0,"even-indexed (l1, l3, …); LS on next layer",0.3,0.1,1024
881,Ant-v5,id,0,884.4446411132812,91.9778273845289,6.846012592315674,0.32,16,32.0,"even-indexed (l1, l3, …); LS on next layer",0.3,0.1,1024
882,Ant-v5,id,0,751.5143432617188,83.57773644326178,12.70006275177002,0.32,16,32.0,"even-indexed (l1, l3, …); LS on next layer",0.3,0.1,1024
883,Ant-v5,id,0,787.1417236328125,80.02756025915988,7.253505229949951,0.32,16,32.0,"even-indexed (l1, l3, …); LS on next layer",0.3,0.1,1024
884,Ant-v5,id,0,1436.4744873046875,137.83390120999098,7.3214592933654785,0.32,16,32.0,"even-indexed (l1, l3, …); LS on next layer",0.3,0.1,1024
885,Ant-v5,id,0,899.5805053710938,93.31365415206008,11.555174827575684,0.32,16,32.0,"even-indexed (l1, l3, …); LS on next layer",0.3,0.1,1024
886,Ant-v5,id,0,4750.3818359375,473.3476561146315,24.20998764038086,0.32,16,32.0,"even-indexed (l1, l3, …); LS on next layer",0.3,0.1,1024
887,Ant-v5,id,0,1238.9910888671875,140.96634635475917,12.131260871887207,0.32,16,32.0,"even-indexed (l1, l3, …); LS on next layer",0.3,0.1,1024
888,Ant-v5,id,0,6945.9853515625,730.7554290080245,11.228700637817383,0.32,16,32.0,"even-indexed (l1, l3, …); LS on next layer",0.3,0.1,1024
889,Ant-v5,id,0,1147.4168701171875,115.53951859049633,9.363301277160645,0.32,16,32.0,"even-indexed (l1, l3, …); LS on next layer",0.3,0.1,1024
890,Ant-v5,id,0,1289.67138671875,130.38270924688598,5.863162517547607,0.32,16,32.0,"even-indexed (l1, l3, …); LS on next layer",0.3,0.1,1024
891,Ant-v5,id,0,1040.5625,106.3574322422777,9.920751571655273,0.32,16,32.0,"even-indexed (l1, l3, …); LS on next layer",0.3,0.1,1024
892,Ant-v5,id,0,1372.597900390625,138.7050043625573,12.445444107055664,0.32,16,32.0,"even-indexed (l1, l3, …); LS on next layer",0.3,0.1,1024
893,Ant-v5,id,0,1738.9874267578125,192.78436700563427,18.612594604492188,0.32,16,32.0,"even-indexed (l1, l3, …); LS on next layer",0.3,0.1,1024
894,Ant-v5,id,0,1095.510498046875,122.00898694766897,8.928278923034668,0.32,16,32.0,"even-indexed (l1, l3, …); LS on next layer",0.3,0.1,1024
895,Ant-v5,id,0,1400.69189453125,162.8469147258367,14.566068649291992,0.32,16,32.0,"even-indexed (l1, l3, …); LS on next layer",0.3,0.1,1024
896,Ant-v5,id,0,2078.8056640625,277.12623252347004,21.401235580444336,0.32,16,32.0,"even-indexed (l1, l3, …); LS on next layer",0.3,0.1,1024
897,Ant-v5,id,0,1624.8917236328125,167.82624148765842,13.549840927124023,0.32,16,32.0,"even-indexed (l1, l3, …); LS on next layer",0.3,0.1,1024
898,Ant-v5,id,0,950.2177124023438,106.67206373329643,12.415802001953125,0.32,16,32.0,"even-indexed (l1, l3, …); LS on next layer",0.3,0.1,1024
899,Ant-v5,id,0,886.811767578125,110.50912098436689,14.159974098205566,0.32,16,32.0,"even-indexed (l1, l3, …); LS on next layer",0.3,0.1,1024
900,Ant-v5,id,0,874.7543334960938,93.42660039824821,12.816028594970703,0.32,16,32.0,"even-indexed (l1, l3, …); LS on next layer",0.3,0.1,1024
901,Ant-v5,id,0,1873.37451171875,202.79364254949633,16.52029037475586,0.32,16,32.0,"even-indexed (l1, l3, …); LS on next layer",0.3,0.1,1024
902,Ant-v5,id,0,5906.11083984375,572.739502976538,15.361831665039062,0.32,16,32.0,"even-indexed (l1, l3, …); LS on next layer",0.3,0.1,1024
903,Ant-v5,id,0,782.5242919921875,104.03369854628764,14.05431079864502,0.32,16,32.0,"even-indexed (l1, l3, …); LS on next layer",0.3,0.1,1024
904,Ant-v5,id,0,1127.29345703125,123.91886892721175,11.476908683776855,0.32,16,32.0,"even-indexed (l1, l3, …); LS on next layer",0.3,0.1,1024
905,Ant-v5,id,0,4563.81884765625,492.5786231499901,13.396098136901855,0.32,16,32.0,"even-indexed (l1, l3, …); LS on next layer",0.3,0.1,1024
906,Ant-v5,id,0,1021.1997680664062,112.59780677521181,9.096278190612793,0.32,16,32.0,"even-indexed (l1, l3, …); LS on next layer",0.3,0.1,1024
907,Ant-v5,id,0,1026.9208984375,118.41950987654147,11.141753196716309,0.32,16,32.0,"even-indexed (l1, l3, …); LS on next layer",0.3,0.1,1024
908,Ant-v5,id,0,1593.872314453125,215.72099322261374,20.12796974182129,0.32,16,32.0,"even-indexed (l1, l3, …); LS on next layer",0.3,0.1,1024
909,Ant-v5,id,0,1276.734375,131.20897441445112,9.846420288085938,0.32,16,32.0,"even-indexed (l1, l3, …); LS on next layer",0.3,0.1,1024
910,Ant-v5,id,0,1219.060302734375,123.6762047438873,11.818646430969238,0.32,16,32.0,"even-indexed (l1, l3, …); LS on next layer",0.3,0.1,1024
911,Ant-v5,id,0,1538.0335693359375,174.59249903756572,11.578580856323242,0.32,16,32.0,"even-indexed (l1, l3, …); LS on next layer",0.3,0.1,1024
912,Ant-v5,id,0,2784.550537109375,357.7800860728215,17.743335723876953,0.32,16,32.0,"even-indexed (l1, l3, …); LS on next layer",0.3,0.1,1024
913,Ant-v5,id,0,5714.6533203125,517.0979855267171,17.533035278320312,0.32,16,32.0,"even-indexed (l1, l3, …); LS on next layer",0.3,0.1,1024
914,Ant-v5,id,0,1563.5555419921875,170.78999947436247,14.127589225769043,0.32,16,32.0,"even-indexed (l1, l3, …); LS on next layer",0.3,0.1,1024
915,Ant-v5,id,0,1299.9774169921875,136.9142009748216,9.035465240478516,0.32,16,32.0,"even-indexed (l1, l3, …); LS on next layer",0.3,0.1,1024
916,Ant-v5,id,0,1401.1199951171875,136.94242711021332,8.629777908325195,0.32,16,32.0,"even-indexed (l1, l3, …); LS on next layer",0.3,0.1,1024
917,Ant-v5,id,0,991.2644653320312,117.81899107082566,14.965897560119629,0.32,16,32.0,"even-indexed (l1, l3, …); LS on next layer",0.3,0.1,1024
918,Ant-v5,id,0,1418.6884765625,174.40355147316086,14.832964897155762,0.32,16,32.0,"even-indexed (l1, l3, …); LS on next layer",0.3,0.1,1024
919,Ant-v5,id,0,789.2144165039062,83.37685692715209,6.052967548370361,0.32,16,32.0,"even-indexed (l1, l3, …); LS on next layer",0.3,0.1,1024
920,Ant-v5,id,0,1189.47021484375,121.39212194659214,11.21005630493164,0.32,16,32.0,"even-indexed (l1, l3, …); LS on next layer",0.3,0.1,1024
921,Ant-v5,id,0,1601.781494140625,157.39135365923406,14.61214828491211,0.32,16,32.0,"even-indexed (l1, l3, …); LS on next layer",0.3,0.1,1024
922,Ant-v5,id,0,3202.6103515625,334.94100836994085,20.63770294189453,0.32,16,32.0,"even-indexed (l1, l3, …); LS on next layer",0.3,0.1,1024
923,Ant-v5,id,0,1771.6358642578125,189.67340017898113,12.965478897094727,0.32,16,32.0,"even-indexed (l1, l3, …); LS on next layer",0.3,0.1,1024
924,Ant-v5,id,0,1503.9398193359375,147.21605750233928,5.103745937347412,0.32,16,32.0,"even-indexed (l1, l3, …); LS on next layer",0.3,0.1,1024
925,Ant-v5,id,0,1371.5531005859375,131.22777403912755,5.989778518676758,0.32,16,32.0,"even-indexed (l1, l3, …); LS on next layer",0.3,0.1,1024
926,Ant-v5,id,0,1305.3753662109375,133.44884572500496,8.804637908935547,0.32,16,32.0,"even-indexed (l1, l3, …); LS on next layer",0.3,0.1,1024
927,Ant-v5,id,0,913.8450317382812,94.29824006662932,7.111910820007324,0.32,16,32.0,"even-indexed (l1, l3, …); LS on next layer",0.3,0.1,1024
928,Ant-v5,id,0,5754.6923828125,576.6046169837339,16.157136917114258,0.32,16,32.0,"even-indexed (l1, l3, …); LS on next layer",0.3,0.1,1024
929,Ant-v5,id,0,1375.1683349609375,191.1850632967302,25.75450325012207,0.32,16,32.0,"even-indexed (l1, l3, …); LS on next layer",0.3,0.1,1024
930,Ant-v5,id,0,1160.77490234375,133.75436228158972,20.300477981567383,0.32,16,32.0,"even-indexed (l1, l3, …); LS on next layer",0.3,0.1,1024
931,Ant-v5,id,0,6307.77490234375,687.8677043614526,16.24911880493164,0.32,16,32.0,"even-indexed (l1, l3, …); LS on next layer",0.3,0.1,1024
932,Ant-v5,id,0,3774.697265625,386.01992895302385,14.539268493652344,0.32,16,32.0,"even-indexed (l1, l3, …); LS on next layer",0.3,0.1,1024
933,Ant-v5,id,0,1054.5538330078125,121.15307882801793,11.040087699890137,0.32,16,32.0,"even-indexed (l1, l3, …); LS on next layer",0.3,0.1,1024
934,Ant-v5,id,0,1079.806640625,112.2324722833163,11.148079872131348,0.32,16,32.0,"even-indexed (l1, l3, …); LS on next layer",0.3,0.1,1024
935,Ant-v5,id,0,1095.025634765625,114.88286104675265,12.563612937927246,0.32,16,32.0,"even-indexed (l1, l3, …); LS on next layer",0.3,0.1,1024
936,Ant-v5,id,0,2344.99755859375,237.63137355490824,10.505560874938965,0.32,16,32.0,"even-indexed (l1, l3, …); LS on next layer",0.3,0.1,1024
937,Ant-v5,id,0,1425.58447265625,142.08846216503275,8.827836990356445,0.32,16,32.0,"even-indexed (l1, l3, …); LS on next layer",0.3,0.1,1024
938,Ant-v5,id,0,2456.975341796875,253.33285799639216,11.144333839416504,0.32,16,32.0,"even-indexed (l1, l3, …); LS on next layer",0.3,0.1,1024
939,Ant-v5,id,0,904.582763671875,95.5001520531182,7.629706859588623,0.32,16,32.0,"even-indexed (l1, l3, …); LS on next layer",0.3,0.1,1024
940,Ant-v5,id,0,1071.7789306640625,121.37285528992024,11.484148979187012,0.32,16,32.0,"even-indexed (l1, l3, …); LS on next layer",0.3,0.1,1024
941,Ant-v5,id,0,6417.9794921875,659.9645235404984,12.917695045471191,0.32,16,32.0,"even-indexed (l1, l3, …); LS on next layer",0.3,0.1,1024
942,Ant-v5,id,0,3119.372314453125,316.0651133019843,9.136661529541016,0.32,16,32.0,"even-indexed (l1, l3, …); LS on next layer",0.3,0.1,1024
943,Ant-v5,id,0,1479.7791748046875,166.2618331242978,13.732151985168457,0.32,16,32.0,"even-indexed (l1, l3, …); LS on next layer",0.3,0.1,1024
944,Ant-v5,id,0,4593.4326171875,454.453974391026,10.279563903808594,0.32,16,32.0,"even-indexed (l1, l3, …); LS on next layer",0.3,0.1,1024
945,Ant-v5,id,0,5342.82568359375,606.5829305941052,13.978611946105957,0.32,16,32.0,"even-indexed (l1, l3, …); LS on next layer",0.3,0.1,1024
946,Ant-v5,id,0,6374.7626953125,720.0916619272309,16.888206481933594,0.32,16,32.0,"even-indexed (l1, l3, …); LS on next layer",0.3,0.1,1024
947,Ant-v5,id,0,1206.83154296875,128.55063344002255,13.875057220458984,0.32,16,32.0,"even-indexed (l1, l3, …); LS on next layer",0.3,0.1,1024
948,Ant-v5,id,0,598.2288818359375,75.54022400564745,19.110877990722656,0.32,16,32.0,"even-indexed (l1, l3, …); LS on next layer",0.3,0.1,1024
949,Ant-v5,id,0,702.4196166992188,98.13424530820106,15.102620124816895,0.32,16,32.0,"even-indexed (l1, l3, …); LS on next layer",0.3,0.1,1024
950,Ant-v5,id,0,591.2539672851562,79.79585340960767,15.15705394744873,0.32,16,32.0,"even-indexed (l1, l3, …); LS on next layer",0.3,0.1,1024
951,Ant-v5,id,0,3106.37744140625,298.4454170196362,10.336312294006348,0.32,16,32.0,"even-indexed (l1, l3, …); LS on next layer",0.3,0.1,1024
952,Ant-v5,id,0,1117.3812255859375,119.32269949762133,10.431185722351074,0.32,16,32.0,"even-indexed (l1, l3, …); LS on next layer",0.3,0.1,1024
953,Ant-v5,id,0,5320.18408203125,568.6271416218613,12.207518577575684,0.32,16,32.0,"even-indexed (l1, l3, …); LS on next layer",0.3,0.1,1024
954,Ant-v5,id,0,1103.178955078125,119.21458208923008,9.451556205749512,0.32,16,32.0,"even-indexed (l1, l3, …); LS on next layer",0.3,0.1,1024
955,Ant-v5,id,0,1377.0155029296875,136.8876273358865,8.243897438049316,0.32,16,32.0,"even-indexed (l1, l3, …); LS on next layer",0.3,0.1,1024
956,Ant-v5,id,0,3443.64990234375,351.94462508647257,8.440679550170898,0.32,16,32.0,"even-indexed (l1, l3, …); LS on next layer",0.3,0.1,1024
957,Ant-v5,id,0,1035.5576171875,103.59532828872469,8.73281478881836,0.32,16,32.0,"even-indexed (l1, l3, …); LS on next layer",0.3,0.1,1024
958,Ant-v5,id,0,1117.5147705078125,122.0352783811237,10.583515167236328,0.32,16,32.0,"even-indexed (l1, l3, …); LS on next layer",0.3,0.1,1024
959,Ant-v5,id,0,5635.95068359375,596.202305277753,9.776077270507812,0.32,16,32.0,"even-indexed (l1, l3, …); LS on next layer",0.3,0.1,1024
960,Ant-v5,id,0,907.5663452148438,92.9466041847163,6.857641696929932,0.32,16,32.0,"even-indexed (l1, l3, …); LS on next layer",0.3,0.1,1024
961,Ant-v5,id,0,866.0967407226562,91.76524431971995,9.563657760620117,0.32,16,32.0,"even-indexed (l1, l3, …); LS on next layer",0.3,0.1,1024
962,Ant-v5,id,0,1370.8463134765625,138.77564653042387,6.119437217712402,0.32,16,32.0,"even-indexed (l1, l3, …); LS on next layer",0.3,0.1,1024
963,Ant-v5,id,0,1550.004638671875,149.1830286567374,6.603082656860352,0.32,16,32.0,"even-indexed (l1, l3, …); LS on next layer",0.3,0.1,1024
964,Ant-v5,id,0,997.5206909179688,103.26294387644992,7.733120441436768,0.32,16,32.0,"even-indexed (l1, l3, …); LS on next layer",0.3,0.1,1024
965,Ant-v5,id,0,1131.1722412109375,122.6090133358596,12.708520889282227,0.32,16,32.0,"even-indexed (l1, l3, …); LS on next layer",0.3,0.1,1024
966,Ant-v5,id,0,1422.2781982421875,143.86020283650655,15.000628471374512,0.32,16,32.0,"even-indexed (l1, l3, …); LS on next layer",0.3,0.1,1024
967,Ant-v5,id,0,3235.00927734375,320.69274906213434,14.15693473815918,0.32,16,32.0,"even-indexed (l1, l3, …); LS on next layer",0.3,0.1,1024
968,Ant-v5,id,0,2037.7796630859375,197.43291050133146,11.066488265991211,0.32,16,32.0,"even-indexed (l1, l3, …); LS on next layer",0.3,0.1,1024
969,Ant-v5,id,0,1336.2850341796875,162.74038479473947,11.331820487976074,0.32,16,32.0,"even-indexed (l1, l3, …); LS on next layer",0.3,0.1,1024
970,Ant-v5,id,0,1665.50390625,179.81060865079132,17.774572372436523,0.32,16,32.0,"even-indexed (l1, l3, …); LS on next layer",0.3,0.1,1024
971,Ant-v5,id,0,863.7186889648438,89.29453535544911,9.56237506866455,0.32,16,32.0,"even-indexed (l1, l3, …); LS on next layer",0.3,0.1,1024
972,Ant-v5,id,0,1391.7391357421875,142.59254073829896,8.385222434997559,0.32,16,32.0,"even-indexed (l1, l3, …); LS on next layer",0.3,0.1,1024
973,Ant-v5,id,0,1511.760009765625,142.79307999022706,7.017862796783447,0.32,16,32.0,"even-indexed (l1, l3, …); LS on next layer",0.3,0.1,1024
974,Ant-v5,id,0,1164.8001708984375,130.2653412040831,9.786234855651855,0.32,16,32.0,"even-indexed (l1, l3, …); LS on next layer",0.3,0.1,1024
975,Ant-v5,id,0,1966.62646484375,193.57435117278672,10.28482437133789,0.32,16,32.0,"even-indexed (l1, l3, …); LS on next layer",0.3,0.1,1024
976,Ant-v5,id,0,1694.5218505859375,188.86802871215266,14.672872543334961,0.32,16,32.0,"even-indexed (l1, l3, …); LS on next layer",0.3,0.1,1024
977,Ant-v5,id,0,1634.4205322265625,159.40391492116382,7.783505439758301,0.32,16,32.0,"even-indexed (l1, l3, …); LS on next layer",0.3,0.1,1024
978,Ant-v5,id,0,1031.3763427734375,117.1390215565036,13.600272178649902,0.32,16,32.0,"even-indexed (l1, l3, …); LS on next layer",0.3,0.1,1024
979,Ant-v5,id,0,1167.446044921875,118.94036354186096,7.710872650146484,0.32,16,32.0,"even-indexed (l1, l3, …); LS on next layer",0.3,0.1,1024
980,Ant-v5,id,0,684.1563720703125,93.05398539687292,22.896825790405273,0.32,16,32.0,"even-indexed (l1, l3, …); LS on next layer",0.3,0.1,1024
981,Ant-v5,id,0,326.0099792480469,54.12925827983729,19.165693283081055,0.32,16,32.0,"even-indexed (l1, l3, …); LS on next layer",0.3,0.1,1024
982,Ant-v5,id,0,685.1456298828125,76.6574357467886,12.663450241088867,0.32,16,32.0,"even-indexed (l1, l3, …); LS on next layer",0.3,0.1,1024
983,Ant-v5,id,0,1610.8271484375,166.24311125373603,14.161648750305176,0.32,16,32.0,"even-indexed (l1, l3, …); LS on next layer",0.3,0.1,1024
984,Ant-v5,id,0,794.6414794921875,86.22016279346437,11.749238014221191,0.32,16,32.0,"even-indexed (l1, l3, …); LS on next layer",0.3,0.1,1024
985,Ant-v5,id,0,942.9725952148438,105.26511514982954,11.716642379760742,0.32,16,32.0,"even-indexed (l1, l3, …); LS on next layer",0.3,0.1,1024
986,Ant-v5,id,0,2023.2586669921875,231.6970963691559,16.896278381347656,0.32,16,32.0,"even-indexed (l1, l3, …); LS on next layer",0.3,0.1,1024
987,Ant-v5,id,0,1279.6412353515625,130.60652265919137,6.837164878845215,0.32,16,32.0,"even-indexed (l1, l3, …); LS on next layer",0.3,0.1,1024
988,Ant-v5,id,0,1326.6190185546875,130.22659429151895,6.88394832611084,0.32,16,32.0,"even-indexed (l1, l3, …); LS on next layer",0.3,0.1,1024
989,Ant-v5,id,0,2382.056396484375,256.6766868351375,19.09809112548828,0.32,16,32.0,"even-indexed (l1, l3, …); LS on next layer",0.3,0.1,1024
990,Ant-v5,id,0,1447.757080078125,170.25946954624567,15.27501392364502,0.32,16,32.0,"even-indexed (l1, l3, …); LS on next layer",0.3,0.1,1024
991,Ant-v5,id,0,6348.47314453125,657.3594395861813,15.790789604187012,0.32,16,32.0,"even-indexed (l1, l3, …); LS on next layer",0.3,0.1,1024
992,Ant-v5,id,0,2674.3056640625,265.2729633811449,11.493745803833008,0.32,16,32.0,"even-indexed (l1, l3, …); LS on next layer",0.3,0.1,1024
993,Ant-v5,id,0,5057.7587890625,489.2455456499147,17.124242782592773,0.32,16,32.0,"even-indexed (l1, l3, …); LS on next layer",0.3,0.1,1024
994,Ant-v5,id,0,1029.2845458984375,114.68484880318482,10.483870506286621,0.32,16,32.0,"even-indexed (l1, l3, …); LS on next layer",0.3,0.1,1024
995,Ant-v5,id,0,713.4434814453125,78.49474162078741,10.644999504089355,0.32,16,32.0,"even-indexed (l1, l3, …); LS on next layer",0.3,0.1,1024
996,Ant-v5,id,0,2555.324951171875,266.6563886234169,23.89130973815918,0.32,16,32.0,"even-indexed (l1, l3, …); LS on next layer",0.3,0.1,1024
997,Ant-v5,id,0,1804.493408203125,177.43769165395017,13.169477462768555,0.32,16,32.0,"even-indexed (l1, l3, …); LS on next layer",0.3,0.1,1024
998,Ant-v5,id,0,1158.22216796875,129.28834520966518,12.94655704498291,0.32,16,32.0,"even-indexed (l1, l3, …); LS on next layer",0.3,0.1,1024
999,Ant-v5,id,0,1191.12158203125,121.31535196730789,10.805462837219238,0.32,16,32.0,"even-indexed (l1, l3, …); LS on next layer",0.3,0.1,1024
1000,Ant-v5,near,0,736.8052978515625,181.8251629606294,34.01994705200195,0.32,16,32.0,"even-indexed (l1, l3, …); LS on next layer",0.3,0.1,1024
1001,Ant-v5,near,0,760.6991577148438,124.86257320589863,33.05108642578125,0.32,16,32.0,"even-indexed (l1, l3, …); LS on next layer",0.3,0.1,1024
1002,Ant-v5,near,0,1086.693115234375,176.0262798380789,29.837432861328125,0.32,16,32.0,"even-indexed (l1, l3, …); LS on next layer",0.3,0.1,1024
1003,Ant-v5,near,0,1181.531494140625,154.60002310207426,16.497169494628906,0.32,16,32.0,"even-indexed (l1, l3, …); LS on next layer",0.3,0.1,1024
1004,Ant-v5,near,0,5832.9873046875,669.6286572962547,19.569929122924805,0.32,16,32.0,"even-indexed (l1, l3, …); LS on next layer",0.3,0.1,1024
1005,Ant-v5,near,0,1403.777587890625,158.0273520475921,15.762715339660645,0.32,16,32.0,"even-indexed (l1, l3, …); LS on next layer",0.3,0.1,1024
1006,Ant-v5,near,0,1278.3187255859375,153.71272492256242,18.051374435424805,0.32,16,32.0,"even-indexed (l1, l3, …); LS on next layer",0.3,0.1,1024
1007,Ant-v5,near,0,1095.455322265625,135.1450720129127,19.083515167236328,0.32,16,32.0,"even-indexed (l1, l3, …); LS on next layer",0.3,0.1,1024
1008,Ant-v5,near,0,2101.0458984375,317.6675628059212,32.65493392944336,0.32,16,32.0,"even-indexed (l1, l3, …); LS on next layer",0.3,0.1,1024
1009,Ant-v5,near,0,1785.37890625,219.93162657235888,21.872875213623047,0.32,16,32.0,"even-indexed (l1, l3, …); LS on next layer",0.3,0.1,1024
1010,Ant-v5,near,0,728.9122314453125,141.28255610479894,27.75977325439453,0.32,16,32.0,"even-indexed (l1, l3, …); LS on next layer",0.3,0.1,1024
1011,Ant-v5,near,0,1064.7183837890625,140.74833846912327,17.360721588134766,0.32,16,32.0,"even-indexed (l1, l3, …); LS on next layer",0.3,0.1,1024
1012,Ant-v5,near,0,872.174560546875,114.5054825222577,16.23314666748047,0.32,16,32.0,"even-indexed (l1, l3, …); LS on next layer",0.3,0.1,1024
1013,Ant-v5,near,0,957.5103149414062,160.99108080646272,25.155088424682617,0.32,16,32.0,"even-indexed (l1, l3, …); LS on next layer",0.3,0.1,1024
1014,Ant-v5,near,0,2636.793701171875,315.7240281394596,23.80636978149414,0.32,16,32.0,"even-indexed (l1, l3, …); LS on next layer",0.3,0.1,1024
1015,Ant-v5,near,0,2613.508544921875,285.0144338461339,21.5405330657959,0.32,16,32.0,"even-indexed (l1, l3, …); LS on next layer",0.3,0.1,1024
1016,Ant-v5,near,0,1452.697509765625,147.3563535775266,12.589066505432129,0.32,16,32.0,"even-indexed (l1, l3, …); LS on next layer",0.3,0.1,1024
1017,Ant-v5,near,0,1524.19677734375,142.55580406049322,9.454395294189453,0.32,16,32.0,"even-indexed (l1, l3, …); LS on next layer",0.3,0.1,1024
1018,Ant-v5,near,0,1970.6910400390625,245.95319115678018,27.887723922729492,0.32,16,32.0,"even-indexed (l1, l3, …); LS on next layer",0.3,0.1,1024
1019,Ant-v5,near,0,1114.9263916015625,134.571796469692,13.772125244140625,0.32,16,32.0,"even-indexed (l1, l3, …); LS on next layer",0.3,0.1,1024
1020,Ant-v5,near,0,1044.8402099609375,144.02400400322819,20.060726165771484,0.32,16,32.0,"even-indexed (l1, l3, …); LS on next layer",0.3,0.1,1024
1021,Ant-v5,near,0,2706.6943359375,305.21975912029086,20.653305053710938,0.32,16,32.0,"even-indexed (l1, l3, …); LS on next layer",0.3,0.1,1024
1022,Ant-v5,near,0,3506.810791015625,408.0940627003117,22.47671127319336,0.32,16,32.0,"even-indexed (l1, l3, …); LS on next layer",0.3,0.1,1024
1023,Ant-v5,near,0,807.4144287109375,115.5265547407416,23.577919006347656,0.32,16,32.0,"even-indexed (l1, l3, …); LS on next layer",0.3,0.1,1024
1024,Ant-v5,near,0,3633.74267578125,435.43996626672254,22.478212356567383,0.32,16,32.0,"even-indexed (l1, l3, …); LS on next layer",0.3,0.1,1024
1025,Ant-v5,near,0,3466.893798828125,374.42633358963917,21.097042083740234,0.32,16,32.0,"even-indexed (l1, l3, …); LS on next layer",0.3,0.1,1024
1026,Ant-v5,near,0,2157.915283203125,240.6258586060579,21.010282516479492,0.32,16,32.0,"even-indexed (l1, l3, …); LS on next layer",0.3,0.1,1024
1027,Ant-v5,near,0,2222.802001953125,271.6537945501324,20.1043701171875,0.32,16,32.0,"even-indexed (l1, l3, …); LS on next layer",0.3,0.1,1024
1028,Ant-v5,near,0,836.1769409179688,130.67495299631406,27.076494216918945,0.32,16,32.0,"even-indexed (l1, l3, …); LS on next layer",0.3,0.1,1024
1029,Ant-v5,near,0,1188.651611328125,206.14670008130764,31.070484161376953,0.32,16,32.0,"even-indexed (l1, l3, …); LS on next layer",0.3,0.1,1024
1030,Ant-v5,near,0,2245.064208984375,244.3683116796419,18.992355346679688,0.32,16,32.0,"even-indexed (l1, l3, …); LS on next layer",0.3,0.1,1024
1031,Ant-v5,near,0,1225.126220703125,248.13090910292212,36.31554412841797,0.32,16,32.0,"even-indexed (l1, l3, …); LS on next layer",0.3,0.1,1024
1032,Ant-v5,near,0,923.8402709960938,112.7679915073779,17.26908302307129,0.32,16,32.0,"even-indexed (l1, l3, …); LS on next layer",0.3,0.1,1024
1033,Ant-v5,near,0,830.5165405273438,110.70899437863778,17.95414924621582,0.32,16,32.0,"even-indexed (l1, l3, …); LS on next layer",0.3,0.1,1024
1034,Ant-v5,near,0,888.5131225585938,116.25796697788297,17.185012817382812,0.32,16,32.0,"even-indexed (l1, l3, …); LS on next layer",0.3,0.1,1024
1035,Ant-v5,near,0,1263.2626953125,154.1370843626205,13.485723495483398,0.32,16,32.0,"even-indexed (l1, l3, …); LS on next layer",0.3,0.1,1024
1036,Ant-v5,near,0,973.7362060546875,122.56671903382335,17.140560150146484,0.32,16,32.0,"even-indexed (l1, l3, …); LS on next layer",0.3,0.1,1024
1037,Ant-v5,near,0,1062.175537109375,130.9293294152999,18.321636199951172,0.32,16,32.0,"even-indexed (l1, l3, …); LS on next layer",0.3,0.1,1024
1038,Ant-v5,near,0,3092.52734375,447.0494714330066,31.021446228027344,0.32,16,32.0,"even-indexed (l1, l3, …); LS on next layer",0.3,0.1,1024
1039,Ant-v5,near,0,963.379150390625,154.51814824868194,26.03949737548828,0.32,16,32.0,"even-indexed (l1, l3, …); LS on next layer",0.3,0.1,1024
1040,Ant-v5,near,0,879.4730834960938,90.22870222347103,13.250772476196289,0.32,16,32.0,"even-indexed (l1, l3, …); LS on next layer",0.3,0.1,1024
1041,Ant-v5,near,0,947.5921630859375,120.92000946579282,45.850467681884766,0.32,16,32.0,"even-indexed (l1, l3, …); LS on next layer",0.3,0.1,1024
1042,Ant-v5,near,0,1178.4912109375,134.56321943432133,17.85409164428711,0.32,16,32.0,"even-indexed (l1, l3, …); LS on next layer",0.3,0.1,1024
1043,Ant-v5,near,0,1213.9664306640625,201.7007815108872,25.299087524414062,0.32,16,32.0,"even-indexed (l1, l3, …); LS on next layer",0.3,0.1,1024
1044,Ant-v5,near,0,3457.35888671875,338.7503070311508,20.914966583251953,0.32,16,32.0,"even-indexed (l1, l3, …); LS on next layer",0.3,0.1,1024
1045,Ant-v5,near,0,873.0761108398438,108.37346625471696,15.34533405303955,0.32,16,32.0,"even-indexed (l1, l3, …); LS on next layer",0.3,0.1,1024
1046,Ant-v5,near,0,853.2737426757812,153.1990070701681,27.459819793701172,0.32,16,32.0,"even-indexed (l1, l3, …); LS on next layer",0.3,0.1,1024
1047,Ant-v5,near,0,2073.564453125,257.48410609774646,21.546016693115234,0.32,16,32.0,"even-indexed (l1, l3, …); LS on next layer",0.3,0.1,1024
1048,Ant-v5,near,0,1637.474365234375,191.64998951733665,16.97002410888672,0.32,16,32.0,"even-indexed (l1, l3, …); LS on next layer",0.3,0.1,1024
1049,Ant-v5,near,0,1261.8272705078125,144.89706939400753,17.789783477783203,0.32,16,32.0,"even-indexed (l1, l3, …); LS on next layer",0.3,0.1,1024
1050,Ant-v5,near,0,1182.09765625,152.6828353062023,22.838102340698242,0.32,16,32.0,"even-indexed (l1, l3, …); LS on next layer",0.3,0.1,1024
1051,Ant-v5,near,0,1732.109130859375,196.95517095941543,15.798063278198242,0.32,16,32.0,"even-indexed (l1, l3, …); LS on next layer",0.3,0.1,1024
1052,Ant-v5,near,0,990.28076171875,116.34494230915203,21.133987426757812,0.32,16,32.0,"even-indexed (l1, l3, …); LS on next layer",0.3,0.1,1024
1053,Ant-v5,near,0,1685.843994140625,169.3627407532812,15.279654502868652,0.32,16,32.0,"even-indexed (l1, l3, …); LS on next layer",0.3,0.1,1024
1054,Ant-v5,near,0,736.2634887695312,91.86667657111414,19.403751373291016,0.32,16,32.0,"even-indexed (l1, l3, …); LS on next layer",0.3,0.1,1024
1055,Ant-v5,near,0,1103.4852294921875,151.0992816207066,16.13456916809082,0.32,16,32.0,"even-indexed (l1, l3, …); LS on next layer",0.3,0.1,1024
1056,Ant-v5,near,0,972.6550903320312,113.9279304394098,20.512554168701172,0.32,16,32.0,"even-indexed (l1, l3, …); LS on next layer",0.3,0.1,1024
1057,Ant-v5,near,0,2185.051025390625,227.2481198928445,15.409516334533691,0.32,16,32.0,"even-indexed (l1, l3, …); LS on next layer",0.3,0.1,1024
1058,Ant-v5,near,0,1674.7703857421875,239.95007543054888,29.65606117248535,0.32,16,32.0,"even-indexed (l1, l3, …); LS on next layer",0.3,0.1,1024
1059,Ant-v5,near,0,2071.934814453125,201.10570624795383,14.924406051635742,0.32,16,32.0,"even-indexed (l1, l3, …); LS on next layer",0.3,0.1,1024
1060,Ant-v5,near,0,750.2279663085938,98.3055326393874,19.16642951965332,0.32,16,32.0,"even-indexed (l1, l3, …); LS on next layer",0.3,0.1,1024
1061,Ant-v5,near,0,1081.992431640625,253.3942881771802,32.90401840209961,0.32,16,32.0,"even-indexed (l1, l3, …); LS on next layer",0.3,0.1,1024
1062,Ant-v5,near,0,1235.7437744140625,191.91089515776017,24.19734001159668,0.32,16,32.0,"even-indexed (l1, l3, …); LS on next layer",0.3,0.1,1024
1063,Ant-v5,near,0,5045.876953125,677.6831948847009,37.538909912109375,0.32,16,32.0,"even-indexed (l1, l3, …); LS on next layer",0.3,0.1,1024
1064,Ant-v5,near,0,2756.978515625,312.16101278904245,18.940814971923828,0.32,16,32.0,"even-indexed (l1, l3, …); LS on next layer",0.3,0.1,1024
1065,Ant-v5,near,0,929.1310424804688,187.9400208558713,27.31609535217285,0.32,16,32.0,"even-indexed (l1, l3, …); LS on next layer",0.3,0.1,1024
1066,Ant-v5,near,0,1270.927734375,159.80932120285306,17.489368438720703,0.32,16,32.0,"even-indexed (l1, l3, …); LS on next layer",0.3,0.1,1024
1067,Ant-v5,near,0,2766.730224609375,375.30914722185,29.96894073486328,0.32,16,32.0,"even-indexed (l1, l3, …); LS on next layer",0.3,0.1,1024
1068,Ant-v5,near,0,1024.97265625,161.87194063078826,25.393413543701172,0.32,16,32.0,"even-indexed (l1, l3, …); LS on next layer",0.3,0.1,1024
1069,Ant-v5,near,0,1624.543701171875,225.77073162819636,26.814002990722656,0.32,16,32.0,"even-indexed (l1, l3, …); LS on next layer",0.3,0.1,1024
1070,Ant-v5,near,0,1525.28369140625,296.09539788220377,39.137939453125,0.32,16,32.0,"even-indexed (l1, l3, …); LS on next layer",0.3,0.1,1024
1071,Ant-v5,near,0,3203.182861328125,334.8844897831184,27.38034439086914,0.32,16,32.0,"even-indexed (l1, l3, …); LS on next layer",0.3,0.1,1024
1072,Ant-v5,near,0,2055.563720703125,218.05117905411,21.25949478149414,0.32,16,32.0,"even-indexed (l1, l3, …); LS on next layer",0.3,0.1,1024
1073,Ant-v5,near,0,1153.58203125,184.22083059584432,28.362613677978516,0.32,16,32.0,"even-indexed (l1, l3, …); LS on next layer",0.3,0.1,1024
1074,Ant-v5,near,0,2334.852294921875,309.11195514318354,33.44889450073242,0.32,16,32.0,"even-indexed (l1, l3, …); LS on next layer",0.3,0.1,1024
1075,Ant-v5,near,0,3379.937255859375,368.06442542550053,24.12950325012207,0.32,16,32.0,"even-indexed (l1, l3, …); LS on next layer",0.3,0.1,1024
1076,Ant-v5,near,0,1084.0345458984375,177.92994476220727,22.912063598632812,0.32,16,32.0,"even-indexed (l1, l3, …); LS on next layer",0.3,0.1,1024
1077,Ant-v5,near,0,3092.779541015625,323.3277267395873,18.636030197143555,0.32,16,32.0,"even-indexed (l1, l3, …); LS on next layer",0.3,0.1,1024
1078,Ant-v5,near,0,2056.9658203125,259.0607352511437,34.316162109375,0.32,16,32.0,"even-indexed (l1, l3, …); LS on next layer",0.3,0.1,1024
1079,Ant-v5,near,0,2219.14501953125,272.33333462056873,21.26114273071289,0.32,16,32.0,"even-indexed (l1, l3, …); LS on next layer",0.3,0.1,1024
1080,Ant-v5,near,0,1333.996826171875,166.67175052964055,18.32938003540039,0.32,16,32.0,"even-indexed (l1, l3, …); LS on next layer",0.3,0.1,1024
1081,Ant-v5,near,0,1081.550537109375,134.25225241423965,18.67343521118164,0.32,16,32.0,"even-indexed (l1, l3, …); LS on next layer",0.3,0.1,1024
1082,Ant-v5,near,0,770.9705200195312,139.1088478964909,24.950695037841797,0.32,16,32.0,"even-indexed (l1, l3, …); LS on next layer",0.3,0.1,1024
1083,Ant-v5,near,0,3318.7939453125,465.9739425474196,42.08758544921875,0.32,16,32.0,"even-indexed (l1, l3, …); LS on next layer",0.3,0.1,1024
1084,Ant-v5,near,0,2097.936767578125,212.1514688255606,16.9377384185791,0.32,16,32.0,"even-indexed (l1, l3, …); LS on next layer",0.3,0.1,1024
1085,Ant-v5,near,0,998.5453491210938,127.79165181174508,23.734256744384766,0.32,16,32.0,"even-indexed (l1, l3, …); LS on next layer",0.3,0.1,1024
1086,Ant-v5,near,0,981.9240112304688,124.07226891972445,18.89743995666504,0.32,16,32.0,"even-indexed (l1, l3, …); LS on next layer",0.3,0.1,1024
1087,Ant-v5,near,0,2333.498779296875,272.6440776276912,23.580738067626953,0.32,16,32.0,"even-indexed (l1, l3, …); LS on next layer",0.3,0.1,1024
1088,Ant-v5,near,0,1003.601806640625,173.7032858026099,22.786476135253906,0.32,16,32.0,"even-indexed (l1, l3, …); LS on next layer",0.3,0.1,1024
1089,Ant-v5,near,0,1402.6414794921875,182.65750362271473,17.162776947021484,0.32,16,32.0,"even-indexed (l1, l3, …); LS on next layer",0.3,0.1,1024
1090,Ant-v5,near,0,3836.841796875,372.14085890692434,20.78564453125,0.32,16,32.0,"even-indexed (l1, l3, …); LS on next layer",0.3,0.1,1024
1091,Ant-v5,near,0,5265.46533203125,589.3453791266932,31.830827713012695,0.32,16,32.0,"even-indexed (l1, l3, …); LS on next layer",0.3,0.1,1024
1092,Ant-v5,near,0,1291.6533203125,215.15729406098586,26.018587112426758,0.32,16,32.0,"even-indexed (l1, l3, …); LS on next layer",0.3,0.1,1024
1093,Ant-v5,near,0,745.6226196289062,110.42360664142103,19.833385467529297,0.32,16,32.0,"even-indexed (l1, l3, …); LS on next layer",0.3,0.1,1024
1094,Ant-v5,near,0,1838.3577880859375,192.49243254426733,17.93128776550293,0.32,16,32.0,"even-indexed (l1, l3, …); LS on next layer",0.3,0.1,1024
1095,Ant-v5,near,0,1621.1986083984375,185.6442458187761,14.94551944732666,0.32,16,32.0,"even-indexed (l1, l3, …); LS on next layer",0.3,0.1,1024
1096,Ant-v5,near,0,1154.17626953125,191.5385226428806,27.299776077270508,0.32,16,32.0,"even-indexed (l1, l3, …); LS on next layer",0.3,0.1,1024
1097,Ant-v5,near,0,1253.60009765625,152.22193095541624,14.236991882324219,0.32,16,32.0,"even-indexed (l1, l3, …); LS on next layer",0.3,0.1,1024
1098,Ant-v5,near,0,900.59765625,123.38170133135529,16.336997985839844,0.32,16,32.0,"even-indexed (l1, l3, …); LS on next layer",0.3,0.1,1024
1099,Ant-v5,near,0,1043.287841796875,151.64297851897285,19.03759002685547,0.32,16,32.0,"even-indexed (l1, l3, …); LS on next layer",0.3,0.1,1024
1100,Ant-v5,near,0,880.6149291992188,98.08720933967581,12.396512031555176,0.32,16,32.0,"even-indexed (l1, l3, …); LS on next layer",0.3,0.1,1024
1101,Ant-v5,near,0,655.64990234375,82.28106023059803,17.375253677368164,0.32,16,32.0,"even-indexed (l1, l3, …); LS on next layer",0.3,0.1,1024
1102,Ant-v5,near,0,894.6680908203125,196.96444195062648,26.807661056518555,0.32,16,32.0,"even-indexed (l1, l3, …); LS on next layer",0.3,0.1,1024
1103,Ant-v5,near,0,1939.72998046875,214.43135645170003,23.43290138244629,0.32,16,32.0,"even-indexed (l1, l3, …); LS on next layer",0.3,0.1,1024
1104,Ant-v5,near,0,1996.544189453125,342.2706097020307,41.9281005859375,0.32,16,32.0,"even-indexed (l1, l3, …); LS on next layer",0.3,0.1,1024
1105,Ant-v5,near,0,790.140869140625,97.6801843947766,21.616453170776367,0.32,16,32.0,"even-indexed (l1, l3, …); LS on next layer",0.3,0.1,1024
1106,Ant-v5,near,0,705.7771606445312,170.32982614368552,25.261445999145508,0.32,16,32.0,"even-indexed (l1, l3, …); LS on next layer",0.3,0.1,1024
1107,Ant-v5,near,0,3196.715576171875,357.1359547740353,28.722742080688477,0.32,16,32.0,"even-indexed (l1, l3, …); LS on next layer",0.3,0.1,1024
1108,Ant-v5,near,0,998.6978759765625,172.9279682480485,24.659971237182617,0.32,16,32.0,"even-indexed (l1, l3, …); LS on next layer",0.3,0.1,1024
1109,Ant-v5,near,0,730.4010009765625,89.54292671405224,18.720239639282227,0.32,16,32.0,"even-indexed (l1, l3, …); LS on next layer",0.3,0.1,1024
1110,Ant-v5,near,0,2017.64599609375,213.01905869193052,27.77120018005371,0.32,16,32.0,"even-indexed (l1, l3, …); LS on next layer",0.3,0.1,1024
1111,Ant-v5,near,0,1252.88623046875,166.04858484526997,26.520795822143555,0.32,16,32.0,"even-indexed (l1, l3, …); LS on next layer",0.3,0.1,1024
1112,Ant-v5,near,0,1540.30712890625,180.95787735899737,21.121692657470703,0.32,16,32.0,"even-indexed (l1, l3, …); LS on next layer",0.3,0.1,1024
1113,Ant-v5,near,0,939.6591186523438,109.97079622068927,17.080398559570312,0.32,16,32.0,"even-indexed (l1, l3, …); LS on next layer",0.3,0.1,1024
1114,Ant-v5,near,0,1132.54052734375,149.9195387955285,23.550798416137695,0.32,16,32.0,"even-indexed (l1, l3, …); LS on next layer",0.3,0.1,1024
1115,Ant-v5,near,0,4556.35009765625,567.5733530324546,35.68721389770508,0.32,16,32.0,"even-indexed (l1, l3, …); LS on next layer",0.3,0.1,1024
1116,Ant-v5,near,0,1586.7689208984375,187.64072253727562,17.576807022094727,0.32,16,32.0,"even-indexed (l1, l3, …); LS on next layer",0.3,0.1,1024
1117,Ant-v5,near,0,973.4090576171875,116.64668718296792,14.140652656555176,0.32,16,32.0,"even-indexed (l1, l3, …); LS on next layer",0.3,0.1,1024
1118,Ant-v5,near,0,4734.4560546875,476.2879720090458,20.633798599243164,0.32,16,32.0,"even-indexed (l1, l3, …); LS on next layer",0.3,0.1,1024
1119,Ant-v5,near,0,1205.8416748046875,134.61881058550108,16.87059211730957,0.32,16,32.0,"even-indexed (l1, l3, …); LS on next layer",0.3,0.1,1024
1120,Ant-v5,near,0,1822.683349609375,211.7953471747164,17.031169891357422,0.32,16,32.0,"even-indexed (l1, l3, …); LS on next layer",0.3,0.1,1024
1121,Ant-v5,near,0,971.2625732421875,122.88221747801097,21.309059143066406,0.32,16,32.0,"even-indexed (l1, l3, …); LS on next layer",0.3,0.1,1024
1122,Ant-v5,near,0,1811.6915283203125,208.2620742179219,16.698226928710938,0.32,16,32.0,"even-indexed (l1, l3, …); LS on next layer",0.3,0.1,1024
1123,Ant-v5,near,0,2650.70068359375,528.6741058788195,40.093475341796875,0.32,16,32.0,"even-indexed (l1, l3, …); LS on next layer",0.3,0.1,1024
1124,Ant-v5,near,0,1436.7059326171875,146.21784012272744,16.624629974365234,0.32,16,32.0,"even-indexed (l1, l3, …); LS on next layer",0.3,0.1,1024
1125,Ant-v5,near,0,2955.539794921875,467.5550180385087,33.27574920654297,0.32,16,32.0,"even-indexed (l1, l3, …); LS on next layer",0.3,0.1,1024
1126,Ant-v5,near,0,1159.42236328125,164.5636398533372,19.451284408569336,0.32,16,32.0,"even-indexed (l1, l3, …); LS on next layer",0.3,0.1,1024
1127,Ant-v5,near,0,1193.67431640625,191.4522589453642,25.03398895263672,0.32,16,32.0,"even-indexed (l1, l3, …); LS on next layer",0.3,0.1,1024
1128,Ant-v5,near,0,1437.229248046875,202.38993661884612,26.381877899169922,0.32,16,32.0,"even-indexed (l1, l3, …); LS on next layer",0.3,0.1,1024
1129,Ant-v5,near,0,2765.0087890625,344.31945769124104,33.40275192260742,0.32,16,32.0,"even-indexed (l1, l3, …); LS on next layer",0.3,0.1,1024
1130,Ant-v5,near,0,1111.4166259765625,169.8005715845555,22.813560485839844,0.32,16,32.0,"even-indexed (l1, l3, …); LS on next layer",0.3,0.1,1024
1131,Ant-v5,near,0,829.5571899414062,99.01660305331052,11.423274040222168,0.32,16,32.0,"even-indexed (l1, l3, …); LS on next layer",0.3,0.1,1024
1132,Ant-v5,near,0,1306.942138671875,152.9408326192114,23.066879272460938,0.32,16,32.0,"even-indexed (l1, l3, …); LS on next layer",0.3,0.1,1024
1133,Ant-v5,near,0,787.3489379882812,149.30497377012722,22.86176109313965,0.32,16,32.0,"even-indexed (l1, l3, …); LS on next layer",0.3,0.1,1024
1134,Ant-v5,near,0,3736.124267578125,406.87500257281715,22.84442138671875,0.32,16,32.0,"even-indexed (l1, l3, …); LS on next layer",0.3,0.1,1024
1135,Ant-v5,near,0,3202.61669921875,380.024523536443,33.232418060302734,0.32,16,32.0,"even-indexed (l1, l3, …); LS on next layer",0.3,0.1,1024
1136,Ant-v5,near,0,2135.7177734375,302.93297297604454,27.28004264831543,0.32,16,32.0,"even-indexed (l1, l3, …); LS on next layer",0.3,0.1,1024
1137,Ant-v5,near,0,4201.07861328125,665.0143942126067,40.33378219604492,0.32,16,32.0,"even-indexed (l1, l3, …); LS on next layer",0.3,0.1,1024
1138,Ant-v5,near,0,1417.8419189453125,200.59994648351127,24.449716567993164,0.32,16,32.0,"even-indexed (l1, l3, …); LS on next layer",0.3,0.1,1024
1139,Ant-v5,near,0,683.1525268554688,102.43712350277826,18.564165115356445,0.32,16,32.0,"even-indexed (l1, l3, …); LS on next layer",0.3,0.1,1024
1140,Ant-v5,near,0,1632.52392578125,255.4719894318048,31.25429344177246,0.32,16,32.0,"even-indexed (l1, l3, …); LS on next layer",0.3,0.1,1024
1141,Ant-v5,near,0,2947.714599609375,311.8808975600451,18.048614501953125,0.32,16,32.0,"even-indexed (l1, l3, …); LS on next layer",0.3,0.1,1024
1142,Ant-v5,near,0,4097.80126953125,489.7831226314836,24.02757453918457,0.32,16,32.0,"even-indexed (l1, l3, …); LS on next layer",0.3,0.1,1024
1143,Ant-v5,near,0,1096.6844482421875,180.45999881221957,24.55792808532715,0.32,16,32.0,"even-indexed (l1, l3, …); LS on next layer",0.3,0.1,1024
1144,Ant-v5,near,0,5282.51318359375,539.0649924598224,21.647388458251953,0.32,16,32.0,"even-indexed (l1, l3, …); LS on next layer",0.3,0.1,1024
1145,Ant-v5,near,0,2102.90380859375,351.5346921801894,38.67142868041992,0.32,16,32.0,"even-indexed (l1, l3, …); LS on next layer",0.3,0.1,1024
1146,Ant-v5,near,0,710.5690307617188,98.57023215611585,13.189970016479492,0.32,16,32.0,"even-indexed (l1, l3, …); LS on next layer",0.3,0.1,1024
1147,Ant-v5,near,0,3568.817626953125,334.97971583217316,21.954370498657227,0.32,16,32.0,"even-indexed (l1, l3, …); LS on next layer",0.3,0.1,1024
1148,Ant-v5,near,0,615.0975952148438,76.11215453696224,16.707242965698242,0.32,16,32.0,"even-indexed (l1, l3, …); LS on next layer",0.3,0.1,1024
1149,Ant-v5,near,0,1340.5623779296875,141.62261412253707,17.86507797241211,0.32,16,32.0,"even-indexed (l1, l3, …); LS on next layer",0.3,0.1,1024
1150,Ant-v5,near,0,1081.6328125,148.21075897683062,22.899574279785156,0.32,16,32.0,"even-indexed (l1, l3, …); LS on next layer",0.3,0.1,1024
1151,Ant-v5,near,0,767.0492553710938,134.43049326968926,19.84190559387207,0.32,16,32.0,"even-indexed (l1, l3, …); LS on next layer",0.3,0.1,1024
1152,Ant-v5,near,0,5588.875,649.491324446671,36.67335891723633,0.32,16,32.0,"even-indexed (l1, l3, …); LS on next layer",0.3,0.1,1024
1153,Ant-v5,near,0,1580.970947265625,187.1275201230807,23.767248153686523,0.32,16,32.0,"even-indexed (l1, l3, …); LS on next layer",0.3,0.1,1024
1154,Ant-v5,near,0,1335.4844970703125,148.2102023025464,9.359526634216309,0.32,16,32.0,"even-indexed (l1, l3, …); LS on next layer",0.3,0.1,1024
1155,Ant-v5,near,0,1485.806396484375,171.06645830127468,12.749871253967285,0.32,16,32.0,"even-indexed (l1, l3, …); LS on next layer",0.3,0.1,1024
1156,Ant-v5,near,0,1175.3909912109375,152.2931163571956,17.378389358520508,0.32,16,32.0,"even-indexed (l1, l3, …); LS on next layer",0.3,0.1,1024
1157,Ant-v5,near,0,1532.7791748046875,230.6284215902522,33.44444274902344,0.32,16,32.0,"even-indexed (l1, l3, …); LS on next layer",0.3,0.1,1024
1158,Ant-v5,near,0,2370.0361328125,274.5057340152156,20.1480712890625,0.32,16,32.0,"even-indexed (l1, l3, …); LS on next layer",0.3,0.1,1024
1159,Ant-v5,near,0,1380.9503173828125,203.888355469674,20.69940948486328,0.32,16,32.0,"even-indexed (l1, l3, …); LS on next layer",0.3,0.1,1024
1160,Ant-v5,near,0,867.7378540039062,115.99959049671739,18.721778869628906,0.32,16,32.0,"even-indexed (l1, l3, …); LS on next layer",0.3,0.1,1024
1161,Ant-v5,near,0,935.3731689453125,112.21237930093494,14.259437561035156,0.32,16,32.0,"even-indexed (l1, l3, …); LS on next layer",0.3,0.1,1024
1162,Ant-v5,near,0,3569.606201171875,354.92490640082303,17.779582977294922,0.32,16,32.0,"even-indexed (l1, l3, …); LS on next layer",0.3,0.1,1024
1163,Ant-v5,near,0,3124.618408203125,324.6397283026266,21.873231887817383,0.32,16,32.0,"even-indexed (l1, l3, …); LS on next layer",0.3,0.1,1024
1164,Ant-v5,near,0,1610.9696044921875,176.5166998716442,16.113727569580078,0.32,16,32.0,"even-indexed (l1, l3, …); LS on next layer",0.3,0.1,1024
1165,Ant-v5,near,0,1361.6993408203125,158.0704369407556,20.451915740966797,0.32,16,32.0,"even-indexed (l1, l3, …); LS on next layer",0.3,0.1,1024
1166,Ant-v5,near,0,1349.4722900390625,219.46998674068482,32.547157287597656,0.32,16,32.0,"even-indexed (l1, l3, …); LS on next layer",0.3,0.1,1024
1167,Ant-v5,near,0,2570.80712890625,270.30259162663685,19.237443923950195,0.32,16,32.0,"even-indexed (l1, l3, …); LS on next layer",0.3,0.1,1024
1168,Ant-v5,near,0,2067.740478515625,233.8115955645996,18.952713012695312,0.32,16,32.0,"even-indexed (l1, l3, …); LS on next layer",0.3,0.1,1024
1169,Ant-v5,near,0,1226.058349609375,142.38859740923988,21.416786193847656,0.32,16,32.0,"even-indexed (l1, l3, …); LS on next layer",0.3,0.1,1024
1170,Ant-v5,near,0,1850.4169921875,211.96880532353967,15.045896530151367,0.32,16,32.0,"even-indexed (l1, l3, …); LS on next layer",0.3,0.1,1024
1171,Ant-v5,near,0,1191.6934814453125,147.0942331212204,21.062744140625,0.32,16,32.0,"even-indexed (l1, l3, …); LS on next layer",0.3,0.1,1024
1172,Ant-v5,near,0,2268.10595703125,361.8146048119182,34.498111724853516,0.32,16,32.0,"even-indexed (l1, l3, …); LS on next layer",0.3,0.1,1024
1173,Ant-v5,near,0,1890.012451171875,202.04932560543182,15.916446685791016,0.32,16,32.0,"even-indexed (l1, l3, …); LS on next layer",0.3,0.1,1024
1174,Ant-v5,near,0,3267.278564453125,335.479026040234,27.004541397094727,0.32,16,32.0,"even-indexed (l1, l3, …); LS on next layer",0.3,0.1,1024
1175,Ant-v5,near,0,3066.41455078125,350.57126832948614,18.141956329345703,0.32,16,32.0,"even-indexed (l1, l3, …); LS on next layer",0.3,0.1,1024
1176,Ant-v5,near,0,1258.27490234375,143.53904082132505,24.13957405090332,0.32,16,32.0,"even-indexed (l1, l3, …); LS on next layer",0.3,0.1,1024
1177,Ant-v5,near,0,3351.731689453125,808.5565900590893,49.0942497253418,0.32,16,32.0,"even-indexed (l1, l3, …); LS on next layer",0.3,0.1,1024
1178,Ant-v5,near,0,3634.325439453125,451.1841378623635,29.541542053222656,0.32,16,32.0,"even-indexed (l1, l3, …); LS on next layer",0.3,0.1,1024
1179,Ant-v5,near,0,646.9122314453125,86.86231397888372,16.668807983398438,0.32,16,32.0,"even-indexed (l1, l3, …); LS on next layer",0.3,0.1,1024
1180,Ant-v5,near,0,849.5015869140625,107.30104713588804,19.348360061645508,0.32,16,32.0,"even-indexed (l1, l3, …); LS on next layer",0.3,0.1,1024
1181,Ant-v5,near,0,4670.25732421875,450.99985508293713,33.35982131958008,0.32,16,32.0,"even-indexed (l1, l3, …); LS on next layer",0.3,0.1,1024
1182,Ant-v5,near,0,2983.832763671875,454.1342342695258,34.102054595947266,0.32,16,32.0,"even-indexed (l1, l3, …); LS on next layer",0.3,0.1,1024
1183,Ant-v5,near,0,2664.37939453125,297.29092953224824,26.0399227142334,0.32,16,32.0,"even-indexed (l1, l3, …); LS on next layer",0.3,0.1,1024
1184,Ant-v5,near,0,1775.294677734375,296.26601802681853,36.83300018310547,0.32,16,32.0,"even-indexed (l1, l3, …); LS on next layer",0.3,0.1,1024
1185,Ant-v5,near,0,865.0697021484375,117.28436505779001,19.464405059814453,0.32,16,32.0,"even-indexed (l1, l3, …); LS on next layer",0.3,0.1,1024
1186,Ant-v5,near,0,1484.309326171875,181.63233340859017,18.702226638793945,0.32,16,32.0,"even-indexed (l1, l3, …); LS on next layer",0.3,0.1,1024
1187,Ant-v5,near,0,4193.63916015625,482.9428832355742,27.419845581054688,0.32,16,32.0,"even-indexed (l1, l3, …); LS on next layer",0.3,0.1,1024
1188,Ant-v5,near,0,1408.638671875,149.71967431635113,9.187028884887695,0.32,16,32.0,"even-indexed (l1, l3, …); LS on next layer",0.3,0.1,1024
1189,Ant-v5,near,0,1855.2294921875,203.95772317374372,18.41400909423828,0.32,16,32.0,"even-indexed (l1, l3, …); LS on next layer",0.3,0.1,1024
1190,Ant-v5,near,0,3965.6552734375,388.8386138389179,25.24602699279785,0.32,16,32.0,"even-indexed (l1, l3, …); LS on next layer",0.3,0.1,1024
1191,Ant-v5,near,0,929.9505615234375,146.50386862561686,21.127843856811523,0.32,16,32.0,"even-indexed (l1, l3, …); LS on next layer",0.3,0.1,1024
1192,Ant-v5,near,0,1665.579833984375,347.1259433134253,39.76318359375,0.32,16,32.0,"even-indexed (l1, l3, …); LS on next layer",0.3,0.1,1024
1193,Ant-v5,near,0,3503.216552734375,406.50066926146974,29.435894012451172,0.32,16,32.0,"even-indexed (l1, l3, …); LS on next layer",0.3,0.1,1024
1194,Ant-v5,near,0,2704.921630859375,282.65816657059844,23.74167823791504,0.32,16,32.0,"even-indexed (l1, l3, …); LS on next layer",0.3,0.1,1024
1195,Ant-v5,near,0,3258.9716796875,436.3307925660361,38.448699951171875,0.32,16,32.0,"even-indexed (l1, l3, …); LS on next layer",0.3,0.1,1024
1196,Ant-v5,near,0,699.9096069335938,198.87388501367127,32.538543701171875,0.32,16,32.0,"even-indexed (l1, l3, …); LS on next layer",0.3,0.1,1024
1197,Ant-v5,near,0,936.4114990234375,109.98993514277007,16.699054718017578,0.32,16,32.0,"even-indexed (l1, l3, …); LS on next layer",0.3,0.1,1024
1198,Ant-v5,near,0,941.2257080078125,121.32081663032241,18.147153854370117,0.32,16,32.0,"even-indexed (l1, l3, …); LS on next layer",0.3,0.1,1024
1199,Ant-v5,near,0,707.9031372070312,93.910747861412,17.549781799316406,0.32,16,32.0,"even-indexed (l1, l3, …); LS on next layer",0.3,0.1,1024
1200,Ant-v5,near,0,1628.169189453125,221.66067231265086,39.187252044677734,0.32,16,32.0,"even-indexed (l1, l3, …); LS on next layer",0.3,0.1,1024
1201,Ant-v5,near,0,1557.4443359375,269.3673975227316,32.45646667480469,0.32,16,32.0,"even-indexed (l1, l3, …); LS on next layer",0.3,0.1,1024
1202,Ant-v5,near,0,1197.2110595703125,137.26922828760803,14.052495002746582,0.32,16,32.0,"even-indexed (l1, l3, …); LS on next layer",0.3,0.1,1024
1203,Ant-v5,near,0,5225.236328125,488.41016676169556,24.713417053222656,0.32,16,32.0,"even-indexed (l1, l3, …); LS on next layer",0.3,0.1,1024
1204,Ant-v5,near,0,661.4715576171875,128.63751582972654,32.948604583740234,0.32,16,32.0,"even-indexed (l1, l3, …); LS on next layer",0.3,0.1,1024
1205,Ant-v5,near,0,502.702880859375,113.35027722295075,27.22711181640625,0.32,16,32.0,"even-indexed (l1, l3, …); LS on next layer",0.3,0.1,1024
1206,Ant-v5,near,0,484.02825927734375,72.79140229218211,20.595359802246094,0.32,16,32.0,"even-indexed (l1, l3, …); LS on next layer",0.3,0.1,1024
1207,Ant-v5,near,0,2398.96875,245.91505121552103,27.234086990356445,0.32,16,32.0,"even-indexed (l1, l3, …); LS on next layer",0.3,0.1,1024
1208,Ant-v5,near,0,1721.876953125,268.90210818037747,31.1463623046875,0.32,16,32.0,"even-indexed (l1, l3, …); LS on next layer",0.3,0.1,1024
1209,Ant-v5,near,0,2965.55126953125,440.4201686846201,34.749725341796875,0.32,16,32.0,"even-indexed (l1, l3, …); LS on next layer",0.3,0.1,1024
1210,Ant-v5,near,0,2450.603515625,355.9636033887397,40.693241119384766,0.32,16,32.0,"even-indexed (l1, l3, …); LS on next layer",0.3,0.1,1024
1211,Ant-v5,near,0,1084.5194091796875,144.4953438446086,16.64567756652832,0.32,16,32.0,"even-indexed (l1, l3, …); LS on next layer",0.3,0.1,1024
1212,Ant-v5,near,0,745.60302734375,103.23388760613236,24.440536499023438,0.32,16,32.0,"even-indexed (l1, l3, …); LS on next layer",0.3,0.1,1024
1213,Ant-v5,near,0,1765.0673828125,190.14457968599723,14.317997932434082,0.32,16,32.0,"even-indexed (l1, l3, …); LS on next layer",0.3,0.1,1024
1214,Ant-v5,near,0,880.4801635742188,147.0181895445944,21.097150802612305,0.32,16,32.0,"even-indexed (l1, l3, …); LS on next layer",0.3,0.1,1024
1215,Ant-v5,near,0,3414.47314453125,346.89950234574553,18.677947998046875,0.32,16,32.0,"even-indexed (l1, l3, …); LS on next layer",0.3,0.1,1024
1216,Ant-v5,near,0,6210.93896484375,721.3164301975789,23.420425415039062,0.32,16,32.0,"even-indexed (l1, l3, …); LS on next layer",0.3,0.1,1024
1217,Ant-v5,near,0,1133.0093994140625,149.5166505466897,18.230424880981445,0.32,16,32.0,"even-indexed (l1, l3, …); LS on next layer",0.3,0.1,1024
1218,Ant-v5,near,0,965.7490844726562,137.17005802025687,19.35294532775879,0.32,16,32.0,"even-indexed (l1, l3, …); LS on next layer",0.3,0.1,1024
1219,Ant-v5,near,0,3473.96728515625,387.92142186418425,20.049318313598633,0.32,16,32.0,"even-indexed (l1, l3, …); LS on next layer",0.3,0.1,1024
1220,Ant-v5,near,0,1284.116455078125,150.49029833338108,16.47772789001465,0.32,16,32.0,"even-indexed (l1, l3, …); LS on next layer",0.3,0.1,1024
1221,Ant-v5,near,0,645.4749145507812,83.59806698091694,14.168988227844238,0.32,16,32.0,"even-indexed (l1, l3, …); LS on next layer",0.3,0.1,1024
1222,Ant-v5,near,0,1129.9093017578125,140.5258229323437,23.593538284301758,0.32,16,32.0,"even-indexed (l1, l3, …); LS on next layer",0.3,0.1,1024
1223,Ant-v5,near,0,2045.9000244140625,222.58019072991664,13.30746078491211,0.32,16,32.0,"even-indexed (l1, l3, …); LS on next layer",0.3,0.1,1024
1224,Ant-v5,near,0,1538.4017333984375,167.47861908932754,11.764549255371094,0.32,16,32.0,"even-indexed (l1, l3, …); LS on next layer",0.3,0.1,1024
1225,Ant-v5,near,0,1068.238525390625,140.28834499331256,15.224522590637207,0.32,16,32.0,"even-indexed (l1, l3, …); LS on next layer",0.3,0.1,1024
1226,Ant-v5,near,0,1318.93896484375,158.77533496067795,18.103710174560547,0.32,16,32.0,"even-indexed (l1, l3, …); LS on next layer",0.3,0.1,1024
1227,Ant-v5,near,0,1418.452392578125,176.1312410572835,21.993045806884766,0.32,16,32.0,"even-indexed (l1, l3, …); LS on next layer",0.3,0.1,1024
1228,Ant-v5,near,0,989.163330078125,129.86340350585843,20.779287338256836,0.32,16,32.0,"even-indexed (l1, l3, …); LS on next layer",0.3,0.1,1024
1229,Ant-v5,near,0,1658.4857177734375,189.12588309435975,25.023176193237305,0.32,16,32.0,"even-indexed (l1, l3, …); LS on next layer",0.3,0.1,1024
1230,Ant-v5,near,0,1028.8045654296875,236.8167325490665,33.468170166015625,0.32,16,32.0,"even-indexed (l1, l3, …); LS on next layer",0.3,0.1,1024
1231,Ant-v5,near,0,1016.9989624023438,121.79287997479668,17.414894104003906,0.32,16,32.0,"even-indexed (l1, l3, …); LS on next layer",0.3,0.1,1024
1232,Ant-v5,near,0,4184.70703125,541.8690394384562,46.32316207885742,0.32,16,32.0,"even-indexed (l1, l3, …); LS on next layer",0.3,0.1,1024
1233,Ant-v5,near,0,903.9234008789062,137.78821095915876,21.696823120117188,0.32,16,32.0,"even-indexed (l1, l3, …); LS on next layer",0.3,0.1,1024
1234,Ant-v5,near,0,802.2947387695312,143.02609947553876,35.316402435302734,0.32,16,32.0,"even-indexed (l1, l3, …); LS on next layer",0.3,0.1,1024
1235,Ant-v5,near,0,1144.3282470703125,130.16861386125768,15.183089256286621,0.32,16,32.0,"even-indexed (l1, l3, …); LS on next layer",0.3,0.1,1024
1236,Ant-v5,near,0,717.7803955078125,88.71890004040284,15.589719772338867,0.32,16,32.0,"even-indexed (l1, l3, …); LS on next layer",0.3,0.1,1024
1237,Ant-v5,near,0,2522.245361328125,281.87339771985296,21.400854110717773,0.32,16,32.0,"even-indexed (l1, l3, …); LS on next layer",0.3,0.1,1024
1238,Ant-v5,near,0,3295.86328125,351.1785416258464,25.386905670166016,0.32,16,32.0,"even-indexed (l1, l3, …); LS on next layer",0.3,0.1,1024
1239,Ant-v5,near,0,1514.6827392578125,186.23536584012183,26.171125411987305,0.32,16,32.0,"even-indexed (l1, l3, …); LS on next layer",0.3,0.1,1024
1240,Ant-v5,near,0,1853.72314453125,205.86016291036822,18.573467254638672,0.32,16,32.0,"even-indexed (l1, l3, …); LS on next layer",0.3,0.1,1024
1241,Ant-v5,near,0,1700.4007568359375,193.917808530175,21.730182647705078,0.32,16,32.0,"even-indexed (l1, l3, …); LS on next layer",0.3,0.1,1024
1242,Ant-v5,near,0,1218.349365234375,164.31966492712,20.00318717956543,0.32,16,32.0,"even-indexed (l1, l3, …); LS on next layer",0.3,0.1,1024
1243,Ant-v5,near,0,1239.0189208984375,164.36013880947527,21.70147132873535,0.32,16,32.0,"even-indexed (l1, l3, …); LS on next layer",0.3,0.1,1024
1244,Ant-v5,near,0,892.4075317382812,121.31042390730977,19.325056076049805,0.32,16,32.0,"even-indexed (l1, l3, …); LS on next layer",0.3,0.1,1024
1245,Ant-v5,near,0,479.6136779785156,99.61787486250103,24.75131607055664,0.32,16,32.0,"even-indexed (l1, l3, …); LS on next layer",0.3,0.1,1024
1246,Ant-v5,near,0,1531.9139404296875,310.4043340888354,31.525821685791016,0.32,16,32.0,"even-indexed (l1, l3, …); LS on next layer",0.3,0.1,1024
1247,Ant-v5,near,0,1463.38134765625,195.78640316682166,22.49227523803711,0.32,16,32.0,"even-indexed (l1, l3, …); LS on next layer",0.3,0.1,1024
1248,Ant-v5,near,0,2102.662841796875,235.02155125030936,18.545969009399414,0.32,16,32.0,"even-indexed (l1, l3, …); LS on next layer",0.3,0.1,1024
1249,Ant-v5,near,0,1026.20068359375,129.2215913838802,20.154104232788086,0.32,16,32.0,"even-indexed (l1, l3, …); LS on next layer",0.3,0.1,1024
1250,Ant-v5,near,0,1722.3643798828125,178.69943069244164,17.23552703857422,0.32,16,32.0,"even-indexed (l1, l3, …); LS on next layer",0.3,0.1,1024
1251,Ant-v5,near,0,571.5626220703125,180.66272852445488,33.04014205932617,0.32,16,32.0,"even-indexed (l1, l3, …); LS on next layer",0.3,0.1,1024
1252,Ant-v5,near,0,509.1030578613281,90.59780622475776,22.95072364807129,0.32,16,32.0,"even-indexed (l1, l3, …); LS on next layer",0.3,0.1,1024
1253,Ant-v5,near,0,2393.059814453125,299.9966194275396,23.14182472229004,0.32,16,32.0,"even-indexed (l1, l3, …); LS on next layer",0.3,0.1,1024
1254,Ant-v5,near,0,762.6192016601562,101.45171742518784,21.031517028808594,0.32,16,32.0,"even-indexed (l1, l3, …); LS on next layer",0.3,0.1,1024
1255,Ant-v5,near,0,1344.42431640625,162.66063109864407,22.07529067993164,0.32,16,32.0,"even-indexed (l1, l3, …); LS on next layer",0.3,0.1,1024
1256,Ant-v5,near,0,1019.1840209960938,105.32827070189734,16.097232818603516,0.32,16,32.0,"even-indexed (l1, l3, …); LS on next layer",0.3,0.1,1024
1257,Ant-v5,near,0,989.9048461914062,131.52017160823783,17.772422790527344,0.32,16,32.0,"even-indexed (l1, l3, …); LS on next layer",0.3,0.1,1024
1258,Ant-v5,near,0,1709.900146484375,181.02169769054498,22.707355499267578,0.32,16,32.0,"even-indexed (l1, l3, …); LS on next layer",0.3,0.1,1024
1259,Ant-v5,near,0,1321.923828125,173.5580279116608,21.503923416137695,0.32,16,32.0,"even-indexed (l1, l3, …); LS on next layer",0.3,0.1,1024
1260,Ant-v5,near,0,1344.9246826171875,167.08081948437103,22.200977325439453,0.32,16,32.0,"even-indexed (l1, l3, …); LS on next layer",0.3,0.1,1024
1261,Ant-v5,near,0,928.71240234375,125.90155674544462,17.62533950805664,0.32,16,32.0,"even-indexed (l1, l3, …); LS on next layer",0.3,0.1,1024
1262,Ant-v5,near,0,1239.765869140625,183.93472141345012,25.56581687927246,0.32,16,32.0,"even-indexed (l1, l3, …); LS on next layer",0.3,0.1,1024
1263,Ant-v5,near,0,1059.9434814453125,112.98609303766105,14.948246002197266,0.32,16,32.0,"even-indexed (l1, l3, …); LS on next layer",0.3,0.1,1024
1264,Ant-v5,near,0,1620.9132080078125,153.35826676767175,14.707596778869629,0.32,16,32.0,"even-indexed (l1, l3, …); LS on next layer",0.3,0.1,1024
1265,Ant-v5,near,0,1919.235595703125,239.6383688272821,27.4085693359375,0.32,16,32.0,"even-indexed (l1, l3, …); LS on next layer",0.3,0.1,1024
1266,Ant-v5,near,0,2681.81689453125,278.92711544650604,16.015399932861328,0.32,16,32.0,"even-indexed (l1, l3, …); LS on next layer",0.3,0.1,1024
1267,Ant-v5,near,0,1316.6754150390625,140.66426504861832,12.604401588439941,0.32,16,32.0,"even-indexed (l1, l3, …); LS on next layer",0.3,0.1,1024
1268,Ant-v5,near,0,729.6845703125,92.52542781263574,15.138900756835938,0.32,16,32.0,"even-indexed (l1, l3, …); LS on next layer",0.3,0.1,1024
1269,Ant-v5,near,0,1341.5963134765625,152.92036833161052,18.83394432067871,0.32,16,32.0,"even-indexed (l1, l3, …); LS on next layer",0.3,0.1,1024
1270,Ant-v5,near,0,2386.06787109375,281.4186108585345,23.525264739990234,0.32,16,32.0,"even-indexed (l1, l3, …); LS on next layer",0.3,0.1,1024
1271,Ant-v5,near,0,2689.477294921875,271.2341166585292,25.27083969116211,0.32,16,32.0,"even-indexed (l1, l3, …); LS on next layer",0.3,0.1,1024
1272,Ant-v5,near,0,2261.30078125,309.9114008922345,32.1845588684082,0.32,16,32.0,"even-indexed (l1, l3, …); LS on next layer",0.3,0.1,1024
1273,Ant-v5,near,0,1144.574951171875,130.4580181129729,14.345724105834961,0.32,16,32.0,"even-indexed (l1, l3, …); LS on next layer",0.3,0.1,1024
1274,Ant-v5,near,0,942.837158203125,124.28081072068395,19.14756965637207,0.32,16,32.0,"even-indexed (l1, l3, …); LS on next layer",0.3,0.1,1024
1275,Ant-v5,near,0,730.3922729492188,103.72575585285907,17.621158599853516,0.32,16,32.0,"even-indexed (l1, l3, …); LS on next layer",0.3,0.1,1024
1276,Ant-v5,near,0,3183.050537109375,316.7789821837164,31.905214309692383,0.32,16,32.0,"even-indexed (l1, l3, …); LS on next layer",0.3,0.1,1024
1277,Ant-v5,near,0,1037.0040283203125,136.0257937932513,23.670991897583008,0.32,16,32.0,"even-indexed (l1, l3, …); LS on next layer",0.3,0.1,1024
1278,Ant-v5,near,0,2681.20166015625,351.06639918854614,25.939058303833008,0.32,16,32.0,"even-indexed (l1, l3, …); LS on next layer",0.3,0.1,1024
1279,Ant-v5,near,0,2096.336669921875,344.48574262582986,38.6884880065918,0.32,16,32.0,"even-indexed (l1, l3, …); LS on next layer",0.3,0.1,1024
1280,Ant-v5,near,0,1349.0667724609375,213.15701947748548,26.204452514648438,0.32,16,32.0,"even-indexed (l1, l3, …); LS on next layer",0.3,0.1,1024
1281,Ant-v5,near,0,3438.519287109375,410.318029316991,27.80061912536621,0.32,16,32.0,"even-indexed (l1, l3, …); LS on next layer",0.3,0.1,1024
1282,Ant-v5,near,0,1891.2513427734375,221.17257780323717,30.734609603881836,0.32,16,32.0,"even-indexed (l1, l3, …); LS on next layer",0.3,0.1,1024
1283,Ant-v5,near,0,3016.6611328125,437.0282328636498,38.847557067871094,0.32,16,32.0,"even-indexed (l1, l3, …); LS on next layer",0.3,0.1,1024
1284,Ant-v5,near,0,1874.525146484375,221.742680650956,21.991268157958984,0.32,16,32.0,"even-indexed (l1, l3, …); LS on next layer",0.3,0.1,1024
1285,Ant-v5,near,0,2162.510009765625,250.95750635788008,17.864591598510742,0.32,16,32.0,"even-indexed (l1, l3, …); LS on next layer",0.3,0.1,1024
1286,Ant-v5,near,0,691.8261108398438,90.59614573514416,16.512928009033203,0.32,16,32.0,"even-indexed (l1, l3, …); LS on next layer",0.3,0.1,1024
1287,Ant-v5,near,0,854.0641479492188,102.19643867884417,15.736817359924316,0.32,16,32.0,"even-indexed (l1, l3, …); LS on next layer",0.3,0.1,1024
1288,Ant-v5,near,0,3490.072265625,372.6758800304274,27.108905792236328,0.32,16,32.0,"even-indexed (l1, l3, …); LS on next layer",0.3,0.1,1024
1289,Ant-v5,near,0,3647.79736328125,381.01906229093674,23.66599464416504,0.32,16,32.0,"even-indexed (l1, l3, …); LS on next layer",0.3,0.1,1024
1290,Ant-v5,near,0,842.5699462890625,119.29020730250727,17.558277130126953,0.32,16,32.0,"even-indexed (l1, l3, …); LS on next layer",0.3,0.1,1024
1291,Ant-v5,near,0,1179.5313720703125,168.93454139500832,23.81497573852539,0.32,16,32.0,"even-indexed (l1, l3, …); LS on next layer",0.3,0.1,1024
1292,Ant-v5,near,0,1249.12353515625,158.03557350119422,26.033632278442383,0.32,16,32.0,"even-indexed (l1, l3, …); LS on next layer",0.3,0.1,1024
1293,Ant-v5,near,0,628.6234130859375,120.28147196687786,23.97278594970703,0.32,16,32.0,"even-indexed (l1, l3, …); LS on next layer",0.3,0.1,1024
1294,Ant-v5,near,0,1354.890625,225.63435131092302,27.032363891601562,0.32,16,32.0,"even-indexed (l1, l3, …); LS on next layer",0.3,0.1,1024
1295,Ant-v5,near,0,2102.843994140625,204.9393470184054,17.850915908813477,0.32,16,32.0,"even-indexed (l1, l3, …); LS on next layer",0.3,0.1,1024
1296,Ant-v5,near,0,714.3056640625,96.46392422756492,16.670724868774414,0.32,16,32.0,"even-indexed (l1, l3, …); LS on next layer",0.3,0.1,1024
1297,Ant-v5,near,0,2308.4453125,288.2404019641781,31.027557373046875,0.32,16,32.0,"even-indexed (l1, l3, …); LS on next layer",0.3,0.1,1024
1298,Ant-v5,near,0,932.7672729492188,130.77261934885286,20.24445915222168,0.32,16,32.0,"even-indexed (l1, l3, …); LS on next layer",0.3,0.1,1024
1299,Ant-v5,near,0,2249.03466796875,250.13119858470606,20.99479866027832,0.32,16,32.0,"even-indexed (l1, l3, …); LS on next layer",0.3,0.1,1024
1300,Ant-v5,near,0,937.3790283203125,136.24568193881387,23.601652145385742,0.32,16,32.0,"even-indexed (l1, l3, …); LS on next layer",0.3,0.1,1024
1301,Ant-v5,near,0,1118.48876953125,183.43635574972305,31.69605827331543,0.32,16,32.0,"even-indexed (l1, l3, …); LS on next layer",0.3,0.1,1024
1302,Ant-v5,near,0,1000.9137573242188,132.59365411395254,20.633258819580078,0.32,16,32.0,"even-indexed (l1, l3, …); LS on next layer",0.3,0.1,1024
1303,Ant-v5,near,0,583.366943359375,92.25763372749452,20.248624801635742,0.32,16,32.0,"even-indexed (l1, l3, …); LS on next layer",0.3,0.1,1024
1304,Ant-v5,near,0,4001.41357421875,433.1630004824956,33.635154724121094,0.32,16,32.0,"even-indexed (l1, l3, …); LS on next layer",0.3,0.1,1024
1305,Ant-v5,near,0,2213.70947265625,333.1098042269673,32.391700744628906,0.32,16,32.0,"even-indexed (l1, l3, …); LS on next layer",0.3,0.1,1024
1306,Ant-v5,near,0,1551.168212890625,220.27562123345072,26.918121337890625,0.32,16,32.0,"even-indexed (l1, l3, …); LS on next layer",0.3,0.1,1024
1307,Ant-v5,near,0,1355.50048828125,168.05813613042955,25.341529846191406,0.32,16,32.0,"even-indexed (l1, l3, …); LS on next layer",0.3,0.1,1024
1308,Ant-v5,near,0,3160.54345703125,316.03045400570306,32.76579666137695,0.32,16,32.0,"even-indexed (l1, l3, …); LS on next layer",0.3,0.1,1024
1309,Ant-v5,near,0,706.193359375,109.34252632515651,22.509279251098633,0.32,16,32.0,"even-indexed (l1, l3, …); LS on next layer",0.3,0.1,1024
1310,Ant-v5,near,0,3112.911376953125,362.5211922319437,26.492095947265625,0.32,16,32.0,"even-indexed (l1, l3, …); LS on next layer",0.3,0.1,1024
1311,Ant-v5,near,0,2160.39404296875,379.60198988035154,35.556304931640625,0.32,16,32.0,"even-indexed (l1, l3, …); LS on next layer",0.3,0.1,1024
1312,Ant-v5,near,0,1353.4833984375,146.02708855639492,13.27446460723877,0.32,16,32.0,"even-indexed (l1, l3, …); LS on next layer",0.3,0.1,1024
1313,Ant-v5,near,0,1067.1029052734375,223.85920490591266,29.810426712036133,0.32,16,32.0,"even-indexed (l1, l3, …); LS on next layer",0.3,0.1,1024
1314,Ant-v5,near,0,3525.51025390625,373.50066593740246,15.770842552185059,0.32,16,32.0,"even-indexed (l1, l3, …); LS on next layer",0.3,0.1,1024
1315,Ant-v5,near,0,1120.7896728515625,134.40840890005367,17.517288208007812,0.32,16,32.0,"even-indexed (l1, l3, …); LS on next layer",0.3,0.1,1024
1316,Ant-v5,near,0,1906.4884033203125,208.99266939319526,16.270973205566406,0.32,16,32.0,"even-indexed (l1, l3, …); LS on next layer",0.3,0.1,1024
1317,Ant-v5,near,0,958.5980224609375,142.75697609490615,18.82124900817871,0.32,16,32.0,"even-indexed (l1, l3, …); LS on next layer",0.3,0.1,1024
1318,Ant-v5,near,0,1100.775146484375,121.98211647960522,12.584903717041016,0.32,16,32.0,"even-indexed (l1, l3, …); LS on next layer",0.3,0.1,1024
1319,Ant-v5,near,0,1333.58935546875,158.03893839385492,16.53313636779785,0.32,16,32.0,"even-indexed (l1, l3, …); LS on next layer",0.3,0.1,1024
1320,Ant-v5,near,0,2072.99267578125,235.6970698005296,19.468469619750977,0.32,16,32.0,"even-indexed (l1, l3, …); LS on next layer",0.3,0.1,1024
1321,Ant-v5,near,0,1148.7744140625,151.31639380119208,19.694751739501953,0.32,16,32.0,"even-indexed (l1, l3, …); LS on next layer",0.3,0.1,1024
1322,Ant-v5,near,0,750.9174194335938,146.9858326988205,26.81967544555664,0.32,16,32.0,"even-indexed (l1, l3, …); LS on next layer",0.3,0.1,1024
1323,Ant-v5,near,0,858.0545043945312,140.75192220219395,23.51858139038086,0.32,16,32.0,"even-indexed (l1, l3, …); LS on next layer",0.3,0.1,1024
1324,Ant-v5,near,0,2455.24267578125,272.39299805187807,20.424001693725586,0.32,16,32.0,"even-indexed (l1, l3, …); LS on next layer",0.3,0.1,1024
1325,Ant-v5,near,0,1916.2952880859375,260.6465115667464,33.206661224365234,0.32,16,32.0,"even-indexed (l1, l3, …); LS on next layer",0.3,0.1,1024
1326,Ant-v5,near,0,1744.0980224609375,265.30976666826234,25.449281692504883,0.32,16,32.0,"even-indexed (l1, l3, …); LS on next layer",0.3,0.1,1024
1327,Ant-v5,near,0,4219.98291015625,423.38243631067724,31.36648941040039,0.32,16,32.0,"even-indexed (l1, l3, …); LS on next layer",0.3,0.1,1024
1328,Ant-v5,near,0,4736.9921875,509.9586153348681,26.72850799560547,0.32,16,32.0,"even-indexed (l1, l3, …); LS on next layer",0.3,0.1,1024
1329,Ant-v5,near,0,1871.9063720703125,193.12009888466977,11.392196655273438,0.32,16,32.0,"even-indexed (l1, l3, …); LS on next layer",0.3,0.1,1024
1330,Ant-v5,near,0,2879.728515625,325.6944136831406,17.292253494262695,0.32,16,32.0,"even-indexed (l1, l3, …); LS on next layer",0.3,0.1,1024
1331,Ant-v5,near,0,1925.316650390625,215.1354749865441,19.985422134399414,0.32,16,32.0,"even-indexed (l1, l3, …); LS on next layer",0.3,0.1,1024
1332,Ant-v5,near,0,1297.32421875,171.68549361527008,33.2863883972168,0.32,16,32.0,"even-indexed (l1, l3, …); LS on next layer",0.3,0.1,1024
1333,Ant-v5,near,0,5482.61669921875,556.5830561026931,23.34102439880371,0.32,16,32.0,"even-indexed (l1, l3, …); LS on next layer",0.3,0.1,1024
1334,Ant-v5,near,0,1019.5692138671875,130.01243698777895,15.956095695495605,0.32,16,32.0,"even-indexed (l1, l3, …); LS on next layer",0.3,0.1,1024
1335,Ant-v5,near,0,1498.763671875,165.30431771752995,13.872783660888672,0.32,16,32.0,"even-indexed (l1, l3, …); LS on next layer",0.3,0.1,1024
1336,Ant-v5,near,0,825.9136962890625,104.71837073891655,14.631224632263184,0.32,16,32.0,"even-indexed (l1, l3, …); LS on next layer",0.3,0.1,1024
1337,Ant-v5,near,0,2233.09716796875,325.51462835880875,35.61112976074219,0.32,16,32.0,"even-indexed (l1, l3, …); LS on next layer",0.3,0.1,1024
1338,Ant-v5,near,0,2405.526611328125,265.56089682354275,19.607072830200195,0.32,16,32.0,"even-indexed (l1, l3, …); LS on next layer",0.3,0.1,1024
1339,Ant-v5,near,0,2057.61572265625,220.81032684298785,18.57680892944336,0.32,16,32.0,"even-indexed (l1, l3, …); LS on next layer",0.3,0.1,1024
1340,Ant-v5,near,0,1004.668212890625,159.12958814969198,22.544464111328125,0.32,16,32.0,"even-indexed (l1, l3, …); LS on next layer",0.3,0.1,1024
1341,Ant-v5,near,0,1084.634521484375,144.64563710837595,19.389739990234375,0.32,16,32.0,"even-indexed (l1, l3, …); LS on next layer",0.3,0.1,1024
1342,Ant-v5,near,0,4849.57666015625,489.87324717755473,19.653799057006836,0.32,16,32.0,"even-indexed (l1, l3, …); LS on next layer",0.3,0.1,1024
1343,Ant-v5,near,0,2551.293212890625,312.07732007077453,28.81779670715332,0.32,16,32.0,"even-indexed (l1, l3, …); LS on next layer",0.3,0.1,1024
1344,Ant-v5,near,0,1468.956298828125,168.95539281002516,14.553977966308594,0.32,16,32.0,"even-indexed (l1, l3, …); LS on next layer",0.3,0.1,1024
1345,Ant-v5,near,0,1162.85888671875,124.61810280522886,13.796478271484375,0.32,16,32.0,"even-indexed (l1, l3, …); LS on next layer",0.3,0.1,1024
1346,Ant-v5,near,0,1436.4329833984375,268.0838131102124,32.309104919433594,0.32,16,32.0,"even-indexed (l1, l3, …); LS on next layer",0.3,0.1,1024
1347,Ant-v5,near,0,1291.6971435546875,187.22532777590118,24.614822387695312,0.32,16,32.0,"even-indexed (l1, l3, …); LS on next layer",0.3,0.1,1024
1348,Ant-v5,near,0,1328.1793212890625,193.39711872211953,25.278093338012695,0.32,16,32.0,"even-indexed (l1, l3, …); LS on next layer",0.3,0.1,1024
1349,Ant-v5,near,0,1426.172607421875,217.05152766323195,29.976696014404297,0.32,16,32.0,"even-indexed (l1, l3, …); LS on next layer",0.3,0.1,1024
1350,Ant-v5,near,0,1640.19189453125,219.55381463194496,25.25396728515625,0.32,16,32.0,"even-indexed (l1, l3, …); LS on next layer",0.3,0.1,1024
1351,Ant-v5,near,0,949.9883422851562,131.28581308785525,28.155323028564453,0.32,16,32.0,"even-indexed (l1, l3, …); LS on next layer",0.3,0.1,1024
1352,Ant-v5,near,0,3605.198974609375,381.9372031161662,26.351030349731445,0.32,16,32.0,"even-indexed (l1, l3, …); LS on next layer",0.3,0.1,1024
1353,Ant-v5,near,0,1631.498291015625,178.1306136360603,17.669538497924805,0.32,16,32.0,"even-indexed (l1, l3, …); LS on next layer",0.3,0.1,1024
1354,Ant-v5,near,0,3165.453369140625,325.03194146609155,26.947301864624023,0.32,16,32.0,"even-indexed (l1, l3, …); LS on next layer",0.3,0.1,1024
1355,Ant-v5,near,0,914.234375,117.09799500686816,22.608613967895508,0.32,16,32.0,"even-indexed (l1, l3, …); LS on next layer",0.3,0.1,1024
1356,Ant-v5,near,0,1465.427978515625,165.37764815199756,16.58332633972168,0.32,16,32.0,"even-indexed (l1, l3, …); LS on next layer",0.3,0.1,1024
1357,Ant-v5,near,0,2923.9287109375,322.62097659587346,17.385486602783203,0.32,16,32.0,"even-indexed (l1, l3, …); LS on next layer",0.3,0.1,1024
1358,Ant-v5,near,0,1366.3731689453125,150.31026763434008,12.036009788513184,0.32,16,32.0,"even-indexed (l1, l3, …); LS on next layer",0.3,0.1,1024
1359,Ant-v5,near,0,1217.4208984375,129.4704054651836,12.78630256652832,0.32,16,32.0,"even-indexed (l1, l3, …); LS on next layer",0.3,0.1,1024
1360,Ant-v5,near,0,3217.1865234375,341.8721681999133,15.835677146911621,0.32,16,32.0,"even-indexed (l1, l3, …); LS on next layer",0.3,0.1,1024
1361,Ant-v5,near,0,1292.095947265625,158.5673536917745,20.035655975341797,0.32,16,32.0,"even-indexed (l1, l3, …); LS on next layer",0.3,0.1,1024
1362,Ant-v5,near,0,1163.42919921875,170.81658955756382,20.667499542236328,0.32,16,32.0,"even-indexed (l1, l3, …); LS on next layer",0.3,0.1,1024
1363,Ant-v5,near,0,4035.833984375,390.38598062410745,22.049863815307617,0.32,16,32.0,"even-indexed (l1, l3, …); LS on next layer",0.3,0.1,1024
1364,Ant-v5,near,0,1732.542724609375,189.9273015675649,15.601085662841797,0.32,16,32.0,"even-indexed (l1, l3, …); LS on next layer",0.3,0.1,1024
1365,Ant-v5,near,0,1590.068603515625,173.03790171070133,14.905557632446289,0.32,16,32.0,"even-indexed (l1, l3, …); LS on next layer",0.3,0.1,1024
1366,Ant-v5,near,0,1357.011962890625,158.36210918168288,13.187685012817383,0.32,16,32.0,"even-indexed (l1, l3, …); LS on next layer",0.3,0.1,1024
1367,Ant-v5,near,0,1173.079345703125,161.50735653094128,25.551475524902344,0.32,16,32.0,"even-indexed (l1, l3, …); LS on next layer",0.3,0.1,1024
1368,Ant-v5,near,0,1529.9732666015625,235.82393249969272,24.147666931152344,0.32,16,32.0,"even-indexed (l1, l3, …); LS on next layer",0.3,0.1,1024
1369,Ant-v5,near,0,2001.6834716796875,418.99700184446044,48.41720962524414,0.32,16,32.0,"even-indexed (l1, l3, …); LS on next layer",0.3,0.1,1024
1370,Ant-v5,near,0,2875.618896484375,285.0941224208673,22.235593795776367,0.32,16,32.0,"even-indexed (l1, l3, …); LS on next layer",0.3,0.1,1024
1371,Ant-v5,near,0,1464.69921875,225.52199931599796,32.31999206542969,0.32,16,32.0,"even-indexed (l1, l3, …); LS on next layer",0.3,0.1,1024
1372,Ant-v5,near,0,697.0922241210938,102.55634035367675,18.87057113647461,0.32,16,32.0,"even-indexed (l1, l3, …); LS on next layer",0.3,0.1,1024
1373,Ant-v5,near,0,2752.2685546875,287.5941386367009,21.140897750854492,0.32,16,32.0,"even-indexed (l1, l3, …); LS on next layer",0.3,0.1,1024
1374,Ant-v5,near,0,4357.7607421875,462.570918456501,27.597576141357422,0.32,16,32.0,"even-indexed (l1, l3, …); LS on next layer",0.3,0.1,1024
1375,Ant-v5,near,0,3137.2900390625,336.4824312957046,24.49306297302246,0.32,16,32.0,"even-indexed (l1, l3, …); LS on next layer",0.3,0.1,1024
1376,Ant-v5,near,0,1511.4798583984375,206.82596093488667,26.846683502197266,0.32,16,32.0,"even-indexed (l1, l3, …); LS on next layer",0.3,0.1,1024
1377,Ant-v5,near,0,1308.6619873046875,167.70912626218674,26.253028869628906,0.32,16,32.0,"even-indexed (l1, l3, …); LS on next layer",0.3,0.1,1024
1378,Ant-v5,near,0,1059.1925048828125,125.51681207679911,20.57706069946289,0.32,16,32.0,"even-indexed (l1, l3, …); LS on next layer",0.3,0.1,1024
1379,Ant-v5,near,0,825.8626098632812,112.54269327080004,19.42017936706543,0.32,16,32.0,"even-indexed (l1, l3, …); LS on next layer",0.3,0.1,1024
1380,Ant-v5,near,0,1433.1590576171875,176.64635874782113,21.215364456176758,0.32,16,32.0,"even-indexed (l1, l3, …); LS on next layer",0.3,0.1,1024
1381,Ant-v5,near,0,1892.423583984375,208.56753198319487,12.38611888885498,0.32,16,32.0,"even-indexed (l1, l3, …); LS on next layer",0.3,0.1,1024
1382,Ant-v5,near,0,654.4638671875,91.18448447926642,16.802799224853516,0.32,16,32.0,"even-indexed (l1, l3, …); LS on next layer",0.3,0.1,1024
1383,Ant-v5,near,0,898.958251953125,142.44323921729926,20.466474533081055,0.32,16,32.0,"even-indexed (l1, l3, …); LS on next layer",0.3,0.1,1024
1384,Ant-v5,near,0,984.7907104492188,121.03434539945945,11.730445861816406,0.32,16,32.0,"even-indexed (l1, l3, …); LS on next layer",0.3,0.1,1024
1385,Ant-v5,near,0,642.0684814453125,100.65201148541979,16.878013610839844,0.32,16,32.0,"even-indexed (l1, l3, …); LS on next layer",0.3,0.1,1024
1386,Ant-v5,near,0,650.5159912109375,85.26488098299149,18.00909996032715,0.32,16,32.0,"even-indexed (l1, l3, …); LS on next layer",0.3,0.1,1024
1387,Ant-v5,near,0,1019.1621704101562,270.4587154177741,36.05427932739258,0.32,16,32.0,"even-indexed (l1, l3, …); LS on next layer",0.3,0.1,1024
1388,Ant-v5,near,0,761.2735595703125,288.2228664984408,44.74981689453125,0.32,16,32.0,"even-indexed (l1, l3, …); LS on next layer",0.3,0.1,1024
1389,Ant-v5,near,0,1351.8890380859375,155.1477670030037,20.548969268798828,0.32,16,32.0,"even-indexed (l1, l3, …); LS on next layer",0.3,0.1,1024
1390,Ant-v5,near,0,881.9013061523438,134.23465051575076,21.5723819732666,0.32,16,32.0,"even-indexed (l1, l3, …); LS on next layer",0.3,0.1,1024
1391,Ant-v5,near,0,940.4473266601562,114.15220057460309,12.962759971618652,0.32,16,32.0,"even-indexed (l1, l3, …); LS on next layer",0.3,0.1,1024
1392,Ant-v5,near,0,1439.15966796875,210.1675553257882,24.95050048828125,0.32,16,32.0,"even-indexed (l1, l3, …); LS on next layer",0.3,0.1,1024
1393,Ant-v5,near,0,1056.7071533203125,161.13566345706684,24.057802200317383,0.32,16,32.0,"even-indexed (l1, l3, …); LS on next layer",0.3,0.1,1024
1394,Ant-v5,near,0,1157.423828125,197.8349604721427,27.307655334472656,0.32,16,32.0,"even-indexed (l1, l3, …); LS on next layer",0.3,0.1,1024
1395,Ant-v5,near,0,2986.51220703125,695.2498458474192,61.43264389038086,0.32,16,32.0,"even-indexed (l1, l3, …); LS on next layer",0.3,0.1,1024
1396,Ant-v5,near,0,1105.0338134765625,325.8889409051329,45.16494369506836,0.32,16,32.0,"even-indexed (l1, l3, …); LS on next layer",0.3,0.1,1024
1397,Ant-v5,near,0,1853.28564453125,265.4482023254494,32.55500793457031,0.32,16,32.0,"even-indexed (l1, l3, …); LS on next layer",0.3,0.1,1024
1398,Ant-v5,near,0,1745.4283447265625,188.90223594831457,23.12395477294922,0.32,16,32.0,"even-indexed (l1, l3, …); LS on next layer",0.3,0.1,1024
1399,Ant-v5,near,0,1087.0938720703125,110.10535515599045,22.01470184326172,0.32,16,32.0,"even-indexed (l1, l3, …); LS on next layer",0.3,0.1,1024
1400,Ant-v5,near,0,851.4509887695312,124.35796860754084,16.890708923339844,0.32,16,32.0,"even-indexed (l1, l3, …); LS on next layer",0.3,0.1,1024
1401,Ant-v5,near,0,3502.238525390625,414.6162147795982,21.708974838256836,0.32,16,32.0,"even-indexed (l1, l3, …); LS on next layer",0.3,0.1,1024
1402,Ant-v5,near,0,3914.92431640625,423.55633749269464,20.2550048828125,0.32,16,32.0,"even-indexed (l1, l3, …); LS on next layer",0.3,0.1,1024
1403,Ant-v5,near,0,822.4708251953125,109.9030380453612,18.487586975097656,0.32,16,32.0,"even-indexed (l1, l3, …); LS on next layer",0.3,0.1,1024
1404,Ant-v5,near,0,1065.487548828125,149.49263931407177,21.617881774902344,0.32,16,32.0,"even-indexed (l1, l3, …); LS on next layer",0.3,0.1,1024
1405,Ant-v5,near,0,4798.4169921875,489.90756909958577,27.879568099975586,0.32,16,32.0,"even-indexed (l1, l3, …); LS on next layer",0.3,0.1,1024
1406,Ant-v5,near,0,827.34814453125,239.34467036986368,34.960262298583984,0.32,16,32.0,"even-indexed (l1, l3, …); LS on next layer",0.3,0.1,1024
1407,Ant-v5,near,0,627.678466796875,152.22291311390936,28.759506225585938,0.32,16,32.0,"even-indexed (l1, l3, …); LS on next layer",0.3,0.1,1024
1408,Ant-v5,near,0,802.7676391601562,112.11787050121762,17.964427947998047,0.32,16,32.0,"even-indexed (l1, l3, …); LS on next layer",0.3,0.1,1024
1409,Ant-v5,near,0,4853.314453125,551.4644028833314,29.506118774414062,0.32,16,32.0,"even-indexed (l1, l3, …); LS on next layer",0.3,0.1,1024
1410,Ant-v5,near,0,1901.9442138671875,194.40675742013113,13.023747444152832,0.32,16,32.0,"even-indexed (l1, l3, …); LS on next layer",0.3,0.1,1024
1411,Ant-v5,near,0,1201.5089111328125,163.7186394439836,15.917425155639648,0.32,16,32.0,"even-indexed (l1, l3, …); LS on next layer",0.3,0.1,1024
1412,Ant-v5,near,0,4902.14453125,512.7998272544626,27.052541732788086,0.32,16,32.0,"even-indexed (l1, l3, …); LS on next layer",0.3,0.1,1024
1413,Ant-v5,near,0,5801.3310546875,722.4481105296846,28.45706558227539,0.32,16,32.0,"even-indexed (l1, l3, …); LS on next layer",0.3,0.1,1024
1414,Ant-v5,near,0,1108.8321533203125,139.5065065180021,22.261110305786133,0.32,16,32.0,"even-indexed (l1, l3, …); LS on next layer",0.3,0.1,1024
1415,Ant-v5,near,0,5195.45556640625,485.00851053608335,27.70608901977539,0.32,16,32.0,"even-indexed (l1, l3, …); LS on next layer",0.3,0.1,1024
1416,Ant-v5,near,0,3325.1328125,362.67429318152017,19.117063522338867,0.32,16,32.0,"even-indexed (l1, l3, …); LS on next layer",0.3,0.1,1024
1417,Ant-v5,near,0,2292.1357421875,299.3910802358092,28.526817321777344,0.32,16,32.0,"even-indexed (l1, l3, …); LS on next layer",0.3,0.1,1024
1418,Ant-v5,near,0,1584.0257568359375,163.74789693922222,12.584362983703613,0.32,16,32.0,"even-indexed (l1, l3, …); LS on next layer",0.3,0.1,1024
1419,Ant-v5,near,0,949.3240356445312,154.24890926170164,22.91051483154297,0.32,16,32.0,"even-indexed (l1, l3, …); LS on next layer",0.3,0.1,1024
1420,Ant-v5,near,0,1765.1209716796875,238.78549279187396,19.871854782104492,0.32,16,32.0,"even-indexed (l1, l3, …); LS on next layer",0.3,0.1,1024
1421,Ant-v5,near,0,900.9554443359375,136.06115296163384,64.23543548583984,0.32,16,32.0,"even-indexed (l1, l3, …); LS on next layer",0.3,0.1,1024
1422,Ant-v5,near,0,1796.20458984375,185.17347546945388,15.742602348327637,0.32,16,32.0,"even-indexed (l1, l3, …); LS on next layer",0.3,0.1,1024
1423,Ant-v5,near,0,1447.049072265625,213.70648144693538,28.277202606201172,0.32,16,32.0,"even-indexed (l1, l3, …); LS on next layer",0.3,0.1,1024
1424,Ant-v5,near,0,1712.9527587890625,310.8259013520378,36.59831237792969,0.32,16,32.0,"even-indexed (l1, l3, …); LS on next layer",0.3,0.1,1024
1425,Ant-v5,near,0,1491.4161376953125,207.5050246109031,24.450971603393555,0.32,16,32.0,"even-indexed (l1, l3, …); LS on next layer",0.3,0.1,1024
1426,Ant-v5,near,0,4242.40576171875,485.73873046589756,35.27775955200195,0.32,16,32.0,"even-indexed (l1, l3, …); LS on next layer",0.3,0.1,1024
1427,Ant-v5,near,0,2618.068115234375,329.7242134814831,25.947919845581055,0.32,16,32.0,"even-indexed (l1, l3, …); LS on next layer",0.3,0.1,1024
1428,Ant-v5,near,0,4288.23486328125,593.1534824133188,35.66047668457031,0.32,16,32.0,"even-indexed (l1, l3, …); LS on next layer",0.3,0.1,1024
1429,Ant-v5,near,0,1029.662353515625,143.3247037631863,22.863101959228516,0.32,16,32.0,"even-indexed (l1, l3, …); LS on next layer",0.3,0.1,1024
1430,Ant-v5,near,0,1389.26123046875,257.067162037022,30.31852149963379,0.32,16,32.0,"even-indexed (l1, l3, …); LS on next layer",0.3,0.1,1024
1431,Ant-v5,near,0,1742.3369140625,203.41460996369514,22.71621322631836,0.32,16,32.0,"even-indexed (l1, l3, …); LS on next layer",0.3,0.1,1024
1432,Ant-v5,near,0,1055.5411376953125,141.62701906301334,20.18100929260254,0.32,16,32.0,"even-indexed (l1, l3, …); LS on next layer",0.3,0.1,1024
1433,Ant-v5,near,0,1862.4454345703125,411.1107265832401,44.11123275756836,0.32,16,32.0,"even-indexed (l1, l3, …); LS on next layer",0.3,0.1,1024
1434,Ant-v5,near,0,2690.124267578125,316.7063669837837,36.0947380065918,0.32,16,32.0,"even-indexed (l1, l3, …); LS on next layer",0.3,0.1,1024
1435,Ant-v5,near,0,485.00152587890625,78.73285223713384,22.503093719482422,0.32,16,32.0,"even-indexed (l1, l3, …); LS on next layer",0.3,0.1,1024
1436,Ant-v5,near,0,525.4183959960938,74.09076539462814,17.06484603881836,0.32,16,32.0,"even-indexed (l1, l3, …); LS on next layer",0.3,0.1,1024
1437,Ant-v5,near,0,1733.2286376953125,196.16262462453105,25.940702438354492,0.32,16,32.0,"even-indexed (l1, l3, …); LS on next layer",0.3,0.1,1024
1438,Ant-v5,near,0,1488.1431884765625,222.75761424226863,32.0488395690918,0.32,16,32.0,"even-indexed (l1, l3, …); LS on next layer",0.3,0.1,1024
1439,Ant-v5,near,0,3066.7763671875,312.8976608393375,24.71709632873535,0.32,16,32.0,"even-indexed (l1, l3, …); LS on next layer",0.3,0.1,1024
1440,Ant-v5,near,0,5724.38037109375,510.3826458439238,29.18347930908203,0.32,16,32.0,"even-indexed (l1, l3, …); LS on next layer",0.3,0.1,1024
1441,Ant-v5,near,0,968.1609497070312,123.4572278418465,37.005123138427734,0.32,16,32.0,"even-indexed (l1, l3, …); LS on next layer",0.3,0.1,1024
1442,Ant-v5,near,0,1467.138671875,264.4251052592746,32.74569320678711,0.32,16,32.0,"even-indexed (l1, l3, …); LS on next layer",0.3,0.1,1024
1443,Ant-v5,near,0,1000.810791015625,131.58354280918783,20.35462188720703,0.32,16,32.0,"even-indexed (l1, l3, …); LS on next layer",0.3,0.1,1024
1444,Ant-v5,near,0,830.8338012695312,106.4173865423868,16.716249465942383,0.32,16,32.0,"even-indexed (l1, l3, …); LS on next layer",0.3,0.1,1024
1445,Ant-v5,near,0,4483.3095703125,530.4636559711059,33.79772186279297,0.32,16,32.0,"even-indexed (l1, l3, …); LS on next layer",0.3,0.1,1024
1446,Ant-v5,near,0,1519.7415771484375,155.18092230442272,22.967546463012695,0.32,16,32.0,"even-indexed (l1, l3, …); LS on next layer",0.3,0.1,1024
1447,Ant-v5,near,0,6289.3681640625,687.7015471245277,34.8781623840332,0.32,16,32.0,"even-indexed (l1, l3, …); LS on next layer",0.3,0.1,1024
1448,Ant-v5,near,0,1816.4471435546875,261.6571437653969,28.83932876586914,0.32,16,32.0,"even-indexed (l1, l3, …); LS on next layer",0.3,0.1,1024
1449,Ant-v5,near,0,875.8914184570312,119.85807146396172,16.120622634887695,0.32,16,32.0,"even-indexed (l1, l3, …); LS on next layer",0.3,0.1,1024
1450,Ant-v5,near,0,681.8429565429688,84.37577867202384,13.408317565917969,0.32,16,32.0,"even-indexed (l1, l3, …); LS on next layer",0.3,0.1,1024
1451,Ant-v5,near,0,958.7486572265625,118.6309654720886,12.104613304138184,0.32,16,32.0,"even-indexed (l1, l3, …); LS on next layer",0.3,0.1,1024
1452,Ant-v5,near,0,562.8081665039062,137.47918744866277,28.270160675048828,0.32,16,32.0,"even-indexed (l1, l3, …); LS on next layer",0.3,0.1,1024
1453,Ant-v5,near,0,1609.2728271484375,302.6975318733933,29.191179275512695,0.32,16,32.0,"even-indexed (l1, l3, …); LS on next layer",0.3,0.1,1024
1454,Ant-v5,near,0,1644.63232421875,179.2257187313472,20.784881591796875,0.32,16,32.0,"even-indexed (l1, l3, …); LS on next layer",0.3,0.1,1024
1455,Ant-v5,near,0,958.261962890625,106.65925411062051,21.965927124023438,0.32,16,32.0,"even-indexed (l1, l3, …); LS on next layer",0.3,0.1,1024
1456,Ant-v5,near,0,850.1192626953125,126.62565973460323,18.029029846191406,0.32,16,32.0,"even-indexed (l1, l3, …); LS on next layer",0.3,0.1,1024
1457,Ant-v5,near,0,1263.0509033203125,145.99549797135703,13.20110034942627,0.32,16,32.0,"even-indexed (l1, l3, …); LS on next layer",0.3,0.1,1024
1458,Ant-v5,near,0,1161.476318359375,177.9475357467314,20.886152267456055,0.32,16,32.0,"even-indexed (l1, l3, …); LS on next layer",0.3,0.1,1024
1459,Ant-v5,near,0,5622.60302734375,606.1214489328252,28.90590476989746,0.32,16,32.0,"even-indexed (l1, l3, …); LS on next layer",0.3,0.1,1024
1460,Ant-v5,near,0,3773.534912109375,509.5928319364267,40.285011291503906,0.32,16,32.0,"even-indexed (l1, l3, …); LS on next layer",0.3,0.1,1024
1461,Ant-v5,near,0,684.0576171875,87.26516470409294,17.09429168701172,0.32,16,32.0,"even-indexed (l1, l3, …); LS on next layer",0.3,0.1,1024
1462,Ant-v5,near,0,809.8281860351562,116.36628082046971,20.871591567993164,0.32,16,32.0,"even-indexed (l1, l3, …); LS on next layer",0.3,0.1,1024
1463,Ant-v5,near,0,1296.7945556640625,165.03319316065605,21.681671142578125,0.32,16,32.0,"even-indexed (l1, l3, …); LS on next layer",0.3,0.1,1024
1464,Ant-v5,near,0,1669.589111328125,199.03517925340898,18.714141845703125,0.32,16,32.0,"even-indexed (l1, l3, …); LS on next layer",0.3,0.1,1024
1465,Ant-v5,near,0,950.6676635742188,111.54038482303307,13.338583946228027,0.32,16,32.0,"even-indexed (l1, l3, …); LS on next layer",0.3,0.1,1024
1466,Ant-v5,near,0,891.152099609375,125.62158242204882,18.12460708618164,0.32,16,32.0,"even-indexed (l1, l3, …); LS on next layer",0.3,0.1,1024
1467,Ant-v5,near,0,1574.3773193359375,162.826136320101,14.337373733520508,0.32,16,32.0,"even-indexed (l1, l3, …); LS on next layer",0.3,0.1,1024
1468,Ant-v5,near,0,1270.795166015625,179.00670725232652,23.071212768554688,0.32,16,32.0,"even-indexed (l1, l3, …); LS on next layer",0.3,0.1,1024
1469,Ant-v5,near,0,890.2919311523438,116.64098661699711,20.005460739135742,0.32,16,32.0,"even-indexed (l1, l3, …); LS on next layer",0.3,0.1,1024
1470,Ant-v5,near,0,3623.830078125,386.3375651373217,24.608699798583984,0.32,16,32.0,"even-indexed (l1, l3, …); LS on next layer",0.3,0.1,1024
1471,Ant-v5,near,0,3273.1298828125,453.21344841137056,33.57777786254883,0.32,16,32.0,"even-indexed (l1, l3, …); LS on next layer",0.3,0.1,1024
1472,Ant-v5,near,0,1096.0401611328125,154.6803369986001,22.757122039794922,0.32,16,32.0,"even-indexed (l1, l3, …); LS on next layer",0.3,0.1,1024
1473,Ant-v5,near,0,1564.11376953125,205.6509486924067,21.217618942260742,0.32,16,32.0,"even-indexed (l1, l3, …); LS on next layer",0.3,0.1,1024
1474,Ant-v5,near,0,1412.7711181640625,169.68933930654808,18.3974552154541,0.32,16,32.0,"even-indexed (l1, l3, …); LS on next layer",0.3,0.1,1024
1475,Ant-v5,near,0,3177.11962890625,763.5813481390392,43.73757553100586,0.32,16,32.0,"even-indexed (l1, l3, …); LS on next layer",0.3,0.1,1024
1476,Ant-v5,near,0,1011.3200073242188,105.24636481991249,22.070091247558594,0.32,16,32.0,"even-indexed (l1, l3, …); LS on next layer",0.3,0.1,1024
1477,Ant-v5,near,0,937.9909057617188,185.99876472396386,31.241844177246094,0.32,16,32.0,"even-indexed (l1, l3, …); LS on next layer",0.3,0.1,1024
1478,Ant-v5,near,0,1720.41259765625,187.62618827241877,20.02360725402832,0.32,16,32.0,"even-indexed (l1, l3, …); LS on next layer",0.3,0.1,1024
1479,Ant-v5,near,0,1222.2120361328125,200.12035314884412,27.067960739135742,0.32,16,32.0,"even-indexed (l1, l3, …); LS on next layer",0.3,0.1,1024
1480,Ant-v5,near,0,3503.15966796875,383.09881449815475,22.024307250976562,0.32,16,32.0,"even-indexed (l1, l3, …); LS on next layer",0.3,0.1,1024
1481,Ant-v5,near,0,1141.1148681640625,130.39785915741174,11.204299926757812,0.32,16,32.0,"even-indexed (l1, l3, …); LS on next layer",0.3,0.1,1024
1482,Ant-v5,near,0,900.6221923828125,275.2103772235913,34.85615921020508,0.32,16,32.0,"even-indexed (l1, l3, …); LS on next layer",0.3,0.1,1024
1483,Ant-v5,near,0,774.4063110351562,121.21256859896869,18.775312423706055,0.32,16,32.0,"even-indexed (l1, l3, …); LS on next layer",0.3,0.1,1024
1484,Ant-v5,near,0,1749.242919921875,210.7845813816342,21.69340705871582,0.32,16,32.0,"even-indexed (l1, l3, …); LS on next layer",0.3,0.1,1024
1485,Ant-v5,near,0,2122.463623046875,253.4885349762988,29.749704360961914,0.32,16,32.0,"even-indexed (l1, l3, …); LS on next layer",0.3,0.1,1024
1486,Ant-v5,near,0,1216.3052978515625,187.4984457644862,23.517723083496094,0.32,16,32.0,"even-indexed (l1, l3, …); LS on next layer",0.3,0.1,1024
1487,Ant-v5,near,0,5097.22998046875,488.44089703365853,28.595260620117188,0.32,16,32.0,"even-indexed (l1, l3, …); LS on next layer",0.3,0.1,1024
1488,Ant-v5,near,0,2199.2158203125,312.3583024334737,29.263578414916992,0.32,16,32.0,"even-indexed (l1, l3, …); LS on next layer",0.3,0.1,1024
1489,Ant-v5,near,0,1624.245849609375,220.62826908253675,29.597187042236328,0.32,16,32.0,"even-indexed (l1, l3, …); LS on next layer",0.3,0.1,1024
1490,Ant-v5,near,0,905.2486572265625,241.23985418562313,31.421451568603516,0.32,16,32.0,"even-indexed (l1, l3, …); LS on next layer",0.3,0.1,1024
1491,Ant-v5,near,0,917.08740234375,186.71147999979905,27.70621109008789,0.32,16,32.0,"even-indexed (l1, l3, …); LS on next layer",0.3,0.1,1024
1492,Ant-v5,near,0,1282.4432373046875,163.77065072246853,28.358869552612305,0.32,16,32.0,"even-indexed (l1, l3, …); LS on next layer",0.3,0.1,1024
1493,Ant-v5,near,0,2559.253173828125,314.5920508776279,29.48709487915039,0.32,16,32.0,"even-indexed (l1, l3, …); LS on next layer",0.3,0.1,1024
1494,Ant-v5,near,0,1098.578857421875,178.8791046198616,28.191085815429688,0.32,16,32.0,"even-indexed (l1, l3, …); LS on next layer",0.3,0.1,1024
1495,Ant-v5,near,0,866.451416015625,105.6761931189543,18.211549758911133,0.32,16,32.0,"even-indexed (l1, l3, …); LS on next layer",0.3,0.1,1024
1496,Ant-v5,near,0,2798.82177734375,310.09399962503824,18.90086555480957,0.32,16,32.0,"even-indexed (l1, l3, …); LS on next layer",0.3,0.1,1024
1497,Ant-v5,near,0,5890.865234375,574.2072748613294,27.588428497314453,0.32,16,32.0,"even-indexed (l1, l3, …); LS on next layer",0.3,0.1,1024
1498,Ant-v5,near,0,1270.444580078125,173.85338463144717,21.81277084350586,0.32,16,32.0,"even-indexed (l1, l3, …); LS on next layer",0.3,0.1,1024
1499,Ant-v5,near,0,927.423095703125,122.42165370371185,19.588539123535156,0.32,16,32.0,"even-indexed (l1, l3, …); LS on next layer",0.3,0.1,1024
1500,Ant-v5,near,0,1575.8587646484375,259.5621671999926,28.45123291015625,0.32,16,32.0,"even-indexed (l1, l3, …); LS on next layer",0.3,0.1,1024
1501,Ant-v5,near,0,882.6568603515625,98.45115639679969,17.598663330078125,0.32,16,32.0,"even-indexed (l1, l3, …); LS on next layer",0.3,0.1,1024
1502,Ant-v5,near,0,744.6792602539062,99.23654631091992,15.718474388122559,0.32,16,32.0,"even-indexed (l1, l3, …); LS on next layer",0.3,0.1,1024
1503,Ant-v5,near,0,1281.0989990234375,142.33302212889686,12.12663745880127,0.32,16,32.0,"even-indexed (l1, l3, …); LS on next layer",0.3,0.1,1024
1504,Ant-v5,near,0,2185.7138671875,231.28028345409538,26.129247665405273,0.32,16,32.0,"even-indexed (l1, l3, …); LS on next layer",0.3,0.1,1024
1505,Ant-v5,near,0,4788.5244140625,541.332458734171,25.71378517150879,0.32,16,32.0,"even-indexed (l1, l3, …); LS on next layer",0.3,0.1,1024
1506,Ant-v5,near,0,2980.497314453125,331.4777394902876,22.54016876220703,0.32,16,32.0,"even-indexed (l1, l3, …); LS on next layer",0.3,0.1,1024
1507,Ant-v5,near,0,1173.211669921875,291.59868527676326,39.3452033996582,0.32,16,32.0,"even-indexed (l1, l3, …); LS on next layer",0.3,0.1,1024
1508,Ant-v5,near,0,730.8402709960938,94.29192427729294,18.950855255126953,0.32,16,32.0,"even-indexed (l1, l3, …); LS on next layer",0.3,0.1,1024
1509,Ant-v5,near,0,1697.8609619140625,260.4500940598225,24.64361572265625,0.32,16,32.0,"even-indexed (l1, l3, …); LS on next layer",0.3,0.1,1024
1510,Ant-v5,near,0,807.692626953125,99.91799829605088,15.725713729858398,0.32,16,32.0,"even-indexed (l1, l3, …); LS on next layer",0.3,0.1,1024
1511,Ant-v5,near,0,2244.7392578125,253.9625965338057,22.642366409301758,0.32,16,32.0,"even-indexed (l1, l3, …); LS on next layer",0.3,0.1,1024
1512,Ant-v5,near,0,3613.7548828125,429.34825530277783,31.294647216796875,0.32,16,32.0,"even-indexed (l1, l3, …); LS on next layer",0.3,0.1,1024
1513,Ant-v5,near,0,2251.6982421875,256.3169793051687,24.68377113342285,0.32,16,32.0,"even-indexed (l1, l3, …); LS on next layer",0.3,0.1,1024
1514,Ant-v5,near,0,1225.995849609375,186.5377722369299,23.355066299438477,0.32,16,32.0,"even-indexed (l1, l3, …); LS on next layer",0.3,0.1,1024
1515,Ant-v5,near,0,616.7545776367188,90.01109395629263,16.78919792175293,0.32,16,32.0,"even-indexed (l1, l3, …); LS on next layer",0.3,0.1,1024
1516,Ant-v5,near,0,1788.8907470703125,193.33824205688822,13.667004585266113,0.32,16,32.0,"even-indexed (l1, l3, …); LS on next layer",0.3,0.1,1024
1517,Ant-v5,near,0,942.8967895507812,109.16183989942857,16.404727935791016,0.32,16,32.0,"even-indexed (l1, l3, …); LS on next layer",0.3,0.1,1024
1518,Ant-v5,near,0,1625.8970947265625,201.05459116407934,22.113910675048828,0.32,16,32.0,"even-indexed (l1, l3, …); LS on next layer",0.3,0.1,1024
1519,Ant-v5,near,0,752.332275390625,113.26391534992601,19.840505599975586,0.32,16,32.0,"even-indexed (l1, l3, …); LS on next layer",0.3,0.1,1024
1520,Ant-v5,near,0,802.1305541992188,119.47457865316062,17.96645736694336,0.32,16,32.0,"even-indexed (l1, l3, …); LS on next layer",0.3,0.1,1024
1521,Ant-v5,near,0,1435.28466796875,165.77820271019033,19.67538070678711,0.32,16,32.0,"even-indexed (l1, l3, …); LS on next layer",0.3,0.1,1024
1522,Ant-v5,near,0,1737.406982421875,213.41140941270612,16.298725128173828,0.32,16,32.0,"even-indexed (l1, l3, …); LS on next layer",0.3,0.1,1024
1523,Ant-v5,near,0,989.1597900390625,122.85656076715176,20.386991500854492,0.32,16,32.0,"even-indexed (l1, l3, …); LS on next layer",0.3,0.1,1024
1524,Ant-v5,near,0,1141.247802734375,290.5220371928858,40.98700714111328,0.32,16,32.0,"even-indexed (l1, l3, …); LS on next layer",0.3,0.1,1024
1525,Ant-v5,near,0,976.3475952148438,125.371413248642,17.828311920166016,0.32,16,32.0,"even-indexed (l1, l3, …); LS on next layer",0.3,0.1,1024
1526,Ant-v5,near,0,1509.135498046875,257.5459318989315,31.957382202148438,0.32,16,32.0,"even-indexed (l1, l3, …); LS on next layer",0.3,0.1,1024
1527,Ant-v5,near,0,3070.52587890625,332.2810012876573,28.593137741088867,0.32,16,32.0,"even-indexed (l1, l3, …); LS on next layer",0.3,0.1,1024
1528,Ant-v5,near,0,784.3090209960938,166.333280961643,28.589736938476562,0.32,16,32.0,"even-indexed (l1, l3, …); LS on next layer",0.3,0.1,1024
1529,Ant-v5,near,0,1784.855712890625,193.87194380647,16.842641830444336,0.32,16,32.0,"even-indexed (l1, l3, …); LS on next layer",0.3,0.1,1024
1530,Ant-v5,near,0,1807.634033203125,215.65885182004104,22.464309692382812,0.32,16,32.0,"even-indexed (l1, l3, …); LS on next layer",0.3,0.1,1024
1531,Ant-v5,near,0,1194.2191162109375,132.50470922584012,15.55701732635498,0.32,16,32.0,"even-indexed (l1, l3, …); LS on next layer",0.3,0.1,1024
1532,Ant-v5,near,0,1254.3902587890625,148.08298947937362,14.941330909729004,0.32,16,32.0,"even-indexed (l1, l3, …); LS on next layer",0.3,0.1,1024
1533,Ant-v5,near,0,4845.8466796875,611.8586597156503,26.167776107788086,0.32,16,32.0,"even-indexed (l1, l3, …); LS on next layer",0.3,0.1,1024
1534,Ant-v5,near,0,942.501220703125,144.7109074598839,23.139514923095703,0.32,16,32.0,"even-indexed (l1, l3, …); LS on next layer",0.3,0.1,1024
1535,Ant-v5,near,0,2064.614990234375,266.10146168491667,29.594701766967773,0.32,16,32.0,"even-indexed (l1, l3, …); LS on next layer",0.3,0.1,1024
1536,Ant-v5,near,0,3615.6943359375,600.2511988082118,37.2935905456543,0.32,16,32.0,"even-indexed (l1, l3, …); LS on next layer",0.3,0.1,1024
1537,Ant-v5,near,0,855.5542602539062,104.67041830550446,12.828980445861816,0.32,16,32.0,"even-indexed (l1, l3, …); LS on next layer",0.3,0.1,1024
1538,Ant-v5,near,0,1785.515869140625,250.46346292401068,25.232267379760742,0.32,16,32.0,"even-indexed (l1, l3, …); LS on next layer",0.3,0.1,1024
1539,Ant-v5,near,0,1800.5340576171875,287.65245240939953,28.302175521850586,0.32,16,32.0,"even-indexed (l1, l3, …); LS on next layer",0.3,0.1,1024
1540,Ant-v5,near,0,2341.7900390625,264.7304311757117,22.671722412109375,0.32,16,32.0,"even-indexed (l1, l3, …); LS on next layer",0.3,0.1,1024
1541,Ant-v5,near,0,1024.8177490234375,163.15284928959582,23.78232765197754,0.32,16,32.0,"even-indexed (l1, l3, …); LS on next layer",0.3,0.1,1024
1542,Ant-v5,near,0,1472.684814453125,401.6201467768972,46.158390045166016,0.32,16,32.0,"even-indexed (l1, l3, …); LS on next layer",0.3,0.1,1024
1543,Ant-v5,near,0,1213.648193359375,141.49921469214456,13.648710250854492,0.32,16,32.0,"even-indexed (l1, l3, …); LS on next layer",0.3,0.1,1024
1544,Ant-v5,near,0,2371.01220703125,293.1460274583087,21.980945587158203,0.32,16,32.0,"even-indexed (l1, l3, …); LS on next layer",0.3,0.1,1024
1545,Ant-v5,near,0,1104.8714599609375,123.12461735433456,18.454919815063477,0.32,16,32.0,"even-indexed (l1, l3, …); LS on next layer",0.3,0.1,1024
1546,Ant-v5,near,0,1853.030517578125,217.00064233933432,27.10094451904297,0.32,16,32.0,"even-indexed (l1, l3, …); LS on next layer",0.3,0.1,1024
1547,Ant-v5,near,0,2122.661376953125,233.44348012660032,24.864063262939453,0.32,16,32.0,"even-indexed (l1, l3, …); LS on next layer",0.3,0.1,1024
1548,Ant-v5,near,0,5631.55908203125,741.4392440480813,30.99983787536621,0.32,16,32.0,"even-indexed (l1, l3, …); LS on next layer",0.3,0.1,1024
1549,Ant-v5,near,0,936.1213989257812,176.63977092799533,22.837133407592773,0.32,16,32.0,"even-indexed (l1, l3, …); LS on next layer",0.3,0.1,1024
1550,Ant-v5,near,0,1596.318603515625,180.4814229045299,18.54006576538086,0.32,16,32.0,"even-indexed (l1, l3, …); LS on next layer",0.3,0.1,1024
1551,Ant-v5,near,0,1423.795166015625,154.62413998518846,14.78538703918457,0.32,16,32.0,"even-indexed (l1, l3, …); LS on next layer",0.3,0.1,1024
1552,Ant-v5,near,0,3084.202392578125,383.42288224293884,22.715015411376953,0.32,16,32.0,"even-indexed (l1, l3, …); LS on next layer",0.3,0.1,1024
1553,Ant-v5,near,0,2053.483154296875,302.79492066356806,35.14285659790039,0.32,16,32.0,"even-indexed (l1, l3, …); LS on next layer",0.3,0.1,1024
1554,Ant-v5,near,0,1562.568115234375,230.40093249070742,24.760379791259766,0.32,16,32.0,"even-indexed (l1, l3, …); LS on next layer",0.3,0.1,1024
1555,Ant-v5,near,0,1462.9140625,167.72382176138004,16.840049743652344,0.32,16,32.0,"even-indexed (l1, l3, …); LS on next layer",0.3,0.1,1024
1556,Ant-v5,near,0,1606.3504638671875,180.0160387075664,21.916500091552734,0.32,16,32.0,"even-indexed (l1, l3, …); LS on next layer",0.3,0.1,1024
1557,Ant-v5,near,0,1020.376708984375,176.11043161664793,28.698043823242188,0.32,16,32.0,"even-indexed (l1, l3, …); LS on next layer",0.3,0.1,1024
1558,Ant-v5,near,0,5031.92138671875,558.0183652041436,27.29349708557129,0.32,16,32.0,"even-indexed (l1, l3, …); LS on next layer",0.3,0.1,1024
1559,Ant-v5,near,0,791.46044921875,115.71380130659466,20.50127601623535,0.32,16,32.0,"even-indexed (l1, l3, …); LS on next layer",0.3,0.1,1024
1560,Ant-v5,near,0,3455.387451171875,378.05075525957193,22.652589797973633,0.32,16,32.0,"even-indexed (l1, l3, …); LS on next layer",0.3,0.1,1024
1561,Ant-v5,near,0,5775.24755859375,585.6594438118577,22.49444580078125,0.32,16,32.0,"even-indexed (l1, l3, …); LS on next layer",0.3,0.1,1024
1562,Ant-v5,near,0,1912.9439697265625,228.83543573306633,21.45855140686035,0.32,16,32.0,"even-indexed (l1, l3, …); LS on next layer",0.3,0.1,1024
1563,Ant-v5,near,0,1317.169921875,209.89264580740405,31.074214935302734,0.32,16,32.0,"even-indexed (l1, l3, …); LS on next layer",0.3,0.1,1024
1564,Ant-v5,near,0,2027.551513671875,230.85062137896333,18.504638671875,0.32,16,32.0,"even-indexed (l1, l3, …); LS on next layer",0.3,0.1,1024
1565,Ant-v5,near,0,1105.8841552734375,119.35595457050468,22.495454788208008,0.32,16,32.0,"even-indexed (l1, l3, …); LS on next layer",0.3,0.1,1024
1566,Ant-v5,near,0,1090.80419921875,143.91353451368832,22.706512451171875,0.32,16,32.0,"even-indexed (l1, l3, …); LS on next layer",0.3,0.1,1024
1567,Ant-v5,near,0,1349.8067626953125,160.57167693434923,20.95591926574707,0.32,16,32.0,"even-indexed (l1, l3, …); LS on next layer",0.3,0.1,1024
1568,Ant-v5,near,0,1738.2833251953125,242.01794037860884,28.914813995361328,0.32,16,32.0,"even-indexed (l1, l3, …); LS on next layer",0.3,0.1,1024
1569,Ant-v5,near,0,3333.178466796875,385.5134734389519,47.5417366027832,0.32,16,32.0,"even-indexed (l1, l3, …); LS on next layer",0.3,0.1,1024
1570,Ant-v5,near,0,1247.96630859375,382.15104232438625,53.93391418457031,0.32,16,32.0,"even-indexed (l1, l3, …); LS on next layer",0.3,0.1,1024
1571,Ant-v5,near,0,1272.1888427734375,162.22244948942387,22.55394172668457,0.32,16,32.0,"even-indexed (l1, l3, …); LS on next layer",0.3,0.1,1024
1572,Ant-v5,near,0,732.62158203125,98.18779507080504,16.807720184326172,0.32,16,32.0,"even-indexed (l1, l3, …); LS on next layer",0.3,0.1,1024
1573,Ant-v5,near,0,696.9075317382812,88.91656731438647,17.09052276611328,0.32,16,32.0,"even-indexed (l1, l3, …); LS on next layer",0.3,0.1,1024
1574,Ant-v5,near,0,1053.970458984375,145.5661280837336,22.23232078552246,0.32,16,32.0,"even-indexed (l1, l3, …); LS on next layer",0.3,0.1,1024
1575,Ant-v5,near,0,1324.9906005859375,152.7887641754554,19.237041473388672,0.32,16,32.0,"even-indexed (l1, l3, …); LS on next layer",0.3,0.1,1024
1576,Ant-v5,near,0,1508.917236328125,160.32090750936314,18.60886001586914,0.32,16,32.0,"even-indexed (l1, l3, …); LS on next layer",0.3,0.1,1024
1577,Ant-v5,near,0,1215.4342041015625,170.48577223987246,24.56431770324707,0.32,16,32.0,"even-indexed (l1, l3, …); LS on next layer",0.3,0.1,1024
1578,Ant-v5,near,0,1893.410888671875,201.06147849606447,14.18769359588623,0.32,16,32.0,"even-indexed (l1, l3, …); LS on next layer",0.3,0.1,1024
1579,Ant-v5,near,0,2269.573974609375,280.8354265225246,26.3332576751709,0.32,16,32.0,"even-indexed (l1, l3, …); LS on next layer",0.3,0.1,1024
1580,Ant-v5,near,0,1280.7286376953125,138.0520264868284,13.50828742980957,0.32,16,32.0,"even-indexed (l1, l3, …); LS on next layer",0.3,0.1,1024
1581,Ant-v5,near,0,2912.41357421875,344.89606274262536,20.191574096679688,0.32,16,32.0,"even-indexed (l1, l3, …); LS on next layer",0.3,0.1,1024
1582,Ant-v5,near,0,2967.686279296875,350.92624178034214,35.70902633666992,0.32,16,32.0,"even-indexed (l1, l3, …); LS on next layer",0.3,0.1,1024
1583,Ant-v5,near,0,1639.1978759765625,242.512578182342,27.7321834564209,0.32,16,32.0,"even-indexed (l1, l3, …); LS on next layer",0.3,0.1,1024
1584,Ant-v5,near,0,1900.890625,274.5764092137588,23.18868064880371,0.32,16,32.0,"even-indexed (l1, l3, …); LS on next layer",0.3,0.1,1024
1585,Ant-v5,near,0,347.8850402832031,64.87291189041916,18.612564086914062,0.32,16,32.0,"even-indexed (l1, l3, …); LS on next layer",0.3,0.1,1024
1586,Ant-v5,near,0,778.7338256835938,102.86032250976743,28.27689552307129,0.32,16,32.0,"even-indexed (l1, l3, …); LS on next layer",0.3,0.1,1024
1587,Ant-v5,near,0,2630.019775390625,310.33644344881446,15.98326301574707,0.32,16,32.0,"even-indexed (l1, l3, …); LS on next layer",0.3,0.1,1024
1588,Ant-v5,near,0,2266.153564453125,283.5115732388873,19.55780029296875,0.32,16,32.0,"even-indexed (l1, l3, …); LS on next layer",0.3,0.1,1024
1589,Ant-v5,near,0,1641.529296875,206.75361325714383,26.361265182495117,0.32,16,32.0,"even-indexed (l1, l3, …); LS on next layer",0.3,0.1,1024
1590,Ant-v5,near,0,3101.197509765625,344.8202847510288,28.936260223388672,0.32,16,32.0,"even-indexed (l1, l3, …); LS on next layer",0.3,0.1,1024
1591,Ant-v5,near,0,1306.094970703125,195.55153788536273,24.04764747619629,0.32,16,32.0,"even-indexed (l1, l3, …); LS on next layer",0.3,0.1,1024
1592,Ant-v5,near,0,844.9486083984375,128.0433778928437,19.407711029052734,0.32,16,32.0,"even-indexed (l1, l3, …); LS on next layer",0.3,0.1,1024
1593,Ant-v5,near,0,1298.3260498046875,150.4525244087311,14.760562896728516,0.32,16,32.0,"even-indexed (l1, l3, …); LS on next layer",0.3,0.1,1024
1594,Ant-v5,near,0,4132.61767578125,499.10780279414973,76.35234069824219,0.32,16,32.0,"even-indexed (l1, l3, …); LS on next layer",0.3,0.1,1024
1595,Ant-v5,near,0,3034.275390625,353.9463023981548,38.910587310791016,0.32,16,32.0,"even-indexed (l1, l3, …); LS on next layer",0.3,0.1,1024
1596,Ant-v5,near,0,1267.19580078125,207.29743620792638,28.2254638671875,0.32,16,32.0,"even-indexed (l1, l3, …); LS on next layer",0.3,0.1,1024
1597,Ant-v5,near,0,2380.077880859375,247.11856010497408,17.826662063598633,0.32,16,32.0,"even-indexed (l1, l3, …); LS on next layer",0.3,0.1,1024
1598,Ant-v5,near,0,1191.23779296875,218.64069669158226,31.794281005859375,0.32,16,32.0,"even-indexed (l1, l3, …); LS on next layer",0.3,0.1,1024
1599,Ant-v5,near,0,1623.4283447265625,174.01108912908649,13.180970191955566,0.32,16,32.0,"even-indexed (l1, l3, …); LS on next layer",0.3,0.1,1024
1600,Ant-v5,near,0,2084.03076171875,216.31171820489232,16.62864112854004,0.32,16,32.0,"even-indexed (l1, l3, …); LS on next layer",0.3,0.1,1024
1601,Ant-v5,near,0,2037.532470703125,270.23540809156134,24.549043655395508,0.32,16,32.0,"even-indexed (l1, l3, …); LS on next layer",0.3,0.1,1024
1602,Ant-v5,near,0,1416.69091796875,151.75902959373713,11.601120948791504,0.32,16,32.0,"even-indexed (l1, l3, …); LS on next layer",0.3,0.1,1024
1603,Ant-v5,near,0,5386.93994140625,493.5341046379225,24.313255310058594,0.32,16,32.0,"even-indexed (l1, l3, …); LS on next layer",0.3,0.1,1024
1604,Ant-v5,near,0,1298.588623046875,239.01848333186,34.315303802490234,0.32,16,32.0,"even-indexed (l1, l3, …); LS on next layer",0.3,0.1,1024
1605,Ant-v5,near,0,1096.5020751953125,155.2380804253452,23.30434799194336,0.32,16,32.0,"even-indexed (l1, l3, …); LS on next layer",0.3,0.1,1024
1606,Ant-v5,near,0,1376.044189453125,152.6777263560155,13.30567455291748,0.32,16,32.0,"even-indexed (l1, l3, …); LS on next layer",0.3,0.1,1024
1607,Ant-v5,near,0,1648.9378662109375,194.30068217945598,25.15248680114746,0.32,16,32.0,"even-indexed (l1, l3, …); LS on next layer",0.3,0.1,1024
1608,Ant-v5,near,0,956.6976318359375,123.50180678564405,20.71383285522461,0.32,16,32.0,"even-indexed (l1, l3, …); LS on next layer",0.3,0.1,1024
1609,Ant-v5,near,0,1047.5322265625,130.88212654713126,24.250722885131836,0.32,16,32.0,"even-indexed (l1, l3, …); LS on next layer",0.3,0.1,1024
1610,Ant-v5,near,0,906.9692993164062,155.53457330583112,24.951475143432617,0.32,16,32.0,"even-indexed (l1, l3, …); LS on next layer",0.3,0.1,1024
1611,Ant-v5,near,0,1441.8114013671875,156.28199689192917,14.155406951904297,0.32,16,32.0,"even-indexed (l1, l3, …); LS on next layer",0.3,0.1,1024
1612,Ant-v5,near,0,4051.546630859375,489.4748148511809,31.239015579223633,0.32,16,32.0,"even-indexed (l1, l3, …); LS on next layer",0.3,0.1,1024
1613,Ant-v5,near,0,1418.959716796875,204.68506240264378,27.725006103515625,0.32,16,32.0,"even-indexed (l1, l3, …); LS on next layer",0.3,0.1,1024
1614,Ant-v5,near,0,1227.1126708984375,151.3551792163974,17.349451065063477,0.32,16,32.0,"even-indexed (l1, l3, …); LS on next layer",0.3,0.1,1024
1615,Ant-v5,near,0,1324.390380859375,196.2256460199673,22.925617218017578,0.32,16,32.0,"even-indexed (l1, l3, …); LS on next layer",0.3,0.1,1024
1616,Ant-v5,near,0,1507.4805908203125,178.7467408402754,15.425528526306152,0.32,16,32.0,"even-indexed (l1, l3, …); LS on next layer",0.3,0.1,1024
1617,Ant-v5,near,0,4429.98486328125,490.5034485124438,30.544816970825195,0.32,16,32.0,"even-indexed (l1, l3, …); LS on next layer",0.3,0.1,1024
1618,Ant-v5,near,0,3063.425048828125,367.71246356565007,30.2984676361084,0.32,16,32.0,"even-indexed (l1, l3, …); LS on next layer",0.3,0.1,1024
1619,Ant-v5,near,0,631.05224609375,79.95776050152296,15.369083404541016,0.32,16,32.0,"even-indexed (l1, l3, …); LS on next layer",0.3,0.1,1024
1620,Ant-v5,near,0,879.0582885742188,163.28221991173,24.778488159179688,0.32,16,32.0,"even-indexed (l1, l3, …); LS on next layer",0.3,0.1,1024
1621,Ant-v5,near,0,1293.974365234375,187.36167671462982,21.834762573242188,0.32,16,32.0,"even-indexed (l1, l3, …); LS on next layer",0.3,0.1,1024
1622,Ant-v5,near,0,634.8740234375,97.55825957596656,15.232864379882812,0.32,16,32.0,"even-indexed (l1, l3, …); LS on next layer",0.3,0.1,1024
1623,Ant-v5,near,0,1266.2728271484375,167.52984402297315,24.630033493041992,0.32,16,32.0,"even-indexed (l1, l3, …); LS on next layer",0.3,0.1,1024
1624,Ant-v5,near,0,918.3001098632812,119.82595824366695,15.493141174316406,0.32,16,32.0,"even-indexed (l1, l3, …); LS on next layer",0.3,0.1,1024
1625,Ant-v5,near,0,3013.960205078125,318.0577737738429,24.661518096923828,0.32,16,32.0,"even-indexed (l1, l3, …); LS on next layer",0.3,0.1,1024
1626,Ant-v5,near,0,1870.341552734375,194.1584353501835,11.95228385925293,0.32,16,32.0,"even-indexed (l1, l3, …); LS on next layer",0.3,0.1,1024
1627,Ant-v5,near,0,865.1478271484375,91.4375592399156,10.214153289794922,0.32,16,32.0,"even-indexed (l1, l3, …); LS on next layer",0.3,0.1,1024
1628,Ant-v5,near,0,1203.5706787109375,142.2129659167099,20.026626586914062,0.32,16,32.0,"even-indexed (l1, l3, …); LS on next layer",0.3,0.1,1024
1629,Ant-v5,near,0,1009.287109375,167.63090983745164,20.00205421447754,0.32,16,32.0,"even-indexed (l1, l3, …); LS on next layer",0.3,0.1,1024
1630,Ant-v5,near,0,3233.116943359375,325.2657128814757,24.382349014282227,0.32,16,32.0,"even-indexed (l1, l3, …); LS on next layer",0.3,0.1,1024
1631,Ant-v5,near,0,1399.0645751953125,162.00628716055832,11.245518684387207,0.32,16,32.0,"even-indexed (l1, l3, …); LS on next layer",0.3,0.1,1024
1632,Ant-v5,near,0,1122.9212646484375,151.02421757403732,24.90425682067871,0.32,16,32.0,"even-indexed (l1, l3, …); LS on next layer",0.3,0.1,1024
1633,Ant-v5,near,0,1645.3636474609375,218.08823856035409,21.893796920776367,0.32,16,32.0,"even-indexed (l1, l3, …); LS on next layer",0.3,0.1,1024
1634,Ant-v5,near,0,5605.38818359375,666.8879654118548,21.70905876159668,0.32,16,32.0,"even-indexed (l1, l3, …); LS on next layer",0.3,0.1,1024
1635,Ant-v5,near,0,4147.38134765625,396.1513259233908,23.40520477294922,0.32,16,32.0,"even-indexed (l1, l3, …); LS on next layer",0.3,0.1,1024
1636,Ant-v5,near,0,2580.70263671875,275.9125903087481,24.572193145751953,0.32,16,32.0,"even-indexed (l1, l3, …); LS on next layer",0.3,0.1,1024
1637,Ant-v5,near,0,974.8121337890625,143.06171955291555,26.16596221923828,0.32,16,32.0,"even-indexed (l1, l3, …); LS on next layer",0.3,0.1,1024
1638,Ant-v5,near,0,1737.164794921875,222.6740616871172,147.4844970703125,0.32,16,32.0,"even-indexed (l1, l3, …); LS on next layer",0.3,0.1,1024
1639,Ant-v5,near,0,765.1322631835938,106.11835276434311,14.980793952941895,0.32,16,32.0,"even-indexed (l1, l3, …); LS on next layer",0.3,0.1,1024
1640,Ant-v5,near,0,2371.01171875,268.82802399043345,26.21211814880371,0.32,16,32.0,"even-indexed (l1, l3, …); LS on next layer",0.3,0.1,1024
1641,Ant-v5,near,0,1792.52099609375,187.51610870809924,21.164365768432617,0.32,16,32.0,"even-indexed (l1, l3, …); LS on next layer",0.3,0.1,1024
1642,Ant-v5,near,0,955.280029296875,160.40771535695777,30.10079574584961,0.32,16,32.0,"even-indexed (l1, l3, …); LS on next layer",0.3,0.1,1024
1643,Ant-v5,near,0,1765.60009765625,223.30997968176564,28.438873291015625,0.32,16,32.0,"even-indexed (l1, l3, …); LS on next layer",0.3,0.1,1024
1644,Ant-v5,near,0,2262.59375,353.01783610632424,35.63824462890625,0.32,16,32.0,"even-indexed (l1, l3, …); LS on next layer",0.3,0.1,1024
1645,Ant-v5,near,0,1108.93505859375,143.60877530429465,22.375398635864258,0.32,16,32.0,"even-indexed (l1, l3, …); LS on next layer",0.3,0.1,1024
1646,Ant-v5,near,0,4639.189453125,553.1241813838502,32.98488998413086,0.32,16,32.0,"even-indexed (l1, l3, …); LS on next layer",0.3,0.1,1024
1647,Ant-v5,near,0,1469.1087646484375,192.23742412205831,18.040470123291016,0.32,16,32.0,"even-indexed (l1, l3, …); LS on next layer",0.3,0.1,1024
1648,Ant-v5,near,0,1445.7098388671875,204.10501064150296,23.986209869384766,0.32,16,32.0,"even-indexed (l1, l3, …); LS on next layer",0.3,0.1,1024
1649,Ant-v5,near,0,2968.94775390625,339.12203427709176,29.69721794128418,0.32,16,32.0,"even-indexed (l1, l3, …); LS on next layer",0.3,0.1,1024
1650,Ant-v5,near,0,1356.719970703125,164.8854325421835,14.920093536376953,0.32,16,32.0,"even-indexed (l1, l3, …); LS on next layer",0.3,0.1,1024
1651,Ant-v5,near,0,2755.853271484375,291.23713800088035,26.007474899291992,0.32,16,32.0,"even-indexed (l1, l3, …); LS on next layer",0.3,0.1,1024
1652,Ant-v5,near,0,2078.375,245.33434573152098,36.712257385253906,0.32,16,32.0,"even-indexed (l1, l3, …); LS on next layer",0.3,0.1,1024
1653,Ant-v5,near,0,1083.344970703125,147.37959103785533,17.013568878173828,0.32,16,32.0,"even-indexed (l1, l3, …); LS on next layer",0.3,0.1,1024
1654,Ant-v5,near,0,3489.66015625,388.2369179995336,27.700952529907227,0.32,16,32.0,"even-indexed (l1, l3, …); LS on next layer",0.3,0.1,1024
1655,Ant-v5,near,0,1504.627685546875,149.87939080413943,20.39659881591797,0.32,16,32.0,"even-indexed (l1, l3, …); LS on next layer",0.3,0.1,1024
1656,Ant-v5,near,0,1271.219482421875,202.15492138781966,27.291662216186523,0.32,16,32.0,"even-indexed (l1, l3, …); LS on next layer",0.3,0.1,1024
1657,Ant-v5,near,0,1124.2860107421875,353.81560255515967,74.34343719482422,0.32,16,32.0,"even-indexed (l1, l3, …); LS on next layer",0.3,0.1,1024
1658,Ant-v5,near,0,4675.76513671875,616.5277682118574,33.715675354003906,0.32,16,32.0,"even-indexed (l1, l3, …); LS on next layer",0.3,0.1,1024
1659,Ant-v5,near,0,1045.580322265625,170.1869633570682,23.014652252197266,0.32,16,32.0,"even-indexed (l1, l3, …); LS on next layer",0.3,0.1,1024
1660,Ant-v5,near,0,945.1807861328125,110.79950811516227,15.129305839538574,0.32,16,32.0,"even-indexed (l1, l3, …); LS on next layer",0.3,0.1,1024
1661,Ant-v5,near,0,896.1004028320312,123.4978392144692,31.15254020690918,0.32,16,32.0,"even-indexed (l1, l3, …); LS on next layer",0.3,0.1,1024
1662,Ant-v5,near,0,1418.7938232421875,194.2390768086083,20.9759464263916,0.32,16,32.0,"even-indexed (l1, l3, …); LS on next layer",0.3,0.1,1024
1663,Ant-v5,near,0,921.6685791015625,122.06352840144831,15.445361137390137,0.32,16,32.0,"even-indexed (l1, l3, …); LS on next layer",0.3,0.1,1024
1664,Ant-v5,near,0,3815.318359375,446.96947924670815,25.326753616333008,0.32,16,32.0,"even-indexed (l1, l3, …); LS on next layer",0.3,0.1,1024
1665,Ant-v5,near,0,1445.3228759765625,163.0827770609667,17.617839813232422,0.32,16,32.0,"even-indexed (l1, l3, …); LS on next layer",0.3,0.1,1024
1666,Ant-v5,near,0,5457.4365234375,606.5317647109126,28.71945571899414,0.32,16,32.0,"even-indexed (l1, l3, …); LS on next layer",0.3,0.1,1024
1667,Ant-v5,near,0,3197.41552734375,333.90895638968584,24.094362258911133,0.32,16,32.0,"even-indexed (l1, l3, …); LS on next layer",0.3,0.1,1024
1668,Ant-v5,near,0,1237.5693359375,179.72712383760174,21.746965408325195,0.32,16,32.0,"even-indexed (l1, l3, …); LS on next layer",0.3,0.1,1024
1669,Ant-v5,near,0,1215.351318359375,215.99910263307552,23.61035919189453,0.32,16,32.0,"even-indexed (l1, l3, …); LS on next layer",0.3,0.1,1024
1670,Ant-v5,near,0,3616.0185546875,432.95453262546846,38.53044509887695,0.32,16,32.0,"even-indexed (l1, l3, …); LS on next layer",0.3,0.1,1024
1671,Ant-v5,near,0,2464.552978515625,252.98624894820634,19.98833656311035,0.32,16,32.0,"even-indexed (l1, l3, …); LS on next layer",0.3,0.1,1024
1672,Ant-v5,near,0,1856.483154296875,366.7517125202568,43.57862854003906,0.32,16,32.0,"even-indexed (l1, l3, …); LS on next layer",0.3,0.1,1024
1673,Ant-v5,near,0,855.746826171875,127.57529710072168,24.162134170532227,0.32,16,32.0,"even-indexed (l1, l3, …); LS on next layer",0.3,0.1,1024
1674,Ant-v5,near,0,1671.1121826171875,189.7187717282172,19.661489486694336,0.32,16,32.0,"even-indexed (l1, l3, …); LS on next layer",0.3,0.1,1024
1675,Ant-v5,near,0,1420.1356201171875,164.3151657271112,14.290813446044922,0.32,16,32.0,"even-indexed (l1, l3, …); LS on next layer",0.3,0.1,1024
1676,Ant-v5,near,0,1470.6077880859375,204.2381698084972,25.687110900878906,0.32,16,32.0,"even-indexed (l1, l3, …); LS on next layer",0.3,0.1,1024
1677,Ant-v5,near,0,1146.709716796875,219.25872252272538,28.643617630004883,0.32,16,32.0,"even-indexed (l1, l3, …); LS on next layer",0.3,0.1,1024
1678,Ant-v5,near,0,1012.4150390625,175.41672270238445,21.821828842163086,0.32,16,32.0,"even-indexed (l1, l3, …); LS on next layer",0.3,0.1,1024
1679,Ant-v5,near,0,1124.4140625,138.9084109732228,20.117399215698242,0.32,16,32.0,"even-indexed (l1, l3, …); LS on next layer",0.3,0.1,1024
1680,Ant-v5,near,0,1243.8096923828125,149.47305821924783,20.72677993774414,0.32,16,32.0,"even-indexed (l1, l3, …); LS on next layer",0.3,0.1,1024
1681,Ant-v5,near,0,5049.6787109375,633.2002728295482,29.59300422668457,0.32,16,32.0,"even-indexed (l1, l3, …); LS on next layer",0.3,0.1,1024
1682,Ant-v5,near,0,1628.6431884765625,250.71314290396452,33.4503288269043,0.32,16,32.0,"even-indexed (l1, l3, …); LS on next layer",0.3,0.1,1024
1683,Ant-v5,near,0,1519.69580078125,170.53424725686293,14.906639099121094,0.32,16,32.0,"even-indexed (l1, l3, …); LS on next layer",0.3,0.1,1024
1684,Ant-v5,near,0,1498.385986328125,174.27556593110376,47.82205581665039,0.32,16,32.0,"even-indexed (l1, l3, …); LS on next layer",0.3,0.1,1024
1685,Ant-v5,near,0,2476.92822265625,307.3114799641244,42.642662048339844,0.32,16,32.0,"even-indexed (l1, l3, …); LS on next layer",0.3,0.1,1024
1686,Ant-v5,near,0,1637.458984375,179.05157934056837,13.304573059082031,0.32,16,32.0,"even-indexed (l1, l3, …); LS on next layer",0.3,0.1,1024
1687,Ant-v5,near,0,3439.55712890625,483.259342889005,36.719146728515625,0.32,16,32.0,"even-indexed (l1, l3, …); LS on next layer",0.3,0.1,1024
1688,Ant-v5,near,0,1767.2998046875,181.17008477194054,15.41758918762207,0.32,16,32.0,"even-indexed (l1, l3, …); LS on next layer",0.3,0.1,1024
1689,Ant-v5,near,0,1201.30419921875,149.14126896522217,14.471555709838867,0.32,16,32.0,"even-indexed (l1, l3, …); LS on next layer",0.3,0.1,1024
1690,Ant-v5,near,0,1207.426513671875,204.62095759580058,28.626174926757812,0.32,16,32.0,"even-indexed (l1, l3, …); LS on next layer",0.3,0.1,1024
1691,Ant-v5,near,0,648.2778930664062,122.622310191069,26.638471603393555,0.32,16,32.0,"even-indexed (l1, l3, …); LS on next layer",0.3,0.1,1024
1692,Ant-v5,near,0,2653.379150390625,305.0538566287081,23.601858139038086,0.32,16,32.0,"even-indexed (l1, l3, …); LS on next layer",0.3,0.1,1024
1693,Ant-v5,near,0,2874.89990234375,384.39346566229835,27.09772491455078,0.32,16,32.0,"even-indexed (l1, l3, …); LS on next layer",0.3,0.1,1024
1694,Ant-v5,near,0,1090.363525390625,145.84629873217375,22.924619674682617,0.32,16,32.0,"even-indexed (l1, l3, …); LS on next layer",0.3,0.1,1024
1695,Ant-v5,near,0,1766.9779052734375,343.7596860398322,36.0211067199707,0.32,16,32.0,"even-indexed (l1, l3, …); LS on next layer",0.3,0.1,1024
1696,Ant-v5,near,0,1749.47705078125,166.8451006386334,20.55096435546875,0.32,16,32.0,"even-indexed (l1, l3, …); LS on next layer",0.3,0.1,1024
1697,Ant-v5,near,0,1227.7862548828125,174.21690033723698,22.136301040649414,0.32,16,32.0,"even-indexed (l1, l3, …); LS on next layer",0.3,0.1,1024
1698,Ant-v5,near,0,1343.5955810546875,204.27858677479884,29.334482192993164,0.32,16,32.0,"even-indexed (l1, l3, …); LS on next layer",0.3,0.1,1024
1699,Ant-v5,near,0,3282.38427734375,379.12799088358895,29.94765281677246,0.32,16,32.0,"even-indexed (l1, l3, …); LS on next layer",0.3,0.1,1024
1700,Ant-v5,near,0,6158.041015625,755.3438301777265,28.18149185180664,0.32,16,32.0,"even-indexed (l1, l3, …); LS on next layer",0.3,0.1,1024
1701,Ant-v5,near,0,2093.59228515625,350.1156022791776,32.802215576171875,0.32,16,32.0,"even-indexed (l1, l3, …); LS on next layer",0.3,0.1,1024
1702,Ant-v5,near,0,1538.779541015625,203.25804357082814,27.315933227539062,0.32,16,32.0,"even-indexed (l1, l3, …); LS on next layer",0.3,0.1,1024
1703,Ant-v5,near,0,5347.732421875,639.8383161799304,27.09149169921875,0.32,16,32.0,"even-indexed (l1, l3, …); LS on next layer",0.3,0.1,1024
1704,Ant-v5,near,0,2402.53515625,352.4077754147961,26.91961669921875,0.32,16,32.0,"even-indexed (l1, l3, …); LS on next layer",0.3,0.1,1024
1705,Ant-v5,near,0,2314.486083984375,342.2061081265904,34.56132507324219,0.32,16,32.0,"even-indexed (l1, l3, …); LS on next layer",0.3,0.1,1024
1706,Ant-v5,near,0,4437.8544921875,638.388602192495,32.42631530761719,0.32,16,32.0,"even-indexed (l1, l3, …); LS on next layer",0.3,0.1,1024
1707,Ant-v5,near,0,2453.51025390625,367.89223878598295,35.58480453491211,0.32,16,32.0,"even-indexed (l1, l3, …); LS on next layer",0.3,0.1,1024
1708,Ant-v5,near,0,932.9190063476562,144.26602713404327,25.548181533813477,0.32,16,32.0,"even-indexed (l1, l3, …); LS on next layer",0.3,0.1,1024
1709,Ant-v5,near,0,2661.828857421875,350.6937809472985,38.28224182128906,0.32,16,32.0,"even-indexed (l1, l3, …); LS on next layer",0.3,0.1,1024
1710,Ant-v5,near,0,2321.588623046875,243.23991392661208,13.796119689941406,0.32,16,32.0,"even-indexed (l1, l3, …); LS on next layer",0.3,0.1,1024
1711,Ant-v5,near,0,4605.4970703125,468.1466111355536,31.98004913330078,0.32,16,32.0,"even-indexed (l1, l3, …); LS on next layer",0.3,0.1,1024
1712,Ant-v5,near,0,1619.2418212890625,162.31224962455826,14.023387908935547,0.32,16,32.0,"even-indexed (l1, l3, …); LS on next layer",0.3,0.1,1024
1713,Ant-v5,near,0,2200.90478515625,281.6992977434909,28.977567672729492,0.32,16,32.0,"even-indexed (l1, l3, …); LS on next layer",0.3,0.1,1024
1714,Ant-v5,near,0,3351.058349609375,405.5226343132624,23.575477600097656,0.32,16,32.0,"even-indexed (l1, l3, …); LS on next layer",0.3,0.1,1024
1715,Ant-v5,near,0,2489.22705078125,423.37913641198605,34.034420013427734,0.32,16,32.0,"even-indexed (l1, l3, …); LS on next layer",0.3,0.1,1024
1716,Ant-v5,near,0,887.285888671875,127.89508308153867,18.42202377319336,0.32,16,32.0,"even-indexed (l1, l3, …); LS on next layer",0.3,0.1,1024
1717,Ant-v5,near,0,1313.2117919921875,153.2289263036367,16.07364273071289,0.32,16,32.0,"even-indexed (l1, l3, …); LS on next layer",0.3,0.1,1024
1718,Ant-v5,near,0,1926.8143310546875,209.03742597693994,17.864633560180664,0.32,16,32.0,"even-indexed (l1, l3, …); LS on next layer",0.3,0.1,1024
1719,Ant-v5,near,0,2936.333740234375,352.84947923360244,25.50590705871582,0.32,16,32.0,"even-indexed (l1, l3, …); LS on next layer",0.3,0.1,1024
1720,Ant-v5,near,0,1769.8338623046875,198.3491913299015,15.62710189819336,0.32,16,32.0,"even-indexed (l1, l3, …); LS on next layer",0.3,0.1,1024
1721,Ant-v5,near,0,2508.003662109375,307.7280613811218,28.950368881225586,0.32,16,32.0,"even-indexed (l1, l3, …); LS on next layer",0.3,0.1,1024
1722,Ant-v5,near,0,1599.99560546875,186.47361010704125,15.704676628112793,0.32,16,32.0,"even-indexed (l1, l3, …); LS on next layer",0.3,0.1,1024
1723,Ant-v5,near,0,4968.06396484375,565.6127385002362,30.267040252685547,0.32,16,32.0,"even-indexed (l1, l3, …); LS on next layer",0.3,0.1,1024
1724,Ant-v5,near,0,3308.961669921875,387.2782976411779,32.12837219238281,0.32,16,32.0,"even-indexed (l1, l3, …); LS on next layer",0.3,0.1,1024
1725,Ant-v5,near,0,2224.31494140625,220.6001004114057,14.483512878417969,0.32,16,32.0,"even-indexed (l1, l3, …); LS on next layer",0.3,0.1,1024
1726,Ant-v5,near,0,2325.54052734375,242.1099949402597,16.38944435119629,0.32,16,32.0,"even-indexed (l1, l3, …); LS on next layer",0.3,0.1,1024
1727,Ant-v5,near,0,1129.7037353515625,145.8586588322239,23.794200897216797,0.32,16,32.0,"even-indexed (l1, l3, …); LS on next layer",0.3,0.1,1024
1728,Ant-v5,near,0,1271.552734375,139.95741045205827,22.832809448242188,0.32,16,32.0,"even-indexed (l1, l3, …); LS on next layer",0.3,0.1,1024
1729,Ant-v5,near,0,2855.466552734375,294.28285894187024,20.90668487548828,0.32,16,32.0,"even-indexed (l1, l3, …); LS on next layer",0.3,0.1,1024
1730,Ant-v5,near,0,1206.67822265625,264.9126096954011,34.39677047729492,0.32,16,32.0,"even-indexed (l1, l3, …); LS on next layer",0.3,0.1,1024
1731,Ant-v5,near,0,2631.753173828125,307.5451355022045,30.634662628173828,0.32,16,32.0,"even-indexed (l1, l3, …); LS on next layer",0.3,0.1,1024
1732,Ant-v5,near,0,804.9052124023438,100.64873335518186,15.586420059204102,0.32,16,32.0,"even-indexed (l1, l3, …); LS on next layer",0.3,0.1,1024
1733,Ant-v5,near,0,857.6685791015625,118.16426162994719,15.863871574401855,0.32,16,32.0,"even-indexed (l1, l3, …); LS on next layer",0.3,0.1,1024
1734,Ant-v5,near,0,1811.3370361328125,205.78209714192707,15.013668060302734,0.32,16,32.0,"even-indexed (l1, l3, …); LS on next layer",0.3,0.1,1024
1735,Ant-v5,near,0,2123.909912109375,269.1527864882511,30.9517879486084,0.32,16,32.0,"even-indexed (l1, l3, …); LS on next layer",0.3,0.1,1024
1736,Ant-v5,near,0,910.7623291015625,136.27509261331534,17.765111923217773,0.32,16,32.0,"even-indexed (l1, l3, …); LS on next layer",0.3,0.1,1024
1737,Ant-v5,near,0,1224.708740234375,136.37795172359228,18.730085372924805,0.32,16,32.0,"even-indexed (l1, l3, …); LS on next layer",0.3,0.1,1024
1738,Ant-v5,near,0,5136.12939453125,601.9171978464715,21.820528030395508,0.32,16,32.0,"even-indexed (l1, l3, …); LS on next layer",0.3,0.1,1024
1739,Ant-v5,near,0,2211.832763671875,250.74457041514435,13.026944160461426,0.32,16,32.0,"even-indexed (l1, l3, …); LS on next layer",0.3,0.1,1024
1740,Ant-v5,near,0,1782.5858154296875,285.66551471537787,33.914215087890625,0.32,16,32.0,"even-indexed (l1, l3, …); LS on next layer",0.3,0.1,1024
1741,Ant-v5,near,0,962.94921875,123.50328685091176,20.713573455810547,0.32,16,32.0,"even-indexed (l1, l3, …); LS on next layer",0.3,0.1,1024
1742,Ant-v5,near,0,5104.93359375,562.2754700252641,28.803266525268555,0.32,16,32.0,"even-indexed (l1, l3, …); LS on next layer",0.3,0.1,1024
1743,Ant-v5,near,0,1218.515625,172.58276842739616,24.972055435180664,0.32,16,32.0,"even-indexed (l1, l3, …); LS on next layer",0.3,0.1,1024
1744,Ant-v5,near,0,918.7929077148438,122.24209854383426,20.598894119262695,0.32,16,32.0,"even-indexed (l1, l3, …); LS on next layer",0.3,0.1,1024
1745,Ant-v5,near,0,1389.494384765625,158.029138624885,19.937679290771484,0.32,16,32.0,"even-indexed (l1, l3, …); LS on next layer",0.3,0.1,1024
1746,Ant-v5,near,0,1284.3187255859375,149.80993667169884,15.16983413696289,0.32,16,32.0,"even-indexed (l1, l3, …); LS on next layer",0.3,0.1,1024
1747,Ant-v5,near,0,2657.810546875,273.2654162140982,18.198087692260742,0.32,16,32.0,"even-indexed (l1, l3, …); LS on next layer",0.3,0.1,1024
1748,Ant-v5,near,0,3464.208984375,388.0720469964609,27.2796573638916,0.32,16,32.0,"even-indexed (l1, l3, …); LS on next layer",0.3,0.1,1024
1749,Ant-v5,near,0,1728.2958984375,188.19239371421688,14.854776382446289,0.32,16,32.0,"even-indexed (l1, l3, …); LS on next layer",0.3,0.1,1024
1750,Ant-v5,near,0,984.2930297851562,200.831839166329,38.63283920288086,0.32,16,32.0,"even-indexed (l1, l3, …); LS on next layer",0.3,0.1,1024
1751,Ant-v5,near,0,1034.50830078125,176.53472341713365,26.119205474853516,0.32,16,32.0,"even-indexed (l1, l3, …); LS on next layer",0.3,0.1,1024
1752,Ant-v5,near,0,405.7781066894531,63.47419760039369,15.940338134765625,0.32,16,32.0,"even-indexed (l1, l3, …); LS on next layer",0.3,0.1,1024
1753,Ant-v5,near,0,1516.9136962890625,187.77537694511506,20.50342559814453,0.32,16,32.0,"even-indexed (l1, l3, …); LS on next layer",0.3,0.1,1024
1754,Ant-v5,near,0,1184.226318359375,167.92555645479604,19.982894897460938,0.32,16,32.0,"even-indexed (l1, l3, …); LS on next layer",0.3,0.1,1024
1755,Ant-v5,near,0,1081.55859375,336.2247762607474,36.631534576416016,0.32,16,32.0,"even-indexed (l1, l3, …); LS on next layer",0.3,0.1,1024
1756,Ant-v5,near,0,1074.4471435546875,136.7033139503905,20.316396713256836,0.32,16,32.0,"even-indexed (l1, l3, …); LS on next layer",0.3,0.1,1024
1757,Ant-v5,near,0,902.9456787109375,113.17619939293331,21.949119567871094,0.32,16,32.0,"even-indexed (l1, l3, …); LS on next layer",0.3,0.1,1024
1758,Ant-v5,near,0,1942.494873046875,256.80066662483625,31.440128326416016,0.32,16,32.0,"even-indexed (l1, l3, …); LS on next layer",0.3,0.1,1024
1759,Ant-v5,near,0,5237.2578125,736.9518884790593,38.975852966308594,0.32,16,32.0,"even-indexed (l1, l3, …); LS on next layer",0.3,0.1,1024
1760,Ant-v5,near,0,1571.0703125,245.48138949932664,31.400741577148438,0.32,16,32.0,"even-indexed (l1, l3, …); LS on next layer",0.3,0.1,1024
1761,Ant-v5,near,0,1345.9193115234375,171.74045703509336,20.76323127746582,0.32,16,32.0,"even-indexed (l1, l3, …); LS on next layer",0.3,0.1,1024
1762,Ant-v5,near,0,950.7487182617188,114.76686106875968,18.320253372192383,0.32,16,32.0,"even-indexed (l1, l3, …); LS on next layer",0.3,0.1,1024
1763,Ant-v5,near,0,3666.50146484375,367.89668526611456,22.562213897705078,0.32,16,32.0,"even-indexed (l1, l3, …); LS on next layer",0.3,0.1,1024
1764,Ant-v5,near,0,1568.49560546875,179.8666304778249,14.308935165405273,0.32,16,32.0,"even-indexed (l1, l3, …); LS on next layer",0.3,0.1,1024
1765,Ant-v5,near,0,815.572509765625,109.66846906441805,18.985713958740234,0.32,16,32.0,"even-indexed (l1, l3, …); LS on next layer",0.3,0.1,1024
1766,Ant-v5,near,0,1744.649658203125,196.26059899528786,22.950790405273438,0.32,16,32.0,"even-indexed (l1, l3, …); LS on next layer",0.3,0.1,1024
1767,Ant-v5,near,0,1339.3558349609375,166.22494156894118,14.470911026000977,0.32,16,32.0,"even-indexed (l1, l3, …); LS on next layer",0.3,0.1,1024
1768,Ant-v5,near,0,4790.22314453125,484.9262010612654,18.850147247314453,0.32,16,32.0,"even-indexed (l1, l3, …); LS on next layer",0.3,0.1,1024
1769,Ant-v5,near,0,4671.93896484375,846.5928465489303,47.03580856323242,0.32,16,32.0,"even-indexed (l1, l3, …); LS on next layer",0.3,0.1,1024
1770,Ant-v5,near,0,1473.370849609375,157.03959407802935,14.868398666381836,0.32,16,32.0,"even-indexed (l1, l3, …); LS on next layer",0.3,0.1,1024
1771,Ant-v5,near,0,946.2192993164062,104.92989409820319,18.55445671081543,0.32,16,32.0,"even-indexed (l1, l3, …); LS on next layer",0.3,0.1,1024
1772,Ant-v5,near,0,1813.7584228515625,268.5556302905705,32.04878234863281,0.32,16,32.0,"even-indexed (l1, l3, …); LS on next layer",0.3,0.1,1024
1773,Ant-v5,near,0,2161.63720703125,249.32027773026934,14.836928367614746,0.32,16,32.0,"even-indexed (l1, l3, …); LS on next layer",0.3,0.1,1024
1774,Ant-v5,near,0,1903.6422119140625,236.75202693763643,15.213449478149414,0.32,16,32.0,"even-indexed (l1, l3, …); LS on next layer",0.3,0.1,1024
1775,Ant-v5,near,0,1122.8564453125,155.30543900671697,21.066516876220703,0.32,16,32.0,"even-indexed (l1, l3, …); LS on next layer",0.3,0.1,1024
1776,Ant-v5,near,0,1094.8270263671875,133.27494899935726,20.69939422607422,0.32,16,32.0,"even-indexed (l1, l3, …); LS on next layer",0.3,0.1,1024
1777,Ant-v5,near,0,3132.464111328125,337.1105148861218,28.343509674072266,0.32,16,32.0,"even-indexed (l1, l3, …); LS on next layer",0.3,0.1,1024
1778,Ant-v5,near,0,841.8192749023438,204.21266014366458,34.20756149291992,0.32,16,32.0,"even-indexed (l1, l3, …); LS on next layer",0.3,0.1,1024
1779,Ant-v5,near,0,752.5828857421875,90.64390476138357,26.172828674316406,0.32,16,32.0,"even-indexed (l1, l3, …); LS on next layer",0.3,0.1,1024
1780,Ant-v5,near,0,993.7550659179688,129.60477388191444,21.685651779174805,0.32,16,32.0,"even-indexed (l1, l3, …); LS on next layer",0.3,0.1,1024
1781,Ant-v5,near,0,920.73828125,118.3418555546356,18.85867691040039,0.32,16,32.0,"even-indexed (l1, l3, …); LS on next layer",0.3,0.1,1024
1782,Ant-v5,near,0,1571.10595703125,176.18625457903653,16.83449363708496,0.32,16,32.0,"even-indexed (l1, l3, …); LS on next layer",0.3,0.1,1024
1783,Ant-v5,near,0,1315.3404541015625,158.77943903878466,17.806865692138672,0.32,16,32.0,"even-indexed (l1, l3, …); LS on next layer",0.3,0.1,1024
1784,Ant-v5,near,0,1452.8721923828125,173.30241011092235,16.53081703186035,0.32,16,32.0,"even-indexed (l1, l3, …); LS on next layer",0.3,0.1,1024
1785,Ant-v5,near,0,1985.4884033203125,268.501600872684,27.624528884887695,0.32,16,32.0,"even-indexed (l1, l3, …); LS on next layer",0.3,0.1,1024
1786,Ant-v5,near,0,1887.626953125,208.28460815140892,16.65898895263672,0.32,16,32.0,"even-indexed (l1, l3, …); LS on next layer",0.3,0.1,1024
1787,Ant-v5,near,0,1372.9775390625,215.36463882425994,21.538848876953125,0.32,16,32.0,"even-indexed (l1, l3, …); LS on next layer",0.3,0.1,1024
1788,Ant-v5,near,0,1686.80224609375,202.19916813346788,30.47173500061035,0.32,16,32.0,"even-indexed (l1, l3, …); LS on next layer",0.3,0.1,1024
1789,Ant-v5,near,0,1558.788330078125,173.8463369700028,15.411585807800293,0.32,16,32.0,"even-indexed (l1, l3, …); LS on next layer",0.3,0.1,1024
1790,Ant-v5,near,0,1056.4857177734375,143.28810100295385,20.510168075561523,0.32,16,32.0,"even-indexed (l1, l3, …); LS on next layer",0.3,0.1,1024
1791,Ant-v5,near,0,850.5096435546875,115.07147189837644,27.372135162353516,0.32,16,32.0,"even-indexed (l1, l3, …); LS on next layer",0.3,0.1,1024
1792,Ant-v5,near,0,3798.008056640625,461.7559339977918,23.12043571472168,0.32,16,32.0,"even-indexed (l1, l3, …); LS on next layer",0.3,0.1,1024
1793,Ant-v5,near,0,1712.749267578125,217.33798136375486,22.5290470123291,0.32,16,32.0,"even-indexed (l1, l3, …); LS on next layer",0.3,0.1,1024
1794,Ant-v5,near,0,5822.46923828125,541.1735344757857,24.48737335205078,0.32,16,32.0,"even-indexed (l1, l3, …); LS on next layer",0.3,0.1,1024
1795,Ant-v5,near,0,2802.853271484375,327.5335029384597,20.72496223449707,0.32,16,32.0,"even-indexed (l1, l3, …); LS on next layer",0.3,0.1,1024
1796,Ant-v5,near,0,2518.9052734375,295.05505136417423,18.64215660095215,0.32,16,32.0,"even-indexed (l1, l3, …); LS on next layer",0.3,0.1,1024
1797,Ant-v5,near,0,1613.236328125,218.79083509636507,32.81380844116211,0.32,16,32.0,"even-indexed (l1, l3, …); LS on next layer",0.3,0.1,1024
1798,Ant-v5,near,0,447.8987121582031,81.81595537262692,18.07861328125,0.32,16,32.0,"even-indexed (l1, l3, …); LS on next layer",0.3,0.1,1024
1799,Ant-v5,near,0,1388.0782470703125,168.98036181488627,23.177806854248047,0.32,16,32.0,"even-indexed (l1, l3, …); LS on next layer",0.3,0.1,1024
1800,Ant-v5,near,0,812.0313110351562,113.82348564458434,17.334701538085938,0.32,16,32.0,"even-indexed (l1, l3, …); LS on next layer",0.3,0.1,1024
1801,Ant-v5,near,0,634.3545532226562,90.8970142321883,21.042814254760742,0.32,16,32.0,"even-indexed (l1, l3, …); LS on next layer",0.3,0.1,1024
1802,Ant-v5,near,0,2163.07763671875,290.17080279634115,26.908403396606445,0.32,16,32.0,"even-indexed (l1, l3, …); LS on next layer",0.3,0.1,1024
1803,Ant-v5,near,0,623.0491333007812,94.56683343544336,20.659229278564453,0.32,16,32.0,"even-indexed (l1, l3, …); LS on next layer",0.3,0.1,1024
1804,Ant-v5,near,0,1632.7877197265625,234.68093106462285,22.147035598754883,0.32,16,32.0,"even-indexed (l1, l3, …); LS on next layer",0.3,0.1,1024
1805,Ant-v5,near,0,2088.3759765625,233.9115251587168,18.72362518310547,0.32,16,32.0,"even-indexed (l1, l3, …); LS on next layer",0.3,0.1,1024
1806,Ant-v5,near,0,882.1689453125,118.32563109695417,19.964622497558594,0.32,16,32.0,"even-indexed (l1, l3, …); LS on next layer",0.3,0.1,1024
1807,Ant-v5,near,0,1402.046630859375,160.72991121059113,16.18891143798828,0.32,16,32.0,"even-indexed (l1, l3, …); LS on next layer",0.3,0.1,1024
1808,Ant-v5,near,0,1134.25048828125,115.7650629536731,17.14209747314453,0.32,16,32.0,"even-indexed (l1, l3, …); LS on next layer",0.3,0.1,1024
1809,Ant-v5,near,0,739.1525268554688,163.16694897993176,24.249547958374023,0.32,16,32.0,"even-indexed (l1, l3, …); LS on next layer",0.3,0.1,1024
1810,Ant-v5,near,0,1189.0777587890625,310.64738699213024,41.07054138183594,0.32,16,32.0,"even-indexed (l1, l3, …); LS on next layer",0.3,0.1,1024
1811,Ant-v5,near,0,871.9151611328125,117.47381643619283,16.65399742126465,0.32,16,32.0,"even-indexed (l1, l3, …); LS on next layer",0.3,0.1,1024
1812,Ant-v5,near,0,2487.356201171875,278.64612020712076,18.798181533813477,0.32,16,32.0,"even-indexed (l1, l3, …); LS on next layer",0.3,0.1,1024
1813,Ant-v5,near,0,884.0703125,123.79352173957372,21.447126388549805,0.32,16,32.0,"even-indexed (l1, l3, …); LS on next layer",0.3,0.1,1024
1814,Ant-v5,near,0,606.7792358398438,77.46564858678943,15.0794095993042,0.32,16,32.0,"even-indexed (l1, l3, …); LS on next layer",0.3,0.1,1024
1815,Ant-v5,near,0,4275.79296875,529.2003232392308,35.539005279541016,0.32,16,32.0,"even-indexed (l1, l3, …); LS on next layer",0.3,0.1,1024
1816,Ant-v5,near,0,2686.392822265625,268.6985720380357,28.298208236694336,0.32,16,32.0,"even-indexed (l1, l3, …); LS on next layer",0.3,0.1,1024
1817,Ant-v5,near,0,923.8457641601562,126.95698917315997,23.933120727539062,0.32,16,32.0,"even-indexed (l1, l3, …); LS on next layer",0.3,0.1,1024
1818,Ant-v5,near,0,5008.97265625,650.5775031016979,32.23054885864258,0.32,16,32.0,"even-indexed (l1, l3, …); LS on next layer",0.3,0.1,1024
1819,Ant-v5,near,0,1370.4759521484375,150.75350470552823,24.08222198486328,0.32,16,32.0,"even-indexed (l1, l3, …); LS on next layer",0.3,0.1,1024
1820,Ant-v5,near,0,843.8189697265625,103.99082572237887,63.63680648803711,0.32,16,32.0,"even-indexed (l1, l3, …); LS on next layer",0.3,0.1,1024
1821,Ant-v5,near,0,2616.9140625,279.2848496112074,19.014123916625977,0.32,16,32.0,"even-indexed (l1, l3, …); LS on next layer",0.3,0.1,1024
1822,Ant-v5,near,0,863.0794067382812,113.94695856385286,18.827905654907227,0.32,16,32.0,"even-indexed (l1, l3, …); LS on next layer",0.3,0.1,1024
1823,Ant-v5,near,0,1721.3590087890625,206.25787404463898,19.118871688842773,0.32,16,32.0,"even-indexed (l1, l3, …); LS on next layer",0.3,0.1,1024
1824,Ant-v5,near,0,1697.9302978515625,186.47786669890155,16.135299682617188,0.32,16,32.0,"even-indexed (l1, l3, …); LS on next layer",0.3,0.1,1024
1825,Ant-v5,near,0,2734.99560546875,322.6905046106784,29.874221801757812,0.32,16,32.0,"even-indexed (l1, l3, …); LS on next layer",0.3,0.1,1024
1826,Ant-v5,near,0,4220.7587890625,475.21319684231565,32.385990142822266,0.32,16,32.0,"even-indexed (l1, l3, …); LS on next layer",0.3,0.1,1024
1827,Ant-v5,near,0,1198.0362548828125,201.7287448363833,27.70170021057129,0.32,16,32.0,"even-indexed (l1, l3, …); LS on next layer",0.3,0.1,1024
1828,Ant-v5,near,0,1533.5738525390625,183.96841611304842,24.366201400756836,0.32,16,32.0,"even-indexed (l1, l3, …); LS on next layer",0.3,0.1,1024
1829,Ant-v5,near,0,2664.35302734375,291.2823012338524,24.920560836791992,0.32,16,32.0,"even-indexed (l1, l3, …); LS on next layer",0.3,0.1,1024
1830,Ant-v5,near,0,2650.413818359375,432.1257119762321,38.97004318237305,0.32,16,32.0,"even-indexed (l1, l3, …); LS on next layer",0.3,0.1,1024
1831,Ant-v5,near,0,2961.786376953125,325.27632640203876,21.568302154541016,0.32,16,32.0,"even-indexed (l1, l3, …); LS on next layer",0.3,0.1,1024
1832,Ant-v5,near,0,1735.763427734375,192.7985618681761,21.823585510253906,0.32,16,32.0,"even-indexed (l1, l3, …); LS on next layer",0.3,0.1,1024
1833,Ant-v5,near,0,1230.7962646484375,149.66849798711988,21.322139739990234,0.32,16,32.0,"even-indexed (l1, l3, …); LS on next layer",0.3,0.1,1024
1834,Ant-v5,near,0,2476.01171875,288.3401009910715,23.479721069335938,0.32,16,32.0,"even-indexed (l1, l3, …); LS on next layer",0.3,0.1,1024
1835,Ant-v5,near,0,1754.149169921875,217.79156563595944,22.501283645629883,0.32,16,32.0,"even-indexed (l1, l3, …); LS on next layer",0.3,0.1,1024
1836,Ant-v5,near,0,1341.78173828125,182.02608643679488,24.492599487304688,0.32,16,32.0,"even-indexed (l1, l3, …); LS on next layer",0.3,0.1,1024
1837,Ant-v5,near,0,1683.729736328125,192.6567993032643,14.258955955505371,0.32,16,32.0,"even-indexed (l1, l3, …); LS on next layer",0.3,0.1,1024
1838,Ant-v5,near,0,1848.504150390625,272.6094103709362,32.48489761352539,0.32,16,32.0,"even-indexed (l1, l3, …); LS on next layer",0.3,0.1,1024
1839,Ant-v5,near,0,541.1100463867188,115.44539944381239,21.869617462158203,0.32,16,32.0,"even-indexed (l1, l3, …); LS on next layer",0.3,0.1,1024
1840,Ant-v5,near,0,1607.4730224609375,237.63866424775713,31.035018920898438,0.32,16,32.0,"even-indexed (l1, l3, …); LS on next layer",0.3,0.1,1024
1841,Ant-v5,near,0,755.037841796875,104.76166672126323,18.888391494750977,0.32,16,32.0,"even-indexed (l1, l3, …); LS on next layer",0.3,0.1,1024
1842,Ant-v5,near,0,966.107177734375,146.56790981377162,30.23944091796875,0.32,16,32.0,"even-indexed (l1, l3, …); LS on next layer",0.3,0.1,1024
1843,Ant-v5,near,0,754.5332641601562,100.19773814395472,16.935380935668945,0.32,16,32.0,"even-indexed (l1, l3, …); LS on next layer",0.3,0.1,1024
1844,Ant-v5,near,0,5412.1298828125,516.1536325697006,29.20207977294922,0.32,16,32.0,"even-indexed (l1, l3, …); LS on next layer",0.3,0.1,1024
1845,Ant-v5,near,0,1782.5338134765625,210.57225100122568,25.212322235107422,0.32,16,32.0,"even-indexed (l1, l3, …); LS on next layer",0.3,0.1,1024
1846,Ant-v5,near,0,1548.3443603515625,236.73523071076278,29.281314849853516,0.32,16,32.0,"even-indexed (l1, l3, …); LS on next layer",0.3,0.1,1024
1847,Ant-v5,near,0,1714.5518798828125,231.72509907984235,30.99342155456543,0.32,16,32.0,"even-indexed (l1, l3, …); LS on next layer",0.3,0.1,1024
1848,Ant-v5,near,0,879.3475952148438,117.60969758063965,18.962631225585938,0.32,16,32.0,"even-indexed (l1, l3, …); LS on next layer",0.3,0.1,1024
1849,Ant-v5,near,0,5189.787109375,633.7528761197528,26.013874053955078,0.32,16,32.0,"even-indexed (l1, l3, …); LS on next layer",0.3,0.1,1024
1850,Ant-v5,near,0,1218.7327880859375,172.91911785141764,25.444377899169922,0.32,16,32.0,"even-indexed (l1, l3, …); LS on next layer",0.3,0.1,1024
1851,Ant-v5,near,0,2288.278076171875,236.12316268471488,17.103750228881836,0.32,16,32.0,"even-indexed (l1, l3, …); LS on next layer",0.3,0.1,1024
1852,Ant-v5,near,0,2233.984619140625,284.7772064852952,30.14344596862793,0.32,16,32.0,"even-indexed (l1, l3, …); LS on next layer",0.3,0.1,1024
1853,Ant-v5,near,0,938.7174682617188,116.67091565235117,24.436046600341797,0.32,16,32.0,"even-indexed (l1, l3, …); LS on next layer",0.3,0.1,1024
1854,Ant-v5,near,0,553.814697265625,84.33626979380082,24.833284378051758,0.32,16,32.0,"even-indexed (l1, l3, …); LS on next layer",0.3,0.1,1024
1855,Ant-v5,near,0,800.6141357421875,96.97859344966574,20.978322982788086,0.32,16,32.0,"even-indexed (l1, l3, …); LS on next layer",0.3,0.1,1024
1856,Ant-v5,near,0,1901.1661376953125,399.81682431395177,62.06149673461914,0.32,16,32.0,"even-indexed (l1, l3, …); LS on next layer",0.3,0.1,1024
1857,Ant-v5,near,0,2027.7635498046875,822.6407005129333,81.99088287353516,0.32,16,32.0,"even-indexed (l1, l3, …); LS on next layer",0.3,0.1,1024
1858,Ant-v5,near,0,2615.781982421875,430.7302944562422,46.34758758544922,0.32,16,32.0,"even-indexed (l1, l3, …); LS on next layer",0.3,0.1,1024
1859,Ant-v5,near,0,993.211181640625,146.69062191475282,22.494491577148438,0.32,16,32.0,"even-indexed (l1, l3, …); LS on next layer",0.3,0.1,1024
1860,Ant-v5,near,0,4832.2705078125,469.67621545848635,24.61146354675293,0.32,16,32.0,"even-indexed (l1, l3, …); LS on next layer",0.3,0.1,1024
1861,Ant-v5,near,0,1155.63037109375,125.24677947821476,15.838561058044434,0.32,16,32.0,"even-indexed (l1, l3, …); LS on next layer",0.3,0.1,1024
1862,Ant-v5,near,0,2713.403076171875,306.7543671189551,16.324405670166016,0.32,16,32.0,"even-indexed (l1, l3, …); LS on next layer",0.3,0.1,1024
1863,Ant-v5,near,0,2480.648681640625,375.8840547505728,31.037010192871094,0.32,16,32.0,"even-indexed (l1, l3, …); LS on next layer",0.3,0.1,1024
1864,Ant-v5,near,0,733.4346923828125,140.1802786650571,24.401165008544922,0.32,16,32.0,"even-indexed (l1, l3, …); LS on next layer",0.3,0.1,1024
1865,Ant-v5,near,0,850.8763427734375,152.59298797001193,23.319318771362305,0.32,16,32.0,"even-indexed (l1, l3, …); LS on next layer",0.3,0.1,1024
1866,Ant-v5,near,0,3403.069580078125,331.04201675742706,23.897031784057617,0.32,16,32.0,"even-indexed (l1, l3, …); LS on next layer",0.3,0.1,1024
1867,Ant-v5,near,0,2926.365478515625,356.89435372150507,25.604293823242188,0.32,16,32.0,"even-indexed (l1, l3, …); LS on next layer",0.3,0.1,1024
1868,Ant-v5,near,0,1020.6820678710938,131.6017129826048,17.889820098876953,0.32,16,32.0,"even-indexed (l1, l3, …); LS on next layer",0.3,0.1,1024
1869,Ant-v5,near,0,3481.1611328125,346.7005987553845,19.219648361206055,0.32,16,32.0,"even-indexed (l1, l3, …); LS on next layer",0.3,0.1,1024
1870,Ant-v5,near,0,1041.1658935546875,164.28824364634127,33.220340728759766,0.32,16,32.0,"even-indexed (l1, l3, …); LS on next layer",0.3,0.1,1024
1871,Ant-v5,near,0,1984.7171630859375,199.00199701251606,20.495851516723633,0.32,16,32.0,"even-indexed (l1, l3, …); LS on next layer",0.3,0.1,1024
1872,Ant-v5,near,0,3438.620849609375,549.7697029110875,36.17564392089844,0.32,16,32.0,"even-indexed (l1, l3, …); LS on next layer",0.3,0.1,1024
1873,Ant-v5,near,0,997.0861206054688,260.1624902999378,29.858156204223633,0.32,16,32.0,"even-indexed (l1, l3, …); LS on next layer",0.3,0.1,1024
1874,Ant-v5,near,0,1109.4461669921875,170.86841134757805,24.382043838500977,0.32,16,32.0,"even-indexed (l1, l3, …); LS on next layer",0.3,0.1,1024
1875,Ant-v5,near,0,2296.313720703125,256.72482319276946,23.51034927368164,0.32,16,32.0,"even-indexed (l1, l3, …); LS on next layer",0.3,0.1,1024
1876,Ant-v5,near,0,760.351806640625,125.94426663855754,29.251604080200195,0.32,16,32.0,"even-indexed (l1, l3, …); LS on next layer",0.3,0.1,1024
1877,Ant-v5,near,0,2818.70166015625,297.98031609474117,15.411296844482422,0.32,16,32.0,"even-indexed (l1, l3, …); LS on next layer",0.3,0.1,1024
1878,Ant-v5,near,0,3566.705078125,346.04114352524647,18.55539321899414,0.32,16,32.0,"even-indexed (l1, l3, …); LS on next layer",0.3,0.1,1024
1879,Ant-v5,near,0,1544.6490478515625,159.66956724442872,14.83227252960205,0.32,16,32.0,"even-indexed (l1, l3, …); LS on next layer",0.3,0.1,1024
1880,Ant-v5,near,0,817.7361450195312,139.55752537836545,22.813928604125977,0.32,16,32.0,"even-indexed (l1, l3, …); LS on next layer",0.3,0.1,1024
1881,Ant-v5,near,0,1418.67138671875,225.42353112825282,31.202335357666016,0.32,16,32.0,"even-indexed (l1, l3, …); LS on next layer",0.3,0.1,1024
1882,Ant-v5,near,0,811.1917114257812,176.32533587867772,30.735519409179688,0.32,16,32.0,"even-indexed (l1, l3, …); LS on next layer",0.3,0.1,1024
1883,Ant-v5,near,0,1198.364013671875,147.54252494162043,20.8608455657959,0.32,16,32.0,"even-indexed (l1, l3, …); LS on next layer",0.3,0.1,1024
1884,Ant-v5,near,0,1803.3341064453125,198.04037781002685,14.463179588317871,0.32,16,32.0,"even-indexed (l1, l3, …); LS on next layer",0.3,0.1,1024
1885,Ant-v5,near,0,1200.493896484375,137.12523189935578,18.136962890625,0.32,16,32.0,"even-indexed (l1, l3, …); LS on next layer",0.3,0.1,1024
1886,Ant-v5,near,0,955.8363647460938,110.74417856420428,13.361822128295898,0.32,16,32.0,"even-indexed (l1, l3, …); LS on next layer",0.3,0.1,1024
1887,Ant-v5,near,0,1678.43017578125,203.14005305495266,24.3669490814209,0.32,16,32.0,"even-indexed (l1, l3, …); LS on next layer",0.3,0.1,1024
1888,Ant-v5,near,0,3355.34033203125,332.4420518379284,24.047821044921875,0.32,16,32.0,"even-indexed (l1, l3, …); LS on next layer",0.3,0.1,1024
1889,Ant-v5,near,0,926.8148193359375,120.96257494546967,22.02021598815918,0.32,16,32.0,"even-indexed (l1, l3, …); LS on next layer",0.3,0.1,1024
1890,Ant-v5,near,0,929.5365600585938,127.96709601507689,18.96349334716797,0.32,16,32.0,"even-indexed (l1, l3, …); LS on next layer",0.3,0.1,1024
1891,Ant-v5,near,0,4937.404296875,546.9674910492558,38.3286018371582,0.32,16,32.0,"even-indexed (l1, l3, …); LS on next layer",0.3,0.1,1024
1892,Ant-v5,near,0,1201.52392578125,140.08390977293513,14.37724781036377,0.32,16,32.0,"even-indexed (l1, l3, …); LS on next layer",0.3,0.1,1024
1893,Ant-v5,near,0,2821.194091796875,299.9146707591043,24.933517456054688,0.32,16,32.0,"even-indexed (l1, l3, …); LS on next layer",0.3,0.1,1024
1894,Ant-v5,near,0,1117.459716796875,147.4457006808617,20.12081527709961,0.32,16,32.0,"even-indexed (l1, l3, …); LS on next layer",0.3,0.1,1024
1895,Ant-v5,near,0,2689.64990234375,290.82410272403956,18.355567932128906,0.32,16,32.0,"even-indexed (l1, l3, …); LS on next layer",0.3,0.1,1024
1896,Ant-v5,near,0,1605.1224365234375,565.7508238213566,50.63309860229492,0.32,16,32.0,"even-indexed (l1, l3, …); LS on next layer",0.3,0.1,1024
1897,Ant-v5,near,0,1629.87548828125,182.85348992763622,22.152631759643555,0.32,16,32.0,"even-indexed (l1, l3, …); LS on next layer",0.3,0.1,1024
1898,Ant-v5,near,0,1137.56982421875,153.86634173957947,42.96164321899414,0.32,16,32.0,"even-indexed (l1, l3, …); LS on next layer",0.3,0.1,1024
1899,Ant-v5,near,0,847.3743286132812,120.68698835216722,18.528228759765625,0.32,16,32.0,"even-indexed (l1, l3, …); LS on next layer",0.3,0.1,1024
1900,Ant-v5,near,0,4608.662109375,637.540741134481,34.498043060302734,0.32,16,32.0,"even-indexed (l1, l3, …); LS on next layer",0.3,0.1,1024
1901,Ant-v5,near,0,2506.518310546875,382.39096945659196,35.58788299560547,0.32,16,32.0,"even-indexed (l1, l3, …); LS on next layer",0.3,0.1,1024
1902,Ant-v5,near,0,1746.7706298828125,206.0823897578599,19.517696380615234,0.32,16,32.0,"even-indexed (l1, l3, …); LS on next layer",0.3,0.1,1024
1903,Ant-v5,near,0,1789.5697021484375,530.365519522346,48.263729095458984,0.32,16,32.0,"even-indexed (l1, l3, …); LS on next layer",0.3,0.1,1024
1904,Ant-v5,near,0,1528.1790771484375,208.70971133861553,27.35845947265625,0.32,16,32.0,"even-indexed (l1, l3, …); LS on next layer",0.3,0.1,1024
1905,Ant-v5,near,0,1148.05810546875,188.67293519742074,22.458158493041992,0.32,16,32.0,"even-indexed (l1, l3, …); LS on next layer",0.3,0.1,1024
1906,Ant-v5,near,0,641.8753662109375,113.5653604833854,20.004718780517578,0.32,16,32.0,"even-indexed (l1, l3, …); LS on next layer",0.3,0.1,1024
1907,Ant-v5,near,0,2024.8560791015625,265.4554750959548,24.9626522064209,0.32,16,32.0,"even-indexed (l1, l3, …); LS on next layer",0.3,0.1,1024
1908,Ant-v5,near,0,2151.169677734375,282.95441919040417,30.203128814697266,0.32,16,32.0,"even-indexed (l1, l3, …); LS on next layer",0.3,0.1,1024
1909,Ant-v5,near,0,829.5969848632812,118.01007143184387,18.487560272216797,0.32,16,32.0,"even-indexed (l1, l3, …); LS on next layer",0.3,0.1,1024
1910,Ant-v5,near,0,1980.9210205078125,207.48065831730423,15.743659019470215,0.32,16,32.0,"even-indexed (l1, l3, …); LS on next layer",0.3,0.1,1024
1911,Ant-v5,near,0,1065.072265625,129.14081127226916,22.597745895385742,0.32,16,32.0,"even-indexed (l1, l3, …); LS on next layer",0.3,0.1,1024
1912,Ant-v5,near,0,2827.14111328125,342.92834070274375,27.17160987854004,0.32,16,32.0,"even-indexed (l1, l3, …); LS on next layer",0.3,0.1,1024
1913,Ant-v5,near,0,923.9212646484375,123.2144174732245,18.54681396484375,0.32,16,32.0,"even-indexed (l1, l3, …); LS on next layer",0.3,0.1,1024
1914,Ant-v5,near,0,800.0599975585938,131.64392948428727,22.753419876098633,0.32,16,32.0,"even-indexed (l1, l3, …); LS on next layer",0.3,0.1,1024
1915,Ant-v5,near,0,4435.650390625,484.76845507659925,28.135265350341797,0.32,16,32.0,"even-indexed (l1, l3, …); LS on next layer",0.3,0.1,1024
1916,Ant-v5,near,0,936.7321166992188,116.01308524757462,18.18252944946289,0.32,16,32.0,"even-indexed (l1, l3, …); LS on next layer",0.3,0.1,1024
1917,Ant-v5,near,0,3006.892333984375,397.22953581574916,33.62081527709961,0.32,16,32.0,"even-indexed (l1, l3, …); LS on next layer",0.3,0.1,1024
1918,Ant-v5,near,0,2552.915771484375,309.70094956401516,24.301733016967773,0.32,16,32.0,"even-indexed (l1, l3, …); LS on next layer",0.3,0.1,1024
1919,Ant-v5,near,0,2455.961669921875,249.63721672867604,20.353567123413086,0.32,16,32.0,"even-indexed (l1, l3, …); LS on next layer",0.3,0.1,1024
1920,Ant-v5,near,0,868.6384887695312,106.7409013190472,19.302709579467773,0.32,16,32.0,"even-indexed (l1, l3, …); LS on next layer",0.3,0.1,1024
1921,Ant-v5,near,0,774.044189453125,134.71819440709075,25.418581008911133,0.32,16,32.0,"even-indexed (l1, l3, …); LS on next layer",0.3,0.1,1024
1922,Ant-v5,near,0,4819.6044921875,402.29010862331404,18.88226890563965,0.32,16,32.0,"even-indexed (l1, l3, …); LS on next layer",0.3,0.1,1024
1923,Ant-v5,near,0,887.4075317382812,128.50625393508537,20.367815017700195,0.32,16,32.0,"even-indexed (l1, l3, …); LS on next layer",0.3,0.1,1024
1924,Ant-v5,near,0,5347.86376953125,657.437262063879,32.284141540527344,0.32,16,32.0,"even-indexed (l1, l3, …); LS on next layer",0.3,0.1,1024
1925,Ant-v5,near,0,769.8444213867188,107.80517302688912,16.723630905151367,0.32,16,32.0,"even-indexed (l1, l3, …); LS on next layer",0.3,0.1,1024
1926,Ant-v5,near,0,1064.9046630859375,131.1806146372422,18.318958282470703,0.32,16,32.0,"even-indexed (l1, l3, …); LS on next layer",0.3,0.1,1024
1927,Ant-v5,near,0,1166.12451171875,167.0998388603666,22.677589416503906,0.32,16,32.0,"even-indexed (l1, l3, …); LS on next layer",0.3,0.1,1024
1928,Ant-v5,near,0,652.8717041015625,98.772235418375,23.00154685974121,0.32,16,32.0,"even-indexed (l1, l3, …); LS on next layer",0.3,0.1,1024
1929,Ant-v5,near,0,4073.373291015625,428.0026931481133,29.930702209472656,0.32,16,32.0,"even-indexed (l1, l3, …); LS on next layer",0.3,0.1,1024
1930,Ant-v5,near,0,888.3849487304688,146.30589583998403,21.2299861907959,0.32,16,32.0,"even-indexed (l1, l3, …); LS on next layer",0.3,0.1,1024
1931,Ant-v5,near,0,4179.29052734375,454.1730364915127,24.088626861572266,0.32,16,32.0,"even-indexed (l1, l3, …); LS on next layer",0.3,0.1,1024
1932,Ant-v5,near,0,947.0523681640625,105.85128602988254,15.88945198059082,0.32,16,32.0,"even-indexed (l1, l3, …); LS on next layer",0.3,0.1,1024
1933,Ant-v5,near,0,1820.7578125,293.86448246691714,29.158384323120117,0.32,16,32.0,"even-indexed (l1, l3, …); LS on next layer",0.3,0.1,1024
1934,Ant-v5,near,0,1229.4337158203125,194.55153910789807,24.046464920043945,0.32,16,32.0,"even-indexed (l1, l3, …); LS on next layer",0.3,0.1,1024
1935,Ant-v5,near,0,1564.56298828125,273.26641115714267,70.40316009521484,0.32,16,32.0,"even-indexed (l1, l3, …); LS on next layer",0.3,0.1,1024
1936,Ant-v5,near,0,1034.05126953125,123.79687801112524,19.143922805786133,0.32,16,32.0,"even-indexed (l1, l3, …); LS on next layer",0.3,0.1,1024
1937,Ant-v5,near,0,2040.9224853515625,247.53548443338013,22.976362228393555,0.32,16,32.0,"even-indexed (l1, l3, …); LS on next layer",0.3,0.1,1024
1938,Ant-v5,near,0,1935.925048828125,234.55212024006923,19.247230529785156,0.32,16,32.0,"even-indexed (l1, l3, …); LS on next layer",0.3,0.1,1024
1939,Ant-v5,near,0,1928.0302734375,310.8677313876983,27.93731117248535,0.32,16,32.0,"even-indexed (l1, l3, …); LS on next layer",0.3,0.1,1024
1940,Ant-v5,near,0,2991.3310546875,373.5720137910912,21.94068145751953,0.32,16,32.0,"even-indexed (l1, l3, …); LS on next layer",0.3,0.1,1024
1941,Ant-v5,near,0,1979.749267578125,237.57691205791352,20.526700973510742,0.32,16,32.0,"even-indexed (l1, l3, …); LS on next layer",0.3,0.1,1024
1942,Ant-v5,near,0,1158.9742431640625,156.4407759686872,20.479595184326172,0.32,16,32.0,"even-indexed (l1, l3, …); LS on next layer",0.3,0.1,1024
1943,Ant-v5,near,0,854.6324462890625,113.71486678336515,18.098220825195312,0.32,16,32.0,"even-indexed (l1, l3, …); LS on next layer",0.3,0.1,1024
1944,Ant-v5,near,0,1806.5897216796875,178.9530238033988,20.225414276123047,0.32,16,32.0,"even-indexed (l1, l3, …); LS on next layer",0.3,0.1,1024
1945,Ant-v5,near,0,1645.514892578125,294.95369964089446,39.103843688964844,0.32,16,32.0,"even-indexed (l1, l3, …); LS on next layer",0.3,0.1,1024
1946,Ant-v5,near,0,1294.4207763671875,176.75318078711516,29.531431198120117,0.32,16,32.0,"even-indexed (l1, l3, …); LS on next layer",0.3,0.1,1024
1947,Ant-v5,near,0,804.57470703125,138.60133739926053,30.16095542907715,0.32,16,32.0,"even-indexed (l1, l3, …); LS on next layer",0.3,0.1,1024
1948,Ant-v5,near,0,428.767822265625,91.86436930605996,23.826766967773438,0.32,16,32.0,"even-indexed (l1, l3, …); LS on next layer",0.3,0.1,1024
1949,Ant-v5,near,0,2894.55029296875,321.0757549675076,26.355939865112305,0.32,16,32.0,"even-indexed (l1, l3, …); LS on next layer",0.3,0.1,1024
1950,Ant-v5,near,0,1371.99072265625,204.60966512571187,23.632328033447266,0.32,16,32.0,"even-indexed (l1, l3, …); LS on next layer",0.3,0.1,1024
1951,Ant-v5,near,0,1538.510498046875,170.49622699868456,13.73849868774414,0.32,16,32.0,"even-indexed (l1, l3, …); LS on next layer",0.3,0.1,1024
1952,Ant-v5,near,0,2923.114501953125,354.74884638944354,22.484899520874023,0.32,16,32.0,"even-indexed (l1, l3, …); LS on next layer",0.3,0.1,1024
1953,Ant-v5,near,0,939.577392578125,113.3762793236491,20.684749603271484,0.32,16,32.0,"even-indexed (l1, l3, …); LS on next layer",0.3,0.1,1024
1954,Ant-v5,near,0,1766.42431640625,191.1567313950012,13.9055757522583,0.32,16,32.0,"even-indexed (l1, l3, …); LS on next layer",0.3,0.1,1024
1955,Ant-v5,near,0,1198.0723876953125,142.39254313766745,20.957469940185547,0.32,16,32.0,"even-indexed (l1, l3, …); LS on next layer",0.3,0.1,1024
1956,Ant-v5,near,0,2601.22998046875,276.42680070370625,25.09930992126465,0.32,16,32.0,"even-indexed (l1, l3, …); LS on next layer",0.3,0.1,1024
1957,Ant-v5,near,0,1136.2078857421875,133.68840141516074,17.2846622467041,0.32,16,32.0,"even-indexed (l1, l3, …); LS on next layer",0.3,0.1,1024
1958,Ant-v5,near,0,1062.95654296875,120.6195906147872,19.05159568786621,0.32,16,32.0,"even-indexed (l1, l3, …); LS on next layer",0.3,0.1,1024
1959,Ant-v5,near,0,1260.95947265625,156.86402639027688,17.61400032043457,0.32,16,32.0,"even-indexed (l1, l3, …); LS on next layer",0.3,0.1,1024
1960,Ant-v5,near,0,654.0013427734375,113.42075009173121,23.178573608398438,0.32,16,32.0,"even-indexed (l1, l3, …); LS on next layer",0.3,0.1,1024
1961,Ant-v5,near,0,1823.8270263671875,227.44989130410494,23.702116012573242,0.32,16,32.0,"even-indexed (l1, l3, …); LS on next layer",0.3,0.1,1024
1962,Ant-v5,near,0,2399.544189453125,284.48763034068986,32.68444061279297,0.32,16,32.0,"even-indexed (l1, l3, …); LS on next layer",0.3,0.1,1024
1963,Ant-v5,near,0,1640.5924072265625,206.4078415191517,15.342101097106934,0.32,16,32.0,"even-indexed (l1, l3, …); LS on next layer",0.3,0.1,1024
1964,Ant-v5,near,0,2557.9580078125,269.95486461639143,25.545700073242188,0.32,16,32.0,"even-indexed (l1, l3, …); LS on next layer",0.3,0.1,1024
1965,Ant-v5,near,0,791.1396484375,174.63381474427953,27.32750701904297,0.32,16,32.0,"even-indexed (l1, l3, …); LS on next layer",0.3,0.1,1024
1966,Ant-v5,near,0,785.0132446289062,115.42260115872719,23.174989700317383,0.32,16,32.0,"even-indexed (l1, l3, …); LS on next layer",0.3,0.1,1024
1967,Ant-v5,near,0,3260.31591796875,332.7851198550104,16.667619705200195,0.32,16,32.0,"even-indexed (l1, l3, …); LS on next layer",0.3,0.1,1024
1968,Ant-v5,near,0,1333.317138671875,170.90163193122808,20.69192123413086,0.32,16,32.0,"even-indexed (l1, l3, …); LS on next layer",0.3,0.1,1024
1969,Ant-v5,near,0,1297.3411865234375,172.1026436512676,27.578279495239258,0.32,16,32.0,"even-indexed (l1, l3, …); LS on next layer",0.3,0.1,1024
1970,Ant-v5,near,0,1154.5888671875,160.9015348707746,23.236238479614258,0.32,16,32.0,"even-indexed (l1, l3, …); LS on next layer",0.3,0.1,1024
1971,Ant-v5,near,0,5835.048828125,575.1638163948113,23.191734313964844,0.32,16,32.0,"even-indexed (l1, l3, …); LS on next layer",0.3,0.1,1024
1972,Ant-v5,near,0,2857.728515625,368.7928256672734,33.879432678222656,0.32,16,32.0,"even-indexed (l1, l3, …); LS on next layer",0.3,0.1,1024
1973,Ant-v5,near,0,1209.7359619140625,215.95345776272222,28.638086318969727,0.32,16,32.0,"even-indexed (l1, l3, …); LS on next layer",0.3,0.1,1024
1974,Ant-v5,near,0,1544.4932861328125,181.4265273305979,18.104089736938477,0.32,16,32.0,"even-indexed (l1, l3, …); LS on next layer",0.3,0.1,1024
1975,Ant-v5,near,0,891.320556640625,122.45913989141692,18.051725387573242,0.32,16,32.0,"even-indexed (l1, l3, …); LS on next layer",0.3,0.1,1024
1976,Ant-v5,near,0,834.7173461914062,105.27534809092344,15.279675483703613,0.32,16,32.0,"even-indexed (l1, l3, …); LS on next layer",0.3,0.1,1024
1977,Ant-v5,near,0,3341.44384765625,354.2041461145127,30.324073791503906,0.32,16,32.0,"even-indexed (l1, l3, …); LS on next layer",0.3,0.1,1024
1978,Ant-v5,near,0,2636.573974609375,428.7758571119265,39.53553009033203,0.32,16,32.0,"even-indexed (l1, l3, …); LS on next layer",0.3,0.1,1024
1979,Ant-v5,near,0,1146.280029296875,150.06632225050393,23.633153915405273,0.32,16,32.0,"even-indexed (l1, l3, …); LS on next layer",0.3,0.1,1024
1980,Ant-v5,near,0,988.94482421875,147.89998151410387,63.061729431152344,0.32,16,32.0,"even-indexed (l1, l3, …); LS on next layer",0.3,0.1,1024
1981,Ant-v5,near,0,2487.644775390625,265.568139215559,22.481372833251953,0.32,16,32.0,"even-indexed (l1, l3, …); LS on next layer",0.3,0.1,1024
1982,Ant-v5,near,0,996.2615966796875,145.5613843021378,22.4150447845459,0.32,16,32.0,"even-indexed (l1, l3, …); LS on next layer",0.3,0.1,1024
1983,Ant-v5,near,0,3335.02685546875,426.0221395579848,32.48572540283203,0.32,16,32.0,"even-indexed (l1, l3, …); LS on next layer",0.3,0.1,1024
1984,Ant-v5,near,0,1542.99462890625,162.60446677792496,14.183093070983887,0.32,16,32.0,"even-indexed (l1, l3, …); LS on next layer",0.3,0.1,1024
1985,Ant-v5,near,0,1045.828125,138.19997344657645,21.250165939331055,0.32,16,32.0,"even-indexed (l1, l3, …); LS on next layer",0.3,0.1,1024
1986,Ant-v5,near,0,6286.56201171875,729.0564059908528,28.201730728149414,0.32,16,32.0,"even-indexed (l1, l3, …); LS on next layer",0.3,0.1,1024
1987,Ant-v5,near,0,1880.528564453125,293.82130909180285,33.01362991333008,0.32,16,32.0,"even-indexed (l1, l3, …); LS on next layer",0.3,0.1,1024
1988,Ant-v5,near,0,3423.458251953125,375.5656541945457,37.5704460144043,0.32,16,32.0,"even-indexed (l1, l3, …); LS on next layer",0.3,0.1,1024
1989,Ant-v5,near,0,1580.4976806640625,180.45653438779388,17.964401245117188,0.32,16,32.0,"even-indexed (l1, l3, …); LS on next layer",0.3,0.1,1024
1990,Ant-v5,near,0,1580.3314208984375,213.1887501790038,28.587778091430664,0.32,16,32.0,"even-indexed (l1, l3, …); LS on next layer",0.3,0.1,1024
1991,Ant-v5,near,0,1623.0367431640625,195.69413002437193,15.296282768249512,0.32,16,32.0,"even-indexed (l1, l3, …); LS on next layer",0.3,0.1,1024
1992,Ant-v5,near,0,3820.425048828125,389.45941437150145,21.141189575195312,0.32,16,32.0,"even-indexed (l1, l3, …); LS on next layer",0.3,0.1,1024
1993,Ant-v5,near,0,1202.403076171875,145.38821581635764,13.558257102966309,0.32,16,32.0,"even-indexed (l1, l3, …); LS on next layer",0.3,0.1,1024
1994,Ant-v5,near,0,4386.56982421875,757.0476332993542,41.92243576049805,0.32,16,32.0,"even-indexed (l1, l3, …); LS on next layer",0.3,0.1,1024
1995,Ant-v5,near,0,5047.81787109375,529.7742170966887,24.063995361328125,0.32,16,32.0,"even-indexed (l1, l3, …); LS on next layer",0.3,0.1,1024
1996,Ant-v5,near,0,590.1917114257812,94.62976388241319,15.873188018798828,0.32,16,32.0,"even-indexed (l1, l3, …); LS on next layer",0.3,0.1,1024
1997,Ant-v5,near,0,759.9774780273438,261.68375837884753,115.00894927978516,0.32,16,32.0,"even-indexed (l1, l3, …); LS on next layer",0.3,0.1,1024
1998,Ant-v5,near,0,865.0487060546875,187.91509202083424,40.026920318603516,0.32,16,32.0,"even-indexed (l1, l3, …); LS on next layer",0.3,0.1,1024
1999,Ant-v5,near,0,1306.2705078125,298.4344188339137,38.74211883544922,0.32,16,32.0,"even-indexed (l1, l3, …); LS on next layer",0.3,0.1,1024
2000,Ant-v5,mid,0,1080.66650390625,227.39911097207394,43.10695266723633,0.32,16,32.0,"even-indexed (l1, l3, …); LS on next layer",0.3,0.1,1024
2001,Ant-v5,mid,0,1538.4879150390625,1208.194518407899,64.03724670410156,0.32,16,32.0,"even-indexed (l1, l3, …); LS on next layer",0.3,0.1,1024
2002,Ant-v5,mid,0,829.0882568359375,135.61823880757413,23.289216995239258,0.32,16,32.0,"even-indexed (l1, l3, …); LS on next layer",0.3,0.1,1024
2003,Ant-v5,mid,0,333.7821044921875,80.41718301340376,23.72505760192871,0.32,16,32.0,"even-indexed (l1, l3, …); LS on next layer",0.3,0.1,1024
2004,Ant-v5,mid,0,1865.7811279296875,448.3178368383685,53.98237228393555,0.32,16,32.0,"even-indexed (l1, l3, …); LS on next layer",0.3,0.1,1024
2005,Ant-v5,mid,0,2221.972900390625,227.2440169814704,22.472026824951172,0.32,16,32.0,"even-indexed (l1, l3, …); LS on next layer",0.3,0.1,1024
2006,Ant-v5,mid,0,1321.4395751953125,233.03145790242047,35.37556076049805,0.32,16,32.0,"even-indexed (l1, l3, …); LS on next layer",0.3,0.1,1024
2007,Ant-v5,mid,0,2885.339599609375,309.6699791283356,27.22164535522461,0.32,16,32.0,"even-indexed (l1, l3, …); LS on next layer",0.3,0.1,1024
2008,Ant-v5,mid,0,1821.926513671875,189.83323952523406,15.83217716217041,0.32,16,32.0,"even-indexed (l1, l3, …); LS on next layer",0.3,0.1,1024
2009,Ant-v5,mid,0,517.400390625,114.98050433807595,24.37759017944336,0.32,16,32.0,"even-indexed (l1, l3, …); LS on next layer",0.3,0.1,1024
2010,Ant-v5,mid,0,1287.6385498046875,212.4637280070077,35.554954528808594,0.32,16,32.0,"even-indexed (l1, l3, …); LS on next layer",0.3,0.1,1024
2011,Ant-v5,mid,0,740.0169677734375,182.28793619468442,32.75945281982422,0.32,16,32.0,"even-indexed (l1, l3, …); LS on next layer",0.3,0.1,1024
2012,Ant-v5,mid,0,2376.754638671875,325.7984678405817,43.20790481567383,0.32,16,32.0,"even-indexed (l1, l3, …); LS on next layer",0.3,0.1,1024
2013,Ant-v5,mid,0,2418.82373046875,325.57915827248166,36.169097900390625,0.32,16,32.0,"even-indexed (l1, l3, …); LS on next layer",0.3,0.1,1024
2014,Ant-v5,mid,0,2914.92431640625,295.58883088378803,20.709993362426758,0.32,16,32.0,"even-indexed (l1, l3, …); LS on next layer",0.3,0.1,1024
2015,Ant-v5,mid,0,777.5800170898438,103.5881661014171,18.60063362121582,0.32,16,32.0,"even-indexed (l1, l3, …); LS on next layer",0.3,0.1,1024
2016,Ant-v5,mid,0,2195.954833984375,268.23088590417683,26.58873176574707,0.32,16,32.0,"even-indexed (l1, l3, …); LS on next layer",0.3,0.1,1024
2017,Ant-v5,mid,0,2029.6065673828125,204.3159987137313,20.334575653076172,0.32,16,32.0,"even-indexed (l1, l3, …); LS on next layer",0.3,0.1,1024
2018,Ant-v5,mid,0,1666.305908203125,187.58998261081751,15.91646957397461,0.32,16,32.0,"even-indexed (l1, l3, …); LS on next layer",0.3,0.1,1024
2019,Ant-v5,mid,0,685.1207885742188,94.66221736865927,17.232135772705078,0.32,16,32.0,"even-indexed (l1, l3, …); LS on next layer",0.3,0.1,1024
2020,Ant-v5,mid,0,1900.96484375,301.5131529869226,40.844242095947266,0.32,16,32.0,"even-indexed (l1, l3, …); LS on next layer",0.3,0.1,1024
2021,Ant-v5,mid,0,1466.0009765625,168.7470377082592,17.622671127319336,0.32,16,32.0,"even-indexed (l1, l3, …); LS on next layer",0.3,0.1,1024
2022,Ant-v5,mid,0,523.823974609375,82.38877385944738,20.442142486572266,0.32,16,32.0,"even-indexed (l1, l3, …); LS on next layer",0.3,0.1,1024
2023,Ant-v5,mid,0,579.446044921875,90.74298319033593,20.230924606323242,0.32,16,32.0,"even-indexed (l1, l3, …); LS on next layer",0.3,0.1,1024
2024,Ant-v5,mid,0,1105.736083984375,229.398676256572,34.234161376953125,0.32,16,32.0,"even-indexed (l1, l3, …); LS on next layer",0.3,0.1,1024
2025,Ant-v5,mid,0,1437.3287353515625,261.3912843625483,46.16337203979492,0.32,16,32.0,"even-indexed (l1, l3, …); LS on next layer",0.3,0.1,1024
2026,Ant-v5,mid,0,1776.857666015625,176.32020992865384,21.936351776123047,0.32,16,32.0,"even-indexed (l1, l3, …); LS on next layer",0.3,0.1,1024
2027,Ant-v5,mid,0,893.5142822265625,113.44989576793319,17.30763053894043,0.32,16,32.0,"even-indexed (l1, l3, …); LS on next layer",0.3,0.1,1024
2028,Ant-v5,mid,0,3161.498291015625,478.55978217245115,48.55315017700195,0.32,16,32.0,"even-indexed (l1, l3, …); LS on next layer",0.3,0.1,1024
2029,Ant-v5,mid,0,1846.7130126953125,322.57442445296135,36.94728469848633,0.32,16,32.0,"even-indexed (l1, l3, …); LS on next layer",0.3,0.1,1024
2030,Ant-v5,mid,0,4263.0439453125,538.4872982526985,27.78738021850586,0.32,16,32.0,"even-indexed (l1, l3, …); LS on next layer",0.3,0.1,1024
2031,Ant-v5,mid,0,2152.66650390625,253.4232863504252,22.914695739746094,0.32,16,32.0,"even-indexed (l1, l3, …); LS on next layer",0.3,0.1,1024
2032,Ant-v5,mid,0,1627.0762939453125,204.1166618876322,32.32094955444336,0.32,16,32.0,"even-indexed (l1, l3, …); LS on next layer",0.3,0.1,1024
2033,Ant-v5,mid,0,4463.74658203125,440.03118782075404,20.394935607910156,0.32,16,32.0,"even-indexed (l1, l3, …); LS on next layer",0.3,0.1,1024
2034,Ant-v5,mid,0,1231.8367919921875,215.88225700224973,85.63497161865234,0.32,16,32.0,"even-indexed (l1, l3, …); LS on next layer",0.3,0.1,1024
2035,Ant-v5,mid,0,793.04150390625,135.78668861880385,30.04066276550293,0.32,16,32.0,"even-indexed (l1, l3, …); LS on next layer",0.3,0.1,1024
2036,Ant-v5,mid,0,911.470703125,178.59790488365752,29.21343231201172,0.32,16,32.0,"even-indexed (l1, l3, …); LS on next layer",0.3,0.1,1024
2037,Ant-v5,mid,0,1079.1318359375,119.23884022105221,20.005178451538086,0.32,16,32.0,"even-indexed (l1, l3, …); LS on next layer",0.3,0.1,1024
2038,Ant-v5,mid,0,4280.88916015625,451.5631530900937,23.858671188354492,0.32,16,32.0,"even-indexed (l1, l3, …); LS on next layer",0.3,0.1,1024
2039,Ant-v5,mid,0,1528.2674560546875,193.97284315535768,23.067405700683594,0.32,16,32.0,"even-indexed (l1, l3, …); LS on next layer",0.3,0.1,1024
2040,Ant-v5,mid,0,1102.5084228515625,133.93887583438283,20.596324920654297,0.32,16,32.0,"even-indexed (l1, l3, …); LS on next layer",0.3,0.1,1024
2041,Ant-v5,mid,0,1329.108642578125,221.9822476149956,36.261573791503906,0.32,16,32.0,"even-indexed (l1, l3, …); LS on next layer",0.3,0.1,1024
2042,Ant-v5,mid,0,1618.740478515625,242.84902837276815,35.243839263916016,0.32,16,32.0,"even-indexed (l1, l3, …); LS on next layer",0.3,0.1,1024
2043,Ant-v5,mid,0,2052.69677734375,297.7322527253149,37.8117790222168,0.32,16,32.0,"even-indexed (l1, l3, …); LS on next layer",0.3,0.1,1024
2044,Ant-v5,mid,0,777.9027709960938,109.49039917466322,16.23783302307129,0.32,16,32.0,"even-indexed (l1, l3, …); LS on next layer",0.3,0.1,1024
2045,Ant-v5,mid,0,1834.6717529296875,209.53653305958443,20.438947677612305,0.32,16,32.0,"even-indexed (l1, l3, …); LS on next layer",0.3,0.1,1024
2046,Ant-v5,mid,0,931.2758178710938,152.0769188809731,33.197044372558594,0.32,16,32.0,"even-indexed (l1, l3, …); LS on next layer",0.3,0.1,1024
2047,Ant-v5,mid,0,3349.333740234375,377.21053091961016,26.372413635253906,0.32,16,32.0,"even-indexed (l1, l3, …); LS on next layer",0.3,0.1,1024
2048,Ant-v5,mid,0,799.8848266601562,106.74172867904548,17.483810424804688,0.32,16,32.0,"even-indexed (l1, l3, …); LS on next layer",0.3,0.1,1024
2049,Ant-v5,mid,0,2751.66015625,338.8455709440357,27.933597564697266,0.32,16,32.0,"even-indexed (l1, l3, …); LS on next layer",0.3,0.1,1024
2050,Ant-v5,mid,0,2929.7978515625,371.6375060732262,33.148494720458984,0.32,16,32.0,"even-indexed (l1, l3, …); LS on next layer",0.3,0.1,1024
2051,Ant-v5,mid,0,1897.7646484375,217.2477493149057,24.481067657470703,0.32,16,32.0,"even-indexed (l1, l3, …); LS on next layer",0.3,0.1,1024
2052,Ant-v5,mid,0,1346.3394775390625,225.95833771894485,26.664405822753906,0.32,16,32.0,"even-indexed (l1, l3, …); LS on next layer",0.3,0.1,1024
2053,Ant-v5,mid,0,3124.11865234375,404.11589765100246,29.2730712890625,0.32,16,32.0,"even-indexed (l1, l3, …); LS on next layer",0.3,0.1,1024
2054,Ant-v5,mid,0,834.6932983398438,136.91237740549795,27.103391647338867,0.32,16,32.0,"even-indexed (l1, l3, …); LS on next layer",0.3,0.1,1024
2055,Ant-v5,mid,0,4251.05517578125,509.19228297657355,25.653125762939453,0.32,16,32.0,"even-indexed (l1, l3, …); LS on next layer",0.3,0.1,1024
2056,Ant-v5,mid,0,1645.070556640625,307.199237081409,41.31557846069336,0.32,16,32.0,"even-indexed (l1, l3, …); LS on next layer",0.3,0.1,1024
2057,Ant-v5,mid,0,1144.955322265625,119.81417072397898,22.380653381347656,0.32,16,32.0,"even-indexed (l1, l3, …); LS on next layer",0.3,0.1,1024
2058,Ant-v5,mid,0,562.6842651367188,78.99713421336563,14.131805419921875,0.32,16,32.0,"even-indexed (l1, l3, …); LS on next layer",0.3,0.1,1024
2059,Ant-v5,mid,0,866.7855834960938,157.05291041499197,27.104103088378906,0.32,16,32.0,"even-indexed (l1, l3, …); LS on next layer",0.3,0.1,1024
2060,Ant-v5,mid,0,2896.655029296875,309.052274176179,22.63384437561035,0.32,16,32.0,"even-indexed (l1, l3, …); LS on next layer",0.3,0.1,1024
2061,Ant-v5,mid,0,562.0377807617188,79.04195617728055,19.090503692626953,0.32,16,32.0,"even-indexed (l1, l3, …); LS on next layer",0.3,0.1,1024
2062,Ant-v5,mid,0,4579.37451171875,435.99221719544494,22.22498321533203,0.32,16,32.0,"even-indexed (l1, l3, …); LS on next layer",0.3,0.1,1024
2063,Ant-v5,mid,0,2789.21044921875,326.89952623152647,25.593481063842773,0.32,16,32.0,"even-indexed (l1, l3, …); LS on next layer",0.3,0.1,1024
2064,Ant-v5,mid,0,4771.4921875,515.9880914098562,20.767467498779297,0.32,16,32.0,"even-indexed (l1, l3, …); LS on next layer",0.3,0.1,1024
2065,Ant-v5,mid,0,2591.037353515625,332.84360062189705,31.817047119140625,0.32,16,32.0,"even-indexed (l1, l3, …); LS on next layer",0.3,0.1,1024
2066,Ant-v5,mid,0,1132.048828125,195.57338328811596,30.38060760498047,0.32,16,32.0,"even-indexed (l1, l3, …); LS on next layer",0.3,0.1,1024
2067,Ant-v5,mid,0,632.468017578125,162.8264875667089,30.47713279724121,0.32,16,32.0,"even-indexed (l1, l3, …); LS on next layer",0.3,0.1,1024
2068,Ant-v5,mid,0,737.2229614257812,98.96352595182105,18.909212112426758,0.32,16,32.0,"even-indexed (l1, l3, …); LS on next layer",0.3,0.1,1024
2069,Ant-v5,mid,0,4176.28564453125,433.6969818535789,24.790992736816406,0.32,16,32.0,"even-indexed (l1, l3, …); LS on next layer",0.3,0.1,1024
2070,Ant-v5,mid,0,2527.267333984375,331.0806400121153,34.3770637512207,0.32,16,32.0,"even-indexed (l1, l3, …); LS on next layer",0.3,0.1,1024
2071,Ant-v5,mid,0,637.7259521484375,81.66045507497518,16.48387336730957,0.32,16,32.0,"even-indexed (l1, l3, …); LS on next layer",0.3,0.1,1024
2072,Ant-v5,mid,0,3750.208984375,428.6564807507433,25.052236557006836,0.32,16,32.0,"even-indexed (l1, l3, …); LS on next layer",0.3,0.1,1024
2073,Ant-v5,mid,0,378.3765869140625,95.624712602801,23.08207130432129,0.32,16,32.0,"even-indexed (l1, l3, …); LS on next layer",0.3,0.1,1024
2074,Ant-v5,mid,0,791.2542724609375,180.37050717540626,32.801979064941406,0.32,16,32.0,"even-indexed (l1, l3, …); LS on next layer",0.3,0.1,1024
2075,Ant-v5,mid,0,655.2507934570312,85.22565058275686,17.880844116210938,0.32,16,32.0,"even-indexed (l1, l3, …); LS on next layer",0.3,0.1,1024
2076,Ant-v5,mid,0,713.65283203125,113.3777984080574,28.759235382080078,0.32,16,32.0,"even-indexed (l1, l3, …); LS on next layer",0.3,0.1,1024
2077,Ant-v5,mid,0,820.927490234375,232.19458605882878,28.996992111206055,0.32,16,32.0,"even-indexed (l1, l3, …); LS on next layer",0.3,0.1,1024
2078,Ant-v5,mid,0,2310.666259765625,479.0243579015703,44.2075080871582,0.32,16,32.0,"even-indexed (l1, l3, …); LS on next layer",0.3,0.1,1024
2079,Ant-v5,mid,0,575.85986328125,125.12834197988164,27.679109573364258,0.32,16,32.0,"even-indexed (l1, l3, …); LS on next layer",0.3,0.1,1024
2080,Ant-v5,mid,0,1683.750244140625,242.90181898655874,37.123165130615234,0.32,16,32.0,"even-indexed (l1, l3, …); LS on next layer",0.3,0.1,1024
2081,Ant-v5,mid,0,950.355712890625,118.11303425372085,15.89809799194336,0.32,16,32.0,"even-indexed (l1, l3, …); LS on next layer",0.3,0.1,1024
2082,Ant-v5,mid,0,582.7213134765625,84.23963876830098,18.25640296936035,0.32,16,32.0,"even-indexed (l1, l3, …); LS on next layer",0.3,0.1,1024
2083,Ant-v5,mid,0,760.14013671875,105.9564355008792,16.20183563232422,0.32,16,32.0,"even-indexed (l1, l3, …); LS on next layer",0.3,0.1,1024
2084,Ant-v5,mid,0,932.8374633789062,122.24771853042265,21.381031036376953,0.32,16,32.0,"even-indexed (l1, l3, …); LS on next layer",0.3,0.1,1024
2085,Ant-v5,mid,0,1056.92236328125,142.13614137813462,20.4361572265625,0.32,16,32.0,"even-indexed (l1, l3, …); LS on next layer",0.3,0.1,1024
2086,Ant-v5,mid,0,2972.47998046875,298.15510101108066,20.602569580078125,0.32,16,32.0,"even-indexed (l1, l3, …); LS on next layer",0.3,0.1,1024
2087,Ant-v5,mid,0,1050.182373046875,141.05720191694652,24.066268920898438,0.32,16,32.0,"even-indexed (l1, l3, …); LS on next layer",0.3,0.1,1024
2088,Ant-v5,mid,0,2405.6171875,335.03468050367223,31.949939727783203,0.32,16,32.0,"even-indexed (l1, l3, …); LS on next layer",0.3,0.1,1024
2089,Ant-v5,mid,0,1553.1929931640625,176.1753392897401,21.94943618774414,0.32,16,32.0,"even-indexed (l1, l3, …); LS on next layer",0.3,0.1,1024
2090,Ant-v5,mid,0,1030.07568359375,186.12434402928915,28.56841278076172,0.32,16,32.0,"even-indexed (l1, l3, …); LS on next layer",0.3,0.1,1024
2091,Ant-v5,mid,0,1885.132568359375,233.89316869116743,22.612829208374023,0.32,16,32.0,"even-indexed (l1, l3, …); LS on next layer",0.3,0.1,1024
2092,Ant-v5,mid,0,1304.7647705078125,180.05487710785593,22.829761505126953,0.32,16,32.0,"even-indexed (l1, l3, …); LS on next layer",0.3,0.1,1024
2093,Ant-v5,mid,0,597.065185546875,117.14978136915815,21.35395050048828,0.32,16,32.0,"even-indexed (l1, l3, …); LS on next layer",0.3,0.1,1024
2094,Ant-v5,mid,0,2187.21630859375,608.8483996001255,54.561805725097656,0.32,16,32.0,"even-indexed (l1, l3, …); LS on next layer",0.3,0.1,1024
2095,Ant-v5,mid,0,419.7322082519531,124.02511409994582,31.531963348388672,0.32,16,32.0,"even-indexed (l1, l3, …); LS on next layer",0.3,0.1,1024
2096,Ant-v5,mid,0,799.2552490234375,191.97591102841147,34.5483283996582,0.32,16,32.0,"even-indexed (l1, l3, …); LS on next layer",0.3,0.1,1024
2097,Ant-v5,mid,0,1599.5567626953125,229.16729791791207,27.63167953491211,0.32,16,32.0,"even-indexed (l1, l3, …); LS on next layer",0.3,0.1,1024
2098,Ant-v5,mid,0,852.3064575195312,320.2556241028824,45.10242462158203,0.32,16,32.0,"even-indexed (l1, l3, …); LS on next layer",0.3,0.1,1024
2099,Ant-v5,mid,0,619.076904296875,95.29571390594921,18.176799774169922,0.32,16,32.0,"even-indexed (l1, l3, …); LS on next layer",0.3,0.1,1024
2100,Ant-v5,mid,0,804.6802368164062,109.91753548759385,20.777713775634766,0.32,16,32.0,"even-indexed (l1, l3, …); LS on next layer",0.3,0.1,1024
2101,Ant-v5,mid,0,2020.055419921875,223.6579833893877,20.80980110168457,0.32,16,32.0,"even-indexed (l1, l3, …); LS on next layer",0.3,0.1,1024
2102,Ant-v5,mid,0,2499.080078125,269.8272751711512,19.731250762939453,0.32,16,32.0,"even-indexed (l1, l3, …); LS on next layer",0.3,0.1,1024
2103,Ant-v5,mid,0,1193.0438232421875,144.21354076090742,24.39545249938965,0.32,16,32.0,"even-indexed (l1, l3, …); LS on next layer",0.3,0.1,1024
2104,Ant-v5,mid,0,1432.21240234375,286.690314304116,44.185447692871094,0.32,16,32.0,"even-indexed (l1, l3, …); LS on next layer",0.3,0.1,1024
2105,Ant-v5,mid,0,646.0542602539062,105.66620738980626,19.896404266357422,0.32,16,32.0,"even-indexed (l1, l3, …); LS on next layer",0.3,0.1,1024
2106,Ant-v5,mid,0,2742.036376953125,258.2965486588129,25.589262008666992,0.32,16,32.0,"even-indexed (l1, l3, …); LS on next layer",0.3,0.1,1024
2107,Ant-v5,mid,0,791.7896728515625,112.91152024189086,22.17995834350586,0.32,16,32.0,"even-indexed (l1, l3, …); LS on next layer",0.3,0.1,1024
2108,Ant-v5,mid,0,435.5580749511719,91.81644478387324,22.862112045288086,0.32,16,32.0,"even-indexed (l1, l3, …); LS on next layer",0.3,0.1,1024
2109,Ant-v5,mid,0,2160.505126953125,212.55296314139505,18.61896324157715,0.32,16,32.0,"even-indexed (l1, l3, …); LS on next layer",0.3,0.1,1024
2110,Ant-v5,mid,0,961.5881958007812,119.6301483769478,17.70668601989746,0.32,16,32.0,"even-indexed (l1, l3, …); LS on next layer",0.3,0.1,1024
2111,Ant-v5,mid,0,382.8954162597656,64.86343912935604,16.318313598632812,0.32,16,32.0,"even-indexed (l1, l3, …); LS on next layer",0.3,0.1,1024
2112,Ant-v5,mid,0,1711.5296630859375,328.7372885235577,58.19133377075195,0.32,16,32.0,"even-indexed (l1, l3, …); LS on next layer",0.3,0.1,1024
2113,Ant-v5,mid,0,714.6217651367188,142.48262963349873,28.750457763671875,0.32,16,32.0,"even-indexed (l1, l3, …); LS on next layer",0.3,0.1,1024
2114,Ant-v5,mid,0,1121.2630615234375,233.08165724409756,34.97256088256836,0.32,16,32.0,"even-indexed (l1, l3, …); LS on next layer",0.3,0.1,1024
2115,Ant-v5,mid,0,1022.6183471679688,251.2674481488116,41.94658279418945,0.32,16,32.0,"even-indexed (l1, l3, …); LS on next layer",0.3,0.1,1024
2116,Ant-v5,mid,0,2349.697265625,408.3803525368029,45.646812438964844,0.32,16,32.0,"even-indexed (l1, l3, …); LS on next layer",0.3,0.1,1024
2117,Ant-v5,mid,0,660.9911499023438,133.96589163151285,29.13566017150879,0.32,16,32.0,"even-indexed (l1, l3, …); LS on next layer",0.3,0.1,1024
2118,Ant-v5,mid,0,568.0089721679688,113.64114920279772,23.546226501464844,0.32,16,32.0,"even-indexed (l1, l3, …); LS on next layer",0.3,0.1,1024
2119,Ant-v5,mid,0,777.9483642578125,97.3084643002745,18.251867294311523,0.32,16,32.0,"even-indexed (l1, l3, …); LS on next layer",0.3,0.1,1024
2120,Ant-v5,mid,0,626.4654541015625,87.35262581731351,17.577096939086914,0.32,16,32.0,"even-indexed (l1, l3, …); LS on next layer",0.3,0.1,1024
2121,Ant-v5,mid,0,1079.4923095703125,136.51589124913522,21.967195510864258,0.32,16,32.0,"even-indexed (l1, l3, …); LS on next layer",0.3,0.1,1024
2122,Ant-v5,mid,0,1095.9034423828125,197.0755828526628,35.90001678466797,0.32,16,32.0,"even-indexed (l1, l3, …); LS on next layer",0.3,0.1,1024
2123,Ant-v5,mid,0,638.8504028320312,110.35999555195019,20.047626495361328,0.32,16,32.0,"even-indexed (l1, l3, …); LS on next layer",0.3,0.1,1024
2124,Ant-v5,mid,0,1809.196044921875,286.2496599651149,38.19955825805664,0.32,16,32.0,"even-indexed (l1, l3, …); LS on next layer",0.3,0.1,1024
2125,Ant-v5,mid,0,1555.9400634765625,252.5668399944554,26.997074127197266,0.32,16,32.0,"even-indexed (l1, l3, …); LS on next layer",0.3,0.1,1024
2126,Ant-v5,mid,0,991.7029418945312,147.2802343236034,20.356740951538086,0.32,16,32.0,"even-indexed (l1, l3, …); LS on next layer",0.3,0.1,1024
2127,Ant-v5,mid,0,552.055419921875,84.90064412849489,16.70769691467285,0.32,16,32.0,"even-indexed (l1, l3, …); LS on next layer",0.3,0.1,1024
2128,Ant-v5,mid,0,4137.9619140625,493.6221371636842,28.765649795532227,0.32,16,32.0,"even-indexed (l1, l3, …); LS on next layer",0.3,0.1,1024
2129,Ant-v5,mid,0,4178.39501953125,450.5025352940513,20.08954620361328,0.32,16,32.0,"even-indexed (l1, l3, …); LS on next layer",0.3,0.1,1024
2130,Ant-v5,mid,0,4391.1513671875,404.2030969686997,20.992372512817383,0.32,16,32.0,"even-indexed (l1, l3, …); LS on next layer",0.3,0.1,1024
2131,Ant-v5,mid,0,3049.166015625,456.12907412440427,40.28764724731445,0.32,16,32.0,"even-indexed (l1, l3, …); LS on next layer",0.3,0.1,1024
2132,Ant-v5,mid,0,1168.2425537109375,211.41743515312285,47.24718475341797,0.32,16,32.0,"even-indexed (l1, l3, …); LS on next layer",0.3,0.1,1024
2133,Ant-v5,mid,0,1430.266357421875,187.6719596950649,37.33073043823242,0.32,16,32.0,"even-indexed (l1, l3, …); LS on next layer",0.3,0.1,1024
2134,Ant-v5,mid,0,1016.5673828125,162.22672326375823,30.48506736755371,0.32,16,32.0,"even-indexed (l1, l3, …); LS on next layer",0.3,0.1,1024
2135,Ant-v5,mid,0,584.6281127929688,91.71487213977066,17.615684509277344,0.32,16,32.0,"even-indexed (l1, l3, …); LS on next layer",0.3,0.1,1024
2136,Ant-v5,mid,0,2522.502197265625,284.7732559068951,20.71930503845215,0.32,16,32.0,"even-indexed (l1, l3, …); LS on next layer",0.3,0.1,1024
2137,Ant-v5,mid,0,761.2479858398438,95.28886880633833,20.051040649414062,0.32,16,32.0,"even-indexed (l1, l3, …); LS on next layer",0.3,0.1,1024
2138,Ant-v5,mid,0,617.0800170898438,86.25093654790143,19.184654235839844,0.32,16,32.0,"even-indexed (l1, l3, …); LS on next layer",0.3,0.1,1024
2139,Ant-v5,mid,0,1934.492431640625,210.83052432636194,35.55727767944336,0.32,16,32.0,"even-indexed (l1, l3, …); LS on next layer",0.3,0.1,1024
2140,Ant-v5,mid,0,965.9050903320312,169.7775443082493,24.622859954833984,0.32,16,32.0,"even-indexed (l1, l3, …); LS on next layer",0.3,0.1,1024
2141,Ant-v5,mid,0,2307.61474609375,334.04406229217096,32.673526763916016,0.32,16,32.0,"even-indexed (l1, l3, …); LS on next layer",0.3,0.1,1024
2142,Ant-v5,mid,0,3363.402587890625,411.2855665314885,23.255258560180664,0.32,16,32.0,"even-indexed (l1, l3, …); LS on next layer",0.3,0.1,1024
2143,Ant-v5,mid,0,4061.510498046875,411.01677129115365,26.38909912109375,0.32,16,32.0,"even-indexed (l1, l3, …); LS on next layer",0.3,0.1,1024
2144,Ant-v5,mid,0,2403.22998046875,251.10012077333087,19.197546005249023,0.32,16,32.0,"even-indexed (l1, l3, …); LS on next layer",0.3,0.1,1024
2145,Ant-v5,mid,0,594.2630004882812,81.07488676426392,17.251623153686523,0.32,16,32.0,"even-indexed (l1, l3, …); LS on next layer",0.3,0.1,1024
2146,Ant-v5,mid,0,1257.073974609375,276.35222533228705,35.224361419677734,0.32,16,32.0,"even-indexed (l1, l3, …); LS on next layer",0.3,0.1,1024
2147,Ant-v5,mid,0,1122.7060546875,136.519012434983,21.04549217224121,0.32,16,32.0,"even-indexed (l1, l3, …); LS on next layer",0.3,0.1,1024
2148,Ant-v5,mid,0,865.4139404296875,124.24639744141331,20.37978744506836,0.32,16,32.0,"even-indexed (l1, l3, …); LS on next layer",0.3,0.1,1024
2149,Ant-v5,mid,0,4257.0927734375,492.34661455637377,27.331682205200195,0.32,16,32.0,"even-indexed (l1, l3, …); LS on next layer",0.3,0.1,1024
2150,Ant-v5,mid,0,1257.3065185546875,167.72241158960907,26.993318557739258,0.32,16,32.0,"even-indexed (l1, l3, …); LS on next layer",0.3,0.1,1024
2151,Ant-v5,mid,0,1155.310302734375,215.8701837310792,24.684995651245117,0.32,16,32.0,"even-indexed (l1, l3, …); LS on next layer",0.3,0.1,1024
2152,Ant-v5,mid,0,840.2350463867188,101.54350857473531,18.292499542236328,0.32,16,32.0,"even-indexed (l1, l3, …); LS on next layer",0.3,0.1,1024
2153,Ant-v5,mid,0,1075.1766357421875,198.73569124455256,26.542451858520508,0.32,16,32.0,"even-indexed (l1, l3, …); LS on next layer",0.3,0.1,1024
2154,Ant-v5,mid,0,3553.03759765625,461.5949552212274,31.368305206298828,0.32,16,32.0,"even-indexed (l1, l3, …); LS on next layer",0.3,0.1,1024
2155,Ant-v5,mid,0,1683.6573486328125,230.81180782675128,27.74648094177246,0.32,16,32.0,"even-indexed (l1, l3, …); LS on next layer",0.3,0.1,1024
2156,Ant-v5,mid,0,336.2764587402344,73.00249772830267,21.055606842041016,0.32,16,32.0,"even-indexed (l1, l3, …); LS on next layer",0.3,0.1,1024
2157,Ant-v5,mid,0,292.4157409667969,64.92985145922668,18.835657119750977,0.32,16,32.0,"even-indexed (l1, l3, …); LS on next layer",0.3,0.1,1024
2158,Ant-v5,mid,0,1453.9326171875,234.2143352170437,37.45719909667969,0.32,16,32.0,"even-indexed (l1, l3, …); LS on next layer",0.3,0.1,1024
2159,Ant-v5,mid,0,4200.99462890625,408.8012284662683,22.07378578186035,0.32,16,32.0,"even-indexed (l1, l3, …); LS on next layer",0.3,0.1,1024
2160,Ant-v5,mid,0,1084.4517822265625,212.95852028033664,35.80617904663086,0.32,16,32.0,"even-indexed (l1, l3, …); LS on next layer",0.3,0.1,1024
2161,Ant-v5,mid,0,3220.2197265625,349.26542472764163,26.35552406311035,0.32,16,32.0,"even-indexed (l1, l3, …); LS on next layer",0.3,0.1,1024
2162,Ant-v5,mid,0,2035.647705078125,314.80235562027815,38.78620147705078,0.32,16,32.0,"even-indexed (l1, l3, …); LS on next layer",0.3,0.1,1024
2163,Ant-v5,mid,0,1050.573486328125,139.54108657953148,23.39398956298828,0.32,16,32.0,"even-indexed (l1, l3, …); LS on next layer",0.3,0.1,1024
2164,Ant-v5,mid,0,1014.9189453125,324.3919587036555,33.3410530090332,0.32,16,32.0,"even-indexed (l1, l3, …); LS on next layer",0.3,0.1,1024
2165,Ant-v5,mid,0,2553.78125,331.8804700737438,31.338844299316406,0.32,16,32.0,"even-indexed (l1, l3, …); LS on next layer",0.3,0.1,1024
2166,Ant-v5,mid,0,493.4908447265625,145.42385729697097,29.119707107543945,0.32,16,32.0,"even-indexed (l1, l3, …); LS on next layer",0.3,0.1,1024
2167,Ant-v5,mid,0,1063.126220703125,124.43145452948039,15.445865631103516,0.32,16,32.0,"even-indexed (l1, l3, …); LS on next layer",0.3,0.1,1024
2168,Ant-v5,mid,0,891.9203491210938,255.812724784164,38.7617073059082,0.32,16,32.0,"even-indexed (l1, l3, …); LS on next layer",0.3,0.1,1024
2169,Ant-v5,mid,0,873.15576171875,189.82022966021916,35.023162841796875,0.32,16,32.0,"even-indexed (l1, l3, …); LS on next layer",0.3,0.1,1024
2170,Ant-v5,mid,0,533.7551879882812,105.74486270951704,21.11159324645996,0.32,16,32.0,"even-indexed (l1, l3, …); LS on next layer",0.3,0.1,1024
2171,Ant-v5,mid,0,862.6505737304688,140.4833877107573,28.680301666259766,0.32,16,32.0,"even-indexed (l1, l3, …); LS on next layer",0.3,0.1,1024
2172,Ant-v5,mid,0,2268.967529296875,253.49030683500365,22.248125076293945,0.32,16,32.0,"even-indexed (l1, l3, …); LS on next layer",0.3,0.1,1024
2173,Ant-v5,mid,0,2991.880859375,340.4479353525535,25.558269500732422,0.32,16,32.0,"even-indexed (l1, l3, …); LS on next layer",0.3,0.1,1024
2174,Ant-v5,mid,0,2015.5748291015625,327.5434311607746,39.58427810668945,0.32,16,32.0,"even-indexed (l1, l3, …); LS on next layer",0.3,0.1,1024
2175,Ant-v5,mid,0,1072.7255859375,150.4061665238379,33.667850494384766,0.32,16,32.0,"even-indexed (l1, l3, …); LS on next layer",0.3,0.1,1024
2176,Ant-v5,mid,0,3356.470947265625,354.91687813563124,20.142467498779297,0.32,16,32.0,"even-indexed (l1, l3, …); LS on next layer",0.3,0.1,1024
2177,Ant-v5,mid,0,1855.6494140625,254.87985459992134,32.8053092956543,0.32,16,32.0,"even-indexed (l1, l3, …); LS on next layer",0.3,0.1,1024
2178,Ant-v5,mid,0,1426.26025390625,204.20169800294255,30.7728271484375,0.32,16,32.0,"even-indexed (l1, l3, …); LS on next layer",0.3,0.1,1024
2179,Ant-v5,mid,0,819.8109741210938,116.76493894255671,20.473316192626953,0.32,16,32.0,"even-indexed (l1, l3, …); LS on next layer",0.3,0.1,1024
2180,Ant-v5,mid,0,3415.5908203125,447.000578214366,35.464786529541016,0.32,16,32.0,"even-indexed (l1, l3, …); LS on next layer",0.3,0.1,1024
2181,Ant-v5,mid,0,1148.5916748046875,151.48463314436896,27.08399772644043,0.32,16,32.0,"even-indexed (l1, l3, …); LS on next layer",0.3,0.1,1024
2182,Ant-v5,mid,0,1117.3988037109375,127.52557026633681,15.847689628601074,0.32,16,32.0,"even-indexed (l1, l3, …); LS on next layer",0.3,0.1,1024
2183,Ant-v5,mid,0,646.691650390625,86.43024625463053,16.83855438232422,0.32,16,32.0,"even-indexed (l1, l3, …); LS on next layer",0.3,0.1,1024
2184,Ant-v5,mid,0,2946.605712890625,286.3625017680507,23.782066345214844,0.32,16,32.0,"even-indexed (l1, l3, …); LS on next layer",0.3,0.1,1024
2185,Ant-v5,mid,0,1078.4359130859375,160.76037991622005,31.41554832458496,0.32,16,32.0,"even-indexed (l1, l3, …); LS on next layer",0.3,0.1,1024
2186,Ant-v5,mid,0,2983.75634765625,441.62317693385614,34.30967330932617,0.32,16,32.0,"even-indexed (l1, l3, …); LS on next layer",0.3,0.1,1024
2187,Ant-v5,mid,0,1087.3663330078125,187.36068949860973,31.066505432128906,0.32,16,32.0,"even-indexed (l1, l3, …); LS on next layer",0.3,0.1,1024
2188,Ant-v5,mid,0,635.8041381835938,101.13087828693556,25.450580596923828,0.32,16,32.0,"even-indexed (l1, l3, …); LS on next layer",0.3,0.1,1024
2189,Ant-v5,mid,0,4020.245361328125,419.8116438932349,23.796770095825195,0.32,16,32.0,"even-indexed (l1, l3, …); LS on next layer",0.3,0.1,1024
2190,Ant-v5,mid,0,1059.1663818359375,150.4299430565942,21.337427139282227,0.32,16,32.0,"even-indexed (l1, l3, …); LS on next layer",0.3,0.1,1024
2191,Ant-v5,mid,0,4342.1796875,457.16812662184475,18.083513259887695,0.32,16,32.0,"even-indexed (l1, l3, …); LS on next layer",0.3,0.1,1024
2192,Ant-v5,mid,0,1704.5843505859375,207.40949148577556,23.796772003173828,0.32,16,32.0,"even-indexed (l1, l3, …); LS on next layer",0.3,0.1,1024
2193,Ant-v5,mid,0,2211.065185546875,210.41708349133356,20.60102081298828,0.32,16,32.0,"even-indexed (l1, l3, …); LS on next layer",0.3,0.1,1024
2194,Ant-v5,mid,0,1331.361572265625,166.86419585747512,20.443635940551758,0.32,16,32.0,"even-indexed (l1, l3, …); LS on next layer",0.3,0.1,1024
2195,Ant-v5,mid,0,3636.4296875,407.15977524483503,18.974489212036133,0.32,16,32.0,"even-indexed (l1, l3, …); LS on next layer",0.3,0.1,1024
2196,Ant-v5,mid,0,944.7234497070312,152.23806137673205,29.809261322021484,0.32,16,32.0,"even-indexed (l1, l3, …); LS on next layer",0.3,0.1,1024
2197,Ant-v5,mid,0,2782.564208984375,292.8027253770746,29.63579559326172,0.32,16,32.0,"even-indexed (l1, l3, …); LS on next layer",0.3,0.1,1024
2198,Ant-v5,mid,0,1966.89794921875,261.25920296132864,31.47857666015625,0.32,16,32.0,"even-indexed (l1, l3, …); LS on next layer",0.3,0.1,1024
2199,Ant-v5,mid,0,2551.93359375,350.79103600087956,190.50546264648438,0.32,16,32.0,"even-indexed (l1, l3, …); LS on next layer",0.3,0.1,1024
2200,Ant-v5,mid,0,1330.703369140625,301.8593968138772,47.95249938964844,0.32,16,32.0,"even-indexed (l1, l3, …); LS on next layer",0.3,0.1,1024
2201,Ant-v5,mid,0,975.5396118164062,155.8998500664212,20.059600830078125,0.32,16,32.0,"even-indexed (l1, l3, …); LS on next layer",0.3,0.1,1024
2202,Ant-v5,mid,0,1247.631103515625,218.83325002383583,26.230905532836914,0.32,16,32.0,"even-indexed (l1, l3, …); LS on next layer",0.3,0.1,1024
2203,Ant-v5,mid,0,1470.4456787109375,173.2403426997036,21.55281639099121,0.32,16,32.0,"even-indexed (l1, l3, …); LS on next layer",0.3,0.1,1024
2204,Ant-v5,mid,0,1025.8497314453125,181.12240781536843,27.368677139282227,0.32,16,32.0,"even-indexed (l1, l3, …); LS on next layer",0.3,0.1,1024
2205,Ant-v5,mid,0,1382.4384765625,160.3368319199779,32.32671356201172,0.32,16,32.0,"even-indexed (l1, l3, …); LS on next layer",0.3,0.1,1024
2206,Ant-v5,mid,0,590.0571899414062,84.950323190776,18.128307342529297,0.32,16,32.0,"even-indexed (l1, l3, …); LS on next layer",0.3,0.1,1024
2207,Ant-v5,mid,0,4059.491455078125,385.791309993273,25.649120330810547,0.32,16,32.0,"even-indexed (l1, l3, …); LS on next layer",0.3,0.1,1024
2208,Ant-v5,mid,0,1777.53173828125,313.5607550968155,43.76911544799805,0.32,16,32.0,"even-indexed (l1, l3, …); LS on next layer",0.3,0.1,1024
2209,Ant-v5,mid,0,947.3811645507812,308.3580283868795,46.68350601196289,0.32,16,32.0,"even-indexed (l1, l3, …); LS on next layer",0.3,0.1,1024
2210,Ant-v5,mid,0,562.5521240234375,72.01915236163504,26.350757598876953,0.32,16,32.0,"even-indexed (l1, l3, …); LS on next layer",0.3,0.1,1024
2211,Ant-v5,mid,0,4145.8818359375,1126.4725944568218,72.78781127929688,0.32,16,32.0,"even-indexed (l1, l3, …); LS on next layer",0.3,0.1,1024
2212,Ant-v5,mid,0,1012.0529174804688,153.75173271887283,31.26095962524414,0.32,16,32.0,"even-indexed (l1, l3, …); LS on next layer",0.3,0.1,1024
2213,Ant-v5,mid,0,738.75,107.35841252382363,19.903423309326172,0.32,16,32.0,"even-indexed (l1, l3, …); LS on next layer",0.3,0.1,1024
2214,Ant-v5,mid,0,1362.706787109375,176.2547614254129,21.090970993041992,0.32,16,32.0,"even-indexed (l1, l3, …); LS on next layer",0.3,0.1,1024
2215,Ant-v5,mid,0,1400.26220703125,210.02319838666838,25.496374130249023,0.32,16,32.0,"even-indexed (l1, l3, …); LS on next layer",0.3,0.1,1024
2216,Ant-v5,mid,0,1185.026611328125,183.70134812818492,23.62997817993164,0.32,16,32.0,"even-indexed (l1, l3, …); LS on next layer",0.3,0.1,1024
2217,Ant-v5,mid,0,909.7445068359375,112.49203973018345,16.10724449157715,0.32,16,32.0,"even-indexed (l1, l3, …); LS on next layer",0.3,0.1,1024
2218,Ant-v5,mid,0,1482.2862548828125,171.72162554629455,27.919261932373047,0.32,16,32.0,"even-indexed (l1, l3, …); LS on next layer",0.3,0.1,1024
2219,Ant-v5,mid,0,1993.3529052734375,240.13703360127377,23.88777732849121,0.32,16,32.0,"even-indexed (l1, l3, …); LS on next layer",0.3,0.1,1024
2220,Ant-v5,mid,0,588.052490234375,95.06913388727162,22.59099769592285,0.32,16,32.0,"even-indexed (l1, l3, …); LS on next layer",0.3,0.1,1024
2221,Ant-v5,mid,0,753.403076171875,150.0291364888924,27.118223190307617,0.32,16,32.0,"even-indexed (l1, l3, …); LS on next layer",0.3,0.1,1024
2222,Ant-v5,mid,0,1067.033447265625,303.53264930202295,47.01665115356445,0.32,16,32.0,"even-indexed (l1, l3, …); LS on next layer",0.3,0.1,1024
2223,Ant-v5,mid,0,2274.290283203125,250.54820231297836,28.701562881469727,0.32,16,32.0,"even-indexed (l1, l3, …); LS on next layer",0.3,0.1,1024
2224,Ant-v5,mid,0,3010.478515625,284.33604136391625,26.327342987060547,0.32,16,32.0,"even-indexed (l1, l3, …); LS on next layer",0.3,0.1,1024
2225,Ant-v5,mid,0,1583.86181640625,186.59996715069087,22.37116241455078,0.32,16,32.0,"even-indexed (l1, l3, …); LS on next layer",0.3,0.1,1024
2226,Ant-v5,mid,0,2270.075439453125,226.60551261704177,28.119848251342773,0.32,16,32.0,"even-indexed (l1, l3, …); LS on next layer",0.3,0.1,1024
2227,Ant-v5,mid,0,813.3847045898438,160.06362013799472,24.78392791748047,0.32,16,32.0,"even-indexed (l1, l3, …); LS on next layer",0.3,0.1,1024
2228,Ant-v5,mid,0,974.8887939453125,139.85375316032847,29.5590763092041,0.32,16,32.0,"even-indexed (l1, l3, …); LS on next layer",0.3,0.1,1024
2229,Ant-v5,mid,0,1532.11474609375,252.29761565683955,37.813167572021484,0.32,16,32.0,"even-indexed (l1, l3, …); LS on next layer",0.3,0.1,1024
2230,Ant-v5,mid,0,971.9174194335938,221.83835979711418,32.836334228515625,0.32,16,32.0,"even-indexed (l1, l3, …); LS on next layer",0.3,0.1,1024
2231,Ant-v5,mid,0,792.4930419921875,133.70079689846568,26.308488845825195,0.32,16,32.0,"even-indexed (l1, l3, …); LS on next layer",0.3,0.1,1024
2232,Ant-v5,mid,0,2961.31689453125,319.7076980881342,24.31814956665039,0.32,16,32.0,"even-indexed (l1, l3, …); LS on next layer",0.3,0.1,1024
2233,Ant-v5,mid,0,1370.419189453125,224.9135768686504,29.35610008239746,0.32,16,32.0,"even-indexed (l1, l3, …); LS on next layer",0.3,0.1,1024
2234,Ant-v5,mid,0,891.7526245117188,114.4380155526064,25.24537467956543,0.32,16,32.0,"even-indexed (l1, l3, …); LS on next layer",0.3,0.1,1024
2235,Ant-v5,mid,0,3774.6669921875,437.3986049313297,28.509384155273438,0.32,16,32.0,"even-indexed (l1, l3, …); LS on next layer",0.3,0.1,1024
2236,Ant-v5,mid,0,713.8314208984375,109.53817122299745,19.383485794067383,0.32,16,32.0,"even-indexed (l1, l3, …); LS on next layer",0.3,0.1,1024
2237,Ant-v5,mid,0,4344.8359375,621.1076233065356,27.585620880126953,0.32,16,32.0,"even-indexed (l1, l3, …); LS on next layer",0.3,0.1,1024
2238,Ant-v5,mid,0,1343.0762939453125,217.48851973328794,32.445281982421875,0.32,16,32.0,"even-indexed (l1, l3, …); LS on next layer",0.3,0.1,1024
2239,Ant-v5,mid,0,1010.9171752929688,138.83225155377022,23.406522750854492,0.32,16,32.0,"even-indexed (l1, l3, …); LS on next layer",0.3,0.1,1024
2240,Ant-v5,mid,0,1179.258056640625,234.22642146983327,37.3386344909668,0.32,16,32.0,"even-indexed (l1, l3, …); LS on next layer",0.3,0.1,1024
2241,Ant-v5,mid,0,2097.02685546875,260.4726711713565,23.195642471313477,0.32,16,32.0,"even-indexed (l1, l3, …); LS on next layer",0.3,0.1,1024
2242,Ant-v5,mid,0,1725.001220703125,326.2531405577404,45.741756439208984,0.32,16,32.0,"even-indexed (l1, l3, …); LS on next layer",0.3,0.1,1024
2243,Ant-v5,mid,0,3589.1171875,387.69087362660514,17.901247024536133,0.32,16,32.0,"even-indexed (l1, l3, …); LS on next layer",0.3,0.1,1024
2244,Ant-v5,mid,0,1730.6685791015625,266.304542570007,29.843042373657227,0.32,16,32.0,"even-indexed (l1, l3, …); LS on next layer",0.3,0.1,1024
2245,Ant-v5,mid,0,1720.2308349609375,242.81781813244342,30.994667053222656,0.32,16,32.0,"even-indexed (l1, l3, …); LS on next layer",0.3,0.1,1024
2246,Ant-v5,mid,0,3353.3466796875,365.78975093191787,17.359182357788086,0.32,16,32.0,"even-indexed (l1, l3, …); LS on next layer",0.3,0.1,1024
2247,Ant-v5,mid,0,1436.2750244140625,155.6540054312469,22.115427017211914,0.32,16,32.0,"even-indexed (l1, l3, …); LS on next layer",0.3,0.1,1024
2248,Ant-v5,mid,0,2168.42138671875,340.8874361174162,37.51527404785156,0.32,16,32.0,"even-indexed (l1, l3, …); LS on next layer",0.3,0.1,1024
2249,Ant-v5,mid,0,1712.868896484375,271.36041328082297,32.26384735107422,0.32,16,32.0,"even-indexed (l1, l3, …); LS on next layer",0.3,0.1,1024
2250,Ant-v5,mid,0,1416.5966796875,225.31425192800083,44.89375686645508,0.32,16,32.0,"even-indexed (l1, l3, …); LS on next layer",0.3,0.1,1024
2251,Ant-v5,mid,0,3823.54541015625,491.97455667024417,40.25131607055664,0.32,16,32.0,"even-indexed (l1, l3, …); LS on next layer",0.3,0.1,1024
2252,Ant-v5,mid,0,1153.301025390625,193.3817678640366,30.254398345947266,0.32,16,32.0,"even-indexed (l1, l3, …); LS on next layer",0.3,0.1,1024
2253,Ant-v5,mid,0,2221.3427734375,253.97519438385262,23.92481803894043,0.32,16,32.0,"even-indexed (l1, l3, …); LS on next layer",0.3,0.1,1024
2254,Ant-v5,mid,0,905.9356079101562,206.91523828983884,40.29169464111328,0.32,16,32.0,"even-indexed (l1, l3, …); LS on next layer",0.3,0.1,1024
2255,Ant-v5,mid,0,833.1287231445312,105.3066623512249,22.13121795654297,0.32,16,32.0,"even-indexed (l1, l3, …); LS on next layer",0.3,0.1,1024
2256,Ant-v5,mid,0,672.0977783203125,130.48013588765855,28.8463134765625,0.32,16,32.0,"even-indexed (l1, l3, …); LS on next layer",0.3,0.1,1024
2257,Ant-v5,mid,0,2365.150390625,270.43245812498856,23.886362075805664,0.32,16,32.0,"even-indexed (l1, l3, …); LS on next layer",0.3,0.1,1024
2258,Ant-v5,mid,0,1157.04150390625,142.2902567817808,18.085119247436523,0.32,16,32.0,"even-indexed (l1, l3, …); LS on next layer",0.3,0.1,1024
2259,Ant-v5,mid,0,3051.2978515625,353.70755624449555,27.992393493652344,0.32,16,32.0,"even-indexed (l1, l3, …); LS on next layer",0.3,0.1,1024
2260,Ant-v5,mid,0,3459.132568359375,494.8409759872271,51.248355865478516,0.32,16,32.0,"even-indexed (l1, l3, …); LS on next layer",0.3,0.1,1024
2261,Ant-v5,mid,0,657.8525390625,126.4338220372288,25.331951141357422,0.32,16,32.0,"even-indexed (l1, l3, …); LS on next layer",0.3,0.1,1024
2262,Ant-v5,mid,0,449.2831726074219,97.68663431645032,22.882064819335938,0.32,16,32.0,"even-indexed (l1, l3, …); LS on next layer",0.3,0.1,1024
2263,Ant-v5,mid,0,2689.7509765625,287.19290943801866,25.829269409179688,0.32,16,32.0,"even-indexed (l1, l3, …); LS on next layer",0.3,0.1,1024
2264,Ant-v5,mid,0,1519.26611328125,176.6067553444633,19.52415657043457,0.32,16,32.0,"even-indexed (l1, l3, …); LS on next layer",0.3,0.1,1024
2265,Ant-v5,mid,0,752.307373046875,96.51926653803619,18.64055061340332,0.32,16,32.0,"even-indexed (l1, l3, …); LS on next layer",0.3,0.1,1024
2266,Ant-v5,mid,0,2069.9365234375,221.48399705810544,20.999557495117188,0.32,16,32.0,"even-indexed (l1, l3, …); LS on next layer",0.3,0.1,1024
2267,Ant-v5,mid,0,806.474365234375,156.7456089631572,26.706745147705078,0.32,16,32.0,"even-indexed (l1, l3, …); LS on next layer",0.3,0.1,1024
2268,Ant-v5,mid,0,1123.2774658203125,152.62443337338811,21.4408016204834,0.32,16,32.0,"even-indexed (l1, l3, …); LS on next layer",0.3,0.1,1024
2269,Ant-v5,mid,0,891.6422119140625,112.93930637702255,15.062090873718262,0.32,16,32.0,"even-indexed (l1, l3, …); LS on next layer",0.3,0.1,1024
2270,Ant-v5,mid,0,1814.8763427734375,303.9569903527623,35.25428771972656,0.32,16,32.0,"even-indexed (l1, l3, …); LS on next layer",0.3,0.1,1024
2271,Ant-v5,mid,0,1054.4345703125,132.30149818819885,23.14118003845215,0.32,16,32.0,"even-indexed (l1, l3, …); LS on next layer",0.3,0.1,1024
2272,Ant-v5,mid,0,690.4467163085938,114.56716154641038,18.676191329956055,0.32,16,32.0,"even-indexed (l1, l3, …); LS on next layer",0.3,0.1,1024
2273,Ant-v5,mid,0,2373.97900390625,332.340012466876,34.69850540161133,0.32,16,32.0,"even-indexed (l1, l3, …); LS on next layer",0.3,0.1,1024
2274,Ant-v5,mid,0,2506.944580078125,267.419538423051,19.971967697143555,0.32,16,32.0,"even-indexed (l1, l3, …); LS on next layer",0.3,0.1,1024
2275,Ant-v5,mid,0,1508.2939453125,173.28695827160053,31.547969818115234,0.32,16,32.0,"even-indexed (l1, l3, …); LS on next layer",0.3,0.1,1024
2276,Ant-v5,mid,0,2966.94970703125,285.75242113559364,24.213071823120117,0.32,16,32.0,"even-indexed (l1, l3, …); LS on next layer",0.3,0.1,1024
2277,Ant-v5,mid,0,2788.110107421875,281.2407777511854,23.40314483642578,0.32,16,32.0,"even-indexed (l1, l3, …); LS on next layer",0.3,0.1,1024
2278,Ant-v5,mid,0,1765.8507080078125,216.11168635452603,37.5963020324707,0.32,16,32.0,"even-indexed (l1, l3, …); LS on next layer",0.3,0.1,1024
2279,Ant-v5,mid,0,2287.575439453125,383.84271795231575,38.43622970581055,0.32,16,32.0,"even-indexed (l1, l3, …); LS on next layer",0.3,0.1,1024
2280,Ant-v5,mid,0,1419.20458984375,218.65921882855815,28.357769012451172,0.32,16,32.0,"even-indexed (l1, l3, …); LS on next layer",0.3,0.1,1024
2281,Ant-v5,mid,0,814.8468627929688,174.97641447245405,33.10529708862305,0.32,16,32.0,"even-indexed (l1, l3, …); LS on next layer",0.3,0.1,1024
2282,Ant-v5,mid,0,762.785888671875,96.61071581293865,15.271736145019531,0.32,16,32.0,"even-indexed (l1, l3, …); LS on next layer",0.3,0.1,1024
2283,Ant-v5,mid,0,942.8640747070312,159.85454620450935,33.84662628173828,0.32,16,32.0,"even-indexed (l1, l3, …); LS on next layer",0.3,0.1,1024
2284,Ant-v5,mid,0,1064.286376953125,128.90071617944173,16.94831085205078,0.32,16,32.0,"even-indexed (l1, l3, …); LS on next layer",0.3,0.1,1024
2285,Ant-v5,mid,0,742.0250854492188,164.96734357052387,26.453201293945312,0.32,16,32.0,"even-indexed (l1, l3, …); LS on next layer",0.3,0.1,1024
2286,Ant-v5,mid,0,2175.739501953125,258.5514283731249,22.951499938964844,0.32,16,32.0,"even-indexed (l1, l3, …); LS on next layer",0.3,0.1,1024
2287,Ant-v5,mid,0,1816.9788818359375,223.18397644736203,25.0250301361084,0.32,16,32.0,"even-indexed (l1, l3, …); LS on next layer",0.3,0.1,1024
2288,Ant-v5,mid,0,783.8084106445312,101.75590613725677,13.612297058105469,0.32,16,32.0,"even-indexed (l1, l3, …); LS on next layer",0.3,0.1,1024
2289,Ant-v5,mid,0,902.4134521484375,120.72984944372246,21.98015785217285,0.32,16,32.0,"even-indexed (l1, l3, …); LS on next layer",0.3,0.1,1024
2290,Ant-v5,mid,0,629.8036499023438,124.92979818349798,21.00909996032715,0.32,16,32.0,"even-indexed (l1, l3, …); LS on next layer",0.3,0.1,1024
2291,Ant-v5,mid,0,635.9630126953125,80.94869970681214,16.37520980834961,0.32,16,32.0,"even-indexed (l1, l3, …); LS on next layer",0.3,0.1,1024
2292,Ant-v5,mid,0,3984.334716796875,507.12109516710075,23.978004455566406,0.32,16,32.0,"even-indexed (l1, l3, …); LS on next layer",0.3,0.1,1024
2293,Ant-v5,mid,0,1877.030029296875,249.81414681559963,36.17082595825195,0.32,16,32.0,"even-indexed (l1, l3, …); LS on next layer",0.3,0.1,1024
2294,Ant-v5,mid,0,2777.307861328125,319.21853696381936,22.50952911376953,0.32,16,32.0,"even-indexed (l1, l3, …); LS on next layer",0.3,0.1,1024
2295,Ant-v5,mid,0,1954.4122314453125,227.49162619199248,16.89531898498535,0.32,16,32.0,"even-indexed (l1, l3, …); LS on next layer",0.3,0.1,1024
2296,Ant-v5,mid,0,934.3834838867188,144.9513493687239,22.70828628540039,0.32,16,32.0,"even-indexed (l1, l3, …); LS on next layer",0.3,0.1,1024
2297,Ant-v5,mid,0,2141.81494140625,227.4797000522007,19.41259002685547,0.32,16,32.0,"even-indexed (l1, l3, …); LS on next layer",0.3,0.1,1024
2298,Ant-v5,mid,0,4179.07861328125,500.65709867046223,21.050823211669922,0.32,16,32.0,"even-indexed (l1, l3, …); LS on next layer",0.3,0.1,1024
2299,Ant-v5,mid,0,3443.523193359375,367.83850523920944,19.401721954345703,0.32,16,32.0,"even-indexed (l1, l3, …); LS on next layer",0.3,0.1,1024
2300,Ant-v5,mid,0,1207.49072265625,249.8922303099607,35.858760833740234,0.32,16,32.0,"even-indexed (l1, l3, …); LS on next layer",0.3,0.1,1024
2301,Ant-v5,mid,0,1325.3057861328125,159.92637365814167,22.89726448059082,0.32,16,32.0,"even-indexed (l1, l3, …); LS on next layer",0.3,0.1,1024
2302,Ant-v5,mid,0,1701.4600830078125,214.87678047949362,20.461700439453125,0.32,16,32.0,"even-indexed (l1, l3, …); LS on next layer",0.3,0.1,1024
2303,Ant-v5,mid,0,1601.7872314453125,316.1659816030942,38.82493209838867,0.32,16,32.0,"even-indexed (l1, l3, …); LS on next layer",0.3,0.1,1024
2304,Ant-v5,mid,0,5394.9462890625,1237.8784022512318,64.2412338256836,0.32,16,32.0,"even-indexed (l1, l3, …); LS on next layer",0.3,0.1,1024
2305,Ant-v5,mid,0,1561.17919921875,934.4395204694051,68.15812683105469,0.32,16,32.0,"even-indexed (l1, l3, …); LS on next layer",0.3,0.1,1024
2306,Ant-v5,mid,0,902.8945922851562,144.0004059166469,31.885393142700195,0.32,16,32.0,"even-indexed (l1, l3, …); LS on next layer",0.3,0.1,1024
2307,Ant-v5,mid,0,690.6422729492188,118.73970335512254,24.917753219604492,0.32,16,32.0,"even-indexed (l1, l3, …); LS on next layer",0.3,0.1,1024
2308,Ant-v5,mid,0,1034.7747802734375,122.58892378729269,16.09809684753418,0.32,16,32.0,"even-indexed (l1, l3, …); LS on next layer",0.3,0.1,1024
2309,Ant-v5,mid,0,738.5697631835938,106.54362958035097,16.63213348388672,0.32,16,32.0,"even-indexed (l1, l3, …); LS on next layer",0.3,0.1,1024
2310,Ant-v5,mid,0,904.3256225585938,135.1380061831319,20.168859481811523,0.32,16,32.0,"even-indexed (l1, l3, …); LS on next layer",0.3,0.1,1024
2311,Ant-v5,mid,0,1180.7188720703125,172.3374391959855,21.51410484313965,0.32,16,32.0,"even-indexed (l1, l3, …); LS on next layer",0.3,0.1,1024
2312,Ant-v5,mid,0,1219.794921875,166.06882175787206,33.087764739990234,0.32,16,32.0,"even-indexed (l1, l3, …); LS on next layer",0.3,0.1,1024
2313,Ant-v5,mid,0,2940.72802734375,308.67910346637086,17.102977752685547,0.32,16,32.0,"even-indexed (l1, l3, …); LS on next layer",0.3,0.1,1024
2314,Ant-v5,mid,0,1326.155029296875,206.28036622597907,23.05213737487793,0.32,16,32.0,"even-indexed (l1, l3, …); LS on next layer",0.3,0.1,1024
2315,Ant-v5,mid,0,992.6181640625,181.2048235044326,27.950639724731445,0.32,16,32.0,"even-indexed (l1, l3, …); LS on next layer",0.3,0.1,1024
2316,Ant-v5,mid,0,1564.5616455078125,190.75340274633558,26.43172836303711,0.32,16,32.0,"even-indexed (l1, l3, …); LS on next layer",0.3,0.1,1024
2317,Ant-v5,mid,0,1945.8438720703125,188.65887299767456,16.675132751464844,0.32,16,32.0,"even-indexed (l1, l3, …); LS on next layer",0.3,0.1,1024
2318,Ant-v5,mid,0,3338.396484375,289.9768836293795,26.05123519897461,0.32,16,32.0,"even-indexed (l1, l3, …); LS on next layer",0.3,0.1,1024
2319,Ant-v5,mid,0,909.5961303710938,144.74996175256302,29.559829711914062,0.32,16,32.0,"even-indexed (l1, l3, …); LS on next layer",0.3,0.1,1024
2320,Ant-v5,mid,0,1244.401611328125,219.97963919200265,35.20017623901367,0.32,16,32.0,"even-indexed (l1, l3, …); LS on next layer",0.3,0.1,1024
2321,Ant-v5,mid,0,607.899658203125,84.69980883430185,16.065584182739258,0.32,16,32.0,"even-indexed (l1, l3, …); LS on next layer",0.3,0.1,1024
2322,Ant-v5,mid,0,1926.611572265625,194.44917843842745,17.6916446685791,0.32,16,32.0,"even-indexed (l1, l3, …); LS on next layer",0.3,0.1,1024
2323,Ant-v5,mid,0,2917.929443359375,295.32097649050047,18.386978149414062,0.32,16,32.0,"even-indexed (l1, l3, …); LS on next layer",0.3,0.1,1024
2324,Ant-v5,mid,0,1732.1925048828125,232.40850070234305,22.653812408447266,0.32,16,32.0,"even-indexed (l1, l3, …); LS on next layer",0.3,0.1,1024
2325,Ant-v5,mid,0,1517.8265380859375,192.28060533707662,27.71249771118164,0.32,16,32.0,"even-indexed (l1, l3, …); LS on next layer",0.3,0.1,1024
2326,Ant-v5,mid,0,4497.8740234375,438.162710275967,21.070261001586914,0.32,16,32.0,"even-indexed (l1, l3, …); LS on next layer",0.3,0.1,1024
2327,Ant-v5,mid,0,4050.5771484375,393.8614639030385,28.7708740234375,0.32,16,32.0,"even-indexed (l1, l3, …); LS on next layer",0.3,0.1,1024
2328,Ant-v5,mid,0,1637.7864990234375,335.45518084474384,38.149749755859375,0.32,16,32.0,"even-indexed (l1, l3, …); LS on next layer",0.3,0.1,1024
2329,Ant-v5,mid,0,437.888916015625,91.93651790700963,22.094175338745117,0.32,16,32.0,"even-indexed (l1, l3, …); LS on next layer",0.3,0.1,1024
2330,Ant-v5,mid,0,1696.699951171875,331.81755588945725,33.553062438964844,0.32,16,32.0,"even-indexed (l1, l3, …); LS on next layer",0.3,0.1,1024
2331,Ant-v5,mid,0,1407.78076171875,177.96192065879245,20.644577026367188,0.32,16,32.0,"even-indexed (l1, l3, …); LS on next layer",0.3,0.1,1024
2332,Ant-v5,mid,0,2326.80029296875,242.2148622143029,19.99500274658203,0.32,16,32.0,"even-indexed (l1, l3, …); LS on next layer",0.3,0.1,1024
2333,Ant-v5,mid,0,953.5368041992188,127.49883489513098,25.475032806396484,0.32,16,32.0,"even-indexed (l1, l3, …); LS on next layer",0.3,0.1,1024
2334,Ant-v5,mid,0,3885.351318359375,489.53642370020407,21.685230255126953,0.32,16,32.0,"even-indexed (l1, l3, …); LS on next layer",0.3,0.1,1024
2335,Ant-v5,mid,0,2672.998291015625,468.0789226095269,34.83078384399414,0.32,16,32.0,"even-indexed (l1, l3, …); LS on next layer",0.3,0.1,1024
2336,Ant-v5,mid,0,1151.931396484375,210.4057607876352,42.084102630615234,0.32,16,32.0,"even-indexed (l1, l3, …); LS on next layer",0.3,0.1,1024
2337,Ant-v5,mid,0,720.7413330078125,136.07350807548636,85.66361999511719,0.32,16,32.0,"even-indexed (l1, l3, …); LS on next layer",0.3,0.1,1024
2338,Ant-v5,mid,0,689.0221557617188,395.3703839461501,59.226558685302734,0.32,16,32.0,"even-indexed (l1, l3, …); LS on next layer",0.3,0.1,1024
2339,Ant-v5,mid,0,669.7909545898438,111.7272285481711,24.416860580444336,0.32,16,32.0,"even-indexed (l1, l3, …); LS on next layer",0.3,0.1,1024
2340,Ant-v5,mid,0,2877.099853515625,241.29218358839535,22.24942970275879,0.32,16,32.0,"even-indexed (l1, l3, …); LS on next layer",0.3,0.1,1024
2341,Ant-v5,mid,0,2343.262451171875,256.7491648881977,20.88440704345703,0.32,16,32.0,"even-indexed (l1, l3, …); LS on next layer",0.3,0.1,1024
2342,Ant-v5,mid,0,3447.317138671875,366.1202698002011,25.065166473388672,0.32,16,32.0,"even-indexed (l1, l3, …); LS on next layer",0.3,0.1,1024
2343,Ant-v5,mid,0,1929.3175048828125,235.73477781134926,35.76042175292969,0.32,16,32.0,"even-indexed (l1, l3, …); LS on next layer",0.3,0.1,1024
2344,Ant-v5,mid,0,312.6252136230469,73.72783995203307,22.757783889770508,0.32,16,32.0,"even-indexed (l1, l3, …); LS on next layer",0.3,0.1,1024
2345,Ant-v5,mid,0,510.86273193359375,231.70843323176337,37.88105010986328,0.32,16,32.0,"even-indexed (l1, l3, …); LS on next layer",0.3,0.1,1024
2346,Ant-v5,mid,0,2355.02783203125,373.83903507768844,39.88240051269531,0.32,16,32.0,"even-indexed (l1, l3, …); LS on next layer",0.3,0.1,1024
2347,Ant-v5,mid,0,930.6588745117188,235.91274362242615,40.7980842590332,0.32,16,32.0,"even-indexed (l1, l3, …); LS on next layer",0.3,0.1,1024
2348,Ant-v5,mid,0,2027.048095703125,286.72080192440455,30.185335159301758,0.32,16,32.0,"even-indexed (l1, l3, …); LS on next layer",0.3,0.1,1024
2349,Ant-v5,mid,0,2082.5126953125,247.74237824223422,27.671838760375977,0.32,16,32.0,"even-indexed (l1, l3, …); LS on next layer",0.3,0.1,1024
2350,Ant-v5,mid,0,1385.0953369140625,155.58124997886992,14.27281665802002,0.32,16,32.0,"even-indexed (l1, l3, …); LS on next layer",0.3,0.1,1024
2351,Ant-v5,mid,0,451.70404052734375,64.23937502235356,14.54509162902832,0.32,16,32.0,"even-indexed (l1, l3, …); LS on next layer",0.3,0.1,1024
2352,Ant-v5,mid,0,556.644775390625,75.44758673483727,13.289246559143066,0.32,16,32.0,"even-indexed (l1, l3, …); LS on next layer",0.3,0.1,1024
2353,Ant-v5,mid,0,596.9397583007812,80.84346986484613,14.505155563354492,0.32,16,32.0,"even-indexed (l1, l3, …); LS on next layer",0.3,0.1,1024
2354,Ant-v5,mid,0,820.4379272460938,102.01624279285377,15.659098625183105,0.32,16,32.0,"even-indexed (l1, l3, …); LS on next layer",0.3,0.1,1024
2355,Ant-v5,mid,0,1305.237060546875,208.15470997510891,25.875566482543945,0.32,16,32.0,"even-indexed (l1, l3, …); LS on next layer",0.3,0.1,1024
2356,Ant-v5,mid,0,5105.134765625,522.7700175335384,23.350934982299805,0.32,16,32.0,"even-indexed (l1, l3, …); LS on next layer",0.3,0.1,1024
2357,Ant-v5,mid,0,895.704833984375,120.92485666487255,20.970500946044922,0.32,16,32.0,"even-indexed (l1, l3, …); LS on next layer",0.3,0.1,1024
2358,Ant-v5,mid,0,1785.8720703125,266.5001577661851,42.35696029663086,0.32,16,32.0,"even-indexed (l1, l3, …); LS on next layer",0.3,0.1,1024
2359,Ant-v5,mid,0,966.98876953125,236.40624804934163,45.933998107910156,0.32,16,32.0,"even-indexed (l1, l3, …); LS on next layer",0.3,0.1,1024
2360,Ant-v5,mid,0,2528.034912109375,365.3344604486633,43.93403244018555,0.32,16,32.0,"even-indexed (l1, l3, …); LS on next layer",0.3,0.1,1024
2361,Ant-v5,mid,0,1739.101318359375,199.22722705695412,31.894737243652344,0.32,16,32.0,"even-indexed (l1, l3, …); LS on next layer",0.3,0.1,1024
2362,Ant-v5,mid,0,1630.926513671875,323.54985821369235,39.58161926269531,0.32,16,32.0,"even-indexed (l1, l3, …); LS on next layer",0.3,0.1,1024
2363,Ant-v5,mid,0,3309.902099609375,332.58943992305933,24.414409637451172,0.32,16,32.0,"even-indexed (l1, l3, …); LS on next layer",0.3,0.1,1024
2364,Ant-v5,mid,0,628.0219116210938,81.68496237551224,20.19662094116211,0.32,16,32.0,"even-indexed (l1, l3, …); LS on next layer",0.3,0.1,1024
2365,Ant-v5,mid,0,3693.9697265625,377.8786966981286,21.170610427856445,0.32,16,32.0,"even-indexed (l1, l3, …); LS on next layer",0.3,0.1,1024
2366,Ant-v5,mid,0,1858.5540771484375,227.7311419770262,20.9824275970459,0.32,16,32.0,"even-indexed (l1, l3, …); LS on next layer",0.3,0.1,1024
2367,Ant-v5,mid,0,967.0413208007812,124.01841217360405,24.762666702270508,0.32,16,32.0,"even-indexed (l1, l3, …); LS on next layer",0.3,0.1,1024
2368,Ant-v5,mid,0,1698.0101318359375,216.199545645549,27.690458297729492,0.32,16,32.0,"even-indexed (l1, l3, …); LS on next layer",0.3,0.1,1024
2369,Ant-v5,mid,0,1447.89306640625,206.94235861531345,27.46357536315918,0.32,16,32.0,"even-indexed (l1, l3, …); LS on next layer",0.3,0.1,1024
2370,Ant-v5,mid,0,1415.0396728515625,266.7558301827586,28.756839752197266,0.32,16,32.0,"even-indexed (l1, l3, …); LS on next layer",0.3,0.1,1024
2371,Ant-v5,mid,0,4204.8994140625,538.2163643627978,24.97027015686035,0.32,16,32.0,"even-indexed (l1, l3, …); LS on next layer",0.3,0.1,1024
2372,Ant-v5,mid,0,688.40576171875,93.5766930313842,16.571279525756836,0.32,16,32.0,"even-indexed (l1, l3, …); LS on next layer",0.3,0.1,1024
2373,Ant-v5,mid,0,3696.547119140625,374.7761998629845,27.537578582763672,0.32,16,32.0,"even-indexed (l1, l3, …); LS on next layer",0.3,0.1,1024
2374,Ant-v5,mid,0,1421.339111328125,226.96090929557167,34.275901794433594,0.32,16,32.0,"even-indexed (l1, l3, …); LS on next layer",0.3,0.1,1024
2375,Ant-v5,mid,0,2014.4681396484375,334.1921382975162,43.27353286743164,0.32,16,32.0,"even-indexed (l1, l3, …); LS on next layer",0.3,0.1,1024
2376,Ant-v5,mid,0,1275.1663818359375,218.43379693480048,40.334938049316406,0.32,16,32.0,"even-indexed (l1, l3, …); LS on next layer",0.3,0.1,1024
2377,Ant-v5,mid,0,1165.1827392578125,194.17293644028186,30.383563995361328,0.32,16,32.0,"even-indexed (l1, l3, …); LS on next layer",0.3,0.1,1024
2378,Ant-v5,mid,0,1150.3359375,140.44489081337025,19.24549102783203,0.32,16,32.0,"even-indexed (l1, l3, …); LS on next layer",0.3,0.1,1024
2379,Ant-v5,mid,0,4104.576171875,456.64993509374597,19.40863609313965,0.32,16,32.0,"even-indexed (l1, l3, …); LS on next layer",0.3,0.1,1024
2380,Ant-v5,mid,0,711.803466796875,115.44230835946934,24.78147315979004,0.32,16,32.0,"even-indexed (l1, l3, …); LS on next layer",0.3,0.1,1024
2381,Ant-v5,mid,0,775.536865234375,104.63863760580233,16.61663818359375,0.32,16,32.0,"even-indexed (l1, l3, …); LS on next layer",0.3,0.1,1024
2382,Ant-v5,mid,0,3521.81982421875,354.96422412401773,19.065532684326172,0.32,16,32.0,"even-indexed (l1, l3, …); LS on next layer",0.3,0.1,1024
2383,Ant-v5,mid,0,1327.357177734375,182.4872340482473,25.919147491455078,0.32,16,32.0,"even-indexed (l1, l3, …); LS on next layer",0.3,0.1,1024
2384,Ant-v5,mid,0,2717.5654296875,294.5358005762537,15.336213111877441,0.32,16,32.0,"even-indexed (l1, l3, …); LS on next layer",0.3,0.1,1024
2385,Ant-v5,mid,0,719.2238159179688,95.82194984257808,17.758577346801758,0.32,16,32.0,"even-indexed (l1, l3, …); LS on next layer",0.3,0.1,1024
2386,Ant-v5,mid,0,882.7557373046875,125.65026219151076,18.438356399536133,0.32,16,32.0,"even-indexed (l1, l3, …); LS on next layer",0.3,0.1,1024
2387,Ant-v5,mid,0,2272.322509765625,393.26141907087265,43.530975341796875,0.32,16,32.0,"even-indexed (l1, l3, …); LS on next layer",0.3,0.1,1024
2388,Ant-v5,mid,0,1523.5267333984375,198.28350049395831,26.578575134277344,0.32,16,32.0,"even-indexed (l1, l3, …); LS on next layer",0.3,0.1,1024
2389,Ant-v5,mid,0,3355.72314453125,431.598187949503,26.029653549194336,0.32,16,32.0,"even-indexed (l1, l3, …); LS on next layer",0.3,0.1,1024
2390,Ant-v5,mid,0,921.0855712890625,134.48451068990295,21.876846313476562,0.32,16,32.0,"even-indexed (l1, l3, …); LS on next layer",0.3,0.1,1024
2391,Ant-v5,mid,0,2038.5966796875,229.02187520441333,20.53690528869629,0.32,16,32.0,"even-indexed (l1, l3, …); LS on next layer",0.3,0.1,1024
2392,Ant-v5,mid,0,2265.48388671875,290.0258373914787,31.190673828125,0.32,16,32.0,"even-indexed (l1, l3, …); LS on next layer",0.3,0.1,1024
2393,Ant-v5,mid,0,862.57861328125,128.2830396918761,20.175373077392578,0.32,16,32.0,"even-indexed (l1, l3, …); LS on next layer",0.3,0.1,1024
2394,Ant-v5,mid,0,806.2503051757812,125.00571647649988,19.126346588134766,0.32,16,32.0,"even-indexed (l1, l3, …); LS on next layer",0.3,0.1,1024
2395,Ant-v5,mid,0,3887.341552734375,389.3450885727259,20.881183624267578,0.32,16,32.0,"even-indexed (l1, l3, …); LS on next layer",0.3,0.1,1024
2396,Ant-v5,mid,0,1857.8023681640625,194.72155869054612,20.200773239135742,0.32,16,32.0,"even-indexed (l1, l3, …); LS on next layer",0.3,0.1,1024
2397,Ant-v5,mid,0,1922.3365478515625,250.2583331286657,29.614065170288086,0.32,16,32.0,"even-indexed (l1, l3, …); LS on next layer",0.3,0.1,1024
2398,Ant-v5,mid,0,2925.1826171875,293.30020260737035,19.308208465576172,0.32,16,32.0,"even-indexed (l1, l3, …); LS on next layer",0.3,0.1,1024
2399,Ant-v5,mid,0,4422.662109375,478.7741464018452,17.93939971923828,0.32,16,32.0,"even-indexed (l1, l3, …); LS on next layer",0.3,0.1,1024
2400,Ant-v5,mid,0,2668.06640625,323.7965670943446,30.81654167175293,0.32,16,32.0,"even-indexed (l1, l3, …); LS on next layer",0.3,0.1,1024
2401,Ant-v5,mid,0,925.9346923828125,132.90250407831488,21.590002059936523,0.32,16,32.0,"even-indexed (l1, l3, …); LS on next layer",0.3,0.1,1024
2402,Ant-v5,mid,0,1545.567138671875,884.5327481162627,75.9098892211914,0.32,16,32.0,"even-indexed (l1, l3, …); LS on next layer",0.3,0.1,1024
2403,Ant-v5,mid,0,686.3642578125,157.02009046932065,29.080181121826172,0.32,16,32.0,"even-indexed (l1, l3, …); LS on next layer",0.3,0.1,1024
2404,Ant-v5,mid,0,1974.102783203125,286.4472936318879,38.79158401489258,0.32,16,32.0,"even-indexed (l1, l3, …); LS on next layer",0.3,0.1,1024
2405,Ant-v5,mid,0,791.2965698242188,97.91762661303818,16.026166915893555,0.32,16,32.0,"even-indexed (l1, l3, …); LS on next layer",0.3,0.1,1024
2406,Ant-v5,mid,0,1713.8485107421875,268.4831463020197,36.552433013916016,0.32,16,32.0,"even-indexed (l1, l3, …); LS on next layer",0.3,0.1,1024
2407,Ant-v5,mid,0,744.629150390625,104.7323826544422,14.96088695526123,0.32,16,32.0,"even-indexed (l1, l3, …); LS on next layer",0.3,0.1,1024
2408,Ant-v5,mid,0,1888.43310546875,321.69712877140086,38.523311614990234,0.32,16,32.0,"even-indexed (l1, l3, …); LS on next layer",0.3,0.1,1024
2409,Ant-v5,mid,0,611.4855346679688,92.07464288757944,17.386035919189453,0.32,16,32.0,"even-indexed (l1, l3, …); LS on next layer",0.3,0.1,1024
2410,Ant-v5,mid,0,4240.4306640625,500.35098168960894,28.143722534179688,0.32,16,32.0,"even-indexed (l1, l3, …); LS on next layer",0.3,0.1,1024
2411,Ant-v5,mid,0,2557.177490234375,272.69163689668454,23.080791473388672,0.32,16,32.0,"even-indexed (l1, l3, …); LS on next layer",0.3,0.1,1024
2412,Ant-v5,mid,0,742.572021484375,99.53029948740516,18.875612258911133,0.32,16,32.0,"even-indexed (l1, l3, …); LS on next layer",0.3,0.1,1024
2413,Ant-v5,mid,0,831.201171875,155.23825798970125,24.055713653564453,0.32,16,32.0,"even-indexed (l1, l3, …); LS on next layer",0.3,0.1,1024
2414,Ant-v5,mid,0,1435.88720703125,158.54395780631728,27.502328872680664,0.32,16,32.0,"even-indexed (l1, l3, …); LS on next layer",0.3,0.1,1024
2415,Ant-v5,mid,0,857.259521484375,139.02869826405666,21.491592407226562,0.32,16,32.0,"even-indexed (l1, l3, …); LS on next layer",0.3,0.1,1024
2416,Ant-v5,mid,0,1035.9449462890625,148.57265452829506,20.39150047302246,0.32,16,32.0,"even-indexed (l1, l3, …); LS on next layer",0.3,0.1,1024
2417,Ant-v5,mid,0,2092.518310546875,333.33535313419486,34.228397369384766,0.32,16,32.0,"even-indexed (l1, l3, …); LS on next layer",0.3,0.1,1024
2418,Ant-v5,mid,0,2511.911376953125,398.51624263297686,45.30419158935547,0.32,16,32.0,"even-indexed (l1, l3, …); LS on next layer",0.3,0.1,1024
2419,Ant-v5,mid,0,1039.6761474609375,231.7167843145898,37.06470489501953,0.32,16,32.0,"even-indexed (l1, l3, …); LS on next layer",0.3,0.1,1024
2420,Ant-v5,mid,0,1707.3822021484375,205.818078076315,23.69181251525879,0.32,16,32.0,"even-indexed (l1, l3, …); LS on next layer",0.3,0.1,1024
2421,Ant-v5,mid,0,3114.80322265625,357.761956395045,25.02075958251953,0.32,16,32.0,"even-indexed (l1, l3, …); LS on next layer",0.3,0.1,1024
2422,Ant-v5,mid,0,909.7957763671875,156.69355087195703,21.518882751464844,0.32,16,32.0,"even-indexed (l1, l3, …); LS on next layer",0.3,0.1,1024
2423,Ant-v5,mid,0,1118.6136474609375,158.90911333785337,25.239219665527344,0.32,16,32.0,"even-indexed (l1, l3, …); LS on next layer",0.3,0.1,1024
2424,Ant-v5,mid,0,625.9912109375,83.94752014840483,17.711496353149414,0.32,16,32.0,"even-indexed (l1, l3, …); LS on next layer",0.3,0.1,1024
2425,Ant-v5,mid,0,1663.44921875,230.7421582955971,27.76377296447754,0.32,16,32.0,"even-indexed (l1, l3, …); LS on next layer",0.3,0.1,1024
2426,Ant-v5,mid,0,2946.8759765625,327.7743231940658,21.260242462158203,0.32,16,32.0,"even-indexed (l1, l3, …); LS on next layer",0.3,0.1,1024
2427,Ant-v5,mid,0,853.83447265625,133.23010437202882,23.525371551513672,0.32,16,32.0,"even-indexed (l1, l3, …); LS on next layer",0.3,0.1,1024
2428,Ant-v5,mid,0,1650.7130126953125,182.17955464386378,23.24799346923828,0.32,16,32.0,"even-indexed (l1, l3, …); LS on next layer",0.3,0.1,1024
2429,Ant-v5,mid,0,607.79248046875,119.59488013748557,24.307382583618164,0.32,16,32.0,"even-indexed (l1, l3, …); LS on next layer",0.3,0.1,1024
2430,Ant-v5,mid,0,2077.63427734375,280.7353146581836,40.26773452758789,0.32,16,32.0,"even-indexed (l1, l3, …); LS on next layer",0.3,0.1,1024
2431,Ant-v5,mid,0,2308.9501953125,317.5315899851993,39.60129928588867,0.32,16,32.0,"even-indexed (l1, l3, …); LS on next layer",0.3,0.1,1024
2432,Ant-v5,mid,0,708.906494140625,100.65334040734868,19.711673736572266,0.32,16,32.0,"even-indexed (l1, l3, …); LS on next layer",0.3,0.1,1024
2433,Ant-v5,mid,0,2903.7421875,286.9814310847402,22.649860382080078,0.32,16,32.0,"even-indexed (l1, l3, …); LS on next layer",0.3,0.1,1024
2434,Ant-v5,mid,0,1413.5926513671875,251.3081518657906,34.95914077758789,0.32,16,32.0,"even-indexed (l1, l3, …); LS on next layer",0.3,0.1,1024
2435,Ant-v5,mid,0,679.6480102539062,95.23903758867286,16.078598022460938,0.32,16,32.0,"even-indexed (l1, l3, …); LS on next layer",0.3,0.1,1024
2436,Ant-v5,mid,0,967.5550537109375,146.40055840764379,22.871749877929688,0.32,16,32.0,"even-indexed (l1, l3, …); LS on next layer",0.3,0.1,1024
2437,Ant-v5,mid,0,3616.280029296875,426.5080592500518,30.985998153686523,0.32,16,32.0,"even-indexed (l1, l3, …); LS on next layer",0.3,0.1,1024
2438,Ant-v5,mid,0,1898.7578125,338.0179830218375,34.59547805786133,0.32,16,32.0,"even-indexed (l1, l3, …); LS on next layer",0.3,0.1,1024
2439,Ant-v5,mid,0,481.4157409667969,91.67580091147144,19.397113800048828,0.32,16,32.0,"even-indexed (l1, l3, …); LS on next layer",0.3,0.1,1024
2440,Ant-v5,mid,0,3831.1162109375,399.3682812059209,32.62240219116211,0.32,16,32.0,"even-indexed (l1, l3, …); LS on next layer",0.3,0.1,1024
2441,Ant-v5,mid,0,1763.9744873046875,260.0017253373373,120.88621520996094,0.32,16,32.0,"even-indexed (l1, l3, …); LS on next layer",0.3,0.1,1024
2442,Ant-v5,mid,0,2031.131103515625,463.5664188026657,49.825889587402344,0.32,16,32.0,"even-indexed (l1, l3, …); LS on next layer",0.3,0.1,1024
2443,Ant-v5,mid,0,2010.01123046875,396.0343726621419,50.91621780395508,0.32,16,32.0,"even-indexed (l1, l3, …); LS on next layer",0.3,0.1,1024
2444,Ant-v5,mid,0,2500.67138671875,234.94573689578755,24.564380645751953,0.32,16,32.0,"even-indexed (l1, l3, …); LS on next layer",0.3,0.1,1024
2445,Ant-v5,mid,0,1312.8236083984375,199.8488022123655,27.805727005004883,0.32,16,32.0,"even-indexed (l1, l3, …); LS on next layer",0.3,0.1,1024
2446,Ant-v5,mid,0,1068.5560302734375,149.5860067072127,19.78276824951172,0.32,16,32.0,"even-indexed (l1, l3, …); LS on next layer",0.3,0.1,1024
2447,Ant-v5,mid,0,1211.775634765625,211.73825854948225,24.80689239501953,0.32,16,32.0,"even-indexed (l1, l3, …); LS on next layer",0.3,0.1,1024
2448,Ant-v5,mid,0,2736.8896484375,271.3085559903649,21.570777893066406,0.32,16,32.0,"even-indexed (l1, l3, …); LS on next layer",0.3,0.1,1024
2449,Ant-v5,mid,0,997.89892578125,136.0683324350776,20.38796615600586,0.32,16,32.0,"even-indexed (l1, l3, …); LS on next layer",0.3,0.1,1024
2450,Ant-v5,mid,0,4042.24951171875,583.2406448630079,27.090864181518555,0.32,16,32.0,"even-indexed (l1, l3, …); LS on next layer",0.3,0.1,1024
2451,Ant-v5,mid,0,562.7598876953125,94.87211056142317,20.64358901977539,0.32,16,32.0,"even-indexed (l1, l3, …); LS on next layer",0.3,0.1,1024
2452,Ant-v5,mid,0,963.1741333007812,217.03655726361677,37.66889572143555,0.32,16,32.0,"even-indexed (l1, l3, …); LS on next layer",0.3,0.1,1024
2453,Ant-v5,mid,0,2235.142578125,339.70750979916386,43.3965950012207,0.32,16,32.0,"even-indexed (l1, l3, …); LS on next layer",0.3,0.1,1024
2454,Ant-v5,mid,0,2091.447998046875,219.73439914813963,17.97857666015625,0.32,16,32.0,"even-indexed (l1, l3, …); LS on next layer",0.3,0.1,1024
2455,Ant-v5,mid,0,972.1854858398438,117.25860730687248,19.25450325012207,0.32,16,32.0,"even-indexed (l1, l3, …); LS on next layer",0.3,0.1,1024
2456,Ant-v5,mid,0,3334.724853515625,391.6215703701072,35.30139923095703,0.32,16,32.0,"even-indexed (l1, l3, …); LS on next layer",0.3,0.1,1024
2457,Ant-v5,mid,0,824.5150146484375,151.0811931588065,24.940776824951172,0.32,16,32.0,"even-indexed (l1, l3, …); LS on next layer",0.3,0.1,1024
2458,Ant-v5,mid,0,2357.18310546875,262.26022944147985,17.309511184692383,0.32,16,32.0,"even-indexed (l1, l3, …); LS on next layer",0.3,0.1,1024
2459,Ant-v5,mid,0,2313.419189453125,399.0612239114947,45.11572265625,0.32,16,32.0,"even-indexed (l1, l3, …); LS on next layer",0.3,0.1,1024
2460,Ant-v5,mid,0,2948.642578125,295.94958575569774,22.829347610473633,0.32,16,32.0,"even-indexed (l1, l3, …); LS on next layer",0.3,0.1,1024
2461,Ant-v5,mid,0,2788.397216796875,315.3341612335381,27.54517364501953,0.32,16,32.0,"even-indexed (l1, l3, …); LS on next layer",0.3,0.1,1024
2462,Ant-v5,mid,0,4784.01708984375,517.207466324297,18.470348358154297,0.32,16,32.0,"even-indexed (l1, l3, …); LS on next layer",0.3,0.1,1024
2463,Ant-v5,mid,0,835.6578979492188,97.4341539524745,19.793542861938477,0.32,16,32.0,"even-indexed (l1, l3, …); LS on next layer",0.3,0.1,1024
2464,Ant-v5,mid,0,883.6863403320312,160.11530221120236,25.718441009521484,0.32,16,32.0,"even-indexed (l1, l3, …); LS on next layer",0.3,0.1,1024
2465,Ant-v5,mid,0,2405.1640625,281.59309572482687,27.707401275634766,0.32,16,32.0,"even-indexed (l1, l3, …); LS on next layer",0.3,0.1,1024
2466,Ant-v5,mid,0,1259.2034912109375,187.4431943798167,34.2260856628418,0.32,16,32.0,"even-indexed (l1, l3, …); LS on next layer",0.3,0.1,1024
2467,Ant-v5,mid,0,1194.820068359375,235.90990983828934,36.13544845581055,0.32,16,32.0,"even-indexed (l1, l3, …); LS on next layer",0.3,0.1,1024
2468,Ant-v5,mid,0,888.3657836914062,126.40082796603181,17.73834991455078,0.32,16,32.0,"even-indexed (l1, l3, …); LS on next layer",0.3,0.1,1024
2469,Ant-v5,mid,0,3217.292724609375,348.4900366875273,20.50305938720703,0.32,16,32.0,"even-indexed (l1, l3, …); LS on next layer",0.3,0.1,1024
2470,Ant-v5,mid,0,949.142578125,126.80761882691516,17.889604568481445,0.32,16,32.0,"even-indexed (l1, l3, …); LS on next layer",0.3,0.1,1024
2471,Ant-v5,mid,0,1238.4683837890625,169.65883634687592,27.606204986572266,0.32,16,32.0,"even-indexed (l1, l3, …); LS on next layer",0.3,0.1,1024
2472,Ant-v5,mid,0,4798.06884765625,466.8741274310842,30.43805694580078,0.32,16,32.0,"even-indexed (l1, l3, …); LS on next layer",0.3,0.1,1024
2473,Ant-v5,mid,0,1588.9019775390625,177.14887415512058,20.338598251342773,0.32,16,32.0,"even-indexed (l1, l3, …); LS on next layer",0.3,0.1,1024
2474,Ant-v5,mid,0,726.5888061523438,91.80550038926157,16.719470977783203,0.32,16,32.0,"even-indexed (l1, l3, …); LS on next layer",0.3,0.1,1024
2475,Ant-v5,mid,0,1240.9534912109375,170.86672107551556,23.867624282836914,0.32,16,32.0,"even-indexed (l1, l3, …); LS on next layer",0.3,0.1,1024
2476,Ant-v5,mid,0,731.2796020507812,99.67923033259032,15.778130531311035,0.32,16,32.0,"even-indexed (l1, l3, …); LS on next layer",0.3,0.1,1024
2477,Ant-v5,mid,0,1188.4619140625,150.02577429211692,20.85060691833496,0.32,16,32.0,"even-indexed (l1, l3, …); LS on next layer",0.3,0.1,1024
2478,Ant-v5,mid,0,1466.3355712890625,158.69218526041604,19.824729919433594,0.32,16,32.0,"even-indexed (l1, l3, …); LS on next layer",0.3,0.1,1024
2479,Ant-v5,mid,0,3353.677734375,352.25294637830825,23.94496726989746,0.32,16,32.0,"even-indexed (l1, l3, …); LS on next layer",0.3,0.1,1024
2480,Ant-v5,mid,0,2140.095458984375,371.60783063676126,38.607444763183594,0.32,16,32.0,"even-indexed (l1, l3, …); LS on next layer",0.3,0.1,1024
2481,Ant-v5,mid,0,1725.996826171875,443.474373486412,42.56519317626953,0.32,16,32.0,"even-indexed (l1, l3, …); LS on next layer",0.3,0.1,1024
2482,Ant-v5,mid,0,1217.640625,203.3583023534741,49.45943069458008,0.32,16,32.0,"even-indexed (l1, l3, …); LS on next layer",0.3,0.1,1024
2483,Ant-v5,mid,0,522.132568359375,109.59804726278762,24.018802642822266,0.32,16,32.0,"even-indexed (l1, l3, …); LS on next layer",0.3,0.1,1024
2484,Ant-v5,mid,0,12646.248046875,1707.154817460551,103.63189697265625,0.32,16,32.0,"even-indexed (l1, l3, …); LS on next layer",0.3,0.1,1024
2485,Ant-v5,mid,0,2551.89794921875,305.9091756747563,29.94371795654297,0.32,16,32.0,"even-indexed (l1, l3, …); LS on next layer",0.3,0.1,1024
2486,Ant-v5,mid,0,1658.4085693359375,196.82850132373818,19.849910736083984,0.32,16,32.0,"even-indexed (l1, l3, …); LS on next layer",0.3,0.1,1024
2487,Ant-v5,mid,0,1507.4581298828125,161.54557793516406,21.524656295776367,0.32,16,32.0,"even-indexed (l1, l3, …); LS on next layer",0.3,0.1,1024
2488,Ant-v5,mid,0,3827.77734375,428.1912796238163,18.24909782409668,0.32,16,32.0,"even-indexed (l1, l3, …); LS on next layer",0.3,0.1,1024
2489,Ant-v5,mid,0,2107.93505859375,277.3879226129442,31.694612503051758,0.32,16,32.0,"even-indexed (l1, l3, …); LS on next layer",0.3,0.1,1024
2490,Ant-v5,mid,0,979.2821655273438,138.8313337279385,17.86105728149414,0.32,16,32.0,"even-indexed (l1, l3, …); LS on next layer",0.3,0.1,1024
2491,Ant-v5,mid,0,1115.881591796875,140.05528654428898,15.674077987670898,0.32,16,32.0,"even-indexed (l1, l3, …); LS on next layer",0.3,0.1,1024
2492,Ant-v5,mid,0,1843.196044921875,268.2793466876427,31.833904266357422,0.32,16,32.0,"even-indexed (l1, l3, …); LS on next layer",0.3,0.1,1024
2493,Ant-v5,mid,0,2108.21630859375,219.20960726500806,25.99599838256836,0.32,16,32.0,"even-indexed (l1, l3, …); LS on next layer",0.3,0.1,1024
2494,Ant-v5,mid,0,1017.577392578125,167.28313712782534,36.44435501098633,0.32,16,32.0,"even-indexed (l1, l3, …); LS on next layer",0.3,0.1,1024
2495,Ant-v5,mid,0,1287.675048828125,170.9175819251823,31.07510757446289,0.32,16,32.0,"even-indexed (l1, l3, …); LS on next layer",0.3,0.1,1024
2496,Ant-v5,mid,0,2425.332763671875,260.5792918713803,24.49028968811035,0.32,16,32.0,"even-indexed (l1, l3, …); LS on next layer",0.3,0.1,1024
2497,Ant-v5,mid,0,598.8574829101562,81.93326319461468,17.15891456604004,0.32,16,32.0,"even-indexed (l1, l3, …); LS on next layer",0.3,0.1,1024
2498,Ant-v5,mid,0,1523.233642578125,213.1632669011771,27.7900447845459,0.32,16,32.0,"even-indexed (l1, l3, …); LS on next layer",0.3,0.1,1024
2499,Ant-v5,mid,0,3438.15771484375,397.15847575226303,23.250497817993164,0.32,16,32.0,"even-indexed (l1, l3, …); LS on next layer",0.3,0.1,1024
2500,Ant-v5,mid,0,501.5718688964844,71.4702189494923,24.51427459716797,0.32,16,32.0,"even-indexed (l1, l3, …); LS on next layer",0.3,0.1,1024
2501,Ant-v5,mid,0,938.40625,283.845969766999,43.55235290527344,0.32,16,32.0,"even-indexed (l1, l3, …); LS on next layer",0.3,0.1,1024
2502,Ant-v5,mid,0,1826.9923095703125,542.3690944022811,54.25933074951172,0.32,16,32.0,"even-indexed (l1, l3, …); LS on next layer",0.3,0.1,1024
2503,Ant-v5,mid,0,1357.123291015625,246.52671012817152,38.95292282104492,0.32,16,32.0,"even-indexed (l1, l3, …); LS on next layer",0.3,0.1,1024
2504,Ant-v5,mid,0,1567.787841796875,217.39231008598136,29.35587501525879,0.32,16,32.0,"even-indexed (l1, l3, …); LS on next layer",0.3,0.1,1024
2505,Ant-v5,mid,0,2272.60546875,252.86071401919517,24.688989639282227,0.32,16,32.0,"even-indexed (l1, l3, …); LS on next layer",0.3,0.1,1024
2506,Ant-v5,mid,0,1052.611572265625,172.37340471035384,28.99333381652832,0.32,16,32.0,"even-indexed (l1, l3, …); LS on next layer",0.3,0.1,1024
2507,Ant-v5,mid,0,871.4762573242188,156.75605455721166,26.619726181030273,0.32,16,32.0,"even-indexed (l1, l3, …); LS on next layer",0.3,0.1,1024
2508,Ant-v5,mid,0,1765.7508544921875,200.60712278878384,26.76751136779785,0.32,16,32.0,"even-indexed (l1, l3, …); LS on next layer",0.3,0.1,1024
2509,Ant-v5,mid,0,831.8456420898438,148.70208322111978,26.795673370361328,0.32,16,32.0,"even-indexed (l1, l3, …); LS on next layer",0.3,0.1,1024
2510,Ant-v5,mid,0,828.5504150390625,109.88406798728502,15.839319229125977,0.32,16,32.0,"even-indexed (l1, l3, …); LS on next layer",0.3,0.1,1024
2511,Ant-v5,mid,0,3013.28271484375,373.9237474349859,39.01893615722656,0.32,16,32.0,"even-indexed (l1, l3, …); LS on next layer",0.3,0.1,1024
2512,Ant-v5,mid,0,702.5458374023438,94.37561668073377,17.852619171142578,0.32,16,32.0,"even-indexed (l1, l3, …); LS on next layer",0.3,0.1,1024
2513,Ant-v5,mid,0,2931.474609375,303.35309755656624,19.67498016357422,0.32,16,32.0,"even-indexed (l1, l3, …); LS on next layer",0.3,0.1,1024
2514,Ant-v5,mid,0,2227.59619140625,243.51452622832923,19.141756057739258,0.32,16,32.0,"even-indexed (l1, l3, …); LS on next layer",0.3,0.1,1024
2515,Ant-v5,mid,0,1140.53369140625,126.87879587725257,15.951104164123535,0.32,16,32.0,"even-indexed (l1, l3, …); LS on next layer",0.3,0.1,1024
2516,Ant-v5,mid,0,3760.0966796875,348.0065451577801,25.183639526367188,0.32,16,32.0,"even-indexed (l1, l3, …); LS on next layer",0.3,0.1,1024
2517,Ant-v5,mid,0,1221.95556640625,156.5602678968163,19.93734359741211,0.32,16,32.0,"even-indexed (l1, l3, …); LS on next layer",0.3,0.1,1024
2518,Ant-v5,mid,0,840.2530517578125,127.55892555613724,18.56914710998535,0.32,16,32.0,"even-indexed (l1, l3, …); LS on next layer",0.3,0.1,1024
2519,Ant-v5,mid,0,1542.727294921875,340.10523809391566,40.4245491027832,0.32,16,32.0,"even-indexed (l1, l3, …); LS on next layer",0.3,0.1,1024
2520,Ant-v5,mid,0,1312.4273681640625,153.03349469085572,16.319726943969727,0.32,16,32.0,"even-indexed (l1, l3, …); LS on next layer",0.3,0.1,1024
2521,Ant-v5,mid,0,2577.787841796875,282.14594326180577,22.553707122802734,0.32,16,32.0,"even-indexed (l1, l3, …); LS on next layer",0.3,0.1,1024
2522,Ant-v5,mid,0,4703.46484375,491.11651670407184,18.754961013793945,0.32,16,32.0,"even-indexed (l1, l3, …); LS on next layer",0.3,0.1,1024
2523,Ant-v5,mid,0,3405.380859375,357.2668290857432,22.80109977722168,0.32,16,32.0,"even-indexed (l1, l3, …); LS on next layer",0.3,0.1,1024
2524,Ant-v5,mid,0,1036.3131103515625,135.3178505461781,23.571754455566406,0.32,16,32.0,"even-indexed (l1, l3, …); LS on next layer",0.3,0.1,1024
2525,Ant-v5,mid,0,2155.101806640625,350.6570355757824,40.288536071777344,0.32,16,32.0,"even-indexed (l1, l3, …); LS on next layer",0.3,0.1,1024
2526,Ant-v5,mid,0,580.47607421875,91.11364253328995,18.933738708496094,0.32,16,32.0,"even-indexed (l1, l3, …); LS on next layer",0.3,0.1,1024
2527,Ant-v5,mid,0,635.2832641601562,97.92357572748824,19.651046752929688,0.32,16,32.0,"even-indexed (l1, l3, …); LS on next layer",0.3,0.1,1024
2528,Ant-v5,mid,0,2960.556640625,306.7611060689817,25.1213321685791,0.32,16,32.0,"even-indexed (l1, l3, …); LS on next layer",0.3,0.1,1024
2529,Ant-v5,mid,0,687.3189697265625,103.35441126433327,20.406370162963867,0.32,16,32.0,"even-indexed (l1, l3, …); LS on next layer",0.3,0.1,1024
2530,Ant-v5,mid,0,950.4336547851562,104.17666215185153,20.238048553466797,0.32,16,32.0,"even-indexed (l1, l3, …); LS on next layer",0.3,0.1,1024
2531,Ant-v5,mid,0,638.9950561523438,109.58650800392076,27.309049606323242,0.32,16,32.0,"even-indexed (l1, l3, …); LS on next layer",0.3,0.1,1024
2532,Ant-v5,mid,0,507.4253234863281,111.75822959601032,28.414691925048828,0.32,16,32.0,"even-indexed (l1, l3, …); LS on next layer",0.3,0.1,1024
2533,Ant-v5,mid,0,1733.19970703125,275.0018438525906,46.66600799560547,0.32,16,32.0,"even-indexed (l1, l3, …); LS on next layer",0.3,0.1,1024
2534,Ant-v5,mid,0,1218.5135498046875,252.45607428955392,55.80005645751953,0.32,16,32.0,"even-indexed (l1, l3, …); LS on next layer",0.3,0.1,1024
2535,Ant-v5,mid,0,727.7569580078125,102.37270513973809,20.088329315185547,0.32,16,32.0,"even-indexed (l1, l3, …); LS on next layer",0.3,0.1,1024
2536,Ant-v5,mid,0,747.2905883789062,127.04628232466436,25.374364852905273,0.32,16,32.0,"even-indexed (l1, l3, …); LS on next layer",0.3,0.1,1024
2537,Ant-v5,mid,0,4653.3330078125,537.3436506323726,24.158037185668945,0.32,16,32.0,"even-indexed (l1, l3, …); LS on next layer",0.3,0.1,1024
2538,Ant-v5,mid,0,3092.73193359375,320.6082512708927,21.407503128051758,0.32,16,32.0,"even-indexed (l1, l3, …); LS on next layer",0.3,0.1,1024
2539,Ant-v5,mid,0,1466.0531005859375,180.8683425575338,35.288265228271484,0.32,16,32.0,"even-indexed (l1, l3, …); LS on next layer",0.3,0.1,1024
2540,Ant-v5,mid,0,1041.8280029296875,145.65250693593546,20.81559181213379,0.32,16,32.0,"even-indexed (l1, l3, …); LS on next layer",0.3,0.1,1024
2541,Ant-v5,mid,0,658.6356201171875,93.44785439899206,18.120412826538086,0.32,16,32.0,"even-indexed (l1, l3, …); LS on next layer",0.3,0.1,1024
2542,Ant-v5,mid,0,890.8981323242188,106.24377637334715,15.78536605834961,0.32,16,32.0,"even-indexed (l1, l3, …); LS on next layer",0.3,0.1,1024
2543,Ant-v5,mid,0,2818.603759765625,381.48556905241094,33.049320220947266,0.32,16,32.0,"even-indexed (l1, l3, …); LS on next layer",0.3,0.1,1024
2544,Ant-v5,mid,0,773.29736328125,107.07847802999405,91.34683990478516,0.32,16,32.0,"even-indexed (l1, l3, …); LS on next layer",0.3,0.1,1024
2545,Ant-v5,mid,0,672.9580688476562,79.3731218844722,16.897197723388672,0.32,16,32.0,"even-indexed (l1, l3, …); LS on next layer",0.3,0.1,1024
2546,Ant-v5,mid,0,1685.3402099609375,251.81956721585522,29.325336456298828,0.32,16,32.0,"even-indexed (l1, l3, …); LS on next layer",0.3,0.1,1024
2547,Ant-v5,mid,0,1852.8504638671875,223.22062357788835,68.7873306274414,0.32,16,32.0,"even-indexed (l1, l3, …); LS on next layer",0.3,0.1,1024
2548,Ant-v5,mid,0,2619.8271484375,353.5086209827415,40.260826110839844,0.32,16,32.0,"even-indexed (l1, l3, …); LS on next layer",0.3,0.1,1024
2549,Ant-v5,mid,0,1962.9681396484375,245.01459281374235,26.254322052001953,0.32,16,32.0,"even-indexed (l1, l3, …); LS on next layer",0.3,0.1,1024
2550,Ant-v5,mid,0,2100.977783203125,219.54354342752913,21.960098266601562,0.32,16,32.0,"even-indexed (l1, l3, …); LS on next layer",0.3,0.1,1024
2551,Ant-v5,mid,0,459.1827697753906,70.1210199554886,18.674657821655273,0.32,16,32.0,"even-indexed (l1, l3, …); LS on next layer",0.3,0.1,1024
2552,Ant-v5,mid,0,421.4599304199219,84.26579199269429,17.2526912689209,0.32,16,32.0,"even-indexed (l1, l3, …); LS on next layer",0.3,0.1,1024
2553,Ant-v5,mid,0,2171.792724609375,298.79685456670836,27.253610610961914,0.32,16,32.0,"even-indexed (l1, l3, …); LS on next layer",0.3,0.1,1024
2554,Ant-v5,mid,0,1168.8824462890625,164.26457963688495,20.924087524414062,0.32,16,32.0,"even-indexed (l1, l3, …); LS on next layer",0.3,0.1,1024
2555,Ant-v5,mid,0,831.59130859375,119.09289296456228,19.13576316833496,0.32,16,32.0,"even-indexed (l1, l3, …); LS on next layer",0.3,0.1,1024
2556,Ant-v5,mid,0,3616.916748046875,392.38964071786484,31.983327865600586,0.32,16,32.0,"even-indexed (l1, l3, …); LS on next layer",0.3,0.1,1024
2557,Ant-v5,mid,0,1679.579833984375,209.2891804028636,34.33652877807617,0.32,16,32.0,"even-indexed (l1, l3, …); LS on next layer",0.3,0.1,1024
2558,Ant-v5,mid,0,1338.03076171875,161.61161568679248,24.30602264404297,0.32,16,32.0,"even-indexed (l1, l3, …); LS on next layer",0.3,0.1,1024
2559,Ant-v5,mid,0,2578.2958984375,261.9894935261298,23.67180061340332,0.32,16,32.0,"even-indexed (l1, l3, …); LS on next layer",0.3,0.1,1024
2560,Ant-v5,mid,0,1307.0372314453125,163.67127405410181,24.562496185302734,0.32,16,32.0,"even-indexed (l1, l3, …); LS on next layer",0.3,0.1,1024
2561,Ant-v5,mid,0,1948.341796875,261.73260704590393,36.10102844238281,0.32,16,32.0,"even-indexed (l1, l3, …); LS on next layer",0.3,0.1,1024
2562,Ant-v5,mid,0,831.8009033203125,139.3863192884154,21.815725326538086,0.32,16,32.0,"even-indexed (l1, l3, …); LS on next layer",0.3,0.1,1024
2563,Ant-v5,mid,0,2791.24462890625,310.44711290044773,18.071340560913086,0.32,16,32.0,"even-indexed (l1, l3, …); LS on next layer",0.3,0.1,1024
2564,Ant-v5,mid,0,1948.8939208984375,381.1308120148403,40.44434356689453,0.32,16,32.0,"even-indexed (l1, l3, …); LS on next layer",0.3,0.1,1024
2565,Ant-v5,mid,0,3009.498046875,385.1781895092862,40.14326477050781,0.32,16,32.0,"even-indexed (l1, l3, …); LS on next layer",0.3,0.1,1024
2566,Ant-v5,mid,0,1679.4327392578125,184.4405676512383,19.780807495117188,0.32,16,32.0,"even-indexed (l1, l3, …); LS on next layer",0.3,0.1,1024
2567,Ant-v5,mid,0,1340.7388916015625,217.43585455040642,24.461639404296875,0.32,16,32.0,"even-indexed (l1, l3, …); LS on next layer",0.3,0.1,1024
2568,Ant-v5,mid,0,800.7660522460938,147.19923632355002,26.22491455078125,0.32,16,32.0,"even-indexed (l1, l3, …); LS on next layer",0.3,0.1,1024
2569,Ant-v5,mid,0,4430.87353515625,468.2858452695233,20.751535415649414,0.32,16,32.0,"even-indexed (l1, l3, …); LS on next layer",0.3,0.1,1024
2570,Ant-v5,mid,0,1572.2265625,232.1045071703782,34.692474365234375,0.32,16,32.0,"even-indexed (l1, l3, …); LS on next layer",0.3,0.1,1024
2571,Ant-v5,mid,0,2351.216064453125,264.68378199608026,26.72983741760254,0.32,16,32.0,"even-indexed (l1, l3, …); LS on next layer",0.3,0.1,1024
2572,Ant-v5,mid,0,1665.14208984375,333.38504508037647,54.00395202636719,0.32,16,32.0,"even-indexed (l1, l3, …); LS on next layer",0.3,0.1,1024
2573,Ant-v5,mid,0,2950.033447265625,292.07128858977524,20.371410369873047,0.32,16,32.0,"even-indexed (l1, l3, …); LS on next layer",0.3,0.1,1024
2574,Ant-v5,mid,0,3564.6669921875,339.972239849291,29.98990821838379,0.32,16,32.0,"even-indexed (l1, l3, …); LS on next layer",0.3,0.1,1024
2575,Ant-v5,mid,0,1456.947998046875,238.2866498154593,29.459184646606445,0.32,16,32.0,"even-indexed (l1, l3, …); LS on next layer",0.3,0.1,1024
2576,Ant-v5,mid,0,1204.063720703125,160.5752276174008,25.467269897460938,0.32,16,32.0,"even-indexed (l1, l3, …); LS on next layer",0.3,0.1,1024
2577,Ant-v5,mid,0,599.5261840820312,71.98677407331594,24.424509048461914,0.32,16,32.0,"even-indexed (l1, l3, …); LS on next layer",0.3,0.1,1024
2578,Ant-v5,mid,0,2055.289794921875,260.86156422913155,32.01006317138672,0.32,16,32.0,"even-indexed (l1, l3, …); LS on next layer",0.3,0.1,1024
2579,Ant-v5,mid,0,2000.4742431640625,276.08091515486,34.084415435791016,0.32,16,32.0,"even-indexed (l1, l3, …); LS on next layer",0.3,0.1,1024
2580,Ant-v5,mid,0,1574.0765380859375,205.73965737076998,26.400802612304688,0.32,16,32.0,"even-indexed (l1, l3, …); LS on next layer",0.3,0.1,1024
2581,Ant-v5,mid,0,919.7918090820312,186.4550230972806,29.369924545288086,0.32,16,32.0,"even-indexed (l1, l3, …); LS on next layer",0.3,0.1,1024
2582,Ant-v5,mid,0,482.5083923339844,64.60519040514092,18.34784698486328,0.32,16,32.0,"even-indexed (l1, l3, …); LS on next layer",0.3,0.1,1024
2583,Ant-v5,mid,0,2769.645751953125,311.05817773928595,20.602500915527344,0.32,16,32.0,"even-indexed (l1, l3, …); LS on next layer",0.3,0.1,1024
2584,Ant-v5,mid,0,2025.0455322265625,393.2987490458903,50.681251525878906,0.32,16,32.0,"even-indexed (l1, l3, …); LS on next layer",0.3,0.1,1024
2585,Ant-v5,mid,0,1030.9140625,141.48404805104704,23.7415771484375,0.32,16,32.0,"even-indexed (l1, l3, …); LS on next layer",0.3,0.1,1024
2586,Ant-v5,mid,0,2701.545166015625,269.1016131674388,21.03192901611328,0.32,16,32.0,"even-indexed (l1, l3, …); LS on next layer",0.3,0.1,1024
2587,Ant-v5,mid,0,1767.66943359375,349.6995790726605,38.61894607543945,0.32,16,32.0,"even-indexed (l1, l3, …); LS on next layer",0.3,0.1,1024
2588,Ant-v5,mid,0,1669.595947265625,232.37735859750984,22.239240646362305,0.32,16,32.0,"even-indexed (l1, l3, …); LS on next layer",0.3,0.1,1024
2589,Ant-v5,mid,0,1184.15869140625,136.21058979404148,29.875951766967773,0.32,16,32.0,"even-indexed (l1, l3, …); LS on next layer",0.3,0.1,1024
2590,Ant-v5,mid,0,979.3231811523438,121.36120517571166,19.30735969543457,0.32,16,32.0,"even-indexed (l1, l3, …); LS on next layer",0.3,0.1,1024
2591,Ant-v5,mid,0,1299.7437744140625,148.9401243686669,18.23627281188965,0.32,16,32.0,"even-indexed (l1, l3, …); LS on next layer",0.3,0.1,1024
2592,Ant-v5,mid,0,807.3441772460938,190.5620810175622,32.16979217529297,0.32,16,32.0,"even-indexed (l1, l3, …); LS on next layer",0.3,0.1,1024
2593,Ant-v5,mid,0,1924.4884033203125,238.1736542243235,30.32701301574707,0.32,16,32.0,"even-indexed (l1, l3, …); LS on next layer",0.3,0.1,1024
2594,Ant-v5,mid,0,1361.6717529296875,230.46826906342488,36.86144256591797,0.32,16,32.0,"even-indexed (l1, l3, …); LS on next layer",0.3,0.1,1024
2595,Ant-v5,mid,0,695.7437133789062,192.78013766955627,33.40702438354492,0.32,16,32.0,"even-indexed (l1, l3, …); LS on next layer",0.3,0.1,1024
2596,Ant-v5,mid,0,4015.034912109375,352.6989224111249,24.184783935546875,0.32,16,32.0,"even-indexed (l1, l3, …); LS on next layer",0.3,0.1,1024
2597,Ant-v5,mid,0,768.3475952148438,123.88222954521629,24.393386840820312,0.32,16,32.0,"even-indexed (l1, l3, …); LS on next layer",0.3,0.1,1024
2598,Ant-v5,mid,0,875.0104370117188,158.33483969044926,27.992382049560547,0.32,16,32.0,"even-indexed (l1, l3, …); LS on next layer",0.3,0.1,1024
2599,Ant-v5,mid,0,725.9758911132812,99.12985248014289,16.140846252441406,0.32,16,32.0,"even-indexed (l1, l3, …); LS on next layer",0.3,0.1,1024
2600,Ant-v5,mid,0,2256.83203125,297.4634314505671,33.11195755004883,0.32,16,32.0,"even-indexed (l1, l3, …); LS on next layer",0.3,0.1,1024
2601,Ant-v5,mid,0,685.3004150390625,90.13725157229723,18.182315826416016,0.32,16,32.0,"even-indexed (l1, l3, …); LS on next layer",0.3,0.1,1024
2602,Ant-v5,mid,0,1016.4985961914062,148.60774200694533,21.21872901916504,0.32,16,32.0,"even-indexed (l1, l3, …); LS on next layer",0.3,0.1,1024
2603,Ant-v5,mid,0,4156.05810546875,398.76147395737917,21.073217391967773,0.32,16,32.0,"even-indexed (l1, l3, …); LS on next layer",0.3,0.1,1024
2604,Ant-v5,mid,0,1822.759521484375,419.6951184692414,33.901100158691406,0.32,16,32.0,"even-indexed (l1, l3, …); LS on next layer",0.3,0.1,1024
2605,Ant-v5,mid,0,1685.5611572265625,219.86705841996104,22.997581481933594,0.32,16,32.0,"even-indexed (l1, l3, …); LS on next layer",0.3,0.1,1024
2606,Ant-v5,mid,0,1566.9295654296875,255.32553168360522,34.39780807495117,0.32,16,32.0,"even-indexed (l1, l3, …); LS on next layer",0.3,0.1,1024
2607,Ant-v5,mid,0,2381.197509765625,230.27523087672122,23.0904483795166,0.32,16,32.0,"even-indexed (l1, l3, …); LS on next layer",0.3,0.1,1024
2608,Ant-v5,mid,0,941.7391967773438,117.15789727422208,16.37449836730957,0.32,16,32.0,"even-indexed (l1, l3, …); LS on next layer",0.3,0.1,1024
2609,Ant-v5,mid,0,939.1520385742188,111.49341386876608,15.480305671691895,0.32,16,32.0,"even-indexed (l1, l3, …); LS on next layer",0.3,0.1,1024
2610,Ant-v5,mid,0,2767.954833984375,278.0717418196938,23.796598434448242,0.32,16,32.0,"even-indexed (l1, l3, …); LS on next layer",0.3,0.1,1024
2611,Ant-v5,mid,0,1244.1949462890625,144.71229995101166,22.994651794433594,0.32,16,32.0,"even-indexed (l1, l3, …); LS on next layer",0.3,0.1,1024
2612,Ant-v5,mid,0,705.0374755859375,105.57823486962056,18.333003997802734,0.32,16,32.0,"even-indexed (l1, l3, …); LS on next layer",0.3,0.1,1024
2613,Ant-v5,mid,0,1343.30712890625,283.7467565493505,35.431175231933594,0.32,16,32.0,"even-indexed (l1, l3, …); LS on next layer",0.3,0.1,1024
2614,Ant-v5,mid,0,596.7548217773438,88.77188178081144,18.320852279663086,0.32,16,32.0,"even-indexed (l1, l3, …); LS on next layer",0.3,0.1,1024
2615,Ant-v5,mid,0,1026.73095703125,126.1564262119297,25.2017879486084,0.32,16,32.0,"even-indexed (l1, l3, …); LS on next layer",0.3,0.1,1024
2616,Ant-v5,mid,0,856.072509765625,173.22120727199504,26.59804344177246,0.32,16,32.0,"even-indexed (l1, l3, …); LS on next layer",0.3,0.1,1024
2617,Ant-v5,mid,0,1879.037109375,228.07882130891406,19.92437171936035,0.32,16,32.0,"even-indexed (l1, l3, …); LS on next layer",0.3,0.1,1024
2618,Ant-v5,mid,0,3296.359619140625,318.15055838584595,23.766101837158203,0.32,16,32.0,"even-indexed (l1, l3, …); LS on next layer",0.3,0.1,1024
2619,Ant-v5,mid,0,1955.1396484375,235.64620017077934,25.847177505493164,0.32,16,32.0,"even-indexed (l1, l3, …); LS on next layer",0.3,0.1,1024
2620,Ant-v5,mid,0,4308.65283203125,475.8858410800915,18.26157569885254,0.32,16,32.0,"even-indexed (l1, l3, …); LS on next layer",0.3,0.1,1024
2621,Ant-v5,mid,0,1962.0357666015625,243.84703821129975,27.8062744140625,0.32,16,32.0,"even-indexed (l1, l3, …); LS on next layer",0.3,0.1,1024
2622,Ant-v5,mid,0,808.5010986328125,164.17368202662607,27.608116149902344,0.32,16,32.0,"even-indexed (l1, l3, …); LS on next layer",0.3,0.1,1024
2623,Ant-v5,mid,0,2020.5018310546875,329.10936862960773,25.88823127746582,0.32,16,32.0,"even-indexed (l1, l3, …); LS on next layer",0.3,0.1,1024
2624,Ant-v5,mid,0,2784.1435546875,297.9028548355931,16.294506072998047,0.32,16,32.0,"even-indexed (l1, l3, …); LS on next layer",0.3,0.1,1024
2625,Ant-v5,mid,0,1004.7728271484375,142.37049228689003,27.24137306213379,0.32,16,32.0,"even-indexed (l1, l3, …); LS on next layer",0.3,0.1,1024
2626,Ant-v5,mid,0,1312.0113525390625,207.9536722781807,37.48546600341797,0.32,16,32.0,"even-indexed (l1, l3, …); LS on next layer",0.3,0.1,1024
2627,Ant-v5,mid,0,3626.5146484375,448.3381608042515,29.890172958374023,0.32,16,32.0,"even-indexed (l1, l3, …); LS on next layer",0.3,0.1,1024
2628,Ant-v5,mid,0,2414.2490234375,262.5884571612303,16.089296340942383,0.32,16,32.0,"even-indexed (l1, l3, …); LS on next layer",0.3,0.1,1024
2629,Ant-v5,mid,0,945.9464111328125,160.51070319144532,21.634620666503906,0.32,16,32.0,"even-indexed (l1, l3, …); LS on next layer",0.3,0.1,1024
2630,Ant-v5,mid,0,713.6760864257812,116.70341941293725,20.02840232849121,0.32,16,32.0,"even-indexed (l1, l3, …); LS on next layer",0.3,0.1,1024
2631,Ant-v5,mid,0,2349.596923828125,300.74260413763477,28.051788330078125,0.32,16,32.0,"even-indexed (l1, l3, …); LS on next layer",0.3,0.1,1024
2632,Ant-v5,mid,0,2220.809814453125,291.83395096509923,28.02005958557129,0.32,16,32.0,"even-indexed (l1, l3, …); LS on next layer",0.3,0.1,1024
2633,Ant-v5,mid,0,1048.1768798828125,155.12760768603246,29.054655075073242,0.32,16,32.0,"even-indexed (l1, l3, …); LS on next layer",0.3,0.1,1024
2634,Ant-v5,mid,0,1558.42529296875,196.41976603972546,29.512706756591797,0.32,16,32.0,"even-indexed (l1, l3, …); LS on next layer",0.3,0.1,1024
2635,Ant-v5,mid,0,2651.323486328125,291.8302249246791,19.026260375976562,0.32,16,32.0,"even-indexed (l1, l3, …); LS on next layer",0.3,0.1,1024
2636,Ant-v5,mid,0,1113.7667236328125,140.593177310644,24.52600860595703,0.32,16,32.0,"even-indexed (l1, l3, …); LS on next layer",0.3,0.1,1024
2637,Ant-v5,mid,0,549.6234741210938,92.91445756853778,19.06598663330078,0.32,16,32.0,"even-indexed (l1, l3, …); LS on next layer",0.3,0.1,1024
2638,Ant-v5,mid,0,618.0202026367188,101.32516677218351,18.66395378112793,0.32,16,32.0,"even-indexed (l1, l3, …); LS on next layer",0.3,0.1,1024
2639,Ant-v5,mid,0,1068.1519775390625,145.83491654025113,20.3570613861084,0.32,16,32.0,"even-indexed (l1, l3, …); LS on next layer",0.3,0.1,1024
2640,Ant-v5,mid,0,1445.206298828125,251.98791837647263,38.995765686035156,0.32,16,32.0,"even-indexed (l1, l3, …); LS on next layer",0.3,0.1,1024
2641,Ant-v5,mid,0,2010.9437255859375,236.67453231620192,21.445932388305664,0.32,16,32.0,"even-indexed (l1, l3, …); LS on next layer",0.3,0.1,1024
2642,Ant-v5,mid,0,1413.7125244140625,350.80934690741765,46.97290802001953,0.32,16,32.0,"even-indexed (l1, l3, …); LS on next layer",0.3,0.1,1024
2643,Ant-v5,mid,0,1120.0181884765625,163.5509447919209,21.706798553466797,0.32,16,32.0,"even-indexed (l1, l3, …); LS on next layer",0.3,0.1,1024
2644,Ant-v5,mid,0,635.7448120117188,84.69793819959733,13.775716781616211,0.32,16,32.0,"even-indexed (l1, l3, …); LS on next layer",0.3,0.1,1024
2645,Ant-v5,mid,0,571.5800170898438,81.29654457194897,18.16641616821289,0.32,16,32.0,"even-indexed (l1, l3, …); LS on next layer",0.3,0.1,1024
2646,Ant-v5,mid,0,4025.40283203125,439.31405463746705,21.955018997192383,0.32,16,32.0,"even-indexed (l1, l3, …); LS on next layer",0.3,0.1,1024
2647,Ant-v5,mid,0,2341.6064453125,376.78158630500536,25.177902221679688,0.32,16,32.0,"even-indexed (l1, l3, …); LS on next layer",0.3,0.1,1024
2648,Ant-v5,mid,0,2835.782470703125,371.6684848203362,40.66106414794922,0.32,16,32.0,"even-indexed (l1, l3, …); LS on next layer",0.3,0.1,1024
2649,Ant-v5,mid,0,2150.543212890625,306.3505215086184,48.06919479370117,0.32,16,32.0,"even-indexed (l1, l3, …); LS on next layer",0.3,0.1,1024
2650,Ant-v5,mid,0,1860.0260009765625,329.579012358509,41.84264373779297,0.32,16,32.0,"even-indexed (l1, l3, …); LS on next layer",0.3,0.1,1024
2651,Ant-v5,mid,0,2196.404541015625,263.09411770821123,20.281227111816406,0.32,16,32.0,"even-indexed (l1, l3, …); LS on next layer",0.3,0.1,1024
2652,Ant-v5,mid,0,1457.3585205078125,219.79849575258075,24.47303581237793,0.32,16,32.0,"even-indexed (l1, l3, …); LS on next layer",0.3,0.1,1024
2653,Ant-v5,mid,0,2248.944091796875,245.83211954014806,22.75591278076172,0.32,16,32.0,"even-indexed (l1, l3, …); LS on next layer",0.3,0.1,1024
2654,Ant-v5,mid,0,1700.4381103515625,252.2128333932667,34.96626663208008,0.32,16,32.0,"even-indexed (l1, l3, …); LS on next layer",0.3,0.1,1024
2655,Ant-v5,mid,0,2807.963623046875,293.1779988764728,20.512102127075195,0.32,16,32.0,"even-indexed (l1, l3, …); LS on next layer",0.3,0.1,1024
2656,Ant-v5,mid,0,2503.56884765625,264.57710531637485,26.811002731323242,0.32,16,32.0,"even-indexed (l1, l3, …); LS on next layer",0.3,0.1,1024
2657,Ant-v5,mid,0,604.118896484375,80.71641828120534,17.053178787231445,0.32,16,32.0,"even-indexed (l1, l3, …); LS on next layer",0.3,0.1,1024
2658,Ant-v5,mid,0,880.7376098632812,184.93016931573712,33.30194854736328,0.32,16,32.0,"even-indexed (l1, l3, …); LS on next layer",0.3,0.1,1024
2659,Ant-v5,mid,0,512.8497314453125,69.8587944632278,17.355422973632812,0.32,16,32.0,"even-indexed (l1, l3, …); LS on next layer",0.3,0.1,1024
2660,Ant-v5,mid,0,3715.308349609375,454.97590347069445,31.089296340942383,0.32,16,32.0,"even-indexed (l1, l3, …); LS on next layer",0.3,0.1,1024
2661,Ant-v5,mid,0,1827.537841796875,247.56782884323633,30.2926025390625,0.32,16,32.0,"even-indexed (l1, l3, …); LS on next layer",0.3,0.1,1024
2662,Ant-v5,mid,0,1606.7947998046875,311.7682773492628,46.239723205566406,0.32,16,32.0,"even-indexed (l1, l3, …); LS on next layer",0.3,0.1,1024
2663,Ant-v5,mid,0,586.38720703125,137.1504562592555,33.580970764160156,0.32,16,32.0,"even-indexed (l1, l3, …); LS on next layer",0.3,0.1,1024
2664,Ant-v5,mid,0,1011.6697998046875,186.30427744852517,40.22938919067383,0.32,16,32.0,"even-indexed (l1, l3, …); LS on next layer",0.3,0.1,1024
2665,Ant-v5,mid,0,1165.4659423828125,188.36547301896408,43.03234100341797,0.32,16,32.0,"even-indexed (l1, l3, …); LS on next layer",0.3,0.1,1024
2666,Ant-v5,mid,0,798.5753784179688,118.84462461254839,26.149492263793945,0.32,16,32.0,"even-indexed (l1, l3, …); LS on next layer",0.3,0.1,1024
2667,Ant-v5,mid,0,1101.6451416015625,154.78506307634458,23.43305015563965,0.32,16,32.0,"even-indexed (l1, l3, …); LS on next layer",0.3,0.1,1024
2668,Ant-v5,mid,0,2035.2611083984375,211.09105072377395,18.784011840820312,0.32,16,32.0,"even-indexed (l1, l3, …); LS on next layer",0.3,0.1,1024
2669,Ant-v5,mid,0,768.8424072265625,103.5752598169291,16.79347801208496,0.32,16,32.0,"even-indexed (l1, l3, …); LS on next layer",0.3,0.1,1024
2670,Ant-v5,mid,0,3356.5439453125,396.6607526974169,31.867969512939453,0.32,16,32.0,"even-indexed (l1, l3, …); LS on next layer",0.3,0.1,1024
2671,Ant-v5,mid,0,3025.0107421875,382.19765125790786,39.469154357910156,0.32,16,32.0,"even-indexed (l1, l3, …); LS on next layer",0.3,0.1,1024
2672,Ant-v5,mid,0,2249.25830078125,410.87071337309067,47.67127990722656,0.32,16,32.0,"even-indexed (l1, l3, …); LS on next layer",0.3,0.1,1024
2673,Ant-v5,mid,0,798.7496337890625,119.74777250529931,18.45155906677246,0.32,16,32.0,"even-indexed (l1, l3, …); LS on next layer",0.3,0.1,1024
2674,Ant-v5,mid,0,650.7200927734375,91.50830952909527,16.962223052978516,0.32,16,32.0,"even-indexed (l1, l3, …); LS on next layer",0.3,0.1,1024
2675,Ant-v5,mid,0,998.6813354492188,111.43316766897243,20.537025451660156,0.32,16,32.0,"even-indexed (l1, l3, …); LS on next layer",0.3,0.1,1024
2676,Ant-v5,mid,0,1533.5255126953125,425.17176421950796,61.17218780517578,0.32,16,32.0,"even-indexed (l1, l3, …); LS on next layer",0.3,0.1,1024
2677,Ant-v5,mid,0,1052.774658203125,163.67955423349514,25.515615463256836,0.32,16,32.0,"even-indexed (l1, l3, …); LS on next layer",0.3,0.1,1024
2678,Ant-v5,mid,0,1636.13037109375,436.15039851037466,47.602230072021484,0.32,16,32.0,"even-indexed (l1, l3, …); LS on next layer",0.3,0.1,1024
2679,Ant-v5,mid,0,688.0805053710938,236.31281159102534,39.26469421386719,0.32,16,32.0,"even-indexed (l1, l3, …); LS on next layer",0.3,0.1,1024
2680,Ant-v5,mid,0,808.94482421875,156.62587385979822,32.19831085205078,0.32,16,32.0,"even-indexed (l1, l3, …); LS on next layer",0.3,0.1,1024
2681,Ant-v5,mid,0,615.3369750976562,74.86070470960067,24.33582878112793,0.32,16,32.0,"even-indexed (l1, l3, …); LS on next layer",0.3,0.1,1024
2682,Ant-v5,mid,0,932.0465087890625,546.4074083382079,50.196170806884766,0.32,16,32.0,"even-indexed (l1, l3, …); LS on next layer",0.3,0.1,1024
2683,Ant-v5,mid,0,1527.9642333984375,303.8789781539883,39.35154724121094,0.32,16,32.0,"even-indexed (l1, l3, …); LS on next layer",0.3,0.1,1024
2684,Ant-v5,mid,0,494.01751708984375,86.55931472331142,27.47892951965332,0.32,16,32.0,"even-indexed (l1, l3, …); LS on next layer",0.3,0.1,1024
2685,Ant-v5,mid,0,2376.381591796875,292.35179063730305,40.221378326416016,0.32,16,32.0,"even-indexed (l1, l3, …); LS on next layer",0.3,0.1,1024
2686,Ant-v5,mid,0,1237.7664794921875,226.39462757878601,31.505449295043945,0.32,16,32.0,"even-indexed (l1, l3, …); LS on next layer",0.3,0.1,1024
2687,Ant-v5,mid,0,2768.43505859375,262.46836148818613,31.231414794921875,0.32,16,32.0,"even-indexed (l1, l3, …); LS on next layer",0.3,0.1,1024
2688,Ant-v5,mid,0,1004.5009765625,245.63200563910613,35.65355682373047,0.32,16,32.0,"even-indexed (l1, l3, …); LS on next layer",0.3,0.1,1024
2689,Ant-v5,mid,0,1293.843505859375,131.01784516794194,18.652692794799805,0.32,16,32.0,"even-indexed (l1, l3, …); LS on next layer",0.3,0.1,1024
2690,Ant-v5,mid,0,1714.559326171875,203.39482401434603,16.510587692260742,0.32,16,32.0,"even-indexed (l1, l3, …); LS on next layer",0.3,0.1,1024
2691,Ant-v5,mid,0,3160.150390625,357.2703613433549,33.56349563598633,0.32,16,32.0,"even-indexed (l1, l3, …); LS on next layer",0.3,0.1,1024
2692,Ant-v5,mid,0,1050.2216796875,150.16676629605288,22.22490692138672,0.32,16,32.0,"even-indexed (l1, l3, …); LS on next layer",0.3,0.1,1024
2693,Ant-v5,mid,0,1147.0113525390625,132.41463060971648,18.361574172973633,0.32,16,32.0,"even-indexed (l1, l3, …); LS on next layer",0.3,0.1,1024
2694,Ant-v5,mid,0,2404.79345703125,270.5987811179633,33.802406311035156,0.32,16,32.0,"even-indexed (l1, l3, …); LS on next layer",0.3,0.1,1024
2695,Ant-v5,mid,0,1063.2264404296875,176.52681993815932,33.024539947509766,0.32,16,32.0,"even-indexed (l1, l3, …); LS on next layer",0.3,0.1,1024
2696,Ant-v5,mid,0,2883.51123046875,331.5419054126336,30.747934341430664,0.32,16,32.0,"even-indexed (l1, l3, …); LS on next layer",0.3,0.1,1024
2697,Ant-v5,mid,0,2871.82861328125,345.71108817663577,23.938339233398438,0.32,16,32.0,"even-indexed (l1, l3, …); LS on next layer",0.3,0.1,1024
2698,Ant-v5,mid,0,4697.63818359375,449.6920343408324,21.223405838012695,0.32,16,32.0,"even-indexed (l1, l3, …); LS on next layer",0.3,0.1,1024
2699,Ant-v5,mid,0,3902.58837890625,375.9907591562725,18.830612182617188,0.32,16,32.0,"even-indexed (l1, l3, …); LS on next layer",0.3,0.1,1024
2700,Ant-v5,mid,0,3305.610107421875,320.02602030155793,22.584856033325195,0.32,16,32.0,"even-indexed (l1, l3, …); LS on next layer",0.3,0.1,1024
2701,Ant-v5,mid,0,3281.26220703125,331.611222889413,22.845718383789062,0.32,16,32.0,"even-indexed (l1, l3, …); LS on next layer",0.3,0.1,1024
2702,Ant-v5,mid,0,1070.307861328125,131.14060932330784,19.86591339111328,0.32,16,32.0,"even-indexed (l1, l3, …); LS on next layer",0.3,0.1,1024
2703,Ant-v5,mid,0,3958.231201171875,384.3769341523159,20.527843475341797,0.32,16,32.0,"even-indexed (l1, l3, …); LS on next layer",0.3,0.1,1024
2704,Ant-v5,mid,0,1151.6968994140625,169.20225262498826,32.2929801940918,0.32,16,32.0,"even-indexed (l1, l3, …); LS on next layer",0.3,0.1,1024
2705,Ant-v5,mid,0,1892.944580078125,198.36054987779482,16.737483978271484,0.32,16,32.0,"even-indexed (l1, l3, …); LS on next layer",0.3,0.1,1024
2706,Ant-v5,mid,0,852.8655395507812,115.22659827250973,20.65642547607422,0.32,16,32.0,"even-indexed (l1, l3, …); LS on next layer",0.3,0.1,1024
2707,Ant-v5,mid,0,3050.792724609375,398.3204564489,29.788728713989258,0.32,16,32.0,"even-indexed (l1, l3, …); LS on next layer",0.3,0.1,1024
2708,Ant-v5,mid,0,1843.0343017578125,215.7559033450352,24.094669342041016,0.32,16,32.0,"even-indexed (l1, l3, …); LS on next layer",0.3,0.1,1024
2709,Ant-v5,mid,0,3218.358642578125,483.1937495355162,103.84071350097656,0.32,16,32.0,"even-indexed (l1, l3, …); LS on next layer",0.3,0.1,1024
2710,Ant-v5,mid,0,1491.6812744140625,164.1616263441172,15.215564727783203,0.32,16,32.0,"even-indexed (l1, l3, …); LS on next layer",0.3,0.1,1024
2711,Ant-v5,mid,0,1112.24072265625,195.4527151972733,24.95513916015625,0.32,16,32.0,"even-indexed (l1, l3, …); LS on next layer",0.3,0.1,1024
2712,Ant-v5,mid,0,1928.31640625,397.6060797091098,40.875892639160156,0.32,16,32.0,"even-indexed (l1, l3, …); LS on next layer",0.3,0.1,1024
2713,Ant-v5,mid,0,735.9924926757812,126.78133856479764,48.4421501159668,0.32,16,32.0,"even-indexed (l1, l3, …); LS on next layer",0.3,0.1,1024
2714,Ant-v5,mid,0,1029.6768798828125,154.71086394775674,30.606327056884766,0.32,16,32.0,"even-indexed (l1, l3, …); LS on next layer",0.3,0.1,1024
2715,Ant-v5,mid,0,1657.380615234375,188.7220555188267,21.668270111083984,0.32,16,32.0,"even-indexed (l1, l3, …); LS on next layer",0.3,0.1,1024
2716,Ant-v5,mid,0,573.1310424804688,79.5734035461009,16.817264556884766,0.32,16,32.0,"even-indexed (l1, l3, …); LS on next layer",0.3,0.1,1024
2717,Ant-v5,mid,0,1812.176513671875,243.6254005885806,38.07196044921875,0.32,16,32.0,"even-indexed (l1, l3, …); LS on next layer",0.3,0.1,1024
2718,Ant-v5,mid,0,2850.552978515625,442.29824230635825,37.306495666503906,0.32,16,32.0,"even-indexed (l1, l3, …); LS on next layer",0.3,0.1,1024
2719,Ant-v5,mid,0,660.3739013671875,99.03966585801803,18.9034366607666,0.32,16,32.0,"even-indexed (l1, l3, …); LS on next layer",0.3,0.1,1024
2720,Ant-v5,mid,0,5112.10546875,506.5290178743013,24.884843826293945,0.32,16,32.0,"even-indexed (l1, l3, …); LS on next layer",0.3,0.1,1024
2721,Ant-v5,mid,0,884.7507934570312,108.6258507334843,14.152582168579102,0.32,16,32.0,"even-indexed (l1, l3, …); LS on next layer",0.3,0.1,1024
2722,Ant-v5,mid,0,1661.8380126953125,240.95432937154365,34.06450271606445,0.32,16,32.0,"even-indexed (l1, l3, …); LS on next layer",0.3,0.1,1024
2723,Ant-v5,mid,0,773.346435546875,100.56812590686462,15.943293571472168,0.32,16,32.0,"even-indexed (l1, l3, …); LS on next layer",0.3,0.1,1024
2724,Ant-v5,mid,0,4117.31298828125,426.0625139410057,20.752742767333984,0.32,16,32.0,"even-indexed (l1, l3, …); LS on next layer",0.3,0.1,1024
2725,Ant-v5,mid,0,739.3790283203125,92.45486837807186,19.90081214904785,0.32,16,32.0,"even-indexed (l1, l3, …); LS on next layer",0.3,0.1,1024
2726,Ant-v5,mid,0,1758.53857421875,248.76235100574493,19.555984497070312,0.32,16,32.0,"even-indexed (l1, l3, …); LS on next layer",0.3,0.1,1024
2727,Ant-v5,mid,0,3780.195556640625,497.713739218137,24.82093620300293,0.32,16,32.0,"even-indexed (l1, l3, …); LS on next layer",0.3,0.1,1024
2728,Ant-v5,mid,0,2690.810546875,281.8255532561142,23.574228286743164,0.32,16,32.0,"even-indexed (l1, l3, …); LS on next layer",0.3,0.1,1024
2729,Ant-v5,mid,0,4477.3154296875,452.50613259993906,17.43817710876465,0.32,16,32.0,"even-indexed (l1, l3, …); LS on next layer",0.3,0.1,1024
2730,Ant-v5,mid,0,2368.4951171875,325.5858096890742,33.639129638671875,0.32,16,32.0,"even-indexed (l1, l3, …); LS on next layer",0.3,0.1,1024
2731,Ant-v5,mid,0,1130.291748046875,362.9160765181168,46.636226654052734,0.32,16,32.0,"even-indexed (l1, l3, …); LS on next layer",0.3,0.1,1024
2732,Ant-v5,mid,0,2308.71337890625,398.8539696883655,44.73722457885742,0.32,16,32.0,"even-indexed (l1, l3, …); LS on next layer",0.3,0.1,1024
2733,Ant-v5,mid,0,537.8076171875,99.01011884085148,26.211946487426758,0.32,16,32.0,"even-indexed (l1, l3, …); LS on next layer",0.3,0.1,1024
2734,Ant-v5,mid,0,494.0286865234375,94.10546971378015,25.937633514404297,0.32,16,32.0,"even-indexed (l1, l3, …); LS on next layer",0.3,0.1,1024
2735,Ant-v5,mid,0,1092.304931640625,302.7122847475056,41.35157012939453,0.32,16,32.0,"even-indexed (l1, l3, …); LS on next layer",0.3,0.1,1024
2736,Ant-v5,mid,0,3770.007080078125,415.30230558898836,20.57997703552246,0.32,16,32.0,"even-indexed (l1, l3, …); LS on next layer",0.3,0.1,1024
2737,Ant-v5,mid,0,675.94775390625,94.94350906538588,15.280913352966309,0.32,16,32.0,"even-indexed (l1, l3, …); LS on next layer",0.3,0.1,1024
2738,Ant-v5,mid,0,929.7733154296875,129.338208794982,24.058940887451172,0.32,16,32.0,"even-indexed (l1, l3, …); LS on next layer",0.3,0.1,1024
2739,Ant-v5,mid,0,1032.695556640625,140.94719346999415,20.476083755493164,0.32,16,32.0,"even-indexed (l1, l3, …); LS on next layer",0.3,0.1,1024
2740,Ant-v5,mid,0,3880.35546875,425.6819181339762,28.581674575805664,0.32,16,32.0,"even-indexed (l1, l3, …); LS on next layer",0.3,0.1,1024
2741,Ant-v5,mid,0,2023.8145751953125,338.6492510739322,39.419803619384766,0.32,16,32.0,"even-indexed (l1, l3, …); LS on next layer",0.3,0.1,1024
2742,Ant-v5,mid,0,2381.95166015625,250.10388616351204,19.435100555419922,0.32,16,32.0,"even-indexed (l1, l3, …); LS on next layer",0.3,0.1,1024
2743,Ant-v5,mid,0,694.68115234375,95.49099228953472,20.60069465637207,0.32,16,32.0,"even-indexed (l1, l3, …); LS on next layer",0.3,0.1,1024
2744,Ant-v5,mid,0,1407.1324462890625,169.14877024516247,21.63880157470703,0.32,16,32.0,"even-indexed (l1, l3, …); LS on next layer",0.3,0.1,1024
2745,Ant-v5,mid,0,708.930419921875,114.18226393601276,26.916584014892578,0.32,16,32.0,"even-indexed (l1, l3, …); LS on next layer",0.3,0.1,1024
2746,Ant-v5,mid,0,4062.22265625,409.7490816502201,27.342052459716797,0.32,16,32.0,"even-indexed (l1, l3, …); LS on next layer",0.3,0.1,1024
2747,Ant-v5,mid,0,583.416259765625,118.43734474878497,21.13028335571289,0.32,16,32.0,"even-indexed (l1, l3, …); LS on next layer",0.3,0.1,1024
2748,Ant-v5,mid,0,1177.219482421875,123.97511491319952,28.80417823791504,0.32,16,32.0,"even-indexed (l1, l3, …); LS on next layer",0.3,0.1,1024
2749,Ant-v5,mid,0,1246.391357421875,189.18400384633995,31.55489730834961,0.32,16,32.0,"even-indexed (l1, l3, …); LS on next layer",0.3,0.1,1024
2750,Ant-v5,mid,0,1109.480712890625,120.76531457777281,14.878758430480957,0.32,16,32.0,"even-indexed (l1, l3, …); LS on next layer",0.3,0.1,1024
2751,Ant-v5,mid,0,2304.963134765625,262.4027555600917,26.85503578186035,0.32,16,32.0,"even-indexed (l1, l3, …); LS on next layer",0.3,0.1,1024
2752,Ant-v5,mid,0,847.3053588867188,158.39543237067682,26.576574325561523,0.32,16,32.0,"even-indexed (l1, l3, …); LS on next layer",0.3,0.1,1024
2753,Ant-v5,mid,0,909.7846069335938,106.20036847444467,16.431047439575195,0.32,16,32.0,"even-indexed (l1, l3, …); LS on next layer",0.3,0.1,1024
2754,Ant-v5,mid,0,2267.3369140625,372.2202375515094,36.81327819824219,0.32,16,32.0,"even-indexed (l1, l3, …); LS on next layer",0.3,0.1,1024
2755,Ant-v5,mid,0,1764.099853515625,196.42457346077646,26.702138900756836,0.32,16,32.0,"even-indexed (l1, l3, …); LS on next layer",0.3,0.1,1024
2756,Ant-v5,mid,0,641.3034057617188,130.4127450250264,27.04426383972168,0.32,16,32.0,"even-indexed (l1, l3, …); LS on next layer",0.3,0.1,1024
2757,Ant-v5,mid,0,671.0328369140625,87.39606969073819,16.080425262451172,0.32,16,32.0,"even-indexed (l1, l3, …); LS on next layer",0.3,0.1,1024
2758,Ant-v5,mid,0,2492.233642578125,290.65419289810654,22.00292205810547,0.32,16,32.0,"even-indexed (l1, l3, …); LS on next layer",0.3,0.1,1024
2759,Ant-v5,mid,0,844.6729736328125,155.30060884752828,26.040830612182617,0.32,16,32.0,"even-indexed (l1, l3, …); LS on next layer",0.3,0.1,1024
2760,Ant-v5,mid,0,1988.306640625,231.1494129942133,38.57245635986328,0.32,16,32.0,"even-indexed (l1, l3, …); LS on next layer",0.3,0.1,1024
2761,Ant-v5,mid,0,3507.585205078125,417.45873342867867,24.31644630432129,0.32,16,32.0,"even-indexed (l1, l3, …); LS on next layer",0.3,0.1,1024
2762,Ant-v5,mid,0,660.52587890625,102.82915366664888,17.887836456298828,0.32,16,32.0,"even-indexed (l1, l3, …); LS on next layer",0.3,0.1,1024
2763,Ant-v5,mid,0,815.6932373046875,135.901250326258,24.2663516998291,0.32,16,32.0,"even-indexed (l1, l3, …); LS on next layer",0.3,0.1,1024
2764,Ant-v5,mid,0,3318.6259765625,457.9208573950218,48.8823356628418,0.32,16,32.0,"even-indexed (l1, l3, …); LS on next layer",0.3,0.1,1024
2765,Ant-v5,mid,0,4366.23779296875,513.324502321515,36.95964813232422,0.32,16,32.0,"even-indexed (l1, l3, …); LS on next layer",0.3,0.1,1024
2766,Ant-v5,mid,0,797.7088012695312,160.68165872779312,27.933053970336914,0.32,16,32.0,"even-indexed (l1, l3, …); LS on next layer",0.3,0.1,1024
2767,Ant-v5,mid,0,2221.31689453125,249.70901738724245,21.380290985107422,0.32,16,32.0,"even-indexed (l1, l3, …); LS on next layer",0.3,0.1,1024
2768,Ant-v5,mid,0,1181.8800048828125,146.3808992373903,20.841236114501953,0.32,16,32.0,"even-indexed (l1, l3, …); LS on next layer",0.3,0.1,1024
2769,Ant-v5,mid,0,2600.0361328125,281.73447171832186,22.620420455932617,0.32,16,32.0,"even-indexed (l1, l3, …); LS on next layer",0.3,0.1,1024
2770,Ant-v5,mid,0,685.2422485351562,155.18469642445,40.076446533203125,0.32,16,32.0,"even-indexed (l1, l3, …); LS on next layer",0.3,0.1,1024
2771,Ant-v5,mid,0,2297.139892578125,474.2317568957121,61.90255355834961,0.32,16,32.0,"even-indexed (l1, l3, …); LS on next layer",0.3,0.1,1024
2772,Ant-v5,mid,0,1561.1002197265625,273.12009389848293,53.941463470458984,0.32,16,32.0,"even-indexed (l1, l3, …); LS on next layer",0.3,0.1,1024
2773,Ant-v5,mid,0,1078.1820068359375,135.40169838601852,29.228450775146484,0.32,16,32.0,"even-indexed (l1, l3, …); LS on next layer",0.3,0.1,1024
2774,Ant-v5,mid,0,4525.1796875,544.9214937607493,19.58849334716797,0.32,16,32.0,"even-indexed (l1, l3, …); LS on next layer",0.3,0.1,1024
2775,Ant-v5,mid,0,1460.4068603515625,236.92589112116423,33.60855484008789,0.32,16,32.0,"even-indexed (l1, l3, …); LS on next layer",0.3,0.1,1024
2776,Ant-v5,mid,0,3203.974609375,351.7906640996072,27.704076766967773,0.32,16,32.0,"even-indexed (l1, l3, …); LS on next layer",0.3,0.1,1024
2777,Ant-v5,mid,0,622.6170043945312,80.90418173123473,18.67133331298828,0.32,16,32.0,"even-indexed (l1, l3, …); LS on next layer",0.3,0.1,1024
2778,Ant-v5,mid,0,784.9959106445312,133.61889465167002,17.051347732543945,0.32,16,32.0,"even-indexed (l1, l3, …); LS on next layer",0.3,0.1,1024
2779,Ant-v5,mid,0,2002.2322998046875,208.8027768317859,15.116019248962402,0.32,16,32.0,"even-indexed (l1, l3, …); LS on next layer",0.3,0.1,1024
2780,Ant-v5,mid,0,822.50048828125,124.3082261467114,18.590904235839844,0.32,16,32.0,"even-indexed (l1, l3, …); LS on next layer",0.3,0.1,1024
2781,Ant-v5,mid,0,750.9600830078125,91.0034583469924,13.181924819946289,0.32,16,32.0,"even-indexed (l1, l3, …); LS on next layer",0.3,0.1,1024
2782,Ant-v5,mid,0,3528.179931640625,337.05901630958385,22.83356285095215,0.32,16,32.0,"even-indexed (l1, l3, …); LS on next layer",0.3,0.1,1024
2783,Ant-v5,mid,0,1076.2066650390625,157.37620964754734,22.230600357055664,0.32,16,32.0,"even-indexed (l1, l3, …); LS on next layer",0.3,0.1,1024
2784,Ant-v5,mid,0,2760.137451171875,653.0775356462457,61.544776916503906,0.32,16,32.0,"even-indexed (l1, l3, …); LS on next layer",0.3,0.1,1024
2785,Ant-v5,mid,0,1193.8155517578125,256.39131279058404,40.404659271240234,0.32,16,32.0,"even-indexed (l1, l3, …); LS on next layer",0.3,0.1,1024
2786,Ant-v5,mid,0,1110.4970703125,142.30470362713868,15.583786964416504,0.32,16,32.0,"even-indexed (l1, l3, …); LS on next layer",0.3,0.1,1024
2787,Ant-v5,mid,0,919.6211547851562,164.03316398679917,25.576255798339844,0.32,16,32.0,"even-indexed (l1, l3, …); LS on next layer",0.3,0.1,1024
2788,Ant-v5,mid,0,3110.128173828125,329.32949513826827,31.657075881958008,0.32,16,32.0,"even-indexed (l1, l3, …); LS on next layer",0.3,0.1,1024
2789,Ant-v5,mid,0,954.6470947265625,118.03214742967506,23.03678321838379,0.32,16,32.0,"even-indexed (l1, l3, …); LS on next layer",0.3,0.1,1024
2790,Ant-v5,mid,0,1587.88037109375,181.49709850027477,18.263826370239258,0.32,16,32.0,"even-indexed (l1, l3, …); LS on next layer",0.3,0.1,1024
2791,Ant-v5,mid,0,2276.53369140625,270.3769795990469,35.58380889892578,0.32,16,32.0,"even-indexed (l1, l3, …); LS on next layer",0.3,0.1,1024
2792,Ant-v5,mid,0,754.7362060546875,149.81107993654746,30.345455169677734,0.32,16,32.0,"even-indexed (l1, l3, …); LS on next layer",0.3,0.1,1024
2793,Ant-v5,mid,0,661.2788696289062,81.29251900893581,16.629451751708984,0.32,16,32.0,"even-indexed (l1, l3, …); LS on next layer",0.3,0.1,1024
2794,Ant-v5,mid,0,811.4227294921875,98.68546520358964,17.568382263183594,0.32,16,32.0,"even-indexed (l1, l3, …); LS on next layer",0.3,0.1,1024
2795,Ant-v5,mid,0,1097.00048828125,261.99605523032596,49.73923873901367,0.32,16,32.0,"even-indexed (l1, l3, …); LS on next layer",0.3,0.1,1024
2796,Ant-v5,mid,0,769.1361083984375,123.10713246035942,18.658924102783203,0.32,16,32.0,"even-indexed (l1, l3, …); LS on next layer",0.3,0.1,1024
2797,Ant-v5,mid,0,1201.0997314453125,149.06932712027762,22.089994430541992,0.32,16,32.0,"even-indexed (l1, l3, …); LS on next layer",0.3,0.1,1024
2798,Ant-v5,mid,0,873.076904296875,116.92707224531623,20.45672607421875,0.32,16,32.0,"even-indexed (l1, l3, …); LS on next layer",0.3,0.1,1024
2799,Ant-v5,mid,0,1217.11279296875,165.40088029585334,26.7552547454834,0.32,16,32.0,"even-indexed (l1, l3, …); LS on next layer",0.3,0.1,1024
2800,Ant-v5,mid,0,622.2947998046875,86.13019391329257,13.005488395690918,0.32,16,32.0,"even-indexed (l1, l3, …); LS on next layer",0.3,0.1,1024
2801,Ant-v5,mid,0,1954.14990234375,355.75932019997015,35.60972213745117,0.32,16,32.0,"even-indexed (l1, l3, …); LS on next layer",0.3,0.1,1024
2802,Ant-v5,mid,0,4278.3369140625,450.8726209183785,19.22718620300293,0.32,16,32.0,"even-indexed (l1, l3, …); LS on next layer",0.3,0.1,1024
2803,Ant-v5,mid,0,756.5607299804688,102.89949648344998,17.376440048217773,0.32,16,32.0,"even-indexed (l1, l3, …); LS on next layer",0.3,0.1,1024
2804,Ant-v5,mid,0,3995.1552734375,413.8998714641609,19.528413772583008,0.32,16,32.0,"even-indexed (l1, l3, …); LS on next layer",0.3,0.1,1024
2805,Ant-v5,mid,0,1185.634033203125,128.03817737450677,21.10244369506836,0.32,16,32.0,"even-indexed (l1, l3, …); LS on next layer",0.3,0.1,1024
2806,Ant-v5,mid,0,657.908447265625,85.21104211276915,15.355179786682129,0.32,16,32.0,"even-indexed (l1, l3, …); LS on next layer",0.3,0.1,1024
2807,Ant-v5,mid,0,906.687255859375,132.73488563637238,23.862510681152344,0.32,16,32.0,"even-indexed (l1, l3, …); LS on next layer",0.3,0.1,1024
2808,Ant-v5,mid,0,934.1013793945312,156.77933571581312,25.00450325012207,0.32,16,32.0,"even-indexed (l1, l3, …); LS on next layer",0.3,0.1,1024
2809,Ant-v5,mid,0,1402.70166015625,168.34172269648275,21.533138275146484,0.32,16,32.0,"even-indexed (l1, l3, …); LS on next layer",0.3,0.1,1024
2810,Ant-v5,mid,0,1195.6265869140625,134.4644314304614,19.254295349121094,0.32,16,32.0,"even-indexed (l1, l3, …); LS on next layer",0.3,0.1,1024
2811,Ant-v5,mid,0,2113.37451171875,222.12130720257557,19.206390380859375,0.32,16,32.0,"even-indexed (l1, l3, …); LS on next layer",0.3,0.1,1024
2812,Ant-v5,mid,0,1913.995361328125,250.19024862917277,22.827617645263672,0.32,16,32.0,"even-indexed (l1, l3, …); LS on next layer",0.3,0.1,1024
2813,Ant-v5,mid,0,1751.230712890625,264.10721948178707,37.14176940917969,0.32,16,32.0,"even-indexed (l1, l3, …); LS on next layer",0.3,0.1,1024
2814,Ant-v5,mid,0,2120.52001953125,236.40972570831266,29.088653564453125,0.32,16,32.0,"even-indexed (l1, l3, …); LS on next layer",0.3,0.1,1024
2815,Ant-v5,mid,0,1949.3424072265625,296.00827177528595,32.77405548095703,0.32,16,32.0,"even-indexed (l1, l3, …); LS on next layer",0.3,0.1,1024
2816,Ant-v5,mid,0,745.4962158203125,114.68832275153966,17.819095611572266,0.32,16,32.0,"even-indexed (l1, l3, …); LS on next layer",0.3,0.1,1024
2817,Ant-v5,mid,0,942.7923583984375,122.24846345855187,18.913801193237305,0.32,16,32.0,"even-indexed (l1, l3, …); LS on next layer",0.3,0.1,1024
2818,Ant-v5,mid,0,1065.6434326171875,163.1857468090532,25.672443389892578,0.32,16,32.0,"even-indexed (l1, l3, …); LS on next layer",0.3,0.1,1024
2819,Ant-v5,mid,0,1140.6131591796875,191.62205161307705,27.43597984313965,0.32,16,32.0,"even-indexed (l1, l3, …); LS on next layer",0.3,0.1,1024
2820,Ant-v5,mid,0,1859.4024658203125,244.42038964581695,30.239360809326172,0.32,16,32.0,"even-indexed (l1, l3, …); LS on next layer",0.3,0.1,1024
2821,Ant-v5,mid,0,2821.18310546875,445.2663571269735,45.032142639160156,0.32,16,32.0,"even-indexed (l1, l3, …); LS on next layer",0.3,0.1,1024
2822,Ant-v5,mid,0,1181.3321533203125,160.71971485879027,27.44808578491211,0.32,16,32.0,"even-indexed (l1, l3, …); LS on next layer",0.3,0.1,1024
2823,Ant-v5,mid,0,1081.810791015625,256.1216583337646,38.897396087646484,0.32,16,32.0,"even-indexed (l1, l3, …); LS on next layer",0.3,0.1,1024
2824,Ant-v5,mid,0,901.9217529296875,130.99439353137754,26.77972412109375,0.32,16,32.0,"even-indexed (l1, l3, …); LS on next layer",0.3,0.1,1024
2825,Ant-v5,mid,0,2099.565185546875,296.5644234622422,38.46212387084961,0.32,16,32.0,"even-indexed (l1, l3, …); LS on next layer",0.3,0.1,1024
2826,Ant-v5,mid,0,3217.6015625,546.0294036350055,46.85271072387695,0.32,16,32.0,"even-indexed (l1, l3, …); LS on next layer",0.3,0.1,1024
2827,Ant-v5,mid,0,2562.112548828125,299.1465892780283,31.918275833129883,0.32,16,32.0,"even-indexed (l1, l3, …); LS on next layer",0.3,0.1,1024
2828,Ant-v5,mid,0,1220.484619140625,151.16994253858505,21.13149070739746,0.32,16,32.0,"even-indexed (l1, l3, …); LS on next layer",0.3,0.1,1024
2829,Ant-v5,mid,0,1022.3466186523438,201.9189660694214,27.946516036987305,0.32,16,32.0,"even-indexed (l1, l3, …); LS on next layer",0.3,0.1,1024
2830,Ant-v5,mid,0,709.8883666992188,104.62379167701866,19.50398826599121,0.32,16,32.0,"even-indexed (l1, l3, …); LS on next layer",0.3,0.1,1024
2831,Ant-v5,mid,0,2083.53076171875,225.35428000353684,32.640838623046875,0.32,16,32.0,"even-indexed (l1, l3, …); LS on next layer",0.3,0.1,1024
2832,Ant-v5,mid,0,532.5634765625,99.66221895027118,22.210359573364258,0.32,16,32.0,"even-indexed (l1, l3, …); LS on next layer",0.3,0.1,1024
2833,Ant-v5,mid,0,1407.9161376953125,225.59101803398516,29.331876754760742,0.32,16,32.0,"even-indexed (l1, l3, …); LS on next layer",0.3,0.1,1024
2834,Ant-v5,mid,0,1280.350830078125,230.9360152032434,35.25677490234375,0.32,16,32.0,"even-indexed (l1, l3, …); LS on next layer",0.3,0.1,1024
2835,Ant-v5,mid,0,673.886474609375,90.426181309571,18.11774444580078,0.32,16,32.0,"even-indexed (l1, l3, …); LS on next layer",0.3,0.1,1024
2836,Ant-v5,mid,0,1830.901123046875,207.52389333614812,21.456863403320312,0.32,16,32.0,"even-indexed (l1, l3, …); LS on next layer",0.3,0.1,1024
2837,Ant-v5,mid,0,2290.493896484375,287.7805478554361,34.84314727783203,0.32,16,32.0,"even-indexed (l1, l3, …); LS on next layer",0.3,0.1,1024
2838,Ant-v5,mid,0,385.48828125,110.93497000310975,30.61945915222168,0.32,16,32.0,"even-indexed (l1, l3, …); LS on next layer",0.3,0.1,1024
2839,Ant-v5,mid,0,1911.422119140625,218.89002502194697,25.212646484375,0.32,16,32.0,"even-indexed (l1, l3, …); LS on next layer",0.3,0.1,1024
2840,Ant-v5,mid,0,585.8683471679688,165.84294838667927,29.559839248657227,0.32,16,32.0,"even-indexed (l1, l3, …); LS on next layer",0.3,0.1,1024
2841,Ant-v5,mid,0,576.2352294921875,119.06359539816646,30.826717376708984,0.32,16,32.0,"even-indexed (l1, l3, …); LS on next layer",0.3,0.1,1024
2842,Ant-v5,mid,0,2423.426025390625,254.44742634840523,18.04874038696289,0.32,16,32.0,"even-indexed (l1, l3, …); LS on next layer",0.3,0.1,1024
2843,Ant-v5,mid,0,2391.93603515625,348.980867545755,39.31043243408203,0.32,16,32.0,"even-indexed (l1, l3, …); LS on next layer",0.3,0.1,1024
2844,Ant-v5,mid,0,461.6856384277344,97.03336057908174,23.277738571166992,0.32,16,32.0,"even-indexed (l1, l3, …); LS on next layer",0.3,0.1,1024
2845,Ant-v5,mid,0,1422.0794677734375,292.65698220366914,69.51715087890625,0.32,16,32.0,"even-indexed (l1, l3, …); LS on next layer",0.3,0.1,1024
2846,Ant-v5,mid,0,1241.9815673828125,187.62059848926324,24.016809463500977,0.32,16,32.0,"even-indexed (l1, l3, …); LS on next layer",0.3,0.1,1024
2847,Ant-v5,mid,0,847.7772827148438,578.2688611045631,53.28540802001953,0.32,16,32.0,"even-indexed (l1, l3, …); LS on next layer",0.3,0.1,1024
2848,Ant-v5,mid,0,612.9866943359375,109.55313320456656,32.52415084838867,0.32,16,32.0,"even-indexed (l1, l3, …); LS on next layer",0.3,0.1,1024
2849,Ant-v5,mid,0,2046.429931640625,375.07212870286605,46.60321044921875,0.32,16,32.0,"even-indexed (l1, l3, …); LS on next layer",0.3,0.1,1024
2850,Ant-v5,mid,0,1016.5428466796875,158.4544189211199,35.86282730102539,0.32,16,32.0,"even-indexed (l1, l3, …); LS on next layer",0.3,0.1,1024
2851,Ant-v5,mid,0,2016.6385498046875,475.3738577275965,63.085960388183594,0.32,16,32.0,"even-indexed (l1, l3, …); LS on next layer",0.3,0.1,1024
2852,Ant-v5,mid,0,780.8338012695312,118.62702902627498,25.29570770263672,0.32,16,32.0,"even-indexed (l1, l3, …); LS on next layer",0.3,0.1,1024
2853,Ant-v5,mid,0,1112.0594482421875,170.28275834786552,33.203758239746094,0.32,16,32.0,"even-indexed (l1, l3, …); LS on next layer",0.3,0.1,1024
2854,Ant-v5,mid,0,850.24072265625,99.572034705985,15.861150741577148,0.32,16,32.0,"even-indexed (l1, l3, …); LS on next layer",0.3,0.1,1024
2855,Ant-v5,mid,0,1661.93017578125,222.75585409467925,31.187856674194336,0.32,16,32.0,"even-indexed (l1, l3, …); LS on next layer",0.3,0.1,1024
2856,Ant-v5,mid,0,1961.5421142578125,279.27222435936494,34.01618194580078,0.32,16,32.0,"even-indexed (l1, l3, …); LS on next layer",0.3,0.1,1024
2857,Ant-v5,mid,0,2142.046630859375,451.22200822575246,68.68186950683594,0.32,16,32.0,"even-indexed (l1, l3, …); LS on next layer",0.3,0.1,1024
2858,Ant-v5,mid,0,494.1023254394531,102.59085977288407,21.88856315612793,0.32,16,32.0,"even-indexed (l1, l3, …); LS on next layer",0.3,0.1,1024
2859,Ant-v5,mid,0,2193.3095703125,244.57541373940944,21.330381393432617,0.32,16,32.0,"even-indexed (l1, l3, …); LS on next layer",0.3,0.1,1024
2860,Ant-v5,mid,0,686.3431396484375,121.62704252313381,25.757312774658203,0.32,16,32.0,"even-indexed (l1, l3, …); LS on next layer",0.3,0.1,1024
2861,Ant-v5,mid,0,1288.894287109375,151.45549532975667,25.53619384765625,0.32,16,32.0,"even-indexed (l1, l3, …); LS on next layer",0.3,0.1,1024
2862,Ant-v5,mid,0,745.0859375,244.47770518024677,54.21693801879883,0.32,16,32.0,"even-indexed (l1, l3, …); LS on next layer",0.3,0.1,1024
2863,Ant-v5,mid,0,1118.6304931640625,274.2799637052516,36.33453369140625,0.32,16,32.0,"even-indexed (l1, l3, …); LS on next layer",0.3,0.1,1024
2864,Ant-v5,mid,0,852.7236328125,154.0121187242872,38.192344665527344,0.32,16,32.0,"even-indexed (l1, l3, …); LS on next layer",0.3,0.1,1024
2865,Ant-v5,mid,0,1459.3031005859375,274.02835303721474,59.81262969970703,0.32,16,32.0,"even-indexed (l1, l3, …); LS on next layer",0.3,0.1,1024
2866,Ant-v5,mid,0,491.388427734375,70.57129334336344,26.75151824951172,0.32,16,32.0,"even-indexed (l1, l3, …); LS on next layer",0.3,0.1,1024
2867,Ant-v5,mid,0,1828.9049072265625,236.71600755436458,21.074975967407227,0.32,16,32.0,"even-indexed (l1, l3, …); LS on next layer",0.3,0.1,1024
2868,Ant-v5,mid,0,2937.22509765625,274.2527490210705,23.505653381347656,0.32,16,32.0,"even-indexed (l1, l3, …); LS on next layer",0.3,0.1,1024
2869,Ant-v5,mid,0,1341.4881591796875,225.563045825089,40.49641418457031,0.32,16,32.0,"even-indexed (l1, l3, …); LS on next layer",0.3,0.1,1024
2870,Ant-v5,mid,0,3712.651611328125,389.137310925021,21.34086799621582,0.32,16,32.0,"even-indexed (l1, l3, …); LS on next layer",0.3,0.1,1024
2871,Ant-v5,mid,0,1608.5792236328125,258.86722592855983,34.20451354980469,0.32,16,32.0,"even-indexed (l1, l3, …); LS on next layer",0.3,0.1,1024
2872,Ant-v5,mid,0,619.0394287109375,91.95313865079314,19.175539016723633,0.32,16,32.0,"even-indexed (l1, l3, …); LS on next layer",0.3,0.1,1024
2873,Ant-v5,mid,0,2154.618408203125,351.0718801778953,31.255916595458984,0.32,16,32.0,"even-indexed (l1, l3, …); LS on next layer",0.3,0.1,1024
2874,Ant-v5,mid,0,720.7229614257812,181.64523571140106,29.972002029418945,0.32,16,32.0,"even-indexed (l1, l3, …); LS on next layer",0.3,0.1,1024
2875,Ant-v5,mid,0,1022.3869018554688,153.51821466140188,32.14347457885742,0.32,16,32.0,"even-indexed (l1, l3, …); LS on next layer",0.3,0.1,1024
2876,Ant-v5,mid,0,686.8193359375,84.54804996068933,18.07508087158203,0.32,16,32.0,"even-indexed (l1, l3, …); LS on next layer",0.3,0.1,1024
2877,Ant-v5,mid,0,1638.7086181640625,205.90606575682637,27.025278091430664,0.32,16,32.0,"even-indexed (l1, l3, …); LS on next layer",0.3,0.1,1024
2878,Ant-v5,mid,0,2010.1685791015625,366.21749611972336,55.02387619018555,0.32,16,32.0,"even-indexed (l1, l3, …); LS on next layer",0.3,0.1,1024
2879,Ant-v5,mid,0,1387.3333740234375,156.7371071723526,25.091211318969727,0.32,16,32.0,"even-indexed (l1, l3, …); LS on next layer",0.3,0.1,1024
2880,Ant-v5,mid,0,587.2936401367188,113.88183656597391,25.829267501831055,0.32,16,32.0,"even-indexed (l1, l3, …); LS on next layer",0.3,0.1,1024
2881,Ant-v5,mid,0,706.90673828125,93.66917783281613,16.293163299560547,0.32,16,32.0,"even-indexed (l1, l3, …); LS on next layer",0.3,0.1,1024
2882,Ant-v5,mid,0,5034.92529296875,534.3692922288277,22.862102508544922,0.32,16,32.0,"even-indexed (l1, l3, …); LS on next layer",0.3,0.1,1024
2883,Ant-v5,mid,0,2075.072021484375,233.14194938305934,22.502586364746094,0.32,16,32.0,"even-indexed (l1, l3, …); LS on next layer",0.3,0.1,1024
2884,Ant-v5,mid,0,1640.44287109375,359.8883379789542,39.37515640258789,0.32,16,32.0,"even-indexed (l1, l3, …); LS on next layer",0.3,0.1,1024
2885,Ant-v5,mid,0,774.5070190429688,109.53801442333057,17.741037368774414,0.32,16,32.0,"even-indexed (l1, l3, …); LS on next layer",0.3,0.1,1024
2886,Ant-v5,mid,0,1218.3548583984375,166.6393552609577,21.79181480407715,0.32,16,32.0,"even-indexed (l1, l3, …); LS on next layer",0.3,0.1,1024
2887,Ant-v5,mid,0,2554.87548828125,281.6634517619417,22.6202335357666,0.32,16,32.0,"even-indexed (l1, l3, …); LS on next layer",0.3,0.1,1024
2888,Ant-v5,mid,0,718.3385009765625,98.87844225529585,20.954133987426758,0.32,16,32.0,"even-indexed (l1, l3, …); LS on next layer",0.3,0.1,1024
2889,Ant-v5,mid,0,2942.78857421875,340.6182196952783,25.90043830871582,0.32,16,32.0,"even-indexed (l1, l3, …); LS on next layer",0.3,0.1,1024
2890,Ant-v5,mid,0,2384.78857421875,272.4770529641469,25.01889419555664,0.32,16,32.0,"even-indexed (l1, l3, …); LS on next layer",0.3,0.1,1024
2891,Ant-v5,mid,0,1077.587890625,180.20734418470306,29.05170249938965,0.32,16,32.0,"even-indexed (l1, l3, …); LS on next layer",0.3,0.1,1024
2892,Ant-v5,mid,0,1599.2132568359375,243.99286021334032,30.67214584350586,0.32,16,32.0,"even-indexed (l1, l3, …); LS on next layer",0.3,0.1,1024
2893,Ant-v5,mid,0,2933.94873046875,524.2670613378892,51.67598342895508,0.32,16,32.0,"even-indexed (l1, l3, …); LS on next layer",0.3,0.1,1024
2894,Ant-v5,mid,0,1651.5335693359375,225.21525940085473,31.592750549316406,0.32,16,32.0,"even-indexed (l1, l3, …); LS on next layer",0.3,0.1,1024
2895,Ant-v5,mid,0,3406.583251953125,550.4281631973776,44.873924255371094,0.32,16,32.0,"even-indexed (l1, l3, …); LS on next layer",0.3,0.1,1024
2896,Ant-v5,mid,0,1446.7813720703125,231.49626871817426,38.695472717285156,0.32,16,32.0,"even-indexed (l1, l3, …); LS on next layer",0.3,0.1,1024
2897,Ant-v5,mid,0,438.9581298828125,73.45287861106591,16.103181838989258,0.32,16,32.0,"even-indexed (l1, l3, …); LS on next layer",0.3,0.1,1024
2898,Ant-v5,mid,0,555.631103515625,75.51368229678127,16.63776969909668,0.32,16,32.0,"even-indexed (l1, l3, …); LS on next layer",0.3,0.1,1024
2899,Ant-v5,mid,0,1162.9674072265625,264.78827024083796,33.95351791381836,0.32,16,32.0,"even-indexed (l1, l3, …); LS on next layer",0.3,0.1,1024
2900,Ant-v5,mid,0,913.06982421875,120.9837205914373,21.968326568603516,0.32,16,32.0,"even-indexed (l1, l3, …); LS on next layer",0.3,0.1,1024
2901,Ant-v5,mid,0,851.3490600585938,188.5312119053415,30.396883010864258,0.32,16,32.0,"even-indexed (l1, l3, …); LS on next layer",0.3,0.1,1024
2902,Ant-v5,mid,0,3443.054443359375,397.7352373378566,20.929645538330078,0.32,16,32.0,"even-indexed (l1, l3, …); LS on next layer",0.3,0.1,1024
2903,Ant-v5,mid,0,1205.819091796875,493.3197275790003,66.54759979248047,0.32,16,32.0,"even-indexed (l1, l3, …); LS on next layer",0.3,0.1,1024
2904,Ant-v5,mid,0,527.5770874023438,88.93208216215507,21.402400970458984,0.32,16,32.0,"even-indexed (l1, l3, …); LS on next layer",0.3,0.1,1024
2905,Ant-v5,mid,0,920.7938842773438,172.266296587341,27.019044876098633,0.32,16,32.0,"even-indexed (l1, l3, …); LS on next layer",0.3,0.1,1024
2906,Ant-v5,mid,0,347.0301208496094,109.17743698240346,39.7421989440918,0.32,16,32.0,"even-indexed (l1, l3, …); LS on next layer",0.3,0.1,1024
2907,Ant-v5,mid,0,354.6910095214844,72.13278774463771,21.579593658447266,0.32,16,32.0,"even-indexed (l1, l3, …); LS on next layer",0.3,0.1,1024
2908,Ant-v5,mid,0,1770.462158203125,218.41425835097291,28.851070404052734,0.32,16,32.0,"even-indexed (l1, l3, …); LS on next layer",0.3,0.1,1024
2909,Ant-v5,mid,0,1468.5565185546875,201.2216157171236,32.82472610473633,0.32,16,32.0,"even-indexed (l1, l3, …); LS on next layer",0.3,0.1,1024
2910,Ant-v5,mid,0,2355.780029296875,358.3933175014073,34.95600128173828,0.32,16,32.0,"even-indexed (l1, l3, …); LS on next layer",0.3,0.1,1024
2911,Ant-v5,mid,0,278.92181396484375,52.90959862827853,15.047270774841309,0.32,16,32.0,"even-indexed (l1, l3, …); LS on next layer",0.3,0.1,1024
2912,Ant-v5,mid,0,804.7902221679688,140.81597488761722,30.14064598083496,0.32,16,32.0,"even-indexed (l1, l3, …); LS on next layer",0.3,0.1,1024
2913,Ant-v5,mid,0,558.3656005859375,108.13226694867438,22.551156997680664,0.32,16,32.0,"even-indexed (l1, l3, …); LS on next layer",0.3,0.1,1024
2914,Ant-v5,mid,0,862.6273803710938,109.6016028453084,14.825064659118652,0.32,16,32.0,"even-indexed (l1, l3, …); LS on next layer",0.3,0.1,1024
2915,Ant-v5,mid,0,3461.540771484375,436.1191678564894,41.73945999145508,0.32,16,32.0,"even-indexed (l1, l3, …); LS on next layer",0.3,0.1,1024
2916,Ant-v5,mid,0,850.6199340820312,161.54587353819895,29.145610809326172,0.32,16,32.0,"even-indexed (l1, l3, …); LS on next layer",0.3,0.1,1024
2917,Ant-v5,mid,0,670.0697631835938,111.6815589160021,23.444501876831055,0.32,16,32.0,"even-indexed (l1, l3, …); LS on next layer",0.3,0.1,1024
2918,Ant-v5,mid,0,1698.6796875,286.12355716506823,38.06472396850586,0.32,16,32.0,"even-indexed (l1, l3, …); LS on next layer",0.3,0.1,1024
2919,Ant-v5,mid,0,2988.251708984375,410.9145168494464,42.22002410888672,0.32,16,32.0,"even-indexed (l1, l3, …); LS on next layer",0.3,0.1,1024
2920,Ant-v5,mid,0,1019.7188720703125,167.45336938418106,29.11117172241211,0.32,16,32.0,"even-indexed (l1, l3, …); LS on next layer",0.3,0.1,1024
2921,Ant-v5,mid,0,3966.805908203125,451.94105067413125,25.679231643676758,0.32,16,32.0,"even-indexed (l1, l3, …); LS on next layer",0.3,0.1,1024
2922,Ant-v5,mid,0,990.4907836914062,189.6221028360794,30.71937370300293,0.32,16,32.0,"even-indexed (l1, l3, …); LS on next layer",0.3,0.1,1024
2923,Ant-v5,mid,0,788.8599243164062,97.82294725499193,14.32625961303711,0.32,16,32.0,"even-indexed (l1, l3, …); LS on next layer",0.3,0.1,1024
2924,Ant-v5,mid,0,1807.96435546875,263.2216307799355,30.620397567749023,0.32,16,32.0,"even-indexed (l1, l3, …); LS on next layer",0.3,0.1,1024
2925,Ant-v5,mid,0,1971.63037109375,269.18792204509947,29.975854873657227,0.32,16,32.0,"even-indexed (l1, l3, …); LS on next layer",0.3,0.1,1024
2926,Ant-v5,mid,0,1088.660400390625,161.16175844937965,23.739938735961914,0.32,16,32.0,"even-indexed (l1, l3, …); LS on next layer",0.3,0.1,1024
2927,Ant-v5,mid,0,1730.748779296875,238.54058768500937,26.006811141967773,0.32,16,32.0,"even-indexed (l1, l3, …); LS on next layer",0.3,0.1,1024
2928,Ant-v5,mid,0,1612.01611328125,220.41358206035343,27.411548614501953,0.32,16,32.0,"even-indexed (l1, l3, …); LS on next layer",0.3,0.1,1024
2929,Ant-v5,mid,0,993.5181884765625,121.4674122130221,17.053760528564453,0.32,16,32.0,"even-indexed (l1, l3, …); LS on next layer",0.3,0.1,1024
2930,Ant-v5,mid,0,1392.9720458984375,273.32211479765226,32.39034652709961,0.32,16,32.0,"even-indexed (l1, l3, …); LS on next layer",0.3,0.1,1024
2931,Ant-v5,mid,0,2251.48828125,406.48185593961875,48.29847717285156,0.32,16,32.0,"even-indexed (l1, l3, …); LS on next layer",0.3,0.1,1024
2932,Ant-v5,mid,0,2633.099609375,274.6365473876101,18.06428337097168,0.32,16,32.0,"even-indexed (l1, l3, …); LS on next layer",0.3,0.1,1024
2933,Ant-v5,mid,0,1903.56298828125,219.6400072678522,22.015350341796875,0.32,16,32.0,"even-indexed (l1, l3, …); LS on next layer",0.3,0.1,1024
2934,Ant-v5,mid,0,1086.2979736328125,166.3156218378852,26.008100509643555,0.32,16,32.0,"even-indexed (l1, l3, …); LS on next layer",0.3,0.1,1024
2935,Ant-v5,mid,0,3883.968505859375,408.1113462493839,16.497182846069336,0.32,16,32.0,"even-indexed (l1, l3, …); LS on next layer",0.3,0.1,1024
2936,Ant-v5,mid,0,1174.0628662109375,150.56082666255978,19.261547088623047,0.32,16,32.0,"even-indexed (l1, l3, …); LS on next layer",0.3,0.1,1024
2937,Ant-v5,mid,0,852.5330810546875,114.42730547525753,24.184696197509766,0.32,16,32.0,"even-indexed (l1, l3, …); LS on next layer",0.3,0.1,1024
2938,Ant-v5,mid,0,1546.9871826171875,216.05952406360274,22.877424240112305,0.32,16,32.0,"even-indexed (l1, l3, …); LS on next layer",0.3,0.1,1024
2939,Ant-v5,mid,0,1630.7236328125,206.3780144507544,37.16389465332031,0.32,16,32.0,"even-indexed (l1, l3, …); LS on next layer",0.3,0.1,1024
2940,Ant-v5,mid,0,978.0696411132812,143.01483733457653,20.420928955078125,0.32,16,32.0,"even-indexed (l1, l3, …); LS on next layer",0.3,0.1,1024
2941,Ant-v5,mid,0,2312.07470703125,243.79304544382447,20.002315521240234,0.32,16,32.0,"even-indexed (l1, l3, …); LS on next layer",0.3,0.1,1024
2942,Ant-v5,mid,0,2057.910888671875,269.3786574128527,30.243213653564453,0.32,16,32.0,"even-indexed (l1, l3, …); LS on next layer",0.3,0.1,1024
2943,Ant-v5,mid,0,968.4819946289062,168.64861305921067,28.73471450805664,0.32,16,32.0,"even-indexed (l1, l3, …); LS on next layer",0.3,0.1,1024
2944,Ant-v5,mid,0,1964.0452880859375,242.61103023208665,16.087385177612305,0.32,16,32.0,"even-indexed (l1, l3, …); LS on next layer",0.3,0.1,1024
2945,Ant-v5,mid,0,1570.9798583984375,236.38250929698896,36.987571716308594,0.32,16,32.0,"even-indexed (l1, l3, …); LS on next layer",0.3,0.1,1024
2946,Ant-v5,mid,0,626.0689086914062,87.87768084815914,18.79102325439453,0.32,16,32.0,"even-indexed (l1, l3, …); LS on next layer",0.3,0.1,1024
2947,Ant-v5,mid,0,1277.390869140625,131.658443624569,20.39129066467285,0.32,16,32.0,"even-indexed (l1, l3, …); LS on next layer",0.3,0.1,1024
2948,Ant-v5,mid,0,1309.32080078125,184.28988379177906,28.826635360717773,0.32,16,32.0,"even-indexed (l1, l3, …); LS on next layer",0.3,0.1,1024
2949,Ant-v5,mid,0,739.2890014648438,120.94674570530753,19.83194923400879,0.32,16,32.0,"even-indexed (l1, l3, …); LS on next layer",0.3,0.1,1024
2950,Ant-v5,mid,0,1043.342041015625,218.45373483554087,37.88140106201172,0.32,16,32.0,"even-indexed (l1, l3, …); LS on next layer",0.3,0.1,1024
2951,Ant-v5,mid,0,1098.9671630859375,173.04188498815537,20.87673568725586,0.32,16,32.0,"even-indexed (l1, l3, …); LS on next layer",0.3,0.1,1024
2952,Ant-v5,mid,0,2327.947998046875,259.0344557204413,17.875776290893555,0.32,16,32.0,"even-indexed (l1, l3, …); LS on next layer",0.3,0.1,1024
2953,Ant-v5,mid,0,3846.943359375,404.1672108660723,23.916236877441406,0.32,16,32.0,"even-indexed (l1, l3, …); LS on next layer",0.3,0.1,1024
2954,Ant-v5,mid,0,546.501220703125,89.721381026182,18.242551803588867,0.32,16,32.0,"even-indexed (l1, l3, …); LS on next layer",0.3,0.1,1024
2955,Ant-v5,mid,0,571.0709228515625,100.69608772072445,17.268939971923828,0.32,16,32.0,"even-indexed (l1, l3, …); LS on next layer",0.3,0.1,1024
2956,Ant-v5,mid,0,542.9161376953125,76.03561867763554,12.944512367248535,0.32,16,32.0,"even-indexed (l1, l3, …); LS on next layer",0.3,0.1,1024
2957,Ant-v5,mid,0,975.3966064453125,127.14403984508715,20.380374908447266,0.32,16,32.0,"even-indexed (l1, l3, …); LS on next layer",0.3,0.1,1024
2958,Ant-v5,mid,0,547.9432983398438,81.52468690034276,17.942649841308594,0.32,16,32.0,"even-indexed (l1, l3, …); LS on next layer",0.3,0.1,1024
2959,Ant-v5,mid,0,565.6984252929688,78.1529189027714,17.32987403869629,0.32,16,32.0,"even-indexed (l1, l3, …); LS on next layer",0.3,0.1,1024
2960,Ant-v5,mid,0,1498.261962890625,222.7843356843256,28.883615493774414,0.32,16,32.0,"even-indexed (l1, l3, …); LS on next layer",0.3,0.1,1024
2961,Ant-v5,mid,0,556.2620239257812,100.87815717660766,19.248777389526367,0.32,16,32.0,"even-indexed (l1, l3, …); LS on next layer",0.3,0.1,1024
2962,Ant-v5,mid,0,3033.608642578125,321.0160424681428,20.051923751831055,0.32,16,32.0,"even-indexed (l1, l3, …); LS on next layer",0.3,0.1,1024
2963,Ant-v5,mid,0,1255.162109375,189.9975963962723,26.517295837402344,0.32,16,32.0,"even-indexed (l1, l3, …); LS on next layer",0.3,0.1,1024
2964,Ant-v5,mid,0,1841.8909912109375,262.3124894480012,28.853803634643555,0.32,16,32.0,"even-indexed (l1, l3, …); LS on next layer",0.3,0.1,1024
2965,Ant-v5,mid,0,787.8228149414062,108.11516668595758,17.402935028076172,0.32,16,32.0,"even-indexed (l1, l3, …); LS on next layer",0.3,0.1,1024
2966,Ant-v5,mid,0,717.5805053710938,126.32763347014367,24.87568473815918,0.32,16,32.0,"even-indexed (l1, l3, …); LS on next layer",0.3,0.1,1024
2967,Ant-v5,mid,0,3179.176025390625,351.9828938124447,28.235258102416992,0.32,16,32.0,"even-indexed (l1, l3, …); LS on next layer",0.3,0.1,1024
2968,Ant-v5,mid,0,1392.42626953125,234.09589369174563,30.055679321289062,0.32,16,32.0,"even-indexed (l1, l3, …); LS on next layer",0.3,0.1,1024
2969,Ant-v5,mid,0,4150.8681640625,451.0054246049864,26.910526275634766,0.32,16,32.0,"even-indexed (l1, l3, …); LS on next layer",0.3,0.1,1024
2970,Ant-v5,mid,0,711.0426025390625,106.79409314280588,17.856605529785156,0.32,16,32.0,"even-indexed (l1, l3, …); LS on next layer",0.3,0.1,1024
2971,Ant-v5,mid,0,734.656982421875,90.91566229298081,16.70224380493164,0.32,16,32.0,"even-indexed (l1, l3, …); LS on next layer",0.3,0.1,1024
2972,Ant-v5,mid,0,853.927978515625,103.38356724517189,13.668862342834473,0.32,16,32.0,"even-indexed (l1, l3, …); LS on next layer",0.3,0.1,1024
2973,Ant-v5,mid,0,1289.29833984375,269.12514312802693,34.05205535888672,0.32,16,32.0,"even-indexed (l1, l3, …); LS on next layer",0.3,0.1,1024
2974,Ant-v5,mid,0,635.4102783203125,124.33275268988504,26.291603088378906,0.32,16,32.0,"even-indexed (l1, l3, …); LS on next layer",0.3,0.1,1024
2975,Ant-v5,mid,0,1329.340576171875,207.4439393536269,29.167238235473633,0.32,16,32.0,"even-indexed (l1, l3, …); LS on next layer",0.3,0.1,1024
2976,Ant-v5,mid,0,664.0711669921875,125.29959451582465,22.509353637695312,0.32,16,32.0,"even-indexed (l1, l3, …); LS on next layer",0.3,0.1,1024
2977,Ant-v5,mid,0,1268.3851318359375,295.2173762797768,48.923465728759766,0.32,16,32.0,"even-indexed (l1, l3, …); LS on next layer",0.3,0.1,1024
2978,Ant-v5,mid,0,1321.4268798828125,196.2601764745325,27.912717819213867,0.32,16,32.0,"even-indexed (l1, l3, …); LS on next layer",0.3,0.1,1024
2979,Ant-v5,mid,0,1799.474609375,221.5834947684609,18.07982635498047,0.32,16,32.0,"even-indexed (l1, l3, …); LS on next layer",0.3,0.1,1024
2980,Ant-v5,mid,0,991.8198852539062,131.5024922321025,19.21198844909668,0.32,16,32.0,"even-indexed (l1, l3, …); LS on next layer",0.3,0.1,1024
2981,Ant-v5,mid,0,718.3135375976562,100.24067485330545,21.513879776000977,0.32,16,32.0,"even-indexed (l1, l3, …); LS on next layer",0.3,0.1,1024
2982,Ant-v5,mid,0,5522.11083984375,597.7251760727668,25.80335807800293,0.32,16,32.0,"even-indexed (l1, l3, …); LS on next layer",0.3,0.1,1024
2983,Ant-v5,mid,0,4151.59228515625,433.29515877315487,17.1890926361084,0.32,16,32.0,"even-indexed (l1, l3, …); LS on next layer",0.3,0.1,1024
2984,Ant-v5,mid,0,1086.7156982421875,133.23866776725396,18.7281494140625,0.32,16,32.0,"even-indexed (l1, l3, …); LS on next layer",0.3,0.1,1024
2985,Ant-v5,mid,0,2128.401611328125,232.40533053542774,18.8376522064209,0.32,16,32.0,"even-indexed (l1, l3, …); LS on next layer",0.3,0.1,1024
2986,Ant-v5,mid,0,1478.0975341796875,199.23939378405177,27.111583709716797,0.32,16,32.0,"even-indexed (l1, l3, …); LS on next layer",0.3,0.1,1024
2987,Ant-v5,mid,0,1113.0380859375,226.65947473777211,40.65879440307617,0.32,16,32.0,"even-indexed (l1, l3, …); LS on next layer",0.3,0.1,1024
2988,Ant-v5,mid,0,1607.8045654296875,189.0430708259644,27.843891143798828,0.32,16,32.0,"even-indexed (l1, l3, …); LS on next layer",0.3,0.1,1024
2989,Ant-v5,mid,0,861.2145385742188,147.45641667769397,26.27840805053711,0.32,16,32.0,"even-indexed (l1, l3, …); LS on next layer",0.3,0.1,1024
2990,Ant-v5,mid,0,2461.601318359375,265.8913840029219,26.80130386352539,0.32,16,32.0,"even-indexed (l1, l3, …); LS on next layer",0.3,0.1,1024
2991,Ant-v5,mid,0,806.7860107421875,128.5516877823985,21.653532028198242,0.32,16,32.0,"even-indexed (l1, l3, …); LS on next layer",0.3,0.1,1024
2992,Ant-v5,mid,0,701.2017822265625,92.76638569770586,16.785076141357422,0.32,16,32.0,"even-indexed (l1, l3, …); LS on next layer",0.3,0.1,1024
2993,Ant-v5,mid,0,869.8858642578125,113.07391569026672,20.74921417236328,0.32,16,32.0,"even-indexed (l1, l3, …); LS on next layer",0.3,0.1,1024
2994,Ant-v5,mid,0,1144.676025390625,129.42487128858826,23.41605567932129,0.32,16,32.0,"even-indexed (l1, l3, …); LS on next layer",0.3,0.1,1024
2995,Ant-v5,mid,0,1826.64306640625,261.12095397636904,26.529157638549805,0.32,16,32.0,"even-indexed (l1, l3, …); LS on next layer",0.3,0.1,1024
2996,Ant-v5,mid,0,2624.102294921875,300.43762914681116,27.778837203979492,0.32,16,32.0,"even-indexed (l1, l3, …); LS on next layer",0.3,0.1,1024
2997,Ant-v5,mid,0,630.379150390625,92.65032432084024,18.854156494140625,0.32,16,32.0,"even-indexed (l1, l3, …); LS on next layer",0.3,0.1,1024
2998,Ant-v5,mid,0,1802.02978515625,208.62932779788324,18.927480697631836,0.32,16,32.0,"even-indexed (l1, l3, …); LS on next layer",0.3,0.1,1024
2999,Ant-v5,mid,0,1078.603759765625,205.4118488575467,27.725116729736328,0.32,16,32.0,"even-indexed (l1, l3, …); LS on next layer",0.3,0.1,1024
3000,Ant-v5,far,0,5678.70458984375,2204.134758135228,101.6495361328125,0.32,16,32.0,"even-indexed (l1, l3, …); LS on next layer",0.3,0.1,1024
3001,Ant-v5,far,0,2197.08984375,605.3127818498325,61.34829330444336,0.32,16,32.0,"even-indexed (l1, l3, …); LS on next layer",0.3,0.1,1024
3002,Ant-v5,far,0,1917.8558349609375,764.6784623253777,88.3197250366211,0.32,16,32.0,"even-indexed (l1, l3, …); LS on next layer",0.3,0.1,1024
3003,Ant-v5,far,0,1201.76123046875,675.1044655001725,62.32382583618164,0.32,16,32.0,"even-indexed (l1, l3, …); LS on next layer",0.3,0.1,1024
3004,Ant-v5,far,0,3388.379638671875,898.122828834786,69.09063720703125,0.32,16,32.0,"even-indexed (l1, l3, …); LS on next layer",0.3,0.1,1024
3005,Ant-v5,far,0,1207.581787109375,964.46521613312,61.8282585144043,0.32,16,32.0,"even-indexed (l1, l3, …); LS on next layer",0.3,0.1,1024
3006,Ant-v5,far,0,4272.61572265625,750.7916113755634,66.50877380371094,0.32,16,32.0,"even-indexed (l1, l3, …); LS on next layer",0.3,0.1,1024
3007,Ant-v5,far,0,634.4732055664062,86.3127456856999,25.04077911376953,0.32,16,32.0,"even-indexed (l1, l3, …); LS on next layer",0.3,0.1,1024
3008,Ant-v5,far,0,1041.9681396484375,362.84160445580375,56.74955368041992,0.32,16,32.0,"even-indexed (l1, l3, …); LS on next layer",0.3,0.1,1024
3009,Ant-v5,far,0,3344.360595703125,1109.249464807021,68.94197845458984,0.32,16,32.0,"even-indexed (l1, l3, …); LS on next layer",0.3,0.1,1024
3010,Ant-v5,far,0,620.4395141601562,136.66593136803812,36.21049499511719,0.32,16,32.0,"even-indexed (l1, l3, …); LS on next layer",0.3,0.1,1024
3011,Ant-v5,far,0,2139.439208984375,454.72268268560936,57.368125915527344,0.32,16,32.0,"even-indexed (l1, l3, …); LS on next layer",0.3,0.1,1024
3012,Ant-v5,far,0,1271.578369140625,536.9831096068517,64.31010437011719,0.32,16,32.0,"even-indexed (l1, l3, …); LS on next layer",0.3,0.1,1024
3013,Ant-v5,far,0,2643.266845703125,622.961061706113,72.35541534423828,0.32,16,32.0,"even-indexed (l1, l3, …); LS on next layer",0.3,0.1,1024
3014,Ant-v5,far,0,1763.2108154296875,563.9623243305064,52.86974334716797,0.32,16,32.0,"even-indexed (l1, l3, …); LS on next layer",0.3,0.1,1024
3015,Ant-v5,far,0,1306.84033203125,479.33361343534614,50.669769287109375,0.32,16,32.0,"even-indexed (l1, l3, …); LS on next layer",0.3,0.1,1024
3016,Ant-v5,far,0,1504.5140380859375,456.98837396994804,55.56553649902344,0.32,16,32.0,"even-indexed (l1, l3, …); LS on next layer",0.3,0.1,1024
3017,Ant-v5,far,0,1677.9886474609375,1182.5179962549269,199.17724609375,0.32,16,32.0,"even-indexed (l1, l3, …); LS on next layer",0.3,0.1,1024
3018,Ant-v5,far,0,2726.3828125,842.6592906169234,64.33501434326172,0.32,16,32.0,"even-indexed (l1, l3, …); LS on next layer",0.3,0.1,1024
3019,Ant-v5,far,0,835.1710205078125,329.7995372489719,45.55736541748047,0.32,16,32.0,"even-indexed (l1, l3, …); LS on next layer",0.3,0.1,1024
3020,Ant-v5,far,0,1546.9754638671875,286.7455141795492,42.36845397949219,0.32,16,32.0,"even-indexed (l1, l3, …); LS on next layer",0.3,0.1,1024
3021,Ant-v5,far,0,1181.8232421875,269.9494994365591,58.6732063293457,0.32,16,32.0,"even-indexed (l1, l3, …); LS on next layer",0.3,0.1,1024
3022,Ant-v5,far,0,658.8862915039062,248.71184925381002,41.84782409667969,0.32,16,32.0,"even-indexed (l1, l3, …); LS on next layer",0.3,0.1,1024
3023,Ant-v5,far,0,1524.234375,426.17044748301737,67.268798828125,0.32,16,32.0,"even-indexed (l1, l3, …); LS on next layer",0.3,0.1,1024
3024,Ant-v5,far,0,1279.6378173828125,670.3262359907101,60.814903259277344,0.32,16,32.0,"even-indexed (l1, l3, …); LS on next layer",0.3,0.1,1024
3025,Ant-v5,far,0,1024.986328125,327.43299183267436,48.3317756652832,0.32,16,32.0,"even-indexed (l1, l3, …); LS on next layer",0.3,0.1,1024
3026,Ant-v5,far,0,2276.0380859375,1000.2892122103527,87.98860168457031,0.32,16,32.0,"even-indexed (l1, l3, …); LS on next layer",0.3,0.1,1024
3027,Ant-v5,far,0,2192.275146484375,712.9415656617205,109.43402099609375,0.32,16,32.0,"even-indexed (l1, l3, …); LS on next layer",0.3,0.1,1024
3028,Ant-v5,far,0,955.2318725585938,440.79612375731466,47.33297348022461,0.32,16,32.0,"even-indexed (l1, l3, …); LS on next layer",0.3,0.1,1024
3029,Ant-v5,far,0,1868.1646728515625,449.23653063234485,52.74854278564453,0.32,16,32.0,"even-indexed (l1, l3, …); LS on next layer",0.3,0.1,1024
3030,Ant-v5,far,0,1603.6766357421875,719.6663612585163,73.23802947998047,0.32,16,32.0,"even-indexed (l1, l3, …); LS on next layer",0.3,0.1,1024
3031,Ant-v5,far,0,187.8129119873047,38.00299303580768,20.274431228637695,0.32,16,32.0,"even-indexed (l1, l3, …); LS on next layer",0.3,0.1,1024
3032,Ant-v5,far,0,4920.3125,1243.2746229279792,69.26219177246094,0.32,16,32.0,"even-indexed (l1, l3, …); LS on next layer",0.3,0.1,1024
3033,Ant-v5,far,0,3222.1923828125,886.3995171524252,73.5159912109375,0.32,16,32.0,"even-indexed (l1, l3, …); LS on next layer",0.3,0.1,1024
3034,Ant-v5,far,0,730.8793334960938,282.68317763924165,38.2816047668457,0.32,16,32.0,"even-indexed (l1, l3, …); LS on next layer",0.3,0.1,1024
3035,Ant-v5,far,0,2481.8486328125,806.1563961841238,81.05823516845703,0.32,16,32.0,"even-indexed (l1, l3, …); LS on next layer",0.3,0.1,1024
3036,Ant-v5,far,0,1007.0548706054688,365.26906091174385,90.3963623046875,0.32,16,32.0,"even-indexed (l1, l3, …); LS on next layer",0.3,0.1,1024
3037,Ant-v5,far,0,784.18310546875,272.57272471485635,41.907325744628906,0.32,16,32.0,"even-indexed (l1, l3, …); LS on next layer",0.3,0.1,1024
3038,Ant-v5,far,0,1217.1666259765625,202.71134720520067,35.11204528808594,0.32,16,32.0,"even-indexed (l1, l3, …); LS on next layer",0.3,0.1,1024
3039,Ant-v5,far,0,3677.328857421875,1566.446951439668,96.32966613769531,0.32,16,32.0,"even-indexed (l1, l3, …); LS on next layer",0.3,0.1,1024
3040,Ant-v5,far,0,1475.5079345703125,368.44771006543795,87.1645278930664,0.32,16,32.0,"even-indexed (l1, l3, …); LS on next layer",0.3,0.1,1024
3041,Ant-v5,far,0,1505.709716796875,606.1663611634704,53.894474029541016,0.32,16,32.0,"even-indexed (l1, l3, …); LS on next layer",0.3,0.1,1024
3042,Ant-v5,far,0,1035.0050048828125,565.7999179676682,53.222286224365234,0.32,16,32.0,"even-indexed (l1, l3, …); LS on next layer",0.3,0.1,1024
3043,Ant-v5,far,0,1882.1624755859375,1064.7171591698961,101.29818725585938,0.32,16,32.0,"even-indexed (l1, l3, …); LS on next layer",0.3,0.1,1024
3044,Ant-v5,far,0,956.8778076171875,302.2691034060663,42.53449249267578,0.32,16,32.0,"even-indexed (l1, l3, …); LS on next layer",0.3,0.1,1024
3045,Ant-v5,far,0,3495.032958984375,634.1359858826163,73.13490295410156,0.32,16,32.0,"even-indexed (l1, l3, …); LS on next layer",0.3,0.1,1024
3046,Ant-v5,far,0,1768.7572021484375,678.781943618,96.93702697753906,0.32,16,32.0,"even-indexed (l1, l3, …); LS on next layer",0.3,0.1,1024
3047,Ant-v5,far,0,1150.36376953125,397.1579411189478,58.934593200683594,0.32,16,32.0,"even-indexed (l1, l3, …); LS on next layer",0.3,0.1,1024
3048,Ant-v5,far,0,3372.696044921875,607.8136343409302,75.72914123535156,0.32,16,32.0,"even-indexed (l1, l3, …); LS on next layer",0.3,0.1,1024
3049,Ant-v5,far,0,1550.5284423828125,453.4520865163046,50.129432678222656,0.32,16,32.0,"even-indexed (l1, l3, …); LS on next layer",0.3,0.1,1024
3050,Ant-v5,far,0,781.8600463867188,249.19902487665738,41.23145294189453,0.32,16,32.0,"even-indexed (l1, l3, …); LS on next layer",0.3,0.1,1024
3051,Ant-v5,far,0,852.6311645507812,672.0107344975785,49.942928314208984,0.32,16,32.0,"even-indexed (l1, l3, …); LS on next layer",0.3,0.1,1024
3052,Ant-v5,far,0,2259.98876953125,867.0893010396434,115.07144927978516,0.32,16,32.0,"even-indexed (l1, l3, …); LS on next layer",0.3,0.1,1024
3053,Ant-v5,far,0,1513.5416259765625,1075.152063188907,265.9318542480469,0.32,16,32.0,"even-indexed (l1, l3, …); LS on next layer",0.3,0.1,1024
3054,Ant-v5,far,0,2772.8779296875,964.3837656115688,136.63514709472656,0.32,16,32.0,"even-indexed (l1, l3, …); LS on next layer",0.3,0.1,1024
3055,Ant-v5,far,0,3449.360107421875,995.0447372889174,79.3951644897461,0.32,16,32.0,"even-indexed (l1, l3, …); LS on next layer",0.3,0.1,1024
3056,Ant-v5,far,0,1906.294921875,726.6859771517672,77.43313598632812,0.32,16,32.0,"even-indexed (l1, l3, …); LS on next layer",0.3,0.1,1024
3057,Ant-v5,far,0,523.5891723632812,213.6716946554871,37.22317886352539,0.32,16,32.0,"even-indexed (l1, l3, …); LS on next layer",0.3,0.1,1024
3058,Ant-v5,far,0,2322.405029296875,666.629496726092,58.56829071044922,0.32,16,32.0,"even-indexed (l1, l3, …); LS on next layer",0.3,0.1,1024
3059,Ant-v5,far,0,2713.86572265625,1355.5761683502606,85.26232147216797,0.32,16,32.0,"even-indexed (l1, l3, …); LS on next layer",0.3,0.1,1024
3060,Ant-v5,far,0,1157.388427734375,571.3305461684433,58.090431213378906,0.32,16,32.0,"even-indexed (l1, l3, …); LS on next layer",0.3,0.1,1024
3061,Ant-v5,far,0,2131.843994140625,809.0343657191603,165.2307891845703,0.32,16,32.0,"even-indexed (l1, l3, …); LS on next layer",0.3,0.1,1024
3062,Ant-v5,far,0,776.4693603515625,379.07767308568225,44.708900451660156,0.32,16,32.0,"even-indexed (l1, l3, …); LS on next layer",0.3,0.1,1024
3063,Ant-v5,far,0,2176.7890625,422.88553932287516,49.59660339355469,0.32,16,32.0,"even-indexed (l1, l3, …); LS on next layer",0.3,0.1,1024
3064,Ant-v5,far,0,3261.293701171875,448.7422543914439,63.84278106689453,0.32,16,32.0,"even-indexed (l1, l3, …); LS on next layer",0.3,0.1,1024
3065,Ant-v5,far,0,3061.584228515625,1284.27636813363,85.41663360595703,0.32,16,32.0,"even-indexed (l1, l3, …); LS on next layer",0.3,0.1,1024
3066,Ant-v5,far,0,1519.2296142578125,800.2426525300027,69.96959686279297,0.32,16,32.0,"even-indexed (l1, l3, …); LS on next layer",0.3,0.1,1024
3067,Ant-v5,far,0,696.0132446289062,420.4093987925131,56.728919982910156,0.32,16,32.0,"even-indexed (l1, l3, …); LS on next layer",0.3,0.1,1024
3068,Ant-v5,far,0,2742.908447265625,665.9852096879844,53.19575500488281,0.32,16,32.0,"even-indexed (l1, l3, …); LS on next layer",0.3,0.1,1024
3069,Ant-v5,far,0,2744.787841796875,513.949100903958,68.7015151977539,0.32,16,32.0,"even-indexed (l1, l3, …); LS on next layer",0.3,0.1,1024
3070,Ant-v5,far,0,1083.4755859375,354.16067748925354,131.40081787109375,0.32,16,32.0,"even-indexed (l1, l3, …); LS on next layer",0.3,0.1,1024
3071,Ant-v5,far,0,2271.454833984375,1065.025556906619,92.01444244384766,0.32,16,32.0,"even-indexed (l1, l3, …); LS on next layer",0.3,0.1,1024
3072,Ant-v5,far,0,1450.8671875,274.9762779551878,124.52164459228516,0.32,16,32.0,"even-indexed (l1, l3, …); LS on next layer",0.3,0.1,1024
3073,Ant-v5,far,0,698.6158447265625,656.6029537693329,58.967689514160156,0.32,16,32.0,"even-indexed (l1, l3, …); LS on next layer",0.3,0.1,1024
3074,Ant-v5,far,0,227.19175720214844,57.90530248392819,23.251928329467773,0.32,16,32.0,"even-indexed (l1, l3, …); LS on next layer",0.3,0.1,1024
3075,Ant-v5,far,0,2849.94677734375,522.5986272743411,59.74347686767578,0.32,16,32.0,"even-indexed (l1, l3, …); LS on next layer",0.3,0.1,1024
3076,Ant-v5,far,0,3295.351806640625,713.4752603713039,72.07417297363281,0.32,16,32.0,"even-indexed (l1, l3, …); LS on next layer",0.3,0.1,1024
3077,Ant-v5,far,0,3741.493408203125,998.669778408192,81.21472930908203,0.32,16,32.0,"even-indexed (l1, l3, …); LS on next layer",0.3,0.1,1024
3078,Ant-v5,far,0,3243.44287109375,734.7166118419524,72.91969299316406,0.32,16,32.0,"even-indexed (l1, l3, …); LS on next layer",0.3,0.1,1024
3079,Ant-v5,far,0,2255.79150390625,647.5048639888654,75.46737670898438,0.32,16,32.0,"even-indexed (l1, l3, …); LS on next layer",0.3,0.1,1024
3080,Ant-v5,far,0,1144.94775390625,612.0330700054895,70.84236907958984,0.32,16,32.0,"even-indexed (l1, l3, …); LS on next layer",0.3,0.1,1024
3081,Ant-v5,far,0,2678.438720703125,915.8021737871957,136.18649291992188,0.32,16,32.0,"even-indexed (l1, l3, …); LS on next layer",0.3,0.1,1024
3082,Ant-v5,far,0,3862.35205078125,1261.573566644097,81.25704956054688,0.32,16,32.0,"even-indexed (l1, l3, …); LS on next layer",0.3,0.1,1024
3083,Ant-v5,far,0,3039.000244140625,719.9779580517934,150.1818084716797,0.32,16,32.0,"even-indexed (l1, l3, …); LS on next layer",0.3,0.1,1024
3084,Ant-v5,far,0,1023.3994750976562,340.8085042644284,54.65406036376953,0.32,16,32.0,"even-indexed (l1, l3, …); LS on next layer",0.3,0.1,1024
3085,Ant-v5,far,0,3036.06591796875,1038.3760913386377,217.9375457763672,0.32,16,32.0,"even-indexed (l1, l3, …); LS on next layer",0.3,0.1,1024
3086,Ant-v5,far,0,771.364013671875,387.86198600607895,49.710899353027344,0.32,16,32.0,"even-indexed (l1, l3, …); LS on next layer",0.3,0.1,1024
3087,Ant-v5,far,0,2477.986328125,524.1927046965666,57.19293975830078,0.32,16,32.0,"even-indexed (l1, l3, …); LS on next layer",0.3,0.1,1024
3088,Ant-v5,far,0,842.471435546875,570.1200658638195,123.20267486572266,0.32,16,32.0,"even-indexed (l1, l3, …); LS on next layer",0.3,0.1,1024
3089,Ant-v5,far,0,2798.452880859375,776.6187760194442,68.34140014648438,0.32,16,32.0,"even-indexed (l1, l3, …); LS on next layer",0.3,0.1,1024
3090,Ant-v5,far,0,3867.853271484375,892.8389871392792,61.09299850463867,0.32,16,32.0,"even-indexed (l1, l3, …); LS on next layer",0.3,0.1,1024
3091,Ant-v5,far,0,1307.63818359375,579.2635507241025,59.76734161376953,0.32,16,32.0,"even-indexed (l1, l3, …); LS on next layer",0.3,0.1,1024
3092,Ant-v5,far,0,5255.12109375,1690.7021931905247,156.69192504882812,0.32,16,32.0,"even-indexed (l1, l3, …); LS on next layer",0.3,0.1,1024
3093,Ant-v5,far,0,513.2628784179688,132.8601360879985,53.26575469970703,0.32,16,32.0,"even-indexed (l1, l3, …); LS on next layer",0.3,0.1,1024
3094,Ant-v5,far,0,581.9896850585938,213.29365611463163,37.5402717590332,0.32,16,32.0,"even-indexed (l1, l3, …); LS on next layer",0.3,0.1,1024
3095,Ant-v5,far,0,2360.22998046875,626.885203846408,68.31291198730469,0.32,16,32.0,"even-indexed (l1, l3, …); LS on next layer",0.3,0.1,1024
3096,Ant-v5,far,0,3036.5732421875,629.4231739068279,70.0561294555664,0.32,16,32.0,"even-indexed (l1, l3, …); LS on next layer",0.3,0.1,1024
3097,Ant-v5,far,0,1826.0870361328125,729.511952329312,60.11341857910156,0.32,16,32.0,"even-indexed (l1, l3, …); LS on next layer",0.3,0.1,1024
3098,Ant-v5,far,0,809.8464965820312,314.3366733055366,45.345855712890625,0.32,16,32.0,"even-indexed (l1, l3, …); LS on next layer",0.3,0.1,1024
3099,Ant-v5,far,0,1343.495361328125,600.8162034727213,133.49249267578125,0.32,16,32.0,"even-indexed (l1, l3, …); LS on next layer",0.3,0.1,1024
3100,Ant-v5,far,0,1610.012451171875,357.3199608194251,51.540245056152344,0.32,16,32.0,"even-indexed (l1, l3, …); LS on next layer",0.3,0.1,1024
3101,Ant-v5,far,0,2000.6422119140625,519.6929240464922,64.6104965209961,0.32,16,32.0,"even-indexed (l1, l3, …); LS on next layer",0.3,0.1,1024
3102,Ant-v5,far,0,1968.5408935546875,427.1057431597337,56.15548324584961,0.32,16,32.0,"even-indexed (l1, l3, …); LS on next layer",0.3,0.1,1024
3103,Ant-v5,far,0,1270.0626220703125,454.024735525657,173.6215362548828,0.32,16,32.0,"even-indexed (l1, l3, …); LS on next layer",0.3,0.1,1024
3104,Ant-v5,far,0,1992.9866943359375,889.4793740394018,73.62744903564453,0.32,16,32.0,"even-indexed (l1, l3, …); LS on next layer",0.3,0.1,1024
3105,Ant-v5,far,0,1968.853759765625,337.00185883412144,53.168853759765625,0.32,16,32.0,"even-indexed (l1, l3, …); LS on next layer",0.3,0.1,1024
3106,Ant-v5,far,0,1298.3599853515625,538.7774344595125,61.11215591430664,0.32,16,32.0,"even-indexed (l1, l3, …); LS on next layer",0.3,0.1,1024
3107,Ant-v5,far,0,3755.8095703125,893.7381872602856,69.71627807617188,0.32,16,32.0,"even-indexed (l1, l3, …); LS on next layer",0.3,0.1,1024
3108,Ant-v5,far,0,3352.9697265625,1039.6212168208297,72.73025512695312,0.32,16,32.0,"even-indexed (l1, l3, …); LS on next layer",0.3,0.1,1024
3109,Ant-v5,far,0,1146.17919921875,320.3510104928125,58.84694290161133,0.32,16,32.0,"even-indexed (l1, l3, …); LS on next layer",0.3,0.1,1024
3110,Ant-v5,far,0,786.0265502929688,627.0866344425802,62.41306686401367,0.32,16,32.0,"even-indexed (l1, l3, …); LS on next layer",0.3,0.1,1024
3111,Ant-v5,far,0,2048.554443359375,677.6513998885342,79.31824493408203,0.32,16,32.0,"even-indexed (l1, l3, …); LS on next layer",0.3,0.1,1024
3112,Ant-v5,far,0,2687.96240234375,568.4837102489032,57.40275573730469,0.32,16,32.0,"even-indexed (l1, l3, …); LS on next layer",0.3,0.1,1024
3113,Ant-v5,far,0,1130.2349853515625,288.5378580498882,47.748779296875,0.32,16,32.0,"even-indexed (l1, l3, …); LS on next layer",0.3,0.1,1024
3114,Ant-v5,far,0,1236.47021484375,428.9670004722383,71.36190795898438,0.32,16,32.0,"even-indexed (l1, l3, …); LS on next layer",0.3,0.1,1024
3115,Ant-v5,far,0,692.0460815429688,449.50444934025256,45.467159271240234,0.32,16,32.0,"even-indexed (l1, l3, …); LS on next layer",0.3,0.1,1024
3116,Ant-v5,far,0,2514.015625,719.465467814741,69.12139129638672,0.32,16,32.0,"even-indexed (l1, l3, …); LS on next layer",0.3,0.1,1024
3117,Ant-v5,far,0,1379.11328125,535.7298029576156,91.55074310302734,0.32,16,32.0,"even-indexed (l1, l3, …); LS on next layer",0.3,0.1,1024
3118,Ant-v5,far,0,3393.212890625,990.6910679173395,71.2796859741211,0.32,16,32.0,"even-indexed (l1, l3, …); LS on next layer",0.3,0.1,1024
3119,Ant-v5,far,0,2209.156982421875,516.8836260755054,78.75469207763672,0.32,16,32.0,"even-indexed (l1, l3, …); LS on next layer",0.3,0.1,1024
3120,Ant-v5,far,0,2148.910400390625,980.5733747723795,65.61587524414062,0.32,16,32.0,"even-indexed (l1, l3, …); LS on next layer",0.3,0.1,1024
3121,Ant-v5,far,0,1763.0146484375,426.4803740272696,54.23234939575195,0.32,16,32.0,"even-indexed (l1, l3, …); LS on next layer",0.3,0.1,1024
3122,Ant-v5,far,0,1671.286865234375,326.51650436230585,48.77660369873047,0.32,16,32.0,"even-indexed (l1, l3, …); LS on next layer",0.3,0.1,1024
3123,Ant-v5,far,0,2365.235107421875,532.2900975004319,52.32217788696289,0.32,16,32.0,"even-indexed (l1, l3, …); LS on next layer",0.3,0.1,1024
3124,Ant-v5,far,0,1074.063232421875,409.6420129232372,59.42856216430664,0.32,16,32.0,"even-indexed (l1, l3, …); LS on next layer",0.3,0.1,1024
3125,Ant-v5,far,0,1332.588134765625,305.15567093020763,49.48737716674805,0.32,16,32.0,"even-indexed (l1, l3, …); LS on next layer",0.3,0.1,1024
3126,Ant-v5,far,0,950.7537231445312,396.93754754902636,115.27851867675781,0.32,16,32.0,"even-indexed (l1, l3, …); LS on next layer",0.3,0.1,1024
3127,Ant-v5,far,0,1264.487060546875,451.2140337606878,77.1383056640625,0.32,16,32.0,"even-indexed (l1, l3, …); LS on next layer",0.3,0.1,1024
3128,Ant-v5,far,0,1583.468994140625,891.9862705626997,63.61644744873047,0.32,16,32.0,"even-indexed (l1, l3, …); LS on next layer",0.3,0.1,1024
3129,Ant-v5,far,0,6354.1708984375,1619.861920746857,75.9316177368164,0.32,16,32.0,"even-indexed (l1, l3, …); LS on next layer",0.3,0.1,1024
3130,Ant-v5,far,0,3723.53955078125,897.3078854049031,76.95996856689453,0.32,16,32.0,"even-indexed (l1, l3, …); LS on next layer",0.3,0.1,1024
3131,Ant-v5,far,0,1908.25146484375,504.8713011401585,53.21834945678711,0.32,16,32.0,"even-indexed (l1, l3, …); LS on next layer",0.3,0.1,1024
3132,Ant-v5,far,0,3322.87353515625,1142.1539438779637,258.9039306640625,0.32,16,32.0,"even-indexed (l1, l3, …); LS on next layer",0.3,0.1,1024
3133,Ant-v5,far,0,2790.590576171875,674.5400080007366,88.41871643066406,0.32,16,32.0,"even-indexed (l1, l3, …); LS on next layer",0.3,0.1,1024
3134,Ant-v5,far,0,2207.34814453125,518.8141569356335,67.4961929321289,0.32,16,32.0,"even-indexed (l1, l3, …); LS on next layer",0.3,0.1,1024
3135,Ant-v5,far,0,2906.68798828125,482.3412032169508,49.17066955566406,0.32,16,32.0,"even-indexed (l1, l3, …); LS on next layer",0.3,0.1,1024
3136,Ant-v5,far,0,2470.7412109375,532.1913191070892,52.78341293334961,0.32,16,32.0,"even-indexed (l1, l3, …); LS on next layer",0.3,0.1,1024
3137,Ant-v5,far,0,3638.221435546875,1086.728580325071,76.28783416748047,0.32,16,32.0,"even-indexed (l1, l3, …); LS on next layer",0.3,0.1,1024
3138,Ant-v5,far,0,4821.6328125,986.1977595693489,73.22657012939453,0.32,16,32.0,"even-indexed (l1, l3, …); LS on next layer",0.3,0.1,1024
3139,Ant-v5,far,0,2592.755615234375,926.0398331119736,221.26419067382812,0.32,16,32.0,"even-indexed (l1, l3, …); LS on next layer",0.3,0.1,1024
3140,Ant-v5,far,0,1643.44677734375,214.39878084241232,105.53721618652344,0.32,16,32.0,"even-indexed (l1, l3, …); LS on next layer",0.3,0.1,1024
3141,Ant-v5,far,0,5212.38232421875,687.9209158204895,60.51134490966797,0.32,16,32.0,"even-indexed (l1, l3, …); LS on next layer",0.3,0.1,1024
3142,Ant-v5,far,0,2425.65234375,674.9321361030215,85.67008972167969,0.32,16,32.0,"even-indexed (l1, l3, …); LS on next layer",0.3,0.1,1024
3143,Ant-v5,far,0,1016.2257690429688,339.2908747968638,53.70040512084961,0.32,16,32.0,"even-indexed (l1, l3, …); LS on next layer",0.3,0.1,1024
3144,Ant-v5,far,0,5080.15869140625,1843.6087482963453,113.9736099243164,0.32,16,32.0,"even-indexed (l1, l3, …); LS on next layer",0.3,0.1,1024
3145,Ant-v5,far,0,1224.09912109375,782.6806684465529,113.58252716064453,0.32,16,32.0,"even-indexed (l1, l3, …); LS on next layer",0.3,0.1,1024
3146,Ant-v5,far,0,2377.5576171875,792.0861925642939,71.90723419189453,0.32,16,32.0,"even-indexed (l1, l3, …); LS on next layer",0.3,0.1,1024
3147,Ant-v5,far,0,1456.08642578125,511.9954324961335,70.12740325927734,0.32,16,32.0,"even-indexed (l1, l3, …); LS on next layer",0.3,0.1,1024
3148,Ant-v5,far,0,4215.15869140625,764.4303665859028,65.65052032470703,0.32,16,32.0,"even-indexed (l1, l3, …); LS on next layer",0.3,0.1,1024
3149,Ant-v5,far,0,1302.300537109375,443.1624037232767,75.15638732910156,0.32,16,32.0,"even-indexed (l1, l3, …); LS on next layer",0.3,0.1,1024
3150,Ant-v5,far,0,2695.593994140625,733.6502049207326,77.146728515625,0.32,16,32.0,"even-indexed (l1, l3, …); LS on next layer",0.3,0.1,1024
3151,Ant-v5,far,0,3714.928466796875,991.9733195272045,64.27995300292969,0.32,16,32.0,"even-indexed (l1, l3, …); LS on next layer",0.3,0.1,1024
3152,Ant-v5,far,0,3826.7578125,1392.7018617184908,105.94190216064453,0.32,16,32.0,"even-indexed (l1, l3, …); LS on next layer",0.3,0.1,1024
3153,Ant-v5,far,0,2566.7783203125,461.1332877440159,230.2311553955078,0.32,16,32.0,"even-indexed (l1, l3, …); LS on next layer",0.3,0.1,1024
3154,Ant-v5,far,0,2468.38232421875,525.8799086491799,66.78252410888672,0.32,16,32.0,"even-indexed (l1, l3, …); LS on next layer",0.3,0.1,1024
3155,Ant-v5,far,0,2920.147216796875,408.26939115380856,58.90171813964844,0.32,16,32.0,"even-indexed (l1, l3, …); LS on next layer",0.3,0.1,1024
3156,Ant-v5,far,0,2352.894287109375,583.5570213610529,91.76982879638672,0.32,16,32.0,"even-indexed (l1, l3, …); LS on next layer",0.3,0.1,1024
3157,Ant-v5,far,0,3701.78369140625,677.4611440492533,222.65512084960938,0.32,16,32.0,"even-indexed (l1, l3, …); LS on next layer",0.3,0.1,1024
3158,Ant-v5,far,0,1384.8245849609375,1115.3131466626205,69.20553588867188,0.32,16,32.0,"even-indexed (l1, l3, …); LS on next layer",0.3,0.1,1024
3159,Ant-v5,far,0,7953.83203125,2356.9717933244883,115.67886352539062,0.32,16,32.0,"even-indexed (l1, l3, …); LS on next layer",0.3,0.1,1024
3160,Ant-v5,far,0,3802.848388671875,1210.0595854477542,93.8344955444336,0.32,16,32.0,"even-indexed (l1, l3, …); LS on next layer",0.3,0.1,1024
3161,Ant-v5,far,0,1818.2816162109375,819.0624641735503,71.79265594482422,0.32,16,32.0,"even-indexed (l1, l3, …); LS on next layer",0.3,0.1,1024
3162,Ant-v5,far,0,3611.924072265625,1046.0194252816361,86.80126953125,0.32,16,32.0,"even-indexed (l1, l3, …); LS on next layer",0.3,0.1,1024
3163,Ant-v5,far,0,2331.793212890625,566.3400495214881,119.90568542480469,0.32,16,32.0,"even-indexed (l1, l3, …); LS on next layer",0.3,0.1,1024
3164,Ant-v5,far,0,1372.2423095703125,332.04604061042744,53.92591094970703,0.32,16,32.0,"even-indexed (l1, l3, …); LS on next layer",0.3,0.1,1024
3165,Ant-v5,far,0,1468.459228515625,933.1366306514951,76.6797103881836,0.32,16,32.0,"even-indexed (l1, l3, …); LS on next layer",0.3,0.1,1024
3166,Ant-v5,far,0,1125.1697998046875,381.2710808377758,59.59257888793945,0.32,16,32.0,"even-indexed (l1, l3, …); LS on next layer",0.3,0.1,1024
3167,Ant-v5,far,0,1590.9346923828125,837.9156790142372,61.79231262207031,0.32,16,32.0,"even-indexed (l1, l3, …); LS on next layer",0.3,0.1,1024
3168,Ant-v5,far,0,2253.656494140625,898.9337161547614,95.37979125976562,0.32,16,32.0,"even-indexed (l1, l3, …); LS on next layer",0.3,0.1,1024
3169,Ant-v5,far,0,2800.155517578125,620.0071845890965,70.7267837524414,0.32,16,32.0,"even-indexed (l1, l3, …); LS on next layer",0.3,0.1,1024
3170,Ant-v5,far,0,1934.941650390625,504.8609069095081,83.23453521728516,0.32,16,32.0,"even-indexed (l1, l3, …); LS on next layer",0.3,0.1,1024
3171,Ant-v5,far,0,3877.060546875,1101.1111873693794,112.59744262695312,0.32,16,32.0,"even-indexed (l1, l3, …); LS on next layer",0.3,0.1,1024
3172,Ant-v5,far,0,1411.4517822265625,582.4091251840716,62.72042465209961,0.32,16,32.0,"even-indexed (l1, l3, …); LS on next layer",0.3,0.1,1024
3173,Ant-v5,far,0,1229.36376953125,429.7850761348758,59.271873474121094,0.32,16,32.0,"even-indexed (l1, l3, …); LS on next layer",0.3,0.1,1024
3174,Ant-v5,far,0,3070.777587890625,623.2614483199104,56.40899658203125,0.32,16,32.0,"even-indexed (l1, l3, …); LS on next layer",0.3,0.1,1024
3175,Ant-v5,far,0,3558.293212890625,447.4939491070928,59.5386962890625,0.32,16,32.0,"even-indexed (l1, l3, …); LS on next layer",0.3,0.1,1024
3176,Ant-v5,far,0,1847.3887939453125,428.507031367011,58.45484924316406,0.32,16,32.0,"even-indexed (l1, l3, …); LS on next layer",0.3,0.1,1024
3177,Ant-v5,far,0,2541.504150390625,629.6694323837412,71.4058609008789,0.32,16,32.0,"even-indexed (l1, l3, …); LS on next layer",0.3,0.1,1024
3178,Ant-v5,far,0,5110.8740234375,1216.646364557891,116.90571594238281,0.32,16,32.0,"even-indexed (l1, l3, …); LS on next layer",0.3,0.1,1024
3179,Ant-v5,far,0,2971.495849609375,546.82893019096,156.0381622314453,0.32,16,32.0,"even-indexed (l1, l3, …); LS on next layer",0.3,0.1,1024
3180,Ant-v5,far,0,629.9218139648438,411.36594344891637,52.84652328491211,0.32,16,32.0,"even-indexed (l1, l3, …); LS on next layer",0.3,0.1,1024
3181,Ant-v5,far,0,1967.50341796875,1313.976371456165,278.5970458984375,0.32,16,32.0,"even-indexed (l1, l3, …); LS on next layer",0.3,0.1,1024
3182,Ant-v5,far,0,1755.221435546875,569.2553288317051,64.40008544921875,0.32,16,32.0,"even-indexed (l1, l3, …); LS on next layer",0.3,0.1,1024
3183,Ant-v5,far,0,587.2005004882812,262.2420956779653,42.393585205078125,0.32,16,32.0,"even-indexed (l1, l3, …); LS on next layer",0.3,0.1,1024
3184,Ant-v5,far,0,1475.668212890625,362.8274048945286,119.94451904296875,0.32,16,32.0,"even-indexed (l1, l3, …); LS on next layer",0.3,0.1,1024
3185,Ant-v5,far,0,1064.81494140625,336.10259652826846,43.369056701660156,0.32,16,32.0,"even-indexed (l1, l3, …); LS on next layer",0.3,0.1,1024
3186,Ant-v5,far,0,2471.96337890625,684.4278025474234,60.696537017822266,0.32,16,32.0,"even-indexed (l1, l3, …); LS on next layer",0.3,0.1,1024
3187,Ant-v5,far,0,3889.198974609375,934.8119729728054,69.59757232666016,0.32,16,32.0,"even-indexed (l1, l3, …); LS on next layer",0.3,0.1,1024
3188,Ant-v5,far,0,2709.73388671875,762.1291675414741,67.68984985351562,0.32,16,32.0,"even-indexed (l1, l3, …); LS on next layer",0.3,0.1,1024
3189,Ant-v5,far,0,1536.1180419921875,350.83397040275247,50.38216781616211,0.32,16,32.0,"even-indexed (l1, l3, …); LS on next layer",0.3,0.1,1024
3190,Ant-v5,far,0,7281.2939453125,1811.9894594995199,85.9454116821289,0.32,16,32.0,"even-indexed (l1, l3, …); LS on next layer",0.3,0.1,1024
3191,Ant-v5,far,0,1142.689453125,793.7971149952863,60.32292556762695,0.32,16,32.0,"even-indexed (l1, l3, …); LS on next layer",0.3,0.1,1024
3192,Ant-v5,far,0,1263.2169189453125,413.83872121455806,54.75278091430664,0.32,16,32.0,"even-indexed (l1, l3, …); LS on next layer",0.3,0.1,1024
3193,Ant-v5,far,0,1704.225830078125,959.357382140202,107.93832397460938,0.32,16,32.0,"even-indexed (l1, l3, …); LS on next layer",0.3,0.1,1024
3194,Ant-v5,far,0,882.3162841796875,319.8114644190101,42.74835205078125,0.32,16,32.0,"even-indexed (l1, l3, …); LS on next layer",0.3,0.1,1024
3195,Ant-v5,far,0,1998.4971923828125,567.9836773659466,52.175933837890625,0.32,16,32.0,"even-indexed (l1, l3, …); LS on next layer",0.3,0.1,1024
3196,Ant-v5,far,0,961.242431640625,283.526301615648,34.06215286254883,0.32,16,32.0,"even-indexed (l1, l3, …); LS on next layer",0.3,0.1,1024
3197,Ant-v5,far,0,2074.31103515625,382.3417911315312,48.188568115234375,0.32,16,32.0,"even-indexed (l1, l3, …); LS on next layer",0.3,0.1,1024
3198,Ant-v5,far,0,1711.608642578125,264.692472956174,42.632408142089844,0.32,16,32.0,"even-indexed (l1, l3, …); LS on next layer",0.3,0.1,1024
3199,Ant-v5,far,0,1339.7838134765625,413.8999695250387,54.95701599121094,0.32,16,32.0,"even-indexed (l1, l3, …); LS on next layer",0.3,0.1,1024
3200,Ant-v5,far,0,918.8226318359375,298.21935923653257,36.68491744995117,0.32,16,32.0,"even-indexed (l1, l3, …); LS on next layer",0.3,0.1,1024
3201,Ant-v5,far,0,1631.62890625,643.2369552596248,64.6555404663086,0.32,16,32.0,"even-indexed (l1, l3, …); LS on next layer",0.3,0.1,1024
3202,Ant-v5,far,0,2191.10302734375,828.7361647575474,71.42670440673828,0.32,16,32.0,"even-indexed (l1, l3, …); LS on next layer",0.3,0.1,1024
3203,Ant-v5,far,0,1713.4580078125,610.5675913293428,114.74891662597656,0.32,16,32.0,"even-indexed (l1, l3, …); LS on next layer",0.3,0.1,1024
3204,Ant-v5,far,0,2096.328857421875,911.2367477333011,63.58676528930664,0.32,16,32.0,"even-indexed (l1, l3, …); LS on next layer",0.3,0.1,1024
3205,Ant-v5,far,0,1623.840087890625,647.5696905572779,81.2055892944336,0.32,16,32.0,"even-indexed (l1, l3, …); LS on next layer",0.3,0.1,1024
3206,Ant-v5,far,0,1856.4189453125,334.81043253011524,48.653839111328125,0.32,16,32.0,"even-indexed (l1, l3, …); LS on next layer",0.3,0.1,1024
3207,Ant-v5,far,0,1863.203857421875,617.4935782385138,61.0276985168457,0.32,16,32.0,"even-indexed (l1, l3, …); LS on next layer",0.3,0.1,1024
3208,Ant-v5,far,0,783.4108276367188,242.3759426021033,48.2331657409668,0.32,16,32.0,"even-indexed (l1, l3, …); LS on next layer",0.3,0.1,1024
3209,Ant-v5,far,0,523.5949096679688,229.29545177855485,53.769588470458984,0.32,16,32.0,"even-indexed (l1, l3, …); LS on next layer",0.3,0.1,1024
3210,Ant-v5,far,0,2560.19091796875,603.4802367580214,68.91948699951172,0.32,16,32.0,"even-indexed (l1, l3, …); LS on next layer",0.3,0.1,1024
3211,Ant-v5,far,0,1526.3248291015625,626.0920305888408,58.09469985961914,0.32,16,32.0,"even-indexed (l1, l3, …); LS on next layer",0.3,0.1,1024
3212,Ant-v5,far,0,1581.1507568359375,520.6860038047826,59.46625518798828,0.32,16,32.0,"even-indexed (l1, l3, …); LS on next layer",0.3,0.1,1024
3213,Ant-v5,far,0,1167.986328125,842.2230782111767,68.342529296875,0.32,16,32.0,"even-indexed (l1, l3, …); LS on next layer",0.3,0.1,1024
3214,Ant-v5,far,0,2226.96142578125,411.7382969993504,49.93754959106445,0.32,16,32.0,"even-indexed (l1, l3, …); LS on next layer",0.3,0.1,1024
3215,Ant-v5,far,0,5490.93408203125,1818.117064116414,103.30970764160156,0.32,16,32.0,"even-indexed (l1, l3, …); LS on next layer",0.3,0.1,1024
3216,Ant-v5,far,0,4357.0205078125,1478.288323646329,98.2005386352539,0.32,16,32.0,"even-indexed (l1, l3, …); LS on next layer",0.3,0.1,1024
3217,Ant-v5,far,0,2215.979736328125,417.38662504502804,72.83987426757812,0.32,16,32.0,"even-indexed (l1, l3, …); LS on next layer",0.3,0.1,1024
3218,Ant-v5,far,0,1387.078369140625,745.7007360007427,69.48907470703125,0.32,16,32.0,"even-indexed (l1, l3, …); LS on next layer",0.3,0.1,1024
3219,Ant-v5,far,0,1371.2977294921875,323.336158302798,45.785552978515625,0.32,16,32.0,"even-indexed (l1, l3, …); LS on next layer",0.3,0.1,1024
3220,Ant-v5,far,0,1998.1932373046875,432.5268263583052,51.60187911987305,0.32,16,32.0,"even-indexed (l1, l3, …); LS on next layer",0.3,0.1,1024
3221,Ant-v5,far,0,352.1994934082031,57.73861085052108,24.52063751220703,0.32,16,32.0,"even-indexed (l1, l3, …); LS on next layer",0.3,0.1,1024
3222,Ant-v5,far,0,2649.794921875,764.2970376679383,69.78564453125,0.32,16,32.0,"even-indexed (l1, l3, …); LS on next layer",0.3,0.1,1024
3223,Ant-v5,far,0,4336.314453125,972.5357666566754,70.16415405273438,0.32,16,32.0,"even-indexed (l1, l3, …); LS on next layer",0.3,0.1,1024
3224,Ant-v5,far,0,1077.934814453125,388.86316048570814,46.8038330078125,0.32,16,32.0,"even-indexed (l1, l3, …); LS on next layer",0.3,0.1,1024
3225,Ant-v5,far,0,1603.186279296875,439.8900459079532,62.64338302612305,0.32,16,32.0,"even-indexed (l1, l3, …); LS on next layer",0.3,0.1,1024
3226,Ant-v5,far,0,1456.9530029296875,348.68554583361004,59.08110427856445,0.32,16,32.0,"even-indexed (l1, l3, …); LS on next layer",0.3,0.1,1024
3227,Ant-v5,far,0,1497.899658203125,707.7041483331525,60.70240020751953,0.32,16,32.0,"even-indexed (l1, l3, …); LS on next layer",0.3,0.1,1024
3228,Ant-v5,far,0,506.8359375,53.9761164556412,22.331811904907227,0.32,16,32.0,"even-indexed (l1, l3, …); LS on next layer",0.3,0.1,1024
3229,Ant-v5,far,0,1288.5665283203125,468.77200491067117,111.62135314941406,0.32,16,32.0,"even-indexed (l1, l3, …); LS on next layer",0.3,0.1,1024
3230,Ant-v5,far,0,2374.38623046875,852.834162893509,69.54031372070312,0.32,16,32.0,"even-indexed (l1, l3, …); LS on next layer",0.3,0.1,1024
3231,Ant-v5,far,0,1221.7530517578125,613.5031508168445,57.937416076660156,0.32,16,32.0,"even-indexed (l1, l3, …); LS on next layer",0.3,0.1,1024
3232,Ant-v5,far,0,1282.704345703125,463.5870323070701,53.47523498535156,0.32,16,32.0,"even-indexed (l1, l3, …); LS on next layer",0.3,0.1,1024
3233,Ant-v5,far,0,1940.9991455078125,470.29551023618615,61.577247619628906,0.32,16,32.0,"even-indexed (l1, l3, …); LS on next layer",0.3,0.1,1024
3234,Ant-v5,far,0,2517.283203125,586.2368855167994,66.33145904541016,0.32,16,32.0,"even-indexed (l1, l3, …); LS on next layer",0.3,0.1,1024
3235,Ant-v5,far,0,1164.03662109375,547.6043774681083,60.0203857421875,0.32,16,32.0,"even-indexed (l1, l3, …); LS on next layer",0.3,0.1,1024
3236,Ant-v5,far,0,1872.0540771484375,844.2676083059936,62.43764114379883,0.32,16,32.0,"even-indexed (l1, l3, …); LS on next layer",0.3,0.1,1024
3237,Ant-v5,far,0,1437.7939453125,413.45004841510615,66.9554443359375,0.32,16,32.0,"even-indexed (l1, l3, …); LS on next layer",0.3,0.1,1024
3238,Ant-v5,far,0,1451.4088134765625,267.0919887400295,42.74258041381836,0.32,16,32.0,"even-indexed (l1, l3, …); LS on next layer",0.3,0.1,1024
3239,Ant-v5,far,0,2596.09814453125,684.1876992495222,70.73695373535156,0.32,16,32.0,"even-indexed (l1, l3, …); LS on next layer",0.3,0.1,1024
3240,Ant-v5,far,0,1092.79638671875,451.40363669858107,52.38828659057617,0.32,16,32.0,"even-indexed (l1, l3, …); LS on next layer",0.3,0.1,1024
3241,Ant-v5,far,0,1602.943603515625,530.0564371125189,59.82307052612305,0.32,16,32.0,"even-indexed (l1, l3, …); LS on next layer",0.3,0.1,1024
3242,Ant-v5,far,0,1363.3380126953125,667.4581571490887,68.36231231689453,0.32,16,32.0,"even-indexed (l1, l3, …); LS on next layer",0.3,0.1,1024
3243,Ant-v5,far,0,3685.44287109375,974.1420050182501,77.06810760498047,0.32,16,32.0,"even-indexed (l1, l3, …); LS on next layer",0.3,0.1,1024
3244,Ant-v5,far,0,904.6751708984375,330.5946433004967,57.431884765625,0.32,16,32.0,"even-indexed (l1, l3, …); LS on next layer",0.3,0.1,1024
3245,Ant-v5,far,0,3092.99853515625,605.0492703224072,60.33079528808594,0.32,16,32.0,"even-indexed (l1, l3, …); LS on next layer",0.3,0.1,1024
3246,Ant-v5,far,0,4006.267333984375,685.938607718951,107.3040542602539,0.32,16,32.0,"even-indexed (l1, l3, …); LS on next layer",0.3,0.1,1024
3247,Ant-v5,far,0,1718.323486328125,493.11941853775465,46.434669494628906,0.32,16,32.0,"even-indexed (l1, l3, …); LS on next layer",0.3,0.1,1024
3248,Ant-v5,far,0,3134.126220703125,752.9618040108849,69.97975158691406,0.32,16,32.0,"even-indexed (l1, l3, …); LS on next layer",0.3,0.1,1024
3249,Ant-v5,far,0,4483.5810546875,873.2352541367667,86.30271911621094,0.32,16,32.0,"even-indexed (l1, l3, …); LS on next layer",0.3,0.1,1024
3250,Ant-v5,far,0,2851.872802734375,478.5344258194133,71.87495422363281,0.32,16,32.0,"even-indexed (l1, l3, …); LS on next layer",0.3,0.1,1024
3251,Ant-v5,far,0,1522.8485107421875,433.2051660146062,52.7298469543457,0.32,16,32.0,"even-indexed (l1, l3, …); LS on next layer",0.3,0.1,1024
3252,Ant-v5,far,0,1006.6694946289062,514.6365197572015,60.00742721557617,0.32,16,32.0,"even-indexed (l1, l3, …); LS on next layer",0.3,0.1,1024
3253,Ant-v5,far,0,3393.981689453125,813.0085852106929,79.15110778808594,0.32,16,32.0,"even-indexed (l1, l3, …); LS on next layer",0.3,0.1,1024
3254,Ant-v5,far,0,1365.55810546875,415.8942715470847,53.818214416503906,0.32,16,32.0,"even-indexed (l1, l3, …); LS on next layer",0.3,0.1,1024
3255,Ant-v5,far,0,757.0511474609375,1086.8956539210221,67.32184600830078,0.32,16,32.0,"even-indexed (l1, l3, …); LS on next layer",0.3,0.1,1024
3256,Ant-v5,far,0,1352.4658203125,470.4335315292883,105.71296691894531,0.32,16,32.0,"even-indexed (l1, l3, …); LS on next layer",0.3,0.1,1024
3257,Ant-v5,far,0,1297.8448486328125,866.5568897788379,65.67574310302734,0.32,16,32.0,"even-indexed (l1, l3, …); LS on next layer",0.3,0.1,1024
3258,Ant-v5,far,0,1723.1005859375,447.713703717565,52.04767990112305,0.32,16,32.0,"even-indexed (l1, l3, …); LS on next layer",0.3,0.1,1024
3259,Ant-v5,far,0,1616.9451904296875,407.42109801191464,104.40643310546875,0.32,16,32.0,"even-indexed (l1, l3, …); LS on next layer",0.3,0.1,1024
3260,Ant-v5,far,0,1981.437255859375,1314.8748197467303,77.69268035888672,0.32,16,32.0,"even-indexed (l1, l3, …); LS on next layer",0.3,0.1,1024
3261,Ant-v5,far,0,1566.529052734375,701.8774517388897,58.59192657470703,0.32,16,32.0,"even-indexed (l1, l3, …); LS on next layer",0.3,0.1,1024
3262,Ant-v5,far,0,1141.0870361328125,369.7117233100794,48.99361801147461,0.32,16,32.0,"even-indexed (l1, l3, …); LS on next layer",0.3,0.1,1024
3263,Ant-v5,far,0,1643.9874267578125,895.3978875450149,62.46293640136719,0.32,16,32.0,"even-indexed (l1, l3, …); LS on next layer",0.3,0.1,1024
3264,Ant-v5,far,0,1019.5972900390625,794.5109421786915,79.461181640625,0.32,16,32.0,"even-indexed (l1, l3, …); LS on next layer",0.3,0.1,1024
3265,Ant-v5,far,0,848.8067626953125,620.6266281292089,63.30080795288086,0.32,16,32.0,"even-indexed (l1, l3, …); LS on next layer",0.3,0.1,1024
3266,Ant-v5,far,0,1459.2960205078125,448.36753083316097,105.78236389160156,0.32,16,32.0,"even-indexed (l1, l3, …); LS on next layer",0.3,0.1,1024
3267,Ant-v5,far,0,1308.815673828125,796.5550162094979,65.2566909790039,0.32,16,32.0,"even-indexed (l1, l3, …); LS on next layer",0.3,0.1,1024
3268,Ant-v5,far,0,999.5794067382812,506.6036223970742,47.64173126220703,0.32,16,32.0,"even-indexed (l1, l3, …); LS on next layer",0.3,0.1,1024
3269,Ant-v5,far,0,2976.15771484375,845.1894420050785,72.0531234741211,0.32,16,32.0,"even-indexed (l1, l3, …); LS on next layer",0.3,0.1,1024
3270,Ant-v5,far,0,2050.994140625,574.9261194809966,71.51577758789062,0.32,16,32.0,"even-indexed (l1, l3, …); LS on next layer",0.3,0.1,1024
3271,Ant-v5,far,0,3235.31884765625,1292.5071351076763,85.9135513305664,0.32,16,32.0,"even-indexed (l1, l3, …); LS on next layer",0.3,0.1,1024
3272,Ant-v5,far,0,3646.974365234375,988.5663273553581,77.32125854492188,0.32,16,32.0,"even-indexed (l1, l3, …); LS on next layer",0.3,0.1,1024
3273,Ant-v5,far,0,1426.4241943359375,553.6229461848872,192.41546630859375,0.32,16,32.0,"even-indexed (l1, l3, …); LS on next layer",0.3,0.1,1024
3274,Ant-v5,far,0,970.9302978515625,272.7646136592773,43.43247985839844,0.32,16,32.0,"even-indexed (l1, l3, …); LS on next layer",0.3,0.1,1024
3275,Ant-v5,far,0,917.6287231445312,377.4687816289179,62.96451187133789,0.32,16,32.0,"even-indexed (l1, l3, …); LS on next layer",0.3,0.1,1024
3276,Ant-v5,far,0,832.5783081054688,286.0655294232614,74.07503509521484,0.32,16,32.0,"even-indexed (l1, l3, …); LS on next layer",0.3,0.1,1024
3277,Ant-v5,far,0,1596.5411376953125,821.6538650723788,100.13174438476562,0.32,16,32.0,"even-indexed (l1, l3, …); LS on next layer",0.3,0.1,1024
3278,Ant-v5,far,0,1239.3419189453125,396.92562978221144,52.894901275634766,0.32,16,32.0,"even-indexed (l1, l3, …); LS on next layer",0.3,0.1,1024
3279,Ant-v5,far,0,755.3312377929688,457.39882549216736,84.72398376464844,0.32,16,32.0,"even-indexed (l1, l3, …); LS on next layer",0.3,0.1,1024
3280,Ant-v5,far,0,539.99755859375,159.67905143949778,43.60432815551758,0.32,16,32.0,"even-indexed (l1, l3, …); LS on next layer",0.3,0.1,1024
3281,Ant-v5,far,0,1316.116943359375,498.3604844894629,59.49258041381836,0.32,16,32.0,"even-indexed (l1, l3, …); LS on next layer",0.3,0.1,1024
3282,Ant-v5,far,0,1620.137939453125,836.7954281188785,73.01033020019531,0.32,16,32.0,"even-indexed (l1, l3, …); LS on next layer",0.3,0.1,1024
3283,Ant-v5,far,0,1982.6397705078125,410.64199685262747,58.92763900756836,0.32,16,32.0,"even-indexed (l1, l3, …); LS on next layer",0.3,0.1,1024
3284,Ant-v5,far,0,2988.15966796875,830.6117721871111,82.29215240478516,0.32,16,32.0,"even-indexed (l1, l3, …); LS on next layer",0.3,0.1,1024
3285,Ant-v5,far,0,2544.931640625,887.2607974156427,173.65267944335938,0.32,16,32.0,"even-indexed (l1, l3, …); LS on next layer",0.3,0.1,1024
3286,Ant-v5,far,0,1672.8592529296875,543.7894009445223,82.68158721923828,0.32,16,32.0,"even-indexed (l1, l3, …); LS on next layer",0.3,0.1,1024
3287,Ant-v5,far,0,987.7467651367188,401.93067511844345,58.969383239746094,0.32,16,32.0,"even-indexed (l1, l3, …); LS on next layer",0.3,0.1,1024
3288,Ant-v5,far,0,1249.919189453125,569.7669152737747,61.00019073486328,0.32,16,32.0,"even-indexed (l1, l3, …); LS on next layer",0.3,0.1,1024
3289,Ant-v5,far,0,2805.583740234375,956.1657586949335,69.44380187988281,0.32,16,32.0,"even-indexed (l1, l3, …); LS on next layer",0.3,0.1,1024
3290,Ant-v5,far,0,1626.830078125,448.2339431040458,65.13307189941406,0.32,16,32.0,"even-indexed (l1, l3, …); LS on next layer",0.3,0.1,1024
3291,Ant-v5,far,0,1773.931884765625,915.0809343523541,76.72208404541016,0.32,16,32.0,"even-indexed (l1, l3, …); LS on next layer",0.3,0.1,1024
3292,Ant-v5,far,0,1483.21142578125,464.2624195431631,88.75399017333984,0.32,16,32.0,"even-indexed (l1, l3, …); LS on next layer",0.3,0.1,1024
3293,Ant-v5,far,0,2019.835205078125,534.0331448588923,56.692535400390625,0.32,16,32.0,"even-indexed (l1, l3, …); LS on next layer",0.3,0.1,1024
3294,Ant-v5,far,0,1814.091552734375,452.106499985451,52.84083557128906,0.32,16,32.0,"even-indexed (l1, l3, …); LS on next layer",0.3,0.1,1024
3295,Ant-v5,far,0,498.3258972167969,433.4184031861844,58.863101959228516,0.32,16,32.0,"even-indexed (l1, l3, …); LS on next layer",0.3,0.1,1024
3296,Ant-v5,far,0,2232.702392578125,782.4727374060042,81.31503295898438,0.32,16,32.0,"even-indexed (l1, l3, …); LS on next layer",0.3,0.1,1024
3297,Ant-v5,far,0,833.804443359375,329.6860325649001,74.53150177001953,0.32,16,32.0,"even-indexed (l1, l3, …); LS on next layer",0.3,0.1,1024
3298,Ant-v5,far,0,1110.9381103515625,349.90632686598326,71.99312591552734,0.32,16,32.0,"even-indexed (l1, l3, …); LS on next layer",0.3,0.1,1024
3299,Ant-v5,far,0,2733.552001953125,613.7355047256066,85.00114440917969,0.32,16,32.0,"even-indexed (l1, l3, …); LS on next layer",0.3,0.1,1024
3300,Ant-v5,far,0,1657.3939208984375,278.1625985629079,46.569488525390625,0.32,16,32.0,"even-indexed (l1, l3, …); LS on next layer",0.3,0.1,1024
3301,Ant-v5,far,0,2447.268310546875,942.8403579937573,109.35617065429688,0.32,16,32.0,"even-indexed (l1, l3, …); LS on next layer",0.3,0.1,1024
3302,Ant-v5,far,0,2109.09033203125,724.5006701045464,82.39944458007812,0.32,16,32.0,"even-indexed (l1, l3, …); LS on next layer",0.3,0.1,1024
3303,Ant-v5,far,0,742.803955078125,216.95560805670596,46.80944061279297,0.32,16,32.0,"even-indexed (l1, l3, …); LS on next layer",0.3,0.1,1024
3304,Ant-v5,far,0,837.9666748046875,364.80793051198907,53.48308563232422,0.32,16,32.0,"even-indexed (l1, l3, …); LS on next layer",0.3,0.1,1024
3305,Ant-v5,far,0,722.5435791015625,511.1610481295503,62.91046905517578,0.32,16,32.0,"even-indexed (l1, l3, …); LS on next layer",0.3,0.1,1024
3306,Ant-v5,far,0,1449.6824951171875,848.0402011416991,83.58645629882812,0.32,16,32.0,"even-indexed (l1, l3, …); LS on next layer",0.3,0.1,1024
3307,Ant-v5,far,0,1347.947265625,364.7355739146849,47.439720153808594,0.32,16,32.0,"even-indexed (l1, l3, …); LS on next layer",0.3,0.1,1024
3308,Ant-v5,far,0,1471.2064208984375,820.8068586613531,80.84872436523438,0.32,16,32.0,"even-indexed (l1, l3, …); LS on next layer",0.3,0.1,1024
3309,Ant-v5,far,0,929.7047119140625,279.5534581589096,52.15297317504883,0.32,16,32.0,"even-indexed (l1, l3, …); LS on next layer",0.3,0.1,1024
3310,Ant-v5,far,0,1681.0975341796875,510.90961052435705,56.87192916870117,0.32,16,32.0,"even-indexed (l1, l3, …); LS on next layer",0.3,0.1,1024
3311,Ant-v5,far,0,1291.5426025390625,466.5178055374039,60.40217208862305,0.32,16,32.0,"even-indexed (l1, l3, …); LS on next layer",0.3,0.1,1024
3312,Ant-v5,far,0,2403.6962890625,1589.0875061067645,92.86359405517578,0.32,16,32.0,"even-indexed (l1, l3, …); LS on next layer",0.3,0.1,1024
3313,Ant-v5,far,0,1231.64892578125,262.015943568582,57.124267578125,0.32,16,32.0,"even-indexed (l1, l3, …); LS on next layer",0.3,0.1,1024
3314,Ant-v5,far,0,707.6742553710938,420.8457065024753,45.202369689941406,0.32,16,32.0,"even-indexed (l1, l3, …); LS on next layer",0.3,0.1,1024
3315,Ant-v5,far,0,1099.5224609375,257.72125569953835,39.011165618896484,0.32,16,32.0,"even-indexed (l1, l3, …); LS on next layer",0.3,0.1,1024
3316,Ant-v5,far,0,1916.3917236328125,598.0966661720304,64.81078338623047,0.32,16,32.0,"even-indexed (l1, l3, …); LS on next layer",0.3,0.1,1024
3317,Ant-v5,far,0,2432.03466796875,1041.3863262036948,98.57469177246094,0.32,16,32.0,"even-indexed (l1, l3, …); LS on next layer",0.3,0.1,1024
3318,Ant-v5,far,0,756.0636596679688,341.82850498229277,54.36991500854492,0.32,16,32.0,"even-indexed (l1, l3, …); LS on next layer",0.3,0.1,1024
3319,Ant-v5,far,0,1532.5277099609375,328.9577797652681,47.263248443603516,0.32,16,32.0,"even-indexed (l1, l3, …); LS on next layer",0.3,0.1,1024
3320,Ant-v5,far,0,1534.69140625,502.68089527972836,52.71729278564453,0.32,16,32.0,"even-indexed (l1, l3, …); LS on next layer",0.3,0.1,1024
3321,Ant-v5,far,0,1919.41015625,532.297216274428,101.77336883544922,0.32,16,32.0,"even-indexed (l1, l3, …); LS on next layer",0.3,0.1,1024
3322,Ant-v5,far,0,1594.884765625,620.8896541569834,66.80044555664062,0.32,16,32.0,"even-indexed (l1, l3, …); LS on next layer",0.3,0.1,1024
3323,Ant-v5,far,0,3189.435302734375,951.1416164663095,82.85383605957031,0.32,16,32.0,"even-indexed (l1, l3, …); LS on next layer",0.3,0.1,1024
3324,Ant-v5,far,0,1880.42822265625,475.9212820825869,140.12905883789062,0.32,16,32.0,"even-indexed (l1, l3, …); LS on next layer",0.3,0.1,1024
3325,Ant-v5,far,0,1315.705810546875,1048.3587241022242,70.70401000976562,0.32,16,32.0,"even-indexed (l1, l3, …); LS on next layer",0.3,0.1,1024
3326,Ant-v5,far,0,2214.8583984375,666.9807883546163,80.9603042602539,0.32,16,32.0,"even-indexed (l1, l3, …); LS on next layer",0.3,0.1,1024
3327,Ant-v5,far,0,1238.1995849609375,718.8432558913456,70.66910552978516,0.32,16,32.0,"even-indexed (l1, l3, …); LS on next layer",0.3,0.1,1024
3328,Ant-v5,far,0,1641.861083984375,989.2556242347274,85.50452423095703,0.32,16,32.0,"even-indexed (l1, l3, …); LS on next layer",0.3,0.1,1024
3329,Ant-v5,far,0,1361.5418701171875,539.1962134526506,52.32876205444336,0.32,16,32.0,"even-indexed (l1, l3, …); LS on next layer",0.3,0.1,1024
3330,Ant-v5,far,0,4960.81103515625,1816.3480621607637,84.60150146484375,0.32,16,32.0,"even-indexed (l1, l3, …); LS on next layer",0.3,0.1,1024
3331,Ant-v5,far,0,596.0543823242188,273.6286273786263,52.190521240234375,0.32,16,32.0,"even-indexed (l1, l3, …); LS on next layer",0.3,0.1,1024
3332,Ant-v5,far,0,901.0257568359375,379.487135811961,43.2135124206543,0.32,16,32.0,"even-indexed (l1, l3, …); LS on next layer",0.3,0.1,1024
3333,Ant-v5,far,0,1169.426513671875,254.35782194444047,41.5773811340332,0.32,16,32.0,"even-indexed (l1, l3, …); LS on next layer",0.3,0.1,1024
3334,Ant-v5,far,0,6997.28466796875,1732.7640787205141,87.44857025146484,0.32,16,32.0,"even-indexed (l1, l3, …); LS on next layer",0.3,0.1,1024
3335,Ant-v5,far,0,1016.8984985351562,177.66774458828056,39.37824249267578,0.32,16,32.0,"even-indexed (l1, l3, …); LS on next layer",0.3,0.1,1024
3336,Ant-v5,far,0,1963.210693359375,603.0170149883676,117.9070816040039,0.32,16,32.0,"even-indexed (l1, l3, …); LS on next layer",0.3,0.1,1024
3337,Ant-v5,far,0,917.0245971679688,319.08102712570553,98.53019714355469,0.32,16,32.0,"even-indexed (l1, l3, …); LS on next layer",0.3,0.1,1024
3338,Ant-v5,far,0,1965.8585205078125,876.591911784103,80.85214233398438,0.32,16,32.0,"even-indexed (l1, l3, …); LS on next layer",0.3,0.1,1024
3339,Ant-v5,far,0,3352.527587890625,856.975072050582,73.68231201171875,0.32,16,32.0,"even-indexed (l1, l3, …); LS on next layer",0.3,0.1,1024
3340,Ant-v5,far,0,2028.031982421875,695.0060086464899,75.03414154052734,0.32,16,32.0,"even-indexed (l1, l3, …); LS on next layer",0.3,0.1,1024
3341,Ant-v5,far,0,2742.710205078125,671.170941835896,71.80943298339844,0.32,16,32.0,"even-indexed (l1, l3, …); LS on next layer",0.3,0.1,1024
3342,Ant-v5,far,0,4160.50390625,620.7585120221031,58.10210037231445,0.32,16,32.0,"even-indexed (l1, l3, …); LS on next layer",0.3,0.1,1024
3343,Ant-v5,far,0,5407.87939453125,1215.2519439417615,81.60722351074219,0.32,16,32.0,"even-indexed (l1, l3, …); LS on next layer",0.3,0.1,1024
3344,Ant-v5,far,0,971.6478271484375,242.7287658974864,39.199462890625,0.32,16,32.0,"even-indexed (l1, l3, …); LS on next layer",0.3,0.1,1024
3345,Ant-v5,far,0,1509.9210205078125,502.35361665314144,57.58769226074219,0.32,16,32.0,"even-indexed (l1, l3, …); LS on next layer",0.3,0.1,1024
3346,Ant-v5,far,0,785.3983154296875,166.7581900555401,45.611549377441406,0.32,16,32.0,"even-indexed (l1, l3, …); LS on next layer",0.3,0.1,1024
3347,Ant-v5,far,0,2839.447265625,563.6307476054858,66.59862518310547,0.32,16,32.0,"even-indexed (l1, l3, …); LS on next layer",0.3,0.1,1024
3348,Ant-v5,far,0,5012.4326171875,1642.442585432993,80.99056243896484,0.32,16,32.0,"even-indexed (l1, l3, …); LS on next layer",0.3,0.1,1024
3349,Ant-v5,far,0,431.7259216308594,299.9131120283207,43.56876754760742,0.32,16,32.0,"even-indexed (l1, l3, …); LS on next layer",0.3,0.1,1024
3350,Ant-v5,far,0,5064.62353515625,1376.8864624623116,77.57203674316406,0.32,16,32.0,"even-indexed (l1, l3, …); LS on next layer",0.3,0.1,1024
3351,Ant-v5,far,0,2038.4002685546875,352.4477650518463,44.179664611816406,0.32,16,32.0,"even-indexed (l1, l3, …); LS on next layer",0.3,0.1,1024
3352,Ant-v5,far,0,1457.657470703125,397.72287517647123,63.91578674316406,0.32,16,32.0,"even-indexed (l1, l3, …); LS on next layer",0.3,0.1,1024
3353,Ant-v5,far,0,908.3613891601562,235.92798743477712,37.44071960449219,0.32,16,32.0,"even-indexed (l1, l3, …); LS on next layer",0.3,0.1,1024
3354,Ant-v5,far,0,1518.53515625,415.08205268397296,125.75060272216797,0.32,16,32.0,"even-indexed (l1, l3, …); LS on next layer",0.3,0.1,1024
3355,Ant-v5,far,0,1016.0794067382812,408.98725158601303,61.58774185180664,0.32,16,32.0,"even-indexed (l1, l3, …); LS on next layer",0.3,0.1,1024
3356,Ant-v5,far,0,2221.998046875,1047.1175424509368,94.13462829589844,0.32,16,32.0,"even-indexed (l1, l3, …); LS on next layer",0.3,0.1,1024
3357,Ant-v5,far,0,4154.79541015625,1035.2193220944532,63.19727325439453,0.32,16,32.0,"even-indexed (l1, l3, …); LS on next layer",0.3,0.1,1024
3358,Ant-v5,far,0,823.0498046875,447.30980569059193,41.62449645996094,0.32,16,32.0,"even-indexed (l1, l3, …); LS on next layer",0.3,0.1,1024
3359,Ant-v5,far,0,944.4776000976562,555.7053702629262,92.39280700683594,0.32,16,32.0,"even-indexed (l1, l3, …); LS on next layer",0.3,0.1,1024
3360,Ant-v5,far,0,2081.348876953125,490.25838665003835,47.33522033691406,0.32,16,32.0,"even-indexed (l1, l3, …); LS on next layer",0.3,0.1,1024
3361,Ant-v5,far,0,1773.336181640625,247.25832791834293,37.472816467285156,0.32,16,32.0,"even-indexed (l1, l3, …); LS on next layer",0.3,0.1,1024
3362,Ant-v5,far,0,1015.2269897460938,539.3226137540444,107.23772430419922,0.32,16,32.0,"even-indexed (l1, l3, …); LS on next layer",0.3,0.1,1024
3363,Ant-v5,far,0,3208.779541015625,894.082879061649,96.39627838134766,0.32,16,32.0,"even-indexed (l1, l3, …); LS on next layer",0.3,0.1,1024
3364,Ant-v5,far,0,548.6414184570312,557.4489957209191,101.8536376953125,0.32,16,32.0,"even-indexed (l1, l3, …); LS on next layer",0.3,0.1,1024
3365,Ant-v5,far,0,1605.5673828125,327.4914986709314,44.10227584838867,0.32,16,32.0,"even-indexed (l1, l3, …); LS on next layer",0.3,0.1,1024
3366,Ant-v5,far,0,787.5068969726562,762.1762669354107,61.759071350097656,0.32,16,32.0,"even-indexed (l1, l3, …); LS on next layer",0.3,0.1,1024
3367,Ant-v5,far,0,3097.48974609375,1555.2438761825101,95.81214141845703,0.32,16,32.0,"even-indexed (l1, l3, …); LS on next layer",0.3,0.1,1024
3368,Ant-v5,far,0,1865.129638671875,584.5799049281018,58.80370330810547,0.32,16,32.0,"even-indexed (l1, l3, …); LS on next layer",0.3,0.1,1024
3369,Ant-v5,far,0,2149.36083984375,631.8643466274565,80.90168762207031,0.32,16,32.0,"even-indexed (l1, l3, …); LS on next layer",0.3,0.1,1024
3370,Ant-v5,far,0,1029.2327880859375,709.4284824607802,72.99938201904297,0.32,16,32.0,"even-indexed (l1, l3, …); LS on next layer",0.3,0.1,1024
3371,Ant-v5,far,0,1084.4837646484375,428.89158261000114,48.82935333251953,0.32,16,32.0,"even-indexed (l1, l3, …); LS on next layer",0.3,0.1,1024
3372,Ant-v5,far,0,1943.1888427734375,1281.338786957609,71.44206237792969,0.32,16,32.0,"even-indexed (l1, l3, …); LS on next layer",0.3,0.1,1024
3373,Ant-v5,far,0,2132.1337890625,745.3881997595062,63.77299880981445,0.32,16,32.0,"even-indexed (l1, l3, …); LS on next layer",0.3,0.1,1024
3374,Ant-v5,far,0,1374.9534912109375,314.1299744959074,39.370418548583984,0.32,16,32.0,"even-indexed (l1, l3, …); LS on next layer",0.3,0.1,1024
3375,Ant-v5,far,0,949.5745239257812,304.8724626040729,45.76921463012695,0.32,16,32.0,"even-indexed (l1, l3, …); LS on next layer",0.3,0.1,1024
3376,Ant-v5,far,0,966.1865844726562,428.94590831001676,52.281707763671875,0.32,16,32.0,"even-indexed (l1, l3, …); LS on next layer",0.3,0.1,1024
3377,Ant-v5,far,0,1600.3651123046875,334.9990027797746,51.42455291748047,0.32,16,32.0,"even-indexed (l1, l3, …); LS on next layer",0.3,0.1,1024
3378,Ant-v5,far,0,1513.5592041015625,436.9391336131473,54.90300369262695,0.32,16,32.0,"even-indexed (l1, l3, …); LS on next layer",0.3,0.1,1024
3379,Ant-v5,far,0,1217.7462158203125,335.70241835692354,46.33376693725586,0.32,16,32.0,"even-indexed (l1, l3, …); LS on next layer",0.3,0.1,1024
3380,Ant-v5,far,0,1588.9351806640625,347.4179143538961,52.20709228515625,0.32,16,32.0,"even-indexed (l1, l3, …); LS on next layer",0.3,0.1,1024
3381,Ant-v5,far,0,1089.995849609375,267.85795053296505,41.649139404296875,0.32,16,32.0,"even-indexed (l1, l3, …); LS on next layer",0.3,0.1,1024
3382,Ant-v5,far,0,2344.65966796875,742.6778412343923,65.27906799316406,0.32,16,32.0,"even-indexed (l1, l3, …); LS on next layer",0.3,0.1,1024
3383,Ant-v5,far,0,673.69921875,326.5054076146473,41.543155670166016,0.32,16,32.0,"even-indexed (l1, l3, …); LS on next layer",0.3,0.1,1024
3384,Ant-v5,far,0,1696.0218505859375,505.2277805149498,61.99089813232422,0.32,16,32.0,"even-indexed (l1, l3, …); LS on next layer",0.3,0.1,1024
3385,Ant-v5,far,0,3264.114990234375,1025.0269318831288,112.0888671875,0.32,16,32.0,"even-indexed (l1, l3, …); LS on next layer",0.3,0.1,1024
3386,Ant-v5,far,0,1291.0037841796875,608.4578246467946,64.40568542480469,0.32,16,32.0,"even-indexed (l1, l3, …); LS on next layer",0.3,0.1,1024
3387,Ant-v5,far,0,1608.5797119140625,426.791071144335,95.9022445678711,0.32,16,32.0,"even-indexed (l1, l3, …); LS on next layer",0.3,0.1,1024
3388,Ant-v5,far,0,2741.742919921875,748.1059120828255,65.97212219238281,0.32,16,32.0,"even-indexed (l1, l3, …); LS on next layer",0.3,0.1,1024
3389,Ant-v5,far,0,1478.50537109375,333.59811825241843,49.213470458984375,0.32,16,32.0,"even-indexed (l1, l3, …); LS on next layer",0.3,0.1,1024
3390,Ant-v5,far,0,2414.85400390625,700.0939291944903,59.790653228759766,0.32,16,32.0,"even-indexed (l1, l3, …); LS on next layer",0.3,0.1,1024
3391,Ant-v5,far,0,2354.71435546875,485.2485291972163,60.22359848022461,0.32,16,32.0,"even-indexed (l1, l3, …); LS on next layer",0.3,0.1,1024
3392,Ant-v5,far,0,2599.85107421875,897.0181791953033,66.6471939086914,0.32,16,32.0,"even-indexed (l1, l3, …); LS on next layer",0.3,0.1,1024
3393,Ant-v5,far,0,1058.0791015625,470.32434955132226,133.2292938232422,0.32,16,32.0,"even-indexed (l1, l3, …); LS on next layer",0.3,0.1,1024
3394,Ant-v5,far,0,1567.6915283203125,898.9200255097423,63.580135345458984,0.32,16,32.0,"even-indexed (l1, l3, …); LS on next layer",0.3,0.1,1024
3395,Ant-v5,far,0,5566.8720703125,1253.3629800620529,91.29939270019531,0.32,16,32.0,"even-indexed (l1, l3, …); LS on next layer",0.3,0.1,1024
3396,Ant-v5,far,0,2754.89990234375,1071.840934613577,72.3072738647461,0.32,16,32.0,"even-indexed (l1, l3, …); LS on next layer",0.3,0.1,1024
3397,Ant-v5,far,0,1301.7427978515625,355.5982616052338,52.978485107421875,0.32,16,32.0,"even-indexed (l1, l3, …); LS on next layer",0.3,0.1,1024
3398,Ant-v5,far,0,4804.15380859375,678.8166308213436,58.196102142333984,0.32,16,32.0,"even-indexed (l1, l3, …); LS on next layer",0.3,0.1,1024
3399,Ant-v5,far,0,1103.35595703125,524.2411025051308,52.397544860839844,0.32,16,32.0,"even-indexed (l1, l3, …); LS on next layer",0.3,0.1,1024
3400,Ant-v5,far,0,3807.837646484375,904.342248961324,75.75482177734375,0.32,16,32.0,"even-indexed (l1, l3, …); LS on next layer",0.3,0.1,1024
3401,Ant-v5,far,0,1149.1890869140625,277.47527671552086,50.755516052246094,0.32,16,32.0,"even-indexed (l1, l3, …); LS on next layer",0.3,0.1,1024
3402,Ant-v5,far,0,3806.3447265625,1322.5741214697491,76.15579223632812,0.32,16,32.0,"even-indexed (l1, l3, …); LS on next layer",0.3,0.1,1024
3403,Ant-v5,far,0,1248.1654052734375,348.3675062265911,48.44525909423828,0.32,16,32.0,"even-indexed (l1, l3, …); LS on next layer",0.3,0.1,1024
3404,Ant-v5,far,0,889.9963989257812,181.4063030459504,43.91987991333008,0.32,16,32.0,"even-indexed (l1, l3, …); LS on next layer",0.3,0.1,1024
3405,Ant-v5,far,0,1066.3140869140625,238.57908980770358,49.94448471069336,0.32,16,32.0,"even-indexed (l1, l3, …); LS on next layer",0.3,0.1,1024
3406,Ant-v5,far,0,1355.1065673828125,770.4029278188023,124.34111022949219,0.32,16,32.0,"even-indexed (l1, l3, …); LS on next layer",0.3,0.1,1024
3407,Ant-v5,far,0,3222.295654296875,847.7552262241021,70.8558120727539,0.32,16,32.0,"even-indexed (l1, l3, …); LS on next layer",0.3,0.1,1024
3408,Ant-v5,far,0,2421.059814453125,283.4648168136216,51.245391845703125,0.32,16,32.0,"even-indexed (l1, l3, …); LS on next layer",0.3,0.1,1024
3409,Ant-v5,far,0,1959.4307861328125,437.0969141052823,52.849952697753906,0.32,16,32.0,"even-indexed (l1, l3, …); LS on next layer",0.3,0.1,1024
3410,Ant-v5,far,0,1219.6593017578125,427.7008931271964,50.922367095947266,0.32,16,32.0,"even-indexed (l1, l3, …); LS on next layer",0.3,0.1,1024
3411,Ant-v5,far,0,1273.6373291015625,336.07528642509,52.44983673095703,0.32,16,32.0,"even-indexed (l1, l3, …); LS on next layer",0.3,0.1,1024
3412,Ant-v5,far,0,3012.17724609375,643.3697195215233,68.29851531982422,0.32,16,32.0,"even-indexed (l1, l3, …); LS on next layer",0.3,0.1,1024
3413,Ant-v5,far,0,4870.572265625,1286.0082940633342,105.9944076538086,0.32,16,32.0,"even-indexed (l1, l3, …); LS on next layer",0.3,0.1,1024
3414,Ant-v5,far,0,2161.9384765625,650.3541735902324,73.78193664550781,0.32,16,32.0,"even-indexed (l1, l3, …); LS on next layer",0.3,0.1,1024
3415,Ant-v5,far,0,2834.336669921875,1423.1212346641923,96.21131134033203,0.32,16,32.0,"even-indexed (l1, l3, …); LS on next layer",0.3,0.1,1024
3416,Ant-v5,far,0,2353.203369140625,748.449398099069,59.29257583618164,0.32,16,32.0,"even-indexed (l1, l3, …); LS on next layer",0.3,0.1,1024
3417,Ant-v5,far,0,835.2188110351562,421.4502729523474,49.36110305786133,0.32,16,32.0,"even-indexed (l1, l3, …); LS on next layer",0.3,0.1,1024
3418,Ant-v5,far,0,2468.126953125,712.1254651738664,87.66903686523438,0.32,16,32.0,"even-indexed (l1, l3, …); LS on next layer",0.3,0.1,1024
3419,Ant-v5,far,0,905.8807983398438,398.47458440864193,48.86931610107422,0.32,16,32.0,"even-indexed (l1, l3, …); LS on next layer",0.3,0.1,1024
3420,Ant-v5,far,0,2880.95361328125,1071.0022948245823,81.49433135986328,0.32,16,32.0,"even-indexed (l1, l3, …); LS on next layer",0.3,0.1,1024
3421,Ant-v5,far,0,3742.3251953125,491.55885995678693,73.9059066772461,0.32,16,32.0,"even-indexed (l1, l3, …); LS on next layer",0.3,0.1,1024
3422,Ant-v5,far,0,893.6871337890625,382.2103502657443,65.10155487060547,0.32,16,32.0,"even-indexed (l1, l3, …); LS on next layer",0.3,0.1,1024
3423,Ant-v5,far,0,1390.198486328125,313.3947386589149,54.327430725097656,0.32,16,32.0,"even-indexed (l1, l3, …); LS on next layer",0.3,0.1,1024
3424,Ant-v5,far,0,2586.2431640625,491.8001548394218,60.699039459228516,0.32,16,32.0,"even-indexed (l1, l3, …); LS on next layer",0.3,0.1,1024
3425,Ant-v5,far,0,2984.119384765625,1286.1462355568137,83.82955169677734,0.32,16,32.0,"even-indexed (l1, l3, …); LS on next layer",0.3,0.1,1024
3426,Ant-v5,far,0,3024.083251953125,1055.8946725176947,68.33255767822266,0.32,16,32.0,"even-indexed (l1, l3, …); LS on next layer",0.3,0.1,1024
3427,Ant-v5,far,0,2492.146728515625,1438.0226341876476,123.06869506835938,0.32,16,32.0,"even-indexed (l1, l3, …); LS on next layer",0.3,0.1,1024
3428,Ant-v5,far,0,3028.3291015625,447.54576619694524,57.74243927001953,0.32,16,32.0,"even-indexed (l1, l3, …); LS on next layer",0.3,0.1,1024
3429,Ant-v5,far,0,1886.30712890625,442.7095872921485,64.08039093017578,0.32,16,32.0,"even-indexed (l1, l3, …); LS on next layer",0.3,0.1,1024
3430,Ant-v5,far,0,2492.53173828125,592.1469133173013,69.71760559082031,0.32,16,32.0,"even-indexed (l1, l3, …); LS on next layer",0.3,0.1,1024
3431,Ant-v5,far,0,2210.724609375,1030.2042248470048,79.1085205078125,0.32,16,32.0,"even-indexed (l1, l3, …); LS on next layer",0.3,0.1,1024
3432,Ant-v5,far,0,1427.238525390625,455.86221540052395,55.27165603637695,0.32,16,32.0,"even-indexed (l1, l3, …); LS on next layer",0.3,0.1,1024
3433,Ant-v5,far,0,4581.779296875,594.5718858573774,64.18882751464844,0.32,16,32.0,"even-indexed (l1, l3, …); LS on next layer",0.3,0.1,1024
3434,Ant-v5,far,0,1315.647216796875,418.27547966619363,61.20931625366211,0.32,16,32.0,"even-indexed (l1, l3, …); LS on next layer",0.3,0.1,1024
3435,Ant-v5,far,0,4087.983154296875,785.0202903387798,71.20819091796875,0.32,16,32.0,"even-indexed (l1, l3, …); LS on next layer",0.3,0.1,1024
3436,Ant-v5,far,0,1731.6375732421875,723.025872339781,76.06157684326172,0.32,16,32.0,"even-indexed (l1, l3, …); LS on next layer",0.3,0.1,1024
3437,Ant-v5,far,0,1259.9554443359375,389.63043086836456,50.58208465576172,0.32,16,32.0,"even-indexed (l1, l3, …); LS on next layer",0.3,0.1,1024
3438,Ant-v5,far,0,1489.7122802734375,407.1495647879228,58.257972717285156,0.32,16,32.0,"even-indexed (l1, l3, …); LS on next layer",0.3,0.1,1024
3439,Ant-v5,far,0,3319.8603515625,1140.4811351609674,80.99069213867188,0.32,16,32.0,"even-indexed (l1, l3, …); LS on next layer",0.3,0.1,1024
3440,Ant-v5,far,0,725.6270141601562,488.887446123867,52.51068878173828,0.32,16,32.0,"even-indexed (l1, l3, …); LS on next layer",0.3,0.1,1024
3441,Ant-v5,far,0,1564.362548828125,402.57578201131423,54.12599563598633,0.32,16,32.0,"even-indexed (l1, l3, …); LS on next layer",0.3,0.1,1024
3442,Ant-v5,far,0,1244.193603515625,408.5689492108296,91.70357513427734,0.32,16,32.0,"even-indexed (l1, l3, …); LS on next layer",0.3,0.1,1024
3443,Ant-v5,far,0,1260.991455078125,482.39173266022624,52.637603759765625,0.32,16,32.0,"even-indexed (l1, l3, …); LS on next layer",0.3,0.1,1024
3444,Ant-v5,far,0,2501.37109375,503.7387411542928,60.14396286010742,0.32,16,32.0,"even-indexed (l1, l3, …); LS on next layer",0.3,0.1,1024
3445,Ant-v5,far,0,1508.7481689453125,429.87788084447925,48.54916000366211,0.32,16,32.0,"even-indexed (l1, l3, …); LS on next layer",0.3,0.1,1024
3446,Ant-v5,far,0,1703.83935546875,354.7911536595692,51.92094039916992,0.32,16,32.0,"even-indexed (l1, l3, …); LS on next layer",0.3,0.1,1024
3447,Ant-v5,far,0,1827.792236328125,499.2682843127792,51.57700729370117,0.32,16,32.0,"even-indexed (l1, l3, …); LS on next layer",0.3,0.1,1024
3448,Ant-v5,far,0,3931.103759765625,1217.4888402631964,90.05216979980469,0.32,16,32.0,"even-indexed (l1, l3, …); LS on next layer",0.3,0.1,1024
3449,Ant-v5,far,0,5783.4052734375,904.6905152982897,98.7127914428711,0.32,16,32.0,"even-indexed (l1, l3, …); LS on next layer",0.3,0.1,1024
3450,Ant-v5,far,0,2258.724853515625,641.2853585317536,116.2692642211914,0.32,16,32.0,"even-indexed (l1, l3, …); LS on next layer",0.3,0.1,1024
3451,Ant-v5,far,0,1288.04248046875,443.1529834428261,130.76768493652344,0.32,16,32.0,"even-indexed (l1, l3, …); LS on next layer",0.3,0.1,1024
3452,Ant-v5,far,0,1962.1522216796875,714.1587135051652,69.49742889404297,0.32,16,32.0,"even-indexed (l1, l3, …); LS on next layer",0.3,0.1,1024
3453,Ant-v5,far,0,1932.3138427734375,330.5563971297755,130.55458068847656,0.32,16,32.0,"even-indexed (l1, l3, …); LS on next layer",0.3,0.1,1024
3454,Ant-v5,far,0,1855.4178466796875,330.56446402341396,115.4333267211914,0.32,16,32.0,"even-indexed (l1, l3, …); LS on next layer",0.3,0.1,1024
3455,Ant-v5,far,0,5204.02294921875,1211.988246346949,75.49614715576172,0.32,16,32.0,"even-indexed (l1, l3, …); LS on next layer",0.3,0.1,1024
3456,Ant-v5,far,0,1849.888916015625,565.3752768017645,99.93451690673828,0.32,16,32.0,"even-indexed (l1, l3, …); LS on next layer",0.3,0.1,1024
3457,Ant-v5,far,0,2249.318603515625,966.3398266186083,64.9949722290039,0.32,16,32.0,"even-indexed (l1, l3, …); LS on next layer",0.3,0.1,1024
3458,Ant-v5,far,0,2339.309814453125,1012.0482434082069,75.9243392944336,0.32,16,32.0,"even-indexed (l1, l3, …); LS on next layer",0.3,0.1,1024
3459,Ant-v5,far,0,2557.365478515625,844.0627408293398,61.852046966552734,0.32,16,32.0,"even-indexed (l1, l3, …); LS on next layer",0.3,0.1,1024
3460,Ant-v5,far,0,2484.295166015625,710.7901239613874,62.55859375,0.32,16,32.0,"even-indexed (l1, l3, …); LS on next layer",0.3,0.1,1024
3461,Ant-v5,far,0,1136.3953857421875,649.8934335756979,62.8442497253418,0.32,16,32.0,"even-indexed (l1, l3, …); LS on next layer",0.3,0.1,1024
3462,Ant-v5,far,0,1291.810302734375,413.7188641479821,61.59528732299805,0.32,16,32.0,"even-indexed (l1, l3, …); LS on next layer",0.3,0.1,1024
3463,Ant-v5,far,0,2330.21044921875,706.4574607959208,95.19274139404297,0.32,16,32.0,"even-indexed (l1, l3, …); LS on next layer",0.3,0.1,1024
3464,Ant-v5,far,0,2300.85791015625,688.91764194258,144.80099487304688,0.32,16,32.0,"even-indexed (l1, l3, …); LS on next layer",0.3,0.1,1024
3465,Ant-v5,far,0,2053.18310546875,1413.7522100155902,90.94794464111328,0.32,16,32.0,"even-indexed (l1, l3, …); LS on next layer",0.3,0.1,1024
3466,Ant-v5,far,0,1991.4261474609375,697.0420689252684,75.54694366455078,0.32,16,32.0,"even-indexed (l1, l3, …); LS on next layer",0.3,0.1,1024
3467,Ant-v5,far,0,1732.7265625,744.318382987813,64.34532165527344,0.32,16,32.0,"even-indexed (l1, l3, …); LS on next layer",0.3,0.1,1024
3468,Ant-v5,far,0,1027.0728759765625,414.1586988927146,93.35035705566406,0.32,16,32.0,"even-indexed (l1, l3, …); LS on next layer",0.3,0.1,1024
3469,Ant-v5,far,0,1416.1768798828125,693.7353081250172,61.36970901489258,0.32,16,32.0,"even-indexed (l1, l3, …); LS on next layer",0.3,0.1,1024
3470,Ant-v5,far,0,967.4133911132812,352.93787016743033,41.282508850097656,0.32,16,32.0,"even-indexed (l1, l3, …); LS on next layer",0.3,0.1,1024
3471,Ant-v5,far,0,3185.524658203125,609.6949916900654,58.07808303833008,0.32,16,32.0,"even-indexed (l1, l3, …); LS on next layer",0.3,0.1,1024
3472,Ant-v5,far,0,2075.685791015625,1268.1018757956704,299.6355895996094,0.32,16,32.0,"even-indexed (l1, l3, …); LS on next layer",0.3,0.1,1024
3473,Ant-v5,far,0,2214.64013671875,1919.150018382828,95.51284790039062,0.32,16,32.0,"even-indexed (l1, l3, …); LS on next layer",0.3,0.1,1024
3474,Ant-v5,far,0,3040.403564453125,826.8560125076519,63.377864837646484,0.32,16,32.0,"even-indexed (l1, l3, …); LS on next layer",0.3,0.1,1024
3475,Ant-v5,far,0,241.27122497558594,51.74258282370196,18.297636032104492,0.32,16,32.0,"even-indexed (l1, l3, …); LS on next layer",0.3,0.1,1024
3476,Ant-v5,far,0,587.625244140625,316.5395831096348,42.563297271728516,0.32,16,32.0,"even-indexed (l1, l3, …); LS on next layer",0.3,0.1,1024
3477,Ant-v5,far,0,2292.248779296875,558.9565999051302,50.213645935058594,0.32,16,32.0,"even-indexed (l1, l3, …); LS on next layer",0.3,0.1,1024
3478,Ant-v5,far,0,4549.291015625,1382.5514469136242,85.68119049072266,0.32,16,32.0,"even-indexed (l1, l3, …); LS on next layer",0.3,0.1,1024
3479,Ant-v5,far,0,2238.63818359375,837.5187230729825,94.62178802490234,0.32,16,32.0,"even-indexed (l1, l3, …); LS on next layer",0.3,0.1,1024
3480,Ant-v5,far,0,2155.93408203125,753.921512803775,66.783935546875,0.32,16,32.0,"even-indexed (l1, l3, …); LS on next layer",0.3,0.1,1024
3481,Ant-v5,far,0,1614.8775634765625,332.9388470961295,49.19333267211914,0.32,16,32.0,"even-indexed (l1, l3, …); LS on next layer",0.3,0.1,1024
3482,Ant-v5,far,0,848.8441162109375,615.0832080330449,71.46605682373047,0.32,16,32.0,"even-indexed (l1, l3, …); LS on next layer",0.3,0.1,1024
3483,Ant-v5,far,0,1126.14111328125,399.37553683402245,48.54860305786133,0.32,16,32.0,"even-indexed (l1, l3, …); LS on next layer",0.3,0.1,1024
3484,Ant-v5,far,0,2391.688232421875,433.12570080385365,53.76796340942383,0.32,16,32.0,"even-indexed (l1, l3, …); LS on next layer",0.3,0.1,1024
3485,Ant-v5,far,0,140.18153381347656,37.36399984351034,22.442777633666992,0.32,16,32.0,"even-indexed (l1, l3, …); LS on next layer",0.3,0.1,1024
3486,Ant-v5,far,0,1617.5159912109375,817.0682190054096,82.40740966796875,0.32,16,32.0,"even-indexed (l1, l3, …); LS on next layer",0.3,0.1,1024
3487,Ant-v5,far,0,4020.21484375,1207.6010925168075,69.82103729248047,0.32,16,32.0,"even-indexed (l1, l3, …); LS on next layer",0.3,0.1,1024
3488,Ant-v5,far,0,3302.3505859375,1114.6088257685751,81.45811462402344,0.32,16,32.0,"even-indexed (l1, l3, …); LS on next layer",0.3,0.1,1024
3489,Ant-v5,far,0,1662.4239501953125,501.81129286312864,157.6505889892578,0.32,16,32.0,"even-indexed (l1, l3, …); LS on next layer",0.3,0.1,1024
3490,Ant-v5,far,0,1072.647216796875,589.2784098638655,53.86886215209961,0.32,16,32.0,"even-indexed (l1, l3, …); LS on next layer",0.3,0.1,1024
3491,Ant-v5,far,0,1282.2347412109375,317.0758038158326,64.43167114257812,0.32,16,32.0,"even-indexed (l1, l3, …); LS on next layer",0.3,0.1,1024
3492,Ant-v5,far,0,3355.0830078125,1054.6500643817792,74.72501373291016,0.32,16,32.0,"even-indexed (l1, l3, …); LS on next layer",0.3,0.1,1024
3493,Ant-v5,far,0,1219.226318359375,956.7050687480382,63.85065841674805,0.32,16,32.0,"even-indexed (l1, l3, …); LS on next layer",0.3,0.1,1024
3494,Ant-v5,far,0,2871.721923828125,526.99370228317,61.88249969482422,0.32,16,32.0,"even-indexed (l1, l3, …); LS on next layer",0.3,0.1,1024
3495,Ant-v5,far,0,825.6301879882812,326.58979361317233,51.54433822631836,0.32,16,32.0,"even-indexed (l1, l3, …); LS on next layer",0.3,0.1,1024
3496,Ant-v5,far,0,2099.203369140625,366.18888836259566,61.97454833984375,0.32,16,32.0,"even-indexed (l1, l3, …); LS on next layer",0.3,0.1,1024
3497,Ant-v5,far,0,1595.49609375,392.28009947810335,60.4769172668457,0.32,16,32.0,"even-indexed (l1, l3, …); LS on next layer",0.3,0.1,1024
3498,Ant-v5,far,0,1650.944091796875,507.4072360065991,61.864341735839844,0.32,16,32.0,"even-indexed (l1, l3, …); LS on next layer",0.3,0.1,1024
3499,Ant-v5,far,0,1710.189208984375,510.0808196373248,56.73747634887695,0.32,16,32.0,"even-indexed (l1, l3, …); LS on next layer",0.3,0.1,1024
3500,Ant-v5,far,0,1112.47705078125,446.42730063431577,53.23768997192383,0.32,16,32.0,"even-indexed (l1, l3, …); LS on next layer",0.3,0.1,1024
3501,Ant-v5,far,0,1708.442626953125,1079.736080648835,80.27287292480469,0.32,16,32.0,"even-indexed (l1, l3, …); LS on next layer",0.3,0.1,1024
3502,Ant-v5,far,0,421.4881286621094,438.97260004471593,40.01780700683594,0.32,16,32.0,"even-indexed (l1, l3, …); LS on next layer",0.3,0.1,1024
3503,Ant-v5,far,0,2265.753173828125,1042.9478233759182,89.77226257324219,0.32,16,32.0,"even-indexed (l1, l3, …); LS on next layer",0.3,0.1,1024
3504,Ant-v5,far,0,988.0536499023438,723.5848236273071,63.01225280761719,0.32,16,32.0,"even-indexed (l1, l3, …); LS on next layer",0.3,0.1,1024
3505,Ant-v5,far,0,1046.132568359375,224.85459650546093,42.76089859008789,0.32,16,32.0,"even-indexed (l1, l3, …); LS on next layer",0.3,0.1,1024
3506,Ant-v5,far,0,507.5818786621094,182.57157955092617,42.27019119262695,0.32,16,32.0,"even-indexed (l1, l3, …); LS on next layer",0.3,0.1,1024
3507,Ant-v5,far,0,1390.3564453125,844.1817706446758,57.86720657348633,0.32,16,32.0,"even-indexed (l1, l3, …); LS on next layer",0.3,0.1,1024
3508,Ant-v5,far,0,3136.616943359375,1029.0346550959214,98.66789245605469,0.32,16,32.0,"even-indexed (l1, l3, …); LS on next layer",0.3,0.1,1024
3509,Ant-v5,far,0,782.8009643554688,423.960726504691,47.0474853515625,0.32,16,32.0,"even-indexed (l1, l3, …); LS on next layer",0.3,0.1,1024
3510,Ant-v5,far,0,3389.90185546875,1504.4968141532381,83.02716064453125,0.32,16,32.0,"even-indexed (l1, l3, …); LS on next layer",0.3,0.1,1024
3511,Ant-v5,far,0,2875.671875,689.3126564232498,78.56802368164062,0.32,16,32.0,"even-indexed (l1, l3, …); LS on next layer",0.3,0.1,1024
3512,Ant-v5,far,0,2734.8466796875,621.0845588675868,57.019378662109375,0.32,16,32.0,"even-indexed (l1, l3, …); LS on next layer",0.3,0.1,1024
3513,Ant-v5,far,0,1531.56201171875,467.5434223180223,43.63272476196289,0.32,16,32.0,"even-indexed (l1, l3, …); LS on next layer",0.3,0.1,1024
3514,Ant-v5,far,0,1005.393798828125,316.8456482862425,48.898414611816406,0.32,16,32.0,"even-indexed (l1, l3, …); LS on next layer",0.3,0.1,1024
3515,Ant-v5,far,0,3273.737060546875,996.6249052587558,140.5132293701172,0.32,16,32.0,"even-indexed (l1, l3, …); LS on next layer",0.3,0.1,1024
3516,Ant-v5,far,0,1393.382080078125,420.5082543882478,50.36387252807617,0.32,16,32.0,"even-indexed (l1, l3, …); LS on next layer",0.3,0.1,1024
3517,Ant-v5,far,0,686.3091430664062,294.2747603952456,44.343631744384766,0.32,16,32.0,"even-indexed (l1, l3, …); LS on next layer",0.3,0.1,1024
3518,Ant-v5,far,0,747.8645629882812,241.32218865133154,50.445003509521484,0.32,16,32.0,"even-indexed (l1, l3, …); LS on next layer",0.3,0.1,1024
3519,Ant-v5,far,0,2204.00537109375,368.563159295482,48.334075927734375,0.32,16,32.0,"even-indexed (l1, l3, …); LS on next layer",0.3,0.1,1024
3520,Ant-v5,far,0,2228.427734375,797.3914538277696,74.43391418457031,0.32,16,32.0,"even-indexed (l1, l3, …); LS on next layer",0.3,0.1,1024
3521,Ant-v5,far,0,538.7452392578125,63.170998321783124,20.146419525146484,0.32,16,32.0,"even-indexed (l1, l3, …); LS on next layer",0.3,0.1,1024
3522,Ant-v5,far,0,3201.966552734375,539.4721449624222,57.13697052001953,0.32,16,32.0,"even-indexed (l1, l3, …); LS on next layer",0.3,0.1,1024
3523,Ant-v5,far,0,1874.4805908203125,445.94460935446233,54.4803352355957,0.32,16,32.0,"even-indexed (l1, l3, …); LS on next layer",0.3,0.1,1024
3524,Ant-v5,far,0,2296.779296875,422.953402011198,138.92567443847656,0.32,16,32.0,"even-indexed (l1, l3, …); LS on next layer",0.3,0.1,1024
3525,Ant-v5,far,0,1708.1251220703125,601.5675404551912,105.31459045410156,0.32,16,32.0,"even-indexed (l1, l3, …); LS on next layer",0.3,0.1,1024
3526,Ant-v5,far,0,5359.671875,992.3991799481237,66.24129486083984,0.32,16,32.0,"even-indexed (l1, l3, …); LS on next layer",0.3,0.1,1024
3527,Ant-v5,far,0,1452.3387451171875,596.1572202134419,110.57292175292969,0.32,16,32.0,"even-indexed (l1, l3, …); LS on next layer",0.3,0.1,1024
3528,Ant-v5,far,0,1478.953369140625,354.76055624671557,46.9249267578125,0.32,16,32.0,"even-indexed (l1, l3, …); LS on next layer",0.3,0.1,1024
3529,Ant-v5,far,0,1236.66845703125,397.62454464715313,69.53715515136719,0.32,16,32.0,"even-indexed (l1, l3, …); LS on next layer",0.3,0.1,1024
3530,Ant-v5,far,0,1060.40771484375,244.8990906353543,197.66758728027344,0.32,16,32.0,"even-indexed (l1, l3, …); LS on next layer",0.3,0.1,1024
3531,Ant-v5,far,0,1166.2357177734375,335.91496226098275,60.19774627685547,0.32,16,32.0,"even-indexed (l1, l3, …); LS on next layer",0.3,0.1,1024
3532,Ant-v5,far,0,2759.072265625,968.7381110672276,75.30368041992188,0.32,16,32.0,"even-indexed (l1, l3, …); LS on next layer",0.3,0.1,1024
3533,Ant-v5,far,0,977.8816528320312,347.2717298417074,51.60711669921875,0.32,16,32.0,"even-indexed (l1, l3, …); LS on next layer",0.3,0.1,1024
3534,Ant-v5,far,0,972.3273315429688,487.1441167156079,57.97431564331055,0.32,16,32.0,"even-indexed (l1, l3, …); LS on next layer",0.3,0.1,1024
3535,Ant-v5,far,0,526.4190673828125,193.01862567616553,35.63801574707031,0.32,16,32.0,"even-indexed (l1, l3, …); LS on next layer",0.3,0.1,1024
3536,Ant-v5,far,0,641.00390625,558.88907075652,47.41556930541992,0.32,16,32.0,"even-indexed (l1, l3, …); LS on next layer",0.3,0.1,1024
3537,Ant-v5,far,0,1276.2275390625,695.2446145787575,75.67882537841797,0.32,16,32.0,"even-indexed (l1, l3, …); LS on next layer",0.3,0.1,1024
3538,Ant-v5,far,0,1482.0899658203125,515.9406025146881,55.91297149658203,0.32,16,32.0,"even-indexed (l1, l3, …); LS on next layer",0.3,0.1,1024
3539,Ant-v5,far,0,2054.344482421875,412.529584413557,53.286476135253906,0.32,16,32.0,"even-indexed (l1, l3, …); LS on next layer",0.3,0.1,1024
3540,Ant-v5,far,0,2232.239990234375,615.4215494280523,71.15255737304688,0.32,16,32.0,"even-indexed (l1, l3, …); LS on next layer",0.3,0.1,1024
3541,Ant-v5,far,0,1585.6026611328125,681.5931533027082,61.96703338623047,0.32,16,32.0,"even-indexed (l1, l3, …); LS on next layer",0.3,0.1,1024
3542,Ant-v5,far,0,2220.874755859375,809.7043216225925,69.17578125,0.32,16,32.0,"even-indexed (l1, l3, …); LS on next layer",0.3,0.1,1024
3543,Ant-v5,far,0,1240.6737060546875,895.3464402087873,66.93495178222656,0.32,16,32.0,"even-indexed (l1, l3, …); LS on next layer",0.3,0.1,1024
3544,Ant-v5,far,0,1953.7425537109375,501.4684412940676,58.595428466796875,0.32,16,32.0,"even-indexed (l1, l3, …); LS on next layer",0.3,0.1,1024
3545,Ant-v5,far,0,2817.333251953125,317.6941087360161,40.41569900512695,0.32,16,32.0,"even-indexed (l1, l3, …); LS on next layer",0.3,0.1,1024
3546,Ant-v5,far,0,1273.9241943359375,784.1194221623812,58.53799819946289,0.32,16,32.0,"even-indexed (l1, l3, …); LS on next layer",0.3,0.1,1024
3547,Ant-v5,far,0,1626.1993408203125,636.4595759834208,73.30966186523438,0.32,16,32.0,"even-indexed (l1, l3, …); LS on next layer",0.3,0.1,1024
3548,Ant-v5,far,0,1351.136474609375,553.942236621861,79.45236206054688,0.32,16,32.0,"even-indexed (l1, l3, …); LS on next layer",0.3,0.1,1024
3549,Ant-v5,far,0,2228.241455078125,677.8383928009052,71.08966827392578,0.32,16,32.0,"even-indexed (l1, l3, …); LS on next layer",0.3,0.1,1024
3550,Ant-v5,far,0,1131.9915771484375,446.27382209150505,49.031429290771484,0.32,16,32.0,"even-indexed (l1, l3, …); LS on next layer",0.3,0.1,1024
3551,Ant-v5,far,0,596.76171875,350.57002671654243,54.820457458496094,0.32,16,32.0,"even-indexed (l1, l3, …); LS on next layer",0.3,0.1,1024
3552,Ant-v5,far,0,1567.9144287109375,633.131939973727,79.25846862792969,0.32,16,32.0,"even-indexed (l1, l3, …); LS on next layer",0.3,0.1,1024
3553,Ant-v5,far,0,2018.0093994140625,430.20825234105735,62.93857192993164,0.32,16,32.0,"even-indexed (l1, l3, …); LS on next layer",0.3,0.1,1024
3554,Ant-v5,far,0,9879.3671875,2500.5081335349496,107.04226684570312,0.32,16,32.0,"even-indexed (l1, l3, …); LS on next layer",0.3,0.1,1024
3555,Ant-v5,far,0,3229.33642578125,614.444422767627,70.5757827758789,0.32,16,32.0,"even-indexed (l1, l3, …); LS on next layer",0.3,0.1,1024
3556,Ant-v5,far,0,568.911865234375,229.38474647206198,53.58525085449219,0.32,16,32.0,"even-indexed (l1, l3, …); LS on next layer",0.3,0.1,1024
3557,Ant-v5,far,0,1278.3724365234375,424.2898218025955,57.547882080078125,0.32,16,32.0,"even-indexed (l1, l3, …); LS on next layer",0.3,0.1,1024
3558,Ant-v5,far,0,1450.0611572265625,533.9599341924182,160.63124084472656,0.32,16,32.0,"even-indexed (l1, l3, …); LS on next layer",0.3,0.1,1024
3559,Ant-v5,far,0,778.6246948242188,456.8822102881385,40.97080612182617,0.32,16,32.0,"even-indexed (l1, l3, …); LS on next layer",0.3,0.1,1024
3560,Ant-v5,far,0,2928.820556640625,961.7365328711226,85.49795532226562,0.32,16,32.0,"even-indexed (l1, l3, …); LS on next layer",0.3,0.1,1024
3561,Ant-v5,far,0,1583.699462890625,471.364289146544,66.39170837402344,0.32,16,32.0,"even-indexed (l1, l3, …); LS on next layer",0.3,0.1,1024
3562,Ant-v5,far,0,5796.62646484375,1297.3378928523243,63.67161178588867,0.32,16,32.0,"even-indexed (l1, l3, …); LS on next layer",0.3,0.1,1024
3563,Ant-v5,far,0,719.3924560546875,546.6097316856882,162.42437744140625,0.32,16,32.0,"even-indexed (l1, l3, …); LS on next layer",0.3,0.1,1024
3564,Ant-v5,far,0,1374.978515625,352.2051417374155,56.984130859375,0.32,16,32.0,"even-indexed (l1, l3, …); LS on next layer",0.3,0.1,1024
3565,Ant-v5,far,0,1468.8587646484375,458.0456209889082,64.94287109375,0.32,16,32.0,"even-indexed (l1, l3, …); LS on next layer",0.3,0.1,1024
3566,Ant-v5,far,0,2890.113525390625,907.2556609011737,62.8039665222168,0.32,16,32.0,"even-indexed (l1, l3, …); LS on next layer",0.3,0.1,1024
3567,Ant-v5,far,0,2562.5634765625,894.6772500340688,110.40625762939453,0.32,16,32.0,"even-indexed (l1, l3, …); LS on next layer",0.3,0.1,1024
3568,Ant-v5,far,0,1395.58251953125,740.4636148700675,76.60115051269531,0.32,16,32.0,"even-indexed (l1, l3, …); LS on next layer",0.3,0.1,1024
3569,Ant-v5,far,0,2350.927001953125,324.77599698616496,38.55197525024414,0.32,16,32.0,"even-indexed (l1, l3, …); LS on next layer",0.3,0.1,1024
3570,Ant-v5,far,0,1823.0765380859375,543.9349702953165,68.44815826416016,0.32,16,32.0,"even-indexed (l1, l3, …); LS on next layer",0.3,0.1,1024
3571,Ant-v5,far,0,2414.56298828125,446.7597378457194,58.3453483581543,0.32,16,32.0,"even-indexed (l1, l3, …); LS on next layer",0.3,0.1,1024
3572,Ant-v5,far,0,1190.568359375,431.19088087215505,197.93411254882812,0.32,16,32.0,"even-indexed (l1, l3, …); LS on next layer",0.3,0.1,1024
3573,Ant-v5,far,0,1648.753173828125,624.457820854094,67.82162475585938,0.32,16,32.0,"even-indexed (l1, l3, …); LS on next layer",0.3,0.1,1024
3574,Ant-v5,far,0,1503.4193115234375,632.2763189766907,58.7711067199707,0.32,16,32.0,"even-indexed (l1, l3, …); LS on next layer",0.3,0.1,1024
3575,Ant-v5,far,0,810.6536865234375,293.88248305298316,41.07539749145508,0.32,16,32.0,"even-indexed (l1, l3, …); LS on next layer",0.3,0.1,1024
3576,Ant-v5,far,0,3877.068115234375,979.6429153249584,90.61510467529297,0.32,16,32.0,"even-indexed (l1, l3, …); LS on next layer",0.3,0.1,1024
3577,Ant-v5,far,0,2103.68115234375,455.46919781993915,49.5713005065918,0.32,16,32.0,"even-indexed (l1, l3, …); LS on next layer",0.3,0.1,1024
3578,Ant-v5,far,0,818.871826171875,275.4005088431395,36.92641830444336,0.32,16,32.0,"even-indexed (l1, l3, …); LS on next layer",0.3,0.1,1024
3579,Ant-v5,far,0,5297.1748046875,1316.0107154512993,93.37728118896484,0.32,16,32.0,"even-indexed (l1, l3, …); LS on next layer",0.3,0.1,1024
3580,Ant-v5,far,0,1968.2802734375,473.12496781386756,79.77532196044922,0.32,16,32.0,"even-indexed (l1, l3, …); LS on next layer",0.3,0.1,1024
3581,Ant-v5,far,0,1167.0633544921875,332.6883075477057,51.1065673828125,0.32,16,32.0,"even-indexed (l1, l3, …); LS on next layer",0.3,0.1,1024
3582,Ant-v5,far,0,768.7399291992188,314.4540912162554,36.160465240478516,0.32,16,32.0,"even-indexed (l1, l3, …); LS on next layer",0.3,0.1,1024
3583,Ant-v5,far,0,2856.572509765625,1009.042286370559,65.01382446289062,0.32,16,32.0,"even-indexed (l1, l3, …); LS on next layer",0.3,0.1,1024
3584,Ant-v5,far,0,2214.840087890625,434.97279760391814,137.8561553955078,0.32,16,32.0,"even-indexed (l1, l3, …); LS on next layer",0.3,0.1,1024
3585,Ant-v5,far,0,1486.695068359375,341.19870415273044,106.9574203491211,0.32,16,32.0,"even-indexed (l1, l3, …); LS on next layer",0.3,0.1,1024
3586,Ant-v5,far,0,1405.1650390625,631.0884245195739,69.27953338623047,0.32,16,32.0,"even-indexed (l1, l3, …); LS on next layer",0.3,0.1,1024
3587,Ant-v5,far,0,1487.3349609375,877.7415378330505,61.645816802978516,0.32,16,32.0,"even-indexed (l1, l3, …); LS on next layer",0.3,0.1,1024
3588,Ant-v5,far,0,2602.80859375,847.0197415305428,83.94647979736328,0.32,16,32.0,"even-indexed (l1, l3, …); LS on next layer",0.3,0.1,1024
3589,Ant-v5,far,0,1428.5986328125,495.2392921947544,62.864620208740234,0.32,16,32.0,"even-indexed (l1, l3, …); LS on next layer",0.3,0.1,1024
3590,Ant-v5,far,0,1045.4766845703125,533.0129875421004,72.08468627929688,0.32,16,32.0,"even-indexed (l1, l3, …); LS on next layer",0.3,0.1,1024
3591,Ant-v5,far,0,1824.7864990234375,276.64766134933507,41.48378372192383,0.32,16,32.0,"even-indexed (l1, l3, …); LS on next layer",0.3,0.1,1024
3592,Ant-v5,far,0,1275.20263671875,566.099452799133,133.44839477539062,0.32,16,32.0,"even-indexed (l1, l3, …); LS on next layer",0.3,0.1,1024
3593,Ant-v5,far,0,1479.5909423828125,226.57374741509406,43.2765998840332,0.32,16,32.0,"even-indexed (l1, l3, …); LS on next layer",0.3,0.1,1024
3594,Ant-v5,far,0,1386.90380859375,259.63403957640344,46.93509292602539,0.32,16,32.0,"even-indexed (l1, l3, …); LS on next layer",0.3,0.1,1024
3595,Ant-v5,far,0,2035.345458984375,1167.0818988320834,84.99946594238281,0.32,16,32.0,"even-indexed (l1, l3, …); LS on next layer",0.3,0.1,1024
3596,Ant-v5,far,0,752.77783203125,931.3538890627611,66.54613494873047,0.32,16,32.0,"even-indexed (l1, l3, …); LS on next layer",0.3,0.1,1024
3597,Ant-v5,far,0,2316.649658203125,657.1387186587995,66.1987075805664,0.32,16,32.0,"even-indexed (l1, l3, …); LS on next layer",0.3,0.1,1024
3598,Ant-v5,far,0,576.9918212890625,197.38001894084144,42.43803405761719,0.32,16,32.0,"even-indexed (l1, l3, …); LS on next layer",0.3,0.1,1024
3599,Ant-v5,far,0,608.6571655273438,428.61958274516985,51.345436096191406,0.32,16,32.0,"even-indexed (l1, l3, …); LS on next layer",0.3,0.1,1024
3600,Ant-v5,far,0,1627.7236328125,774.1897036718799,83.04942321777344,0.32,16,32.0,"even-indexed (l1, l3, …); LS on next layer",0.3,0.1,1024
3601,Ant-v5,far,0,6085.51806640625,1328.8644457779842,90.56155395507812,0.32,16,32.0,"even-indexed (l1, l3, …); LS on next layer",0.3,0.1,1024
3602,Ant-v5,far,0,2054.7451171875,594.3239059916715,71.97748565673828,0.32,16,32.0,"even-indexed (l1, l3, …); LS on next layer",0.3,0.1,1024
3603,Ant-v5,far,0,1457.2132568359375,314.83681485278055,43.50422286987305,0.32,16,32.0,"even-indexed (l1, l3, …); LS on next layer",0.3,0.1,1024
3604,Ant-v5,far,0,873.5484008789062,239.14081016133548,31.00966453552246,0.32,16,32.0,"even-indexed (l1, l3, …); LS on next layer",0.3,0.1,1024
3605,Ant-v5,far,0,1140.3292236328125,607.5551495330377,55.529380798339844,0.32,16,32.0,"even-indexed (l1, l3, …); LS on next layer",0.3,0.1,1024
3606,Ant-v5,far,0,1194.256591796875,460.23248348583434,46.366180419921875,0.32,16,32.0,"even-indexed (l1, l3, …); LS on next layer",0.3,0.1,1024
3607,Ant-v5,far,0,513.1343383789062,184.13920582335882,33.973384857177734,0.32,16,32.0,"even-indexed (l1, l3, …); LS on next layer",0.3,0.1,1024
3608,Ant-v5,far,0,964.2603759765625,432.4839058878256,56.276737213134766,0.32,16,32.0,"even-indexed (l1, l3, …); LS on next layer",0.3,0.1,1024
3609,Ant-v5,far,0,654.5850830078125,341.70132467577207,41.41608428955078,0.32,16,32.0,"even-indexed (l1, l3, …); LS on next layer",0.3,0.1,1024
3610,Ant-v5,far,0,611.49609375,392.30079609656354,48.4785041809082,0.32,16,32.0,"even-indexed (l1, l3, …); LS on next layer",0.3,0.1,1024
3611,Ant-v5,far,0,2522.019287109375,1757.266440952123,84.84441375732422,0.32,16,32.0,"even-indexed (l1, l3, …); LS on next layer",0.3,0.1,1024
3612,Ant-v5,far,0,1902.0299072265625,534.3525510319084,69.02951049804688,0.32,16,32.0,"even-indexed (l1, l3, …); LS on next layer",0.3,0.1,1024
3613,Ant-v5,far,0,955.9548950195312,316.71155865294065,57.48489761352539,0.32,16,32.0,"even-indexed (l1, l3, …); LS on next layer",0.3,0.1,1024
3614,Ant-v5,far,0,1237.1221923828125,422.8072495232162,50.25811767578125,0.32,16,32.0,"even-indexed (l1, l3, …); LS on next layer",0.3,0.1,1024
3615,Ant-v5,far,0,879.4490356445312,319.2098626193,73.77433776855469,0.32,16,32.0,"even-indexed (l1, l3, …); LS on next layer",0.3,0.1,1024
3616,Ant-v5,far,0,2433.654296875,504.26495532650154,98.58343505859375,0.32,16,32.0,"even-indexed (l1, l3, …); LS on next layer",0.3,0.1,1024
3617,Ant-v5,far,0,787.229248046875,490.99246004624763,52.74801254272461,0.32,16,32.0,"even-indexed (l1, l3, …); LS on next layer",0.3,0.1,1024
3618,Ant-v5,far,0,1935.6507568359375,1220.8335011980375,296.1371765136719,0.32,16,32.0,"even-indexed (l1, l3, …); LS on next layer",0.3,0.1,1024
3619,Ant-v5,far,0,1093.6392822265625,182.21984077475543,52.922298431396484,0.32,16,32.0,"even-indexed (l1, l3, …); LS on next layer",0.3,0.1,1024
3620,Ant-v5,far,0,1610.8485107421875,501.8604234482441,72.18507385253906,0.32,16,32.0,"even-indexed (l1, l3, …); LS on next layer",0.3,0.1,1024
3621,Ant-v5,far,0,1828.5133056640625,1093.9230516159519,195.4215545654297,0.32,16,32.0,"even-indexed (l1, l3, …); LS on next layer",0.3,0.1,1024
3622,Ant-v5,far,0,2275.223876953125,564.0851960152199,74.57097625732422,0.32,16,32.0,"even-indexed (l1, l3, …); LS on next layer",0.3,0.1,1024
3623,Ant-v5,far,0,1369.344970703125,568.2588685165784,64.86953735351562,0.32,16,32.0,"even-indexed (l1, l3, …); LS on next layer",0.3,0.1,1024
3624,Ant-v5,far,0,1238.389404296875,282.9649468831859,59.810726165771484,0.32,16,32.0,"even-indexed (l1, l3, …); LS on next layer",0.3,0.1,1024
3625,Ant-v5,far,0,2034.50830078125,744.8236758613018,65.5474624633789,0.32,16,32.0,"even-indexed (l1, l3, …); LS on next layer",0.3,0.1,1024
3626,Ant-v5,far,0,1346.415771484375,363.5784886636543,54.86225891113281,0.32,16,32.0,"even-indexed (l1, l3, …); LS on next layer",0.3,0.1,1024
3627,Ant-v5,far,0,1208.8909912109375,667.9003718388454,57.96083450317383,0.32,16,32.0,"even-indexed (l1, l3, …); LS on next layer",0.3,0.1,1024
3628,Ant-v5,far,0,1237.439208984375,557.6502098845582,225.67355346679688,0.32,16,32.0,"even-indexed (l1, l3, …); LS on next layer",0.3,0.1,1024
3629,Ant-v5,far,0,2973.915283203125,417.3606351056203,51.44041442871094,0.32,16,32.0,"even-indexed (l1, l3, …); LS on next layer",0.3,0.1,1024
3630,Ant-v5,far,0,434.3612976074219,60.462103365709424,25.661582946777344,0.32,16,32.0,"even-indexed (l1, l3, …); LS on next layer",0.3,0.1,1024
3631,Ant-v5,far,0,1566.67431640625,390.0809594685978,43.07413101196289,0.32,16,32.0,"even-indexed (l1, l3, …); LS on next layer",0.3,0.1,1024
3632,Ant-v5,far,0,1818.9217529296875,820.4027011321792,70.29190826416016,0.32,16,32.0,"even-indexed (l1, l3, …); LS on next layer",0.3,0.1,1024
3633,Ant-v5,far,0,1629.1719970703125,477.24759874370875,46.85519790649414,0.32,16,32.0,"even-indexed (l1, l3, …); LS on next layer",0.3,0.1,1024
3634,Ant-v5,far,0,4503.57568359375,905.1478799929911,65.10844421386719,0.32,16,32.0,"even-indexed (l1, l3, …); LS on next layer",0.3,0.1,1024
3635,Ant-v5,far,0,3669.1708984375,972.3183931074855,82.10147094726562,0.32,16,32.0,"even-indexed (l1, l3, …); LS on next layer",0.3,0.1,1024
3636,Ant-v5,far,0,1197.695556640625,443.6310018628102,59.60036849975586,0.32,16,32.0,"even-indexed (l1, l3, …); LS on next layer",0.3,0.1,1024
3637,Ant-v5,far,0,957.505126953125,200.26553302375035,41.25166320800781,0.32,16,32.0,"even-indexed (l1, l3, …); LS on next layer",0.3,0.1,1024
3638,Ant-v5,far,0,1316.8634033203125,500.3741943694964,56.82768249511719,0.32,16,32.0,"even-indexed (l1, l3, …); LS on next layer",0.3,0.1,1024
3639,Ant-v5,far,0,1682.20166015625,593.6292269042907,58.98275375366211,0.32,16,32.0,"even-indexed (l1, l3, …); LS on next layer",0.3,0.1,1024
3640,Ant-v5,far,0,2492.617919921875,668.1346489922763,63.0307731628418,0.32,16,32.0,"even-indexed (l1, l3, …); LS on next layer",0.3,0.1,1024
3641,Ant-v5,far,0,1936.095458984375,445.581168750511,52.201171875,0.32,16,32.0,"even-indexed (l1, l3, …); LS on next layer",0.3,0.1,1024
3642,Ant-v5,far,0,1280.3369140625,784.9678569109241,94.64075469970703,0.32,16,32.0,"even-indexed (l1, l3, …); LS on next layer",0.3,0.1,1024
3643,Ant-v5,far,0,974.5990600585938,444.5437895560443,55.933570861816406,0.32,16,32.0,"even-indexed (l1, l3, …); LS on next layer",0.3,0.1,1024
3644,Ant-v5,far,0,3573.762939453125,1025.6258916148658,159.51991271972656,0.32,16,32.0,"even-indexed (l1, l3, …); LS on next layer",0.3,0.1,1024
3645,Ant-v5,far,0,3715.790283203125,925.0473228765371,54.012386322021484,0.32,16,32.0,"even-indexed (l1, l3, …); LS on next layer",0.3,0.1,1024
3646,Ant-v5,far,0,1863.373779296875,430.037757191183,45.8786506652832,0.32,16,32.0,"even-indexed (l1, l3, …); LS on next layer",0.3,0.1,1024
3647,Ant-v5,far,0,2379.552490234375,471.40970876180734,57.82686233520508,0.32,16,32.0,"even-indexed (l1, l3, …); LS on next layer",0.3,0.1,1024
3648,Ant-v5,far,0,3417.89501953125,615.1480217941132,64.00428771972656,0.32,16,32.0,"even-indexed (l1, l3, …); LS on next layer",0.3,0.1,1024
3649,Ant-v5,far,0,1968.7008056640625,565.9254093485879,79.9708251953125,0.32,16,32.0,"even-indexed (l1, l3, …); LS on next layer",0.3,0.1,1024
3650,Ant-v5,far,0,3800.970703125,649.6228408151509,66.61649322509766,0.32,16,32.0,"even-indexed (l1, l3, …); LS on next layer",0.3,0.1,1024
3651,Ant-v5,far,0,1989.67626953125,1185.3649289779682,84.50401306152344,0.32,16,32.0,"even-indexed (l1, l3, …); LS on next layer",0.3,0.1,1024
3652,Ant-v5,far,0,4288.98388671875,1443.3548452574018,95.03800201416016,0.32,16,32.0,"even-indexed (l1, l3, …); LS on next layer",0.3,0.1,1024
3653,Ant-v5,far,0,584.6115112304688,241.95858069724449,40.129295349121094,0.32,16,32.0,"even-indexed (l1, l3, …); LS on next layer",0.3,0.1,1024
3654,Ant-v5,far,0,146.1439208984375,47.13240409669025,22.376344680786133,0.32,16,32.0,"even-indexed (l1, l3, …); LS on next layer",0.3,0.1,1024
3655,Ant-v5,far,0,1250.1552734375,342.4712797086497,42.42677307128906,0.32,16,32.0,"even-indexed (l1, l3, …); LS on next layer",0.3,0.1,1024
3656,Ant-v5,far,0,1989.2169189453125,628.1764810031054,54.80110549926758,0.32,16,32.0,"even-indexed (l1, l3, …); LS on next layer",0.3,0.1,1024
3657,Ant-v5,far,0,1142.9403076171875,371.6797595911885,58.15300750732422,0.32,16,32.0,"even-indexed (l1, l3, …); LS on next layer",0.3,0.1,1024
3658,Ant-v5,far,0,1138.150390625,357.9938731615075,52.314353942871094,0.32,16,32.0,"even-indexed (l1, l3, …); LS on next layer",0.3,0.1,1024
3659,Ant-v5,far,0,1708.1282958984375,855.6223963304119,213.2190704345703,0.32,16,32.0,"even-indexed (l1, l3, …); LS on next layer",0.3,0.1,1024
3660,Ant-v5,far,0,1528.7218017578125,347.0661538793729,40.17032241821289,0.32,16,32.0,"even-indexed (l1, l3, …); LS on next layer",0.3,0.1,1024
3661,Ant-v5,far,0,655.7940063476562,475.59509759209175,44.635047912597656,0.32,16,32.0,"even-indexed (l1, l3, …); LS on next layer",0.3,0.1,1024
3662,Ant-v5,far,0,4771.4912109375,769.0813262094347,60.77843475341797,0.32,16,32.0,"even-indexed (l1, l3, …); LS on next layer",0.3,0.1,1024
3663,Ant-v5,far,0,3470.551513671875,787.7833369198312,64.41500091552734,0.32,16,32.0,"even-indexed (l1, l3, …); LS on next layer",0.3,0.1,1024
3664,Ant-v5,far,0,4793.43798828125,822.9085391973813,80.02516174316406,0.32,16,32.0,"even-indexed (l1, l3, …); LS on next layer",0.3,0.1,1024
3665,Ant-v5,far,0,3764.931884765625,870.684190550712,90.9885025024414,0.32,16,32.0,"even-indexed (l1, l3, …); LS on next layer",0.3,0.1,1024
3666,Ant-v5,far,0,1825.654296875,617.7013358050059,61.929443359375,0.32,16,32.0,"even-indexed (l1, l3, …); LS on next layer",0.3,0.1,1024
3667,Ant-v5,far,0,1597.659912109375,585.1087145844023,70.81614685058594,0.32,16,32.0,"even-indexed (l1, l3, …); LS on next layer",0.3,0.1,1024
3668,Ant-v5,far,0,1240.617431640625,442.1854969004529,143.78302001953125,0.32,16,32.0,"even-indexed (l1, l3, …); LS on next layer",0.3,0.1,1024
3669,Ant-v5,far,0,839.8018798828125,309.40340082986745,53.67912673950195,0.32,16,32.0,"even-indexed (l1, l3, …); LS on next layer",0.3,0.1,1024
3670,Ant-v5,far,0,1224.16650390625,568.4663189368199,95.0749740600586,0.32,16,32.0,"even-indexed (l1, l3, …); LS on next layer",0.3,0.1,1024
3671,Ant-v5,far,0,1090.1517333984375,394.28977295576635,55.71269226074219,0.32,16,32.0,"even-indexed (l1, l3, …); LS on next layer",0.3,0.1,1024
3672,Ant-v5,far,0,2740.84716796875,918.2081648425618,96.46033477783203,0.32,16,32.0,"even-indexed (l1, l3, …); LS on next layer",0.3,0.1,1024
3673,Ant-v5,far,0,1958.9622802734375,795.7277231995863,83.48017120361328,0.32,16,32.0,"even-indexed (l1, l3, …); LS on next layer",0.3,0.1,1024
3674,Ant-v5,far,0,1797.491455078125,805.6259849865539,64.49530792236328,0.32,16,32.0,"even-indexed (l1, l3, …); LS on next layer",0.3,0.1,1024
3675,Ant-v5,far,0,879.2306518554688,389.18601682503777,59.66233444213867,0.32,16,32.0,"even-indexed (l1, l3, …); LS on next layer",0.3,0.1,1024
3676,Ant-v5,far,0,4756.5673828125,1005.3619684616533,60.35824203491211,0.32,16,32.0,"even-indexed (l1, l3, …); LS on next layer",0.3,0.1,1024
3677,Ant-v5,far,0,2381.5595703125,554.668526063591,59.598731994628906,0.32,16,32.0,"even-indexed (l1, l3, …); LS on next layer",0.3,0.1,1024
3678,Ant-v5,far,0,802.2727661132812,390.0540366052933,43.33363723754883,0.32,16,32.0,"even-indexed (l1, l3, …); LS on next layer",0.3,0.1,1024
3679,Ant-v5,far,0,1227.0380859375,394.84539210554703,51.02631759643555,0.32,16,32.0,"even-indexed (l1, l3, …); LS on next layer",0.3,0.1,1024
3680,Ant-v5,far,0,1013.3779907226562,423.02612954727067,73.10489654541016,0.32,16,32.0,"even-indexed (l1, l3, …); LS on next layer",0.3,0.1,1024
3681,Ant-v5,far,0,2569.354248046875,458.54780186440837,84.9540023803711,0.32,16,32.0,"even-indexed (l1, l3, …); LS on next layer",0.3,0.1,1024
3682,Ant-v5,far,0,3228.29931640625,856.541861844648,123.70172119140625,0.32,16,32.0,"even-indexed (l1, l3, …); LS on next layer",0.3,0.1,1024
3683,Ant-v5,far,0,1791.9183349609375,843.8006884414236,76.27409362792969,0.32,16,32.0,"even-indexed (l1, l3, …); LS on next layer",0.3,0.1,1024
3684,Ant-v5,far,0,985.2122802734375,309.3978397491128,45.27655029296875,0.32,16,32.0,"even-indexed (l1, l3, …); LS on next layer",0.3,0.1,1024
3685,Ant-v5,far,0,587.0344848632812,107.60263559992578,30.262340545654297,0.32,16,32.0,"even-indexed (l1, l3, …); LS on next layer",0.3,0.1,1024
3686,Ant-v5,far,0,2888.32177734375,743.7324361080521,76.63139343261719,0.32,16,32.0,"even-indexed (l1, l3, …); LS on next layer",0.3,0.1,1024
3687,Ant-v5,far,0,1406.4302978515625,245.7111850563146,33.29971694946289,0.32,16,32.0,"even-indexed (l1, l3, …); LS on next layer",0.3,0.1,1024
3688,Ant-v5,far,0,2094.880859375,1306.7065121580515,102.33248901367188,0.32,16,32.0,"even-indexed (l1, l3, …); LS on next layer",0.3,0.1,1024
3689,Ant-v5,far,0,829.9757690429688,361.3071452860738,51.76964569091797,0.32,16,32.0,"even-indexed (l1, l3, …); LS on next layer",0.3,0.1,1024
3690,Ant-v5,far,0,1093.925537109375,510.1548434036639,52.369056701660156,0.32,16,32.0,"even-indexed (l1, l3, …); LS on next layer",0.3,0.1,1024
3691,Ant-v5,far,0,1240.004150390625,382.3687794001381,50.153446197509766,0.32,16,32.0,"even-indexed (l1, l3, …); LS on next layer",0.3,0.1,1024
3692,Ant-v5,far,0,2130.552001953125,379.31124422091864,54.25308609008789,0.32,16,32.0,"even-indexed (l1, l3, …); LS on next layer",0.3,0.1,1024
3693,Ant-v5,far,0,2941.822998046875,424.84417768259095,60.53059768676758,0.32,16,32.0,"even-indexed (l1, l3, …); LS on next layer",0.3,0.1,1024
3694,Ant-v5,far,0,1703.437255859375,300.64612407955747,48.12343978881836,0.32,16,32.0,"even-indexed (l1, l3, …); LS on next layer",0.3,0.1,1024
3695,Ant-v5,far,0,2934.38525390625,715.5189871498133,90.78993225097656,0.32,16,32.0,"even-indexed (l1, l3, …); LS on next layer",0.3,0.1,1024
3696,Ant-v5,far,0,2220.393798828125,1184.2022270882285,120.62347412109375,0.32,16,32.0,"even-indexed (l1, l3, …); LS on next layer",0.3,0.1,1024
3697,Ant-v5,far,0,1840.6778564453125,828.3267329887436,63.64975357055664,0.32,16,32.0,"even-indexed (l1, l3, …); LS on next layer",0.3,0.1,1024
3698,Ant-v5,far,0,2754.90380859375,640.3518502267391,56.85211181640625,0.32,16,32.0,"even-indexed (l1, l3, …); LS on next layer",0.3,0.1,1024
3699,Ant-v5,far,0,2492.002197265625,788.1544075761165,64.07942962646484,0.32,16,32.0,"even-indexed (l1, l3, …); LS on next layer",0.3,0.1,1024
3700,Ant-v5,far,0,925.6436767578125,394.3597965880821,55.81254196166992,0.32,16,32.0,"even-indexed (l1, l3, …); LS on next layer",0.3,0.1,1024
3701,Ant-v5,far,0,1072.5859375,302.2373515746275,66.98748779296875,0.32,16,32.0,"even-indexed (l1, l3, …); LS on next layer",0.3,0.1,1024
3702,Ant-v5,far,0,2811.0,899.6129398168182,57.47447204589844,0.32,16,32.0,"even-indexed (l1, l3, …); LS on next layer",0.3,0.1,1024
3703,Ant-v5,far,0,1250.41845703125,690.9201568007749,58.70641326904297,0.32,16,32.0,"even-indexed (l1, l3, …); LS on next layer",0.3,0.1,1024
3704,Ant-v5,far,0,2891.009521484375,435.78780454197386,85.94774627685547,0.32,16,32.0,"even-indexed (l1, l3, …); LS on next layer",0.3,0.1,1024
3705,Ant-v5,far,0,1795.6185302734375,508.8538480326747,68.07929229736328,0.32,16,32.0,"even-indexed (l1, l3, …); LS on next layer",0.3,0.1,1024
3706,Ant-v5,far,0,1321.3021240234375,672.4040552465782,88.18856048583984,0.32,16,32.0,"even-indexed (l1, l3, …); LS on next layer",0.3,0.1,1024
3707,Ant-v5,far,0,1517.175048828125,1048.2196980356603,54.548828125,0.32,16,32.0,"even-indexed (l1, l3, …); LS on next layer",0.3,0.1,1024
3708,Ant-v5,far,0,1343.7950439453125,500.4784362590442,223.87582397460938,0.32,16,32.0,"even-indexed (l1, l3, …); LS on next layer",0.3,0.1,1024
3709,Ant-v5,far,0,1719.8900146484375,763.8434934189953,98.24088287353516,0.32,16,32.0,"even-indexed (l1, l3, …); LS on next layer",0.3,0.1,1024
3710,Ant-v5,far,0,1047.7811279296875,250.45079371688377,59.39606857299805,0.32,16,32.0,"even-indexed (l1, l3, …); LS on next layer",0.3,0.1,1024
3711,Ant-v5,far,0,1984.3489990234375,816.5268621163912,61.41907501220703,0.32,16,32.0,"even-indexed (l1, l3, …); LS on next layer",0.3,0.1,1024
3712,Ant-v5,far,0,1920.0054931640625,540.2378192030051,53.60662841796875,0.32,16,32.0,"even-indexed (l1, l3, …); LS on next layer",0.3,0.1,1024
3713,Ant-v5,far,0,4852.99267578125,1494.5672169379004,107.3085708618164,0.32,16,32.0,"even-indexed (l1, l3, …); LS on next layer",0.3,0.1,1024
3714,Ant-v5,far,0,1380.12646484375,306.6323630229466,50.01688003540039,0.32,16,32.0,"even-indexed (l1, l3, …); LS on next layer",0.3,0.1,1024
3715,Ant-v5,far,0,1635.47021484375,626.4038966250573,63.296043395996094,0.32,16,32.0,"even-indexed (l1, l3, …); LS on next layer",0.3,0.1,1024
3716,Ant-v5,far,0,776.0266723632812,300.62116783723934,46.1473503112793,0.32,16,32.0,"even-indexed (l1, l3, …); LS on next layer",0.3,0.1,1024
3717,Ant-v5,far,0,1019.019287109375,227.2637628437316,36.405460357666016,0.32,16,32.0,"even-indexed (l1, l3, …); LS on next layer",0.3,0.1,1024
3718,Ant-v5,far,0,2405.478759765625,289.4609684092354,41.06638717651367,0.32,16,32.0,"even-indexed (l1, l3, …); LS on next layer",0.3,0.1,1024
3719,Ant-v5,far,0,1617.6619873046875,828.5684433323048,66.85784149169922,0.32,16,32.0,"even-indexed (l1, l3, …); LS on next layer",0.3,0.1,1024
3720,Ant-v5,far,0,1613.67431640625,807.5080944882187,53.07157516479492,0.32,16,32.0,"even-indexed (l1, l3, …); LS on next layer",0.3,0.1,1024
3721,Ant-v5,far,0,1081.42236328125,400.5415897989634,68.58348846435547,0.32,16,32.0,"even-indexed (l1, l3, …); LS on next layer",0.3,0.1,1024
3722,Ant-v5,far,0,1771.2523193359375,265.45600031591044,46.628849029541016,0.32,16,32.0,"even-indexed (l1, l3, …); LS on next layer",0.3,0.1,1024
3723,Ant-v5,far,0,1161.978515625,203.60098467678972,37.48388671875,0.32,16,32.0,"even-indexed (l1, l3, …); LS on next layer",0.3,0.1,1024
3724,Ant-v5,far,0,3028.5703125,921.4825356964452,131.2079315185547,0.32,16,32.0,"even-indexed (l1, l3, …); LS on next layer",0.3,0.1,1024
3725,Ant-v5,far,0,2184.49365234375,657.9743492285645,144.29034423828125,0.32,16,32.0,"even-indexed (l1, l3, …); LS on next layer",0.3,0.1,1024
3726,Ant-v5,far,0,1709.6658935546875,501.9207446898049,53.367889404296875,0.32,16,32.0,"even-indexed (l1, l3, …); LS on next layer",0.3,0.1,1024
3727,Ant-v5,far,0,1726.81103515625,568.2176986945044,52.81330490112305,0.32,16,32.0,"even-indexed (l1, l3, …); LS on next layer",0.3,0.1,1024
3728,Ant-v5,far,0,1599.90673828125,1198.3683276237898,215.6083221435547,0.32,16,32.0,"even-indexed (l1, l3, …); LS on next layer",0.3,0.1,1024
3729,Ant-v5,far,0,1562.130615234375,1022.6606924156573,285.780517578125,0.32,16,32.0,"even-indexed (l1, l3, …); LS on next layer",0.3,0.1,1024
3730,Ant-v5,far,0,2354.924560546875,790.2985888479863,60.11239242553711,0.32,16,32.0,"even-indexed (l1, l3, …); LS on next layer",0.3,0.1,1024
3731,Ant-v5,far,0,2726.965576171875,710.5771455659312,65.94258880615234,0.32,16,32.0,"even-indexed (l1, l3, …); LS on next layer",0.3,0.1,1024
3732,Ant-v5,far,0,1075.4716796875,391.61116228416995,45.95167541503906,0.32,16,32.0,"even-indexed (l1, l3, …); LS on next layer",0.3,0.1,1024
3733,Ant-v5,far,0,1666.16259765625,507.3081659692929,65.01579284667969,0.32,16,32.0,"even-indexed (l1, l3, …); LS on next layer",0.3,0.1,1024
3734,Ant-v5,far,0,1025.804443359375,274.0190695366558,45.8950080871582,0.32,16,32.0,"even-indexed (l1, l3, …); LS on next layer",0.3,0.1,1024
3735,Ant-v5,far,0,351.6900939941406,58.059298926898,24.168201446533203,0.32,16,32.0,"even-indexed (l1, l3, …); LS on next layer",0.3,0.1,1024
3736,Ant-v5,far,0,1932.909423828125,600.1278360952763,56.279300689697266,0.32,16,32.0,"even-indexed (l1, l3, …); LS on next layer",0.3,0.1,1024
3737,Ant-v5,far,0,2065.9208984375,631.8460299159323,80.22152709960938,0.32,16,32.0,"even-indexed (l1, l3, …); LS on next layer",0.3,0.1,1024
3738,Ant-v5,far,0,2291.140380859375,837.4521068005894,127.29674530029297,0.32,16,32.0,"even-indexed (l1, l3, …); LS on next layer",0.3,0.1,1024
3739,Ant-v5,far,0,2127.854736328125,630.1416327439194,59.626243591308594,0.32,16,32.0,"even-indexed (l1, l3, …); LS on next layer",0.3,0.1,1024
3740,Ant-v5,far,0,405.55438232421875,145.88321393388384,38.67654800415039,0.32,16,32.0,"even-indexed (l1, l3, …); LS on next layer",0.3,0.1,1024
3741,Ant-v5,far,0,2487.49169921875,761.6909891330645,78.49483489990234,0.32,16,32.0,"even-indexed (l1, l3, …); LS on next layer",0.3,0.1,1024
3742,Ant-v5,far,0,2985.43017578125,693.0949648966205,75.64659881591797,0.32,16,32.0,"even-indexed (l1, l3, …); LS on next layer",0.3,0.1,1024
3743,Ant-v5,far,0,988.4185791015625,497.3196276964296,51.83374786376953,0.32,16,32.0,"even-indexed (l1, l3, …); LS on next layer",0.3,0.1,1024
3744,Ant-v5,far,0,2200.69873046875,927.8551946223113,69.39698791503906,0.32,16,32.0,"even-indexed (l1, l3, …); LS on next layer",0.3,0.1,1024
3745,Ant-v5,far,0,2446.75390625,854.8728929665591,64.97897338867188,0.32,16,32.0,"even-indexed (l1, l3, …); LS on next layer",0.3,0.1,1024
3746,Ant-v5,far,0,3512.9443359375,439.927264552034,44.442420959472656,0.32,16,32.0,"even-indexed (l1, l3, …); LS on next layer",0.3,0.1,1024
3747,Ant-v5,far,0,955.0850219726562,351.28788418596264,43.305416107177734,0.32,16,32.0,"even-indexed (l1, l3, …); LS on next layer",0.3,0.1,1024
3748,Ant-v5,far,0,1063.1090087890625,396.36724125794603,43.95107650756836,0.32,16,32.0,"even-indexed (l1, l3, …); LS on next layer",0.3,0.1,1024
3749,Ant-v5,far,0,1570.958251953125,584.7181652090384,100.27729034423828,0.32,16,32.0,"even-indexed (l1, l3, …); LS on next layer",0.3,0.1,1024
3750,Ant-v5,far,0,2012.5347900390625,767.442514390103,57.585086822509766,0.32,16,32.0,"even-indexed (l1, l3, …); LS on next layer",0.3,0.1,1024
3751,Ant-v5,far,0,1191.62841796875,455.48333744362924,66.93363189697266,0.32,16,32.0,"even-indexed (l1, l3, …); LS on next layer",0.3,0.1,1024
3752,Ant-v5,far,0,1085.1279296875,480.4616674636843,50.205909729003906,0.32,16,32.0,"even-indexed (l1, l3, …); LS on next layer",0.3,0.1,1024
3753,Ant-v5,far,0,2428.9560546875,387.6554677017667,40.068695068359375,0.32,16,32.0,"even-indexed (l1, l3, …); LS on next layer",0.3,0.1,1024
3754,Ant-v5,far,0,3501.4638671875,475.2655494789267,53.59831619262695,0.32,16,32.0,"even-indexed (l1, l3, …); LS on next layer",0.3,0.1,1024
3755,Ant-v5,far,0,1771.943359375,606.384914960163,64.87395477294922,0.32,16,32.0,"even-indexed (l1, l3, …); LS on next layer",0.3,0.1,1024
3756,Ant-v5,far,0,467.6707458496094,231.49761563053332,36.41018295288086,0.32,16,32.0,"even-indexed (l1, l3, …); LS on next layer",0.3,0.1,1024
3757,Ant-v5,far,0,802.8497924804688,318.87739382438076,53.28703689575195,0.32,16,32.0,"even-indexed (l1, l3, …); LS on next layer",0.3,0.1,1024
3758,Ant-v5,far,0,1663.2452392578125,425.18324578555143,61.090274810791016,0.32,16,32.0,"even-indexed (l1, l3, …); LS on next layer",0.3,0.1,1024
3759,Ant-v5,far,0,2896.395263671875,976.6696676754908,151.4217529296875,0.32,16,32.0,"even-indexed (l1, l3, …); LS on next layer",0.3,0.1,1024
3760,Ant-v5,far,0,654.9390869140625,294.0764978158106,57.807498931884766,0.32,16,32.0,"even-indexed (l1, l3, …); LS on next layer",0.3,0.1,1024
3761,Ant-v5,far,0,1633.0933837890625,491.3522818941167,86.63713836669922,0.32,16,32.0,"even-indexed (l1, l3, …); LS on next layer",0.3,0.1,1024
3762,Ant-v5,far,0,2840.486572265625,1112.856009694783,99.6180419921875,0.32,16,32.0,"even-indexed (l1, l3, …); LS on next layer",0.3,0.1,1024
3763,Ant-v5,far,0,1422.8475341796875,257.0089487999498,39.5303840637207,0.32,16,32.0,"even-indexed (l1, l3, …); LS on next layer",0.3,0.1,1024
3764,Ant-v5,far,0,3526.605712890625,615.6124652507611,54.30747985839844,0.32,16,32.0,"even-indexed (l1, l3, …); LS on next layer",0.3,0.1,1024
3765,Ant-v5,far,0,1708.9755859375,411.8148538019942,48.22880172729492,0.32,16,32.0,"even-indexed (l1, l3, …); LS on next layer",0.3,0.1,1024
3766,Ant-v5,far,0,1530.7540283203125,331.92141543548587,39.62154006958008,0.32,16,32.0,"even-indexed (l1, l3, …); LS on next layer",0.3,0.1,1024
3767,Ant-v5,far,0,5096.60205078125,984.0915212169673,93.28746795654297,0.32,16,32.0,"even-indexed (l1, l3, …); LS on next layer",0.3,0.1,1024
3768,Ant-v5,far,0,2785.6875,873.5000241951645,63.97444152832031,0.32,16,32.0,"even-indexed (l1, l3, …); LS on next layer",0.3,0.1,1024
3769,Ant-v5,far,0,1537.29345703125,838.8201202097615,78.46113586425781,0.32,16,32.0,"even-indexed (l1, l3, …); LS on next layer",0.3,0.1,1024
3770,Ant-v5,far,0,1902.676513671875,565.5004528892396,103.1879653930664,0.32,16,32.0,"even-indexed (l1, l3, …); LS on next layer",0.3,0.1,1024
3771,Ant-v5,far,0,1221.8302001953125,478.60184997872767,157.5569305419922,0.32,16,32.0,"even-indexed (l1, l3, …); LS on next layer",0.3,0.1,1024
3772,Ant-v5,far,0,3104.445556640625,649.626461535081,52.659664154052734,0.32,16,32.0,"even-indexed (l1, l3, …); LS on next layer",0.3,0.1,1024
3773,Ant-v5,far,0,1129.6324462890625,524.8198853416619,56.63239669799805,0.32,16,32.0,"even-indexed (l1, l3, …); LS on next layer",0.3,0.1,1024
3774,Ant-v5,far,0,2118.095458984375,1166.8599540249393,81.08927917480469,0.32,16,32.0,"even-indexed (l1, l3, …); LS on next layer",0.3,0.1,1024
3775,Ant-v5,far,0,2292.505615234375,1449.788197826349,77.99626922607422,0.32,16,32.0,"even-indexed (l1, l3, …); LS on next layer",0.3,0.1,1024
3776,Ant-v5,far,0,481.51800537109375,70.25356001537298,24.90464210510254,0.32,16,32.0,"even-indexed (l1, l3, …); LS on next layer",0.3,0.1,1024
3777,Ant-v5,far,0,884.0665283203125,390.26772995207375,47.13779067993164,0.32,16,32.0,"even-indexed (l1, l3, …); LS on next layer",0.3,0.1,1024
3778,Ant-v5,far,0,794.2621459960938,310.32122856515366,39.87092590332031,0.32,16,32.0,"even-indexed (l1, l3, …); LS on next layer",0.3,0.1,1024
3779,Ant-v5,far,0,2063.15771484375,775.0743640552474,172.3351287841797,0.32,16,32.0,"even-indexed (l1, l3, …); LS on next layer",0.3,0.1,1024
3780,Ant-v5,far,0,2371.41162109375,713.6935909958141,67.1586685180664,0.32,16,32.0,"even-indexed (l1, l3, …); LS on next layer",0.3,0.1,1024
3781,Ant-v5,far,0,3142.689697265625,571.4751599955467,186.891845703125,0.32,16,32.0,"even-indexed (l1, l3, …); LS on next layer",0.3,0.1,1024
3782,Ant-v5,far,0,2893.431396484375,958.4109536760252,80.22106170654297,0.32,16,32.0,"even-indexed (l1, l3, …); LS on next layer",0.3,0.1,1024
3783,Ant-v5,far,0,3355.909912109375,852.8923940835485,79.94451141357422,0.32,16,32.0,"even-indexed (l1, l3, …); LS on next layer",0.3,0.1,1024
3784,Ant-v5,far,0,1352.0819091796875,301.00179809033955,47.1661491394043,0.32,16,32.0,"even-indexed (l1, l3, …); LS on next layer",0.3,0.1,1024
3785,Ant-v5,far,0,1433.2894287109375,620.2483795862124,66.28949737548828,0.32,16,32.0,"even-indexed (l1, l3, …); LS on next layer",0.3,0.1,1024
3786,Ant-v5,far,0,2726.7421875,518.215817422248,65.55834197998047,0.32,16,32.0,"even-indexed (l1, l3, …); LS on next layer",0.3,0.1,1024
3787,Ant-v5,far,0,1031.471435546875,214.91169241541198,45.91609191894531,0.32,16,32.0,"even-indexed (l1, l3, …); LS on next layer",0.3,0.1,1024
3788,Ant-v5,far,0,1594.69287109375,732.1851822906391,63.952484130859375,0.32,16,32.0,"even-indexed (l1, l3, …); LS on next layer",0.3,0.1,1024
3789,Ant-v5,far,0,1339.922607421875,299.52181024635564,61.73652648925781,0.32,16,32.0,"even-indexed (l1, l3, …); LS on next layer",0.3,0.1,1024
3790,Ant-v5,far,0,1293.2696533203125,243.1848086298744,51.67021560668945,0.32,16,32.0,"even-indexed (l1, l3, …); LS on next layer",0.3,0.1,1024
3791,Ant-v5,far,0,2170.81591796875,649.2462803131301,82.02874755859375,0.32,16,32.0,"even-indexed (l1, l3, …); LS on next layer",0.3,0.1,1024
3792,Ant-v5,far,0,839.5579223632812,432.4361743543029,47.6041145324707,0.32,16,32.0,"even-indexed (l1, l3, …); LS on next layer",0.3,0.1,1024
3793,Ant-v5,far,0,1548.0570068359375,874.6505107264612,61.082862854003906,0.32,16,32.0,"even-indexed (l1, l3, …); LS on next layer",0.3,0.1,1024
3794,Ant-v5,far,0,1989.7196044921875,495.0920180353345,48.90470504760742,0.32,16,32.0,"even-indexed (l1, l3, …); LS on next layer",0.3,0.1,1024
3795,Ant-v5,far,0,2211.318359375,830.3597826671787,63.447025299072266,0.32,16,32.0,"even-indexed (l1, l3, …); LS on next layer",0.3,0.1,1024
3796,Ant-v5,far,0,556.467041015625,345.7854593360862,132.02935791015625,0.32,16,32.0,"even-indexed (l1, l3, …); LS on next layer",0.3,0.1,1024
3797,Ant-v5,far,0,2077.58349609375,297.95868381403307,99.05928039550781,0.32,16,32.0,"even-indexed (l1, l3, …); LS on next layer",0.3,0.1,1024
3798,Ant-v5,far,0,1459.6158447265625,773.2229015354595,65.75222778320312,0.32,16,32.0,"even-indexed (l1, l3, …); LS on next layer",0.3,0.1,1024
3799,Ant-v5,far,0,1953.5264892578125,312.2090931557352,44.4942626953125,0.32,16,32.0,"even-indexed (l1, l3, …); LS on next layer",0.3,0.1,1024
3800,Ant-v5,far,0,1292.7613525390625,573.828028697548,61.585018157958984,0.32,16,32.0,"even-indexed (l1, l3, …); LS on next layer",0.3,0.1,1024
3801,Ant-v5,far,0,2841.6083984375,478.921712134768,74.84302520751953,0.32,16,32.0,"even-indexed (l1, l3, …); LS on next layer",0.3,0.1,1024
3802,Ant-v5,far,0,2607.66259765625,661.5719546177298,76.66790771484375,0.32,16,32.0,"even-indexed (l1, l3, …); LS on next layer",0.3,0.1,1024
3803,Ant-v5,far,0,985.0088500976562,222.80420885998015,69.72779083251953,0.32,16,32.0,"even-indexed (l1, l3, …); LS on next layer",0.3,0.1,1024
3804,Ant-v5,far,0,1301.6112060546875,455.66794959611826,49.66621017456055,0.32,16,32.0,"even-indexed (l1, l3, …); LS on next layer",0.3,0.1,1024
3805,Ant-v5,far,0,533.0927734375,78.32459953509633,19.858585357666016,0.32,16,32.0,"even-indexed (l1, l3, …); LS on next layer",0.3,0.1,1024
3806,Ant-v5,far,0,969.4340209960938,524.2495530359215,61.66774368286133,0.32,16,32.0,"even-indexed (l1, l3, …); LS on next layer",0.3,0.1,1024
3807,Ant-v5,far,0,953.6661987304688,236.0200242395417,52.2612419128418,0.32,16,32.0,"even-indexed (l1, l3, …); LS on next layer",0.3,0.1,1024
3808,Ant-v5,far,0,2134.441650390625,714.1758474800292,77.99427032470703,0.32,16,32.0,"even-indexed (l1, l3, …); LS on next layer",0.3,0.1,1024
3809,Ant-v5,far,0,3012.91650390625,1031.5744773582069,62.1597785949707,0.32,16,32.0,"even-indexed (l1, l3, …); LS on next layer",0.3,0.1,1024
3810,Ant-v5,far,0,4349.17529296875,2457.471271583319,109.56681060791016,0.32,16,32.0,"even-indexed (l1, l3, …); LS on next layer",0.3,0.1,1024
3811,Ant-v5,far,0,2430.310302734375,500.68601698096813,185.75503540039062,0.32,16,32.0,"even-indexed (l1, l3, …); LS on next layer",0.3,0.1,1024
3812,Ant-v5,far,0,2694.068359375,649.1601962456157,52.7917594909668,0.32,16,32.0,"even-indexed (l1, l3, …); LS on next layer",0.3,0.1,1024
3813,Ant-v5,far,0,1099.435791015625,340.143733600628,42.487483978271484,0.32,16,32.0,"even-indexed (l1, l3, …); LS on next layer",0.3,0.1,1024
3814,Ant-v5,far,0,1029.9903564453125,368.32313362275977,49.73330307006836,0.32,16,32.0,"even-indexed (l1, l3, …); LS on next layer",0.3,0.1,1024
3815,Ant-v5,far,0,1246.96435546875,452.28329187966176,58.03278732299805,0.32,16,32.0,"even-indexed (l1, l3, …); LS on next layer",0.3,0.1,1024
3816,Ant-v5,far,0,1771.905517578125,673.9377955747024,55.991233825683594,0.32,16,32.0,"even-indexed (l1, l3, …); LS on next layer",0.3,0.1,1024
3817,Ant-v5,far,0,1065.1990966796875,472.9682323514711,56.796234130859375,0.32,16,32.0,"even-indexed (l1, l3, …); LS on next layer",0.3,0.1,1024
3818,Ant-v5,far,0,1192.989013671875,509.5742898333767,54.556514739990234,0.32,16,32.0,"even-indexed (l1, l3, …); LS on next layer",0.3,0.1,1024
3819,Ant-v5,far,0,1746.7962646484375,394.7804100004405,89.00296020507812,0.32,16,32.0,"even-indexed (l1, l3, …); LS on next layer",0.3,0.1,1024
3820,Ant-v5,far,0,1127.1265869140625,732.7725728972142,59.92717742919922,0.32,16,32.0,"even-indexed (l1, l3, …); LS on next layer",0.3,0.1,1024
3821,Ant-v5,far,0,1830.005615234375,443.24678476929455,57.57556915283203,0.32,16,32.0,"even-indexed (l1, l3, …); LS on next layer",0.3,0.1,1024
3822,Ant-v5,far,0,2197.42333984375,1172.9435672598051,78.47695922851562,0.32,16,32.0,"even-indexed (l1, l3, …); LS on next layer",0.3,0.1,1024
3823,Ant-v5,far,0,586.3009033203125,461.7239647132052,39.11843490600586,0.32,16,32.0,"even-indexed (l1, l3, …); LS on next layer",0.3,0.1,1024
3824,Ant-v5,far,0,1020.6554565429688,665.4631380525518,49.44317626953125,0.32,16,32.0,"even-indexed (l1, l3, …); LS on next layer",0.3,0.1,1024
3825,Ant-v5,far,0,1651.8480224609375,797.2182682336155,68.97604370117188,0.32,16,32.0,"even-indexed (l1, l3, …); LS on next layer",0.3,0.1,1024
3826,Ant-v5,far,0,1568.303955078125,421.19883075431903,58.48878860473633,0.32,16,32.0,"even-indexed (l1, l3, …); LS on next layer",0.3,0.1,1024
3827,Ant-v5,far,0,1667.78564453125,367.46232104049477,41.26303482055664,0.32,16,32.0,"even-indexed (l1, l3, …); LS on next layer",0.3,0.1,1024
3828,Ant-v5,far,0,1976.1541748046875,577.4266888073356,68.60529327392578,0.32,16,32.0,"even-indexed (l1, l3, …); LS on next layer",0.3,0.1,1024
3829,Ant-v5,far,0,1469.0675048828125,258.3050842744597,51.230690002441406,0.32,16,32.0,"even-indexed (l1, l3, …); LS on next layer",0.3,0.1,1024
3830,Ant-v5,far,0,1096.636962890625,621.7199854278222,144.34201049804688,0.32,16,32.0,"even-indexed (l1, l3, …); LS on next layer",0.3,0.1,1024
3831,Ant-v5,far,0,1321.9227294921875,590.9164667584117,67.75593566894531,0.32,16,32.0,"even-indexed (l1, l3, …); LS on next layer",0.3,0.1,1024
3832,Ant-v5,far,0,1123.635498046875,238.52287796925447,45.43223571777344,0.32,16,32.0,"even-indexed (l1, l3, …); LS on next layer",0.3,0.1,1024
3833,Ant-v5,far,0,2571.43896484375,636.3044575374009,84.82582092285156,0.32,16,32.0,"even-indexed (l1, l3, …); LS on next layer",0.3,0.1,1024
3834,Ant-v5,far,0,1215.48388671875,562.5054575161487,361.8817443847656,0.32,16,32.0,"even-indexed (l1, l3, …); LS on next layer",0.3,0.1,1024
3835,Ant-v5,far,0,539.6554565429688,308.29198697746006,71.05732727050781,0.32,16,32.0,"even-indexed (l1, l3, …); LS on next layer",0.3,0.1,1024
3836,Ant-v5,far,0,3032.99853515625,898.8391409661529,62.633609771728516,0.32,16,32.0,"even-indexed (l1, l3, …); LS on next layer",0.3,0.1,1024
3837,Ant-v5,far,0,1394.57861328125,582.97308894475,68.95443725585938,0.32,16,32.0,"even-indexed (l1, l3, …); LS on next layer",0.3,0.1,1024
3838,Ant-v5,far,0,3332.24169921875,667.924007912246,69.90950775146484,0.32,16,32.0,"even-indexed (l1, l3, …); LS on next layer",0.3,0.1,1024
3839,Ant-v5,far,0,1913.1778564453125,812.393393719237,71.39371490478516,0.32,16,32.0,"even-indexed (l1, l3, …); LS on next layer",0.3,0.1,1024
3840,Ant-v5,far,0,1155.4459228515625,947.8996368179971,77.97049713134766,0.32,16,32.0,"even-indexed (l1, l3, …); LS on next layer",0.3,0.1,1024
3841,Ant-v5,far,0,1036.0538330078125,259.48325399553454,54.20386505126953,0.32,16,32.0,"even-indexed (l1, l3, …); LS on next layer",0.3,0.1,1024
3842,Ant-v5,far,0,2848.29833984375,939.3079670070763,74.93760681152344,0.32,16,32.0,"even-indexed (l1, l3, …); LS on next layer",0.3,0.1,1024
3843,Ant-v5,far,0,2525.0166015625,1380.7887710606487,85.0990982055664,0.32,16,32.0,"even-indexed (l1, l3, …); LS on next layer",0.3,0.1,1024
3844,Ant-v5,far,0,917.2841796875,360.3084846550307,50.302982330322266,0.32,16,32.0,"even-indexed (l1, l3, …); LS on next layer",0.3,0.1,1024
3845,Ant-v5,far,0,1984.2210693359375,1031.3109626032158,90.4596176147461,0.32,16,32.0,"even-indexed (l1, l3, …); LS on next layer",0.3,0.1,1024
3846,Ant-v5,far,0,1015.5924682617188,611.0181720387844,60.72856521606445,0.32,16,32.0,"even-indexed (l1, l3, …); LS on next layer",0.3,0.1,1024
3847,Ant-v5,far,0,786.43701171875,312.4361039816524,43.1619987487793,0.32,16,32.0,"even-indexed (l1, l3, …); LS on next layer",0.3,0.1,1024
3848,Ant-v5,far,0,2651.586181640625,800.0494109781948,93.81285095214844,0.32,16,32.0,"even-indexed (l1, l3, …); LS on next layer",0.3,0.1,1024
3849,Ant-v5,far,0,1786.6953125,582.1724584852091,59.09989929199219,0.32,16,32.0,"even-indexed (l1, l3, …); LS on next layer",0.3,0.1,1024
3850,Ant-v5,far,0,3004.69384765625,1289.2711988284468,87.19685363769531,0.32,16,32.0,"even-indexed (l1, l3, …); LS on next layer",0.3,0.1,1024
3851,Ant-v5,far,0,2290.407470703125,482.0170995806335,56.80654525756836,0.32,16,32.0,"even-indexed (l1, l3, …); LS on next layer",0.3,0.1,1024
3852,Ant-v5,far,0,1860.265380859375,729.2319390747992,69.44051361083984,0.32,16,32.0,"even-indexed (l1, l3, …); LS on next layer",0.3,0.1,1024
3853,Ant-v5,far,0,615.7924194335938,411.51456730648874,57.821876525878906,0.32,16,32.0,"even-indexed (l1, l3, …); LS on next layer",0.3,0.1,1024
3854,Ant-v5,far,0,910.1432495117188,309.5873653706084,49.83911895751953,0.32,16,32.0,"even-indexed (l1, l3, …); LS on next layer",0.3,0.1,1024
3855,Ant-v5,far,0,1891.0528564453125,1193.8725497213672,74.1431655883789,0.32,16,32.0,"even-indexed (l1, l3, …); LS on next layer",0.3,0.1,1024
3856,Ant-v5,far,0,4489.13232421875,848.2872784755702,83.42543029785156,0.32,16,32.0,"even-indexed (l1, l3, …); LS on next layer",0.3,0.1,1024
3857,Ant-v5,far,0,1137.23828125,498.3402574206957,45.543006896972656,0.32,16,32.0,"even-indexed (l1, l3, …); LS on next layer",0.3,0.1,1024
3858,Ant-v5,far,0,1013.8536376953125,348.433843867096,52.506752014160156,0.32,16,32.0,"even-indexed (l1, l3, …); LS on next layer",0.3,0.1,1024
3859,Ant-v5,far,0,2446.646484375,427.7837111081907,43.446407318115234,0.32,16,32.0,"even-indexed (l1, l3, …); LS on next layer",0.3,0.1,1024
3860,Ant-v5,far,0,1241.8494873046875,425.7711940769208,85.3456039428711,0.32,16,32.0,"even-indexed (l1, l3, …); LS on next layer",0.3,0.1,1024
3861,Ant-v5,far,0,3594.629150390625,1024.7255104933938,76.31114196777344,0.32,16,32.0,"even-indexed (l1, l3, …); LS on next layer",0.3,0.1,1024
3862,Ant-v5,far,0,1256.1326904296875,256.4679804872248,46.89393997192383,0.32,16,32.0,"even-indexed (l1, l3, …); LS on next layer",0.3,0.1,1024
3863,Ant-v5,far,0,2791.0732421875,758.6553250365371,77.49649047851562,0.32,16,32.0,"even-indexed (l1, l3, …); LS on next layer",0.3,0.1,1024
3864,Ant-v5,far,0,1283.6654052734375,516.875144458197,65.78746795654297,0.32,16,32.0,"even-indexed (l1, l3, …); LS on next layer",0.3,0.1,1024
3865,Ant-v5,far,0,1765.421142578125,390.1621031459076,66.11328125,0.32,16,32.0,"even-indexed (l1, l3, …); LS on next layer",0.3,0.1,1024
3866,Ant-v5,far,0,2141.3544921875,458.1423896399896,49.39208221435547,0.32,16,32.0,"even-indexed (l1, l3, …); LS on next layer",0.3,0.1,1024
3867,Ant-v5,far,0,783.8746948242188,426.96975482913774,43.72273254394531,0.32,16,32.0,"even-indexed (l1, l3, …); LS on next layer",0.3,0.1,1024
3868,Ant-v5,far,0,1312.188232421875,456.9524964857949,60.02278137207031,0.32,16,32.0,"even-indexed (l1, l3, …); LS on next layer",0.3,0.1,1024
3869,Ant-v5,far,0,1364.973876953125,1016.7568394691918,78.78108215332031,0.32,16,32.0,"even-indexed (l1, l3, …); LS on next layer",0.3,0.1,1024
3870,Ant-v5,far,0,2334.496826171875,556.1884484734056,53.1357421875,0.32,16,32.0,"even-indexed (l1, l3, …); LS on next layer",0.3,0.1,1024
3871,Ant-v5,far,0,2830.404052734375,1079.8042455255252,79.78592681884766,0.32,16,32.0,"even-indexed (l1, l3, …); LS on next layer",0.3,0.1,1024
3872,Ant-v5,far,0,1311.66357421875,338.274732238757,58.80630111694336,0.32,16,32.0,"even-indexed (l1, l3, …); LS on next layer",0.3,0.1,1024
3873,Ant-v5,far,0,2119.338134765625,645.3989451259677,68.06016540527344,0.32,16,32.0,"even-indexed (l1, l3, …); LS on next layer",0.3,0.1,1024
3874,Ant-v5,far,0,1770.411865234375,723.5974909183791,70.26651763916016,0.32,16,32.0,"even-indexed (l1, l3, …); LS on next layer",0.3,0.1,1024
3875,Ant-v5,far,0,2365.54296875,684.8225381905478,137.1709747314453,0.32,16,32.0,"even-indexed (l1, l3, …); LS on next layer",0.3,0.1,1024
3876,Ant-v5,far,0,2058.23291015625,468.02121723482264,84.54981231689453,0.32,16,32.0,"even-indexed (l1, l3, …); LS on next layer",0.3,0.1,1024
3877,Ant-v5,far,0,1376.8450927734375,405.2636851390298,66.93343353271484,0.32,16,32.0,"even-indexed (l1, l3, …); LS on next layer",0.3,0.1,1024
3878,Ant-v5,far,0,2306.94189453125,989.6528232884898,69.03241729736328,0.32,16,32.0,"even-indexed (l1, l3, …); LS on next layer",0.3,0.1,1024
3879,Ant-v5,far,0,1465.95361328125,457.32802613103286,62.81513595581055,0.32,16,32.0,"even-indexed (l1, l3, …); LS on next layer",0.3,0.1,1024
3880,Ant-v5,far,0,1263.416748046875,293.3415371472721,48.034420013427734,0.32,16,32.0,"even-indexed (l1, l3, …); LS on next layer",0.3,0.1,1024
3881,Ant-v5,far,0,1100.9912109375,495.63562549585106,55.30710983276367,0.32,16,32.0,"even-indexed (l1, l3, …); LS on next layer",0.3,0.1,1024
3882,Ant-v5,far,0,1323.5086669921875,506.4165699140377,70.33499908447266,0.32,16,32.0,"even-indexed (l1, l3, …); LS on next layer",0.3,0.1,1024
3883,Ant-v5,far,0,2491.30859375,705.7197226276263,60.707923889160156,0.32,16,32.0,"even-indexed (l1, l3, …); LS on next layer",0.3,0.1,1024
3884,Ant-v5,far,0,1603.8380126953125,259.5101332876311,116.89884948730469,0.32,16,32.0,"even-indexed (l1, l3, …); LS on next layer",0.3,0.1,1024
3885,Ant-v5,far,0,2681.395751953125,672.8015211527744,77.26261138916016,0.32,16,32.0,"even-indexed (l1, l3, …); LS on next layer",0.3,0.1,1024
3886,Ant-v5,far,0,1514.66748046875,356.725063457725,77.55398559570312,0.32,16,32.0,"even-indexed (l1, l3, …); LS on next layer",0.3,0.1,1024
3887,Ant-v5,far,0,1904.6451416015625,656.7534067662225,72.28377532958984,0.32,16,32.0,"even-indexed (l1, l3, …); LS on next layer",0.3,0.1,1024
3888,Ant-v5,far,0,1375.47705078125,334.96859916197775,64.82672882080078,0.32,16,32.0,"even-indexed (l1, l3, …); LS on next layer",0.3,0.1,1024
3889,Ant-v5,far,0,984.3111572265625,609.9750858572534,63.792030334472656,0.32,16,32.0,"even-indexed (l1, l3, …); LS on next layer",0.3,0.1,1024
3890,Ant-v5,far,0,662.7671508789062,243.75472301716047,52.03663635253906,0.32,16,32.0,"even-indexed (l1, l3, …); LS on next layer",0.3,0.1,1024
3891,Ant-v5,far,0,2922.15283203125,1233.4852457833003,83.91756439208984,0.32,16,32.0,"even-indexed (l1, l3, …); LS on next layer",0.3,0.1,1024
3892,Ant-v5,far,0,2094.846923828125,393.5595808529207,50.41493225097656,0.32,16,32.0,"even-indexed (l1, l3, …); LS on next layer",0.3,0.1,1024
3893,Ant-v5,far,0,574.96875,221.53426463256648,87.36210632324219,0.32,16,32.0,"even-indexed (l1, l3, …); LS on next layer",0.3,0.1,1024
3894,Ant-v5,far,0,1771.432861328125,693.7492353806514,76.1275634765625,0.32,16,32.0,"even-indexed (l1, l3, …); LS on next layer",0.3,0.1,1024
3895,Ant-v5,far,0,1075.4981689453125,438.8285323036304,62.0244026184082,0.32,16,32.0,"even-indexed (l1, l3, …); LS on next layer",0.3,0.1,1024
3896,Ant-v5,far,0,2873.197265625,745.5875460571759,65.43622589111328,0.32,16,32.0,"even-indexed (l1, l3, …); LS on next layer",0.3,0.1,1024
3897,Ant-v5,far,0,2643.6435546875,1180.4202343761917,78.77236938476562,0.32,16,32.0,"even-indexed (l1, l3, …); LS on next layer",0.3,0.1,1024
3898,Ant-v5,far,0,1347.3111572265625,181.05945633452842,31.802335739135742,0.32,16,32.0,"even-indexed (l1, l3, …); LS on next layer",0.3,0.1,1024
3899,Ant-v5,far,0,3255.535400390625,542.3692785622314,52.38351058959961,0.32,16,32.0,"even-indexed (l1, l3, …); LS on next layer",0.3,0.1,1024
3900,Ant-v5,far,0,2381.901123046875,732.0970760130934,64.00494384765625,0.32,16,32.0,"even-indexed (l1, l3, …); LS on next layer",0.3,0.1,1024
3901,Ant-v5,far,0,994.3282470703125,162.22819001404676,35.77492904663086,0.32,16,32.0,"even-indexed (l1, l3, …); LS on next layer",0.3,0.1,1024
3902,Ant-v5,far,0,2340.7802734375,783.0735885876189,195.4156036376953,0.32,16,32.0,"even-indexed (l1, l3, …); LS on next layer",0.3,0.1,1024
3903,Ant-v5,far,0,1848.959228515625,466.49946547080367,49.69087219238281,0.32,16,32.0,"even-indexed (l1, l3, …); LS on next layer",0.3,0.1,1024
3904,Ant-v5,far,0,875.1668701171875,357.59311516938214,47.06884765625,0.32,16,32.0,"even-indexed (l1, l3, …); LS on next layer",0.3,0.1,1024
3905,Ant-v5,far,0,1109.6253662109375,368.70246892896535,57.51801300048828,0.32,16,32.0,"even-indexed (l1, l3, …); LS on next layer",0.3,0.1,1024
3906,Ant-v5,far,0,1031.52734375,306.1620634093439,48.69519805908203,0.32,16,32.0,"even-indexed (l1, l3, …); LS on next layer",0.3,0.1,1024
3907,Ant-v5,far,0,1206.3743896484375,1203.951387314994,107.04802703857422,0.32,16,32.0,"even-indexed (l1, l3, …); LS on next layer",0.3,0.1,1024
3908,Ant-v5,far,0,1983.2706298828125,916.8800034213289,59.91806411743164,0.32,16,32.0,"even-indexed (l1, l3, …); LS on next layer",0.3,0.1,1024
3909,Ant-v5,far,0,954.0404663085938,212.03088216331935,40.117088317871094,0.32,16,32.0,"even-indexed (l1, l3, …); LS on next layer",0.3,0.1,1024
3910,Ant-v5,far,0,1339.164794921875,363.04308263442454,89.49028015136719,0.32,16,32.0,"even-indexed (l1, l3, …); LS on next layer",0.3,0.1,1024
3911,Ant-v5,far,0,2315.1630859375,729.2923001158945,63.73845672607422,0.32,16,32.0,"even-indexed (l1, l3, …); LS on next layer",0.3,0.1,1024
3912,Ant-v5,far,0,2042.20703125,1283.7085104654475,76.02128601074219,0.32,16,32.0,"even-indexed (l1, l3, …); LS on next layer",0.3,0.1,1024
3913,Ant-v5,far,0,2946.385009765625,1108.866172325037,81.11677551269531,0.32,16,32.0,"even-indexed (l1, l3, …); LS on next layer",0.3,0.1,1024
3914,Ant-v5,far,0,2186.84912109375,1369.5887232629384,79.96751403808594,0.32,16,32.0,"even-indexed (l1, l3, …); LS on next layer",0.3,0.1,1024
3915,Ant-v5,far,0,2047.30322265625,728.7800376432458,82.49385070800781,0.32,16,32.0,"even-indexed (l1, l3, …); LS on next layer",0.3,0.1,1024
3916,Ant-v5,far,0,2141.06494140625,586.654280880071,77.61273193359375,0.32,16,32.0,"even-indexed (l1, l3, …); LS on next layer",0.3,0.1,1024
3917,Ant-v5,far,0,2114.421630859375,414.75048236897715,42.21076965332031,0.32,16,32.0,"even-indexed (l1, l3, …); LS on next layer",0.3,0.1,1024
3918,Ant-v5,far,0,650.597900390625,115.73550425146453,28.75879669189453,0.32,16,32.0,"even-indexed (l1, l3, …); LS on next layer",0.3,0.1,1024
3919,Ant-v5,far,0,865.8750610351562,319.0534629681069,40.9852180480957,0.32,16,32.0,"even-indexed (l1, l3, …); LS on next layer",0.3,0.1,1024
3920,Ant-v5,far,0,1242.1180419921875,782.0790969304611,77.91215515136719,0.32,16,32.0,"even-indexed (l1, l3, …); LS on next layer",0.3,0.1,1024
3921,Ant-v5,far,0,900.058837890625,287.52731757846084,44.70858383178711,0.32,16,32.0,"even-indexed (l1, l3, …); LS on next layer",0.3,0.1,1024
3922,Ant-v5,far,0,1834.544921875,658.7692548408318,59.88161087036133,0.32,16,32.0,"even-indexed (l1, l3, …); LS on next layer",0.3,0.1,1024
3923,Ant-v5,far,0,1832.6536865234375,537.6361873001123,44.95690155029297,0.32,16,32.0,"even-indexed (l1, l3, …); LS on next layer",0.3,0.1,1024
3924,Ant-v5,far,0,1695.5457763671875,512.1865340608701,66.68851470947266,0.32,16,32.0,"even-indexed (l1, l3, …); LS on next layer",0.3,0.1,1024
3925,Ant-v5,far,0,3109.205078125,915.581867994283,75.30794525146484,0.32,16,32.0,"even-indexed (l1, l3, …); LS on next layer",0.3,0.1,1024
3926,Ant-v5,far,0,3420.706298828125,905.2066565782169,61.82545471191406,0.32,16,32.0,"even-indexed (l1, l3, …); LS on next layer",0.3,0.1,1024
3927,Ant-v5,far,0,922.51123046875,364.4527899947793,66.68968963623047,0.32,16,32.0,"even-indexed (l1, l3, …); LS on next layer",0.3,0.1,1024
3928,Ant-v5,far,0,1031.92041015625,401.28760628705277,90.24163818359375,0.32,16,32.0,"even-indexed (l1, l3, …); LS on next layer",0.3,0.1,1024
3929,Ant-v5,far,0,5308.77880859375,1083.0392816685626,79.36799621582031,0.32,16,32.0,"even-indexed (l1, l3, …); LS on next layer",0.3,0.1,1024
3930,Ant-v5,far,0,2964.740234375,951.3552316527882,85.79520416259766,0.32,16,32.0,"even-indexed (l1, l3, …); LS on next layer",0.3,0.1,1024
3931,Ant-v5,far,0,2144.547119140625,556.5427610357209,72.7436752319336,0.32,16,32.0,"even-indexed (l1, l3, …); LS on next layer",0.3,0.1,1024
3932,Ant-v5,far,0,805.7520751953125,156.04197681617123,35.054237365722656,0.32,16,32.0,"even-indexed (l1, l3, …); LS on next layer",0.3,0.1,1024
3933,Ant-v5,far,0,1372.795166015625,391.85260757719334,44.9328498840332,0.32,16,32.0,"even-indexed (l1, l3, …); LS on next layer",0.3,0.1,1024
3934,Ant-v5,far,0,800.731689453125,167.6537829011623,27.193553924560547,0.32,16,32.0,"even-indexed (l1, l3, …); LS on next layer",0.3,0.1,1024
3935,Ant-v5,far,0,6946.38525390625,796.4099428735618,60.44551086425781,0.32,16,32.0,"even-indexed (l1, l3, …); LS on next layer",0.3,0.1,1024
3936,Ant-v5,far,0,1842.842529296875,489.7625120972201,47.99635696411133,0.32,16,32.0,"even-indexed (l1, l3, …); LS on next layer",0.3,0.1,1024
3937,Ant-v5,far,0,1366.512939453125,328.86072993727964,45.16330337524414,0.32,16,32.0,"even-indexed (l1, l3, …); LS on next layer",0.3,0.1,1024
3938,Ant-v5,far,0,2786.104248046875,1510.2714090531613,86.71427917480469,0.32,16,32.0,"even-indexed (l1, l3, …); LS on next layer",0.3,0.1,1024
3939,Ant-v5,far,0,1787.2225341796875,380.9958583204558,55.784767150878906,0.32,16,32.0,"even-indexed (l1, l3, …); LS on next layer",0.3,0.1,1024
3940,Ant-v5,far,0,1264.2847900390625,407.72449808319504,52.39781951904297,0.32,16,32.0,"even-indexed (l1, l3, …); LS on next layer",0.3,0.1,1024
3941,Ant-v5,far,0,1505.376953125,1124.2791657026319,87.2677993774414,0.32,16,32.0,"even-indexed (l1, l3, …); LS on next layer",0.3,0.1,1024
3942,Ant-v5,far,0,861.5206909179688,396.8376508894886,47.721343994140625,0.32,16,32.0,"even-indexed (l1, l3, …); LS on next layer",0.3,0.1,1024
3943,Ant-v5,far,0,6424.4423828125,1821.2275627906092,89.2662582397461,0.32,16,32.0,"even-indexed (l1, l3, …); LS on next layer",0.3,0.1,1024
3944,Ant-v5,far,0,704.311767578125,228.02157470165355,41.16849899291992,0.32,16,32.0,"even-indexed (l1, l3, …); LS on next layer",0.3,0.1,1024
3945,Ant-v5,far,0,1960.667724609375,633.1866537807634,67.54029846191406,0.32,16,32.0,"even-indexed (l1, l3, …); LS on next layer",0.3,0.1,1024
3946,Ant-v5,far,0,1249.85791015625,232.9080658319199,41.60225296020508,0.32,16,32.0,"even-indexed (l1, l3, …); LS on next layer",0.3,0.1,1024
3947,Ant-v5,far,0,1548.1253662109375,417.21612417082133,62.80624008178711,0.32,16,32.0,"even-indexed (l1, l3, …); LS on next layer",0.3,0.1,1024
3948,Ant-v5,far,0,1423.158935546875,1545.6289415292695,67.80891418457031,0.32,16,32.0,"even-indexed (l1, l3, …); LS on next layer",0.3,0.1,1024
3949,Ant-v5,far,0,1845.052490234375,812.1697886249935,79.65453338623047,0.32,16,32.0,"even-indexed (l1, l3, …); LS on next layer",0.3,0.1,1024
3950,Ant-v5,far,0,1312.4501953125,533.937940218387,63.207244873046875,0.32,16,32.0,"even-indexed (l1, l3, …); LS on next layer",0.3,0.1,1024
3951,Ant-v5,far,0,582.2020263671875,262.2633711107976,51.56074142456055,0.32,16,32.0,"even-indexed (l1, l3, …); LS on next layer",0.3,0.1,1024
3952,Ant-v5,far,0,1187.1279296875,223.77800622659572,41.92795944213867,0.32,16,32.0,"even-indexed (l1, l3, …); LS on next layer",0.3,0.1,1024
3953,Ant-v5,far,0,1930.449951171875,344.7210895713855,80.23340606689453,0.32,16,32.0,"even-indexed (l1, l3, …); LS on next layer",0.3,0.1,1024
3954,Ant-v5,far,0,1039.43505859375,320.39420473737505,46.48508071899414,0.32,16,32.0,"even-indexed (l1, l3, …); LS on next layer",0.3,0.1,1024
3955,Ant-v5,far,0,2699.366943359375,461.2425156979972,55.46068572998047,0.32,16,32.0,"even-indexed (l1, l3, …); LS on next layer",0.3,0.1,1024
3956,Ant-v5,far,0,1514.281982421875,236.30772074519706,35.471839904785156,0.32,16,32.0,"even-indexed (l1, l3, …); LS on next layer",0.3,0.1,1024
3957,Ant-v5,far,0,1571.289306640625,869.3495855859974,58.45404052734375,0.32,16,32.0,"even-indexed (l1, l3, …); LS on next layer",0.3,0.1,1024
3958,Ant-v5,far,0,677.448486328125,320.2924970681445,47.250301361083984,0.32,16,32.0,"even-indexed (l1, l3, …); LS on next layer",0.3,0.1,1024
3959,Ant-v5,far,0,1479.1572265625,662.8249813144358,67.5357894897461,0.32,16,32.0,"even-indexed (l1, l3, …); LS on next layer",0.3,0.1,1024
3960,Ant-v5,far,0,1341.6455078125,772.8973015099734,65.633544921875,0.32,16,32.0,"even-indexed (l1, l3, …); LS on next layer",0.3,0.1,1024
3961,Ant-v5,far,0,3670.3056640625,831.6215738211263,67.3243408203125,0.32,16,32.0,"even-indexed (l1, l3, …); LS on next layer",0.3,0.1,1024
3962,Ant-v5,far,0,2004.8536376953125,536.3133051517851,57.1626091003418,0.32,16,32.0,"even-indexed (l1, l3, …); LS on next layer",0.3,0.1,1024
3963,Ant-v5,far,0,1527.0947265625,533.3209664869311,66.30878448486328,0.32,16,32.0,"even-indexed (l1, l3, …); LS on next layer",0.3,0.1,1024
3964,Ant-v5,far,0,952.6331787109375,661.6631719541214,119.75557708740234,0.32,16,32.0,"even-indexed (l1, l3, …); LS on next layer",0.3,0.1,1024
3965,Ant-v5,far,0,1893.6256103515625,885.4537929740505,217.22605895996094,0.32,16,32.0,"even-indexed (l1, l3, …); LS on next layer",0.3,0.1,1024
3966,Ant-v5,far,0,3852.591552734375,841.6915506052325,80.94287872314453,0.32,16,32.0,"even-indexed (l1, l3, …); LS on next layer",0.3,0.1,1024
3967,Ant-v5,far,0,1423.3570556640625,1084.34433328035,160.0081787109375,0.32,16,32.0,"even-indexed (l1, l3, …); LS on next layer",0.3,0.1,1024
3968,Ant-v5,far,0,1371.56005859375,465.228326928148,49.9453239440918,0.32,16,32.0,"even-indexed (l1, l3, …); LS on next layer",0.3,0.1,1024
3969,Ant-v5,far,0,1053.8115234375,458.3242880742305,57.721797943115234,0.32,16,32.0,"even-indexed (l1, l3, …); LS on next layer",0.3,0.1,1024
3970,Ant-v5,far,0,1448.3115234375,620.341474004498,70.20379638671875,0.32,16,32.0,"even-indexed (l1, l3, …); LS on next layer",0.3,0.1,1024
3971,Ant-v5,far,0,621.5230712890625,299.1861426877375,39.575130462646484,0.32,16,32.0,"even-indexed (l1, l3, …); LS on next layer",0.3,0.1,1024
3972,Ant-v5,far,0,2930.1162109375,592.2494221307887,62.87554168701172,0.32,16,32.0,"even-indexed (l1, l3, …); LS on next layer",0.3,0.1,1024
3973,Ant-v5,far,0,1441.08984375,269.8780023253339,40.35891342163086,0.32,16,32.0,"even-indexed (l1, l3, …); LS on next layer",0.3,0.1,1024
3974,Ant-v5,far,0,2834.23681640625,863.3723767153832,62.88494873046875,0.32,16,32.0,"even-indexed (l1, l3, …); LS on next layer",0.3,0.1,1024
3975,Ant-v5,far,0,1316.0262451171875,733.0729228697852,61.46162796020508,0.32,16,32.0,"even-indexed (l1, l3, …); LS on next layer",0.3,0.1,1024
3976,Ant-v5,far,0,2040.36669921875,445.5230843168587,66.5937271118164,0.32,16,32.0,"even-indexed (l1, l3, …); LS on next layer",0.3,0.1,1024
3977,Ant-v5,far,0,1452.393798828125,437.119554465447,56.55910873413086,0.32,16,32.0,"even-indexed (l1, l3, …); LS on next layer",0.3,0.1,1024
3978,Ant-v5,far,0,6122.94091796875,1224.0314855149295,201.14056396484375,0.32,16,32.0,"even-indexed (l1, l3, …); LS on next layer",0.3,0.1,1024
3979,Ant-v5,far,0,1645.3331298828125,612.4677568218765,61.74171447753906,0.32,16,32.0,"even-indexed (l1, l3, …); LS on next layer",0.3,0.1,1024
3980,Ant-v5,far,0,2123.697265625,543.7049494846905,51.56578063964844,0.32,16,32.0,"even-indexed (l1, l3, …); LS on next layer",0.3,0.1,1024
3981,Ant-v5,far,0,1842.28857421875,836.6830859758484,203.43226623535156,0.32,16,32.0,"even-indexed (l1, l3, …); LS on next layer",0.3,0.1,1024
3982,Ant-v5,far,0,1217.3157958984375,223.30275047858314,40.7437629699707,0.32,16,32.0,"even-indexed (l1, l3, …); LS on next layer",0.3,0.1,1024
3983,Ant-v5,far,0,1564.5504150390625,1131.4607763210938,86.01435852050781,0.32,16,32.0,"even-indexed (l1, l3, …); LS on next layer",0.3,0.1,1024
3984,Ant-v5,far,0,1904.73193359375,441.9061276612075,56.51362609863281,0.32,16,32.0,"even-indexed (l1, l3, …); LS on next layer",0.3,0.1,1024
3985,Ant-v5,far,0,6060.74951171875,1822.6528507815187,96.26905059814453,0.32,16,32.0,"even-indexed (l1, l3, …); LS on next layer",0.3,0.1,1024
3986,Ant-v5,far,0,1913.84423828125,753.0436748000792,67.17781066894531,0.32,16,32.0,"even-indexed (l1, l3, …); LS on next layer",0.3,0.1,1024
3987,Ant-v5,far,0,1972.4893798828125,960.9224714666271,62.41815185546875,0.32,16,32.0,"even-indexed (l1, l3, …); LS on next layer",0.3,0.1,1024
3988,Ant-v5,far,0,3000.69140625,1022.4562415013288,90.49563598632812,0.32,16,32.0,"even-indexed (l1, l3, …); LS on next layer",0.3,0.1,1024
3989,Ant-v5,far,0,1768.4500732421875,1046.9257917913806,226.67567443847656,0.32,16,32.0,"even-indexed (l1, l3, …); LS on next layer",0.3,0.1,1024
3990,Ant-v5,far,0,1201.611328125,649.0990422534478,60.02848434448242,0.32,16,32.0,"even-indexed (l1, l3, …); LS on next layer",0.3,0.1,1024
3991,Ant-v5,far,0,1747.26123046875,531.3582553185254,155.957763671875,0.32,16,32.0,"even-indexed (l1, l3, …); LS on next layer",0.3,0.1,1024
3992,Ant-v5,far,0,1442.490234375,360.2022434567501,63.84336471557617,0.32,16,32.0,"even-indexed (l1, l3, …); LS on next layer",0.3,0.1,1024
3993,Ant-v5,far,0,1889.6646728515625,631.2290491572711,80.83297729492188,0.32,16,32.0,"even-indexed (l1, l3, …); LS on next layer",0.3,0.1,1024
3994,Ant-v5,far,0,2181.714111328125,427.9336604724732,49.767642974853516,0.32,16,32.0,"even-indexed (l1, l3, …); LS on next layer",0.3,0.1,1024
3995,Ant-v5,far,0,3052.433349609375,925.498653599332,67.25920104980469,0.32,16,32.0,"even-indexed (l1, l3, …); LS on next layer",0.3,0.1,1024
3996,Ant-v5,far,0,1080.4044189453125,273.0674625520501,36.08692169189453,0.32,16,32.0,"even-indexed (l1, l3, …); LS on next layer",0.3,0.1,1024
3997,Ant-v5,far,0,1350.875,732.9457207885673,64.70435333251953,0.32,16,32.0,"even-indexed (l1, l3, …); LS on next layer",0.3,0.1,1024
3998,Ant-v5,far,0,3279.483642578125,800.7315809600592,64.53353118896484,0.32,16,32.0,"even-indexed (l1, l3, …); LS on next layer",0.3,0.1,1024
3999,Ant-v5,far,0,3009.643798828125,384.1860254210801,73.73961639404297,0.32,16,32.0,"even-indexed (l1, l3, …); LS on next layer",0.3,0.1,1024
