{
  "PnC (LS corr.)": {
    "gamma": {
      "median": 0.017323891332559106,
      "q25": 0.017323891332559106,
      "q75": 0.017323891332559106,
      "values": [
        0.017323891332559106
      ]
    },
    "alpha": {
      "median": 1.0,
      "q25": 1.0,
      "q75": 1.0,
      "values": [
        1.0
      ]
    },
    "h_l2": {
      "median": 8.044102191925049,
      "q25": 8.044102191925049,
      "q75": 8.044102191925049,
      "values": [
        8.044102191925049
      ]
    },
    "dy_median": {
      "median": 0.1391657516360283,
      "q25": 0.1391657516360283,
      "q75": 0.1391657516360283,
      "values": [
        0.1391657516360283
      ]
    }
  },
  "PnC (no corr.)": {
    "gamma": {
      "median": 0.19870912376446753,
      "q25": 0.19870912376446753,
      "q75": 0.19870912376446753,
      "values": [
        0.19870912376446753
      ]
    },
    "alpha": {
      "median": 1.0,
      "q25": 1.0,
      "q75": 1.0,
      "values": [
        1.0
      ]
    },
    "h_l2": {
      "median": 8.044102191925049,
      "q25": 8.044102191925049,
      "q75": 8.044102191925049,
      "values": [
        8.044102191925049
      ]
    },
    "dy_median": {
      "median": 1.5713812708854675,
      "q25": 1.5713812708854675,
      "q75": 1.5713812708854675,
      "values": [
        1.5713812708854675
      ]
    }
  },
  "SWAG": {
    "gamma": {
      "median": 0.12558633177653272,
      "q25": 0.12558633177653272,
      "q75": 0.12558633177653272,
      "values": [
        0.12558633177653272
      ]
    },
    "alpha": {
      "median": 0.002120559918694198,
      "q25": 0.002120559918694198,
      "q75": 0.002120559918694198,
      "values": [
        0.002120559918694198
      ]
    },
    "h_l2": {
      "median": 2.193920135498047,
      "q25": 2.193920135498047,
      "q75": 2.193920135498047,
      "values": [
        2.193920135498047
      ]
    },
    "dy_median": {
      "median": 0.27453818917274475,
      "q25": 0.27453818917274475,
      "q75": 0.27453818917274475,
      "values": [
        0.27453818917274475
      ]
    }
  },
  "Subspace": {
    "gamma": {
      "median": 0.7675387810670272,
      "q25": 0.7675387810670272,
      "q75": 0.7675387810670272,
      "values": [
        0.7675387810670272
      ]
    },
    "alpha": {
      "median": 0.0017770400154404342,
      "q25": 0.0017770400154404342,
      "q75": 0.0017770400154404342,
      "values": [
        0.0017770400154404342
      ]
    },
    "h_l2": {
      "median": 0.6641945540904999,
      "q25": 0.6641945540904999,
      "q75": 0.6641945540904999,
      "values": [
        0.6641945540904999
      ]
    },
    "dy_median": {
      "median": 0.5357690155506134,
      "q25": 0.5357690155506134,
      "q75": 0.5357690155506134,
      "values": [
        0.5357690155506134
      ]
    }
  }
}