{
  "PnC (LS corr.)": {
    "gamma": {
      "median": 0.39634128255165557,
      "q25": 0.39634128255165557,
      "q75": 0.39634128255165557,
      "values": [
        0.39634128255165557
      ]
    },
    "alpha": {
      "median": 1.0,
      "q25": 1.0,
      "q75": 1.0,
      "values": [
        1.0
      ]
    },
    "h_l2": {
      "median": 1.3940806984901428,
      "q25": 1.3940806984901428,
      "q75": 1.3940806984901428,
      "values": [
        1.3940806984901428
      ]
    },
    "dy_median": {
      "median": 0.5513211190700531,
      "q25": 0.5513211190700531,
      "q75": 0.5513211190700531,
      "values": [
        0.5513211190700531
      ]
    },
    "gamma_ood": {
      "median": 3.2569027363661833,
      "q25": 3.2569027363661833,
      "q75": 3.2569027363661833,
      "values": [
        3.2569027363661833
      ]
    },
    "h_l2_ood": {
      "median": 3.2721980810165405,
      "q25": 3.2721980810165405,
      "q75": 3.2721980810165405,
      "values": [
        3.2721980810165405
      ]
    },
    "dy_median_ood": {
      "median": 10.575041770935059,
      "q25": 10.575041770935059,
      "q75": 10.575041770935059,
      "values": [
        10.575041770935059
      ]
    }
  },
  "PnC (no corr.)": {
    "gamma": {
      "median": 1.7463954557348673,
      "q25": 1.7463954557348673,
      "q75": 1.7463954557348673,
      "values": [
        1.7463954557348673
      ]
    },
    "alpha": {
      "median": 1.0,
      "q25": 1.0,
      "q75": 1.0,
      "values": [
        1.0
      ]
    },
    "h_l2": {
      "median": 1.3940806984901428,
      "q25": 1.3940806984901428,
      "q75": 1.3940806984901428,
      "values": [
        1.3940806984901428
      ]
    },
    "dy_median": {
      "median": 2.4291409254074097,
      "q25": 2.4291409254074097,
      "q75": 2.4291409254074097,
      "values": [
        2.4291409254074097
      ]
    },
    "gamma_ood": {
      "median": 0.9184299179717978,
      "q25": 0.9184299179717978,
      "q75": 0.9184299179717978,
      "values": [
        0.9184299179717978
      ]
    },
    "h_l2_ood": {
      "median": 3.2721980810165405,
      "q25": 3.2721980810165405,
      "q75": 3.2721980810165405,
      "values": [
        3.2721980810165405
      ]
    },
    "dy_median_ood": {
      "median": 2.9786181449890137,
      "q25": 2.9786181449890137,
      "q75": 2.9786181449890137,
      "values": [
        2.9786181449890137
      ]
    }
  },
  "SWAG": {
    "gamma": {
      "median": 4.024520834684791,
      "q25": 4.024520834684791,
      "q75": 4.024520834684791,
      "values": [
        4.024520834684791
      ]
    },
    "alpha": {
      "median": 0.0005359764909371734,
      "q25": 0.0005359764909371734,
      "q75": 0.0005359764909371734,
      "values": [
        0.0005359764909371734
      ]
    },
    "h_l2": {
      "median": 1.1997294425964355,
      "q25": 1.1997294425964355,
      "q75": 1.1997294425964355,
      "values": [
        1.1997294425964355
      ]
    },
    "dy_median": {
      "median": 4.794579029083252,
      "q25": 4.794579029083252,
      "q75": 4.794579029083252,
      "values": [
        4.794579029083252
      ]
    },
    "gamma_ood": {
      "median": 1.5162880174704005,
      "q25": 1.5162880174704005,
      "q75": 1.5162880174704005,
      "values": [
        1.5162880174704005
      ]
    },
    "h_l2_ood": {
      "median": 2.3953230381011963,
      "q25": 2.3953230381011963,
      "q75": 2.3953230381011963,
      "values": [
        2.3953230381011963
      ]
    },
    "dy_median_ood": {
      "median": 3.6217719316482544,
      "q25": 3.6217719316482544,
      "q75": 3.6217719316482544,
      "values": [
        3.6217719316482544
      ]
    }
  },
  "Subspace": {
    "gamma": {
      "median": 5.031003957140887,
      "q25": 5.031003957140887,
      "q75": 5.031003957140887,
      "values": [
        5.031003957140887
      ]
    },
    "alpha": {
      "median": 0.0009125459182541817,
      "q25": 0.0009125459182541817,
      "q75": 0.0009125459182541817,
      "values": [
        0.0009125459182541817
      ]
    },
    "h_l2": {
      "median": 1.212653636932373,
      "q25": 1.212653636932373,
      "q75": 1.212653636932373,
      "values": [
        1.212653636932373
      ]
    },
    "dy_median": {
      "median": 6.044403553009033,
      "q25": 6.044403553009033,
      "q75": 6.044403553009033,
      "values": [
        6.044403553009033
      ]
    },
    "gamma_ood": {
      "median": 4.899808062484867,
      "q25": 4.899808062484867,
      "q75": 4.899808062484867,
      "values": [
        4.899808062484867
      ]
    },
    "h_l2_ood": {
      "median": 1.1804271340370178,
      "q25": 1.1804271340370178,
      "q75": 1.1804271340370178,
      "values": [
        1.1804271340370178
      ]
    },
    "dy_median_ood": {
      "median": 5.744033098220825,
      "q25": 5.744033098220825,
      "q75": 5.744033098220825,
      "values": [
        5.744033098220825
      ]
    }
  },
  "Laplace": {
    "gamma": {
      "median": 1.920718949753335,
      "q25": 1.920718949753335,
      "q75": 1.920718949753335,
      "values": [
        1.920718949753335
      ]
    },
    "alpha": {
      "median": 0.0006692653987556696,
      "q25": 0.0006692653987556696,
      "q75": 0.0006692653987556696,
      "values": [
        0.0006692653987556696
      ]
    },
    "h_l2": {
      "median": 1.2190563678741455,
      "q25": 1.2190563678741455,
      "q75": 1.2190563678741455,
      "values": [
        1.2190563678741455
      ]
    },
    "dy_median": {
      "median": 2.374652624130249,
      "q25": 2.374652624130249,
      "q75": 2.374652624130249,
      "values": [
        2.374652624130249
      ]
    },
    "gamma_ood": {
      "median": 0.8643312542614272,
      "q25": 0.8643312542614272,
      "q75": 0.8643312542614272,
      "values": [
        0.8643312542614272
      ]
    },
    "h_l2_ood": {
      "median": 3.11049747467041,
      "q25": 3.11049747467041,
      "q75": 3.11049747467041,
      "values": [
        3.11049747467041
      ]
    },
    "dy_median_ood": {
      "median": 2.7127599716186523,
      "q25": 2.7127599716186523,
      "q75": 2.7127599716186523,
      "values": [
        2.7127599716186523
      ]
    }
  }
}