{
  "PnC (LS corr.)": {
    "gamma": {
      "median": 0.07580764569396525,
      "q25": 0.07580764569396525,
      "q75": 0.07580764569396525,
      "values": [
        0.07580764569396525
      ]
    },
    "alpha": {
      "median": 1.0,
      "q25": 1.0,
      "q75": 1.0,
      "values": [
        1.0
      ]
    },
    "h_l2": {
      "median": 9.838954448699951,
      "q25": 9.838954448699951,
      "q75": 9.838954448699951,
      "values": [
        9.838954448699951
      ]
    },
    "dy_median": {
      "median": 0.7405248880386353,
      "q25": 0.7405248880386353,
      "q75": 0.7405248880386353,
      "values": [
        0.7405248880386353
      ]
    },
    "gamma_ood": {
      "median": 0.6179832379116894,
      "q25": 0.6179832379116894,
      "q75": 0.6179832379116894,
      "values": [
        0.6179832379116894
      ]
    },
    "h_l2_ood": {
      "median": 14.10224437713623,
      "q25": 14.10224437713623,
      "q75": 14.10224437713623,
      "values": [
        14.10224437713623
      ]
    },
    "dy_median_ood": {
      "median": 8.926167964935303,
      "q25": 8.926167964935303,
      "q75": 8.926167964935303,
      "values": [
        8.926167964935303
      ]
    }
  },
  "PnC (no corr.)": {
    "gamma": {
      "median": 1.0066584991184429,
      "q25": 1.0066584991184429,
      "q75": 1.0066584991184429,
      "values": [
        1.0066584991184429
      ]
    },
    "alpha": {
      "median": 1.0,
      "q25": 1.0,
      "q75": 1.0,
      "values": [
        1.0
      ]
    },
    "h_l2": {
      "median": 9.838954448699951,
      "q25": 9.838954448699951,
      "q75": 9.838954448699951,
      "values": [
        9.838954448699951
      ]
    },
    "dy_median": {
      "median": 10.398592948913574,
      "q25": 10.398592948913574,
      "q75": 10.398592948913574,
      "values": [
        10.398592948913574
      ]
    },
    "gamma_ood": {
      "median": 0.7486084386886008,
      "q25": 0.7486084386886008,
      "q75": 0.7486084386886008,
      "values": [
        0.7486084386886008
      ]
    },
    "h_l2_ood": {
      "median": 14.10224437713623,
      "q25": 14.10224437713623,
      "q75": 14.10224437713623,
      "values": [
        14.10224437713623
      ]
    },
    "dy_median_ood": {
      "median": 10.414660930633545,
      "q25": 10.414660930633545,
      "q75": 10.414660930633545,
      "values": [
        10.414660930633545
      ]
    }
  },
  "SWAG": {
    "gamma": {
      "median": 4.024520834684791,
      "q25": 4.024520834684791,
      "q75": 4.024520834684791,
      "values": [
        4.024520834684791
      ]
    },
    "alpha": {
      "median": 0.0005359764909371734,
      "q25": 0.0005359764909371734,
      "q75": 0.0005359764909371734,
      "values": [
        0.0005359764909371734
      ]
    },
    "h_l2": {
      "median": 1.1997294425964355,
      "q25": 1.1997294425964355,
      "q75": 1.1997294425964355,
      "values": [
        1.1997294425964355
      ]
    },
    "dy_median": {
      "median": 4.794579029083252,
      "q25": 4.794579029083252,
      "q75": 4.794579029083252,
      "values": [
        4.794579029083252
      ]
    },
    "gamma_ood": {
      "median": 1.5162880174704005,
      "q25": 1.5162880174704005,
      "q75": 1.5162880174704005,
      "values": [
        1.5162880174704005
      ]
    },
    "h_l2_ood": {
      "median": 2.3953230381011963,
      "q25": 2.3953230381011963,
      "q75": 2.3953230381011963,
      "values": [
        2.3953230381011963
      ]
    },
    "dy_median_ood": {
      "median": 3.6217719316482544,
      "q25": 3.6217719316482544,
      "q75": 3.6217719316482544,
      "values": [
        3.6217719316482544
      ]
    }
  },
  "Subspace": {
    "gamma": {
      "median": 5.031003957140887,
      "q25": 5.031003957140887,
      "q75": 5.031003957140887,
      "values": [
        5.031003957140887
      ]
    },
    "alpha": {
      "median": 0.0009125459182541817,
      "q25": 0.0009125459182541817,
      "q75": 0.0009125459182541817,
      "values": [
        0.0009125459182541817
      ]
    },
    "h_l2": {
      "median": 1.212653636932373,
      "q25": 1.212653636932373,
      "q75": 1.212653636932373,
      "values": [
        1.212653636932373
      ]
    },
    "dy_median": {
      "median": 6.044403553009033,
      "q25": 6.044403553009033,
      "q75": 6.044403553009033,
      "values": [
        6.044403553009033
      ]
    },
    "gamma_ood": {
      "median": 4.899808062484867,
      "q25": 4.899808062484867,
      "q75": 4.899808062484867,
      "values": [
        4.899808062484867
      ]
    },
    "h_l2_ood": {
      "median": 1.1804271340370178,
      "q25": 1.1804271340370178,
      "q75": 1.1804271340370178,
      "values": [
        1.1804271340370178
      ]
    },
    "dy_median_ood": {
      "median": 5.744033098220825,
      "q25": 5.744033098220825,
      "q75": 5.744033098220825,
      "values": [
        5.744033098220825
      ]
    }
  },
  "Laplace": {
    "gamma": {
      "median": 1.920718949753335,
      "q25": 1.920718949753335,
      "q75": 1.920718949753335,
      "values": [
        1.920718949753335
      ]
    },
    "alpha": {
      "median": 0.0006692653987556696,
      "q25": 0.0006692653987556696,
      "q75": 0.0006692653987556696,
      "values": [
        0.0006692653987556696
      ]
    },
    "h_l2": {
      "median": 1.2190563678741455,
      "q25": 1.2190563678741455,
      "q75": 1.2190563678741455,
      "values": [
        1.2190563678741455
      ]
    },
    "dy_median": {
      "median": 2.374652624130249,
      "q25": 2.374652624130249,
      "q75": 2.374652624130249,
      "values": [
        2.374652624130249
      ]
    },
    "gamma_ood": {
      "median": 0.8643312542614272,
      "q25": 0.8643312542614272,
      "q75": 0.8643312542614272,
      "values": [
        0.8643312542614272
      ]
    },
    "h_l2_ood": {
      "median": 3.11049747467041,
      "q25": 3.11049747467041,
      "q75": 3.11049747467041,
      "values": [
        3.11049747467041
      ]
    },
    "dy_median_ood": {
      "median": 2.7127599716186523,
      "q25": 2.7127599716186523,
      "q75": 2.7127599716186523,
      "values": [
        2.7127599716186523
      ]
    }
  }
}