{
  "PnC (LS corr.)": {
    "gamma": {
      "median": 0.024656528324277942,
      "q25": 0.024656528324277942,
      "q75": 0.024656528324277942,
      "values": [
        0.024656528324277942
      ]
    },
    "alpha": {
      "median": 1.0,
      "q25": 1.0,
      "q75": 1.0,
      "values": [
        1.0
      ]
    },
    "h_l2": {
      "median": 31.540072441101074,
      "q25": 31.540072441101074,
      "q75": 31.540072441101074,
      "values": [
        31.540072441101074
      ]
    },
    "dy_median": {
      "median": 0.770297110080719,
      "q25": 0.770297110080719,
      "q75": 0.770297110080719,
      "values": [
        0.770297110080719
      ]
    }
  },
  "PnC (no corr.)": {
    "gamma": {
      "median": 1.7463954557348673,
      "q25": 1.7463954557348673,
      "q75": 1.7463954557348673,
      "values": [
        1.7463954557348673
      ]
    },
    "alpha": {
      "median": 1.0,
      "q25": 1.0,
      "q75": 1.0,
      "values": [
        1.0
      ]
    },
    "h_l2": {
      "median": 1.3940806984901428,
      "q25": 1.3940806984901428,
      "q75": 1.3940806984901428,
      "values": [
        1.3940806984901428
      ]
    },
    "dy_median": {
      "median": 2.4291409254074097,
      "q25": 2.4291409254074097,
      "q75": 2.4291409254074097,
      "values": [
        2.4291409254074097
      ]
    }
  },
  "SWAG": {
    "gamma": {
      "median": 4.024520834684791,
      "q25": 4.024520834684791,
      "q75": 4.024520834684791,
      "values": [
        4.024520834684791
      ]
    },
    "alpha": {
      "median": 0.0005170918011572212,
      "q25": 0.0005170918011572212,
      "q75": 0.0005170918011572212,
      "values": [
        0.0005170918011572212
      ]
    },
    "h_l2": {
      "median": 1.1997294425964355,
      "q25": 1.1997294425964355,
      "q75": 1.1997294425964355,
      "values": [
        1.1997294425964355
      ]
    },
    "dy_median": {
      "median": 4.794579029083252,
      "q25": 4.794579029083252,
      "q75": 4.794579029083252,
      "values": [
        4.794579029083252
      ]
    }
  },
  "Subspace": {
    "gamma": {
      "median": 5.031003957140887,
      "q25": 5.031003957140887,
      "q75": 5.031003957140887,
      "values": [
        5.031003957140887
      ]
    },
    "alpha": {
      "median": 0.0009125459182541817,
      "q25": 0.0009125459182541817,
      "q75": 0.0009125459182541817,
      "values": [
        0.0009125459182541817
      ]
    },
    "h_l2": {
      "median": 1.212653636932373,
      "q25": 1.212653636932373,
      "q75": 1.212653636932373,
      "values": [
        1.212653636932373
      ]
    },
    "dy_median": {
      "median": 6.044403553009033,
      "q25": 6.044403553009033,
      "q75": 6.044403553009033,
      "values": [
        6.044403553009033
      ]
    }
  }
}