global_row,imagenet_path,class,split_seed
0,n03954731_53652_n03954731.JPEG,726,20260813
2,n01534433_11766_n01534433.JPEG,13,20260813
7,n03452741_11539_n03452741.JPEG,579,20260813
47,n04367480_2685_n04367480.JPEG,840,20260813
78,n04152593_9311_n04152593.JPEG,782,20260813
95,n02445715_12175_n02445715.JPEG,361,20260813
97,n03443371_9070_n03443371.JPEG,572,20260813
99,n02168699_522_n02168699.JPEG,303,20260813
112,n04311004_2467_n04311004.JPEG,821,20260813
120,n03476684_19854_n03476684.JPEG,584,20260813
121,n03983396_6084_n03983396.JPEG,737,20260813
145,n04090263_29371_n04090263.JPEG,764,20260813
159,n04065272_29695_n04065272.JPEG,757,20260813
190,n03976657_47183_n03976657.JPEG,733,20260813
197,n03998194_1849_n03998194.JPEG,741,20260813
199,n03661043_9802_n03661043.JPEG,624,20260813
218,n03976657_23411_n03976657.JPEG,733,20260813
231,n02112350_260_n02112350.JPEG,261,20260813
243,n03895866_28713_n03895866.JPEG,705,20260813
250,n07831146_3175_n07831146.JPEG,959,20260813
263,n02823428_6199_n02823428.JPEG,440,20260813
290,n03110669_17610_n03110669.JPEG,513,20260813
298,n04026417_92321_n04026417.JPEG,748,20260813
322,n02236044_3729_n02236044.JPEG,315,20260813
325,n04532106_17258_n04532106.JPEG,887,20260813
353,n02108422_5503_n02108422.JPEG,243,20260813
375,n02101556_4142_n02101556.JPEG,216,20260813
389,n03207743_19808_n03207743.JPEG,533,20260813
458,n07734744_7046_n07734744.JPEG,947,20260813
463,n07583066_811_n07583066.JPEG,924,20260813
484,n03047690_19207_n03047690.JPEG,502,20260813
499,n09256479_1712_n09256479.JPEG,973,20260813
548,n02085936_9088_n02085936.JPEG,153,20260813
567,n02492660_5246_n02492660.JPEG,379,20260813
589,n03133878_5392_n03133878.JPEG,521,20260813
601,n03417042_1176_n03417042.JPEG,569,20260813
646,n03970156_27616_n03970156.JPEG,731,20260813
674,n03018349_11443_n03018349.JPEG,495,20260813
680,n04606251_2813_n04606251.JPEG,913,20260813
688,n02165456_8497_n02165456.JPEG,301,20260813
745,n02091467_1185_n02091467.JPEG,174,20260813
751,n09193705_8698_n09193705.JPEG,970,20260813
757,n04311174_9851_n04311174.JPEG,822,20260813
767,n01978287_1268_n01978287.JPEG,118,20260813
783,n02676566_8968_n02676566.JPEG,402,20260813
785,n02443484_2566_n02443484.JPEG,359,20260813
797,n02092002_13173_n02092002.JPEG,177,20260813
839,n02099601_9936_n02099601.JPEG,207,20260813
840,n01560419_3443_n01560419.JPEG,16,20260813
848,n02823750_5539_n02823750.JPEG,441,20260813
859,n02363005_7339_n02363005.JPEG,337,20260813
860,n02107142_58384_n02107142.JPEG,236,20260813
862,n02108915_8098_n02108915.JPEG,245,20260813
877,n06359193_29028_n06359193.JPEG,916,20260813
909,n04542943_7228_n04542943.JPEG,891,20260813
943,n03777754_9076_n03777754.JPEG,662,20260813
956,n02326432_10504_n02326432.JPEG,331,20260813
961,n02085936_5068_n02085936.JPEG,153,20260813
971,n02443484_12147_n02443484.JPEG,359,20260813
994,n04149813_5580_n04149813.JPEG,781,20260813
996,n02869837_22373_n02869837.JPEG,452,20260813
1012,n02643566_1821_n02643566.JPEG,396,20260813
1028,n03947888_9353_n03947888.JPEG,724,20260813
1029,n02007558_863_n02007558.JPEG,130,20260813
1044,n02018795_16255_n02018795.JPEG,138,20260813
1050,n07717410_8105_n07717410.JPEG,941,20260813
1059,n02917067_16694_n02917067.JPEG,466,20260813
1072,n03895866_101364_n03895866.JPEG,705,20260813
1083,n07875152_1880_n07875152.JPEG,964,20260813
1096,n03796401_11076_n03796401.JPEG,675,20260813
1098,n02098105_900_n02098105.JPEG,202,20260813
1099,n03976467_20156_n03976467.JPEG,732,20260813
1110,n01943899_13657_n01943899.JPEG,112,20260813
1111,n02398521_11011_n02398521.JPEG,344,20260813
1113,n01820546_15914_n01820546.JPEG,90,20260813
1131,n03724870_20304_n03724870.JPEG,643,20260813
1138,n03240683_315_n03240683.JPEG,540,20260813
1155,n03642806_15734_n03642806.JPEG,620,20260813
1159,n02363005_14662_n02363005.JPEG,337,20260813
1176,n02056570_9630_n02056570.JPEG,145,20260813
1178,n03627232_20735_n03627232.JPEG,616,20260813
1181,n02483362_2312_n02483362.JPEG,368,20260813
1185,n02859443_29119_n02859443.JPEG,449,20260813
1217,n02814533_33666_n02814533.JPEG,436,20260813
1258,n04204347_9874_n04204347.JPEG,791,20260813
1263,n02403003_954_n02403003.JPEG,345,20260813
1274,n04532106_11188_n04532106.JPEG,887,20260813
1281,n04264628_8406_n04264628.JPEG,810,20260813
1297,n03657121_12691_n03657121.JPEG,622,20260813
1322,n04487081_17625_n04487081.JPEG,874,20260813
1338,n03492542_27439_n03492542.JPEG,592,20260813
1353,n07747607_19877_n07747607.JPEG,950,20260813
1370,n02111277_13930_n02111277.JPEG,256,20260813
1380,n03721384_1866_n03721384.JPEG,642,20260813
1382,n07760859_10242_n07760859.JPEG,956,20260813
1387,n04350905_20052_n04350905.JPEG,834,20260813
1390,n03877845_13919_n03877845.JPEG,698,20260813
1403,n03085013_29318_n03085013.JPEG,508,20260813
1413,n02090379_9802_n02090379.JPEG,168,20260813
1437,n02165105_9652_n02165105.JPEG,300,20260813
1443,n04336792_16545_n04336792.JPEG,830,20260813
1467,n07753113_35199_n07753113.JPEG,952,20260813
1471,n03670208_24134_n03670208.JPEG,627,20260813
1493,n02097474_3231_n02097474.JPEG,200,20260813
1497,n01847000_10635_n01847000.JPEG,97,20260813
1550,n07873807_11663_n07873807.JPEG,963,20260813
1552,n02447366_3423_n02447366.JPEG,362,20260813
1603,n03825788_4653_n03825788.JPEG,680,20260813
1612,n02412080_13346_n02412080.JPEG,348,20260813
1613,n04367480_7937_n04367480.JPEG,840,20260813
1619,n02112350_2709_n02112350.JPEG,261,20260813
1622,n04239074_180_n04239074.JPEG,799,20260813
1638,n01773157_2245_n01773157.JPEG,72,20260813
1665,n03018349_8306_n03018349.JPEG,495,20260813
1674,n02117135_1777_n02117135.JPEG,276,20260813
1678,n04090263_200_n04090263.JPEG,764,20260813
1692,n02494079_3088_n02494079.JPEG,382,20260813
1693,n03016953_4514_n03016953.JPEG,493,20260813
1725,n07753592_12702_n07753592.JPEG,954,20260813
1736,n02137549_9821_n02137549.JPEG,298,20260813
1749,n03630383_1899_n03630383.JPEG,617,20260813
1759,n03895866_64425_n03895866.JPEG,705,20260813
1766,n02167151_11959_n02167151.JPEG,302,20260813
1786,n04209239_7900_n04209239.JPEG,794,20260813
1789,n03535780_13965_n03535780.JPEG,602,20260813
1802,n03930630_1138_n03930630.JPEG,717,20260813
1818,n03895866_28951_n03895866.JPEG,705,20260813
1834,n11939491_7543_n11939491.JPEG,985,20260813
1845,n03627232_55386_n03627232.JPEG,616,20260813
1850,n02105251_6459_n02105251.JPEG,226,20260813
1865,n03538406_3059_n03538406.JPEG,603,20260813
1879,n09246464_9406_n09246464.JPEG,972,20260813
1936,n03482405_23152_n03482405.JPEG,588,20260813
1940,n01768244_3151_n01768244.JPEG,69,20260813
1957,n01665541_18249_n01665541.JPEG,34,20260813
1970,n03355925_2006_n03355925.JPEG,557,20260813
2008,n02113186_13608_n02113186.JPEG,264,20260813
2025,n04074963_891_n04074963.JPEG,761,20260813
2041,n02128757_6147_n02128757.JPEG,289,20260813
2042,n03710637_2051_n03710637.JPEG,638,20260813
2052,n03930630_15187_n03930630.JPEG,717,20260813
2053,n02088466_998_n02088466.JPEG,163,20260813
2055,n03424325_15089_n03424325.JPEG,570,20260813
2066,n03877472_23918_n03877472.JPEG,697,20260813
2075,n02403003_6367_n02403003.JPEG,345,20260813
2119,n03843555_5732_n03843555.JPEG,686,20260813
2122,n02088238_13799_n02088238.JPEG,161,20260813
2153,n07753592_18_n07753592.JPEG,954,20260813
2157,n09468604_94456_n09468604.JPEG,979,20260813
2158,n01698640_2062_n01698640.JPEG,50,20260813
2163,n04417672_10602_n04417672.JPEG,853,20260813
2166,n07584110_441_n07584110.JPEG,925,20260813
2195,n02492035_17479_n02492035.JPEG,378,20260813
2199,n03026506_2563_n03026506.JPEG,496,20260813
2200,n07613480_6601_n07613480.JPEG,927,20260813
2227,n02112706_3923_n02112706.JPEG,262,20260813
2277,n03028079_53734_n03028079.JPEG,497,20260813
2366,n02113799_537_n02113799.JPEG,267,20260813
2374,n03481172_7350_n03481172.JPEG,587,20260813
2378,n02177972_3518_n02177972.JPEG,307,20260813
2380,n02910353_6956_n02910353.JPEG,464,20260813
2386,n07248320_54837_n07248320.JPEG,921,20260813
2406,n02799071_30369_n02799071.JPEG,429,20260813
2407,n02096177_2203_n02096177.JPEG,192,20260813
2428,n04192698_6147_n04192698.JPEG,787,20260813
2432,n09246464_41568_n09246464.JPEG,972,20260813
2440,n04074963_2690_n04074963.JPEG,761,20260813
2447,n04371774_3724_n04371774.JPEG,843,20260813
2450,n13044778_4256_n13044778.JPEG,995,20260813
2453,n02018207_11250_n02018207.JPEG,137,20260813
2459,n04399382_7973_n04399382.JPEG,850,20260813
2470,n01443537_4572_n01443537.JPEG,1,20260813
2478,n04355338_6070_n04355338.JPEG,835,20260813
2492,n04019541_4621_n04019541.JPEG,746,20260813
2495,n03976467_11775_n03976467.JPEG,732,20260813
2522,n01776313_24470_n01776313.JPEG,78,20260813
2534,n03272562_9382_n03272562.JPEG,547,20260813
2538,n04399382_14785_n04399382.JPEG,850,20260813
2563,n02091831_7081_n02091831.JPEG,176,20260813
2577,n04429376_9471_n04429376.JPEG,857,20260813
2618,n01742172_1654_n01742172.JPEG,61,20260813
2622,n03793489_8343_n03793489.JPEG,673,20260813
2627,n04443257_46315_n04443257.JPEG,860,20260813
2693,n01685808_7839_n01685808.JPEG,41,20260813
2716,n02093428_7383_n02093428.JPEG,180,20260813
2724,n01784675_4386_n01784675.JPEG,79,20260813
2726,n02096585_12549_n02096585.JPEG,195,20260813
2748,n04525305_8173_n04525305.JPEG,886,20260813
2756,n01689811_8108_n01689811.JPEG,44,20260813
2775,n03866082_518_n03866082.JPEG,689,20260813
2777,n03903868_120290_n03903868.JPEG,708,20260813
2782,n02264363_13031_n02264363.JPEG,318,20260813
2788,n03690938_25703_n03690938.JPEG,631,20260813
2793,n01632777_11138_n01632777.JPEG,29,20260813
2799,n03109150_35528_n03109150.JPEG,512,20260813
2810,n03388549_2668_n03388549.JPEG,564,20260813
2820,n03623198_8987_n03623198.JPEG,615,20260813
2854,n01667114_15884_n01667114.JPEG,35,20260813
2884,n07717410_9296_n07717410.JPEG,941,20260813
2930,n02704792_2176_n02704792.JPEG,408,20260813
2938,n02749479_2570_n02749479.JPEG,413,20260813
2950,n01537544_8709_n01537544.JPEG,14,20260813
2959,n04505470_5099_n04505470.JPEG,878,20260813
2960,n07697313_10169_n07697313.JPEG,933,20260813
2987,n02012849_10215_n02012849.JPEG,134,20260813
2988,n04146614_2652_n04146614.JPEG,779,20260813
2990,n03461385_16400_n03461385.JPEG,582,20260813
2992,n04200800_13083_n04200800.JPEG,788,20260813
2994,n03476991_16771_n03476991.JPEG,585,20260813
3032,n02966687_645_n02966687.JPEG,477,20260813
3058,n07684084_2465_n07684084.JPEG,930,20260813
3069,n01776313_6787_n01776313.JPEG,78,20260813
3072,n01688243_1786_n01688243.JPEG,43,20260813
3096,n02088466_11150_n02088466.JPEG,163,20260813
3105,n01734418_8339_n01734418.JPEG,56,20260813
3107,n03775546_9742_n03775546.JPEG,659,20260813
3121,n04228054_6367_n04228054.JPEG,795,20260813
3144,n04111531_9208_n04111531.JPEG,766,20260813
3170,n01685808_7293_n01685808.JPEG,41,20260813
3202,n01820546_1489_n01820546.JPEG,90,20260813
3231,n13133613_15684_n13133613.JPEG,998,20260813
3235,n02727426_41049_n02727426.JPEG,410,20260813
3253,n03457902_95049_n03457902.JPEG,580,20260813
3270,n02437312_7018_n02437312.JPEG,354,20260813
3273,n02113186_13517_n02113186.JPEG,264,20260813
3275,n01675722_4118_n01675722.JPEG,38,20260813
3285,n09421951_5099_n09421951.JPEG,977,20260813
3299,n09421951_7137_n09421951.JPEG,977,20260813
3305,n02089973_5398_n02089973.JPEG,167,20260813
3318,n02930766_16028_n02930766.JPEG,468,20260813
3324,n02074367_3048_n02074367.JPEG,149,20260813
3335,n02486410_5444_n02486410.JPEG,372,20260813
3368,n02093256_5746_n02093256.JPEG,179,20260813
3380,n01614925_27858_n01614925.JPEG,22,20260813
3400,n06785654_11878_n06785654.JPEG,918,20260813
3404,n02092002_7833_n02092002.JPEG,177,20260813
3423,n03208938_1684_n03208938.JPEG,535,20260813
3430,n03887697_1538_n03887697.JPEG,700,20260813
3446,n04487081_9609_n04487081.JPEG,874,20260813
3450,n02795169_83454_n02795169.JPEG,427,20260813
3451,n02094114_5382_n02094114.JPEG,185,20260813
3474,n03393912_791_n03393912.JPEG,565,20260813
3477,n04398044_5950_n04398044.JPEG,849,20260813
3487,n02085936_15700_n02085936.JPEG,153,20260813
3498,n02487347_943_n02487347.JPEG,373,20260813
3507,n01955084_13458_n01955084.JPEG,116,20260813
3608,n02815834_7947_n02815834.JPEG,438,20260813
3612,n02363005_19921_n02363005.JPEG,337,20260813
3619,n01945685_9295_n01945685.JPEG,114,20260813
3624,n04487081_14744_n04487081.JPEG,874,20260813
3634,n02011460_144_n02011460.JPEG,133,20260813
3644,n02408429_4700_n02408429.JPEG,346,20260813
3664,n02114855_11787_n02114855.JPEG,272,20260813
3681,n02096177_5136_n02096177.JPEG,192,20260813
3700,n04266014_9180_n04266014.JPEG,812,20260813
3714,n03599486_19898_n03599486.JPEG,612,20260813
3718,n01698640_2224_n01698640.JPEG,50,20260813
3726,n02096177_11441_n02096177.JPEG,192,20260813
3733,n02090721_249_n02090721.JPEG,170,20260813
3746,n03788365_23219_n03788365.JPEG,669,20260813
3762,n02206856_3457_n02206856.JPEG,309,20260813
3772,n02092002_5674_n02092002.JPEG,177,20260813
3786,n04346328_5657_n04346328.JPEG,832,20260813
3810,n01775062_13603_n01775062.JPEG,77,20260813
3815,n01753488_2521_n01753488.JPEG,66,20260813
3837,n02134418_5527_n02134418.JPEG,297,20260813
3851,n06596364_1659_n06596364.JPEG,917,20260813
3874,n03908618_12762_n03908618.JPEG,709,20260813
3891,n03902125_18336_n03902125.JPEG,707,20260813
3894,n04141327_1995_n04141327.JPEG,777,20260813
3901,n02442845_6792_n02442845.JPEG,357,20260813
3903,n02361337_5553_n02361337.JPEG,336,20260813
3917,n03832673_13142_n03832673.JPEG,681,20260813
3931,n01498041_801_n01498041.JPEG,6,20260813
3938,n02951358_15750_n02951358.JPEG,472,20260813
3943,n02093647_5453_n02093647.JPEG,181,20260813
3950,n01644900_22239_n01644900.JPEG,32,20260813
3997,n04235860_17321_n04235860.JPEG,797,20260813
4012,n02790996_10901_n02790996.JPEG,422,20260813
4033,n03447447_11102_n03447447.JPEG,576,20260813
4034,n02105641_10648_n02105641.JPEG,229,20260813
4050,n02281406_5897_n02281406.JPEG,325,20260813
4064,n02417914_8334_n02417914.JPEG,350,20260813
4091,n01484850_2471_n01484850.JPEG,2,20260813
4125,n04125021_16380_n04125021.JPEG,771,20260813
4126,n04476259_19541_n04476259.JPEG,868,20260813
4143,n03929660_17415_n03929660.JPEG,714,20260813
4156,n02870880_11430_n02870880.JPEG,453,20260813
4157,n04557648_29152_n04557648.JPEG,898,20260813
4170,n02100236_5839_n02100236.JPEG,210,20260813
4185,n02939185_15412_n02939185.JPEG,469,20260813
4187,n03937543_3755_n03937543.JPEG,720,20260813
4192,n02086240_6113_n02086240.JPEG,155,20260813
4196,n02963159_1367_n02963159.JPEG,474,20260813
4215,n03769881_3138_n03769881.JPEG,654,20260813
4247,n02114855_6125_n02114855.JPEG,272,20260813
4299,n03530642_35948_n03530642.JPEG,599,20260813
4302,n02096051_6068_n02096051.JPEG,191,20260813
4308,n04265275_6410_n04265275.JPEG,811,20260813
4333,n04392985_978_n04392985.JPEG,848,20260813
4335,n04081281_4130_n04081281.JPEG,762,20260813
4336,n04355338_9275_n04355338.JPEG,835,20260813
4377,n03742115_12731_n03742115.JPEG,648,20260813
4389,n03958227_6526_n03958227.JPEG,728,20260813
4397,n03710637_4696_n03710637.JPEG,638,20260813
4412,n02125311_4163_n02125311.JPEG,286,20260813
4428,n02100236_7463_n02100236.JPEG,210,20260813
4460,n02445715_14253_n02445715.JPEG,361,20260813
4492,n02640242_9656_n02640242.JPEG,394,20260813
4501,n01735189_20863_n01735189.JPEG,57,20260813
4503,n02699494_9127_n02699494.JPEG,406,20260813
4504,n01817953_7122_n01817953.JPEG,87,20260813
4505,n03014705_5550_n03014705.JPEG,492,20260813
4521,n01930112_32372_n01930112.JPEG,111,20260813
4531,n01558993_8179_n01558993.JPEG,15,20260813
4539,n01687978_6918_n01687978.JPEG,42,20260813
4543,n03032252_5697_n03032252.JPEG,498,20260813
4552,n04033995_9849_n04033995.JPEG,750,20260813
4568,n04229816_2683_n04229816.JPEG,796,20260813
4597,n03459775_12065_n03459775.JPEG,581,20260813
4604,n04515003_36083_n04515003.JPEG,881,20260813
4612,n03843555_3456_n03843555.JPEG,686,20260813
4627,n04467665_8303_n04467665.JPEG,867,20260813
4690,n04039381_32482_n04039381.JPEG,752,20260813
4721,n02843684_7732_n02843684.JPEG,448,20260813
4729,n15075141_25601_n15075141.JPEG,999,20260813
4731,n02701002_17717_n02701002.JPEG,407,20260813
4734,n04355933_3066_n04355933.JPEG,836,20260813
4751,n04367480_17971_n04367480.JPEG,840,20260813
4752,n02107683_4628_n02107683.JPEG,239,20260813
4755,n10565667_4199_n10565667.JPEG,983,20260813
4765,n02100735_6465_n02100735.JPEG,212,20260813
4793,n01924916_6388_n01924916.JPEG,110,20260813
4869,n01749939_11808_n01749939.JPEG,64,20260813
4877,n02814860_12612_n02814860.JPEG,437,20260813
4879,n02799071_3120_n02799071.JPEG,429,20260813
4897,n02102177_5607_n02102177.JPEG,218,20260813
4902,n02493793_6388_n02493793.JPEG,381,20260813
4910,n02132136_249_n02132136.JPEG,294,20260813
4926,n03642806_20935_n03642806.JPEG,620,20260813
4927,n01692333_2691_n01692333.JPEG,45,20260813
4933,n02704792_23106_n02704792.JPEG,408,20260813
4946,n04591713_5290_n04591713.JPEG,907,20260813
4951,n04254120_1813_n04254120.JPEG,804,20260813
4977,n01667114_4367_n01667114.JPEG,35,20260813
4979,n03045698_1665_n03045698.JPEG,501,20260813
4982,n04409515_1623_n04409515.JPEG,852,20260813
5035,n04141076_37755_n04141076.JPEG,776,20260813
5075,n04179913_13389_n04179913.JPEG,786,20260813
5081,n03887697_1641_n03887697.JPEG,700,20260813
5109,n07920052_3406_n07920052.JPEG,967,20260813
5110,n03998194_9753_n03998194.JPEG,741,20260813
5112,n01795545_2121_n01795545.JPEG,80,20260813
5117,n02095570_5685_n02095570.JPEG,189,20260813
5127,n01950731_6216_n01950731.JPEG,115,20260813
5187,n03791053_12708_n03791053.JPEG,670,20260813
5201,n03218198_6591_n03218198.JPEG,537,20260813
5206,n02423022_5891_n02423022.JPEG,353,20260813
5219,n03467068_11350_n03467068.JPEG,583,20260813
5239,n03761084_12592_n03761084.JPEG,651,20260813
5240,n02104365_4425_n02104365.JPEG,223,20260813
5245,n03843555_14506_n03843555.JPEG,686,20260813
5283,n01749939_5042_n01749939.JPEG,64,20260813
5284,n07734744_7209_n07734744.JPEG,947,20260813
5296,n02256656_7605_n02256656.JPEG,316,20260813
5315,n03124043_7400_n03124043.JPEG,514,20260813
5336,n03445924_14887_n03445924.JPEG,575,20260813
5356,n03481172_12872_n03481172.JPEG,587,20260813
5385,n04311004_1430_n04311004.JPEG,821,20260813
5400,n03355925_40_n03355925.JPEG,557,20260813
5475,n04125021_20077_n04125021.JPEG,771,20260813
5484,n02099429_1565_n02099429.JPEG,206,20260813
5516,n03676483_35371_n03676483.JPEG,629,20260813
5523,n01990800_10983_n01990800.JPEG,126,20260813
5537,n02095889_4427_n02095889.JPEG,190,20260813
5569,n03483316_16913_n03483316.JPEG,589,20260813
5578,n01440764_7820_n01440764.JPEG,0,20260813
5579,n03786901_11000_n03786901.JPEG,666,20260813
5586,n04417672_22105_n04417672.JPEG,853,20260813
5631,n02794156_9534_n02794156.JPEG,426,20260813
5634,n03532672_29015_n03532672.JPEG,600,20260813
5635,n02108000_3563_n02108000.JPEG,241,20260813
5655,n02087394_19948_n02087394.JPEG,159,20260813
5689,n02692877_21499_n02692877.JPEG,405,20260813
5695,n04254120_2516_n04254120.JPEG,804,20260813
5705,n04522168_5869_n04522168.JPEG,883,20260813
5715,n03444034_4921_n03444034.JPEG,573,20260813
5741,n02086646_8469_n02086646.JPEG,156,20260813
5754,n02105162_5307_n02105162.JPEG,225,20260813
5772,n02437312_626_n02437312.JPEG,354,20260813
5787,n01687978_1333_n01687978.JPEG,42,20260813
5797,n02114367_10875_n02114367.JPEG,269,20260813
5807,n04252077_16034_n04252077.JPEG,802,20260813
5812,n02607072_14653_n02607072.JPEG,393,20260813
5818,n02268443_1910_n02268443.JPEG,319,20260813
5841,n03796401_257_n03796401.JPEG,675,20260813
5847,n04591157_8501_n04591157.JPEG,906,20260813
5855,n03832673_11300_n03832673.JPEG,681,20260813
5868,n03529860_11979_n03529860.JPEG,598,20260813
5883,n02092002_13150_n02092002.JPEG,177,20260813
5889,n03791053_11930_n03791053.JPEG,670,20260813
5896,n04579145_2892_n04579145.JPEG,901,20260813
5907,n03980874_201_n03980874.JPEG,735,20260813
5945,n01795545_9936_n01795545.JPEG,80,20260813
5973,n04162706_17780_n04162706.JPEG,785,20260813
5974,n03866082_1459_n03866082.JPEG,689,20260813
5981,n03000247_3561_n03000247.JPEG,490,20260813
6007,n04200800_7742_n04200800.JPEG,788,20260813
6032,n04525305_10464_n04525305.JPEG,886,20260813
6033,n03733131_4547_n03733131.JPEG,645,20260813
6062,n02992211_24899_n02992211.JPEG,486,20260813
6065,n01882714_12421_n01882714.JPEG,105,20260813
6067,n02002556_2085_n02002556.JPEG,127,20260813
6082,n02927161_7988_n02927161.JPEG,467,20260813
6083,n02091831_7848_n02091831.JPEG,176,20260813
6084,n07892512_26838_n07892512.JPEG,966,20260813
6089,n01692333_5051_n01692333.JPEG,45,20260813
6109,n04254120_1549_n04254120.JPEG,804,20260813
6115,n03937543_3697_n03937543.JPEG,720,20260813
6142,n02115641_9675_n02115641.JPEG,273,20260813
6148,n02909870_9277_n02909870.JPEG,463,20260813
6163,n02422699_7611_n02422699.JPEG,352,20260813
6167,n03649909_12253_n03649909.JPEG,621,20260813
6174,n03290653_2201_n03290653.JPEG,548,20260813
6185,n02120079_23513_n02120079.JPEG,279,20260813
6210,n03291819_7134_n03291819.JPEG,549,20260813
6218,n03794056_18129_n03794056.JPEG,674,20260813
6243,n01729322_15387_n01729322.JPEG,54,20260813
6249,n01748264_3337_n01748264.JPEG,63,20260813
6251,n03874599_11575_n03874599.JPEG,695,20260813
6335,n02165456_4506_n02165456.JPEG,301,20260813
6340,n03026506_6028_n03026506.JPEG,496,20260813
6342,n02457408_9160_n02457408.JPEG,364,20260813
6380,n02085782_1656_n02085782.JPEG,152,20260813
6384,n04347754_10260_n04347754.JPEG,833,20260813
6386,n09421951_6208_n09421951.JPEG,977,20260813
6390,n02100583_7234_n02100583.JPEG,211,20260813
6403,n03868242_457_n03868242.JPEG,690,20260813
6408,n01833805_13259_n01833805.JPEG,94,20260813
6435,n02115913_8685_n02115913.JPEG,274,20260813
6467,n04493381_44149_n04493381.JPEG,876,20260813
6487,n07753275_7278_n07753275.JPEG,953,20260813
6489,n03837869_8982_n03837869.JPEG,682,20260813
6494,n02088238_548_n02088238.JPEG,161,20260813
6517,n04133789_814_n04133789.JPEG,774,20260813
6519,n13040303_10276_n13040303.JPEG,994,20260813
6555,n07836838_24798_n07836838.JPEG,960,20260813
6585,n03658185_13035_n03658185.JPEG,623,20260813
6599,n04584207_10554_n04584207.JPEG,903,20260813
6643,n02091635_5786_n02091635.JPEG,175,20260813
6649,n04357314_12377_n04357314.JPEG,838,20260813
6664,n03742115_7890_n03742115.JPEG,648,20260813
6677,n03838899_29345_n03838899.JPEG,683,20260813
6690,n01498041_5867_n01498041.JPEG,6,20260813
6699,n03998194_6205_n03998194.JPEG,741,20260813
6700,n02871525_29943_n02871525.JPEG,454,20260813
6741,n04465501_10409_n04465501.JPEG,866,20260813
6750,n02443484_1391_n02443484.JPEG,359,20260813
6776,n03873416_21733_n03873416.JPEG,693,20260813
6846,n09193705_12737_n09193705.JPEG,970,20260813
6854,n02114367_15671_n02114367.JPEG,269,20260813
6875,n01871265_1563_n01871265.JPEG,101,20260813
6892,n02834397_20251_n02834397.JPEG,443,20260813
6935,n07730033_17758_n07730033.JPEG,946,20260813
6944,n03388183_3664_n03388183.JPEG,563,20260813
6951,n01494475_12092_n01494475.JPEG,4,20260813
6962,n02442845_22891_n02442845.JPEG,357,20260813
6969,n03529860_8043_n03529860.JPEG,598,20260813
6978,n15075141_16276_n15075141.JPEG,999,20260813
6997,n02396427_20628_n02396427.JPEG,342,20260813
7003,n02786058_478_n02786058.JPEG,419,20260813
7017,n01882714_17529_n01882714.JPEG,105,20260813
7025,n02787622_5881_n02787622.JPEG,420,20260813
7035,n13133613_33133_n13133613.JPEG,998,20260813
7061,n03776460_10551_n03776460.JPEG,660,20260813
7071,n01833805_6162_n01833805.JPEG,94,20260813
7104,n01756291_37203_n01756291.JPEG,68,20260813
7117,n03255030_9502_n03255030.JPEG,543,20260813
7151,n03584829_1201_n03584829.JPEG,606,20260813
7176,n03447447_4979_n03447447.JPEG,576,20260813
7177,n04044716_2658_n04044716.JPEG,755,20260813
7181,n04435653_2538_n04435653.JPEG,858,20260813
7185,n02096437_2337_n02096437.JPEG,194,20260813
7188,n03938244_20208_n03938244.JPEG,721,20260813
7195,n04254777_19109_n04254777.JPEG,806,20260813
7208,n02445715_14300_n02445715.JPEG,361,20260813
7220,n02110341_6908_n02110341.JPEG,251,20260813
7222,n01728572_3601_n01728572.JPEG,52,20260813
7223,n03355925_1279_n03355925.JPEG,557,20260813
7225,n03903868_43443_n03903868.JPEG,708,20260813
7245,n02992529_41185_n02992529.JPEG,487,20260813
7246,n01770393_5016_n01770393.JPEG,71,20260813
7251,n01496331_3283_n01496331.JPEG,5,20260813
7261,n03982430_1571_n03982430.JPEG,736,20260813
7264,n04355338_22298_n04355338.JPEG,835,20260813
7284,n03075370_13014_n03075370.JPEG,507,20260813
7292,n04344873_1106_n04344873.JPEG,831,20260813
7300,n03220513_4485_n03220513.JPEG,538,20260813
7313,n02281406_15893_n02281406.JPEG,325,20260813
7320,n01773797_2736_n01773797.JPEG,74,20260813
7346,n04005630_36336_n04005630.JPEG,743,20260813
7349,n04347754_5974_n04347754.JPEG,833,20260813
7388,n07693725_25387_n07693725.JPEG,931,20260813
7395,n07613480_4140_n07613480.JPEG,927,20260813
7401,n01774384_12970_n01774384.JPEG,75,20260813
7412,n04209133_11967_n04209133.JPEG,793,20260813
7420,n02114712_23210_n02114712.JPEG,271,20260813
7422,n07716358_15135_n07716358.JPEG,939,20260813
7424,n04591713_2059_n04591713.JPEG,907,20260813
7441,n04409515_20126_n04409515.JPEG,852,20260813
7458,n01930112_11524_n01930112.JPEG,111,20260813
7462,n01580077_8828_n01580077.JPEG,17,20260813
7482,n03888605_27625_n03888605.JPEG,702,20260813
7512,n02443484_1980_n02443484.JPEG,359,20260813
7514,n02749479_6241_n02749479.JPEG,413,20260813
7525,n07711569_4989_n07711569.JPEG,935,20260813
7553,n01773549_7877_n01773549.JPEG,73,20260813
7584,n02268443_37544_n02268443.JPEG,319,20260813
7625,n04127249_3216_n04127249.JPEG,772,20260813
7668,n03201208_27792_n03201208.JPEG,532,20260813
7676,n03930313_18415_n03930313.JPEG,716,20260813
7682,n02094258_3580_n02094258.JPEG,186,20260813
7695,n03249569_58878_n03249569.JPEG,541,20260813
7698,n03873416_24863_n03873416.JPEG,693,20260813
7742,n04423845_6526_n04423845.JPEG,855,20260813
7747,n02489166_10861_n02489166.JPEG,376,20260813
7748,n01755581_23794_n01755581.JPEG,67,20260813
7754,n03763968_6894_n03763968.JPEG,652,20260813
7757,n03065424_24899_n03065424.JPEG,506,20260813
7766,n12998815_13487_n12998815.JPEG,992,20260813
7767,n02484975_1360_n02484975.JPEG,370,20260813
7776,n03804744_3069_n03804744.JPEG,677,20260813
7788,n02037110_8710_n02037110.JPEG,143,20260813
7831,n12998815_21116_n12998815.JPEG,992,20260813
7836,n02794156_739_n02794156.JPEG,426,20260813
7853,n01698640_10773_n01698640.JPEG,50,20260813
7881,n02794156_7825_n02794156.JPEG,426,20260813
7882,n01855672_7386_n01855672.JPEG,99,20260813
7894,n04162706_21390_n04162706.JPEG,785,20260813
7916,n04286575_7589_n04286575.JPEG,818,20260813
7921,n07695742_9021_n07695742.JPEG,932,20260813
7922,n04335435_12646_n04335435.JPEG,829,20260813
7927,n01739381_5511_n01739381.JPEG,59,20260813
7931,n06359193_42107_n06359193.JPEG,916,20260813
7941,n02177972_7297_n02177972.JPEG,307,20260813
7943,n02123597_8079_n02123597.JPEG,284,20260813
7973,n12768682_26478_n12768682.JPEG,990,20260813
7975,n02256656_11381_n02256656.JPEG,316,20260813
7990,n02098105_817_n02098105.JPEG,202,20260813
8014,n02112706_3897_n02112706.JPEG,262,20260813
8033,n04461696_24004_n04461696.JPEG,864,20260813
8090,n03179701_7694_n03179701.JPEG,526,20260813
8098,n01682714_10730_n01682714.JPEG,40,20260813
8121,n02264363_11529_n02264363.JPEG,318,20260813
8125,n03131574_1986_n03131574.JPEG,520,20260813
8126,n02128757_13145_n02128757.JPEG,289,20260813
8134,n02091635_1606_n02091635.JPEG,175,20260813
8152,n02808304_700_n02808304.JPEG,434,20260813
8168,n03026506_6446_n03026506.JPEG,496,20260813
8181,n02099601_1811_n02099601.JPEG,207,20260813
8185,n03908714_4663_n03908714.JPEG,710,20260813
8201,n04371430_3710_n04371430.JPEG,842,20260813
8229,n02090379_5219_n02090379.JPEG,168,20260813
8242,n03481172_7515_n03481172.JPEG,587,20260813
8259,n04162706_2711_n04162706.JPEG,785,20260813
8283,n02655020_8149_n02655020.JPEG,397,20260813
8292,n02280649_4687_n02280649.JPEG,324,20260813
8296,n02859443_18413_n02859443.JPEG,449,20260813
8323,n02361337_6374_n02361337.JPEG,336,20260813
8350,n02105641_10666_n02105641.JPEG,229,20260813
8362,n02011460_12854_n02011460.JPEG,133,20260813
8364,n02268853_457_n02268853.JPEG,320,20260813
8370,n09468604_66296_n09468604.JPEG,979,20260813
8374,n07873807_15296_n07873807.JPEG,963,20260813
8378,n03721384_5814_n03721384.JPEG,642,20260813
8379,n02109047_24571_n02109047.JPEG,246,20260813
8414,n02116738_17119_n02116738.JPEG,275,20260813
8505,n03314780_8327_n03314780.JPEG,551,20260813
8507,n07753275_39897_n07753275.JPEG,953,20260813
8509,n02281787_2022_n02281787.JPEG,326,20260813
8521,n03617480_10254_n03617480.JPEG,614,20260813
8532,n03776460_16134_n03776460.JPEG,660,20260813
8547,n03297495_2563_n03297495.JPEG,550,20260813
8557,n01601694_16299_n01601694.JPEG,20,20260813
8568,n02493509_5928_n02493509.JPEG,380,20260813
8582,n01734418_11320_n01734418.JPEG,56,20260813
8598,n02109047_5435_n02109047.JPEG,246,20260813
8621,n02108551_1104_n02108551.JPEG,244,20260813
8630,n02883205_45391_n02883205.JPEG,457,20260813
8633,n03637318_11878_n03637318.JPEG,619,20260813
8664,n01735189_11636_n01735189.JPEG,57,20260813
8669,n02280649_6520_n02280649.JPEG,324,20260813
8686,n04562935_6780_n04562935.JPEG,900,20260813
8700,n02865351_7015_n02865351.JPEG,451,20260813
8705,n03255030_9458_n03255030.JPEG,543,20260813
8711,n01630670_681_n01630670.JPEG,26,20260813
8752,n07716906_3447_n07716906.JPEG,940,20260813
8760,n07836838_9644_n07836838.JPEG,960,20260813
8762,n03662601_17483_n03662601.JPEG,625,20260813
8777,n04133789_6156_n04133789.JPEG,774,20260813
8780,n02129165_5391_n02129165.JPEG,291,20260813
8783,n02120505_9314_n02120505.JPEG,280,20260813
8839,n02174001_3466_n02174001.JPEG,306,20260813
8843,n02109961_35061_n02109961.JPEG,248,20260813
8869,n02916936_7659_n02916936.JPEG,465,20260813
8873,n03124043_7474_n03124043.JPEG,514,20260813
8903,n07615774_37838_n07615774.JPEG,929,20260813
8911,n02097298_1790_n02097298.JPEG,199,20260813
8917,n02877765_4455_n02877765.JPEG,455,20260813
8957,n02100877_1553_n02100877.JPEG,213,20260813
8961,n04285008_13907_n04285008.JPEG,817,20260813
8968,n04116512_2616_n04116512.JPEG,767,20260813
8985,n02124075_8583_n02124075.JPEG,285,20260813
9011,n01776313_4700_n01776313.JPEG,78,20260813
9025,n04465501_3923_n04465501.JPEG,866,20260813
9068,n03201208_10712_n03201208.JPEG,532,20260813
9073,n07565083_8009_n07565083.JPEG,922,20260813
9082,n03134739_842_n03134739.JPEG,522,20260813
9096,n02445715_2413_n02445715.JPEG,361,20260813
9112,n07873807_2855_n07873807.JPEG,963,20260813
9113,n04263257_15863_n04263257.JPEG,809,20260813
9130,n02417914_7499_n02417914.JPEG,350,20260813
9133,n03394916_24385_n03394916.JPEG,566,20260813
9150,n02101006_5802_n02101006.JPEG,214,20260813
9153,n02268443_36817_n02268443.JPEG,319,20260813
9154,n02112706_2656_n02112706.JPEG,262,20260813
9159,n03047690_20445_n03047690.JPEG,502,20260813
9253,n02165105_2972_n02165105.JPEG,300,20260813
9260,n03792972_4417_n03792972.JPEG,672,20260813
9266,n07579787_18401_n07579787.JPEG,923,20260813
9267,n02701002_8512_n02701002.JPEG,407,20260813
9275,n09229709_26931_n09229709.JPEG,971,20260813
9284,n03345487_14801_n03345487.JPEG,555,20260813
9291,n03929855_2890_n03929855.JPEG,715,20260813
9298,n04311174_7541_n04311174.JPEG,822,20260813
9339,n02093754_900_n02093754.JPEG,182,20260813
9370,n01985128_20638_n01985128.JPEG,124,20260813
9391,n02906734_38201_n02906734.JPEG,462,20260813
9431,n04286575_31335_n04286575.JPEG,818,20260813
9460,n03770439_15905_n03770439.JPEG,655,20260813
9462,n04371774_1972_n04371774.JPEG,843,20260813
9465,n13037406_2974_n13037406.JPEG,993,20260813
9474,n04209133_11159_n04209133.JPEG,793,20260813
9483,n03000684_5231_n03000684.JPEG,491,20260813
9488,n02105056_4960_n02105056.JPEG,224,20260813
9528,n04133789_42564_n04133789.JPEG,774,20260813
9531,n02417914_10502_n02417914.JPEG,350,20260813
9574,n02095889_9859_n02095889.JPEG,190,20260813
9576,n03496892_7407_n03496892.JPEG,595,20260813
9611,n04562935_12563_n04562935.JPEG,900,20260813
9617,n02276258_9223_n02276258.JPEG,321,20260813
9638,n09835506_21906_n09835506.JPEG,981,20260813
9639,n02951358_12636_n02951358.JPEG,472,20260813
9644,n03950228_11898_n03950228.JPEG,725,20260813
9648,n04153751_5679_n04153751.JPEG,783,20260813
9688,n03133878_13016_n03133878.JPEG,521,20260813
9711,n03494278_45920_n03494278.JPEG,593,20260813
9717,n02808304_2096_n02808304.JPEG,434,20260813
9731,n03063599_4328_n03063599.JPEG,504,20260813
9760,n04192698_21815_n04192698.JPEG,787,20260813
9763,n02106166_2419_n02106166.JPEG,232,20260813
9795,n02437312_988_n02437312.JPEG,354,20260813
9799,n04019541_59253_n04019541.JPEG,746,20260813
9802,n03637318_12435_n03637318.JPEG,619,20260813
9838,n02128757_1033_n02128757.JPEG,289,20260813
9839,n13133613_1408_n13133613.JPEG,998,20260813
9848,n02105641_14263_n02105641.JPEG,229,20260813
9856,n02727426_24269_n02727426.JPEG,410,20260813
9857,n04243546_13407_n04243546.JPEG,800,20260813
9865,n03680355_11416_n03680355.JPEG,630,20260813
9887,n02090622_3154_n02090622.JPEG,169,20260813
9888,n04443257_18126_n04443257.JPEG,860,20260813
9941,n04311004_2200_n04311004.JPEG,821,20260813
9998,n01644900_3609_n01644900.JPEG,32,20260813
10040,n07768694_48_n07768694.JPEG,957,20260813
10057,n02097474_8132_n02097474.JPEG,200,20260813
10085,n04597913_6168_n04597913.JPEG,910,20260813
10129,n03127925_16885_n03127925.JPEG,519,20260813
10133,n04008634_773_n04008634.JPEG,744,20260813
10144,n04258138_3120_n04258138.JPEG,807,20260813
10151,n02325366_9024_n02325366.JPEG,330,20260813
10152,n04065272_9380_n04065272.JPEG,757,20260813
10190,n03838899_41744_n03838899.JPEG,683,20260813
10195,n04090263_25878_n04090263.JPEG,764,20260813
10200,n02107312_5455_n02107312.JPEG,237,20260813
10206,n04141327_16255_n04141327.JPEG,777,20260813
10224,n04200800_11905_n04200800.JPEG,788,20260813
10235,n02109525_73881_n02109525.JPEG,247,20260813
10263,n07714990_364_n07714990.JPEG,937,20260813
10277,n01641577_2149_n01641577.JPEG,30,20260813
10284,n02087046_6045_n02087046.JPEG,158,20260813
10296,n03775071_2511_n03775071.JPEG,658,20260813
10314,n04243546_28733_n04243546.JPEG,800,20260813
10368,n03814906_31414_n03814906.JPEG,679,20260813
10384,n03495258_11342_n03495258.JPEG,594,20260813
10395,n04311174_18412_n04311174.JPEG,822,20260813
10425,n01877812_11001_n01877812.JPEG,104,20260813
10429,n01773549_6665_n01773549.JPEG,73,20260813
10431,n03376595_11820_n03376595.JPEG,559,20260813
10449,n03868863_8089_n03868863.JPEG,691,20260813
10453,n02123159_9429_n02123159.JPEG,282,20260813
10467,n03777754_2982_n03777754.JPEG,662,20260813
10469,n02017213_5173_n02017213.JPEG,136,20260813
10478,n04090263_6056_n04090263.JPEG,764,20260813
10488,n04120489_1618_n04120489.JPEG,770,20260813
10489,n02930766_5505_n02930766.JPEG,468,20260813
10505,n02441942_2996_n02441942.JPEG,356,20260813
10520,n03124043_25986_n03124043.JPEG,514,20260813
10528,n03598930_6170_n03598930.JPEG,611,20260813
10560,n03770679_4103_n03770679.JPEG,656,20260813
10591,n07753113_2125_n07753113.JPEG,952,20260813
10600,n02497673_4770_n02497673.JPEG,383,20260813
10614,n02667093_7393_n02667093.JPEG,399,20260813
10625,n04023962_80_n04023962.JPEG,747,20260813
10655,n04265275_175_n04265275.JPEG,811,20260813
10663,n03874599_14995_n03874599.JPEG,695,20260813
10680,n02056570_1188_n02056570.JPEG,145,20260813
10686,n03899768_37531_n03899768.JPEG,706,20260813
10687,n01843065_2660_n01843065.JPEG,95,20260813
10691,n02790996_19048_n02790996.JPEG,422,20260813
10714,n10148035_29500_n10148035.JPEG,982,20260813
10718,n03447447_5792_n03447447.JPEG,576,20260813
10742,n07718472_7415_n07718472.JPEG,943,20260813
10744,n02487347_8245_n02487347.JPEG,373,20260813
10752,n04522168_30006_n04522168.JPEG,883,20260813
10767,n01531178_5029_n01531178.JPEG,11,20260813
10801,n03706229_5040_n03706229.JPEG,635,20260813
10828,n04325704_38897_n04325704.JPEG,824,20260813
10833,n04265275_6272_n04265275.JPEG,811,20260813
10837,n03065424_34188_n03065424.JPEG,506,20260813
10838,n04417672_3076_n04417672.JPEG,853,20260813
10858,n02412080_12614_n02412080.JPEG,348,20260813
10877,n03042490_15389_n03042490.JPEG,500,20260813
10907,n02342885_12913_n02342885.JPEG,333,20260813
10910,n04147183_622_n04147183.JPEG,780,20260813
10915,n03347037_10439_n03347037.JPEG,556,20260813
10916,n02233338_11124_n02233338.JPEG,314,20260813
10918,n02802426_3683_n02802426.JPEG,430,20260813
10923,n03691459_61176_n03691459.JPEG,632,20260813
10951,n04366367_1139_n04366367.JPEG,839,20260813
10963,n02007558_396_n02007558.JPEG,130,20260813
10965,n02489166_4990_n02489166.JPEG,376,20260813
10983,n02895154_35998_n02895154.JPEG,461,20260813
10994,n01872401_9499_n01872401.JPEG,102,20260813
11017,n02486410_13138_n02486410.JPEG,372,20260813
11026,n03141823_11363_n03141823.JPEG,523,20260813
11037,n04162706_49045_n04162706.JPEG,785,20260813
11041,n01728920_2267_n01728920.JPEG,53,20260813
11078,n03670208_4396_n03670208.JPEG,627,20260813
11093,n04540053_11543_n04540053.JPEG,890,20260813
11094,n04235860_4396_n04235860.JPEG,797,20260813
11108,n02840245_7900_n02840245.JPEG,446,20260813
11131,n04081281_97697_n04081281.JPEG,762,20260813
11150,n02107908_10767_n02107908.JPEG,240,20260813
11154,n04515003_38117_n04515003.JPEG,881,20260813
11155,n02123159_5749_n02123159.JPEG,282,20260813
11169,n01443537_3047_n01443537.JPEG,1,20260813
11192,n03045698_1350_n03045698.JPEG,501,20260813
11197,n07711569_5625_n07711569.JPEG,935,20260813
11222,n02690373_1781_n02690373.JPEG,404,20260813
11240,n02137549_14823_n02137549.JPEG,298,20260813
11259,n02088632_5479_n02088632.JPEG,164,20260813
11292,n03982430_38398_n03982430.JPEG,736,20260813
11318,n12620546_52983_n12620546.JPEG,989,20260813
11335,n02514041_12993_n02514041.JPEG,389,20260813
11338,n02396427_7334_n02396427.JPEG,342,20260813
11346,n02123394_9667_n02123394.JPEG,283,20260813
11353,n02129165_2548_n02129165.JPEG,291,20260813
11356,n02229544_6939_n02229544.JPEG,312,20260813
11366,n03666591_42827_n03666591.JPEG,626,20260813
11380,n01950731_13094_n01950731.JPEG,115,20260813
11405,n02268853_2630_n02268853.JPEG,320,20260813
11409,n03483316_2190_n03483316.JPEG,589,20260813
11415,n02125311_31615_n02125311.JPEG,286,20260813
11416,n09468604_30967_n09468604.JPEG,979,20260813
11419,n02106382_8946_n02106382.JPEG,233,20260813
11433,n04590129_5453_n04590129.JPEG,905,20260813
11465,n03062245_5379_n03062245.JPEG,503,20260813
11469,n07715103_1232_n07715103.JPEG,938,20260813
11474,n01924916_8588_n01924916.JPEG,110,20260813
11478,n04254680_5386_n04254680.JPEG,805,20260813
11490,n02129604_10358_n02129604.JPEG,292,20260813
11500,n03255030_2658_n03255030.JPEG,543,20260813
11503,n02112350_8707_n02112350.JPEG,261,20260813
11533,n04118776_24806_n04118776.JPEG,769,20260813
11539,n02100877_4822_n02100877.JPEG,213,20260813
11559,n01694178_7833_n01694178.JPEG,47,20260813
11589,n01756291_12607_n01756291.JPEG,68,20260813
11592,n04550184_1437_n04550184.JPEG,894,20260813
11598,n04149813_17423_n04149813.JPEG,781,20260813
11604,n02640242_28681_n02640242.JPEG,394,20260813
11618,n04259630_6724_n04259630.JPEG,808,20260813
11664,n07613480_3115_n07613480.JPEG,927,20260813
11671,n03109150_7892_n03109150.JPEG,512,20260813
11674,n02655020_4038_n02655020.JPEG,397,20260813
11699,n04591157_4275_n04591157.JPEG,906,20260813
11715,n04392985_6518_n04392985.JPEG,848,20260813
11723,n03478589_9016_n03478589.JPEG,586,20260813
11726,n02457408_527_n02457408.JPEG,364,20260813
11778,n04259630_16917_n04259630.JPEG,808,20260813
11791,n01491361_5083_n01491361.JPEG,3,20260813
11804,n02526121_11551_n02526121.JPEG,390,20260813
11812,n02415577_15873_n02415577.JPEG,349,20260813
11830,n03218198_1981_n03218198.JPEG,537,20260813
11840,n04366367_1788_n04366367.JPEG,839,20260813
11847,n02096294_6905_n02096294.JPEG,193,20260813
11851,n04548280_3916_n04548280.JPEG,892,20260813
11855,n02492660_1116_n02492660.JPEG,379,20260813
11866,n02105162_2276_n02105162.JPEG,225,20260813
11874,n02111500_4280_n02111500.JPEG,257,20260813
11892,n11939491_5785_n11939491.JPEG,985,20260813
11904,n04591157_2911_n04591157.JPEG,906,20260813
11908,n01491361_4350_n01491361.JPEG,3,20260813
11953,n04376876_6588_n04376876.JPEG,845,20260813
11972,n03599486_12134_n03599486.JPEG,612,20260813
11987,n02097130_12571_n02097130.JPEG,197,20260813
11988,n03666591_39857_n03666591.JPEG,626,20260813
11997,n02093859_2763_n02093859.JPEG,183,20260813
12000,n04254777_33233_n04254777.JPEG,806,20260813
12004,n03676483_1180_n03676483.JPEG,629,20260813
12036,n09472597_28455_n09472597.JPEG,980,20260813
12039,n02879718_4271_n02879718.JPEG,456,20260813
12040,n03447447_3978_n03447447.JPEG,576,20260813
12049,n04493381_15063_n04493381.JPEG,876,20260813
12050,n02112706_3643_n02112706.JPEG,262,20260813
12067,n02259212_65_n02259212.JPEG,317,20260813
12073,n04606251_12429_n04606251.JPEG,913,20260813
12092,n03944341_25572_n03944341.JPEG,723,20260813
12110,n03929855_4440_n03929855.JPEG,715,20260813
12171,n02106166_943_n02106166.JPEG,232,20260813
12178,n07720875_236_n07720875.JPEG,945,20260813
12185,n03594734_60835_n03594734.JPEG,608,20260813
12239,n02115641_11134_n02115641.JPEG,273,20260813
12244,n01806143_7633_n01806143.JPEG,84,20260813
12261,n04507155_14353_n04507155.JPEG,879,20260813
12266,n03494278_42925_n03494278.JPEG,593,20260813
12280,n07734744_7069_n07734744.JPEG,947,20260813
12309,n03661043_13856_n03661043.JPEG,624,20260813
12330,n03075370_5122_n03075370.JPEG,507,20260813
12334,n04562935_13390_n04562935.JPEG,900,20260813
12343,n01697457_762_n01697457.JPEG,49,20260813
12370,n03133878_4763_n03133878.JPEG,521,20260813
12381,n04037443_21461_n04037443.JPEG,751,20260813
12390,n02033041_46_n02033041.JPEG,142,20260813
12432,n09472597_44619_n09472597.JPEG,980,20260813
12451,n02814533_20378_n02814533.JPEG,436,20260813
12457,n02086079_4555_n02086079.JPEG,154,20260813
12458,n03602883_14697_n03602883.JPEG,613,20260813
12459,n02480495_6542_n02480495.JPEG,365,20260813
12478,n12998815_2415_n12998815.JPEG,992,20260813
12479,n03697007_24055_n03697007.JPEG,634,20260813
12527,n02086910_10118_n02086910.JPEG,157,20260813
12530,n07718472_17181_n07718472.JPEG,943,20260813
12537,n03793489_11217_n03793489.JPEG,673,20260813
12561,n02112350_4268_n02112350.JPEG,261,20260813
12569,n04263257_5869_n04263257.JPEG,809,20260813
12589,n03868242_3960_n03868242.JPEG,690,20260813
12590,n02672831_19812_n02672831.JPEG,401,20260813
12593,n02094258_5804_n02094258.JPEG,186,20260813
12626,n07880968_1519_n07880968.JPEG,965,20260813
12633,n07734744_3762_n07734744.JPEG,947,20260813
12636,n02109961_5300_n02109961.JPEG,248,20260813
12667,n03337140_37378_n03337140.JPEG,553,20260813
12676,n04251144_31872_n04251144.JPEG,801,20260813
12712,n02104365_64_n02104365.JPEG,223,20260813
12713,n02837789_21347_n02837789.JPEG,445,20260813
12714,n02095889_11283_n02095889.JPEG,190,20260813
12743,n01664065_13817_n01664065.JPEG,33,20260813
12777,n03840681_6693_n03840681.JPEG,684,20260813
12791,n02097658_759_n02097658.JPEG,201,20260813
12796,n02104365_9399_n02104365.JPEG,223,20260813
12800,n02098286_2952_n02098286.JPEG,203,20260813
12813,n03930313_7256_n03930313.JPEG,716,20260813
12824,n03680355_4349_n03680355.JPEG,630,20260813
12840,n04584207_13571_n04584207.JPEG,903,20260813
12861,n02097658_6161_n02097658.JPEG,201,20260813
12865,n07614500_95506_n07614500.JPEG,928,20260813
12880,n02412080_10353_n02412080.JPEG,348,20260813
12886,n03895866_14950_n03895866.JPEG,705,20260813
12894,n03028079_603_n03028079.JPEG,497,20260813
12898,n03218198_1072_n03218198.JPEG,537,20260813
12904,n12267677_24205_n12267677.JPEG,988,20260813
12906,n04523525_11057_n04523525.JPEG,884,20260813
12923,n02226429_448_n02226429.JPEG,311,20260813
12944,n03710637_1548_n03710637.JPEG,638,20260813
12951,n04372370_31833_n04372370.JPEG,844,20260813
12952,n02110185_6682_n02110185.JPEG,250,20260813
12984,n02114548_13708_n02114548.JPEG,270,20260813
13002,n01530575_9051_n01530575.JPEG,10,20260813
13018,n03447447_7982_n03447447.JPEG,576,20260813
13028,n03476991_22876_n03476991.JPEG,585,20260813
13044,n01531178_5331_n01531178.JPEG,11,20260813
13045,n03026506_1332_n03026506.JPEG,496,20260813
13068,n03673027_16179_n03673027.JPEG,628,20260813
13087,n04372370_35883_n04372370.JPEG,844,20260813
13093,n01770081_19262_n01770081.JPEG,70,20260813
13095,n03482405_3898_n03482405.JPEG,588,20260813
13104,n02447366_6644_n02447366.JPEG,362,20260813
13131,n03529860_2255_n03529860.JPEG,598,20260813
13147,n01728572_4844_n01728572.JPEG,52,20260813
13165,n04523525_14218_n04523525.JPEG,884,20260813
13169,n12768682_27095_n12768682.JPEG,990,20260813
13177,n02113624_8511_n02113624.JPEG,265,20260813
13210,n02099712_3658_n02099712.JPEG,208,20260813
13234,n07684084_4287_n07684084.JPEG,930,20260813
13238,n02825657_11392_n02825657.JPEG,442,20260813
13317,n04462240_7534_n04462240.JPEG,865,20260813
13322,n01883070_36_n01883070.JPEG,106,20260813
13325,n03991062_29101_n03991062.JPEG,738,20260813
13393,n03877845_7665_n03877845.JPEG,698,20260813
13410,n02090379_1253_n02090379.JPEG,168,20260813
13422,n02011460_8706_n02011460.JPEG,133,20260813
13425,n03967562_41423_n03967562.JPEG,730,20260813
13436,n02843684_1745_n02843684.JPEG,448,20260813
13453,n02504458_6612_n02504458.JPEG,386,20260813
13463,n03271574_22872_n03271574.JPEG,545,20260813
13478,n03534580_1021_n03534580.JPEG,601,20260813
13509,n04141327_20521_n04141327.JPEG,777,20260813
13522,n02871525_8645_n02871525.JPEG,454,20260813
13552,n02085620_11749_n02085620.JPEG,151,20260813
13553,n03916031_2867_n03916031.JPEG,711,20260813
13555,n04487394_17032_n04487394.JPEG,875,20260813
13560,n03950228_7805_n03950228.JPEG,725,20260813
13576,n04447861_2738_n04447861.JPEG,861,20260813
13585,n03527444_11427_n03527444.JPEG,597,20260813
13591,n01494475_2028_n01494475.JPEG,4,20260813
13619,n04258138_11775_n04258138.JPEG,807,20260813
13626,n04486054_2709_n04486054.JPEG,873,20260813
13633,n04026417_7993_n04026417.JPEG,748,20260813
13648,n02860847_13082_n02860847.JPEG,450,20260813
13654,n04039381_47030_n04039381.JPEG,752,20260813
13671,n02488702_3997_n02488702.JPEG,375,20260813
13733,n07693725_13992_n07693725.JPEG,931,20260813
13793,n07730033_17806_n07730033.JPEG,946,20260813
13802,n03584254_6613_n03584254.JPEG,605,20260813
13805,n03134739_5802_n03134739.JPEG,522,20260813
13807,n04380533_5754_n04380533.JPEG,846,20260813
13810,n02892767_43585_n02892767.JPEG,459,20260813
13811,n02510455_222_n02510455.JPEG,388,20260813
13818,n02783161_13843_n02783161.JPEG,418,20260813
13831,n01728920_5845_n01728920.JPEG,53,20260813
13845,n04357314_874_n04357314.JPEG,838,20260813
13864,n03942813_12956_n03942813.JPEG,722,20260813
13874,n01981276_2491_n01981276.JPEG,121,20260813
13882,n01514668_8164_n01514668.JPEG,7,20260813
13927,n02802426_12597_n02802426.JPEG,430,20260813
13932,n03599486_7674_n03599486.JPEG,612,20260813
13956,n02009912_1560_n02009912.JPEG,132,20260813
13961,n01806143_9109_n01806143.JPEG,84,20260813
13991,n03249569_63879_n03249569.JPEG,541,20260813
14006,n02113624_1170_n02113624.JPEG,265,20260813
14020,n04008634_21731_n04008634.JPEG,744,20260813
14074,n04404412_18928_n04404412.JPEG,851,20260813
14090,n02116738_84_n02116738.JPEG,275,20260813
14095,n02096051_9615_n02096051.JPEG,191,20260813
14136,n07584110_2050_n07584110.JPEG,925,20260813
14139,n01930112_16234_n01930112.JPEG,111,20260813
14151,n04332243_37139_n04332243.JPEG,828,20260813
14160,n10148035_29528_n10148035.JPEG,982,20260813
14163,n03710193_6866_n03710193.JPEG,637,20260813
14169,n02090379_3427_n02090379.JPEG,168,20260813
14178,n02422699_3993_n02422699.JPEG,352,20260813
14188,n02102177_1833_n02102177.JPEG,218,20260813
14194,n03000134_518_n03000134.JPEG,489,20260813
14197,n01537544_3420_n01537544.JPEG,14,20260813
14229,n07614500_20526_n07614500.JPEG,928,20260813
14238,n03837869_7716_n03837869.JPEG,682,20260813
14245,n01819313_756_n01819313.JPEG,89,20260813
14246,n03290653_17037_n03290653.JPEG,548,20260813
14251,n02174001_3972_n02174001.JPEG,306,20260813
14261,n03763968_759_n03763968.JPEG,652,20260813
14270,n02410509_3484_n02410509.JPEG,347,20260813
14288,n01491361_2972_n01491361.JPEG,3,20260813
14306,n03127925_9716_n03127925.JPEG,519,20260813
14323,n04409515_20151_n04409515.JPEG,852,20260813
14337,n03773504_6916_n03773504.JPEG,657,20260813
14353,n04347754_1924_n04347754.JPEG,833,20260813
14377,n04443257_19425_n04443257.JPEG,860,20260813
14381,n02883205_11552_n02883205.JPEG,457,20260813
14402,n03478589_10982_n03478589.JPEG,586,20260813
14411,n01855032_6138_n01855032.JPEG,98,20260813
14434,n03496892_1587_n03496892.JPEG,595,20260813
14441,n02095570_8063_n02095570.JPEG,189,20260813
14476,n06874185_19487_n06874185.JPEG,920,20260813
14483,n09229709_30404_n09229709.JPEG,971,20260813
14496,n04428191_12448_n04428191.JPEG,856,20260813
14497,n01773157_4215_n01773157.JPEG,72,20260813
14521,n04456115_14551_n04456115.JPEG,862,20260813
14552,n03188531_307_n03188531.JPEG,529,20260813
14554,n03983396_7866_n03983396.JPEG,737,20260813
14555,n03623198_4116_n03623198.JPEG,615,20260813
14563,n03089624_1826_n03089624.JPEG,509,20260813
14583,n01924916_1054_n01924916.JPEG,110,20260813
14591,n04154565_1019_n04154565.JPEG,784,20260813
14618,n04254680_4889_n04254680.JPEG,805,20260813
14626,n02096051_4324_n02096051.JPEG,191,20260813
14637,n01784675_12730_n01784675.JPEG,79,20260813
14658,n02085782_7951_n02085782.JPEG,152,20260813
14709,n02219486_20550_n02219486.JPEG,310,20260813
14758,n04008634_9064_n04008634.JPEG,744,20260813
14771,n07892512_7794_n07892512.JPEG,966,20260813
14817,n02109961_62980_n02109961.JPEG,248,20260813
14824,n03832673_39322_n03832673.JPEG,681,20260813
14825,n03445777_8091_n03445777.JPEG,574,20260813
14830,n02120079_6763_n02120079.JPEG,279,20260813
14844,n02870880_13454_n02870880.JPEG,453,20260813
14850,n02782093_27090_n02782093.JPEG,417,20260813
14855,n04579145_39_n04579145.JPEG,901,20260813
14866,n02280649_4440_n02280649.JPEG,324,20260813
14878,n03884397_13471_n03884397.JPEG,699,20260813
14880,n02422106_11594_n02422106.JPEG,351,20260813
14890,n03127747_3997_n03127747.JPEG,518,20260813
14898,n03995372_9006_n03995372.JPEG,740,20260813
14915,n03866082_412_n03866082.JPEG,689,20260813
14946,n01984695_33271_n01984695.JPEG,123,20260813
14970,n04081281_12902_n04081281.JPEG,762,20260813
14983,n03854065_13823_n03854065.JPEG,687,20260813
14985,n02481823_12543_n02481823.JPEG,367,20260813
14998,n04501370_12906_n04501370.JPEG,877,20260813
15003,n02093256_644_n02093256.JPEG,179,20260813
15021,n02091032_7779_n02091032.JPEG,171,20260813
15041,n04200800_18778_n04200800.JPEG,788,20260813
15046,n04026417_35264_n04026417.JPEG,748,20260813
15058,n02892201_33074_n02892201.JPEG,458,20260813
15094,n02992211_39598_n02992211.JPEG,486,20260813
15104,n02006656_1390_n02006656.JPEG,129,20260813
15126,n04357314_1254_n04357314.JPEG,838,20260813
15131,n04456115_474_n04456115.JPEG,862,20260813
15133,n02088466_3198_n02088466.JPEG,163,20260813
15134,n02641379_38308_n02641379.JPEG,395,20260813
15147,n02655020_4287_n02655020.JPEG,397,20260813
15149,n01873310_12390_n01873310.JPEG,103,20260813
15154,n02119789_9811_n02119789.JPEG,278,20260813
15176,n03014705_13094_n03014705.JPEG,492,20260813
15178,n02108422_4200_n02108422.JPEG,243,20260813
15197,n09468604_8609_n09468604.JPEG,979,20260813
15215,n07693725_11682_n07693725.JPEG,931,20260813
15222,n01689811_7471_n01689811.JPEG,44,20260813
15229,n01795545_3182_n01795545.JPEG,80,20260813
15268,n03956157_15045_n03956157.JPEG,727,20260813
15288,n13054560_1668_n13054560.JPEG,997,20260813
15342,n02108422_8169_n02108422.JPEG,243,20260813
15346,n04589890_4152_n04589890.JPEG,904,20260813
15352,n04147183_10791_n04147183.JPEG,780,20260813
15373,n02643566_3642_n02643566.JPEG,396,20260813
15426,n04584207_17776_n04584207.JPEG,903,20260813
15427,n03482405_28655_n03482405.JPEG,588,20260813
15440,n01950731_14224_n01950731.JPEG,115,20260813
15451,n03814639_5198_n03814639.JPEG,678,20260813
15465,n04417672_9948_n04417672.JPEG,853,20260813
15490,n04596742_5808_n04596742.JPEG,909,20260813
15495,n04252077_8388_n04252077.JPEG,802,20260813
15499,n07717556_5429_n07717556.JPEG,942,20260813
15519,n02002724_1963_n02002724.JPEG,128,20260813
15536,n02317335_19909_n02317335.JPEG,327,20260813
15548,n02006656_1408_n02006656.JPEG,129,20260813
15549,n01817953_33499_n01817953.JPEG,87,20260813
15558,n03649909_26269_n03649909.JPEG,621,20260813
15561,n02128757_8082_n02128757.JPEG,289,20260813
15576,n02783161_38176_n02783161.JPEG,418,20260813
15579,n02116738_22347_n02116738.JPEG,275,20260813
15613,n02443484_145_n02443484.JPEG,359,20260813
15646,n01795545_5475_n01795545.JPEG,80,20260813
15678,n02051845_4170_n02051845.JPEG,144,20260813
15681,n03697007_22019_n03697007.JPEG,634,20260813
15702,n02865351_31615_n02865351.JPEG,451,20260813
15704,n01443537_5935_n01443537.JPEG,1,20260813
15720,n03888605_8874_n03888605.JPEG,702,20260813
15752,n02087046_2638_n02087046.JPEG,158,20260813
15771,n03743016_6008_n03743016.JPEG,649,20260813
15792,n01740131_16151_n01740131.JPEG,60,20260813
15795,n03657121_14654_n03657121.JPEG,622,20260813
15804,n07742313_4322_n07742313.JPEG,948,20260813
15814,n03899768_24999_n03899768.JPEG,706,20260813
15826,n02108000_1995_n02108000.JPEG,241,20260813
15834,n02169497_6500_n02169497.JPEG,304,20260813
15836,n03450230_8749_n03450230.JPEG,578,20260813
15841,n02965783_503_n02965783.JPEG,475,20260813
15848,n02791270_4754_n02791270.JPEG,424,20260813
15874,n04074963_8717_n04074963.JPEG,761,20260813
15895,n04371774_283_n04371774.JPEG,843,20260813
15898,n04532670_9640_n04532670.JPEG,888,20260813
15907,n02690373_3726_n02690373.JPEG,404,20260813
15936,n03376595_18148_n03376595.JPEG,559,20260813
15964,n03394916_54570_n03394916.JPEG,566,20260813
15970,n03933933_22720_n03933933.JPEG,718,20260813
16005,n01729322_9355_n01729322.JPEG,54,20260813
16020,n04336792_5104_n04336792.JPEG,830,20260813
16044,n02423022_2241_n02423022.JPEG,353,20260813
16052,n06785654_8933_n06785654.JPEG,918,20260813
16056,n03492542_31473_n03492542.JPEG,592,20260813
16057,n04355933_11046_n04355933.JPEG,836,20260813
16063,n04428191_787_n04428191.JPEG,856,20260813
16065,n02098413_17983_n02098413.JPEG,204,20260813
16075,n02002556_777_n02002556.JPEG,127,20260813
16078,n03769881_9428_n03769881.JPEG,654,20260813
16103,n02087046_2105_n02087046.JPEG,158,20260813
16104,n02111889_1822_n02111889.JPEG,258,20260813
16122,n01532829_3023_n01532829.JPEG,12,20260813
16134,n03770679_31694_n03770679.JPEG,656,20260813
16156,n03478589_2976_n03478589.JPEG,586,20260813
16162,n02058221_2739_n02058221.JPEG,146,20260813
16183,n03991062_5151_n03991062.JPEG,738,20260813
16200,n09421951_875_n09421951.JPEG,977,20260813
16203,n04332243_15678_n04332243.JPEG,828,20260813
16218,n02988304_4428_n02988304.JPEG,485,20260813
16220,n01514668_6525_n01514668.JPEG,7,20260813
16240,n02454379_9120_n02454379.JPEG,363,20260813
16289,n03733281_8332_n03733281.JPEG,646,20260813
16302,n03485407_263_n03485407.JPEG,590,20260813
16320,n04154565_25881_n04154565.JPEG,784,20260813
16346,n13040303_3253_n13040303.JPEG,994,20260813
16352,n03792972_8978_n03792972.JPEG,672,20260813
16370,n01689811_7267_n01689811.JPEG,44,20260813
16375,n04296562_48143_n04296562.JPEG,819,20260813
16384,n02174001_1110_n02174001.JPEG,306,20260813
16406,n02123159_676_n02123159.JPEG,282,20260813
16452,n04277352_10354_n04277352.JPEG,816,20260813
16464,n04146614_13435_n04146614.JPEG,779,20260813
16485,n04125021_16076_n04125021.JPEG,771,20260813
16554,n07760859_9981_n07760859.JPEG,956,20260813
16560,n02950826_15363_n02950826.JPEG,471,20260813
16570,n07590611_4215_n07590611.JPEG,926,20260813
16578,n12768682_17668_n12768682.JPEG,990,20260813
16598,n02787622_16400_n02787622.JPEG,420,20260813
16602,n13040303_1866_n13040303.JPEG,994,20260813
16611,n02795169_6144_n02795169.JPEG,427,20260813
16620,n04579432_23054_n04579432.JPEG,902,20260813
16642,n03045698_1551_n03045698.JPEG,501,20260813
16661,n03662601_312_n03662601.JPEG,625,20260813
16686,n02794156_20928_n02794156.JPEG,426,20260813
16687,n04429376_45208_n04429376.JPEG,857,20260813
16695,n04592741_2521_n04592741.JPEG,908,20260813
16700,n02123394_2045_n02123394.JPEG,283,20260813
16729,n02099712_4198_n02099712.JPEG,208,20260813
16750,n02279972_40224_n02279972.JPEG,323,20260813
16756,n01735189_5588_n01735189.JPEG,57,20260813
16772,n03691459_36816_n03691459.JPEG,632,20260813
16782,n02120079_1209_n02120079.JPEG,279,20260813
16800,n02113023_13938_n02113023.JPEG,263,20260813
16831,n02098105_105_n02098105.JPEG,202,20260813
16875,n02877765_3037_n02877765.JPEG,455,20260813
16878,n04380533_3562_n04380533.JPEG,846,20260813
16884,n04509417_4422_n04509417.JPEG,880,20260813
16889,n02704792_12756_n02704792.JPEG,408,20260813
16956,n03450230_10871_n03450230.JPEG,578,20260813
16972,n02319095_5469_n02319095.JPEG,328,20260813
16988,n02408429_1424_n02408429.JPEG,346,20260813
16997,n02804414_8695_n02804414.JPEG,431,20260813
17014,n02514041_8152_n02514041.JPEG,389,20260813
17016,n02980441_2731_n02980441.JPEG,483,20260813
17025,n02112706_5034_n02112706.JPEG,262,20260813
17076,n01871265_335_n01871265.JPEG,101,20260813
17095,n02099712_6764_n02099712.JPEG,208,20260813
17098,n02971356_4966_n02971356.JPEG,478,20260813
17118,n02504013_6990_n02504013.JPEG,385,20260813
17121,n02488291_7007_n02488291.JPEG,374,20260813
17135,n02107574_943_n02107574.JPEG,238,20260813
17157,n07720875_13909_n07720875.JPEG,945,20260813
17160,n03598930_6489_n03598930.JPEG,611,20260813
17166,n02093428_10381_n02093428.JPEG,180,20260813
17197,n07742313_10490_n07742313.JPEG,948,20260813
17212,n03384352_19534_n03384352.JPEG,561,20260813
17233,n02950826_3330_n02950826.JPEG,471,20260813
17235,n03854065_98030_n03854065.JPEG,687,20260813
17242,n03691459_16969_n03691459.JPEG,632,20260813
17246,n02398521_24203_n02398521.JPEG,344,20260813
17269,n06785654_11653_n06785654.JPEG,918,20260813
17280,n04120489_12718_n04120489.JPEG,770,20260813
17285,n04067472_7579_n04067472.JPEG,758,20260813
17288,n01729322_13089_n01729322.JPEG,54,20260813
17292,n07753592_6154_n07753592.JPEG,954,20260813
17323,n04258138_7023_n04258138.JPEG,807,20260813
17331,n04525038_12583_n04525038.JPEG,885,20260813
17340,n02437616_9706_n02437616.JPEG,355,20260813
17344,n03995372_9267_n03995372.JPEG,740,20260813
17354,n03494278_38878_n03494278.JPEG,593,20260813
17399,n02091032_1120_n02091032.JPEG,171,20260813
17447,n03272562_9030_n03272562.JPEG,547,20260813
17454,n03062245_1041_n03062245.JPEG,503,20260813
17471,n02108000_1145_n02108000.JPEG,241,20260813
17473,n02443114_10394_n02443114.JPEG,358,20260813
17477,n02106382_2591_n02106382.JPEG,233,20260813
17479,n02894605_15401_n02894605.JPEG,460,20260813
17486,n01955084_42908_n01955084.JPEG,116,20260813
17499,n02107142_4763_n02107142.JPEG,236,20260813
17508,n03764736_20457_n03764736.JPEG,653,20260813
17526,n07579787_4151_n07579787.JPEG,923,20260813
17527,n03485794_6576_n03485794.JPEG,591,20260813
17538,n03492542_18423_n03492542.JPEG,592,20260813
17596,n03404251_8882_n03404251.JPEG,568,20260813
17629,n02504458_7822_n02504458.JPEG,386,20260813
17631,n03467068_3774_n03467068.JPEG,583,20260813
17687,n02091032_10775_n02091032.JPEG,171,20260813
17703,n02115913_11082_n02115913.JPEG,274,20260813
17714,n01798484_186_n01798484.JPEG,83,20260813
17731,n04147183_2623_n04147183.JPEG,780,20260813
17740,n04067472_7266_n04067472.JPEG,758,20260813
17759,n09229709_14666_n09229709.JPEG,971,20260813
17838,n03372029_59973_n03372029.JPEG,558,20260813
17851,n03916031_50138_n03916031.JPEG,711,20260813
17864,n03954731_941_n03954731.JPEG,726,20260813
17871,n03032252_25555_n03032252.JPEG,498,20260813
17881,n01883070_3664_n01883070.JPEG,106,20260813
17898,n03127747_4431_n03127747.JPEG,518,20260813
17900,n04179913_3851_n04179913.JPEG,786,20260813
17902,n07717410_1491_n07717410.JPEG,941,20260813
17912,n02807133_9853_n02807133.JPEG,433,20260813
17916,n02398521_28858_n02398521.JPEG,344,20260813
17918,n03146219_191_n03146219.JPEG,524,20260813
17932,n03187595_7841_n03187595.JPEG,528,20260813
17955,n03633091_6945_n03633091.JPEG,618,20260813
17959,n04179913_12740_n04179913.JPEG,786,20260813
17974,n04039381_51605_n04039381.JPEG,752,20260813
17978,n02096437_371_n02096437.JPEG,194,20260813
17994,n01695060_16017_n01695060.JPEG,48,20260813
18010,n04201297_12263_n04201297.JPEG,789,20260813
18023,n04149813_1432_n04149813.JPEG,781,20260813
18025,n03958227_4651_n03958227.JPEG,728,20260813
18031,n01930112_12785_n01930112.JPEG,111,20260813
18035,n11879895_1068_n11879895.JPEG,984,20260813
18038,n02071294_18063_n02071294.JPEG,148,20260813
18047,n02979186_510_n02979186.JPEG,482,20260813
18056,n07720875_13531_n07720875.JPEG,945,20260813
18072,n04033901_17573_n04033901.JPEG,749,20260813
18088,n02123159_4660_n02123159.JPEG,282,20260813
18095,n04584207_21777_n04584207.JPEG,903,20260813
18112,n04141327_15979_n04141327.JPEG,777,20260813
18138,n02834397_1366_n02834397.JPEG,443,20260813
18143,n07875152_8657_n07875152.JPEG,964,20260813
18166,n03954731_4386_n03954731.JPEG,726,20260813
18220,n03814906_36127_n03814906.JPEG,679,20260813
18236,n04009552_8100_n04009552.JPEG,745,20260813
18283,n04228054_19203_n04228054.JPEG,795,20260813
18284,n02086240_13011_n02086240.JPEG,155,20260813
18304,n02165456_5732_n02165456.JPEG,301,20260813
18310,n02071294_43269_n02071294.JPEG,148,20260813
18337,n03929855_8793_n03929855.JPEG,715,20260813
18370,n01737021_1760_n01737021.JPEG,58,20260813
18373,n04162706_24882_n04162706.JPEG,785,20260813
18396,n09246464_11200_n09246464.JPEG,972,20260813
18424,n03584254_707_n03584254.JPEG,605,20260813
18429,n02500267_7649_n02500267.JPEG,384,20260813
18446,n03982430_15270_n03982430.JPEG,736,20260813
18472,n04285008_16557_n04285008.JPEG,817,20260813
18496,n13054560_1865_n13054560.JPEG,997,20260813
18500,n03481172_3902_n03481172.JPEG,587,20260813
18517,n02356798_1971_n02356798.JPEG,335,20260813
18524,n04235860_6536_n04235860.JPEG,797,20260813
18569,n07745940_9177_n07745940.JPEG,949,20260813
18580,n02124075_14425_n02124075.JPEG,285,20260813
18585,n02268443_24534_n02268443.JPEG,319,20260813
18603,n04023962_14216_n04023962.JPEG,747,20260813
18605,n07930864_1915_n07930864.JPEG,968,20260813
18611,n01693334_7694_n01693334.JPEG,46,20260813
18613,n04090263_10616_n04090263.JPEG,764,20260813
18627,n02814860_3500_n02814860.JPEG,437,20260813
18633,n02871525_5324_n02871525.JPEG,454,20260813
18640,n03673027_32319_n03673027.JPEG,628,20260813
18649,n03710193_17536_n03710193.JPEG,637,20260813
18685,n02865351_22984_n02865351.JPEG,451,20260813
18690,n03131574_20286_n03131574.JPEG,520,20260813
18691,n01917289_230_n01917289.JPEG,109,20260813
18696,n02794156_20937_n02794156.JPEG,426,20260813
18711,n04258138_5352_n04258138.JPEG,807,20260813
18712,n02106030_15010_n02106030.JPEG,231,20260813
18726,n01756291_17252_n01756291.JPEG,68,20260813
18730,n03272562_2002_n03272562.JPEG,547,20260813
18738,n01641577_7825_n01641577.JPEG,30,20260813
18750,n03014705_13750_n03014705.JPEG,492,20260813
18769,n02489166_4893_n02489166.JPEG,376,20260813
18776,n01677366_5694_n01677366.JPEG,39,20260813
18801,n02115913_10971_n02115913.JPEG,274,20260813
18841,n02793495_4977_n02793495.JPEG,425,20260813
18850,n01630670_8357_n01630670.JPEG,26,20260813
18879,n13052670_106_n13052670.JPEG,996,20260813
18897,n02823428_5691_n02823428.JPEG,440,20260813
18911,n02115641_5913_n02115641.JPEG,273,20260813
18915,n11879895_10301_n11879895.JPEG,984,20260813
18917,n02169497_5473_n02169497.JPEG,304,20260813
18929,n02056570_5298_n02056570.JPEG,145,20260813
18936,n03534580_4639_n03534580.JPEG,601,20260813
18940,n03485407_2415_n03485407.JPEG,590,20260813
18943,n02093428_17807_n02093428.JPEG,180,20260813
18963,n03841143_8006_n03841143.JPEG,685,20260813
18971,n09472597_11576_n09472597.JPEG,980,20260813
18985,n02099429_5203_n02099429.JPEG,206,20260813
18993,n03457902_3688_n03457902.JPEG,580,20260813
19074,n03017168_13701_n03017168.JPEG,494,20260813
19116,n02086079_10476_n02086079.JPEG,154,20260813
19118,n02009229_5244_n02009229.JPEG,131,20260813
19125,n01695060_17367_n01695060.JPEG,48,20260813
19132,n04296562_57958_n04296562.JPEG,819,20260813
19198,n01871265_5810_n01871265.JPEG,101,20260813
19201,n02123597_13041_n02123597.JPEG,284,20260813
19232,n07930864_21050_n07930864.JPEG,968,20260813
19238,n04090263_22698_n04090263.JPEG,764,20260813
19259,n02966193_39978_n02966193.JPEG,476,20260813
19266,n01744401_2748_n01744401.JPEG,62,20260813
19283,n03535780_14505_n03535780.JPEG,602,20260813
19284,n02025239_7401_n02025239.JPEG,139,20260813
19288,n02107312_2573_n02107312.JPEG,237,20260813
19289,n02093428_3272_n02093428.JPEG,180,20260813
19300,n04009552_15803_n04009552.JPEG,745,20260813
19307,n03676483_7938_n03676483.JPEG,629,20260813
19318,n03445777_10235_n03445777.JPEG,574,20260813
19369,n02802426_25343_n02802426.JPEG,430,20260813
19384,n02077923_311_n02077923.JPEG,150,20260813
19398,n06596364_5900_n06596364.JPEG,917,20260813
19461,n02325366_12516_n02325366.JPEG,330,20260813
19474,n02319095_7578_n02319095.JPEG,328,20260813
19488,n02655020_33805_n02655020.JPEG,397,20260813
19489,n02804414_3639_n02804414.JPEG,431,20260813
19491,n04263257_2440_n04263257.JPEG,809,20260813
19497,n01729977_16319_n01729977.JPEG,55,20260813
19510,n03958227_3659_n03958227.JPEG,728,20260813
19542,n03899768_117571_n03899768.JPEG,706,20260813
19548,n03742115_23877_n03742115.JPEG,648,20260813
19567,n01770393_913_n01770393.JPEG,71,20260813
19576,n02276258_1056_n02276258.JPEG,321,20260813
19613,n02843684_893_n02843684.JPEG,448,20260813
19621,n04243546_15149_n04243546.JPEG,800,20260813
19631,n02169497_6378_n02169497.JPEG,304,20260813
19636,n03697007_2699_n03697007.JPEG,634,20260813
19658,n02105505_5587_n02105505.JPEG,228,20260813
19662,n04542943_1429_n04542943.JPEG,891,20260813
19681,n07717410_4417_n07717410.JPEG,941,20260813
19699,n01641577_22439_n01641577.JPEG,30,20260813
19714,n03884397_15131_n03884397.JPEG,699,20260813
19740,n07747607_20873_n07747607.JPEG,950,20260813
19743,n01981276_7273_n01981276.JPEG,121,20260813
19756,n01855672_5653_n01855672.JPEG,99,20260813
19767,n03998194_3432_n03998194.JPEG,741,20260813
19778,n01728920_546_n01728920.JPEG,53,20260813
19780,n03483316_21515_n03483316.JPEG,589,20260813
19808,n02526121_11253_n02526121.JPEG,390,20260813
19827,n02088632_9376_n02088632.JPEG,164,20260813
19837,n04067472_24293_n04067472.JPEG,758,20260813
19840,n04285008_7566_n04285008.JPEG,817,20260813
19850,n02123045_4987_n02123045.JPEG,281,20260813
19851,n01751748_1631_n01751748.JPEG,65,20260813
19864,n02978881_20084_n02978881.JPEG,481,20260813
19900,n02092002_12830_n02092002.JPEG,177,20260813
19928,n03085013_5622_n03085013.JPEG,508,20260813
19931,n02110627_6965_n02110627.JPEG,252,20260813
19933,n03690938_12250_n03690938.JPEG,631,20260813
19935,n02106662_4180_n02106662.JPEG,235,20260813
19959,n03796401_99_n03796401.JPEG,675,20260813
19960,n04522168_11912_n04522168.JPEG,883,20260813
19993,n03721384_30956_n03721384.JPEG,642,20260813
19996,n02927161_19286_n02927161.JPEG,467,20260813
20001,n07831146_12729_n07831146.JPEG,959,20260813
20003,n01694178_2045_n01694178.JPEG,47,20260813
20025,n02992529_60121_n02992529.JPEG,487,20260813
20028,n04049303_9603_n04049303.JPEG,756,20260813
20039,n04589890_6675_n04589890.JPEG,904,20260813
20044,n02782093_3352_n02782093.JPEG,417,20260813
20062,n04553703_17239_n04553703.JPEG,896,20260813
20065,n02110806_13383_n02110806.JPEG,253,20260813
20086,n03630383_1081_n03630383.JPEG,617,20260813
20100,n01819313_5424_n01819313.JPEG,89,20260813
20102,n02699494_60535_n02699494.JPEG,406,20260813
20134,n02788148_31041_n02788148.JPEG,421,20260813
20172,n01990800_14544_n01990800.JPEG,126,20260813
20188,n01491361_3449_n01491361.JPEG,3,20260813
20203,n02129165_832_n02129165.JPEG,291,20260813
20211,n01580077_5475_n01580077.JPEG,17,20260813
20213,n02443114_19966_n02443114.JPEG,358,20260813
20236,n07716906_2006_n07716906.JPEG,940,20260813
20287,n03259280_4667_n03259280.JPEG,544,20260813
20321,n03657121_8478_n03657121.JPEG,622,20260813
20345,n03908714_3208_n03908714.JPEG,710,20260813
20357,n04479046_28709_n04479046.JPEG,869,20260813
20366,n02120079_18974_n02120079.JPEG,279,20260813
20367,n03743016_16845_n03743016.JPEG,649,20260813
20386,n01737021_13639_n01737021.JPEG,58,20260813
20389,n04204238_980_n04204238.JPEG,790,20260813
20393,n02110958_1318_n02110958.JPEG,254,20260813
20431,n03291819_4438_n03291819.JPEG,549,20260813
20443,n01833805_10223_n01833805.JPEG,94,20260813
20450,n03947888_1406_n03947888.JPEG,724,20260813
20455,n04376876_28312_n04376876.JPEG,845,20260813
20470,n03983396_4115_n03983396.JPEG,737,20260813
20478,n02108915_5314_n02108915.JPEG,245,20260813
20488,n01817953_13260_n01817953.JPEG,87,20260813
20503,n01795545_9703_n01795545.JPEG,80,20260813
20528,n02704792_18812_n02704792.JPEG,408,20260813
20538,n04458633_6876_n04458633.JPEG,863,20260813
20559,n04254120_873_n04254120.JPEG,804,20260813
20560,n02088238_2064_n02088238.JPEG,161,20260813
20584,n03100240_15920_n03100240.JPEG,511,20260813
20593,n01496331_4845_n01496331.JPEG,5,20260813
20607,n01768244_5387_n01768244.JPEG,69,20260813
20609,n02814860_12593_n02814860.JPEG,437,20260813
20649,n03764736_25672_n03764736.JPEG,653,20260813
20658,n03063689_848_n03063689.JPEG,505,20260813
20663,n02109525_6808_n02109525.JPEG,247,20260813
20667,n04418357_12537_n04418357.JPEG,854,20260813
20672,n03976467_2233_n03976467.JPEG,732,20260813
20721,n02510455_75064_n02510455.JPEG,388,20260813
20724,n07753113_1786_n07753113.JPEG,952,20260813
20725,n02730930_31719_n02730930.JPEG,411,20260813
20749,n04204238_5273_n04204238.JPEG,790,20260813
20799,n03095699_28017_n03095699.JPEG,510,20260813
20838,n04037443_10201_n04037443.JPEG,751,20260813
20856,n01829413_2979_n01829413.JPEG,93,20260813
20868,n13044778_2273_n13044778.JPEG,995,20260813
20903,n04208210_11998_n04208210.JPEG,792,20260813
20925,n03992509_8008_n03992509.JPEG,739,20260813
20926,n03743016_11765_n03743016.JPEG,649,20260813
20931,n04252077_4925_n04252077.JPEG,802,20260813
20944,n01632458_4530_n01632458.JPEG,28,20260813
20948,n02361337_3539_n02361337.JPEG,336,20260813
20995,n03891251_1402_n03891251.JPEG,703,20260813
20999,n07802026_59138_n07802026.JPEG,958,20260813
21017,n03124170_9029_n03124170.JPEG,515,20260813
21035,n04146614_5471_n04146614.JPEG,779,20260813
21061,n02403003_10147_n02403003.JPEG,345,20260813
21083,n02112018_5427_n02112018.JPEG,259,20260813
21088,n07802026_6987_n07802026.JPEG,958,20260813
21089,n01580077_427_n01580077.JPEG,17,20260813
21099,n01883070_4042_n01883070.JPEG,106,20260813
21127,n03658185_20191_n03658185.JPEG,623,20260813
21129,n01443537_13840_n01443537.JPEG,1,20260813
21131,n02129604_7838_n02129604.JPEG,292,20260813
21137,n02094258_724_n02094258.JPEG,186,20260813
21153,n03720891_9191_n03720891.JPEG,641,20260813
21161,n02098413_5201_n02098413.JPEG,204,20260813
21173,n03075370_1191_n03075370.JPEG,507,20260813
21204,n04005630_18692_n04005630.JPEG,743,20260813
21217,n01693334_9780_n01693334.JPEG,46,20260813
21231,n02489166_10620_n02489166.JPEG,376,20260813
21233,n03721384_10358_n03721384.JPEG,642,20260813
21241,n07693725_1864_n07693725.JPEG,931,20260813
21256,n03814639_3756_n03814639.JPEG,678,20260813
21263,n04356056_3758_n04356056.JPEG,837,20260813
21265,n04552348_6788_n04552348.JPEG,895,20260813
21270,n02110341_2017_n02110341.JPEG,251,20260813
21273,n02865351_32987_n02865351.JPEG,451,20260813
21293,n07749582_16330_n07749582.JPEG,951,20260813
21300,n07873807_17669_n07873807.JPEG,963,20260813
21321,n01950731_9664_n01950731.JPEG,115,20260813
21329,n11879895_4094_n11879895.JPEG,984,20260813
21364,n03791053_2343_n03791053.JPEG,670,20260813
21379,n02795169_72052_n02795169.JPEG,427,20260813
21390,n02676566_9079_n02676566.JPEG,402,20260813
21392,n02641379_12358_n02641379.JPEG,395,20260813
21429,n04069434_12844_n04069434.JPEG,759,20260813
21432,n03793489_3422_n03793489.JPEG,673,20260813
21488,n01773549_5321_n01773549.JPEG,73,20260813
21520,n04131690_10865_n04131690.JPEG,773,20260813
21524,n03788195_3394_n03788195.JPEG,668,20260813
21526,n02096585_6484_n02096585.JPEG,195,20260813
21554,n03127747_7751_n03127747.JPEG,518,20260813
21556,n02111500_1663_n02111500.JPEG,257,20260813
21571,n04392985_2611_n04392985.JPEG,848,20260813
21584,n03935335_4063_n03935335.JPEG,719,20260813
21585,n04465501_834_n04465501.JPEG,866,20260813
21607,n03787032_9668_n03787032.JPEG,667,20260813
21620,n03337140_14711_n03337140.JPEG,553,20260813
21634,n03100240_452_n03100240.JPEG,511,20260813
21715,n04517823_8640_n04517823.JPEG,882,20260813
21718,n02113799_22906_n02113799.JPEG,267,20260813
21735,n02783161_10130_n02783161.JPEG,418,20260813
21742,n04355933_374_n04355933.JPEG,836,20260813
21747,n02226429_10924_n02226429.JPEG,311,20260813
21757,n09193705_9008_n09193705.JPEG,970,20260813
21768,n02909870_52002_n02909870.JPEG,463,20260813
21783,n03602883_13493_n03602883.JPEG,613,20260813
21806,n01692333_1556_n01692333.JPEG,45,20260813
21826,n04033995_6688_n04033995.JPEG,750,20260813
21872,n02088632_1047_n02088632.JPEG,164,20260813
21873,n03481172_14199_n03481172.JPEG,587,20260813
21875,n01751748_13851_n01751748.JPEG,65,20260813
21894,n02099429_16_n02099429.JPEG,206,20260813
21918,n02107683_861_n02107683.JPEG,239,20260813
21919,n01742172_2496_n01742172.JPEG,61,20260813
21926,n03216828_57861_n03216828.JPEG,536,20260813
21951,n02808304_6790_n02808304.JPEG,434,20260813
21966,n02793495_17335_n02793495.JPEG,425,20260813
21994,n03998194_7682_n03998194.JPEG,741,20260813
22017,n07565083_12948_n07565083.JPEG,922,20260813
22026,n03908714_3326_n03908714.JPEG,710,20260813
22038,n04044716_24828_n04044716.JPEG,755,20260813
22039,n03692522_9507_n03692522.JPEG,633,20260813
22049,n03109150_26546_n03109150.JPEG,512,20260813
22050,n04040759_9940_n04040759.JPEG,753,20260813
22088,n03457902_27361_n03457902.JPEG,580,20260813
22133,n01873310_1125_n01873310.JPEG,103,20260813
22144,n07718747_14375_n07718747.JPEG,944,20260813
22150,n03417042_11037_n03417042.JPEG,569,20260813
22176,n02814533_20712_n02814533.JPEG,436,20260813
22189,n07920052_182_n07920052.JPEG,967,20260813
22196,n03692522_9694_n03692522.JPEG,633,20260813
22211,n04423845_10293_n04423845.JPEG,855,20260813
22233,n04325704_10794_n04325704.JPEG,824,20260813
22234,n03272010_6092_n03272010.JPEG,546,20260813
22246,n03803284_21884_n03803284.JPEG,676,20260813
22249,n04229816_5081_n04229816.JPEG,796,20260813
22251,n01632458_1742_n01632458.JPEG,28,20260813
22265,n02110341_6859_n02110341.JPEG,251,20260813
22270,n02119022_5356_n02119022.JPEG,277,20260813
22278,n02091032_9515_n02091032.JPEG,171,20260813
22292,n02483362_8690_n02483362.JPEG,368,20260813
22302,n02606052_4778_n02606052.JPEG,392,20260813
22308,n02106030_20509_n02106030.JPEG,231,20260813
22331,n04553703_26488_n04553703.JPEG,896,20260813
22332,n04141327_4492_n04141327.JPEG,777,20260813
22336,n02097298_9093_n02097298.JPEG,199,20260813
22358,n02281787_4636_n02281787.JPEG,326,20260813
22364,n02823750_3976_n02823750.JPEG,441,20260813
22384,n02028035_4169_n02028035.JPEG,141,20260813
22394,n02488702_6823_n02488702.JPEG,375,20260813
22411,n04548280_696_n04548280.JPEG,892,20260813
22414,n02488291_2713_n02488291.JPEG,374,20260813
22434,n01784675_2591_n01784675.JPEG,79,20260813
22442,n03187595_12904_n03187595.JPEG,528,20260813
22460,n01983481_12670_n01983481.JPEG,122,20260813
22465,n02113712_491_n02113712.JPEG,266,20260813
22469,n02892767_20419_n02892767.JPEG,459,20260813
22479,n04554684_39527_n04554684.JPEG,897,20260813
22494,n03089624_52965_n03089624.JPEG,509,20260813
22575,n04033901_35650_n04033901.JPEG,749,20260813
22584,n02837789_11691_n02837789.JPEG,445,20260813
22606,n02793495_2343_n02793495.JPEG,425,20260813
22610,n01843065_5623_n01843065.JPEG,95,20260813
22624,n02229544_6325_n02229544.JPEG,312,20260813
22632,n02091134_1497_n02091134.JPEG,172,20260813
22654,n01986214_12383_n01986214.JPEG,125,20260813
22656,n04330267_3632_n04330267.JPEG,827,20260813
22678,n02113186_14989_n02113186.JPEG,264,20260813
22700,n03459775_5747_n03459775.JPEG,581,20260813
22715,n03424325_8313_n03424325.JPEG,570,20260813
22726,n02110958_4428_n02110958.JPEG,254,20260813
22748,n03016953_3558_n03016953.JPEG,493,20260813
22750,n07714571_6093_n07714571.JPEG,936,20260813
22759,n04487081_5786_n04487081.JPEG,874,20260813
22762,n01796340_15977_n01796340.JPEG,81,20260813
22766,n02167151_2350_n02167151.JPEG,302,20260813
22772,n02102040_743_n02102040.JPEG,217,20260813
22788,n12768682_25976_n12768682.JPEG,990,20260813
22791,n03344393_7748_n03344393.JPEG,554,20260813
22816,n02321529_2119_n02321529.JPEG,329,20260813
22819,n02027492_6463_n02027492.JPEG,140,20260813
22835,n02488702_4111_n02488702.JPEG,375,20260813
22847,n02966193_36195_n02966193.JPEG,476,20260813
22850,n04229816_7628_n04229816.JPEG,796,20260813
22852,n03759954_20296_n03759954.JPEG,650,20260813
22864,n03764736_5886_n03764736.JPEG,653,20260813
22903,n02841315_13910_n02841315.JPEG,447,20260813
22936,n04019541_41298_n04019541.JPEG,746,20260813
22953,n03344393_4977_n03344393.JPEG,554,20260813
22972,n02325366_7034_n02325366.JPEG,330,20260813
22992,n09468604_61019_n09468604.JPEG,979,20260813
23013,n04266014_3785_n04266014.JPEG,812,20260813
23019,n04120489_5169_n04120489.JPEG,770,20260813
23028,n02128385_13760_n02128385.JPEG,288,20260813
23037,n02091032_3778_n02091032.JPEG,171,20260813
23046,n03874599_8084_n03874599.JPEG,695,20260813
23059,n02514041_4265_n02514041.JPEG,389,20260813
23064,n03785016_8701_n03785016.JPEG,665,20260813
23068,n04371774_851_n04371774.JPEG,843,20260813
23074,n02097209_3460_n02097209.JPEG,198,20260813
23080,n03042490_2926_n03042490.JPEG,500,20260813
23089,n04162706_20399_n04162706.JPEG,785,20260813
23112,n02391049_10681_n02391049.JPEG,340,20260813
23113,n03733805_12689_n03733805.JPEG,647,20260813
23116,n02787622_5794_n02787622.JPEG,420,20260813
23136,n03344393_8075_n03344393.JPEG,554,20260813
23141,n02328150_762_n02328150.JPEG,332,20260813
23142,n02037110_4061_n02037110.JPEG,143,20260813
23144,n02087046_431_n02087046.JPEG,158,20260813
23159,n15075141_40844_n15075141.JPEG,999,20260813
23170,n04127249_5718_n04127249.JPEG,772,20260813
23173,n01592084_6276_n01592084.JPEG,19,20260813
23195,n04552348_22448_n04552348.JPEG,895,20260813
23205,n02443114_5151_n02443114.JPEG,358,20260813
23224,n02033041_10120_n02033041.JPEG,142,20260813
23230,n04005630_36116_n04005630.JPEG,743,20260813
23231,n02125311_23199_n02125311.JPEG,286,20260813
23233,n02096294_2859_n02096294.JPEG,193,20260813
23245,n03930630_10438_n03930630.JPEG,717,20260813
23263,n04346328_24415_n04346328.JPEG,832,20260813
23268,n02730930_4502_n02730930.JPEG,411,20260813
23290,n03908618_10195_n03908618.JPEG,709,20260813
23293,n04592741_14685_n04592741.JPEG,908,20260813
23320,n02708093_5658_n02708093.JPEG,409,20260813
23328,n03937543_5152_n03937543.JPEG,720,20260813
23333,n02107683_875_n02107683.JPEG,239,20260813
23355,n02007558_3154_n02007558.JPEG,130,20260813
23382,n02102973_7946_n02102973.JPEG,221,20260813
23404,n02093754_4816_n02093754.JPEG,182,20260813
23409,n04069434_25671_n04069434.JPEG,759,20260813
23441,n01776313_4995_n01776313.JPEG,78,20260813
23453,n03977966_61900_n03977966.JPEG,734,20260813
23458,n02124075_8280_n02124075.JPEG,285,20260813
23480,n04367480_16058_n04367480.JPEG,840,20260813
23502,n03207941_11694_n03207941.JPEG,534,20260813
23525,n02138441_7141_n02138441.JPEG,299,20260813
23527,n03041632_23258_n03041632.JPEG,499,20260813
23552,n02113624_7660_n02113624.JPEG,265,20260813
23558,n02109961_19252_n02109961.JPEG,248,20260813
23562,n02104029_7622_n02104029.JPEG,222,20260813
23573,n04579145_3758_n04579145.JPEG,901,20260813
23613,n03457902_24213_n03457902.JPEG,580,20260813
23637,n04398044_6859_n04398044.JPEG,849,20260813
23673,n03777754_17603_n03777754.JPEG,662,20260813
23685,n01798484_5451_n01798484.JPEG,83,20260813
23695,n03814639_2921_n03814639.JPEG,678,20260813
23726,n04483307_9902_n04483307.JPEG,871,20260813
23748,n04596742_3127_n04596742.JPEG,909,20260813
23766,n04557648_6501_n04557648.JPEG,898,20260813
23772,n02007558_14266_n02007558.JPEG,130,20260813
23789,n03888257_14065_n03888257.JPEG,701,20260813
23791,n03459775_10073_n03459775.JPEG,581,20260813
23816,n02027492_4946_n02027492.JPEG,140,20260813
23821,n02090622_6172_n02090622.JPEG,169,20260813
23825,n04039381_23819_n04039381.JPEG,752,20260813
23829,n02835271_4923_n02835271.JPEG,444,20260813
23854,n02089867_2882_n02089867.JPEG,166,20260813
23855,n02108422_4741_n02108422.JPEG,243,20260813
23871,n02066245_9921_n02066245.JPEG,147,20260813
23878,n04146614_8394_n04146614.JPEG,779,20260813
23883,n03291819_5053_n03291819.JPEG,549,20260813
23896,n04423845_4227_n04423845.JPEG,855,20260813
23903,n04548280_1512_n04548280.JPEG,892,20260813
23906,n03781244_9700_n03781244.JPEG,663,20260813
23919,n07930864_4529_n07930864.JPEG,968,20260813
23924,n02009229_1952_n02009229.JPEG,131,20260813
23927,n02105412_2355_n02105412.JPEG,227,20260813
23934,n01580077_2298_n01580077.JPEG,17,20260813
23937,n03223299_3862_n03223299.JPEG,539,20260813
23974,n03388043_3030_n03388043.JPEG,562,20260813
23989,n04264628_8348_n04264628.JPEG,810,20260813
24006,n09421951_887_n09421951.JPEG,977,20260813
24058,n07860988_19137_n07860988.JPEG,961,20260813
24063,n02123394_1724_n02123394.JPEG,283,20260813
24073,n01985128_18029_n01985128.JPEG,124,20260813
24088,n03000684_7927_n03000684.JPEG,491,20260813
24092,n02326432_311_n02326432.JPEG,331,20260813
24105,n02102480_12810_n02102480.JPEG,220,20260813
24132,n03529860_17694_n03529860.JPEG,598,20260813
24139,n04367480_25710_n04367480.JPEG,840,20260813
24145,n09246464_4878_n09246464.JPEG,972,20260813
24152,n02134084_3973_n02134084.JPEG,296,20260813
24175,n02865351_5822_n02865351.JPEG,451,20260813
24210,n02494079_11155_n02494079.JPEG,382,20260813
24276,n04485082_114_n04485082.JPEG,872,20260813
24287,n02134084_8215_n02134084.JPEG,296,20260813
24320,n04277352_2215_n04277352.JPEG,816,20260813
24327,n02113023_15100_n02113023.JPEG,263,20260813
24332,n07715103_5759_n07715103.JPEG,938,20260813
24340,n12144580_20886_n12144580.JPEG,987,20260813
24349,n03773504_22550_n03773504.JPEG,657,20260813
24353,n03384352_4667_n03384352.JPEG,561,20260813
24373,n02116738_7860_n02116738.JPEG,275,20260813
24388,n09332890_6486_n09332890.JPEG,975,20260813
24422,n02085620_12101_n02085620.JPEG,151,20260813
24458,n02870880_18391_n02870880.JPEG,453,20260813
24494,n07718747_5303_n07718747.JPEG,944,20260813
24498,n01592084_313_n01592084.JPEG,19,20260813
24507,n04235860_9032_n04235860.JPEG,797,20260813
24514,n02105855_4901_n02105855.JPEG,230,20260813
24523,n04435653_5131_n04435653.JPEG,858,20260813
24524,n02087394_7841_n02087394.JPEG,159,20260813
24531,n04435653_5332_n04435653.JPEG,858,20260813
24533,n02326432_435_n02326432.JPEG,331,20260813
24566,n02013706_2865_n02013706.JPEG,135,20260813
24604,n07753592_17134_n07753592.JPEG,954,20260813
24617,n02536864_2580_n02536864.JPEG,391,20260813
24622,n02797295_2241_n02797295.JPEG,428,20260813
24652,n03995372_10065_n03995372.JPEG,740,20260813
24663,n04019541_26734_n04019541.JPEG,746,20260813
24667,n02795169_10524_n02795169.JPEG,427,20260813
24714,n02981792_2456_n02981792.JPEG,484,20260813
24735,n02093647_5596_n02093647.JPEG,181,20260813
24745,n04259630_6891_n04259630.JPEG,808,20260813
24776,n01773157_9346_n01773157.JPEG,72,20260813
24794,n02129165_2380_n02129165.JPEG,291,20260813
24796,n01981276_4857_n01981276.JPEG,121,20260813
24824,n03146219_23271_n03146219.JPEG,524,20260813
24836,n02927161_20579_n02927161.JPEG,467,20260813
24846,n03450230_18502_n03450230.JPEG,578,20260813
24853,n03825788_15798_n03825788.JPEG,680,20260813
24854,n07613480_4848_n07613480.JPEG,927,20260813
24874,n03535780_17649_n03535780.JPEG,602,20260813
24913,n02804610_4189_n02804610.JPEG,432,20260813
25029,n03325584_4307_n03325584.JPEG,552,20260813
25093,n01978287_2033_n01978287.JPEG,118,20260813
25096,n07871810_5551_n07871810.JPEG,962,20260813
25122,n07753275_65_n07753275.JPEG,953,20260813
25164,n01843383_11190_n01843383.JPEG,96,20260813
25179,n01698640_56_n01698640.JPEG,50,20260813
25184,n03961711_11244_n03961711.JPEG,729,20260813
25197,n03764736_13127_n03764736.JPEG,653,20260813
25198,n04049303_956_n04049303.JPEG,756,20260813
25207,n02101556_4017_n02101556.JPEG,216,20260813
25209,n02883205_6975_n02883205.JPEG,457,20260813
25218,n02640242_1620_n02640242.JPEG,394,20260813
25234,n01980166_15_n01980166.JPEG,120,20260813
25250,n02509815_44_n02509815.JPEG,387,20260813
25257,n02107142_13817_n02107142.JPEG,236,20260813
25264,n02279972_2551_n02279972.JPEG,323,20260813
25302,n04116512_55963_n04116512.JPEG,767,20260813
25307,n03404251_2422_n03404251.JPEG,568,20260813
25313,n02102973_1413_n02102973.JPEG,221,20260813
25339,n04532670_6095_n04532670.JPEG,888,20260813
25351,n03534580_5392_n03534580.JPEG,601,20260813
25359,n02089973_1787_n02089973.JPEG,167,20260813
25369,n07613480_18966_n07613480.JPEG,927,20260813
25423,n02096051_681_n02096051.JPEG,191,20260813
25436,n12620546_1901_n12620546.JPEG,989,20260813
25451,n01917289_4234_n01917289.JPEG,109,20260813
25452,n03062245_5881_n03062245.JPEG,503,20260813
25457,n03417042_5338_n03417042.JPEG,569,20260813
25469,n03814639_1838_n03814639.JPEG,678,20260813
25472,n01682714_9820_n01682714.JPEG,40,20260813
25476,n01740131_131_n01740131.JPEG,60,20260813
25494,n03544143_17517_n03544143.JPEG,604,20260813
25510,n03938244_26718_n03938244.JPEG,721,20260813
25512,n01644373_8327_n01644373.JPEG,31,20260813
25525,n03840681_16874_n03840681.JPEG,684,20260813
25535,n02123159_6681_n02123159.JPEG,282,20260813
25536,n03538406_7219_n03538406.JPEG,603,20260813
25539,n07747607_718_n07747607.JPEG,950,20260813
25545,n03877472_3292_n03877472.JPEG,697,20260813
25579,n02099429_1627_n02099429.JPEG,206,20260813
25597,n04612504_12290_n04612504.JPEG,914,20260813
25605,n02492660_12166_n02492660.JPEG,379,20260813
25618,n03216828_36617_n03216828.JPEG,536,20260813
25637,n03063599_491_n03063599.JPEG,504,20260813
25659,n02106166_11640_n02106166.JPEG,232,20260813
25669,n02128925_11315_n02128925.JPEG,290,20260813
25671,n02102318_14727_n02102318.JPEG,219,20260813
25676,n04552348_13925_n04552348.JPEG,895,20260813
25720,n07583066_5356_n07583066.JPEG,924,20260813
25752,n03544143_5117_n03544143.JPEG,604,20260813
25758,n02106166_11689_n02106166.JPEG,232,20260813
25769,n02123045_4023_n02123045.JPEG,281,20260813
25779,n09332890_31287_n09332890.JPEG,975,20260813
25813,n03492542_5134_n03492542.JPEG,592,20260813
25839,n02514041_11879_n02514041.JPEG,389,20260813
25868,n01692333_249_n01692333.JPEG,45,20260813
25875,n01735189_9703_n01735189.JPEG,57,20260813
25876,n03710721_18756_n03710721.JPEG,639,20260813
25883,n03032252_48257_n03032252.JPEG,498,20260813
25892,n02490219_1524_n02490219.JPEG,377,20260813
25900,n03218198_17127_n03218198.JPEG,537,20260813
25907,n02105056_3052_n02105056.JPEG,224,20260813
25908,n02112137_6190_n02112137.JPEG,260,20260813
25914,n02096437_418_n02096437.JPEG,194,20260813
25922,n04540053_7828_n04540053.JPEG,890,20260813
25927,n04235860_5665_n04235860.JPEG,797,20260813
25946,n02835271_12360_n02835271.JPEG,444,20260813
25963,n03045698_6023_n03045698.JPEG,501,20260813
25965,n03770439_7028_n03770439.JPEG,655,20260813
25982,n04310018_14837_n04310018.JPEG,820,20260813
25988,n02098105_1301_n02098105.JPEG,202,20260813
25992,n01622779_3270_n01622779.JPEG,24,20260813
26021,n01728920_938_n01728920.JPEG,53,20260813
26038,n02509815_1814_n02509815.JPEG,387,20260813
26053,n04476259_4_n04476259.JPEG,868,20260813
26098,n02236044_6238_n02236044.JPEG,315,20260813
26099,n02992529_10600_n02992529.JPEG,487,20260813
26103,n02730930_8364_n02730930.JPEG,411,20260813
26112,n02281406_4882_n02281406.JPEG,325,20260813
26126,n04560804_1354_n04560804.JPEG,899,20260813
26128,n03873416_7944_n03873416.JPEG,693,20260813
26133,n02002724_2298_n02002724.JPEG,128,20260813
26165,n04179913_11731_n04179913.JPEG,786,20260813
26176,n03956157_15038_n03956157.JPEG,727,20260813
26211,n02281406_1705_n02281406.JPEG,325,20260813
26218,n04086273_36618_n04086273.JPEG,763,20260813
26220,n04442312_2121_n04442312.JPEG,859,20260813
26225,n04152593_46068_n04152593.JPEG,782,20260813
26266,n03344393_7377_n03344393.JPEG,554,20260813
26267,n02807133_8701_n02807133.JPEG,433,20260813
26274,n02486261_4869_n02486261.JPEG,371,20260813
26278,n02948072_8470_n02948072.JPEG,470,20260813
26297,n03733131_4116_n03733131.JPEG,645,20260813
26307,n12144580_18565_n12144580.JPEG,987,20260813
26340,n04590129_28446_n04590129.JPEG,905,20260813
26360,n01986214_5822_n01986214.JPEG,125,20260813
26369,n04067472_31800_n04067472.JPEG,758,20260813
26381,n02749479_2451_n02749479.JPEG,413,20260813
26387,n02988304_10995_n02988304.JPEG,485,20260813
26403,n03180011_8747_n03180011.JPEG,527,20260813
26428,n03967562_20186_n03967562.JPEG,730,20260813
26441,n04591157_3087_n04591157.JPEG,906,20260813
26467,n02109047_65675_n02109047.JPEG,246,20260813
26476,n03197337_12610_n03197337.JPEG,531,20260813
26486,n02704792_4575_n02704792.JPEG,408,20260813
26490,n03825788_19031_n03825788.JPEG,680,20260813
26497,n02704792_6019_n02704792.JPEG,408,20260813
26501,n02231487_11081_n02231487.JPEG,313,20260813
26520,n03761084_21301_n03761084.JPEG,651,20260813
26522,n03125729_8495_n03125729.JPEG,516,20260813
26526,n02114712_6807_n02114712.JPEG,271,20260813
26536,n02490219_4593_n02490219.JPEG,377,20260813
26540,n02676566_1736_n02676566.JPEG,402,20260813
26567,n03764736_11250_n03764736.JPEG,653,20260813
26570,n02090379_3612_n02090379.JPEG,168,20260813
26577,n02692877_13145_n02692877.JPEG,405,20260813
26587,n04141076_41345_n04141076.JPEG,776,20260813
26616,n03534580_4768_n03534580.JPEG,601,20260813
26639,n03908714_3233_n03908714.JPEG,710,20260813
26673,n03095699_22244_n03095699.JPEG,510,20260813
26697,n04371430_10421_n04371430.JPEG,842,20260813
26710,n03998194_6481_n03998194.JPEG,741,20260813
26738,n07715103_480_n07715103.JPEG,938,20260813
26747,n09835506_4467_n09835506.JPEG,981,20260813
26813,n03666591_17799_n03666591.JPEG,626,20260813
26814,n03134739_14637_n03134739.JPEG,522,20260813
26816,n02825657_9166_n02825657.JPEG,442,20260813
26820,n04366367_6052_n04366367.JPEG,839,20260813
26831,n01558993_6018_n01558993.JPEG,15,20260813
26832,n07753592_22626_n07753592.JPEG,954,20260813
26841,n03026506_4796_n03026506.JPEG,496,20260813
26852,n04099969_7897_n04099969.JPEG,765,20260813
26885,n02444819_5873_n02444819.JPEG,360,20260813
26888,n02074367_23127_n02074367.JPEG,149,20260813
26905,n02105855_11798_n02105855.JPEG,230,20260813
26906,n01843383_6130_n01843383.JPEG,96,20260813
26931,n04200800_23711_n04200800.JPEG,788,20260813
26969,n04443257_16712_n04443257.JPEG,860,20260813
26978,n02606052_17106_n02606052.JPEG,392,20260813
26993,n07930864_47562_n07930864.JPEG,968,20260813
27030,n02138441_1386_n02138441.JPEG,299,20260813
27043,n01753488_12218_n01753488.JPEG,66,20260813
27064,n03400231_4694_n03400231.JPEG,567,20260813
27082,n04371774_39693_n04371774.JPEG,843,20260813
27087,n03991062_19851_n03991062.JPEG,738,20260813
27091,n03062245_4661_n03062245.JPEG,503,20260813
27099,n03709823_18323_n03709823.JPEG,636,20260813
27118,n04332243_5416_n04332243.JPEG,828,20260813
27122,n03216828_25760_n03216828.JPEG,536,20260813
27144,n04357314_13971_n04357314.JPEG,838,20260813
27147,n02110806_11053_n02110806.JPEG,253,20260813
27150,n09399592_57765_n09399592.JPEG,976,20260813
27152,n03255030_9519_n03255030.JPEG,543,20260813
27170,n04371430_14376_n04371430.JPEG,842,20260813
27177,n02256656_3272_n02256656.JPEG,316,20260813
27185,n02486261_18479_n02486261.JPEG,371,20260813
27191,n04033995_36549_n04033995.JPEG,750,20260813
27193,n01871265_5421_n01871265.JPEG,101,20260813
27205,n03902125_1699_n03902125.JPEG,707,20260813
27212,n04254777_4562_n04254777.JPEG,806,20260813
27217,n06596364_7392_n06596364.JPEG,917,20260813
27231,n03733805_4551_n03733805.JPEG,647,20260813
27250,n01770081_5023_n01770081.JPEG,70,20260813
27265,n01742172_15584_n01742172.JPEG,61,20260813
27269,n02058221_12240_n02058221.JPEG,146,20260813
27274,n02091134_7637_n02091134.JPEG,172,20260813
27277,n01514859_3495_n01514859.JPEG,8,20260813
27279,n02229544_493_n02229544.JPEG,312,20260813
27284,n04443257_66_n04443257.JPEG,860,20260813
27286,n02106550_1836_n02106550.JPEG,234,20260813
27297,n02966193_37280_n02966193.JPEG,476,20260813
27303,n02172182_6504_n02172182.JPEG,305,20260813
27305,n04346328_128_n04346328.JPEG,832,20260813
27306,n04141975_13142_n04141975.JPEG,778,20260813
27345,n04243546_1007_n04243546.JPEG,800,20260813
27363,n04536866_18374_n04536866.JPEG,889,20260813
27378,n06794110_5084_n06794110.JPEG,919,20260813
27440,n02397096_2453_n02397096.JPEG,343,20260813
27452,n01694178_4275_n01694178.JPEG,47,20260813
27473,n01443537_20299_n01443537.JPEG,1,20260813
27486,n04428191_775_n04428191.JPEG,856,20260813
27491,n03180011_1783_n03180011.JPEG,527,20260813
27504,n01981276_9422_n01981276.JPEG,121,20260813
27520,n02963159_2288_n02963159.JPEG,474,20260813
27527,n03742115_10533_n03742115.JPEG,648,20260813
27546,n03759954_3453_n03759954.JPEG,650,20260813
27585,n03666591_24819_n03666591.JPEG,626,20260813
27595,n04366367_1250_n04366367.JPEG,839,20260813
27634,n01664065_7799_n01664065.JPEG,33,20260813
27638,n02236044_11880_n02236044.JPEG,315,20260813
27690,n07831146_11387_n07831146.JPEG,959,20260813
27703,n02443114_26077_n02443114.JPEG,358,20260813
27709,n02641379_11950_n02641379.JPEG,395,20260813
27727,n02480855_12514_n02480855.JPEG,366,20260813
27730,n02607072_1031_n02607072.JPEG,393,20260813
27739,n03933933_2678_n03933933.JPEG,718,20260813
27757,n02113978_2646_n02113978.JPEG,268,20260813
27760,n03724870_20209_n03724870.JPEG,643,20260813
27766,n02101388_4244_n02101388.JPEG,215,20260813
27863,n02088632_171_n02088632.JPEG,164,20260813
27913,n04523525_7947_n04523525.JPEG,884,20260813
27914,n02834397_158_n02834397.JPEG,443,20260813
27919,n01978455_8433_n01978455.JPEG,119,20260813
27925,n07248320_5982_n07248320.JPEG,921,20260813
27926,n02486261_16007_n02486261.JPEG,371,20260813
27999,n04542943_3883_n04542943.JPEG,891,20260813
28000,n02667093_5793_n02667093.JPEG,399,20260813
28023,n04041544_13080_n04041544.JPEG,754,20260813
28027,n04136333_9070_n04136333.JPEG,775,20260813
28053,n04335435_294_n04335435.JPEG,829,20260813
28056,n02114855_8247_n02114855.JPEG,272,20260813
28069,n01667778_11513_n01667778.JPEG,36,20260813
28138,n02480855_17_n02480855.JPEG,366,20260813
28160,n09246464_41034_n09246464.JPEG,972,20260813
28177,n04589890_6386_n04589890.JPEG,904,20260813
28193,n02093428_6177_n02093428.JPEG,180,20260813
28217,n02071294_35684_n02071294.JPEG,148,20260813
28219,n03692522_2951_n03692522.JPEG,633,20260813
28223,n01917289_3883_n01917289.JPEG,109,20260813
28241,n02110627_19636_n02110627.JPEG,252,20260813
28263,n01592084_7933_n01592084.JPEG,19,20260813
28268,n02708093_7475_n02708093.JPEG,409,20260813
28304,n04540053_14165_n04540053.JPEG,890,20260813
28322,n03602883_527_n03602883.JPEG,613,20260813
28325,n02701002_22812_n02701002.JPEG,407,20260813
28330,n01644373_1253_n01644373.JPEG,31,20260813
28334,n07768694_12370_n07768694.JPEG,957,20260813
28336,n02110958_6525_n02110958.JPEG,254,20260813
28345,n03791053_694_n03791053.JPEG,670,20260813
28379,n04039381_10990_n04039381.JPEG,752,20260813
28383,n03393912_5803_n03393912.JPEG,565,20260813
28410,n02110958_4713_n02110958.JPEG,254,20260813
28413,n03110669_13869_n03110669.JPEG,513,20260813
28431,n04418357_13143_n04418357.JPEG,854,20260813
28445,n03388183_2023_n03388183.JPEG,563,20260813
28482,n03777754_12298_n03777754.JPEG,662,20260813
28490,n03868863_5153_n03868863.JPEG,691,20260813
28514,n03733281_41737_n03733281.JPEG,646,20260813
28552,n03207941_18557_n03207941.JPEG,534,20260813
28555,n02823750_12132_n02823750.JPEG,441,20260813
28558,n02865351_6168_n02865351.JPEG,451,20260813
28572,n09428293_8154_n09428293.JPEG,978,20260813
28589,n07753113_4067_n07753113.JPEG,952,20260813
28603,n03967562_27393_n03967562.JPEG,730,20260813
28614,n04501370_20346_n04501370.JPEG,877,20260813
28620,n02514041_6220_n02514041.JPEG,389,20260813
28648,n01518878_26187_n01518878.JPEG,9,20260813
28649,n06359193_86002_n06359193.JPEG,916,20260813
28656,n03146219_8514_n03146219.JPEG,524,20260813
28666,n02128925_68_n02128925.JPEG,290,20260813
28677,n03871628_15019_n03871628.JPEG,692,20260813
28678,n04458633_9304_n04458633.JPEG,863,20260813
28711,n03982430_20078_n03982430.JPEG,736,20260813
28730,n04599235_3094_n04599235.JPEG,911,20260813
28769,n02607072_3009_n02607072.JPEG,393,20260813
28830,n03843555_8543_n03843555.JPEG,686,20260813
28849,n01531178_13095_n01531178.JPEG,11,20260813
28864,n13133613_21376_n13133613.JPEG,998,20260813
28911,n01558993_11781_n01558993.JPEG,15,20260813
28934,n03476684_4120_n03476684.JPEG,584,20260813
28938,n03482405_5729_n03482405.JPEG,588,20260813
28943,n04355933_507_n04355933.JPEG,836,20260813
28954,n02641379_13527_n02641379.JPEG,395,20260813
28968,n02640242_6182_n02640242.JPEG,394,20260813
28974,n03733281_12123_n03733281.JPEG,646,20260813
28994,n03983396_5752_n03983396.JPEG,737,20260813
28998,n04310018_9494_n04310018.JPEG,820,20260813
29007,n12267677_16871_n12267677.JPEG,988,20260813
29030,n02892201_15954_n02892201.JPEG,458,20260813
29041,n01675722_2842_n01675722.JPEG,38,20260813
29044,n03249569_38789_n03249569.JPEG,541,20260813
29045,n02480855_10918_n02480855.JPEG,366,20260813
29055,n02978881_2681_n02978881.JPEG,481,20260813
29097,n04209239_11056_n04209239.JPEG,794,20260813
29124,n04599235_57610_n04599235.JPEG,911,20260813
29125,n03729826_7808_n03729826.JPEG,644,20260813
29130,n07717410_725_n07717410.JPEG,941,20260813
29157,n03787032_2041_n03787032.JPEG,667,20260813
29180,n03016953_15352_n03016953.JPEG,493,20260813
29182,n02835271_14846_n02835271.JPEG,444,20260813
29186,n03291819_2659_n03291819.JPEG,549,20260813
29216,n03788365_12255_n03788365.JPEG,669,20260813
29232,n04456115_5475_n04456115.JPEG,862,20260813
29240,n01728572_10261_n01728572.JPEG,52,20260813
29247,n01665541_9346_n01665541.JPEG,34,20260813
29274,n02948072_2540_n02948072.JPEG,470,20260813
29287,n02105251_1391_n02105251.JPEG,226,20260813
29307,n04532106_3542_n04532106.JPEG,887,20260813
29313,n01622779_20582_n01622779.JPEG,24,20260813
29347,n02107574_4127_n02107574.JPEG,238,20260813
29352,n03180011_4103_n03180011.JPEG,527,20260813
29400,n02391049_5503_n02391049.JPEG,340,20260813
29403,n03773504_19038_n03773504.JPEG,657,20260813
29415,n07745940_6215_n07745940.JPEG,949,20260813
29423,n01740131_3537_n01740131.JPEG,60,20260813
29424,n02129604_2436_n02129604.JPEG,292,20260813
29426,n01667778_2958_n01667778.JPEG,36,20260813
29444,n07717556_4044_n07717556.JPEG,942,20260813
29469,n01798484_1473_n01798484.JPEG,83,20260813
29481,n02815834_1928_n02815834.JPEG,438,20260813
29492,n04131690_1556_n04131690.JPEG,773,20260813
29509,n03388043_4843_n03388043.JPEG,562,20260813
29523,n03594945_14870_n03594945.JPEG,609,20260813
29527,n01704323_15178_n01704323.JPEG,51,20260813
29532,n03445924_14923_n03445924.JPEG,575,20260813
29546,n03786901_5308_n03786901.JPEG,666,20260813
29559,n04557648_1888_n04557648.JPEG,898,20260813
29562,n02086240_5703_n02086240.JPEG,155,20260813
29571,n02417914_12391_n02417914.JPEG,350,20260813
29601,n03770439_6617_n03770439.JPEG,655,20260813
29603,n02105505_3053_n02105505.JPEG,228,20260813
29608,n03532672_3055_n03532672.JPEG,600,20260813
29611,n02906734_12211_n02906734.JPEG,462,20260813
29630,n02097130_3359_n02097130.JPEG,197,20260813
29634,n01828970_5270_n01828970.JPEG,92,20260813
29635,n07579787_42923_n07579787.JPEG,923,20260813
29650,n02974003_8111_n02974003.JPEG,479,20260813
29651,n01728572_1606_n01728572.JPEG,52,20260813
29657,n03095699_27795_n03095699.JPEG,510,20260813
29677,n02091831_2578_n02091831.JPEG,176,20260813
29691,n02137549_10981_n02137549.JPEG,298,20260813
29697,n02356798_1650_n02356798.JPEG,335,20260813
29727,n03791053_29284_n03791053.JPEG,670,20260813
29737,n03729826_6350_n03729826.JPEG,644,20260813
29738,n02111889_16544_n02111889.JPEG,258,20260813
29741,n02488702_3600_n02488702.JPEG,375,20260813
29750,n03042490_509_n03042490.JPEG,500,20260813
29757,n01796340_14834_n01796340.JPEG,81,20260813
29767,n03384352_2345_n03384352.JPEG,561,20260813
29770,n01592084_3519_n01592084.JPEG,19,20260813
29789,n04554684_6264_n04554684.JPEG,897,20260813
29799,n01685808_1960_n01685808.JPEG,41,20260813
29804,n02493793_482_n02493793.JPEG,381,20260813
29812,n03110669_91060_n03110669.JPEG,513,20260813
29822,n01872401_1936_n01872401.JPEG,102,20260813
29897,n02177972_8567_n02177972.JPEG,307,20260813
29913,n01514668_3379_n01514668.JPEG,7,20260813
29914,n03776460_11906_n03776460.JPEG,660,20260813
29960,n02137549_3242_n02137549.JPEG,298,20260813
29961,n07880968_9347_n07880968.JPEG,965,20260813
29969,n03394916_46284_n03394916.JPEG,566,20260813
29973,n02123597_4995_n02123597.JPEG,284,20260813
29986,n02606052_5900_n02606052.JPEG,392,20260813
29988,n02117135_7009_n02117135.JPEG,276,20260813
29998,n04372370_42573_n04372370.JPEG,844,20260813
30013,n03124170_4993_n03124170.JPEG,515,20260813
30029,n02112137_14128_n02112137.JPEG,260,20260813
30032,n03877472_8455_n03877472.JPEG,697,20260813
30039,n03854065_13313_n03854065.JPEG,687,20260813
30055,n03216828_50140_n03216828.JPEG,536,20260813
30064,n02514041_4225_n02514041.JPEG,389,20260813
30084,n03598930_10546_n03598930.JPEG,611,20260813
30085,n03494278_17728_n03494278.JPEG,593,20260813
30089,n07760859_3043_n07760859.JPEG,956,20260813
30107,n07718747_10532_n07718747.JPEG,944,20260813
30131,n02111277_12490_n02111277.JPEG,256,20260813
30142,n02690373_3775_n02690373.JPEG,404,20260813
30197,n03291819_5886_n03291819.JPEG,549,20260813
30203,n02749479_5575_n02749479.JPEG,413,20260813
30222,n02102040_3049_n02102040.JPEG,217,20260813
30247,n02979186_1159_n02979186.JPEG,482,20260813
30256,n03240683_4551_n03240683.JPEG,540,20260813
30263,n07579787_218_n07579787.JPEG,923,20260813
30264,n03255030_3507_n03255030.JPEG,543,20260813
30272,n03255030_1072_n03255030.JPEG,543,20260813
30273,n07871810_8972_n07871810.JPEG,962,20260813
30290,n03841143_442_n03841143.JPEG,685,20260813
30302,n03452741_596_n03452741.JPEG,579,20260813
30305,n02165105_2991_n02165105.JPEG,300,20260813
30313,n04554684_12183_n04554684.JPEG,897,20260813
30331,n03935335_5324_n03935335.JPEG,719,20260813
30346,n02814533_48754_n02814533.JPEG,436,20260813
30349,n03706229_9347_n03706229.JPEG,635,20260813
30359,n03933933_6946_n03933933.JPEG,718,20260813
30377,n04435653_597_n04435653.JPEG,858,20260813
30389,n04399382_27383_n04399382.JPEG,850,20260813
30393,n04560804_5237_n04560804.JPEG,899,20260813
30405,n02129604_1172_n02129604.JPEG,292,20260813
30409,n09332890_24520_n09332890.JPEG,975,20260813
30486,n04523525_13014_n04523525.JPEG,884,20260813
30560,n02279972_1790_n02279972.JPEG,323,20260813
30588,n01665541_4942_n01665541.JPEG,34,20260813
30618,n04277352_23693_n04277352.JPEG,816,20260813
30623,n01871265_12878_n01871265.JPEG,101,20260813
30629,n02500267_16531_n02500267.JPEG,384,20260813
30639,n02325366_4117_n02325366.JPEG,330,20260813
30650,n01985128_9844_n01985128.JPEG,124,20260813
30665,n02317335_44207_n02317335.JPEG,327,20260813
30685,n03832673_13095_n03832673.JPEG,681,20260813
30689,n03942813_4322_n03942813.JPEG,722,20260813
30703,n02097047_2245_n02097047.JPEG,196,20260813
30709,n04330267_17281_n04330267.JPEG,827,20260813
30740,n04141975_27658_n04141975.JPEG,778,20260813
30747,n03527444_5799_n03527444.JPEG,597,20260813
30799,n03956157_13369_n03956157.JPEG,727,20260813
30810,n03876231_37056_n03876231.JPEG,696,20260813
30851,n03126707_9492_n03126707.JPEG,517,20260813
30854,n02447366_8371_n02447366.JPEG,362,20260813
30865,n04146614_1278_n04146614.JPEG,779,20260813
30882,n03041632_55502_n03041632.JPEG,499,20260813
30898,n01728920_16895_n01728920.JPEG,53,20260813
30921,n04118538_4193_n04118538.JPEG,768,20260813
30953,n03658185_21057_n03658185.JPEG,623,20260813
30975,n01798484_8482_n01798484.JPEG,83,20260813
30983,n04251144_9040_n04251144.JPEG,801,20260813
30989,n04296562_39135_n04296562.JPEG,819,20260813
30991,n02701002_10279_n02701002.JPEG,407,20260813
30996,n02123394_10389_n02123394.JPEG,283,20260813
31005,n04004767_13618_n04004767.JPEG,742,20260813
31023,n04286575_72856_n04286575.JPEG,818,20260813
31037,n02791270_20435_n02791270.JPEG,424,20260813
31044,n02093256_37899_n02093256.JPEG,179,20260813
31067,n01860187_8632_n01860187.JPEG,100,20260813
31086,n02655020_24153_n02655020.JPEG,397,20260813
31102,n03476684_19139_n03476684.JPEG,584,20260813
31106,n03584254_6968_n03584254.JPEG,605,20260813
31107,n02094433_7786_n02094433.JPEG,187,20260813
31126,n02804414_2998_n02804414.JPEG,431,20260813
31136,n02096051_8672_n02096051.JPEG,191,20260813
31145,n01484850_4125_n01484850.JPEG,2,20260813
31151,n03788365_7728_n03788365.JPEG,669,20260813
31164,n02091831_10959_n02091831.JPEG,176,20260813
31183,n04275548_329_n04275548.JPEG,815,20260813
31189,n03404251_20913_n03404251.JPEG,568,20260813
31191,n02093991_3658_n02093991.JPEG,184,20260813
31196,n04429376_24903_n04429376.JPEG,857,20260813
31203,n02091635_3435_n02091635.JPEG,175,20260813
31222,n03594945_3598_n03594945.JPEG,609,20260813
31241,n04612504_9509_n04612504.JPEG,914,20260813
31267,n03792972_6093_n03792972.JPEG,672,20260813
31268,n07747607_24214_n07747607.JPEG,950,20260813
31270,n02930766_25672_n02930766.JPEG,468,20260813
31311,n01698640_3004_n01698640.JPEG,50,20260813
31329,n02120505_6676_n02120505.JPEG,280,20260813
31344,n04243546_29373_n04243546.JPEG,800,20260813
31348,n02100236_9252_n02100236.JPEG,210,20260813
31358,n13037406_17_n13037406.JPEG,993,20260813
31377,n04325704_22464_n04325704.JPEG,824,20260813
31413,n01917289_513_n01917289.JPEG,109,20260813
31423,n03188531_22508_n03188531.JPEG,529,20260813
31428,n02510455_4979_n02510455.JPEG,388,20260813
31440,n01855672_8122_n01855672.JPEG,99,20260813
31445,n02098105_10688_n02098105.JPEG,202,20260813
31448,n03095699_13386_n03095699.JPEG,510,20260813
31470,n01855032_3840_n01855032.JPEG,98,20260813
31493,n04252077_7753_n04252077.JPEG,802,20260813
31499,n03000684_5805_n03000684.JPEG,491,20260813
31506,n02808304_3895_n02808304.JPEG,434,20260813
31511,n01440764_8783_n01440764.JPEG,0,20260813
31537,n02930766_8273_n02930766.JPEG,468,20260813
31575,n04154565_11770_n04154565.JPEG,784,20260813
31583,n01753488_3577_n01753488.JPEG,66,20260813
31587,n02483708_10522_n02483708.JPEG,369,20260813
31593,n02018795_2921_n02018795.JPEG,138,20260813
31596,n04235860_422_n04235860.JPEG,797,20260813
31643,n04259630_1170_n04259630.JPEG,808,20260813
31648,n04263257_4902_n04263257.JPEG,809,20260813
31672,n04141975_13278_n04141975.JPEG,778,20260813
31678,n02085936_19314_n02085936.JPEG,153,20260813
31694,n03633091_16100_n03633091.JPEG,618,20260813
31695,n02101006_2918_n02101006.JPEG,214,20260813
31726,n03837869_13687_n03837869.JPEG,682,20260813
31740,n03133878_551_n03133878.JPEG,521,20260813
31742,n01751748_3462_n01751748.JPEG,65,20260813
31759,n02117135_12542_n02117135.JPEG,276,20260813
31776,n02025239_1022_n02025239.JPEG,139,20260813
31787,n04418357_8292_n04418357.JPEG,854,20260813
31800,n03717622_759_n03717622.JPEG,640,20260813
31802,n03141823_11845_n03141823.JPEG,523,20260813
31821,n03481172_43115_n03481172.JPEG,587,20260813
31842,n02236044_507_n02236044.JPEG,315,20260813
31845,n02454379_16316_n02454379.JPEG,363,20260813
31854,n02487347_3683_n02487347.JPEG,373,20260813
31856,n02883205_11587_n02883205.JPEG,457,20260813
31864,n02104029_3794_n02104029.JPEG,222,20260813
31867,n02268443_13076_n02268443.JPEG,319,20260813
31879,n02504013_1916_n02504013.JPEG,385,20260813
31916,n04254680_1202_n04254680.JPEG,805,20260813
31917,n02085782_5971_n02085782.JPEG,152,20260813
31935,n09835506_9576_n09835506.JPEG,981,20260813
31937,n07760859_8607_n07760859.JPEG,956,20260813
31967,n03063599_3190_n03063599.JPEG,504,20260813
31968,n04479046_8907_n04479046.JPEG,869,20260813
31990,n03445777_384_n03445777.JPEG,574,20260813
31995,n03271574_5793_n03271574.JPEG,545,20260813
32003,n02097658_9278_n02097658.JPEG,201,20260813
32009,n02988304_10876_n02988304.JPEG,485,20260813
32011,n02108089_2741_n02108089.JPEG,242,20260813
32012,n02133161_14825_n02133161.JPEG,295,20260813
32030,n02087394_2743_n02087394.JPEG,159,20260813
32032,n02977058_22204_n02977058.JPEG,480,20260813
32034,n03933933_3667_n03933933.JPEG,718,20260813
32040,n04592741_13540_n04592741.JPEG,908,20260813
32041,n04330267_14480_n04330267.JPEG,827,20260813
32046,n02971356_31112_n02971356.JPEG,478,20260813
32050,n04033995_36932_n04033995.JPEG,750,20260813
32056,n03290653_3442_n03290653.JPEG,548,20260813
32063,n03250847_13943_n03250847.JPEG,542,20260813
32083,n07714571_9815_n07714571.JPEG,936,20260813
32086,n02134418_3462_n02134418.JPEG,297,20260813
32092,n04525305_9539_n04525305.JPEG,886,20260813
32097,n02018795_1907_n02018795.JPEG,138,20260813
32102,n03127747_11834_n03127747.JPEG,518,20260813
32106,n04133789_7223_n04133789.JPEG,774,20260813
32120,n03777568_8205_n03777568.JPEG,661,20260813
32121,n03992509_13552_n03992509.JPEG,739,20260813
32123,n01744401_7082_n01744401.JPEG,62,20260813
32137,n03623198_7342_n03623198.JPEG,615,20260813
32142,n04553703_12560_n04553703.JPEG,896,20260813
32150,n02790996_18920_n02790996.JPEG,422,20260813
32184,n03662601_1884_n03662601.JPEG,625,20260813
32221,n02096294_285_n02096294.JPEG,193,20260813
32250,n02917067_795_n02917067.JPEG,466,20260813
32255,n02108422_8197_n02108422.JPEG,243,20260813
32275,n03443371_11797_n03443371.JPEG,572,20260813
32279,n02437616_11864_n02437616.JPEG,355,20260813
32290,n02408429_48_n02408429.JPEG,346,20260813
32315,n04398044_4309_n04398044.JPEG,849,20260813
32332,n03000134_1327_n03000134.JPEG,489,20260813
32338,n02074367_3450_n02074367.JPEG,149,20260813
32369,n04355933_6132_n04355933.JPEG,836,20260813
32371,n03840681_12503_n03840681.JPEG,684,20260813
32387,n11939491_9024_n11939491.JPEG,985,20260813
32398,n01770393_8234_n01770393.JPEG,71,20260813
32407,n04550184_59090_n04550184.JPEG,894,20260813
32427,n03633091_13237_n03633091.JPEG,618,20260813
32435,n03127747_16223_n03127747.JPEG,518,20260813
32442,n02018207_8616_n02018207.JPEG,137,20260813
32444,n02107683_5525_n02107683.JPEG,239,20260813
32456,n02494079_1457_n02494079.JPEG,382,20260813
32491,n07745940_9764_n07745940.JPEG,949,20260813
32494,n02102973_7544_n02102973.JPEG,221,20260813
32553,n02099849_8797_n02099849.JPEG,209,20260813
32556,n02408429_3427_n02408429.JPEG,346,20260813
32564,n02088238_13221_n02088238.JPEG,161,20260813
32578,n03495258_28985_n03495258.JPEG,594,20260813
32630,n04252077_6482_n04252077.JPEG,802,20260813
32638,n02342885_1094_n02342885.JPEG,333,20260813
32648,n02361337_636_n02361337.JPEG,336,20260813
32666,n02992211_40431_n02992211.JPEG,486,20260813
32685,n02978881_6164_n02978881.JPEG,481,20260813
32686,n02167151_1641_n02167151.JPEG,302,20260813
32708,n03297495_4694_n03297495.JPEG,550,20260813
32746,n03776460_13843_n03776460.JPEG,660,20260813
32764,n02231487_9201_n02231487.JPEG,313,20260813
32784,n01677366_6014_n01677366.JPEG,39,20260813
32827,n01860187_4180_n01860187.JPEG,100,20260813
32848,n02018207_5764_n02018207.JPEG,137,20260813
32855,n01860187_5423_n01860187.JPEG,100,20260813
32907,n01882714_73067_n01882714.JPEG,105,20260813
32929,n02783161_27653_n02783161.JPEG,418,20260813
32947,n04612504_38660_n04612504.JPEG,914,20260813
32957,n04389033_22594_n04389033.JPEG,847,20260813
32958,n07760859_8877_n07760859.JPEG,956,20260813
32977,n03877845_5455_n03877845.JPEG,698,20260813
32979,n01664065_17752_n01664065.JPEG,33,20260813
32998,n04136333_14828_n04136333.JPEG,775,20260813
33029,n01797886_15366_n01797886.JPEG,82,20260813
33043,n02280649_15115_n02280649.JPEG,324,20260813
33044,n04429376_2216_n04429376.JPEG,857,20260813
33047,n07749582_22329_n07749582.JPEG,951,20260813
33073,n02727426_44896_n02727426.JPEG,410,20260813
33074,n02037110_3355_n02037110.JPEG,143,20260813
33093,n01910747_7786_n01910747.JPEG,107,20260813
33094,n04023962_23890_n04023962.JPEG,747,20260813
33097,n02119789_16964_n02119789.JPEG,278,20260813
33101,n02110063_10576_n02110063.JPEG,249,20260813
33105,n07932039_9471_n07932039.JPEG,969,20260813
33112,n03240683_5414_n03240683.JPEG,540,20260813
33138,n02105412_1033_n02105412.JPEG,227,20260813
33150,n02825657_12130_n02825657.JPEG,442,20260813
33152,n02107312_5790_n02107312.JPEG,237,20260813
33158,n02494079_2396_n02494079.JPEG,382,20260813
33179,n02437312_11990_n02437312.JPEG,354,20260813
33192,n03197337_11608_n03197337.JPEG,531,20260813
33203,n03459775_58_n03459775.JPEG,581,20260813
33221,n01697457_7753_n01697457.JPEG,49,20260813
33222,n02321529_8746_n02321529.JPEG,329,20260813
33224,n03980874_10995_n03980874.JPEG,735,20260813
33258,n03141823_9043_n03141823.JPEG,523,20260813
33259,n02786058_9426_n02786058.JPEG,419,20260813
33268,n02483362_20749_n02483362.JPEG,368,20260813
33272,n07920052_13900_n07920052.JPEG,967,20260813
33280,n02480855_7557_n02480855.JPEG,366,20260813
33285,n04596742_46222_n04596742.JPEG,909,20260813
33325,n01986214_3345_n01986214.JPEG,125,20260813
33358,n03871628_13552_n03871628.JPEG,692,20260813
33368,n02085782_2655_n02085782.JPEG,152,20260813
33382,n03220513_17978_n03220513.JPEG,538,20260813
33389,n07768694_194_n07768694.JPEG,957,20260813
33402,n01514859_12141_n01514859.JPEG,8,20260813
33416,n03920288_679_n03920288.JPEG,712,20260813
33422,n03980874_129_n03980874.JPEG,735,20260813
33429,n02105162_5782_n02105162.JPEG,225,20260813
33458,n02951358_15678_n02951358.JPEG,472,20260813
33468,n04209239_6634_n04209239.JPEG,794,20260813
33477,n04486054_4314_n04486054.JPEG,873,20260813
33495,n03032252_46021_n03032252.JPEG,498,20260813
33523,n03803284_25944_n03803284.JPEG,676,20260813
33531,n02892767_31231_n02892767.JPEG,459,20260813
33545,n01616318_1713_n01616318.JPEG,23,20260813
33549,n02783161_30387_n02783161.JPEG,418,20260813
33578,n02317335_7175_n02317335.JPEG,327,20260813
33585,n04147183_12514_n04147183.JPEG,780,20260813
33648,n03530642_15062_n03530642.JPEG,599,20260813
33653,n02676566_6111_n02676566.JPEG,402,20260813
33671,n03630383_3596_n03630383.JPEG,617,20260813
33673,n04371774_12920_n04371774.JPEG,843,20260813
33683,n01518878_4321_n01518878.JPEG,9,20260813
33687,n04591713_3544_n04591713.JPEG,907,20260813
33691,n07714990_1475_n07714990.JPEG,937,20260813
33733,n01614925_4419_n01614925.JPEG,22,20260813
33739,n02100583_7439_n02100583.JPEG,211,20260813
33744,n02963159_3761_n02963159.JPEG,474,20260813
33751,n03908618_4731_n03908618.JPEG,709,20260813
33765,n02028035_4363_n02028035.JPEG,141,20260813
33771,n03483316_22272_n03483316.JPEG,589,20260813
33781,n04532106_1105_n04532106.JPEG,887,20260813
33784,n04086273_400_n04086273.JPEG,763,20260813
33793,n02109525_25263_n02109525.JPEG,247,20260813
33802,n02009912_22352_n02009912.JPEG,132,20260813
33806,n03876231_22069_n03876231.JPEG,696,20260813
33807,n02791124_9690_n02791124.JPEG,423,20260813
33811,n04461696_3975_n04461696.JPEG,864,20260813
33831,n07684084_2763_n07684084.JPEG,930,20260813
33840,n02119789_10288_n02119789.JPEG,278,20260813
33843,n02113624_3552_n02113624.JPEG,265,20260813
33864,n07693725_5082_n07693725.JPEG,931,20260813
33883,n02088238_4476_n02088238.JPEG,161,20260813
33890,n01917289_3332_n01917289.JPEG,109,20260813
33929,n04125021_25036_n04125021.JPEG,771,20260813
33938,n13040303_4548_n13040303.JPEG,994,20260813
33948,n02133161_1660_n02133161.JPEG,295,20260813
33972,n02963159_1271_n02963159.JPEG,474,20260813
33975,n01685808_1373_n01685808.JPEG,41,20260813
33986,n02422106_5100_n02422106.JPEG,351,20260813
34007,n04553703_24112_n04553703.JPEG,896,20260813
34047,n02096177_729_n02096177.JPEG,192,20260813
34048,n01983481_23906_n01983481.JPEG,122,20260813
34057,n01664065_33561_n01664065.JPEG,33,20260813
34064,n02415577_17877_n02415577.JPEG,349,20260813
34071,n07742313_10562_n07742313.JPEG,948,20260813
34074,n04389033_14320_n04389033.JPEG,847,20260813
34095,n02090379_12_n02090379.JPEG,168,20260813
34098,n01644900_20031_n01644900.JPEG,32,20260813
34102,n04462240_19075_n04462240.JPEG,865,20260813
34108,n04442312_3081_n04442312.JPEG,859,20260813
34131,n01632777_9887_n01632777.JPEG,29,20260813
34198,n02134418_3964_n02134418.JPEG,297,20260813
34205,n02110627_11894_n02110627.JPEG,252,20260813
34216,n02398521_13014_n02398521.JPEG,344,20260813
34217,n01531178_6913_n01531178.JPEG,11,20260813
34224,n04326547_13152_n04326547.JPEG,825,20260813
34229,n04328186_5283_n04328186.JPEG,826,20260813
34243,n07714571_9142_n07714571.JPEG,936,20260813
34245,n02087046_178_n02087046.JPEG,158,20260813
34246,n02088094_11264_n02088094.JPEG,160,20260813
34274,n06874185_38344_n06874185.JPEG,920,20260813
34275,n01739381_10106_n01739381.JPEG,59,20260813
34293,n04399382_5404_n04399382.JPEG,850,20260813
34304,n02088364_11231_n02088364.JPEG,162,20260813
34309,n03337140_34052_n03337140.JPEG,553,20260813
34321,n04487394_13350_n04487394.JPEG,875,20260813
34333,n07754684_25599_n07754684.JPEG,955,20260813
34347,n02916936_1939_n02916936.JPEG,465,20260813
34359,n10565667_677_n10565667.JPEG,983,20260813
34368,n02105162_1809_n02105162.JPEG,225,20260813
34375,n01768244_2934_n01768244.JPEG,69,20260813
34392,n04270147_153_n04270147.JPEG,813,20260813
34397,n02788148_18731_n02788148.JPEG,421,20260813
34402,n02422106_24_n02422106.JPEG,351,20260813
34403,n03785016_22603_n03785016.JPEG,665,20260813
34404,n03584829_2497_n03584829.JPEG,606,20260813
34415,n02391049_130_n02391049.JPEG,340,20260813
34431,n01693334_5169_n01693334.JPEG,46,20260813
34469,n01873310_4656_n01873310.JPEG,103,20260813
34485,n03483316_42124_n03483316.JPEG,589,20260813
34491,n03529860_11260_n03529860.JPEG,598,20260813
34504,n02089078_1617_n02089078.JPEG,165,20260813
34555,n04118538_18971_n04118538.JPEG,768,20260813
34556,n03803284_5365_n03803284.JPEG,676,20260813
34558,n04548280_2776_n04548280.JPEG,892,20260813
34561,n02206856_6056_n02206856.JPEG,309,20260813
34562,n02277742_14971_n02277742.JPEG,322,20260813
34567,n04258138_7019_n04258138.JPEG,807,20260813
34584,n02085782_213_n02085782.JPEG,152,20260813
34586,n03325584_16381_n03325584.JPEG,552,20260813
34587,n04557648_834_n04557648.JPEG,898,20260813
34596,n04482393_13180_n04482393.JPEG,870,20260813
34601,n02892767_6537_n02892767.JPEG,459,20260813
34608,n02101556_8007_n02101556.JPEG,216,20260813
34612,n03062245_4759_n03062245.JPEG,503,20260813
34637,n02115641_26349_n02115641.JPEG,273,20260813
34650,n01955084_7291_n01955084.JPEG,116,20260813
34712,n03220513_10197_n03220513.JPEG,538,20260813
34721,n01498041_1482_n01498041.JPEG,6,20260813
34731,n04467665_30957_n04467665.JPEG,867,20260813
34739,n02536864_699_n02536864.JPEG,391,20260813
34750,n03337140_21673_n03337140.JPEG,553,20260813
34777,n02966687_931_n02966687.JPEG,477,20260813
34782,n04162706_35115_n04162706.JPEG,785,20260813
34809,n02992211_25032_n02992211.JPEG,486,20260813
34820,n01737021_3686_n01737021.JPEG,58,20260813
34841,n03100240_227_n03100240.JPEG,511,20260813
34879,n07892512_14964_n07892512.JPEG,966,20260813
34880,n04065272_41724_n04065272.JPEG,757,20260813
34905,n03777754_20870_n03777754.JPEG,662,20260813
34921,n03447721_1618_n03447721.JPEG,577,20260813
34933,n04371430_5976_n04371430.JPEG,842,20260813
34945,n02808440_17828_n02808440.JPEG,435,20260813
34996,n12267677_8785_n12267677.JPEG,988,20260813
35063,n02442845_20510_n02442845.JPEG,357,20260813
35091,n03000134_4839_n03000134.JPEG,489,20260813
35177,n02264363_9773_n02264363.JPEG,318,20260813
35194,n02134084_404_n02134084.JPEG,296,20260813
35206,n04399382_22951_n04399382.JPEG,850,20260813
35225,n02814533_72775_n02814533.JPEG,436,20260813
35231,n02708093_5887_n02708093.JPEG,409,20260813
35236,n03417042_9021_n03417042.JPEG,569,20260813
35249,n02690373_1589_n02690373.JPEG,404,20260813
35257,n02100877_25011_n02100877.JPEG,213,20260813
35261,n04209239_12753_n04209239.JPEG,794,20260813
35263,n04525038_1911_n04525038.JPEG,885,20260813
35270,n02089973_4810_n02089973.JPEG,167,20260813
35307,n02088632_3318_n02088632.JPEG,164,20260813
35322,n01740131_19608_n01740131.JPEG,60,20260813
35337,n03141823_3095_n03141823.JPEG,523,20260813
35349,n04049303_7009_n04049303.JPEG,756,20260813
35374,n11939491_12973_n11939491.JPEG,985,20260813
35379,n04273569_14016_n04273569.JPEG,814,20260813
35381,n03938244_14708_n03938244.JPEG,721,20260813
35388,n01682714_1010_n01682714.JPEG,40,20260813
35393,n04229816_7328_n04229816.JPEG,796,20260813
35408,n02814860_39298_n02814860.JPEG,437,20260813
35411,n03930313_14428_n03930313.JPEG,716,20260813
35416,n02692877_5419_n02692877.JPEG,405,20260813
35418,n01682714_3949_n01682714.JPEG,40,20260813
35426,n02096585_1500_n02096585.JPEG,195,20260813
35451,n02493793_6921_n02493793.JPEG,381,20260813
35476,n02837789_18580_n02837789.JPEG,445,20260813
35487,n07714571_22295_n07714571.JPEG,936,20260813
35501,n04086273_1952_n04086273.JPEG,763,20260813
35510,n04540053_10328_n04540053.JPEG,890,20260813
35512,n02124075_7822_n02124075.JPEG,285,20260813
35523,n02099429_4995_n02099429.JPEG,206,20260813
35538,n01514668_15957_n01514668.JPEG,7,20260813
35556,n03967562_44785_n03967562.JPEG,730,20260813
35562,n02488291_5031_n02488291.JPEG,374,20260813
35568,n03201208_34293_n03201208.JPEG,532,20260813
35577,n02102318_7006_n02102318.JPEG,219,20260813
35589,n03400231_5440_n03400231.JPEG,567,20260813
35590,n01614925_12188_n01614925.JPEG,22,20260813
35597,n02110185_7616_n02110185.JPEG,250,20260813
35630,n09229709_6163_n09229709.JPEG,971,20260813
35634,n03721384_36849_n03721384.JPEG,642,20260813
35653,n01601694_6302_n01601694.JPEG,20,20260813
35705,n03297495_827_n03297495.JPEG,550,20260813
35706,n04336792_15771_n04336792.JPEG,830,20260813
35726,n03208938_36511_n03208938.JPEG,535,20260813
35730,n01514859_22718_n01514859.JPEG,8,20260813
35741,n03691459_12235_n03691459.JPEG,632,20260813
35784,n03781244_23330_n03781244.JPEG,663,20260813
35796,n02264363_11345_n02264363.JPEG,318,20260813
35819,n02097130_2713_n02097130.JPEG,197,20260813
35825,n03792972_17523_n03792972.JPEG,672,20260813
35839,n02708093_2490_n02708093.JPEG,409,20260813
35877,n01518878_22203_n01518878.JPEG,9,20260813
35898,n02699494_5670_n02699494.JPEG,406,20260813
35904,n04505470_2587_n04505470.JPEG,878,20260813
35915,n04550184_69282_n04550184.JPEG,894,20260813
35919,n04254680_1819_n04254680.JPEG,805,20260813
35937,n04458633_26060_n04458633.JPEG,863,20260813
35963,n02397096_132_n02397096.JPEG,343,20260813
36054,n03763968_3088_n03763968.JPEG,652,20260813
36065,n04208210_4587_n04208210.JPEG,792,20260813
36070,n12985857_7701_n12985857.JPEG,991,20260813
36076,n01882714_22358_n01882714.JPEG,105,20260813
36129,n01608432_35920_n01608432.JPEG,21,20260813
36137,n04118538_14988_n04118538.JPEG,768,20260813
36167,n02110063_1811_n02110063.JPEG,249,20260813
36179,n03530642_18974_n03530642.JPEG,599,20260813
36181,n03720891_3884_n03720891.JPEG,641,20260813
36212,n04606251_50690_n04606251.JPEG,913,20260813
36231,n03223299_14832_n03223299.JPEG,539,20260813
36236,n03124170_717_n03124170.JPEG,515,20260813
36243,n01629819_17284_n01629819.JPEG,25,20260813
36252,n02268443_27905_n02268443.JPEG,319,20260813
36259,n04447861_922_n04447861.JPEG,861,20260813
36306,n02787622_4945_n02787622.JPEG,420,20260813
36317,n02930766_21762_n02930766.JPEG,468,20260813
36329,n03666591_30145_n03666591.JPEG,626,20260813
36332,n02999410_45249_n02999410.JPEG,488,20260813
36362,n03840681_4328_n03840681.JPEG,684,20260813
36363,n04118776_21625_n04118776.JPEG,769,20260813
36365,n04116512_62286_n04116512.JPEG,767,20260813
36374,n01784675_2317_n01784675.JPEG,79,20260813
36382,n04428191_18916_n04428191.JPEG,856,20260813
36383,n03710193_12563_n03710193.JPEG,637,20260813
36390,n04152593_5514_n04152593.JPEG,782,20260813
36412,n02002556_10509_n02002556.JPEG,127,20260813
36416,n04228054_11959_n04228054.JPEG,795,20260813
36420,n03126707_4010_n03126707.JPEG,517,20260813
36450,n02097209_8380_n02097209.JPEG,198,20260813
36465,n03920288_13_n03920288.JPEG,712,20260813
36491,n02051845_11432_n02051845.JPEG,144,20260813
36529,n02110806_15628_n02110806.JPEG,253,20260813
36577,n09428293_42375_n09428293.JPEG,978,20260813
36619,n03777568_6872_n03777568.JPEG,661,20260813
36630,n03670208_13677_n03670208.JPEG,627,20260813
36632,n03379051_1303_n03379051.JPEG,560,20260813
36638,n03134739_13509_n03134739.JPEG,522,20260813
36660,n02077923_5729_n02077923.JPEG,150,20260813
36673,n02483708_634_n02483708.JPEG,369,20260813
36676,n01558993_4970_n01558993.JPEG,15,20260813
36688,n03961711_14203_n03961711.JPEG,729,20260813
36729,n03938244_12901_n03938244.JPEG,721,20260813
36734,n02167151_6735_n02167151.JPEG,302,20260813
36753,n04286575_1279_n04286575.JPEG,818,20260813
36759,n02492035_9934_n02492035.JPEG,378,20260813
36769,n02098105_10036_n02098105.JPEG,202,20260813
36771,n01943899_17115_n01943899.JPEG,112,20260813
36775,n03376595_874_n03376595.JPEG,559,20260813
36782,n02112137_18174_n02112137.JPEG,260,20260813
36787,n04009552_20749_n04009552.JPEG,745,20260813
36788,n02916936_3462_n02916936.JPEG,465,20260813
36792,n04517823_18980_n04517823.JPEG,882,20260813
36802,n01744401_12345_n01744401.JPEG,62,20260813
36804,n03207743_13969_n03207743.JPEG,533,20260813
36805,n02229544_4378_n02229544.JPEG,312,20260813
36837,n03976657_9949_n03976657.JPEG,733,20260813
36841,n01685808_8618_n01685808.JPEG,41,20260813
36870,n04136333_7963_n04136333.JPEG,775,20260813
36918,n02319095_3633_n02319095.JPEG,328,20260813
36936,n02017213_1569_n02017213.JPEG,136,20260813
36942,n02422699_12071_n02422699.JPEG,352,20260813
36946,n03495258_13776_n03495258.JPEG,594,20260813
36982,n02090622_7559_n02090622.JPEG,169,20260813
36983,n02692877_34772_n02692877.JPEG,405,20260813
36986,n02100877_11309_n02100877.JPEG,213,20260813
36991,n04067472_2229_n04067472.JPEG,758,20260813
37058,n02797295_626_n02797295.JPEG,428,20260813
37059,n03271574_23639_n03271574.JPEG,545,20260813
37093,n01983481_12382_n01983481.JPEG,122,20260813
37112,n02168699_7052_n02168699.JPEG,303,20260813
37133,n02165456_4880_n02165456.JPEG,301,20260813
37146,n03991062_19685_n03991062.JPEG,738,20260813
37159,n02099267_2599_n02099267.JPEG,205,20260813
37165,n07742313_11117_n07742313.JPEG,948,20260813
37217,n03733131_17964_n03733131.JPEG,645,20260813
37254,n04162706_44232_n04162706.JPEG,785,20260813
37268,n01677366_17110_n01677366.JPEG,39,20260813
37287,n01795545_8009_n01795545.JPEG,80,20260813
37309,n03196217_801_n03196217.JPEG,530,20260813
37311,n01491361_7534_n01491361.JPEG,3,20260813
37320,n04467665_31621_n04467665.JPEG,867,20260813
37338,n02730930_2765_n02730930.JPEG,411,20260813
37360,n02963159_1161_n02963159.JPEG,474,20260813
37371,n01784675_3525_n01784675.JPEG,79,20260813
37395,n02107908_9123_n02107908.JPEG,240,20260813
37396,n03977966_54335_n03977966.JPEG,734,20260813
37416,n04251144_8011_n04251144.JPEG,801,20260813
37453,n02690373_1928_n02690373.JPEG,404,20260813
37465,n03642806_15569_n03642806.JPEG,620,20260813
37475,n04311004_8938_n04311004.JPEG,821,20260813
37491,n03127925_3164_n03127925.JPEG,519,20260813
37508,n01632458_4364_n01632458.JPEG,28,20260813
37524,n02264363_1195_n02264363.JPEG,318,20260813
37531,n03124170_10900_n03124170.JPEG,515,20260813
37552,n02097474_5332_n02097474.JPEG,200,20260813
37553,n03146219_14096_n03146219.JPEG,524,20260813
37580,n01770393_7435_n01770393.JPEG,71,20260813
37582,n01806143_3949_n01806143.JPEG,84,20260813
37586,n04252225_10412_n04252225.JPEG,803,20260813
37601,n03729826_360_n03729826.JPEG,644,20260813
37621,n04275548_4532_n04275548.JPEG,815,20260813
37674,n03787032_3537_n03787032.JPEG,667,20260813
37676,n03841143_4436_n03841143.JPEG,685,20260813
37680,n04350905_19403_n04350905.JPEG,834,20260813
37692,n03627232_10607_n03627232.JPEG,616,20260813
37741,n02974003_1377_n02974003.JPEG,479,20260813
37748,n03124170_3568_n03124170.JPEG,515,20260813
37767,n03271574_8814_n03271574.JPEG,545,20260813
37783,n02879718_14062_n02879718.JPEG,456,20260813
37795,n02111277_881_n02111277.JPEG,256,20260813
37830,n01883070_17421_n01883070.JPEG,106,20260813
37831,n03929660_20569_n03929660.JPEG,714,20260813
37839,n03770679_10694_n03770679.JPEG,656,20260813
37858,n04041544_11474_n04041544.JPEG,754,20260813
37859,n03916031_40034_n03916031.JPEG,711,20260813
37866,n03291819_12258_n03291819.JPEG,549,20260813
37882,n03085013_28584_n03085013.JPEG,508,20260813
37886,n04423845_2175_n04423845.JPEG,855,20260813
37894,n02504458_10101_n02504458.JPEG,386,20260813
37895,n03724870_1859_n03724870.JPEG,643,20260813
37901,n02102177_8889_n02102177.JPEG,218,20260813
37914,n01944390_19792_n01944390.JPEG,113,20260813
37930,n03891332_10134_n03891332.JPEG,704,20260813
37933,n03721384_4223_n03721384.JPEG,642,20260813
37936,n03803284_8172_n03803284.JPEG,676,20260813
37941,n02412080_48422_n02412080.JPEG,348,20260813
37943,n04398044_10124_n04398044.JPEG,849,20260813
37946,n03495258_6791_n03495258.JPEG,594,20260813
37963,n03250847_19172_n03250847.JPEG,542,20260813
37968,n04579432_4982_n04579432.JPEG,902,20260813
38015,n02814860_31006_n02814860.JPEG,437,20260813
38042,n04328186_3822_n04328186.JPEG,826,20260813
38055,n03717622_7554_n03717622.JPEG,640,20260813
38076,n04033995_29852_n04033995.JPEG,750,20260813
38084,n02102973_1723_n02102973.JPEG,221,20260813
38088,n03599486_818_n03599486.JPEG,612,20260813
38096,n03888605_8471_n03888605.JPEG,702,20260813
38144,n03781244_5851_n03781244.JPEG,663,20260813
38186,n12057211_9493_n12057211.JPEG,986,20260813
38200,n01484850_24140_n01484850.JPEG,2,20260813
38210,n02486410_1424_n02486410.JPEG,372,20260813
38233,n07717556_419_n07717556.JPEG,942,20260813
38239,n03450230_10551_n03450230.JPEG,578,20260813
38270,n02106030_3919_n02106030.JPEG,231,20260813
38308,n02097209_3149_n02097209.JPEG,198,20260813
38319,n01944390_3509_n01944390.JPEG,113,20260813
38320,n04136333_8292_n04136333.JPEG,775,20260813
38322,n02948072_37722_n02948072.JPEG,470,20260813
38325,n02666196_4758_n02666196.JPEG,398,20260813
38334,n01496331_21410_n01496331.JPEG,5,20260813
38335,n03602883_2256_n03602883.JPEG,613,20260813
38345,n01616318_14516_n01616318.JPEG,23,20260813
38362,n04482393_6426_n04482393.JPEG,870,20260813
38368,n02102177_3815_n02102177.JPEG,218,20260813
38386,n03630383_1030_n03630383.JPEG,617,20260813
38425,n04209133_2666_n04209133.JPEG,793,20260813
38454,n02108422_4520_n02108422.JPEG,243,20260813
38475,n07614500_28118_n07614500.JPEG,928,20260813
38519,n02114367_3930_n02114367.JPEG,269,20260813
38532,n02423022_11156_n02423022.JPEG,353,20260813
38538,n01945685_11391_n01945685.JPEG,114,20260813
38556,n02782093_26812_n02782093.JPEG,417,20260813
38566,n03782006_15489_n03782006.JPEG,664,20260813
38601,n03594734_9714_n03594734.JPEG,608,20260813
38606,n02226429_24528_n02226429.JPEG,311,20260813
38647,n03314780_8027_n03314780.JPEG,551,20260813
38662,n04560804_21443_n04560804.JPEG,899,20260813
38663,n02099849_3690_n02099849.JPEG,209,20260813
38690,n03623198_15129_n03623198.JPEG,615,20260813
38706,n03733131_9915_n03733131.JPEG,645,20260813
38707,n03344393_907_n03344393.JPEG,554,20260813
38741,n03459775_9304_n03459775.JPEG,581,20260813
38749,n07695742_7033_n07695742.JPEG,932,20260813
38758,n06794110_1257_n06794110.JPEG,919,20260813
38760,n02480495_17058_n02480495.JPEG,365,20260813
38794,n02892767_4319_n02892767.JPEG,459,20260813
38802,n04509417_2210_n04509417.JPEG,880,20260813
38813,n03884397_26207_n03884397.JPEG,699,20260813
38844,n02090622_5076_n02090622.JPEG,169,20260813
38883,n04548280_9369_n04548280.JPEG,892,20260813
38913,n03014705_4600_n03014705.JPEG,492,20260813
38947,n03992509_1779_n03992509.JPEG,739,20260813
38957,n02091635_7200_n02091635.JPEG,175,20260813
38975,n01883070_5177_n01883070.JPEG,106,20260813
38976,n04201297_6890_n04201297.JPEG,789,20260813
38989,n02389026_2984_n02389026.JPEG,339,20260813
38997,n04389033_8861_n04389033.JPEG,847,20260813
39073,n04392985_375_n04392985.JPEG,848,20260813
39109,n06874185_31779_n06874185.JPEG,920,20260813
39110,n02747177_28554_n02747177.JPEG,412,20260813
39127,n03062245_296_n03062245.JPEG,503,20260813
39136,n02799071_8792_n02799071.JPEG,429,20260813
39177,n02268853_977_n02268853.JPEG,320,20260813
39195,n03935335_2617_n03935335.JPEG,719,20260813
39210,n02930766_36150_n02930766.JPEG,468,20260813
39258,n02114548_6981_n02114548.JPEG,270,20260813
39261,n03160309_31886_n03160309.JPEG,525,20260813
39279,n09468604_8003_n09468604.JPEG,979,20260813
39294,n03763968_14_n03763968.JPEG,652,20260813
39295,n04493381_16191_n04493381.JPEG,876,20260813
39304,n02092339_3837_n02092339.JPEG,178,20260813
39322,n02447366_27996_n02447366.JPEG,362,20260813
39323,n03837869_1046_n03837869.JPEG,682,20260813
39328,n02992211_2175_n02992211.JPEG,486,20260813
39344,n04536866_3267_n04536866.JPEG,889,20260813
39346,n04153751_286_n04153751.JPEG,783,20260813
39355,n01824575_4328_n01824575.JPEG,91,20260813
39370,n02980441_6296_n02980441.JPEG,483,20260813
39371,n02077923_6013_n02077923.JPEG,150,20260813
39380,n04332243_37631_n04332243.JPEG,828,20260813
39389,n02444819_3080_n02444819.JPEG,360,20260813
39390,n04239074_9380_n04239074.JPEG,799,20260813
39402,n13040303_3661_n13040303.JPEG,994,20260813
39405,n01616318_2598_n01616318.JPEG,23,20260813
39415,n04517823_30654_n04517823.JPEG,882,20260813
39416,n01817953_3436_n01817953.JPEG,87,20260813
39453,n02091467_7291_n02091467.JPEG,174,20260813
39499,n02105505_5816_n02105505.JPEG,228,20260813
39500,n02870880_1427_n02870880.JPEG,453,20260813
39525,n03967562_21617_n03967562.JPEG,730,20260813
39526,n01682714_2616_n01682714.JPEG,40,20260813
39556,n02102318_6784_n02102318.JPEG,219,20260813
39575,n02113186_3872_n02113186.JPEG,264,20260813
39592,n02509815_2238_n02509815.JPEG,387,20260813
39597,n02870880_9375_n02870880.JPEG,453,20260813
39609,n07614500_30158_n07614500.JPEG,928,20260813
39610,n02815834_8724_n02815834.JPEG,438,20260813
39629,n03249569_36760_n03249569.JPEG,541,20260813
39637,n02086910_15235_n02086910.JPEG,157,20260813
39638,n02692877_33027_n02692877.JPEG,405,20260813
39671,n04591713_12567_n04591713.JPEG,907,20260813
39731,n02134418_5962_n02134418.JPEG,297,20260813
39733,n02086079_38654_n02086079.JPEG,154,20260813
39787,n02165105_12583_n02165105.JPEG,300,20260813
39805,n02006656_12377_n02006656.JPEG,129,20260813
39807,n03876231_23428_n03876231.JPEG,696,20260813
39830,n01737021_17932_n01737021.JPEG,58,20260813
39858,n02422699_11994_n02422699.JPEG,352,20260813
39864,n04548280_3203_n04548280.JPEG,892,20260813
39870,n04367480_21458_n04367480.JPEG,840,20260813
39885,n03630383_5743_n03630383.JPEG,617,20260813
39888,n02100583_10358_n02100583.JPEG,211,20260813
39909,n02859443_2238_n02859443.JPEG,449,20260813
39910,n02817516_20157_n02817516.JPEG,439,20260813
39948,n02457408_8539_n02457408.JPEG,364,20260813
39993,n04243546_8510_n04243546.JPEG,800,20260813
39996,n03347037_8995_n03347037.JPEG,556,20260813
40012,n02279972_17173_n02279972.JPEG,323,20260813
40047,n02444819_5984_n02444819.JPEG,360,20260813
40051,n04270147_3803_n04270147.JPEG,813,20260813
40073,n04591713_3578_n04591713.JPEG,907,20260813
40100,n02112137_16879_n02112137.JPEG,260,20260813
40115,n04584207_31307_n04584207.JPEG,903,20260813
40149,n03785016_2527_n03785016.JPEG,665,20260813
40169,n03444034_11529_n03444034.JPEG,573,20260813
40184,n04548362_13950_n04548362.JPEG,893,20260813
40201,n01735189_1653_n01735189.JPEG,57,20260813
40219,n03709823_16996_n03709823.JPEG,636,20260813
40229,n02317335_2601_n02317335.JPEG,327,20260813
40243,n02804610_15786_n02804610.JPEG,432,20260813
40257,n07717410_7988_n07717410.JPEG,941,20260813
40262,n02363005_2507_n02363005.JPEG,337,20260813
40267,n02730930_944_n02730930.JPEG,411,20260813
40282,n01983481_9964_n01983481.JPEG,122,20260813
40287,n02108551_1260_n02108551.JPEG,244,20260813
40296,n03424325_10015_n03424325.JPEG,570,20260813
40306,n02504013_6423_n02504013.JPEG,385,20260813
40329,n04252225_7079_n04252225.JPEG,803,20260813
40367,n03729826_13541_n03729826.JPEG,644,20260813
40395,n07871810_14949_n07871810.JPEG,962,20260813
40410,n04201297_1621_n04201297.JPEG,789,20260813
40415,n03924679_11404_n03924679.JPEG,713,20260813
40417,n02410509_10492_n02410509.JPEG,347,20260813
40452,n01514668_20539_n01514668.JPEG,7,20260813
40456,n03729826_28362_n03729826.JPEG,644,20260813
40457,n02808440_71460_n02808440.JPEG,435,20260813
40474,n13052670_11833_n13052670.JPEG,996,20260813
40518,n04209239_7294_n04209239.JPEG,794,20260813
40537,n02690373_631_n02690373.JPEG,404,20260813
40541,n02129165_15221_n02129165.JPEG,291,20260813
40546,n02488702_199_n02488702.JPEG,375,20260813
40547,n02356798_2831_n02356798.JPEG,335,20260813
40551,n04532670_15729_n04532670.JPEG,888,20260813
40555,n02233338_13774_n02233338.JPEG,314,20260813
40591,n09428293_16604_n09428293.JPEG,978,20260813
40595,n01675722_9687_n01675722.JPEG,38,20260813
40604,n04589890_2793_n04589890.JPEG,904,20260813
40618,n02817516_19633_n02817516.JPEG,439,20260813
40642,n01530575_10285_n01530575.JPEG,10,20260813
40663,n03089624_31705_n03089624.JPEG,509,20260813
40674,n09256479_9695_n09256479.JPEG,973,20260813
40681,n01558993_11938_n01558993.JPEG,15,20260813
40697,n04118776_6017_n04118776.JPEG,769,20260813
40700,n02168699_3827_n02168699.JPEG,303,20260813
40701,n01514668_69_n01514668.JPEG,7,20260813
40702,n03109150_11861_n03109150.JPEG,512,20260813
40720,n02086910_4505_n02086910.JPEG,157,20260813
40729,n03958227_3078_n03958227.JPEG,728,20260813
40731,n04033995_1312_n04033995.JPEG,750,20260813
40738,n03196217_2346_n03196217.JPEG,530,20260813
40739,n02837789_12122_n02837789.JPEG,445,20260813
40742,n03527444_15789_n03527444.JPEG,597,20260813
40777,n04192698_14412_n04192698.JPEG,787,20260813
40778,n09399592_54366_n09399592.JPEG,976,20260813
40833,n03891332_4285_n03891332.JPEG,704,20260813
40842,n03467068_7321_n03467068.JPEG,583,20260813
40883,n12057211_15528_n12057211.JPEG,986,20260813
40895,n04532106_10958_n04532106.JPEG,887,20260813
40910,n02669723_11510_n02669723.JPEG,400,20260813
40970,n02105855_3866_n02105855.JPEG,230,20260813
40992,n12998815_4793_n12998815.JPEG,992,20260813
41005,n03018349_2018_n03018349.JPEG,495,20260813
41042,n01518878_28873_n01518878.JPEG,9,20260813
41054,n02951585_22456_n02951585.JPEG,473,20260813
41067,n02963159_10708_n02963159.JPEG,474,20260813
41084,n03220513_13859_n03220513.JPEG,538,20260813
41089,n04229816_1016_n04229816.JPEG,796,20260813
41095,n02098286_302_n02098286.JPEG,203,20260813
41104,n02096585_6538_n02096585.JPEG,195,20260813
41138,n04409515_2152_n04409515.JPEG,852,20260813
41157,n04465501_512_n04465501.JPEG,866,20260813
41203,n03179701_5207_n03179701.JPEG,526,20260813
41207,n03733281_4176_n03733281.JPEG,646,20260813
41217,n02486410_1165_n02486410.JPEG,372,20260813
41246,n02892767_17195_n02892767.JPEG,459,20260813
41285,n02356798_1989_n02356798.JPEG,335,20260813
41287,n02190166_5716_n02190166.JPEG,308,20260813
41290,n02109525_12231_n02109525.JPEG,247,20260813
41291,n01667114_1553_n01667114.JPEG,35,20260813
41293,n03895866_100445_n03895866.JPEG,705,20260813
41308,n03902125_4082_n03902125.JPEG,707,20260813
41323,n02708093_2271_n02708093.JPEG,409,20260813
41341,n07860988_1689_n07860988.JPEG,961,20260813
41353,n02268853_4426_n02268853.JPEG,320,20260813
41363,n01843383_133_n01843383.JPEG,96,20260813
41397,n07565083_10450_n07565083.JPEG,922,20260813
41398,n02132136_2783_n02132136.JPEG,294,20260813
41427,n02104365_2171_n02104365.JPEG,223,20260813
41435,n02268443_44222_n02268443.JPEG,319,20260813
41457,n02206856_3089_n02206856.JPEG,309,20260813
41461,n02389026_20288_n02389026.JPEG,339,20260813
41468,n03995372_8637_n03995372.JPEG,740,20260813
41473,n02823428_4129_n02823428.JPEG,440,20260813
41492,n03876231_10446_n03876231.JPEG,696,20260813
41493,n02105162_804_n02105162.JPEG,225,20260813
41500,n07836838_306_n07836838.JPEG,960,20260813
41508,n01582220_2905_n01582220.JPEG,18,20260813
41539,n02092002_5557_n02092002.JPEG,177,20260813
41550,n03544143_750_n03544143.JPEG,604,20260813
41555,n04597913_9735_n04597913.JPEG,910,20260813
41577,n03841143_28363_n03841143.JPEG,685,20260813
41588,n04562935_4731_n04562935.JPEG,900,20260813
41605,n04254680_8486_n04254680.JPEG,805,20260813
41621,n07753113_1802_n07753113.JPEG,952,20260813
41628,n02441942_10086_n02441942.JPEG,356,20260813
41649,n02859443_14889_n02859443.JPEG,449,20260813
41659,n03992509_9697_n03992509.JPEG,739,20260813
41671,n04070727_64777_n04070727.JPEG,760,20260813
41711,n01629819_16204_n01629819.JPEG,25,20260813
41727,n01847000_25171_n01847000.JPEG,97,20260813
41731,n03347037_5454_n03347037.JPEG,556,20260813
41745,n03223299_4708_n03223299.JPEG,539,20260813
41749,n01667778_5909_n01667778.JPEG,36,20260813
41752,n04273569_13187_n04273569.JPEG,814,20260813
41770,n10148035_3169_n10148035.JPEG,982,20260813
41783,n02102318_11104_n02102318.JPEG,219,20260813
41784,n03761084_12808_n03761084.JPEG,651,20260813
41791,n07584110_10501_n07584110.JPEG,925,20260813
41825,n04311174_4130_n04311174.JPEG,822,20260813
41842,n02916936_3152_n02916936.JPEG,465,20260813
41858,n02917067_7715_n02917067.JPEG,466,20260813
41859,n10565667_12504_n10565667.JPEG,983,20260813
41861,n07711569_1230_n07711569.JPEG,935,20260813
41881,n03218198_1822_n03218198.JPEG,537,20260813
41896,n02363005_21403_n02363005.JPEG,337,20260813
41908,n09246464_55053_n09246464.JPEG,972,20260813
41909,n02165105_9044_n02165105.JPEG,300,20260813
41937,n02916936_9493_n02916936.JPEG,465,20260813
42013,n02190166_8757_n02190166.JPEG,308,20260813
42025,n02123597_3919_n02123597.JPEG,284,20260813
42026,n01978287_22_n01978287.JPEG,118,20260813
42036,n03388043_5220_n03388043.JPEG,562,20260813
42048,n03916031_3255_n03916031.JPEG,711,20260813
42068,n03444034_10169_n03444034.JPEG,573,20260813
42069,n02119022_7625_n02119022.JPEG,277,20260813
42088,n04296562_16752_n04296562.JPEG,819,20260813
42100,n02087394_11181_n02087394.JPEG,159,20260813
42101,n02095314_3673_n02095314.JPEG,188,20260813
42132,n03908714_4644_n03908714.JPEG,710,20260813
42144,n02841315_5797_n02841315.JPEG,447,20260813
42150,n01871265_7519_n01871265.JPEG,101,20260813
42184,n02095889_10200_n02095889.JPEG,190,20260813
42188,n07754684_8127_n07754684.JPEG,955,20260813
42199,n03637318_15121_n03637318.JPEG,619,20260813
42216,n04380533_20124_n04380533.JPEG,846,20260813
42236,n03690938_17043_n03690938.JPEG,631,20260813
42280,n04579432_22150_n04579432.JPEG,902,20260813
42315,n07802026_17114_n07802026.JPEG,958,20260813
42339,n02105412_415_n02105412.JPEG,227,20260813
42361,n01740131_8087_n01740131.JPEG,60,20260813
42365,n02104029_5508_n02104029.JPEG,222,20260813
42372,n04074963_17989_n04074963.JPEG,761,20260813
42393,n02089078_1632_n02089078.JPEG,165,20260813
42400,n04418357_9382_n04418357.JPEG,854,20260813
42421,n04033995_12345_n04033995.JPEG,750,20260813
42464,n04065272_6968_n04065272.JPEG,757,20260813
42466,n03983396_17666_n03983396.JPEG,737,20260813
42477,n06359193_21790_n06359193.JPEG,916,20260813
42501,n03063599_4275_n03063599.JPEG,504,20260813
42508,n02281787_3462_n02281787.JPEG,326,20260813
42558,n04486054_1747_n04486054.JPEG,873,20260813
42570,n03788195_7351_n03788195.JPEG,668,20260813
42586,n03447721_56304_n03447721.JPEG,577,20260813
42622,n01843065_6482_n01843065.JPEG,95,20260813
42645,n03944341_7568_n03944341.JPEG,723,20260813
42673,n07565083_2517_n07565083.JPEG,922,20260813
42683,n02443484_3434_n02443484.JPEG,359,20260813
42690,n04254777_59207_n04254777.JPEG,806,20260813
42691,n02111129_4834_n02111129.JPEG,255,20260813
42692,n03786901_4522_n03786901.JPEG,666,20260813
42699,n02101388_7200_n02101388.JPEG,215,20260813
42752,n02927161_38786_n02927161.JPEG,467,20260813
42784,n02494079_3290_n02494079.JPEG,382,20260813
42796,n01514859_11940_n01514859.JPEG,8,20260813
42797,n04515003_173_n04515003.JPEG,881,20260813
42802,n07768694_2821_n07768694.JPEG,957,20260813
42821,n02094114_2124_n02094114.JPEG,185,20260813
42827,n03837869_1922_n03837869.JPEG,682,20260813
42847,n03478589_15801_n03478589.JPEG,586,20260813
42853,n02109047_6685_n02109047.JPEG,246,20260813
42857,n02672831_54879_n02672831.JPEG,401,20260813
42870,n02127052_3246_n02127052.JPEG,287,20260813
42875,n04476259_36053_n04476259.JPEG,868,20260813
42906,n04476259_12756_n04476259.JPEG,868,20260813
42948,n02105412_7689_n02105412.JPEG,227,20260813
42971,n01773549_10010_n01773549.JPEG,73,20260813
42982,n02115641_23206_n02115641.JPEG,273,20260813
42999,n04548362_6756_n04548362.JPEG,893,20260813
43002,n03788365_4351_n03788365.JPEG,669,20260813
43025,n03903868_31067_n03903868.JPEG,708,20260813
43033,n02326432_27783_n02326432.JPEG,331,20260813
43046,n04509417_6383_n04509417.JPEG,880,20260813
43051,n02111129_6102_n02111129.JPEG,255,20260813
43054,n02950826_9471_n02950826.JPEG,471,20260813
43059,n02980441_2891_n02980441.JPEG,483,20260813
43070,n01685808_1292_n01685808.JPEG,41,20260813
43104,n02790996_3302_n02790996.JPEG,422,20260813
43110,n03866082_1470_n03866082.JPEG,689,20260813
43126,n03995372_9160_n03995372.JPEG,740,20260813
43162,n03207941_14610_n03207941.JPEG,534,20260813
43163,n02169497_2421_n02169497.JPEG,304,20260813
43171,n02110341_12_n02110341.JPEG,251,20260813
43216,n02910353_14574_n02910353.JPEG,464,20260813
43244,n02776631_3002_n02776631.JPEG,415,20260813
43247,n04251144_16049_n04251144.JPEG,801,20260813
43270,n02109961_3438_n02109961.JPEG,248,20260813
43281,n03045698_826_n03045698.JPEG,501,20260813
43286,n04204347_3807_n04204347.JPEG,791,20260813
43289,n02236044_8010_n02236044.JPEG,315,20260813
43319,n03743016_2907_n03743016.JPEG,649,20260813
43344,n02410509_1203_n02410509.JPEG,347,20260813
43346,n03649909_21621_n03649909.JPEG,621,20260813
43377,n02100877_8491_n02100877.JPEG,213,20260813
43386,n02259212_4226_n02259212.JPEG,317,20260813
43419,n02687172_6960_n02687172.JPEG,403,20260813
43462,n02236044_12391_n02236044.JPEG,315,20260813
43476,n02110958_2478_n02110958.JPEG,254,20260813
43506,n09468604_45982_n09468604.JPEG,979,20260813
43522,n02992529_12578_n02992529.JPEG,487,20260813
43536,n03874293_14619_n03874293.JPEG,694,20260813
43552,n02749479_1745_n02749479.JPEG,413,20260813
43560,n02097209_5421_n02097209.JPEG,198,20260813
43563,n01985128_54673_n01985128.JPEG,124,20260813
43572,n03794056_8344_n03794056.JPEG,674,20260813
43576,n04522168_56721_n04522168.JPEG,883,20260813
43581,n02018795_17735_n02018795.JPEG,138,20260813
43599,n01697457_657_n01697457.JPEG,49,20260813
43620,n01518878_2970_n01518878.JPEG,9,20260813
43624,n04335435_124454_n04335435.JPEG,829,20260813
43625,n02086079_7313_n02086079.JPEG,154,20260813
43638,n03776460_5912_n03776460.JPEG,660,20260813
43640,n02328150_9195_n02328150.JPEG,332,20260813
43642,n02895154_35593_n02895154.JPEG,461,20260813
43660,n02086079_21117_n02086079.JPEG,154,20260813
43662,n02791124_7959_n02791124.JPEG,423,20260813
43669,n02111129_2410_n02111129.JPEG,255,20260813
43740,n02687172_10698_n02687172.JPEG,403,20260813
43764,n03980874_11438_n03980874.JPEG,735,20260813
43813,n01644900_1803_n01644900.JPEG,32,20260813
43816,n03775071_5024_n03775071.JPEG,658,20260813
43826,n03958227_7152_n03958227.JPEG,728,20260813
43842,n04486054_2547_n04486054.JPEG,873,20260813
43845,n02077923_5323_n02077923.JPEG,150,20260813
43848,n03290653_22235_n03290653.JPEG,548,20260813
43866,n02111500_1986_n02111500.JPEG,257,20260813
43874,n03776460_1704_n03776460.JPEG,660,20260813
43885,n04356056_6211_n04356056.JPEG,837,20260813
43914,n03345487_22300_n03345487.JPEG,555,20260813
43946,n07831146_4501_n07831146.JPEG,959,20260813
43972,n02089078_1478_n02089078.JPEG,165,20260813
43976,n04037443_45137_n04037443.JPEG,751,20260813
43984,n03424325_10328_n03424325.JPEG,570,20260813
43986,n13037406_11479_n13037406.JPEG,993,20260813
43988,n03220513_10227_n03220513.JPEG,538,20260813
44025,n04204238_6502_n04204238.JPEG,790,20260813
44028,n02802426_4732_n02802426.JPEG,430,20260813
44032,n01632777_2651_n01632777.JPEG,29,20260813
44039,n01514668_7805_n01514668.JPEG,7,20260813
44043,n04458633_2175_n04458633.JPEG,863,20260813
44052,n02835271_5607_n02835271.JPEG,444,20260813
44056,n07730033_10157_n07730033.JPEG,946,20260813
44064,n02397096_1693_n02397096.JPEG,343,20260813
44075,n01773157_6912_n01773157.JPEG,72,20260813
44078,n04355338_8134_n04355338.JPEG,835,20260813
44090,n03776460_9294_n03776460.JPEG,660,20260813
44137,n03710637_362_n03710637.JPEG,638,20260813
44215,n03032252_10586_n03032252.JPEG,498,20260813
44217,n04270147_1355_n04270147.JPEG,813,20260813
44238,n02966687_7613_n02966687.JPEG,477,20260813
44245,n02504013_12615_n02504013.JPEG,385,20260813
44261,n04483307_9512_n04483307.JPEG,871,20260813
44280,n02128925_6654_n02128925.JPEG,290,20260813
44286,n04429376_56400_n04429376.JPEG,857,20260813
44297,n04540053_2220_n04540053.JPEG,890,20260813
44301,n02100735_3124_n02100735.JPEG,212,20260813
44311,n03599486_10159_n03599486.JPEG,612,20260813
44343,n02219486_23712_n02219486.JPEG,310,20260813
44352,n02951585_82_n02951585.JPEG,473,20260813
44356,n11939491_55140_n11939491.JPEG,985,20260813
44372,n01945685_6608_n01945685.JPEG,114,20260813
44385,n01697457_10393_n01697457.JPEG,49,20260813
44391,n04579432_13512_n04579432.JPEG,902,20260813
44399,n02114712_6644_n02114712.JPEG,271,20260813
44430,n04509417_13893_n04509417.JPEG,880,20260813
44445,n02123597_513_n02123597.JPEG,284,20260813
44470,n04040759_5688_n04040759.JPEG,753,20260813
44474,n04542943_1431_n04542943.JPEG,891,20260813
44507,n02979186_1769_n02979186.JPEG,482,20260813
44510,n07715103_10759_n07715103.JPEG,938,20260813
44545,n03447721_18372_n03447721.JPEG,577,20260813
44550,n02107683_4924_n02107683.JPEG,239,20260813
44557,n01614925_4204_n01614925.JPEG,22,20260813
44583,n04590129_6248_n04590129.JPEG,905,20260813
44596,n03876231_14480_n03876231.JPEG,696,20260813
44609,n04467665_41282_n04467665.JPEG,867,20260813
44624,n03992509_5441_n03992509.JPEG,739,20260813
44632,n02094258_5160_n02094258.JPEG,186,20260813
44641,n01955084_7462_n01955084.JPEG,116,20260813
44648,n07716906_2494_n07716906.JPEG,940,20260813
44660,n02133161_239_n02133161.JPEG,295,20260813
44672,n01697457_22710_n01697457.JPEG,49,20260813
44675,n13054560_1995_n13054560.JPEG,997,20260813
44717,n07718472_30288_n07718472.JPEG,943,20260813
44719,n01774384_14734_n01774384.JPEG,75,20260813
44721,n03394916_29622_n03394916.JPEG,566,20260813
44723,n04596742_23016_n04596742.JPEG,909,20260813
44724,n02097209_6954_n02097209.JPEG,198,20260813
44725,n04270147_2933_n04270147.JPEG,813,20260813
44735,n03661043_19042_n03661043.JPEG,624,20260813
44738,n02134418_944_n02134418.JPEG,297,20260813
44752,n02992529_17904_n02992529.JPEG,487,20260813
44760,n07749582_20144_n07749582.JPEG,951,20260813
44780,n02317335_24139_n02317335.JPEG,327,20260813
44781,n03676483_18075_n03676483.JPEG,629,20260813
44787,n02110341_14157_n02110341.JPEG,251,20260813
44809,n01833805_15612_n01833805.JPEG,94,20260813
44832,n02100583_9614_n02100583.JPEG,211,20260813
44839,n01774384_6693_n01774384.JPEG,75,20260813
44882,n04357314_13771_n04357314.JPEG,838,20260813
44892,n04201297_10951_n04201297.JPEG,789,20260813
44907,n03803284_1743_n03803284.JPEG,676,20260813
44908,n03100240_6836_n03100240.JPEG,511,20260813
44948,n02444819_3558_n02444819.JPEG,360,20260813
44963,n04467665_19747_n04467665.JPEG,867,20260813
44994,n02480855_8589_n02480855.JPEG,366,20260813
45009,n02963159_20_n02963159.JPEG,474,20260813
45015,n03887697_4066_n03887697.JPEG,700,20260813
45023,n07875152_4319_n07875152.JPEG,964,20260813
45025,n03874293_8840_n03874293.JPEG,694,20260813
45031,n02978881_15435_n02978881.JPEG,481,20260813
45036,n01675722_2060_n01675722.JPEG,38,20260813
45048,n03026506_6012_n03026506.JPEG,496,20260813
45057,n03450230_14269_n03450230.JPEG,578,20260813
45072,n07615774_37438_n07615774.JPEG,929,20260813
45177,n02974003_4776_n02974003.JPEG,479,20260813
45205,n02093859_4390_n02093859.JPEG,183,20260813
45208,n02074367_5279_n02074367.JPEG,149,20260813
45216,n01774750_5184_n01774750.JPEG,76,20260813
45242,n02106166_3473_n02106166.JPEG,232,20260813
45248,n04325704_21704_n04325704.JPEG,824,20260813
45259,n03016953_3994_n03016953.JPEG,493,20260813
45260,n03218198_5611_n03218198.JPEG,537,20260813
45264,n02835271_8617_n02835271.JPEG,444,20260813
45265,n07802026_51001_n07802026.JPEG,958,20260813
45269,n02099267_2375_n02099267.JPEG,205,20260813
45306,n02013706_16145_n02013706.JPEG,135,20260813
45307,n04486054_8280_n04486054.JPEG,873,20260813
45314,n03272562_24540_n03272562.JPEG,547,20260813
45332,n04428191_5442_n04428191.JPEG,856,20260813
45334,n04584207_857_n04584207.JPEG,903,20260813
45356,n02105251_6378_n02105251.JPEG,226,20260813
45364,n03188531_4936_n03188531.JPEG,529,20260813
45376,n02104029_1834_n02104029.JPEG,222,20260813
45434,n03425413_13369_n03425413.JPEG,571,20260813
45496,n07697537_29353_n07697537.JPEG,934,20260813
45519,n02091134_7851_n02091134.JPEG,172,20260813
45532,n02328150_15740_n02328150.JPEG,332,20260813
45586,n03445924_31914_n03445924.JPEG,575,20260813
45599,n02442845_27846_n02442845.JPEG,357,20260813
45614,n02002724_7089_n02002724.JPEG,128,20260813
45660,n01693334_7763_n01693334.JPEG,46,20260813
45683,n03916031_46162_n03916031.JPEG,711,20260813
45698,n06874185_72952_n06874185.JPEG,920,20260813
45719,n03314780_6237_n03314780.JPEG,551,20260813
45747,n01496331_15767_n01496331.JPEG,5,20260813
45772,n04040759_9391_n04040759.JPEG,753,20260813
45774,n02509815_8819_n02509815.JPEG,387,20260813
45800,n02361337_8588_n02361337.JPEG,336,20260813
45801,n04344873_42100_n04344873.JPEG,831,20260813
45812,n04049303_9415_n04049303.JPEG,756,20260813
45814,n02481823_3281_n02481823.JPEG,367,20260813
45819,n01773797_8483_n01773797.JPEG,74,20260813
45844,n02342885_5271_n02342885.JPEG,333,20260813
45863,n04069434_5151_n04069434.JPEG,759,20260813
45877,n03980874_6050_n03980874.JPEG,735,20260813
45882,n02454379_688_n02454379.JPEG,363,20260813
45900,n03876231_5305_n03876231.JPEG,696,20260813
45906,n01729322_4130_n01729322.JPEG,54,20260813
45959,n02093754_5601_n02093754.JPEG,182,20260813
45974,n03467068_21739_n03467068.JPEG,583,20260813
46007,n03388183_8332_n03388183.JPEG,563,20260813
46020,n02802426_21972_n02802426.JPEG,430,20260813
46036,n12144580_14007_n12144580.JPEG,987,20260813
46073,n03956157_18386_n03956157.JPEG,727,20260813
46075,n01631663_16503_n01631663.JPEG,27,20260813
46089,n02109961_5841_n02109961.JPEG,248,20260813
46103,n03697007_32560_n03697007.JPEG,634,20260813
46133,n02490219_3185_n02490219.JPEG,377,20260813
46143,n02093256_10550_n02093256.JPEG,179,20260813
46145,n02086079_4077_n02086079.JPEG,154,20260813
46150,n02977058_20870_n02977058.JPEG,480,20260813
46158,n07693725_9908_n07693725.JPEG,931,20260813
46200,n03710721_25615_n03710721.JPEG,639,20260813
46210,n04081281_69966_n04081281.JPEG,762,20260813
46216,n04371430_15315_n04371430.JPEG,842,20260813
46235,n03345487_3348_n03345487.JPEG,555,20260813
46239,n02206856_4773_n02206856.JPEG,309,20260813
46240,n02077923_14935_n02077923.JPEG,150,20260813
46241,n03775546_222_n03775546.JPEG,659,20260813
46245,n02769748_24668_n02769748.JPEG,414,20260813
46296,n04613696_15706_n04613696.JPEG,915,20260813
46312,n02906734_7510_n02906734.JPEG,462,20260813
46314,n04154565_18507_n04154565.JPEG,784,20260813
46318,n01806567_7358_n01806567.JPEG,85,20260813
46322,n04562935_4285_n04562935.JPEG,900,20260813
46357,n02128757_1315_n02128757.JPEG,289,20260813
46360,n04370456_25506_n04370456.JPEG,841,20260813
46362,n02119022_26335_n02119022.JPEG,277,20260813
46372,n03297495_1087_n03297495.JPEG,550,20260813
46384,n02130308_7094_n02130308.JPEG,293,20260813
46399,n02361337_867_n02361337.JPEG,336,20260813
46429,n04141975_9626_n04141975.JPEG,778,20260813
46431,n02101006_5618_n02101006.JPEG,214,20260813
46434,n04118538_1583_n04118538.JPEG,768,20260813
46462,n02123045_5703_n02123045.JPEG,281,20260813
46496,n02422106_1756_n02422106.JPEG,351,20260813
46500,n02437616_4512_n02437616.JPEG,355,20260813
46515,n09835506_26599_n09835506.JPEG,981,20260813
46525,n03710721_20550_n03710721.JPEG,639,20260813
46530,n02948072_9426_n02948072.JPEG,470,20260813
46535,n02101556_4060_n02101556.JPEG,216,20260813
46536,n02206856_8549_n02206856.JPEG,309,20260813
46565,n02930766_58080_n02930766.JPEG,468,20260813
46579,n01614925_50519_n01614925.JPEG,22,20260813
46580,n02480495_7939_n02480495.JPEG,365,20260813
46588,n02276258_2117_n02276258.JPEG,321,20260813
46590,n01749939_6717_n01749939.JPEG,64,20260813
46619,n04273569_13136_n04273569.JPEG,814,20260813
46671,n01770081_1430_n01770081.JPEG,70,20260813
46690,n04204238_73_n04204238.JPEG,790,20260813
46704,n02006656_3476_n02006656.JPEG,129,20260813
46705,n01622779_1514_n01622779.JPEG,24,20260813
46712,n02002724_62_n02002724.JPEG,128,20260813
46723,n04243546_14733_n04243546.JPEG,800,20260813
46724,n04579145_5941_n04579145.JPEG,901,20260813
46734,n01751748_3473_n01751748.JPEG,65,20260813
46758,n04146614_1399_n04146614.JPEG,779,20260813
46761,n10148035_23767_n10148035.JPEG,982,20260813
46769,n03770679_14922_n03770679.JPEG,656,20260813
46776,n03743016_10150_n03743016.JPEG,649,20260813
46789,n04154565_36018_n04154565.JPEG,784,20260813
46796,n01689811_3404_n01689811.JPEG,44,20260813
46839,n01843383_2097_n01843383.JPEG,96,20260813
46845,n04517823_2294_n04517823.JPEG,882,20260813
46874,n02086079_12861_n02086079.JPEG,154,20260813
46875,n02782093_20158_n02782093.JPEG,417,20260813
46914,n03627232_6166_n03627232.JPEG,616,20260813
46925,n03447721_12756_n03447721.JPEG,577,20260813
46945,n02115913_1281_n02115913.JPEG,274,20260813
46967,n01820546_5752_n01820546.JPEG,90,20260813
46977,n07742313_7323_n07742313.JPEG,948,20260813
46983,n04044716_111_n04044716.JPEG,755,20260813
46992,n03843555_7578_n03843555.JPEG,686,20260813
47000,n02123597_2323_n02123597.JPEG,284,20260813
47024,n01728572_17951_n01728572.JPEG,52,20260813
47028,n02110806_5726_n02110806.JPEG,253,20260813
47042,n03272562_3846_n03272562.JPEG,547,20260813
47052,n03720891_7050_n03720891.JPEG,641,20260813
47068,n03201208_6023_n03201208.JPEG,532,20260813
47072,n04550184_23034_n04550184.JPEG,894,20260813
47074,n07920052_6443_n07920052.JPEG,967,20260813
47084,n07871810_906_n07871810.JPEG,962,20260813
47085,n01675722_1230_n01675722.JPEG,38,20260813
47086,n02107574_592_n02107574.JPEG,238,20260813
47090,n01872401_16852_n01872401.JPEG,102,20260813
47092,n03207743_5086_n03207743.JPEG,533,20260813
47105,n03218198_15877_n03218198.JPEG,537,20260813
47184,n03924679_10271_n03924679.JPEG,713,20260813
47206,n01855032_8615_n01855032.JPEG,98,20260813
47217,n02093647_693_n02093647.JPEG,181,20260813
47244,n12267677_3741_n12267677.JPEG,988,20260813
47312,n01770393_55_n01770393.JPEG,71,20260813
47316,n03344393_4886_n03344393.JPEG,554,20260813
47317,n02100236_3639_n02100236.JPEG,210,20260813
47321,n04258138_1623_n04258138.JPEG,807,20260813
47351,n01631663_3846_n01631663.JPEG,27,20260813
47359,n01644373_8548_n01644373.JPEG,31,20260813
47360,n03160309_24246_n03160309.JPEG,525,20260813
47365,n07697313_1039_n07697313.JPEG,933,20260813
47379,n04409515_7951_n04409515.JPEG,852,20260813
47401,n02835271_8413_n02835271.JPEG,444,20260813
47412,n03781244_8868_n03781244.JPEG,663,20260813
47413,n02666196_15429_n02666196.JPEG,398,20260813
47423,n03290653_274_n03290653.JPEG,548,20260813
47435,n02134084_10728_n02134084.JPEG,296,20260813
47444,n01704323_9258_n01704323.JPEG,51,20260813
47446,n02892201_19834_n02892201.JPEG,458,20260813
47452,n03127925_18301_n03127925.JPEG,519,20260813
47476,n01704323_6614_n01704323.JPEG,51,20260813
47479,n03874599_10055_n03874599.JPEG,695,20260813
47497,n02319095_9212_n02319095.JPEG,328,20260813
47500,n03837869_7079_n03837869.JPEG,682,20260813
47535,n02097298_10926_n02097298.JPEG,199,20260813
47538,n13037406_3704_n13037406.JPEG,993,20260813
47544,n04356056_7647_n04356056.JPEG,837,20260813
47598,n01744401_1598_n01744401.JPEG,62,20260813
47663,n02823750_4990_n02823750.JPEG,441,20260813
47669,n03854065_47087_n03854065.JPEG,687,20260813
47694,n04152593_647_n04152593.JPEG,782,20260813
47704,n02281787_3477_n02281787.JPEG,326,20260813
47710,n01688243_1804_n01688243.JPEG,43,20260813
47721,n03196217_5795_n03196217.JPEG,530,20260813
47730,n03710193_1003_n03710193.JPEG,637,20260813
47735,n02483708_2419_n02483708.JPEG,369,20260813
47776,n03467068_7650_n03467068.JPEG,583,20260813
47777,n04523525_363_n04523525.JPEG,884,20260813
47783,n01665541_6850_n01665541.JPEG,34,20260813
47805,n04111531_9370_n04111531.JPEG,766,20260813
47808,n02091831_3252_n02091831.JPEG,176,20260813
47818,n02231487_11147_n02231487.JPEG,313,20260813
47826,n03794056_19367_n03794056.JPEG,674,20260813
47858,n01601694_12257_n01601694.JPEG,20,20260813
47862,n04554684_33829_n04554684.JPEG,897,20260813
47878,n03590841_10273_n03590841.JPEG,607,20260813
47905,n01914609_2794_n01914609.JPEG,108,20260813
47916,n03781244_3511_n03781244.JPEG,663,20260813
47985,n03950228_15337_n03950228.JPEG,725,20260813
48008,n02096437_50_n02096437.JPEG,194,20260813
48016,n02206856_6121_n02206856.JPEG,309,20260813
48026,n04328186_10726_n04328186.JPEG,826,20260813
48029,n03447447_2649_n03447447.JPEG,576,20260813
48044,n02916936_8015_n02916936.JPEG,465,20260813
48048,n04429376_5789_n04429376.JPEG,857,20260813
48059,n06794110_3445_n06794110.JPEG,919,20260813
48063,n04476259_10766_n04476259.JPEG,868,20260813
48085,n04033901_41719_n04033901.JPEG,749,20260813
48096,n01644373_10570_n01644373.JPEG,31,20260813
48111,n13037406_4645_n13037406.JPEG,993,20260813
48120,n04465501_10933_n04465501.JPEG,866,20260813
48122,n03873416_13661_n03873416.JPEG,693,20260813
48124,n01806567_18052_n01806567.JPEG,85,20260813
48126,n02219486_15388_n02219486.JPEG,310,20260813
48133,n04347754_54210_n04347754.JPEG,833,20260813
48148,n04326547_3345_n04326547.JPEG,825,20260813
48150,n04120489_5560_n04120489.JPEG,770,20260813
48166,n02108915_1136_n02108915.JPEG,245,20260813
48198,n03424325_1853_n03424325.JPEG,570,20260813
48228,n02667093_1628_n02667093.JPEG,399,20260813
48229,n03958227_7636_n03958227.JPEG,728,20260813
48243,n04204347_3980_n04204347.JPEG,791,20260813
48264,n02883205_20305_n02883205.JPEG,457,20260813
48272,n01981276_7928_n01981276.JPEG,121,20260813
48300,n04389033_2265_n04389033.JPEG,847,20260813
48317,n01985128_14486_n01985128.JPEG,124,20260813
48332,n03141823_7185_n03141823.JPEG,523,20260813
48344,n03125729_24038_n03125729.JPEG,516,20260813
48345,n02988304_9341_n02988304.JPEG,485,20260813
48400,n04310018_13956_n04310018.JPEG,820,20260813
48417,n07831146_9052_n07831146.JPEG,959,20260813
48428,n01968897_11727_n01968897.JPEG,117,20260813
48433,n03888257_34023_n03888257.JPEG,701,20260813
48434,n07753113_21994_n07753113.JPEG,952,20260813
48444,n02869837_27622_n02869837.JPEG,452,20260813
48452,n03950228_3281_n03950228.JPEG,725,20260813
48453,n01608432_3655_n01608432.JPEG,21,20260813
48460,n07711569_2324_n07711569.JPEG,935,20260813
48470,n02094114_8395_n02094114.JPEG,185,20260813
48481,n04423845_2087_n04423845.JPEG,855,20260813
48488,n02398521_17790_n02398521.JPEG,344,20260813
48498,n07715103_4206_n07715103.JPEG,938,20260813
48533,n03854065_11287_n03854065.JPEG,687,20260813
48541,n02840245_5904_n02840245.JPEG,446,20260813
48564,n02999410_3988_n02999410.JPEG,488,20260813
48569,n03032252_34377_n03032252.JPEG,498,20260813
48588,n02256656_5521_n02256656.JPEG,316,20260813
48600,n02346627_16441_n02346627.JPEG,334,20260813
48604,n01843383_5266_n01843383.JPEG,96,20260813
48674,n04505470_4104_n04505470.JPEG,878,20260813
48718,n02794156_21156_n02794156.JPEG,426,20260813
48761,n02096437_2707_n02096437.JPEG,194,20260813
48777,n04127249_8112_n04127249.JPEG,772,20260813
48786,n04049303_5233_n04049303.JPEG,756,20260813
48795,n04285008_5641_n04285008.JPEG,817,20260813
48806,n03884397_26297_n03884397.JPEG,699,20260813
48829,n03891251_442_n03891251.JPEG,703,20260813
48841,n03729826_44421_n03729826.JPEG,644,20260813
48910,n02892767_12546_n02892767.JPEG,459,20260813
48912,n09468604_30559_n09468604.JPEG,979,20260813
48933,n01828970_4850_n01828970.JPEG,92,20260813
48944,n02877765_2045_n02877765.JPEG,455,20260813
48949,n04356056_6679_n04356056.JPEG,837,20260813
48955,n07693725_7499_n07693725.JPEG,931,20260813
48968,n03535780_48057_n03535780.JPEG,602,20260813
48979,n02105505_5430_n02105505.JPEG,228,20260813
48983,n04266014_9457_n04266014.JPEG,812,20260813
48989,n02110341_10096_n02110341.JPEG,251,20260813
48990,n04099969_54927_n04099969.JPEG,765,20260813
48999,n01739381_2404_n01739381.JPEG,59,20260813
49000,n04597913_585_n04597913.JPEG,910,20260813
49003,n07860988_16959_n07860988.JPEG,961,20260813
49006,n02769748_18428_n02769748.JPEG,414,20260813
49008,n04515003_1240_n04515003.JPEG,881,20260813
49021,n07920052_825_n07920052.JPEG,967,20260813
49040,n02110063_6406_n02110063.JPEG,249,20260813
49047,n03794056_14397_n03794056.JPEG,674,20260813
49058,n03388183_8457_n03388183.JPEG,563,20260813
49147,n02086646_2005_n02086646.JPEG,156,20260813
49190,n01558993_14609_n01558993.JPEG,15,20260813
49193,n02356798_4860_n02356798.JPEG,335,20260813
49273,n02808440_41927_n02808440.JPEG,435,20260813
49281,n01734418_2414_n01734418.JPEG,56,20260813
49322,n02317335_1133_n02317335.JPEG,327,20260813
49356,n02977058_1083_n02977058.JPEG,480,20260813
49359,n03443371_25258_n03443371.JPEG,572,20260813
49365,n02790996_10794_n02790996.JPEG,422,20260813
49373,n02493509_1316_n02493509.JPEG,380,20260813
49401,n03661043_1896_n03661043.JPEG,624,20260813
49402,n02066245_22750_n02066245.JPEG,147,20260813
49432,n02114712_17009_n02114712.JPEG,271,20260813
49482,n02085936_10705_n02085936.JPEG,153,20260813
49491,n04509417_5505_n04509417.JPEG,880,20260813
49553,n04285008_5617_n04285008.JPEG,817,20260813
49555,n07753275_4717_n07753275.JPEG,953,20260813
49579,n01796340_22284_n01796340.JPEG,81,20260813
49584,n03924679_3804_n03924679.JPEG,713,20260813
49601,n02447366_18540_n02447366.JPEG,362,20260813
49606,n02704792_427_n02704792.JPEG,408,20260813
49609,n03697007_46607_n03697007.JPEG,634,20260813
49611,n03891251_2899_n03891251.JPEG,703,20260813
49616,n02895154_16428_n02895154.JPEG,461,20260813
49640,n03902125_12997_n03902125.JPEG,707,20260813
49651,n01944390_13020_n01944390.JPEG,113,20260813
49662,n01855032_289_n01855032.JPEG,98,20260813
49690,n01685808_2325_n01685808.JPEG,41,20260813
49702,n02089867_581_n02089867.JPEG,166,20260813
49726,n03075370_4590_n03075370.JPEG,507,20260813
49766,n07880968_435_n07880968.JPEG,965,20260813
49787,n04070727_24774_n04070727.JPEG,760,20260813
49788,n01688243_3125_n01688243.JPEG,43,20260813
49792,n04152593_2477_n04152593.JPEG,782,20260813
49793,n04286575_3378_n04286575.JPEG,818,20260813
49798,n03404251_4781_n03404251.JPEG,568,20260813
49820,n03794056_28196_n03794056.JPEG,674,20260813
49825,n03314780_3801_n03314780.JPEG,551,20260813
49864,n03633091_5806_n03633091.JPEG,618,20260813
49880,n02504458_7777_n02504458.JPEG,386,20260813
49883,n02098105_1555_n02098105.JPEG,202,20260813
49889,n04548362_58700_n04548362.JPEG,893,20260813
49890,n02966193_31625_n02966193.JPEG,476,20260813
49902,n02174001_135_n02174001.JPEG,306,20260813
49939,n03706229_2254_n03706229.JPEG,635,20260813
49950,n03598930_18958_n03598930.JPEG,611,20260813
49983,n03461385_61951_n03461385.JPEG,582,20260813
49986,n02009912_1926_n02009912.JPEG,132,20260813
49995,n02109047_11088_n02109047.JPEG,246,20260813
50012,n07716906_6572_n07716906.JPEG,940,20260813
50013,n02403003_1982_n02403003.JPEG,345,20260813
50027,n02093256_4679_n02093256.JPEG,179,20260813
50030,n01807496_24682_n01807496.JPEG,86,20260813
50034,n04493381_18285_n04493381.JPEG,876,20260813
50039,n02134084_3176_n02134084.JPEG,296,20260813
50061,n02089867_433_n02089867.JPEG,166,20260813
50084,n01669191_8776_n01669191.JPEG,37,20260813
50090,n07875152_8360_n07875152.JPEG,964,20260813
50151,n03376595_7403_n03376595.JPEG,559,20260813
50170,n03814906_26652_n03814906.JPEG,679,20260813
50173,n10148035_15312_n10148035.JPEG,982,20260813
50176,n04443257_48334_n04443257.JPEG,860,20260813
50178,n02951585_23542_n02951585.JPEG,473,20260813
50192,n03125729_6899_n03125729.JPEG,516,20260813
50205,n04540053_16732_n04540053.JPEG,890,20260813
50208,n02190166_7467_n02190166.JPEG,308,20260813
50240,n03126707_14899_n03126707.JPEG,517,20260813
50245,n07720875_939_n07720875.JPEG,945,20260813
50249,n02749479_3744_n02749479.JPEG,413,20260813
50258,n03788195_1952_n03788195.JPEG,668,20260813
50280,n02793495_18671_n02793495.JPEG,425,20260813
50284,n04209133_4522_n04209133.JPEG,793,20260813
50288,n02119022_8133_n02119022.JPEG,277,20260813
50294,n03763968_10011_n03763968.JPEG,652,20260813
50311,n02974003_1423_n02974003.JPEG,479,20260813
50330,n02794156_9217_n02794156.JPEG,426,20260813
50335,n02112137_1013_n02112137.JPEG,260,20260813
50336,n02389026_25674_n02389026.JPEG,339,20260813
50358,n04604644_14461_n04604644.JPEG,912,20260813
50379,n03770679_17307_n03770679.JPEG,656,20260813
50394,n02105641_5029_n02105641.JPEG,229,20260813
50402,n03498962_6799_n03498962.JPEG,596,20260813
50429,n04540053_19087_n04540053.JPEG,890,20260813
50440,n01990800_12842_n01990800.JPEG,126,20260813
50446,n02105412_185_n02105412.JPEG,227,20260813
50505,n03950228_10096_n03950228.JPEG,725,20260813
50507,n02389026_14817_n02389026.JPEG,339,20260813
50544,n03803284_3922_n03803284.JPEG,676,20260813
50545,n02823428_14843_n02823428.JPEG,440,20260813
50549,n07753592_6916_n07753592.JPEG,954,20260813
50586,n04125021_7231_n04125021.JPEG,771,20260813
50609,n04418357_241_n04418357.JPEG,854,20260813
50632,n02108089_10309_n02108089.JPEG,242,20260813
50670,n02422699_37001_n02422699.JPEG,352,20260813
50697,n02098413_8176_n02098413.JPEG,204,20260813
50699,n03773504_11271_n03773504.JPEG,657,20260813
50702,n02134418_5088_n02134418.JPEG,297,20260813
50735,n01914609_5069_n01914609.JPEG,108,20260813
50764,n03026506_2316_n03026506.JPEG,496,20260813
50787,n03782006_22832_n03782006.JPEG,664,20260813
50794,n01742172_20558_n01742172.JPEG,61,20260813
50828,n02264363_13783_n02264363.JPEG,318,20260813
50871,n01632777_13007_n01632777.JPEG,29,20260813
50880,n02974003_4595_n02974003.JPEG,479,20260813
50898,n03000247_35605_n03000247.JPEG,490,20260813
50901,n02769748_825_n02769748.JPEG,414,20260813
50902,n04264628_12933_n04264628.JPEG,810,20260813
50905,n03594734_37307_n03594734.JPEG,608,20260813
50912,n02095314_4395_n02095314.JPEG,188,20260813
50914,n02777292_14834_n02777292.JPEG,416,20260813
50916,n03126707_9591_n03126707.JPEG,517,20260813
50920,n03602883_18603_n03602883.JPEG,613,20260813
50926,n01797886_12273_n01797886.JPEG,82,20260813
50933,n02395406_29566_n02395406.JPEG,341,20260813
50937,n02808440_41479_n02808440.JPEG,435,20260813
50941,n02018795_654_n02018795.JPEG,138,20260813
50953,n03871628_7109_n03871628.JPEG,692,20260813
50987,n03857828_9474_n03857828.JPEG,688,20260813
51053,n02100583_27218_n02100583.JPEG,211,20260813
51076,n02088632_1030_n02088632.JPEG,164,20260813
51086,n01883070_14693_n01883070.JPEG,106,20260813
51095,n01667114_4944_n01667114.JPEG,35,20260813
51135,n03485794_35946_n03485794.JPEG,591,20260813
51192,n01776313_23650_n01776313.JPEG,78,20260813
51198,n04336792_6929_n04336792.JPEG,830,20260813
51200,n02100735_6241_n02100735.JPEG,212,20260813
51201,n01824575_165_n01824575.JPEG,91,20260813
51214,n03733131_2232_n03733131.JPEG,645,20260813
51216,n03127747_8789_n03127747.JPEG,518,20260813
51281,n04235860_1962_n04235860.JPEG,797,20260813
51283,n02268853_7921_n02268853.JPEG,320,20260813
51289,n01914609_16595_n01914609.JPEG,108,20260813
51334,n04023962_7353_n04023962.JPEG,747,20260813
51342,n03218198_4776_n03218198.JPEG,537,20260813
51361,n09288635_4742_n09288635.JPEG,974,20260813
51389,n03673027_19476_n03673027.JPEG,628,20260813
51434,n01847000_6782_n01847000.JPEG,97,20260813
51437,n03977966_47584_n03977966.JPEG,734,20260813
51462,n04328186_5376_n04328186.JPEG,826,20260813
51466,n04612504_10649_n04612504.JPEG,914,20260813
51486,n06359193_32624_n06359193.JPEG,916,20260813
51488,n02113023_724_n02113023.JPEG,263,20260813
51494,n04553703_23183_n04553703.JPEG,896,20260813
51524,n02423022_1991_n02423022.JPEG,353,20260813
51530,n02500267_163_n02500267.JPEG,384,20260813
51609,n07583066_6622_n07583066.JPEG,924,20260813
51631,n07717556_12676_n07717556.JPEG,942,20260813
51662,n02280649_4487_n02280649.JPEG,324,20260813
51676,n02091831_602_n02091831.JPEG,176,20260813
51691,n02105412_2142_n02105412.JPEG,227,20260813
51708,n01855032_8658_n01855032.JPEG,98,20260813
51714,n03868863_2100_n03868863.JPEG,691,20260813
51715,n03977966_53113_n03977966.JPEG,734,20260813
51731,n07714571_5980_n07714571.JPEG,936,20260813
51746,n04111531_17788_n04111531.JPEG,766,20260813
51768,n02111889_6948_n02111889.JPEG,258,20260813
51769,n03045698_5698_n03045698.JPEG,501,20260813
51790,n02233338_26192_n02233338.JPEG,314,20260813
51797,n02177972_651_n02177972.JPEG,307,20260813
51806,n03781244_94619_n03781244.JPEG,663,20260813
51813,n02906734_9801_n02906734.JPEG,462,20260813
51833,n02102480_1940_n02102480.JPEG,220,20260813
51838,n04330267_13164_n04330267.JPEG,827,20260813
51848,n04442312_7127_n04442312.JPEG,859,20260813
51856,n04613696_9801_n04613696.JPEG,915,20260813
51859,n04204347_18866_n04204347.JPEG,791,20260813
51882,n03720891_4994_n03720891.JPEG,641,20260813
51883,n04376876_8544_n04376876.JPEG,845,20260813
51890,n02988304_8723_n02988304.JPEG,485,20260813
51906,n04023962_16004_n04023962.JPEG,747,20260813
51907,n02099267_18783_n02099267.JPEG,205,20260813
51930,n01914609_1416_n01914609.JPEG,108,20260813
51933,n01872401_986_n01872401.JPEG,102,20260813
51954,n03249569_11493_n03249569.JPEG,541,20260813
51976,n02112018_2790_n02112018.JPEG,259,20260813
51994,n04069434_13160_n04069434.JPEG,759,20260813
51997,n13054560_4312_n13054560.JPEG,997,20260813
52001,n01751748_4139_n01751748.JPEG,65,20260813
52018,n04264628_5410_n04264628.JPEG,810,20260813
52035,n04483307_15912_n04483307.JPEG,871,20260813
52039,n04599235_2189_n04599235.JPEG,911,20260813
52041,n02510455_1671_n02510455.JPEG,388,20260813
52046,n01494475_27846_n01494475.JPEG,4,20260813
52049,n02395406_112_n02395406.JPEG,341,20260813
52073,n02769748_6905_n02769748.JPEG,414,20260813
52075,n02445715_7126_n02445715.JPEG,361,20260813
52076,n01664065_5049_n01664065.JPEG,33,20260813
52126,n02607072_11997_n02607072.JPEG,393,20260813
52131,n02268853_790_n02268853.JPEG,320,20260813
52135,n03063599_2084_n03063599.JPEG,504,20260813
52169,n02110627_6414_n02110627.JPEG,252,20260813
52187,n03018349_3785_n03018349.JPEG,495,20260813
52195,n01560419_9036_n01560419.JPEG,16,20260813
52212,n01484850_8127_n01484850.JPEG,2,20260813
52218,n02007558_10111_n02007558.JPEG,130,20260813
52223,n07734744_7804_n07734744.JPEG,947,20260813
52233,n01440764_24299_n01440764.JPEG,0,20260813
52243,n03530642_48109_n03530642.JPEG,599,20260813
52251,n02391049_9478_n02391049.JPEG,340,20260813
52256,n03063689_18753_n03063689.JPEG,505,20260813
52275,n01775062_381_n01775062.JPEG,77,20260813
52279,n02606052_6086_n02606052.JPEG,392,20260813
52287,n02509815_1614_n02509815.JPEG,387,20260813
52291,n02110185_12580_n02110185.JPEG,250,20260813
52297,n02086240_6849_n02086240.JPEG,155,20260813
52306,n03207941_5078_n03207941.JPEG,534,20260813
52307,n02692877_7471_n02692877.JPEG,405,20260813
52314,n02480855_17356_n02480855.JPEG,366,20260813
52323,n02397096_1715_n02397096.JPEG,343,20260813
52333,n03954731_55821_n03954731.JPEG,726,20260813
52373,n01440764_5634_n01440764.JPEG,0,20260813
52374,n03602883_228_n03602883.JPEG,613,20260813
52396,n04328186_245_n04328186.JPEG,826,20260813
52400,n02483362_705_n02483362.JPEG,368,20260813
52413,n03345487_3968_n03345487.JPEG,555,20260813
52421,n01641577_9147_n01641577.JPEG,30,20260813
52481,n04553703_43948_n04553703.JPEG,896,20260813
52500,n04266014_5427_n04266014.JPEG,812,20260813
52507,n01818515_6182_n01818515.JPEG,88,20260813
52515,n02445715_12097_n02445715.JPEG,361,20260813
52548,n02808440_42469_n02808440.JPEG,435,20260813
52558,n04562935_985_n04562935.JPEG,900,20260813
52591,n02669723_432_n02669723.JPEG,400,20260813
52601,n04116512_32794_n04116512.JPEG,767,20260813
52657,n04542943_7579_n04542943.JPEG,891,20260813
52660,n02086646_6639_n02086646.JPEG,156,20260813
52671,n04476259_7413_n04476259.JPEG,868,20260813
52674,n01665541_35220_n01665541.JPEG,34,20260813
52702,n04252225_8055_n04252225.JPEG,803,20260813
52703,n07768694_7257_n07768694.JPEG,957,20260813
52747,n02037110_11422_n02037110.JPEG,143,20260813
52760,n04147183_2855_n04147183.JPEG,780,20260813
52771,n03666591_37113_n03666591.JPEG,626,20260813
52809,n04149813_2397_n04149813.JPEG,781,20260813
52816,n13052670_10770_n13052670.JPEG,996,20260813
52834,n03709823_801_n03709823.JPEG,636,20260813
52867,n03944341_10049_n03944341.JPEG,723,20260813
52931,n03724870_11028_n03724870.JPEG,643,20260813
52936,n03929660_7598_n03929660.JPEG,714,20260813
52938,n02814533_37399_n02814533.JPEG,436,20260813
52939,n02018795_18555_n02018795.JPEG,138,20260813
52961,n03908618_6255_n03908618.JPEG,709,20260813
52962,n01748264_19038_n01748264.JPEG,63,20260813
52971,n07579787_17137_n07579787.JPEG,923,20260813
52990,n01665541_34075_n01665541.JPEG,34,20260813
52995,n03868863_12203_n03868863.JPEG,691,20260813
53003,n02776631_12130_n02776631.JPEG,415,20260813
53015,n02123045_3877_n02123045.JPEG,281,20260813
53017,n02417914_15123_n02417914.JPEG,350,20260813
53027,n03445924_17295_n03445924.JPEG,575,20260813
53039,n04404412_6182_n04404412.JPEG,851,20260813
53044,n02102040_7168_n02102040.JPEG,217,20260813
53063,n01689811_6867_n01689811.JPEG,44,20260813
53078,n02804414_6804_n02804414.JPEG,431,20260813
53080,n04037443_3909_n04037443.JPEG,751,20260813
53095,n02013706_20921_n02013706.JPEG,135,20260813
53099,n04040759_837_n04040759.JPEG,753,20260813
53125,n02113799_2281_n02113799.JPEG,267,20260813
53140,n07614500_12299_n07614500.JPEG,928,20260813
53147,n07614500_41213_n07614500.JPEG,928,20260813
53168,n04251144_9965_n04251144.JPEG,801,20260813
53188,n02112018_4792_n02112018.JPEG,259,20260813
53206,n02138441_9633_n02138441.JPEG,299,20260813
53219,n02669723_11325_n02669723.JPEG,400,20260813
53231,n04330267_14045_n04330267.JPEG,827,20260813
53242,n02747177_19502_n02747177.JPEG,412,20260813
53243,n02423022_528_n02423022.JPEG,353,20260813
53267,n01917289_5627_n01917289.JPEG,109,20260813
53281,n01532829_15103_n01532829.JPEG,12,20260813
53288,n01532829_14657_n01532829.JPEG,12,20260813
53307,n01978455_1196_n01978455.JPEG,119,20260813
53319,n03617480_8940_n03617480.JPEG,614,20260813
53337,n02493509_15247_n02493509.JPEG,380,20260813
53338,n03100240_12727_n03100240.JPEG,511,20260813
53434,n02071294_18913_n02071294.JPEG,148,20260813
53452,n01798484_8990_n01798484.JPEG,83,20260813
53454,n02860847_29528_n02860847.JPEG,450,20260813
53463,n01943899_31429_n01943899.JPEG,112,20260813
53469,n02892201_28028_n02892201.JPEG,458,20260813
53545,n03873416_51398_n03873416.JPEG,693,20260813
53570,n02643566_17975_n02643566.JPEG,396,20260813
53579,n02906734_3366_n02906734.JPEG,462,20260813
53622,n02417914_2363_n02417914.JPEG,350,20260813
53628,n07875152_1792_n07875152.JPEG,964,20260813
53683,n02526121_1736_n02526121.JPEG,390,20260813
53749,n01582220_2415_n01582220.JPEG,18,20260813
53795,n04209239_6448_n04209239.JPEG,794,20260813
53836,n04136333_8173_n04136333.JPEG,775,20260813
53873,n02481823_1887_n02481823.JPEG,367,20260813
53879,n04443257_20926_n04443257.JPEG,860,20260813
53880,n02105056_11338_n02105056.JPEG,224,20260813
53890,n02125311_11336_n02125311.JPEG,286,20260813
53895,n04392985_9856_n04392985.JPEG,848,20260813
53915,n03874293_12038_n03874293.JPEG,694,20260813
53956,n04037443_12903_n04037443.JPEG,751,20260813
53958,n01704323_8773_n01704323.JPEG,51,20260813
53964,n02894605_73362_n02894605.JPEG,460,20260813
53974,n02111889_1338_n02111889.JPEG,258,20260813
53979,n04200800_21236_n04200800.JPEG,788,20260813
53998,n02837789_23847_n02837789.JPEG,445,20260813
54052,n03345487_11918_n03345487.JPEG,555,20260813
54055,n01669191_7116_n01669191.JPEG,37,20260813
54076,n02089078_7803_n02089078.JPEG,165,20260813
54092,n02489166_10564_n02489166.JPEG,376,20260813
54113,n03793489_18_n03793489.JPEG,673,20260813
54129,n03000247_53032_n03000247.JPEG,490,20260813
54144,n09256479_5383_n09256479.JPEG,973,20260813
54164,n02097209_2112_n02097209.JPEG,198,20260813
54176,n04044716_6100_n04044716.JPEG,755,20260813
54184,n02102177_6947_n02102177.JPEG,218,20260813
54192,n02909870_29471_n02909870.JPEG,463,20260813
54209,n04208210_52961_n04208210.JPEG,792,20260813
54243,n04501370_8730_n04501370.JPEG,877,20260813
54261,n03977966_97364_n03977966.JPEG,734,20260813
54319,n02346627_4002_n02346627.JPEG,334,20260813
54347,n02104365_1359_n02104365.JPEG,223,20260813
54351,n01632777_3976_n01632777.JPEG,29,20260813
54359,n01774750_8546_n01774750.JPEG,76,20260813
54360,n03871628_5891_n03871628.JPEG,692,20260813
54374,n02009229_8044_n02009229.JPEG,131,20260813
54414,n02099429_1824_n02099429.JPEG,206,20260813
54418,n04179913_13089_n04179913.JPEG,786,20260813
54421,n04153751_2857_n04153751.JPEG,783,20260813
54422,n01537544_3718_n01537544.JPEG,14,20260813
54428,n01775062_1187_n01775062.JPEG,77,20260813
54452,n03494278_26163_n03494278.JPEG,593,20260813
54453,n03793489_9919_n03793489.JPEG,673,20260813
54490,n03961711_6963_n03961711.JPEG,729,20260813
54494,n02093859_1700_n02093859.JPEG,183,20260813
54501,n03424325_19330_n03424325.JPEG,570,20260813
54507,n02056570_8467_n02056570.JPEG,145,20260813
54513,n03443371_2235_n03443371.JPEG,572,20260813
54535,n02002724_5385_n02002724.JPEG,128,20260813
54540,n02100583_7762_n02100583.JPEG,211,20260813
54552,n03995372_13019_n03995372.JPEG,740,20260813
54562,n03930630_6961_n03930630.JPEG,717,20260813
54581,n02088364_6956_n02088364.JPEG,162,20260813
54644,n02111129_5608_n02111129.JPEG,255,20260813
54656,n03866082_1734_n03866082.JPEG,689,20260813
54661,n12620546_16601_n12620546.JPEG,989,20260813
54722,n01774750_9441_n01774750.JPEG,76,20260813
54745,n03670208_12757_n03670208.JPEG,627,20260813
54757,n02892201_30944_n02892201.JPEG,458,20260813
54760,n03444034_5927_n03444034.JPEG,573,20260813
54771,n01440764_13468_n01440764.JPEG,0,20260813
54774,n02113799_664_n02113799.JPEG,267,20260813
54807,n04398044_27180_n04398044.JPEG,849,20260813
54833,n04118538_7034_n04118538.JPEG,768,20260813
54839,n01630670_4703_n01630670.JPEG,26,20260813
54848,n02264363_8753_n02264363.JPEG,318,20260813
54850,n07753113_615_n07753113.JPEG,952,20260813
54861,n07747607_11725_n07747607.JPEG,950,20260813
54898,n01882714_7622_n01882714.JPEG,105,20260813
54908,n01797886_7847_n01797886.JPEG,82,20260813
54921,n02077923_2279_n02077923.JPEG,150,20260813
54932,n02319095_729_n02319095.JPEG,328,20260813
54940,n03961711_10227_n03961711.JPEG,729,20260813
54941,n02012849_36329_n02012849.JPEG,134,20260813
54984,n03991062_8214_n03991062.JPEG,738,20260813
54995,n02097130_1075_n02097130.JPEG,197,20260813
55003,n01751748_16931_n01751748.JPEG,65,20260813
55016,n04265275_5942_n04265275.JPEG,811,20260813
55034,n03814639_2835_n03814639.JPEG,678,20260813
55084,n09399592_46439_n09399592.JPEG,976,20260813
55086,n02730930_13533_n02730930.JPEG,411,20260813
55096,n03384352_10424_n03384352.JPEG,561,20260813
55102,n03785016_1180_n03785016.JPEG,665,20260813
55109,n02410509_2405_n02410509.JPEG,347,20260813
55119,n04070727_13221_n04070727.JPEG,760,20260813
55150,n02443114_13477_n02443114.JPEG,358,20260813
55163,n02437312_12643_n02437312.JPEG,354,20260813
55168,n04560804_13227_n04560804.JPEG,899,20260813
55170,n02096294_3025_n02096294.JPEG,193,20260813
55184,n01498041_12976_n01498041.JPEG,6,20260813
55235,n01560419_20253_n01560419.JPEG,16,20260813
55249,n03535780_1176_n03535780.JPEG,602,20260813
55260,n03207743_17251_n03207743.JPEG,533,20260813
55261,n07615774_14238_n07615774.JPEG,929,20260813
55296,n03782006_380_n03782006.JPEG,664,20260813
55310,n04296562_8602_n04296562.JPEG,819,20260813
55324,n02808304_14788_n02808304.JPEG,434,20260813
55330,n04404412_14991_n04404412.JPEG,851,20260813
55336,n03691459_41377_n03691459.JPEG,632,20260813
55344,n03733281_5307_n03733281.JPEG,646,20260813
55404,n02107908_3706_n02107908.JPEG,240,20260813
55411,n03661043_9404_n03661043.JPEG,624,20260813
55415,n03532672_3979_n03532672.JPEG,600,20260813
55436,n04476259_928_n04476259.JPEG,868,20260813
55473,n03785016_17181_n03785016.JPEG,665,20260813
55495,n02099601_5279_n02099601.JPEG,207,20260813
55497,n07697537_21893_n07697537.JPEG,934,20260813
55500,n04263257_3485_n04263257.JPEG,809,20260813
55539,n04009552_10371_n04009552.JPEG,745,20260813
55545,n02169497_10299_n02169497.JPEG,304,20260813
55569,n03770439_35434_n03770439.JPEG,655,20260813
55575,n04442312_2131_n04442312.JPEG,859,20260813
55582,n02087394_14022_n02087394.JPEG,159,20260813
55586,n03529860_4508_n03529860.JPEG,598,20260813
55591,n03445777_10141_n03445777.JPEG,574,20260813
55593,n02093991_3579_n02093991.JPEG,184,20260813
55624,n02906734_7514_n02906734.JPEG,462,20260813
55633,n01601694_24991_n01601694.JPEG,20,20260813
55639,n03857828_16398_n03857828.JPEG,688,20260813
55660,n02113712_2875_n02113712.JPEG,266,20260813
55663,n02804610_392_n02804610.JPEG,432,20260813
55765,n02106550_6130_n02106550.JPEG,234,20260813
55807,n01806567_666_n01806567.JPEG,85,20260813
55815,n02437616_11565_n02437616.JPEG,355,20260813
55818,n01818515_24069_n01818515.JPEG,88,20260813
55821,n03388043_5824_n03388043.JPEG,562,20260813
55826,n03141823_5273_n03141823.JPEG,523,20260813
55842,n02965783_7235_n02965783.JPEG,475,20260813
55869,n03201208_8796_n03201208.JPEG,532,20260813
55885,n03494278_40353_n03494278.JPEG,593,20260813
55929,n02086240_8857_n02086240.JPEG,155,20260813
55934,n03857828_18069_n03857828.JPEG,688,20260813
55953,n02769748_3242_n02769748.JPEG,414,20260813
55970,n03065424_141102_n03065424.JPEG,506,20260813
56012,n06794110_3074_n06794110.JPEG,919,20260813
56014,n01843065_2377_n01843065.JPEG,95,20260813
56032,n02747177_49094_n02747177.JPEG,412,20260813
56033,n02096294_2555_n02096294.JPEG,193,20260813
56038,n02097298_8305_n02097298.JPEG,199,20260813
56059,n03482405_28343_n03482405.JPEG,588,20260813
56132,n04254120_2148_n04254120.JPEG,804,20260813
56141,n03207941_4741_n03207941.JPEG,534,20260813
56175,n01688243_5666_n01688243.JPEG,43,20260813
56176,n01518878_2245_n01518878.JPEG,9,20260813
56190,n03042490_13527_n03042490.JPEG,500,20260813
56192,n03532672_22838_n03532672.JPEG,600,20260813
56199,n04517823_14619_n04517823.JPEG,882,20260813
56211,n01917289_2459_n01917289.JPEG,109,20260813
56220,n01537544_8842_n01537544.JPEG,14,20260813
56230,n03535780_29368_n03535780.JPEG,602,20260813
56264,n02927161_17739_n02927161.JPEG,467,20260813
56267,n01735189_4908_n01735189.JPEG,57,20260813
56274,n03017168_41147_n03017168.JPEG,494,20260813
56282,n02643566_4007_n02643566.JPEG,396,20260813
56305,n03995372_7322_n03995372.JPEG,740,20260813
56318,n04409515_14217_n04409515.JPEG,852,20260813
56322,n01644900_22093_n01644900.JPEG,32,20260813
56346,n06794110_4335_n06794110.JPEG,919,20260813
56368,n02077923_8805_n02077923.JPEG,150,20260813
56372,n02130308_2050_n02130308.JPEG,293,20260813
56392,n02403003_6957_n02403003.JPEG,345,20260813
56396,n02027492_7159_n02027492.JPEG,140,20260813
56404,n03877845_4654_n03877845.JPEG,698,20260813
56412,n03532672_9721_n03532672.JPEG,600,20260813
56452,n04370456_2322_n04370456.JPEG,841,20260813
56460,n03495258_15475_n03495258.JPEG,594,20260813
56491,n01728572_9004_n01728572.JPEG,52,20260813
56544,n02107142_16514_n02107142.JPEG,236,20260813
56553,n07583066_5618_n07583066.JPEG,924,20260813
56557,n03759954_21572_n03759954.JPEG,650,20260813
56596,n04467665_41_n04467665.JPEG,867,20260813
56602,n04604644_9899_n04604644.JPEG,912,20260813
56603,n03047690_46022_n03047690.JPEG,502,20260813
56618,n02107312_1124_n02107312.JPEG,237,20260813
56642,n02128385_6032_n02128385.JPEG,288,20260813
56659,n02231487_1359_n02231487.JPEG,313,20260813
56678,n07768694_5814_n07768694.JPEG,957,20260813
56682,n03425413_13403_n03425413.JPEG,571,20260813
56697,n02088466_1879_n02088466.JPEG,163,20260813
56714,n02105855_7726_n02105855.JPEG,230,20260813
56723,n04548362_13755_n04548362.JPEG,893,20260813
56724,n02113799_3906_n02113799.JPEG,267,20260813
56745,n03742115_25409_n03742115.JPEG,648,20260813
56749,n02108915_4582_n02108915.JPEG,245,20260813
56768,n02790996_9758_n02790996.JPEG,422,20260813
56774,n03028079_2014_n03028079.JPEG,497,20260813
56780,n03496892_38854_n03496892.JPEG,595,20260813
56793,n02106382_4583_n02106382.JPEG,233,20260813
56809,n04350905_126799_n04350905.JPEG,834,20260813
56839,n03942813_8077_n03942813.JPEG,722,20260813
56843,n02110958_10770_n02110958.JPEG,254,20260813
56850,n02493793_3435_n02493793.JPEG,381,20260813
56872,n01641577_8916_n01641577.JPEG,30,20260813
56888,n04507155_3288_n04507155.JPEG,879,20260813
56934,n04479046_12771_n04479046.JPEG,869,20260813
56959,n07745940_18687_n07745940.JPEG,949,20260813
56966,n03445777_4348_n03445777.JPEG,574,20260813
56972,n01498041_260_n01498041.JPEG,6,20260813
57008,n01693334_7480_n01693334.JPEG,46,20260813
57026,n02791124_7572_n02791124.JPEG,423,20260813
57045,n02835271_11774_n02835271.JPEG,444,20260813
57067,n03814639_10833_n03814639.JPEG,678,20260813
57074,n02666196_16176_n02666196.JPEG,398,20260813
57088,n02769748_6686_n02769748.JPEG,414,20260813
57089,n04487394_21925_n04487394.JPEG,875,20260813
57097,n01664065_8824_n01664065.JPEG,33,20260813
57100,n02843684_9682_n02843684.JPEG,448,20260813
57129,n02006656_9837_n02006656.JPEG,129,20260813
57196,n03160309_27313_n03160309.JPEG,525,20260813
57201,n04239074_23135_n04239074.JPEG,799,20260813
57208,n02441942_2807_n02441942.JPEG,356,20260813
57228,n02110063_9360_n02110063.JPEG,249,20260813
57230,n09229709_45734_n09229709.JPEG,971,20260813
57242,n02815834_561_n02815834.JPEG,438,20260813
57247,n03775546_9599_n03775546.JPEG,659,20260813
57278,n02786058_9944_n02786058.JPEG,419,20260813
57282,n01748264_20955_n01748264.JPEG,63,20260813
57296,n02098286_2836_n02098286.JPEG,203,20260813
57307,n02797295_2388_n02797295.JPEG,428,20260813
57309,n02002724_79_n02002724.JPEG,128,20260813
57314,n07565083_7010_n07565083.JPEG,922,20260813
57350,n01773797_1947_n01773797.JPEG,74,20260813
57351,n01667114_2662_n01667114.JPEG,35,20260813
57371,n02408429_15103_n02408429.JPEG,346,20260813
57402,n03388043_15153_n03388043.JPEG,562,20260813
57413,n02791270_8467_n02791270.JPEG,424,20260813
57430,n01770081_3052_n01770081.JPEG,70,20260813
57451,n03720891_12446_n03720891.JPEG,641,20260813
57454,n02895154_25522_n02895154.JPEG,461,20260813
57455,n01632458_4915_n01632458.JPEG,28,20260813
57459,n02110185_10583_n02110185.JPEG,250,20260813
57485,n02883205_23516_n02883205.JPEG,457,20260813
57487,n02799071_16869_n02799071.JPEG,429,20260813
57491,n02165456_4647_n02165456.JPEG,301,20260813
57528,n02116738_19388_n02116738.JPEG,275,20260813
57535,n01796340_19614_n01796340.JPEG,81,20260813
57542,n02085782_1199_n02085782.JPEG,152,20260813
57567,n03425413_22005_n03425413.JPEG,571,20260813
57568,n04347754_41573_n04347754.JPEG,833,20260813
57572,n04505470_5126_n04505470.JPEG,878,20260813
57601,n07579787_2589_n07579787.JPEG,923,20260813
57602,n02457408_3511_n02457408.JPEG,364,20260813
57615,n02979186_1114_n02979186.JPEG,482,20260813
57632,n02108551_3652_n02108551.JPEG,244,20260813
57641,n02111500_9266_n02111500.JPEG,257,20260813
57680,n07717556_2808_n07717556.JPEG,942,20260813
57688,n02102973_5225_n02102973.JPEG,221,20260813
57695,n02100877_1723_n02100877.JPEG,213,20260813
57707,n02410509_2466_n02410509.JPEG,347,20260813
57754,n02415577_8046_n02415577.JPEG,349,20260813
57766,n03796401_24365_n03796401.JPEG,675,20260813
57770,n01608432_26087_n01608432.JPEG,21,20260813
57796,n02793495_12558_n02793495.JPEG,425,20260813
57807,n02481823_21_n02481823.JPEG,367,20260813
57834,n01558993_10829_n01558993.JPEG,15,20260813
57919,n02128385_17362_n02128385.JPEG,288,20260813
57937,n04208210_45622_n04208210.JPEG,792,20260813
57940,n03297495_13800_n03297495.JPEG,550,20260813
57969,n02097047_6534_n02097047.JPEG,196,20260813
57983,n03599486_26665_n03599486.JPEG,612,20260813
57985,n03063689_11035_n03063689.JPEG,505,20260813
57990,n02276258_7044_n02276258.JPEG,321,20260813
58017,n01629819_3001_n01629819.JPEG,25,20260813
58018,n03983396_11520_n03983396.JPEG,737,20260813
58020,n02948072_34504_n02948072.JPEG,470,20260813
58043,n06596364_15460_n06596364.JPEG,917,20260813
58051,n03085013_23354_n03085013.JPEG,508,20260813
58068,n03197337_1999_n03197337.JPEG,531,20260813
58080,n03787032_6136_n03787032.JPEG,667,20260813
58089,n03388549_11379_n03388549.JPEG,564,20260813
58091,n01914609_17882_n01914609.JPEG,108,20260813
58098,n07716358_16343_n07716358.JPEG,939,20260813
58107,n01440764_3011_n01440764.JPEG,0,20260813
58108,n02769748_37924_n02769748.JPEG,414,20260813
58117,n01843065_12073_n01843065.JPEG,95,20260813
58120,n01773157_1660_n01773157.JPEG,72,20260813
58123,n02128925_24196_n02128925.JPEG,290,20260813
58132,n01614925_3568_n01614925.JPEG,22,20260813
58150,n07730033_1419_n07730033.JPEG,946,20260813
58159,n01592084_5315_n01592084.JPEG,19,20260813
58163,n03259280_10121_n03259280.JPEG,544,20260813
58195,n03777754_17850_n03777754.JPEG,662,20260813
58205,n03673027_1231_n03673027.JPEG,628,20260813
58209,n02096437_1838_n02096437.JPEG,194,20260813
58233,n03899768_59977_n03899768.JPEG,706,20260813
58240,n04554684_58652_n04554684.JPEG,897,20260813
58245,n03785016_27114_n03785016.JPEG,665,20260813
58258,n04554684_48588_n04554684.JPEG,897,20260813
58272,n03770679_8416_n03770679.JPEG,656,20260813
58275,n02094433_20309_n02094433.JPEG,187,20260813
58276,n07248320_1104_n07248320.JPEG,921,20260813
58277,n02071294_189_n02071294.JPEG,148,20260813
58279,n01729977_8127_n01729977.JPEG,55,20260813
58310,n02093256_6976_n02093256.JPEG,179,20260813
58333,n03777754_9736_n03777754.JPEG,662,20260813
58344,n04099969_9140_n04099969.JPEG,765,20260813
58377,n07695742_936_n07695742.JPEG,932,20260813
58438,n04325704_3678_n04325704.JPEG,824,20260813
58471,n02009912_16067_n02009912.JPEG,132,20260813
58480,n02098413_4038_n02098413.JPEG,204,20260813
58483,n04465501_1944_n04465501.JPEG,866,20260813
58484,n03980874_15811_n03980874.JPEG,735,20260813
58520,n01631663_10387_n01631663.JPEG,27,20260813
58529,n04380533_2160_n04380533.JPEG,846,20260813
58530,n01693334_4329_n01693334.JPEG,46,20260813
58543,n02454379_9344_n02454379.JPEG,363,20260813
58592,n03899768_16451_n03899768.JPEG,706,20260813
58628,n07718472_28212_n07718472.JPEG,943,20260813
58633,n03982430_21602_n03982430.JPEG,736,20260813
58665,n04560804_15701_n04560804.JPEG,899,20260813
58684,n02169497_3044_n02169497.JPEG,304,20260813
58709,n02403003_3454_n02403003.JPEG,345,20260813
58725,n03998194_10272_n03998194.JPEG,741,20260813
58727,n04399382_7395_n04399382.JPEG,850,20260813
58736,n02133161_820_n02133161.JPEG,295,20260813
58762,n02111129_3115_n02111129.JPEG,255,20260813
58768,n04125021_4200_n04125021.JPEG,771,20260813
58782,n03793489_1807_n03793489.JPEG,673,20260813
58783,n04070727_54331_n04070727.JPEG,760,20260813
58791,n04418357_3544_n04418357.JPEG,854,20260813
58792,n02526121_1136_n02526121.JPEG,390,20260813
58806,n04399382_34716_n04399382.JPEG,850,20260813
58859,n04131690_2627_n04131690.JPEG,773,20260813
58862,n02088364_2456_n02088364.JPEG,162,20260813
58879,n03400231_22340_n03400231.JPEG,567,20260813
58883,n02641379_1000_n02641379.JPEG,395,20260813
58888,n03535780_19668_n03535780.JPEG,602,20260813
58892,n02640242_19372_n02640242.JPEG,394,20260813
58896,n02111129_371_n02111129.JPEG,255,20260813
58933,n04039381_9282_n04039381.JPEG,752,20260813
58941,n04118776_33542_n04118776.JPEG,769,20260813
58953,n03532672_7663_n03532672.JPEG,600,20260813
59010,n04266014_11591_n04266014.JPEG,812,20260813
59014,n04317175_10104_n04317175.JPEG,823,20260813
59024,n02492660_8576_n02492660.JPEG,379,20260813
59031,n01807496_20537_n01807496.JPEG,86,20260813
59078,n03929660_6380_n03929660.JPEG,714,20260813
59084,n07590611_5011_n07590611.JPEG,926,20260813
59129,n01817953_4613_n01817953.JPEG,87,20260813
59137,n02114855_1237_n02114855.JPEG,272,20260813
59171,n02395406_13962_n02395406.JPEG,341,20260813
59183,n02281406_3700_n02281406.JPEG,325,20260813
59206,n01614925_7866_n01614925.JPEG,22,20260813
59210,n04266014_1010_n04266014.JPEG,812,20260813
59212,n04355338_2763_n04355338.JPEG,835,20260813
59218,n02493509_22706_n02493509.JPEG,380,20260813
59250,n07684084_1989_n07684084.JPEG,930,20260813
59253,n04131690_5947_n04131690.JPEG,773,20260813
59259,n02364673_17766_n02364673.JPEG,338,20260813
59318,n02028035_12645_n02028035.JPEG,141,20260813
59321,n01796340_13874_n01796340.JPEG,81,20260813
59324,n02106662_51034_n02106662.JPEG,235,20260813
59329,n03759954_2078_n03759954.JPEG,650,20260813
59346,n06596364_18532_n06596364.JPEG,917,20260813
59352,n03000684_24620_n03000684.JPEG,491,20260813
59362,n01945685_8032_n01945685.JPEG,114,20260813
59367,n03538406_4379_n03538406.JPEG,603,20260813
59371,n01728572_49_n01728572.JPEG,52,20260813
59423,n02791124_10260_n02791124.JPEG,423,20260813
59429,n02791270_11231_n02791270.JPEG,424,20260813
59463,n07920052_7860_n07920052.JPEG,967,20260813
59466,n03937543_5401_n03937543.JPEG,720,20260813
59489,n02321529_1885_n02321529.JPEG,329,20260813
59498,n02869837_11142_n02869837.JPEG,452,20260813
59539,n07714990_244_n07714990.JPEG,937,20260813
59541,n03804744_4701_n03804744.JPEG,677,20260813
59544,n02488702_1426_n02488702.JPEG,375,20260813
59550,n07836838_10875_n07836838.JPEG,960,20260813
59551,n03950228_22933_n03950228.JPEG,725,20260813
59578,n01518878_20802_n01518878.JPEG,9,20260813
59590,n03954731_15138_n03954731.JPEG,726,20260813
59598,n02259212_5837_n02259212.JPEG,317,20260813
59608,n04404412_18948_n04404412.JPEG,851,20260813
59634,n04493381_22375_n04493381.JPEG,876,20260813
59660,n01534433_4614_n01534433.JPEG,13,20260813
59662,n03950228_29532_n03950228.JPEG,725,20260813
59681,n03942813_9687_n03942813.JPEG,722,20260813
59705,n04336792_15503_n04336792.JPEG,830,20260813
59747,n04311174_2119_n04311174.JPEG,822,20260813
59769,n03637318_7440_n03637318.JPEG,619,20260813
59781,n03478589_14160_n03478589.JPEG,586,20260813
59785,n02113023_7292_n02113023.JPEG,263,20260813
59795,n07860988_2319_n07860988.JPEG,961,20260813
59802,n02454379_4047_n02454379.JPEG,363,20260813
59806,n03047690_41696_n03047690.JPEG,502,20260813
59812,n02808440_3698_n02808440.JPEG,435,20260813
59813,n02422699_10025_n02422699.JPEG,352,20260813
59821,n04525038_1645_n04525038.JPEG,885,20260813
59867,n03937543_4505_n03937543.JPEG,720,20260813
59873,n01774750_9986_n01774750.JPEG,76,20260813
59882,n02859443_6958_n02859443.JPEG,449,20260813
59889,n02027492_6585_n02027492.JPEG,140,20260813
59911,n04039381_12265_n04039381.JPEG,752,20260813
59939,n07753113_3067_n07753113.JPEG,952,20260813
59950,n04258138_6523_n04258138.JPEG,807,20260813
59964,n02797295_7033_n02797295.JPEG,428,20260813
59992,n02106662_1841_n02106662.JPEG,235,20260813
60015,n02965783_62_n02965783.JPEG,475,20260813
60026,n04259630_6543_n04259630.JPEG,808,20260813
60033,n03895866_110924_n03895866.JPEG,705,20260813
60042,n02978881_9411_n02978881.JPEG,481,20260813
60048,n03450230_34706_n03450230.JPEG,578,20260813
60083,n02092339_2316_n02092339.JPEG,178,20260813
60093,n02364673_1155_n02364673.JPEG,338,20260813
60099,n01798484_14404_n01798484.JPEG,83,20260813
60153,n02840245_10577_n02840245.JPEG,446,20260813
60170,n02095889_14832_n02095889.JPEG,190,20260813
60180,n01819313_6941_n01819313.JPEG,89,20260813
60181,n04515003_31197_n04515003.JPEG,881,20260813
60191,n02091635_10551_n02091635.JPEG,175,20260813
60196,n02389026_9832_n02389026.JPEG,339,20260813
60203,n02088238_12293_n02088238.JPEG,161,20260813
60208,n12985857_4169_n12985857.JPEG,991,20260813
60222,n04086273_22777_n04086273.JPEG,763,20260813
60223,n03124170_12324_n03124170.JPEG,515,20260813
60237,n04542943_2324_n04542943.JPEG,891,20260813
60254,n01739381_1360_n01739381.JPEG,59,20260813
60257,n03496892_16543_n03496892.JPEG,595,20260813
60264,n01986214_1859_n01986214.JPEG,125,20260813
60289,n02447366_6451_n02447366.JPEG,362,20260813
60298,n02910353_23925_n02910353.JPEG,464,20260813
60299,n02112137_2809_n02112137.JPEG,260,20260813
60305,n01753488_4587_n01753488.JPEG,66,20260813
60309,n03935335_6626_n03935335.JPEG,719,20260813
60344,n01667114_5208_n01667114.JPEG,35,20260813
60358,n03089624_23909_n03089624.JPEG,509,20260813
60370,n03920288_1932_n03920288.JPEG,712,20260813
60386,n03065424_1075_n03065424.JPEG,506,20260813
60441,n03617480_10460_n03617480.JPEG,614,20260813
60450,n04209133_1609_n04209133.JPEG,793,20260813
60455,n04201297_7585_n04201297.JPEG,789,20260813
60484,n02837789_2415_n02837789.JPEG,445,20260813
60497,n01855032_4590_n01855032.JPEG,98,20260813
60498,n01688243_14_n01688243.JPEG,43,20260813
60571,n06359193_51062_n06359193.JPEG,916,20260813
60577,n03976657_24134_n03976657.JPEG,733,20260813
60605,n02108915_4922_n02108915.JPEG,245,20260813
60618,n02441942_1905_n02441942.JPEG,356,20260813
60622,n02391049_379_n02391049.JPEG,340,20260813
60623,n02093859_2885_n02093859.JPEG,183,20260813
60637,n02666196_14448_n02666196.JPEG,398,20260813
60646,n01496331_29524_n01496331.JPEG,5,20260813
60664,n02051845_1313_n02051845.JPEG,144,20260813
60688,n02096585_2502_n02096585.JPEG,195,20260813
60691,n09288635_11389_n09288635.JPEG,974,20260813
60693,n01697457_14308_n01697457.JPEG,49,20260813
60723,n02276258_23131_n02276258.JPEG,321,20260813
60733,n02100735_1209_n02100735.JPEG,212,20260813
60753,n07745940_12326_n07745940.JPEG,949,20260813
60761,n03956157_34525_n03956157.JPEG,727,20260813
60782,n13037406_1752_n13037406.JPEG,993,20260813
60783,n01669191_8882_n01669191.JPEG,37,20260813
60792,n04350905_5653_n04350905.JPEG,834,20260813
60815,n04008634_17108_n04008634.JPEG,744,20260813
60832,n07717556_11329_n07717556.JPEG,942,20260813
60860,n03062245_15044_n03062245.JPEG,503,20260813
60913,n02112350_2001_n02112350.JPEG,261,20260813
60935,n09332890_11447_n09332890.JPEG,975,20260813
60958,n01616318_9556_n01616318.JPEG,23,20260813
60967,n02412080_39644_n02412080.JPEG,348,20260813
60969,n03372029_13859_n03372029.JPEG,558,20260813
60985,n02672831_30951_n02672831.JPEG,401,20260813
60989,n02096051_3427_n02096051.JPEG,191,20260813
61007,n01873310_47040_n01873310.JPEG,103,20260813
61018,n01644373_10106_n01644373.JPEG,31,20260813
61025,n03991062_8523_n03991062.JPEG,738,20260813
61054,n03777568_13553_n03777568.JPEG,661,20260813
61095,n04501370_17673_n04501370.JPEG,877,20260813
61101,n06785654_15265_n06785654.JPEG,918,20260813
61115,n03041632_10263_n03041632.JPEG,499,20260813
61119,n04152593_17647_n04152593.JPEG,782,20260813
61124,n02676566_5480_n02676566.JPEG,402,20260813
61152,n03983396_2114_n03983396.JPEG,737,20260813
61196,n03877472_566_n03877472.JPEG,697,20260813
61202,n02058221_3948_n02058221.JPEG,146,20260813
61248,n04392985_4477_n04392985.JPEG,848,20260813
61267,n02988304_5712_n02988304.JPEG,485,20260813
61269,n01944390_2531_n01944390.JPEG,113,20260813
61271,n02504013_3258_n02504013.JPEG,385,20260813
61276,n02447366_5586_n02447366.JPEG,362,20260813
61305,n03089624_13480_n03089624.JPEG,509,20260813
61324,n07695742_7198_n07695742.JPEG,932,20260813
61330,n02443114_7266_n02443114.JPEG,358,20260813
61355,n07248320_10021_n07248320.JPEG,921,20260813
61372,n03877472_33774_n03877472.JPEG,697,20260813
61386,n09472597_37593_n09472597.JPEG,980,20260813
61387,n02167151_11503_n02167151.JPEG,302,20260813
61400,n03991062_10027_n03991062.JPEG,738,20260813
61403,n01882714_30683_n01882714.JPEG,105,20260813
61405,n03272562_4785_n03272562.JPEG,547,20260813
61422,n02096177_5206_n02096177.JPEG,192,20260813
61428,n09332890_45747_n09332890.JPEG,975,20260813
61430,n12057211_6326_n12057211.JPEG,986,20260813
61464,n01968897_25802_n01968897.JPEG,117,20260813
61477,n12985857_3528_n12985857.JPEG,991,20260813
61493,n02951585_25912_n02951585.JPEG,473,20260813
61511,n02138441_11719_n02138441.JPEG,299,20260813
61528,n02500267_14503_n02500267.JPEG,384,20260813
61552,n04590129_9768_n04590129.JPEG,905,20260813
61569,n01622779_6767_n01622779.JPEG,24,20260813
61580,n03476991_37026_n03476991.JPEG,585,20260813
61615,n04376876_9626_n04376876.JPEG,845,20260813
61617,n02655020_7289_n02655020.JPEG,397,20260813
61665,n02007558_11108_n02007558.JPEG,130,20260813
61666,n01498041_8641_n01498041.JPEG,6,20260813
61667,n07697537_1224_n07697537.JPEG,934,20260813
61668,n02672831_12435_n02672831.JPEG,401,20260813
61702,n02950826_34731_n02950826.JPEG,471,20260813
61706,n02782093_3894_n02782093.JPEG,417,20260813
61735,n07932039_19808_n07932039.JPEG,969,20260813
61771,n01491361_4795_n01491361.JPEG,3,20260813
61773,n04153751_1259_n04153751.JPEG,783,20260813
61816,n04597913_8414_n04597913.JPEG,910,20260813
61819,n02256656_11364_n02256656.JPEG,316,20260813
61850,n03775071_11032_n03775071.JPEG,658,20260813
61858,n02981792_9178_n02981792.JPEG,484,20260813
61864,n03733805_24156_n03733805.JPEG,647,20260813
61882,n02051845_19121_n02051845.JPEG,144,20260813
61886,n03584829_7829_n03584829.JPEG,606,20260813
61901,n03763968_9951_n03763968.JPEG,652,20260813
61906,n01978455_4846_n01978455.JPEG,119,20260813
61932,n02909870_46097_n02909870.JPEG,463,20260813
61939,n02114548_6220_n02114548.JPEG,270,20260813
61946,n02444819_4662_n02444819.JPEG,360,20260813
61947,n03791053_8734_n03791053.JPEG,670,20260813
61956,n02488291_5996_n02488291.JPEG,374,20260813
61968,n03642806_30549_n03642806.JPEG,620,20260813
61970,n03197337_996_n03197337.JPEG,531,20260813
61977,n02088094_3716_n02088094.JPEG,160,20260813
61995,n02093859_4862_n02093859.JPEG,183,20260813
62000,n03271574_2039_n03271574.JPEG,545,20260813
62038,n01860187_1205_n01860187.JPEG,100,20260813
62078,n02009912_6928_n02009912.JPEG,132,20260813
62080,n13040303_1754_n13040303.JPEG,994,20260813
62087,n13054560_1600_n13054560.JPEG,997,20260813
62095,n02107574_5584_n02107574.JPEG,238,20260813
62108,n07749582_1810_n07749582.JPEG,951,20260813
62129,n03417042_18268_n03417042.JPEG,569,20260813
62170,n02389026_8718_n02389026.JPEG,339,20260813
62193,n04596742_15277_n04596742.JPEG,909,20260813
62204,n02395406_18914_n02395406.JPEG,341,20260813
62239,n03160309_75840_n03160309.JPEG,525,20260813
62253,n03775546_2026_n03775546.JPEG,659,20260813
62266,n04251144_31570_n04251144.JPEG,801,20260813
62298,n03482405_31469_n03482405.JPEG,588,20260813
62311,n02102177_2438_n02102177.JPEG,218,20260813
62337,n03476991_5978_n03476991.JPEG,585,20260813
62372,n02110185_7094_n02110185.JPEG,250,20260813
62399,n02966193_16515_n02966193.JPEG,476,20260813
62404,n04131690_8582_n04131690.JPEG,773,20260813
62444,n03617480_10345_n03617480.JPEG,614,20260813
62453,n02108089_1355_n02108089.JPEG,242,20260813
62456,n01697457_16325_n01697457.JPEG,49,20260813
62473,n07932039_22296_n07932039.JPEG,969,20260813
62480,n02808304_14582_n02808304.JPEG,434,20260813
62481,n03764736_4873_n03764736.JPEG,653,20260813
62494,n02097209_7107_n02097209.JPEG,198,20260813
62538,n04493381_3606_n04493381.JPEG,876,20260813
62557,n04252225_1110_n04252225.JPEG,803,20260813
62581,n02342885_4427_n02342885.JPEG,333,20260813
62606,n02795169_8112_n02795169.JPEG,427,20260813
62644,n03825788_5758_n03825788.JPEG,680,20260813
62674,n03884397_14820_n03884397.JPEG,699,20260813
62690,n02259212_388_n02259212.JPEG,317,20260813
62731,n04141327_7559_n04141327.JPEG,777,20260813
62736,n01728920_15585_n01728920.JPEG,53,20260813
62760,n02167151_11278_n02167151.JPEG,302,20260813
62775,n04604644_9889_n04604644.JPEG,912,20260813
62789,n01978287_3572_n01978287.JPEG,118,20260813
62817,n03657121_13477_n03657121.JPEG,622,20260813
62853,n02815834_1600_n02815834.JPEG,438,20260813
62880,n04597913_4056_n04597913.JPEG,910,20260813
62903,n02105641_8004_n02105641.JPEG,229,20260813
62938,n01669191_9484_n01669191.JPEG,37,20260813
62942,n02843684_4308_n02843684.JPEG,448,20260813
62971,n03240683_15060_n03240683.JPEG,540,20260813
62997,n09835506_16920_n09835506.JPEG,981,20260813
63017,n03485407_4765_n03485407.JPEG,590,20260813
63042,n02321529_12007_n02321529.JPEG,329,20260813
63046,n07248320_2550_n07248320.JPEG,921,20260813
63051,n04208210_39988_n04208210.JPEG,792,20260813
63083,n03761084_9548_n03761084.JPEG,651,20260813
63090,n04462240_9290_n04462240.JPEG,865,20260813
63096,n02109961_1948_n02109961.JPEG,248,20260813
63107,n01667778_9019_n01667778.JPEG,36,20260813
63121,n02113023_6709_n02113023.JPEG,263,20260813
63162,n04485082_1549_n04485082.JPEG,872,20260813
63163,n12985857_1860_n12985857.JPEG,991,20260813
63174,n02814860_12486_n02814860.JPEG,437,20260813
63198,n02115641_6161_n02115641.JPEG,273,20260813
63204,n02206856_7240_n02206856.JPEG,309,20260813
63211,n01833805_3680_n01833805.JPEG,94,20260813
63234,n03126707_20504_n03126707.JPEG,517,20260813
63240,n02017213_3646_n02017213.JPEG,136,20260813
63301,n04149813_16467_n04149813.JPEG,781,20260813
63324,n02492035_5945_n02492035.JPEG,378,20260813
63335,n02105251_3741_n02105251.JPEG,226,20260813
63345,n03417042_6662_n03417042.JPEG,569,20260813
63390,n02892767_20960_n02892767.JPEG,459,20260813
63428,n01930112_13411_n01930112.JPEG,111,20260813
63447,n04040759_6159_n04040759.JPEG,753,20260813
63449,n07614500_70565_n07614500.JPEG,928,20260813
63472,n04487394_10045_n04487394.JPEG,875,20260813
63542,n03843555_2247_n03843555.JPEG,686,20260813
63546,n02395406_13966_n02395406.JPEG,341,20260813
63552,n02641379_30047_n02641379.JPEG,395,20260813
63558,n01806567_8185_n01806567.JPEG,85,20260813
63563,n07615774_25322_n07615774.JPEG,929,20260813
63573,n02226429_708_n02226429.JPEG,311,20260813
63588,n04118538_20316_n04118538.JPEG,768,20260813
63596,n02098413_3603_n02098413.JPEG,204,20260813
63623,n02799071_33873_n02799071.JPEG,429,20260813
63635,n03485794_45530_n03485794.JPEG,591,20260813
63659,n04254680_8263_n04254680.JPEG,805,20260813
63660,n04350905_24956_n04350905.JPEG,834,20260813
63704,n02130308_2425_n02130308.JPEG,293,20260813
63770,n04458633_7612_n04458633.JPEG,863,20260813
63798,n01986214_5799_n01986214.JPEG,125,20260813
63811,n02127052_38286_n02127052.JPEG,287,20260813
63812,n03692522_23555_n03692522.JPEG,633,20260813
63815,n02093428_6194_n02093428.JPEG,180,20260813
63845,n04111531_9779_n04111531.JPEG,766,20260813
63862,n02085936_7309_n02085936.JPEG,153,20260813
63881,n04501370_2396_n04501370.JPEG,877,20260813
63893,n02033041_6563_n02033041.JPEG,142,20260813
63894,n04344873_4288_n04344873.JPEG,831,20260813
63903,n03838899_251_n03838899.JPEG,683,20260813
63909,n02860847_19164_n02860847.JPEG,450,20260813
63922,n03967562_26288_n03967562.JPEG,730,20260813
63940,n04116512_43595_n04116512.JPEG,767,20260813
63941,n03658185_52505_n03658185.JPEG,623,20260813
63949,n03400231_21977_n03400231.JPEG,567,20260813
63954,n04074963_15171_n04074963.JPEG,761,20260813
63964,n04584207_13328_n04584207.JPEG,903,20260813
63980,n02099712_5455_n02099712.JPEG,208,20260813
63986,n02423022_5397_n02423022.JPEG,353,20260813
64002,n01980166_9467_n01980166.JPEG,120,20260813
64035,n04141076_36749_n04141076.JPEG,776,20260813
64059,n01632777_11336_n01632777.JPEG,29,20260813
64071,n04239074_2599_n04239074.JPEG,799,20260813
64081,n04019541_2219_n04019541.JPEG,746,20260813
64083,n04040759_9911_n04040759.JPEG,753,20260813
64085,n02094114_1790_n02094114.JPEG,185,20260813
64105,n02981792_447_n02981792.JPEG,484,20260813
64117,n02807133_23696_n02807133.JPEG,433,20260813
64122,n03240683_779_n03240683.JPEG,540,20260813
64179,n02364673_563_n02364673.JPEG,338,20260813
64193,n03534580_21516_n03534580.JPEG,601,20260813
64220,n02165105_169_n02165105.JPEG,300,20260813
64237,n01748264_12066_n01748264.JPEG,63,20260813
64245,n01774384_6562_n01774384.JPEG,75,20260813
64251,n04286575_13898_n04286575.JPEG,818,20260813
64254,n07930864_29098_n07930864.JPEG,968,20260813
64296,n02002556_1779_n02002556.JPEG,127,20260813
64298,n02099849_8742_n02099849.JPEG,209,20260813
64387,n02669723_12466_n02669723.JPEG,400,20260813
64400,n03444034_1232_n03444034.JPEG,573,20260813
64402,n02112137_1424_n02112137.JPEG,260,20260813
64410,n02190166_9411_n02190166.JPEG,308,20260813
64433,n04483307_4201_n04483307.JPEG,871,20260813
64435,n03492542_14076_n03492542.JPEG,592,20260813
64442,n02514041_13808_n02514041.JPEG,389,20260813
64476,n03485407_3464_n03485407.JPEG,590,20260813
64492,n02088094_2956_n02088094.JPEG,160,20260813
64493,n02089973_5553_n02089973.JPEG,167,20260813
64522,n04277352_2462_n04277352.JPEG,816,20260813
64537,n02033041_7432_n02033041.JPEG,142,20260813
64593,n07760859_5896_n07760859.JPEG,956,20260813
64622,n03764736_10826_n03764736.JPEG,653,20260813
64634,n03131574_10929_n03131574.JPEG,520,20260813
64659,n03908618_9996_n03908618.JPEG,709,20260813
64691,n02106662_253_n02106662.JPEG,235,20260813
64696,n03291819_25832_n03291819.JPEG,549,20260813
64697,n01807496_10944_n01807496.JPEG,86,20260813
64700,n02091244_1674_n02091244.JPEG,173,20260813
64709,n02106030_9266_n02106030.JPEG,231,20260813
64742,n02110185_4522_n02110185.JPEG,250,20260813
64751,n02090379_1308_n02090379.JPEG,168,20260813
64766,n01807496_18152_n01807496.JPEG,86,20260813
64788,n02791124_15675_n02791124.JPEG,423,20260813
64800,n07875152_1827_n07875152.JPEG,964,20260813
64808,n03188531_8585_n03188531.JPEG,529,20260813
64813,n02484975_13448_n02484975.JPEG,370,20260813
64821,n02795169_79953_n02795169.JPEG,427,20260813
64844,n04409515_3304_n04409515.JPEG,852,20260813
64846,n02128757_10821_n02128757.JPEG,289,20260813
64852,n03584829_25723_n03584829.JPEG,606,20260813
64884,n03495258_8898_n03495258.JPEG,594,20260813
64889,n07590611_13243_n07590611.JPEG,926,20260813
64909,n03891251_1408_n03891251.JPEG,703,20260813
64933,n03742115_15298_n03742115.JPEG,648,20260813
64944,n04392985_2030_n04392985.JPEG,848,20260813
64951,n01818515_10229_n01818515.JPEG,88,20260813
64955,n04118776_45529_n04118776.JPEG,769,20260813
64956,n03495258_5180_n03495258.JPEG,594,20260813
64964,n02804610_18505_n02804610.JPEG,432,20260813
64967,n07754684_14706_n07754684.JPEG,955,20260813
64971,n01828970_22936_n01828970.JPEG,92,20260813
65013,n02346627_14092_n02346627.JPEG,334,20260813
65027,n03657121_29619_n03657121.JPEG,622,20260813
65040,n03584829_11310_n03584829.JPEG,606,20260813
65052,n02089078_5466_n02089078.JPEG,165,20260813
65077,n02701002_18372_n02701002.JPEG,407,20260813
65078,n07590611_6905_n07590611.JPEG,926,20260813
65084,n01737021_24466_n01737021.JPEG,58,20260813
65085,n04509417_5506_n04509417.JPEG,880,20260813
65103,n02123045_10838_n02123045.JPEG,281,20260813
65111,n02102480_11207_n02102480.JPEG,220,20260813
65142,n03977966_29235_n03977966.JPEG,734,20260813
65144,n01770393_1748_n01770393.JPEG,71,20260813
65158,n02487347_3568_n02487347.JPEG,373,20260813
65175,n02013706_20640_n02013706.JPEG,135,20260813
65203,n02099849_8793_n02099849.JPEG,209,20260813
65204,n02086646_6126_n02086646.JPEG,156,20260813
65212,n04589890_8028_n04589890.JPEG,904,20260813
65221,n02091244_9357_n02091244.JPEG,173,20260813
65222,n03400231_6083_n03400231.JPEG,567,20260813
65227,n03775071_7959_n03775071.JPEG,658,20260813
65253,n03742115_12909_n03742115.JPEG,648,20260813
65256,n01843065_608_n01843065.JPEG,95,20260813
65258,n04376876_8642_n04376876.JPEG,845,20260813
65265,n03047690_1686_n03047690.JPEG,502,20260813
65271,n03887697_7437_n03887697.JPEG,700,20260813
65275,n03720891_27174_n03720891.JPEG,641,20260813
65293,n04310018_10106_n04310018.JPEG,820,20260813
65296,n02108551_8227_n02108551.JPEG,244,20260813
65301,n02879718_6031_n02879718.JPEG,456,20260813
65308,n04579145_6880_n04579145.JPEG,901,20260813
65324,n02124075_14965_n02124075.JPEG,285,20260813
65341,n03271574_1203_n03271574.JPEG,545,20260813
65378,n01924916_4529_n01924916.JPEG,110,20260813
65393,n02102973_7014_n02102973.JPEG,221,20260813
65408,n01924916_7739_n01924916.JPEG,110,20260813
65411,n02727426_5707_n02727426.JPEG,410,20260813
65438,n03384352_14283_n03384352.JPEG,561,20260813
65456,n01749939_13580_n01749939.JPEG,64,20260813
65484,n03602883_18019_n03602883.JPEG,613,20260813
65498,n04243546_19587_n04243546.JPEG,800,20260813
65535,n03014705_7180_n03014705.JPEG,492,20260813
65550,n04037443_47079_n04037443.JPEG,751,20260813
65616,n03404251_16996_n03404251.JPEG,568,20260813
65671,n03763968_1041_n03763968.JPEG,652,20260813
65710,n02128385_134_n02128385.JPEG,288,20260813
65752,n04204347_2996_n04204347.JPEG,791,20260813
65756,n03388549_2676_n03388549.JPEG,564,20260813
65762,n01990800_6154_n01990800.JPEG,126,20260813
65784,n01687978_6786_n01687978.JPEG,42,20260813
65801,n03982430_21505_n03982430.JPEG,736,20260813
65811,n04081281_56088_n04081281.JPEG,762,20260813
65817,n02009912_595_n02009912.JPEG,132,20260813
65829,n02487347_420_n02487347.JPEG,373,20260813
65831,n07745940_9640_n07745940.JPEG,949,20260813
65835,n12144580_4936_n12144580.JPEG,987,20260813
65844,n03372029_34185_n03372029.JPEG,558,20260813
65867,n03259280_6779_n03259280.JPEG,544,20260813
65871,n03717622_4447_n03717622.JPEG,640,20260813
65890,n02687172_4852_n02687172.JPEG,403,20260813
65895,n04462240_10739_n04462240.JPEG,865,20260813
65912,n01945685_2280_n01945685.JPEG,114,20260813
65922,n02483708_6798_n02483708.JPEG,369,20260813
65958,n01944390_8027_n01944390.JPEG,113,20260813
65993,n03496892_16473_n03496892.JPEG,595,20260813
66025,n04152593_5249_n04152593.JPEG,782,20260813
66033,n02094433_760_n02094433.JPEG,187,20260813
66036,n01665541_22524_n01665541.JPEG,34,20260813
66039,n02091244_9773_n02091244.JPEG,173,20260813
66077,n02840245_5146_n02840245.JPEG,446,20260813
66087,n02058221_5775_n02058221.JPEG,146,20260813
66093,n02117135_11349_n02117135.JPEG,276,20260813
66097,n02128757_6265_n02128757.JPEG,289,20260813
66100,n03594945_35733_n03594945.JPEG,609,20260813
66112,n03124170_9481_n03124170.JPEG,515,20260813
66116,n03938244_6622_n03938244.JPEG,721,20260813
66117,n02514041_7523_n02514041.JPEG,389,20260813
66134,n01729977_8585_n01729977.JPEG,55,20260813
66162,n07584110_19473_n07584110.JPEG,925,20260813
66180,n02088094_492_n02088094.JPEG,160,20260813
66194,n03888605_1642_n03888605.JPEG,702,20260813
66209,n01806143_11466_n01806143.JPEG,84,20260813
66211,n02488291_6071_n02488291.JPEG,374,20260813
66224,n02769748_18222_n02769748.JPEG,414,20260813
66245,n02094433_9878_n02094433.JPEG,187,20260813
66252,n02802426_117_n02802426.JPEG,430,20260813
66261,n01440764_5642_n01440764.JPEG,0,20260813
66262,n01729977_5802_n01729977.JPEG,55,20260813
66265,n01828970_9083_n01828970.JPEG,92,20260813
66270,n04456115_23817_n04456115.JPEG,862,20260813
66286,n07753275_61698_n07753275.JPEG,953,20260813
66300,n03045698_2908_n03045698.JPEG,501,20260813
66310,n02099712_7937_n02099712.JPEG,208,20260813
66315,n01829413_772_n01829413.JPEG,93,20260813
66324,n06596364_8600_n06596364.JPEG,917,20260813
66331,n02110185_14862_n02110185.JPEG,250,20260813
66335,n01729322_16101_n01729322.JPEG,54,20260813
66337,n02093647_2483_n02093647.JPEG,181,20260813
66416,n03028079_24647_n03028079.JPEG,497,20260813
66432,n02879718_18796_n02879718.JPEG,456,20260813
66499,n02119789_12406_n02119789.JPEG,278,20260813
66503,n02804414_6493_n02804414.JPEG,431,20260813
66523,n02114712_16706_n02114712.JPEG,271,20260813
66525,n01514859_9537_n01514859.JPEG,8,20260813
66554,n02091467_3993_n02091467.JPEG,174,20260813
66560,n01580077_4253_n01580077.JPEG,17,20260813
66602,n02326432_4036_n02326432.JPEG,331,20260813
66612,n03877472_22795_n03877472.JPEG,697,20260813
66636,n03803284_4086_n03803284.JPEG,676,20260813
66666,n02277742_11725_n02277742.JPEG,322,20260813
66679,n04579432_21343_n04579432.JPEG,902,20260813
66696,n03770679_16140_n03770679.JPEG,656,20260813
66703,n02096177_8263_n02096177.JPEG,192,20260813
66724,n02423022_10512_n02423022.JPEG,353,20260813
66731,n03314780_14772_n03314780.JPEG,551,20260813
66738,n01755581_12473_n01755581.JPEG,67,20260813
66740,n02486261_19788_n02486261.JPEG,371,20260813
66743,n02834397_33877_n02834397.JPEG,443,20260813
66747,n03709823_3437_n03709823.JPEG,636,20260813
66752,n04192698_38389_n04192698.JPEG,787,20260813
66757,n02124075_7663_n02124075.JPEG,285,20260813
66782,n01694178_5069_n01694178.JPEG,47,20260813
66806,n07615774_54051_n07615774.JPEG,929,20260813
66843,n02099601_25780_n02099601.JPEG,207,20260813
66856,n02437312_2494_n02437312.JPEG,354,20260813
66859,n01622779_9551_n01622779.JPEG,24,20260813
66863,n04579432_8637_n04579432.JPEG,902,20260813
66868,n03443371_16531_n03443371.JPEG,572,20260813
66878,n04532670_6699_n04532670.JPEG,888,20260813
66892,n07753275_7863_n07753275.JPEG,953,20260813
66918,n02117135_5683_n02117135.JPEG,276,20260813
66982,n02105251_4381_n02105251.JPEG,226,20260813
66987,n04443257_13512_n04443257.JPEG,860,20260813
67004,n04008634_17651_n04008634.JPEG,744,20260813
67020,n07715103_16801_n07715103.JPEG,938,20260813
67029,n03649909_10127_n03649909.JPEG,621,20260813
67045,n03776460_20707_n03776460.JPEG,660,20260813
67069,n02859443_26190_n02859443.JPEG,449,20260813
67113,n02776631_10396_n02776631.JPEG,415,20260813
67118,n04429376_19617_n04429376.JPEG,857,20260813
67150,n01978287_8409_n01978287.JPEG,118,20260813
67161,n02087394_18617_n02087394.JPEG,159,20260813
67167,n13054560_10457_n13054560.JPEG,997,20260813
67179,n04344873_10486_n04344873.JPEG,831,20260813
67185,n02088632_939_n02088632.JPEG,164,20260813
67231,n02422106_5146_n02422106.JPEG,351,20260813
67242,n03992509_10021_n03992509.JPEG,739,20260813
67243,n02128385_27188_n02128385.JPEG,288,20260813
67255,n07747607_6609_n07747607.JPEG,950,20260813
67302,n02101388_21149_n02101388.JPEG,215,20260813
67309,n02091635_1367_n02091635.JPEG,175,20260813
67311,n02906734_1885_n02906734.JPEG,462,20260813
67324,n02870880_15945_n02870880.JPEG,453,20260813
67339,n02097658_5368_n02097658.JPEG,201,20260813
67354,n03782006_12488_n03782006.JPEG,664,20260813
67355,n01818515_12321_n01818515.JPEG,88,20260813
67373,n02704792_20853_n02704792.JPEG,408,20260813
67384,n02823428_725_n02823428.JPEG,440,20260813
67406,n03888257_11109_n03888257.JPEG,701,20260813
67411,n04090263_15526_n04090263.JPEG,764,20260813
67420,n04252077_7198_n04252077.JPEG,802,20260813
67425,n02105162_2382_n02105162.JPEG,225,20260813
67430,n01694178_3148_n01694178.JPEG,47,20260813
67438,n02102973_7002_n02102973.JPEG,221,20260813
67464,n04328186_19455_n04328186.JPEG,826,20260813
67472,n04392985_7234_n04392985.JPEG,848,20260813
67478,n10565667_868_n10565667.JPEG,983,20260813
67479,n01774384_11712_n01774384.JPEG,75,20260813
67496,n01644373_15533_n01644373.JPEG,31,20260813
67500,n03733281_2443_n03733281.JPEG,646,20260813
67524,n03179701_3212_n03179701.JPEG,526,20260813
67526,n01978455_12218_n01978455.JPEG,119,20260813
67537,n03947888_17848_n03947888.JPEG,724,20260813
67548,n03642806_24064_n03642806.JPEG,620,20260813
67555,n03160309_47253_n03160309.JPEG,525,20260813
67570,n04398044_2936_n04398044.JPEG,849,20260813
67571,n04254777_28627_n04254777.JPEG,806,20260813
67600,n03930313_1330_n03930313.JPEG,716,20260813
67602,n02120505_7360_n02120505.JPEG,280,20260813
67607,n03425413_11124_n03425413.JPEG,571,20260813
67645,n02096051_1219_n02096051.JPEG,191,20260813
67654,n03325584_5530_n03325584.JPEG,552,20260813
67664,n01644900_2166_n01644900.JPEG,32,20260813
67672,n02708093_8149_n02708093.JPEG,409,20260813
67683,n03594734_14609_n03594734.JPEG,608,20260813
67707,n03498962_60649_n03498962.JPEG,596,20260813
67735,n03924679_9034_n03924679.JPEG,713,20260813
67736,n03793489_2371_n03793489.JPEG,673,20260813
67766,n04044716_12992_n04044716.JPEG,755,20260813
67783,n02108551_7633_n02108551.JPEG,244,20260813
67785,n03041632_22190_n03041632.JPEG,499,20260813
67809,n03920288_19_n03920288.JPEG,712,20260813
67811,n01737021_9042_n01737021.JPEG,58,20260813
67828,n01740131_10215_n01740131.JPEG,60,20260813
67832,n04229816_2863_n04229816.JPEG,796,20260813
67841,n04562935_3906_n04562935.JPEG,900,20260813
67844,n02791124_2084_n02791124.JPEG,423,20260813
67866,n03938244_12299_n03938244.JPEG,721,20260813
67868,n04389033_57906_n04389033.JPEG,847,20260813
67907,n02085620_4109_n02085620.JPEG,151,20260813
67948,n02509815_4332_n02509815.JPEG,387,20260813
67951,n02093991_9563_n02093991.JPEG,184,20260813
67953,n03590841_6798_n03590841.JPEG,607,20260813
67956,n04209133_4203_n04209133.JPEG,793,20260813
67963,n01768244_5454_n01768244.JPEG,69,20260813
67978,n02028035_12898_n02028035.JPEG,141,20260813
67982,n02090721_3667_n02090721.JPEG,170,20260813
67992,n04590129_22631_n04590129.JPEG,905,20260813
67993,n12620546_28301_n12620546.JPEG,989,20260813
67998,n03887697_12333_n03887697.JPEG,700,20260813
68003,n01697457_9937_n01697457.JPEG,49,20260813
68042,n01531178_23204_n01531178.JPEG,11,20260813
68056,n03126707_16918_n03126707.JPEG,517,20260813
68058,n03868242_914_n03868242.JPEG,690,20260813
68096,n03089624_9921_n03089624.JPEG,509,20260813
68109,n01582220_9743_n01582220.JPEG,18,20260813
68118,n02089867_3110_n02089867.JPEG,166,20260813
68121,n01608432_7633_n01608432.JPEG,21,20260813
68132,n04417672_6177_n04417672.JPEG,853,20260813
68137,n07831146_3528_n07831146.JPEG,959,20260813
68142,n03127747_6191_n03127747.JPEG,518,20260813
68150,n03697007_7401_n03697007.JPEG,634,20260813
68156,n04423845_9903_n04423845.JPEG,855,20260813
68157,n01871265_7840_n01871265.JPEG,101,20260813
68160,n02129604_5743_n02129604.JPEG,292,20260813
68166,n03814906_28784_n03814906.JPEG,679,20260813
68168,n03602883_11716_n03602883.JPEG,613,20260813
68173,n01667778_10971_n01667778.JPEG,36,20260813
68188,n02483708_1797_n02483708.JPEG,369,20260813
68192,n04008634_7532_n04008634.JPEG,744,20260813
68201,n03770439_5534_n03770439.JPEG,655,20260813
68208,n02113978_7236_n02113978.JPEG,268,20260813
68218,n01682714_3350_n01682714.JPEG,40,20260813
68240,n03759954_23296_n03759954.JPEG,650,20260813
68247,n02107908_4918_n02107908.JPEG,240,20260813
68253,n02971356_31633_n02971356.JPEG,478,20260813
68267,n03866082_2639_n03866082.JPEG,689,20260813
68288,n07753275_23838_n07753275.JPEG,953,20260813
68318,n04264628_1730_n04264628.JPEG,810,20260813
68327,n07714990_3826_n07714990.JPEG,937,20260813
68339,n03534580_12594_n03534580.JPEG,601,20260813
68340,n03259280_276_n03259280.JPEG,544,20260813
68373,n02108422_6513_n02108422.JPEG,243,20260813
68378,n03485407_3826_n03485407.JPEG,590,20260813
68379,n02361337_9919_n02361337.JPEG,336,20260813
68454,n02443114_33631_n02443114.JPEG,358,20260813
68456,n02643566_1914_n02643566.JPEG,396,20260813
68461,n04133789_8913_n04133789.JPEG,774,20260813
68484,n13133613_20735_n13133613.JPEG,998,20260813
68489,n02105251_7647_n02105251.JPEG,226,20260813
68497,n02916936_5572_n02916936.JPEG,465,20260813
68507,n02112706_4052_n02112706.JPEG,262,20260813
68526,n02100236_11231_n02100236.JPEG,210,20260813
68539,n04004767_13012_n04004767.JPEG,742,20260813
68545,n04118776_38949_n04118776.JPEG,769,20260813
68564,n01990800_7515_n01990800.JPEG,126,20260813
68566,n01985128_20878_n01985128.JPEG,124,20260813
68569,n01580077_10541_n01580077.JPEG,17,20260813
68629,n03496892_36159_n03496892.JPEG,595,20260813
68633,n04041544_19127_n04041544.JPEG,754,20260813
68658,n04482393_12679_n04482393.JPEG,870,20260813
68660,n04026417_15117_n04026417.JPEG,748,20260813
68671,n03717622_3684_n03717622.JPEG,640,20260813
68684,n02397096_4123_n02397096.JPEG,343,20260813
68722,n02111889_5183_n02111889.JPEG,258,20260813
68743,n02504458_14071_n02504458.JPEG,386,20260813
68744,n04429376_21690_n04429376.JPEG,857,20260813
68747,n02099849_5353_n02099849.JPEG,209,20260813
68755,n03983396_710_n03983396.JPEG,737,20260813
68760,n02009229_1453_n02009229.JPEG,131,20260813
68771,n02102040_682_n02102040.JPEG,217,20260813
68804,n02667093_4550_n02667093.JPEG,399,20260813
68808,n02708093_2082_n02708093.JPEG,409,20260813
68810,n01558993_12258_n01558993.JPEG,15,20260813
68826,n01755581_17457_n01755581.JPEG,67,20260813
68858,n03720891_15590_n03720891.JPEG,641,20260813
68870,n04612504_13278_n04612504.JPEG,914,20260813
68876,n07718472_5286_n07718472.JPEG,943,20260813
68881,n02027492_18192_n02027492.JPEG,140,20260813
68888,n02120079_1977_n02120079.JPEG,279,20260813
68905,n03384352_2666_n03384352.JPEG,561,20260813
68916,n02823750_465_n02823750.JPEG,441,20260813
68945,n03062245_15263_n03062245.JPEG,503,20260813
68946,n04435653_2250_n04435653.JPEG,858,20260813
68953,n03804744_22191_n03804744.JPEG,677,20260813
68955,n02113799_1659_n02113799.JPEG,267,20260813
68959,n01530575_2035_n01530575.JPEG,10,20260813
68960,n01883070_4937_n01883070.JPEG,106,20260813
68966,n06359193_553_n06359193.JPEG,916,20260813
68975,n03272010_6680_n03272010.JPEG,546,20260813
68976,n02672831_179_n02672831.JPEG,401,20260813
68979,n02097130_7686_n02097130.JPEG,197,20260813
69020,n04347754_48856_n04347754.JPEG,833,20260813
69022,n04254680_2976_n04254680.JPEG,805,20260813
69031,n02483362_931_n02483362.JPEG,368,20260813
69034,n01704323_15490_n01704323.JPEG,51,20260813
69038,n03000134_312_n03000134.JPEG,489,20260813
69064,n01968897_21541_n01968897.JPEG,117,20260813
69084,n02113978_2474_n02113978.JPEG,268,20260813
69088,n07697313_4295_n07697313.JPEG,933,20260813
69096,n01843383_6791_n01843383.JPEG,96,20260813
69130,n03594945_39350_n03594945.JPEG,609,20260813
69141,n01798484_5963_n01798484.JPEG,83,20260813
69142,n02097047_3390_n02097047.JPEG,196,20260813
69151,n07584110_3149_n07584110.JPEG,925,20260813
69158,n02939185_3971_n02939185.JPEG,469,20260813
69165,n04317175_17081_n04317175.JPEG,823,20260813
69192,n02106166_11983_n02106166.JPEG,232,20260813
69195,n04325704_19221_n04325704.JPEG,824,20260813
69202,n04346328_4482_n04346328.JPEG,832,20260813
69209,n03534580_7062_n03534580.JPEG,601,20260813
69234,n03018349_21445_n03018349.JPEG,495,20260813
69254,n04273569_1576_n04273569.JPEG,814,20260813
69258,n03201208_24573_n03201208.JPEG,532,20260813
69268,n02120079_25999_n02120079.JPEG,279,20260813
69272,n02101006_7697_n02101006.JPEG,214,20260813
69275,n03062245_11342_n03062245.JPEG,503,20260813
69276,n02009229_6341_n02009229.JPEG,131,20260813
69316,n04263257_9239_n04263257.JPEG,809,20260813
69322,n04041544_19147_n04041544.JPEG,754,20260813
69342,n03127747_1399_n03127747.JPEG,518,20260813
69345,n02088632_8828_n02088632.JPEG,164,20260813
69374,n02951585_303_n02951585.JPEG,473,20260813
69376,n03216828_19302_n03216828.JPEG,536,20260813
69409,n02127052_7264_n02127052.JPEG,287,20260813
69422,n02356798_458_n02356798.JPEG,335,20260813
69433,n03337140_41486_n03337140.JPEG,553,20260813
69438,n04525038_32269_n04525038.JPEG,885,20260813
69479,n02177972_11131_n02177972.JPEG,307,20260813
69494,n01950731_7742_n01950731.JPEG,115,20260813
69503,n02497673_8068_n02497673.JPEG,383,20260813
69506,n03721384_391_n03721384.JPEG,642,20260813
69507,n04429376_6496_n04429376.JPEG,857,20260813
69517,n03825788_21248_n03825788.JPEG,680,20260813
69518,n04599235_3334_n04599235.JPEG,911,20260813
69521,n02879718_32183_n02879718.JPEG,456,20260813
69531,n10148035_18318_n10148035.JPEG,982,20260813
69537,n03595614_1021_n03595614.JPEG,610,20260813
69544,n02086646_7882_n02086646.JPEG,156,20260813
69547,n01968897_12642_n01968897.JPEG,117,20260813
69556,n03676483_8016_n03676483.JPEG,629,20260813
69570,n02099429_4079_n02099429.JPEG,206,20260813
69577,n01755581_5246_n01755581.JPEG,67,20260813
69614,n03014705_54645_n03014705.JPEG,492,20260813
69615,n04009552_17233_n04009552.JPEG,745,20260813
69659,n02085936_5440_n02085936.JPEG,153,20260813
69670,n02895154_32969_n02895154.JPEG,461,20260813
69672,n13054560_4480_n13054560.JPEG,997,20260813
69680,n02536864_16581_n02536864.JPEG,391,20260813
69696,n03250847_6223_n03250847.JPEG,542,20260813
69717,n04370456_1205_n04370456.JPEG,841,20260813
69732,n03180011_10315_n03180011.JPEG,527,20260813
69746,n03764736_492_n03764736.JPEG,653,20260813
69751,n02398521_10422_n02398521.JPEG,344,20260813
69753,n02114367_19056_n02114367.JPEG,269,20260813
69772,n03769881_3164_n03769881.JPEG,654,20260813
69777,n04044716_406_n04044716.JPEG,755,20260813
69779,n04554684_607_n04554684.JPEG,897,20260813
69787,n02807133_13320_n02807133.JPEG,433,20260813
69794,n02971356_7972_n02971356.JPEG,478,20260813
69795,n01983481_20084_n01983481.JPEG,122,20260813
69803,n02259212_5527_n02259212.JPEG,317,20260813
69820,n02787622_2383_n02787622.JPEG,420,20260813
69849,n03259280_8820_n03259280.JPEG,544,20260813
69858,n01784675_19791_n01784675.JPEG,79,20260813
69865,n04552348_6399_n04552348.JPEG,895,20260813
69880,n03485794_8017_n03485794.JPEG,591,20260813
69902,n03929660_5826_n03929660.JPEG,714,20260813
69916,n02106662_16326_n02106662.JPEG,235,20260813
69922,n02137549_3649_n02137549.JPEG,298,20260813
69925,n03131574_63949_n03131574.JPEG,520,20260813
69929,n02974003_4933_n02974003.JPEG,479,20260813
69939,n02823428_3731_n02823428.JPEG,440,20260813
69940,n01847000_6817_n01847000.JPEG,97,20260813
69943,n04153751_3395_n04153751.JPEG,783,20260813
69951,n04613696_10236_n04613696.JPEG,915,20260813
69964,n02504013_6095_n02504013.JPEG,385,20260813
69978,n01748264_12424_n01748264.JPEG,63,20260813
70014,n02667093_9801_n02667093.JPEG,399,20260813
70018,n02226429_12033_n02226429.JPEG,311,20260813
70024,n03794056_635_n03794056.JPEG,674,20260813
70038,n03657121_56_n03657121.JPEG,622,20260813
70045,n03594945_7249_n03594945.JPEG,609,20260813
70052,n01440764_1552_n01440764.JPEG,0,20260813
70061,n01798484_12553_n01798484.JPEG,83,20260813
70063,n03075370_10221_n03075370.JPEG,507,20260813
70103,n02107574_3049_n02107574.JPEG,238,20260813
70109,n04086273_1928_n04086273.JPEG,763,20260813
70110,n04090263_2639_n04090263.JPEG,764,20260813
70118,n02817516_34736_n02817516.JPEG,439,20260813
70129,n03160309_80245_n03160309.JPEG,525,20260813
70131,n03770439_1384_n03770439.JPEG,655,20260813
70140,n02108915_13021_n02108915.JPEG,245,20260813
70142,n04111531_8674_n04111531.JPEG,766,20260813
70156,n07697537_38199_n07697537.JPEG,934,20260813
70198,n02098286_2894_n02098286.JPEG,203,20260813
70215,n04311004_3178_n04311004.JPEG,821,20260813
70228,n02892201_26182_n02892201.JPEG,458,20260813
70254,n01601694_12239_n01601694.JPEG,20,20260813
70270,n03590841_4723_n03590841.JPEG,607,20260813
70279,n02860847_16193_n02860847.JPEG,450,20260813
70308,n01694178_2474_n01694178.JPEG,47,20260813
70321,n02092339_7120_n02092339.JPEG,178,20260813
70345,n04592741_7589_n04592741.JPEG,908,20260813
70350,n04133789_83_n04133789.JPEG,774,20260813
70352,n02091467_5202_n02091467.JPEG,174,20260813
70358,n03792972_2896_n03792972.JPEG,672,20260813
70398,n02825657_9737_n02825657.JPEG,442,20260813
70410,n02493793_3625_n02493793.JPEG,381,20260813
70418,n02100236_5749_n02100236.JPEG,210,20260813
70419,n03345487_6808_n03345487.JPEG,555,20260813
70425,n01534433_22714_n01534433.JPEG,13,20260813
70433,n03250847_7970_n03250847.JPEG,542,20260813
70442,n01532829_1359_n01532829.JPEG,12,20260813
70445,n07760859_13896_n07760859.JPEG,956,20260813
70447,n03837869_9579_n03837869.JPEG,682,20260813
70469,n03759954_17160_n03759954.JPEG,650,20260813
70501,n03000134_2562_n03000134.JPEG,489,20260813
70513,n03773504_3247_n03773504.JPEG,657,20260813
70516,n02092339_5414_n02092339.JPEG,178,20260813
70521,n02091134_13813_n02091134.JPEG,172,20260813
70556,n04118776_44366_n04118776.JPEG,769,20260813
70560,n03208938_25766_n03208938.JPEG,535,20260813
70565,n02106662_45366_n02106662.JPEG,235,20260813
70570,n02807133_822_n02807133.JPEG,433,20260813
70602,n03483316_17001_n03483316.JPEG,589,20260813
70639,n03680355_24720_n03680355.JPEG,630,20260813
70668,n07716358_19222_n07716358.JPEG,939,20260813
70673,n03902125_1838_n03902125.JPEG,707,20260813
70707,n02108551_10439_n02108551.JPEG,244,20260813
70722,n02860847_8123_n02860847.JPEG,450,20260813
70736,n04479046_6408_n04479046.JPEG,869,20260813
70744,n01843383_268_n01843383.JPEG,96,20260813
70746,n06794110_3614_n06794110.JPEG,919,20260813
70749,n03942813_8564_n03942813.JPEG,722,20260813
70752,n02104029_7695_n02104029.JPEG,222,20260813
70758,n03769881_2553_n03769881.JPEG,654,20260813
70765,n02281787_2131_n02281787.JPEG,326,20260813
70770,n02666196_18105_n02666196.JPEG,398,20260813
70783,n01704323_1507_n01704323.JPEG,51,20260813
70791,n07747607_16658_n07747607.JPEG,950,20260813
70793,n03481172_11114_n03481172.JPEG,587,20260813
70815,n01980166_1856_n01980166.JPEG,120,20260813
70844,n02101556_13226_n02101556.JPEG,216,20260813
70854,n03970156_34481_n03970156.JPEG,731,20260813
70869,n03026506_6444_n03026506.JPEG,496,20260813
70906,n04147183_20483_n04147183.JPEG,780,20260813
70925,n02018795_2678_n02018795.JPEG,138,20260813
70930,n02107908_4895_n02107908.JPEG,240,20260813
70940,n02074367_13320_n02074367.JPEG,149,20260813
70969,n02094258_566_n02094258.JPEG,186,20260813
70980,n03207743_2833_n03207743.JPEG,533,20260813
70982,n03903868_39402_n03903868.JPEG,708,20260813
71003,n03481172_15442_n03481172.JPEG,587,20260813
71013,n04525038_6224_n04525038.JPEG,885,20260813
71047,n03146219_9836_n03146219.JPEG,524,20260813
71055,n03733805_15173_n03733805.JPEG,647,20260813
71087,n06785654_2357_n06785654.JPEG,918,20260813
71088,n03207941_766_n03207941.JPEG,534,20260813
71093,n07747607_9914_n07747607.JPEG,950,20260813
71098,n09428293_2628_n09428293.JPEG,978,20260813
71113,n04252225_15140_n04252225.JPEG,803,20260813
71120,n02074367_16541_n02074367.JPEG,149,20260813
71139,n03759954_17800_n03759954.JPEG,650,20260813
71158,n02788148_49624_n02788148.JPEG,421,20260813
71166,n01774384_10533_n01774384.JPEG,75,20260813
71201,n02089867_1571_n02089867.JPEG,166,20260813
71225,n02219486_30514_n02219486.JPEG,310,20260813
71239,n03452741_4809_n03452741.JPEG,579,20260813
71274,n03899768_44016_n03899768.JPEG,706,20260813
71282,n01980166_9218_n01980166.JPEG,120,20260813
71286,n01695060_12750_n01695060.JPEG,48,20260813
71289,n03000134_430_n03000134.JPEG,489,20260813
71293,n01692333_9489_n01692333.JPEG,45,20260813
71301,n04505470_4827_n04505470.JPEG,878,20260813
71321,n03223299_14156_n03223299.JPEG,539,20260813
71328,n02114548_7330_n02114548.JPEG,270,20260813
71361,n02129165_8836_n02129165.JPEG,291,20260813
71363,n02398521_11914_n02398521.JPEG,344,20260813
71365,n03929855_2190_n03929855.JPEG,715,20260813
71369,n02966687_9883_n02966687.JPEG,477,20260813
71375,n07930864_5304_n07930864.JPEG,968,20260813
71398,n03937543_19_n03937543.JPEG,720,20260813
71419,n03841143_10873_n03841143.JPEG,685,20260813
71433,n03146219_5087_n03146219.JPEG,524,20260813
71435,n02110341_11175_n02110341.JPEG,251,20260813
71439,n02966687_8113_n02966687.JPEG,477,20260813
71447,n07697313_12466_n07697313.JPEG,933,20260813
71456,n03425413_15528_n03425413.JPEG,571,20260813
71464,n01873310_5399_n01873310.JPEG,103,20260813
71468,n02870880_6873_n02870880.JPEG,453,20260813
71470,n02066245_11572_n02066245.JPEG,147,20260813
71476,n02114548_9162_n02114548.JPEG,270,20260813
71478,n04355933_2132_n04355933.JPEG,836,20260813
71479,n02481823_3882_n02481823.JPEG,367,20260813
71496,n02093754_622_n02093754.JPEG,182,20260813
71516,n09399592_55039_n09399592.JPEG,976,20260813
71549,n04127249_3999_n04127249.JPEG,772,20260813
71585,n03445924_177_n03445924.JPEG,575,20260813
71639,n02098413_1074_n02098413.JPEG,204,20260813
71642,n02006656_10097_n02006656.JPEG,129,20260813
71659,n02980441_2860_n02980441.JPEG,483,20260813
71665,n01773549_4676_n01773549.JPEG,73,20260813
71673,n07930864_14901_n07930864.JPEG,968,20260813
71703,n01484850_14664_n01484850.JPEG,2,20260813
71717,n04548280_1202_n04548280.JPEG,892,20260813
71752,n03290653_12951_n03290653.JPEG,548,20260813
71754,n03041632_21017_n03041632.JPEG,499,20260813
71759,n02749479_7154_n02749479.JPEG,413,20260813
71769,n03530642_26109_n03530642.JPEG,599,20260813
71780,n01943899_18639_n01943899.JPEG,112,20260813
71813,n02783161_23205_n02783161.JPEG,418,20260813
71833,n02417914_131_n02417914.JPEG,350,20260813
71835,n03527444_17857_n03527444.JPEG,597,20260813
71871,n12985857_1959_n12985857.JPEG,991,20260813
71872,n03854065_9360_n03854065.JPEG,687,20260813
71884,n04604644_8082_n04604644.JPEG,912,20260813
71887,n02966193_37997_n02966193.JPEG,476,20260813
71912,n03594734_34346_n03594734.JPEG,608,20260813
71927,n03196217_3013_n03196217.JPEG,530,20260813
71936,n03314780_9460_n03314780.JPEG,551,20260813
71967,n04371430_15306_n04371430.JPEG,842,20260813
71974,n04356056_5070_n04356056.JPEG,837,20260813
71980,n03594734_47916_n03594734.JPEG,608,20260813
71987,n02177972_2951_n02177972.JPEG,307,20260813
71989,n02110341_8874_n02110341.JPEG,251,20260813
72030,n03770439_853_n03770439.JPEG,655,20260813
72039,n03884397_8948_n03884397.JPEG,699,20260813
72057,n02231487_2370_n02231487.JPEG,313,20260813
72063,n03481172_39710_n03481172.JPEG,587,20260813
72065,n04141076_17942_n04141076.JPEG,776,20260813
72084,n02687172_1475_n02687172.JPEG,403,20260813
72095,n09256479_9_n09256479.JPEG,973,20260813
72104,n01924916_6625_n01924916.JPEG,110,20260813
72110,n09256479_6163_n09256479.JPEG,973,20260813
72113,n03786901_10855_n03786901.JPEG,666,20260813
72123,n03196217_1601_n03196217.JPEG,530,20260813
72126,n02037110_6689_n02037110.JPEG,143,20260813
72132,n03216828_48541_n03216828.JPEG,536,20260813
72149,n04317175_17438_n04317175.JPEG,823,20260813
72153,n03028079_36351_n03028079.JPEG,497,20260813
72169,n04204238_3414_n04204238.JPEG,790,20260813
72175,n01735189_10323_n01735189.JPEG,57,20260813
72182,n01704323_6397_n01704323.JPEG,51,20260813
72198,n02328150_1896_n02328150.JPEG,332,20260813
72221,n03388183_11537_n03388183.JPEG,563,20260813
72231,n02114367_821_n02114367.JPEG,269,20260813
72242,n02102318_3511_n02102318.JPEG,219,20260813
72260,n02109525_40779_n02109525.JPEG,247,20260813
72284,n04326547_8065_n04326547.JPEG,825,20260813
72303,n04146614_12945_n04146614.JPEG,779,20260813
72309,n04355338_5751_n04355338.JPEG,835,20260813
72343,n04479046_1107_n04479046.JPEG,869,20260813
72351,n03223299_6762_n03223299.JPEG,539,20260813
72353,n02119022_10958_n02119022.JPEG,277,20260813
72367,n07892512_10554_n07892512.JPEG,966,20260813
72369,n04404412_11405_n04404412.JPEG,851,20260813
72376,n04380533_3278_n04380533.JPEG,846,20260813
72385,n04597913_346_n04597913.JPEG,910,20260813
72386,n03457902_4291_n03457902.JPEG,580,20260813
72430,n03717622_2770_n03717622.JPEG,640,20260813
72444,n01728572_11640_n01728572.JPEG,52,20260813
72484,n07836838_14598_n07836838.JPEG,960,20260813
72489,n11879895_9781_n11879895.JPEG,984,20260813
72496,n02165105_2304_n02165105.JPEG,300,20260813
72503,n02117135_8475_n02117135.JPEG,276,20260813
72509,n03459775_16060_n03459775.JPEG,581,20260813
72535,n02111500_7079_n02111500.JPEG,257,20260813
72546,n02017213_1075_n02017213.JPEG,136,20260813
72549,n04456115_10756_n04456115.JPEG,862,20260813
72553,n03706229_11188_n03706229.JPEG,635,20260813
72560,n03075370_4479_n03075370.JPEG,507,20260813
72594,n01945685_16331_n01945685.JPEG,114,20260813
72599,n02106550_8725_n02106550.JPEG,234,20260813
72611,n04591157_5604_n04591157.JPEG,906,20260813
72621,n04239074_8631_n04239074.JPEG,799,20260813
72624,n02877765_16396_n02877765.JPEG,455,20260813
72626,n07730033_3624_n07730033.JPEG,946,20260813
72630,n02910353_11091_n02910353.JPEG,464,20260813
72637,n07579787_19308_n07579787.JPEG,923,20260813
72644,n02093859_1179_n02093859.JPEG,183,20260813
72652,n02229544_1311_n02229544.JPEG,312,20260813
72658,n04613696_12117_n04613696.JPEG,915,20260813
72659,n02992211_29648_n02992211.JPEG,486,20260813
72661,n03873416_15658_n03873416.JPEG,693,20260813
72664,n02107312_6389_n02107312.JPEG,237,20260813
72683,n02190166_3609_n02190166.JPEG,308,20260813
72685,n01729977_2144_n01729977.JPEG,55,20260813
72710,n02444819_3456_n02444819.JPEG,360,20260813
72721,n03929660_14707_n03929660.JPEG,714,20260813
72728,n02086910_9389_n02086910.JPEG,157,20260813
72738,n01770393_18874_n01770393.JPEG,71,20260813
72769,n02325366_1736_n02325366.JPEG,330,20260813
72771,n02093256_3802_n02093256.JPEG,179,20260813
72772,n02093754_6534_n02093754.JPEG,182,20260813
72791,n01534433_232_n01534433.JPEG,13,20260813
72800,n02484975_12309_n02484975.JPEG,370,20260813
72809,n02979186_1115_n02979186.JPEG,482,20260813
72825,n01744401_11931_n01744401.JPEG,62,20260813
72837,n03691459_44205_n03691459.JPEG,632,20260813
72878,n01986214_14078_n01986214.JPEG,125,20260813
72906,n03584829_34087_n03584829.JPEG,606,20260813
72959,n01514859_5566_n01514859.JPEG,8,20260813
72960,n03902125_15450_n03902125.JPEG,707,20260813
72968,n04325704_2747_n04325704.JPEG,824,20260813
72978,n02457408_6550_n02457408.JPEG,364,20260813
72984,n02497673_3038_n02497673.JPEG,383,20260813
72992,n02699494_9084_n02699494.JPEG,406,20260813
72996,n04371430_5004_n04371430.JPEG,842,20260813
73001,n01631663_10434_n01631663.JPEG,27,20260813
73034,n03485407_11021_n03485407.JPEG,590,20260813
73065,n02111277_16305_n02111277.JPEG,256,20260813
73082,n03250847_1894_n03250847.JPEG,542,20260813
73109,n04606251_8872_n04606251.JPEG,913,20260813
73119,n04542943_4675_n04542943.JPEG,891,20260813
73131,n03903868_16417_n03903868.JPEG,708,20260813
73139,n03485794_25970_n03485794.JPEG,591,20260813
73140,n02692877_9661_n02692877.JPEG,405,20260813
73142,n01496331_2210_n01496331.JPEG,5,20260813
73159,n02346627_4932_n02346627.JPEG,334,20260813
73162,n02096585_9784_n02096585.JPEG,195,20260813
73188,n02606052_11655_n02606052.JPEG,392,20260813
73207,n01829413_8945_n01829413.JPEG,93,20260813
73211,n03929855_2445_n03929855.JPEG,715,20260813
73225,n03956157_24596_n03956157.JPEG,727,20260813
73248,n02788148_14921_n02788148.JPEG,421,20260813
73269,n02655020_39878_n02655020.JPEG,397,20260813
73303,n03444034_3850_n03444034.JPEG,573,20260813
73310,n01770081_2277_n01770081.JPEG,70,20260813
73323,n02009229_391_n02009229.JPEG,131,20260813
73329,n02097298_8564_n02097298.JPEG,199,20260813
73331,n04523525_37795_n04523525.JPEG,884,20260813
73376,n01729977_2422_n01729977.JPEG,55,20260813
73385,n04311174_8745_n04311174.JPEG,822,20260813
73389,n02091134_6806_n02091134.JPEG,172,20260813
73395,n03063599_664_n03063599.JPEG,504,20260813
73415,n01698640_9468_n01698640.JPEG,50,20260813
73446,n04344873_35935_n04344873.JPEG,831,20260813
73467,n07720875_13668_n07720875.JPEG,945,20260813
73471,n01917289_3980_n01917289.JPEG,109,20260813
73479,n04523525_37323_n04523525.JPEG,884,20260813
73519,n03208938_22078_n03208938.JPEG,535,20260813
73523,n07590611_10268_n07590611.JPEG,926,20260813
73526,n03992509_268_n03992509.JPEG,739,20260813
73532,n04154565_19239_n04154565.JPEG,784,20260813
73554,n04553703_10386_n04553703.JPEG,896,20260813
73593,n02395406_20308_n02395406.JPEG,341,20260813
73605,n02105505_6815_n02105505.JPEG,228,20260813
73610,n09288635_1189_n09288635.JPEG,974,20260813
73639,n02226429_2400_n02226429.JPEG,311,20260813
73641,n03637318_486_n03637318.JPEG,619,20260813
73657,n01734418_75_n01734418.JPEG,56,20260813
73677,n04536866_18261_n04536866.JPEG,889,20260813
73687,n03272010_13571_n03272010.JPEG,546,20260813
73703,n07684084_364_n07684084.JPEG,930,20260813
73710,n03461385_51272_n03461385.JPEG,582,20260813
73723,n02100877_11682_n02100877.JPEG,213,20260813
73727,n02096051_678_n02096051.JPEG,191,20260813
73739,n04604644_52827_n04604644.JPEG,912,20260813
73747,n01797886_557_n01797886.JPEG,82,20260813
73754,n13044778_11009_n13044778.JPEG,995,20260813
73777,n02113023_4061_n02113023.JPEG,263,20260813
73793,n02817516_8735_n02817516.JPEG,439,20260813
73805,n02025239_1031_n02025239.JPEG,139,20260813
73834,n04332243_1960_n04332243.JPEG,828,20260813
73835,n01820546_2630_n01820546.JPEG,90,20260813
73846,n02510455_4124_n02510455.JPEG,388,20260813
73854,n01944390_4509_n01944390.JPEG,113,20260813
73856,n04456115_9042_n04456115.JPEG,862,20260813
73860,n02094114_7107_n02094114.JPEG,185,20260813
73863,n01632458_2194_n01632458.JPEG,28,20260813
73866,n02058221_9329_n02058221.JPEG,146,20260813
73877,n03690938_5214_n03690938.JPEG,631,20260813
73890,n02978881_12658_n02978881.JPEG,481,20260813
73920,n02786058_9575_n02786058.JPEG,419,20260813
73976,n06874185_9076_n06874185.JPEG,920,20260813
73983,n02113712_19386_n02113712.JPEG,266,20260813
73998,n01980166_1022_n01980166.JPEG,120,20260813
74001,n02871525_23556_n02871525.JPEG,454,20260813
74015,n02088466_4570_n02088466.JPEG,163,20260813
74021,n04118538_335_n04118538.JPEG,768,20260813
74022,n04004767_5636_n04004767.JPEG,742,20260813
74042,n02701002_3223_n02701002.JPEG,407,20260813
74063,n03196217_884_n03196217.JPEG,530,20260813
74067,n02676566_8073_n02676566.JPEG,402,20260813
74070,n03485407_3115_n03485407.JPEG,590,20260813
74080,n02804610_7200_n02804610.JPEG,432,20260813
74116,n02747177_2603_n02747177.JPEG,412,20260813
74135,n04270147_2788_n04270147.JPEG,813,20260813
74146,n04004767_10361_n04004767.JPEG,742,20260813
74147,n03623198_13583_n03623198.JPEG,615,20260813
74153,n01682714_8294_n01682714.JPEG,40,20260813
74163,n13054560_12316_n13054560.JPEG,997,20260813
74164,n02099849_3616_n02099849.JPEG,209,20260813
74178,n02509815_10670_n02509815.JPEG,387,20260813
74203,n04120489_1990_n04120489.JPEG,770,20260813
74211,n01824575_1257_n01824575.JPEG,91,20260813
74214,n03110669_62289_n03110669.JPEG,513,20260813
74231,n03991062_28794_n03991062.JPEG,738,20260813
74238,n04380533_19657_n04380533.JPEG,846,20260813
74241,n02093859_5349_n02093859.JPEG,183,20260813
74266,n02091244_6551_n02091244.JPEG,173,20260813
74267,n01755581_19630_n01755581.JPEG,67,20260813
74270,n03544143_32116_n03544143.JPEG,604,20260813
74278,n03769881_7158_n03769881.JPEG,654,20260813
74292,n07754684_4215_n07754684.JPEG,955,20260813
74315,n03018349_2376_n03018349.JPEG,495,20260813
74328,n02807133_5578_n02807133.JPEG,433,20260813
74344,n01582220_10843_n01582220.JPEG,18,20260813
74370,n02841315_2971_n02841315.JPEG,447,20260813
74375,n01622779_7154_n01622779.JPEG,24,20260813
74386,n01629819_6364_n01629819.JPEG,25,20260813
74392,n02979186_5695_n02979186.JPEG,482,20260813
74416,n02869837_26915_n02869837.JPEG,452,20260813
74429,n01828970_8917_n01828970.JPEG,92,20260813
74437,n03134739_3820_n03134739.JPEG,522,20260813
74448,n04238763_3926_n04238763.JPEG,798,20260813
74449,n04482393_23928_n04482393.JPEG,870,20260813
74475,n02025239_3303_n02025239.JPEG,139,20260813
74506,n02259212_1599_n02259212.JPEG,317,20260813
74534,n02974003_4693_n02974003.JPEG,479,20260813
74537,n03775546_10301_n03775546.JPEG,659,20260813
74544,n04037443_12141_n04037443.JPEG,751,20260813
74553,n02486261_7448_n02486261.JPEG,371,20260813
74623,n03476684_25131_n03476684.JPEG,584,20260813
74626,n02514041_3304_n02514041.JPEG,389,20260813
74629,n02086646_612_n02086646.JPEG,156,20260813
74647,n03924679_9922_n03924679.JPEG,713,20260813
74667,n01784675_8914_n01784675.JPEG,79,20260813
74685,n02279972_31906_n02279972.JPEG,323,20260813
74702,n07718747_5753_n07718747.JPEG,944,20260813
74762,n02111277_6890_n02111277.JPEG,256,20260813
74787,n02396427_8788_n02396427.JPEG,342,20260813
74794,n03345487_15206_n03345487.JPEG,555,20260813
74814,n02492660_7854_n02492660.JPEG,379,20260813
74853,n01775062_6896_n01775062.JPEG,77,20260813
74865,n02437616_15573_n02437616.JPEG,355,20260813
74915,n04501370_1657_n04501370.JPEG,877,20260813
74921,n04005630_105824_n04005630.JPEG,743,20260813
74924,n02412080_31390_n02412080.JPEG,348,20260813
74934,n02037110_27937_n02037110.JPEG,143,20260813
74950,n04252225_9810_n04252225.JPEG,803,20260813
74972,n04548362_65658_n04548362.JPEG,893,20260813
75003,n01534433_12161_n01534433.JPEG,13,20260813
75006,n02869837_22542_n02869837.JPEG,452,20260813
75065,n09246464_28921_n09246464.JPEG,972,20260813
75078,n02106550_4849_n02106550.JPEG,234,20260813
75090,n01698640_9168_n01698640.JPEG,50,20260813
75099,n02058221_398_n02058221.JPEG,146,20260813
75107,n03584829_28625_n03584829.JPEG,606,20260813
75130,n02101556_8452_n02101556.JPEG,216,20260813
75169,n09332890_28863_n09332890.JPEG,975,20260813
75177,n02490219_1095_n02490219.JPEG,377,20260813
75183,n02089973_11045_n02089973.JPEG,167,20260813
75204,n04125021_17876_n04125021.JPEG,771,20260813
75211,n02104029_3987_n02104029.JPEG,222,20260813
75214,n04370456_8324_n04370456.JPEG,841,20260813
75222,n03127925_16731_n03127925.JPEG,519,20260813
75234,n09472597_13748_n09472597.JPEG,980,20260813
75258,n04597913_420_n04597913.JPEG,910,20260813
75261,n02808440_17407_n02808440.JPEG,435,20260813
75295,n01984695_33731_n01984695.JPEG,123,20260813
75308,n02815834_9086_n02815834.JPEG,438,20260813
75342,n03938244_16254_n03938244.JPEG,721,20260813
75345,n12267677_17647_n12267677.JPEG,988,20260813
75368,n02113712_18672_n02113712.JPEG,266,20260813
75379,n03042490_14083_n03042490.JPEG,500,20260813
75380,n02129604_12531_n02129604.JPEG,292,20260813
75400,n03871628_5483_n03871628.JPEG,692,20260813
75407,n02823428_12139_n02823428.JPEG,440,20260813
75418,n04127249_1841_n04127249.JPEG,772,20260813
75445,n02276258_4477_n02276258.JPEG,321,20260813
75450,n04335435_15737_n04335435.JPEG,829,20260813
75453,n01914609_1430_n01914609.JPEG,108,20260813
75459,n02107312_251_n02107312.JPEG,237,20260813
75493,n02093754_2_n02093754.JPEG,182,20260813
75510,n01753488_1526_n01753488.JPEG,66,20260813
75549,n02174001_243_n02174001.JPEG,306,20260813
75552,n01943899_22721_n01943899.JPEG,112,20260813
75558,n04326547_679_n04326547.JPEG,825,20260813
75597,n03916031_15382_n03916031.JPEG,711,20260813
75614,n03976467_19108_n03976467.JPEG,732,20260813
75616,n01749939_520_n01749939.JPEG,64,20260813
75635,n02917067_5054_n02917067.JPEG,466,20260813
75649,n02951358_12969_n02951358.JPEG,472,20260813
75661,n07760859_9251_n07760859.JPEG,956,20260813
75686,n03709823_24199_n03709823.JPEG,636,20260813
75702,n02939185_8658_n02939185.JPEG,469,20260813
75708,n02950826_6094_n02950826.JPEG,471,20260813
75709,n01632777_11550_n01632777.JPEG,29,20260813
75775,n03014705_2393_n03014705.JPEG,492,20260813
75798,n03250847_8213_n03250847.JPEG,542,20260813
75804,n04259630_11847_n04259630.JPEG,808,20260813
75862,n02095314_448_n02095314.JPEG,188,20260813
75882,n03272010_10433_n03272010.JPEG,546,20260813
75888,n03877845_11448_n03877845.JPEG,698,20260813
75889,n02396427_21276_n02396427.JPEG,342,20260813
75962,n15075141_2318_n15075141.JPEG,999,20260813
75973,n03710637_6602_n03710637.JPEG,638,20260813
75995,n02058221_36508_n02058221.JPEG,146,20260813
76015,n01582220_9004_n01582220.JPEG,18,20260813
76017,n07714990_10847_n07714990.JPEG,937,20260813
76024,n01784675_3238_n01784675.JPEG,79,20260813
76031,n03792972_4636_n03792972.JPEG,672,20260813
76037,n02168699_3692_n02168699.JPEG,303,20260813
76107,n04486054_10862_n04486054.JPEG,873,20260813
76142,n04325704_4711_n04325704.JPEG,824,20260813
76144,n02098286_4258_n02098286.JPEG,203,20260813
76155,n03393912_13488_n03393912.JPEG,565,20260813
76156,n03259280_7912_n03259280.JPEG,544,20260813
76163,n02408429_1137_n02408429.JPEG,346,20260813
76171,n02110627_20079_n02110627.JPEG,252,20260813
76216,n01641577_6032_n01641577.JPEG,30,20260813
76239,n02112018_3599_n02112018.JPEG,259,20260813
76249,n04462240_2331_n04462240.JPEG,865,20260813
76252,n01734418_16770_n01734418.JPEG,56,20260813
76261,n03690938_11320_n03690938.JPEG,631,20260813
76277,n03494278_6375_n03494278.JPEG,593,20260813
76282,n03777754_9075_n03777754.JPEG,662,20260813
76317,n03733131_6619_n03733131.JPEG,645,20260813
76334,n03857828_514_n03857828.JPEG,688,20260813
76373,n07716358_10837_n07716358.JPEG,939,20260813
76397,n07749582_4007_n07749582.JPEG,951,20260813
76403,n02113978_7057_n02113978.JPEG,268,20260813
76408,n02110063_2545_n02110063.JPEG,249,20260813
76410,n03792972_5933_n03792972.JPEG,672,20260813
76415,n01847000_4945_n01847000.JPEG,97,20260813
76448,n03125729_13572_n03125729.JPEG,516,20260813
76451,n02804610_15970_n02804610.JPEG,432,20260813
76456,n02497673_5945_n02497673.JPEG,383,20260813
76467,n02110958_6668_n02110958.JPEG,254,20260813
76473,n03804744_21199_n03804744.JPEG,677,20260813
76479,n03208938_8581_n03208938.JPEG,535,20260813
76480,n09193705_28393_n09193705.JPEG,970,20260813
76486,n02787622_6756_n02787622.JPEG,420,20260813
76497,n01682714_3117_n01682714.JPEG,40,20260813
76502,n02422699_3387_n02422699.JPEG,352,20260813
76507,n04131690_7440_n04131690.JPEG,773,20260813
76512,n01818515_1905_n01818515.JPEG,88,20260813
76527,n02981792_857_n02981792.JPEG,484,20260813
76533,n02981792_11069_n02981792.JPEG,484,20260813
76535,n02492660_98_n02492660.JPEG,379,20260813
76550,n03216828_2691_n03216828.JPEG,536,20260813
76560,n11879895_819_n11879895.JPEG,984,20260813
76577,n07613480_262_n07613480.JPEG,927,20260813
76595,n12985857_6127_n12985857.JPEG,991,20260813
76603,n09288635_11541_n09288635.JPEG,974,20260813
76618,n04033901_17640_n04033901.JPEG,749,20260813
76624,n01582220_4839_n01582220.JPEG,18,20260813
76633,n04479046_12188_n04479046.JPEG,869,20260813
76644,n02219486_19698_n02219486.JPEG,310,20260813
76645,n03461385_2531_n03461385.JPEG,582,20260813
76671,n02444819_124_n02444819.JPEG,360,20260813
76673,n03814639_2082_n03814639.JPEG,678,20260813
76702,n02102318_10523_n02102318.JPEG,219,20260813
76736,n04335435_2927_n04335435.JPEG,829,20260813
76748,n02113624_572_n02113624.JPEG,265,20260813
76751,n02094433_1241_n02094433.JPEG,187,20260813
76772,n02093859_4293_n02093859.JPEG,183,20260813
76775,n04462240_15905_n04462240.JPEG,865,20260813
76787,n03110669_119294_n03110669.JPEG,513,20260813
76790,n02101388_10315_n02101388.JPEG,215,20260813
76819,n04275548_7019_n04275548.JPEG,815,20260813
76822,n04019541_58708_n04019541.JPEG,746,20260813
76876,n03874293_10144_n03874293.JPEG,694,20260813
76898,n03633091_25712_n03633091.JPEG,618,20260813
76924,n03347037_11662_n03347037.JPEG,556,20260813
76925,n02641379_4469_n02641379.JPEG,395,20260813
76938,n02834397_3008_n02834397.JPEG,443,20260813
76984,n03028079_17351_n03028079.JPEG,497,20260813
76998,n01945685_16490_n01945685.JPEG,114,20260813
77002,n03325584_5551_n03325584.JPEG,552,20260813
77020,n07742313_3064_n07742313.JPEG,948,20260813
77022,n03838899_42956_n03838899.JPEG,683,20260813
77023,n02111129_881_n02111129.JPEG,255,20260813
77030,n02009912_9102_n02009912.JPEG,132,20260813
77065,n04311004_1148_n04311004.JPEG,821,20260813
77092,n03814906_5274_n03814906.JPEG,679,20260813
77126,n03290653_2689_n03290653.JPEG,548,20260813
77133,n01984695_34159_n01984695.JPEG,123,20260813
77152,n02114548_9730_n02114548.JPEG,270,20260813
77166,n01824575_5058_n01824575.JPEG,91,20260813
77181,n03594734_54457_n03594734.JPEG,608,20260813
77184,n02077923_658_n02077923.JPEG,150,20260813
77221,n07590611_5849_n07590611.JPEG,926,20260813
77239,n04264628_19265_n04264628.JPEG,810,20260813
77261,n01530575_3995_n01530575.JPEG,10,20260813
77320,n01496331_7735_n01496331.JPEG,5,20260813
77331,n01443537_3012_n01443537.JPEG,1,20260813
77334,n09288635_2783_n09288635.JPEG,974,20260813
77356,n02086240_1082_n02086240.JPEG,155,20260813
77379,n02497673_7115_n02497673.JPEG,383,20260813
77383,n03187595_513_n03187595.JPEG,528,20260813
77435,n07717410_2268_n07717410.JPEG,941,20260813
77465,n01692333_8524_n01692333.JPEG,45,20260813
77497,n07802026_16675_n07802026.JPEG,958,20260813
77509,n03146219_16221_n03146219.JPEG,524,20260813
77513,n07579787_9985_n07579787.JPEG,923,20260813
77528,n02172182_17517_n02172182.JPEG,305,20260813
77537,n04493381_7993_n04493381.JPEG,876,20260813
77546,n03676483_30013_n03676483.JPEG,629,20260813
77561,n04487081_10128_n04487081.JPEG,874,20260813
77565,n02172182_782_n02172182.JPEG,305,20260813
77568,n03680355_14295_n03680355.JPEG,630,20260813
77595,n02110063_7053_n02110063.JPEG,249,20260813
77647,n01494475_18859_n01494475.JPEG,4,20260813
77650,n03109150_2665_n03109150.JPEG,512,20260813
77682,n12985857_4157_n12985857.JPEG,991,20260813
77740,n02114367_25019_n02114367.JPEG,269,20260813
77779,n02606052_8535_n02606052.JPEG,392,20260813
77783,n01775062_8060_n01775062.JPEG,77,20260813
77785,n02277742_17626_n02277742.JPEG,322,20260813
77790,n03717622_9051_n03717622.JPEG,640,20260813
77799,n03658185_9684_n03658185.JPEG,623,20260813
77817,n02090721_5820_n02090721.JPEG,170,20260813
77820,n02097130_12548_n02097130.JPEG,197,20260813
77825,n02410509_190_n02410509.JPEG,347,20260813
77856,n04606251_2286_n04606251.JPEG,913,20260813
77860,n03670208_2187_n03670208.JPEG,627,20260813
77864,n02730930_2503_n02730930.JPEG,411,20260813
77870,n01580077_2213_n01580077.JPEG,17,20260813
77879,n01756291_15523_n01756291.JPEG,68,20260813
77881,n02107312_5665_n02107312.JPEG,237,20260813
77933,n02097658_929_n02097658.JPEG,201,20260813
77944,n03530642_18114_n03530642.JPEG,599,20260813
77958,n01742172_2846_n01742172.JPEG,61,20260813
77973,n02165456_17105_n02165456.JPEG,301,20260813
78005,n03814906_15274_n03814906.JPEG,679,20260813
78008,n03843555_2899_n03843555.JPEG,686,20260813
78025,n06874185_5612_n06874185.JPEG,920,20260813
78028,n02112018_919_n02112018.JPEG,259,20260813
78034,n03452741_25525_n03452741.JPEG,579,20260813
78057,n03452741_2387_n03452741.JPEG,579,20260813
78073,n03146219_3262_n03146219.JPEG,524,20260813
78076,n13133613_23408_n13133613.JPEG,998,20260813
78079,n04044716_7061_n04044716.JPEG,755,20260813
78093,n02102040_3586_n02102040.JPEG,217,20260813
78117,n02229544_3078_n02229544.JPEG,312,20260813
78128,n03977966_56407_n03977966.JPEG,734,20260813
78152,n02493509_13680_n02493509.JPEG,380,20260813
78158,n02071294_3563_n02071294.JPEG,148,20260813
78183,n04141975_3127_n04141975.JPEG,778,20260813
78192,n01560419_6390_n01560419.JPEG,16,20260813
78196,n01560419_385_n01560419.JPEG,16,20260813
78219,n02012849_33250_n02012849.JPEG,134,20260813
78222,n03782006_4510_n03782006.JPEG,664,20260813
78257,n02777292_26817_n02777292.JPEG,416,20260813
78327,n04613696_2717_n04613696.JPEG,915,20260813
78339,n04069434_13403_n04069434.JPEG,759,20260813
78356,n02817516_65946_n02817516.JPEG,439,20260813
78365,n03729826_27250_n03729826.JPEG,644,20260813
78374,n02966193_11070_n02966193.JPEG,476,20260813
78376,n02110806_1033_n02110806.JPEG,253,20260813
78380,n04286575_7896_n04286575.JPEG,818,20260813
78420,n02489166_9739_n02489166.JPEG,376,20260813
78449,n02909870_43_n02909870.JPEG,463,20260813
78450,n04252225_18326_n04252225.JPEG,803,20260813
78456,n03832673_15126_n03832673.JPEG,681,20260813
78474,n03394916_40563_n03394916.JPEG,566,20260813
78490,n03384352_122_n03384352.JPEG,561,20260813
78550,n04485082_2090_n04485082.JPEG,872,20260813
78572,n01695060_14426_n01695060.JPEG,48,20260813
78582,n03208938_4379_n03208938.JPEG,535,20260813
78592,n01737021_6737_n01737021.JPEG,58,20260813
78594,n03773504_17884_n03773504.JPEG,657,20260813
78605,n09835506_25586_n09835506.JPEG,981,20260813
78672,n03903868_46637_n03903868.JPEG,708,20260813
78689,n04604644_40342_n04604644.JPEG,912,20260813
78693,n04041544_40232_n04041544.JPEG,754,20260813
78708,n02823750_6769_n02823750.JPEG,441,20260813
78719,n03131574_19238_n03131574.JPEG,520,20260813
78722,n02128925_20696_n02128925.JPEG,290,20260813
78727,n02125311_31442_n02125311.JPEG,286,20260813
78728,n04372370_15850_n04372370.JPEG,844,20260813
78729,n01514668_22136_n01514668.JPEG,7,20260813
78752,n04599235_22108_n04599235.JPEG,911,20260813
78800,n04380533_8009_n04380533.JPEG,846,20260813
78816,n09229709_50721_n09229709.JPEG,971,20260813
78821,n03642806_16599_n03642806.JPEG,620,20260813
78849,n02500267_3707_n02500267.JPEG,384,20260813
78852,n02094258_6215_n02094258.JPEG,186,20260813
78870,n07590611_7395_n07590611.JPEG,926,20260813
78879,n02500267_7601_n02500267.JPEG,384,20260813
78882,n03868242_6943_n03868242.JPEG,690,20260813
78915,n02106662_9608_n02106662.JPEG,235,20260813
78930,n03467068_26930_n03467068.JPEG,583,20260813
78947,n02105505_1644_n02105505.JPEG,228,20260813
78955,n02108915_553_n02108915.JPEG,245,20260813
79001,n02087046_7365_n02087046.JPEG,158,20260813
79030,n04067472_23421_n04067472.JPEG,758,20260813
79063,n04515003_12371_n04515003.JPEG,881,20260813
79094,n01560419_5472_n01560419.JPEG,16,20260813
79100,n02504013_2476_n02504013.JPEG,385,20260813
79106,n01877812_921_n01877812.JPEG,104,20260813
79161,n01984695_294_n01984695.JPEG,123,20260813
79186,n01737021_8650_n01737021.JPEG,58,20260813
79201,n03124043_8131_n03124043.JPEG,514,20260813
79203,n04005630_22795_n04005630.JPEG,743,20260813
79212,n03372029_52154_n03372029.JPEG,558,20260813
79235,n01641577_9122_n01641577.JPEG,30,20260813
79237,n04485082_19828_n04485082.JPEG,872,20260813
79267,n02363005_16095_n02363005.JPEG,337,20260813
79282,n02492035_5429_n02492035.JPEG,378,20260813
79290,n03944341_19736_n03944341.JPEG,723,20260813
79303,n07880968_1705_n07880968.JPEG,965,20260813
79305,n07880968_8665_n07880968.JPEG,965,20260813
79311,n02791270_11116_n02791270.JPEG,424,20260813
79318,n02492035_1268_n02492035.JPEG,378,20260813
79320,n01860187_23104_n01860187.JPEG,100,20260813
79321,n03838899_4475_n03838899.JPEG,683,20260813
79327,n07860988_14876_n07860988.JPEG,961,20260813
79338,n03476684_19347_n03476684.JPEG,584,20260813
79342,n02948072_2492_n02948072.JPEG,470,20260813
79344,n04482393_35805_n04482393.JPEG,870,20260813
79360,n02112018_4957_n02112018.JPEG,259,20260813
79382,n03773504_24067_n03773504.JPEG,657,20260813
79391,n07697313_2939_n07697313.JPEG,933,20260813
79403,n03970156_19724_n03970156.JPEG,731,20260813
79427,n03710193_7846_n03710193.JPEG,637,20260813
79442,n03637318_2646_n03637318.JPEG,619,20260813
79443,n02321529_10415_n02321529.JPEG,329,20260813
79448,n01833805_1347_n01833805.JPEG,94,20260813
79456,n01797886_9931_n01797886.JPEG,82,20260813
79470,n03110669_149918_n03110669.JPEG,513,20260813
79489,n02106550_13019_n02106550.JPEG,234,20260813
79502,n02106166_19113_n02106166.JPEG,232,20260813
79509,n04141975_13529_n04141975.JPEG,778,20260813
79518,n01855672_3179_n01855672.JPEG,99,20260813
79534,n03691459_46450_n03691459.JPEG,632,20260813
79559,n02797295_9401_n02797295.JPEG,428,20260813
79569,n02356798_2641_n02356798.JPEG,335,20260813
79610,n03063689_10567_n03063689.JPEG,505,20260813
79648,n03188531_14599_n03188531.JPEG,529,20260813
79657,n02085620_1466_n02085620.JPEG,151,20260813
79662,n03042490_663_n03042490.JPEG,500,20260813
79665,n04326547_331_n04326547.JPEG,825,20260813
79673,n03874293_11327_n03874293.JPEG,694,20260813
79692,n02640242_29106_n02640242.JPEG,394,20260813
79703,n04517823_12771_n04517823.JPEG,882,20260813
79704,n02104365_4273_n02104365.JPEG,223,20260813
79707,n02804414_331_n02804414.JPEG,431,20260813
79762,n02105855_13792_n02105855.JPEG,230,20260813
79798,n03000684_2296_n03000684.JPEG,491,20260813
79805,n01755581_7284_n01755581.JPEG,67,20260813
79857,n04228054_1735_n04228054.JPEG,795,20260813
79864,n02134418_1263_n02134418.JPEG,297,20260813
79866,n03843555_6323_n03843555.JPEG,686,20260813
79891,n02264363_8582_n02264363.JPEG,318,20260813
79906,n02325366_4279_n02325366.JPEG,330,20260813
79918,n02095570_3288_n02095570.JPEG,189,20260813
79970,n04591713_7392_n04591713.JPEG,907,20260813
79974,n07836838_89_n07836838.JPEG,960,20260813
79975,n01532829_16124_n01532829.JPEG,12,20260813
79977,n03443371_8838_n03443371.JPEG,572,20260813
79978,n02109961_3054_n02109961.JPEG,248,20260813
79985,n03871628_5477_n03871628.JPEG,692,20260813
79986,n03590841_1053_n03590841.JPEG,607,20260813
80003,n07932039_521_n07932039.JPEG,969,20260813
80008,n02099601_1873_n02099601.JPEG,207,20260813
80027,n02777292_4868_n02777292.JPEG,416,20260813
80038,n02165105_11294_n02165105.JPEG,300,20260813
80039,n02102040_8432_n02102040.JPEG,217,20260813
80044,n02097658_6039_n02097658.JPEG,201,20260813
80051,n07730033_16347_n07730033.JPEG,946,20260813
80059,n02011460_18441_n02011460.JPEG,133,20260813
80067,n02088632_6389_n02088632.JPEG,164,20260813
80087,n01990800_4888_n01990800.JPEG,126,20260813
80099,n03498962_225_n03498962.JPEG,596,20260813
80106,n02346627_12300_n02346627.JPEG,334,20260813
80113,n02128385_1014_n02128385.JPEG,288,20260813
80119,n03085013_18668_n03085013.JPEG,508,20260813
80125,n01883070_5035_n01883070.JPEG,106,20260813
80127,n03617480_17311_n03617480.JPEG,614,20260813
80135,n02105056_1762_n02105056.JPEG,224,20260813
80149,n07875152_3029_n07875152.JPEG,964,20260813
80153,n02093754_1478_n02093754.JPEG,182,20260813
80159,n04356056_3256_n04356056.JPEG,837,20260813
80187,n03461385_65774_n03461385.JPEG,582,20260813
80221,n03840681_5610_n03840681.JPEG,684,20260813
80222,n02123045_3068_n02123045.JPEG,281,20260813
80283,n03314780_9512_n03314780.JPEG,551,20260813
80290,n02018207_11019_n02018207.JPEG,137,20260813
80312,n04366367_26826_n04366367.JPEG,839,20260813
80313,n03947888_15065_n03947888.JPEG,724,20260813
80348,n02840245_493_n02840245.JPEG,446,20260813
80353,n04019541_33820_n04019541.JPEG,746,20260813
80363,n04557648_14345_n04557648.JPEG,898,20260813
80370,n03207743_11233_n03207743.JPEG,533,20260813
80427,n03530642_30816_n03530642.JPEG,599,20260813
80436,n12144580_1087_n12144580.JPEG,987,20260813
80445,n06794110_1796_n06794110.JPEG,919,20260813
80449,n02107312_6255_n02107312.JPEG,237,20260813
80453,n02091032_1463_n02091032.JPEG,171,20260813
80469,n03785016_45622_n03785016.JPEG,665,20260813
80484,n02948072_409_n02948072.JPEG,470,20260813
80492,n01950731_17987_n01950731.JPEG,115,20260813
80508,n02747177_19382_n02747177.JPEG,412,20260813
80514,n03657121_16312_n03657121.JPEG,622,20260813
80519,n02980441_24275_n02980441.JPEG,483,20260813
80527,n03814906_30836_n03814906.JPEG,679,20260813
80533,n03868242_4612_n03868242.JPEG,690,20260813
80546,n04592741_15006_n04592741.JPEG,908,20260813
80552,n01687978_5069_n01687978.JPEG,42,20260813
80564,n02786058_8689_n02786058.JPEG,419,20260813
80576,n02606052_16191_n02606052.JPEG,392,20260813
80577,n03028079_7635_n03028079.JPEG,497,20260813
80592,n02395406_3618_n02395406.JPEG,341,20260813
80603,n03355925_18934_n03355925.JPEG,557,20260813
80606,n03710193_22526_n03710193.JPEG,637,20260813
80616,n03976657_18829_n03976657.JPEG,733,20260813
80637,n03794056_4079_n03794056.JPEG,674,20260813
80642,n01742172_10317_n01742172.JPEG,61,20260813
80650,n02817516_68522_n02817516.JPEG,439,20260813
80651,n03483316_10916_n03483316.JPEG,589,20260813
80694,n02483362_21000_n02483362.JPEG,368,20260813
80700,n02317335_20887_n02317335.JPEG,327,20260813
80712,n04086273_8684_n04086273.JPEG,763,20260813
80753,n02666196_15823_n02666196.JPEG,398,20260813
80766,n02281787_2471_n02281787.JPEG,326,20260813
80775,n03888257_23192_n03888257.JPEG,701,20260813
80800,n02088094_4294_n02088094.JPEG,160,20260813
80806,n02966193_84189_n02966193.JPEG,476,20260813
80833,n03207941_8507_n03207941.JPEG,534,20260813
80847,n03109150_24136_n03109150.JPEG,512,20260813
80864,n03877472_28009_n03877472.JPEG,697,20260813
80920,n02104029_4358_n02104029.JPEG,222,20260813
80940,n02963159_7923_n02963159.JPEG,474,20260813
80946,n02092339_4400_n02092339.JPEG,178,20260813
80963,n03337140_5317_n03337140.JPEG,553,20260813
80966,n04597913_3978_n04597913.JPEG,910,20260813
80977,n03016953_3391_n03016953.JPEG,493,20260813
81001,n02120505_25305_n02120505.JPEG,280,20260813
81016,n07875152_11018_n07875152.JPEG,964,20260813
81027,n04005630_93269_n04005630.JPEG,743,20260813
81035,n02127052_21504_n02127052.JPEG,287,20260813
81056,n02095570_9138_n02095570.JPEG,189,20260813
81063,n03594734_4559_n03594734.JPEG,608,20260813
81067,n04536866_2192_n04536866.JPEG,889,20260813
81079,n07831146_4162_n07831146.JPEG,959,20260813
81082,n03584254_1503_n03584254.JPEG,605,20260813
81120,n02640242_5798_n02640242.JPEG,394,20260813
81122,n02097658_1978_n02097658.JPEG,201,20260813
81136,n04208210_18496_n04208210.JPEG,792,20260813
81147,n03884397_17279_n03884397.JPEG,699,20260813
81165,n02870880_6779_n02870880.JPEG,453,20260813
81185,n01755581_12200_n01755581.JPEG,67,20260813
81194,n02840245_10914_n02840245.JPEG,446,20260813
81211,n02112018_467_n02112018.JPEG,259,20260813
81213,n02115913_11992_n02115913.JPEG,274,20260813
81215,n02056570_992_n02056570.JPEG,145,20260813
81220,n03100240_14174_n03100240.JPEG,511,20260813
81227,n02105412_3820_n02105412.JPEG,227,20260813
81234,n02087394_11174_n02087394.JPEG,159,20260813
81238,n02391049_2166_n02391049.JPEG,340,20260813
81248,n03016953_2578_n03016953.JPEG,493,20260813
81269,n02106550_1219_n02106550.JPEG,234,20260813
81288,n02091467_9885_n02091467.JPEG,174,20260813
81289,n07714990_2236_n07714990.JPEG,937,20260813
81304,n02939185_38973_n02939185.JPEG,469,20260813
81320,n02483708_5765_n02483708.JPEG,369,20260813
81330,n02099849_290_n02099849.JPEG,209,20260813
81342,n03017168_54629_n03017168.JPEG,494,20260813
81350,n07718472_10238_n07718472.JPEG,943,20260813
81358,n01514859_4762_n01514859.JPEG,8,20260813
81362,n03400231_18712_n03400231.JPEG,567,20260813
81374,n02814533_42278_n02814533.JPEG,436,20260813
81406,n03804744_39124_n03804744.JPEG,677,20260813
81413,n02105251_5444_n02105251.JPEG,226,20260813
81449,n01770081_3326_n01770081.JPEG,70,20260813
81456,n04557648_6987_n04557648.JPEG,898,20260813
81457,n02219486_24830_n02219486.JPEG,310,20260813
81460,n03742115_9413_n03742115.JPEG,648,20260813
81471,n04149813_5280_n04149813.JPEG,781,20260813
81477,n03666591_46566_n03666591.JPEG,626,20260813
81510,n03796401_19997_n03796401.JPEG,675,20260813
81593,n02092339_3229_n02092339.JPEG,178,20260813
81594,n01531178_26327_n01531178.JPEG,11,20260813
81602,n04398044_3345_n04398044.JPEG,849,20260813
81624,n07697313_7315_n07697313.JPEG,933,20260813
81651,n07932039_7301_n07932039.JPEG,969,20260813
81664,n07697313_421_n07697313.JPEG,933,20260813
81670,n03598930_812_n03598930.JPEG,611,20260813
81671,n04613696_6958_n04613696.JPEG,915,20260813
81680,n04517823_10392_n04517823.JPEG,882,20260813
81687,n02894605_8885_n02894605.JPEG,460,20260813
81705,n04141076_39673_n04141076.JPEG,776,20260813
81730,n04435653_3699_n04435653.JPEG,858,20260813
81746,n03197337_2612_n03197337.JPEG,531,20260813
81793,n09288635_2962_n09288635.JPEG,974,20260813
81806,n03742115_33927_n03742115.JPEG,648,20260813
81815,n01735189_17275_n01735189.JPEG,57,20260813
81831,n02111277_11200_n02111277.JPEG,256,20260813
81843,n02236044_469_n02236044.JPEG,315,20260813
81858,n04483307_11769_n04483307.JPEG,871,20260813
81883,n04111531_4438_n04111531.JPEG,766,20260813
81893,n03709823_17757_n03709823.JPEG,636,20260813
81895,n03141823_4502_n03141823.JPEG,523,20260813
81904,n02130308_13202_n02130308.JPEG,293,20260813
81916,n02165456_20706_n02165456.JPEG,301,20260813
81919,n04238763_3366_n04238763.JPEG,798,20260813
81929,n02927161_1109_n02927161.JPEG,467,20260813
81932,n02097130_315_n02097130.JPEG,197,20260813
81957,n02777292_2163_n02777292.JPEG,416,20260813
81975,n02510455_1060_n02510455.JPEG,388,20260813
81976,n01910747_17028_n01910747.JPEG,107,20260813
82008,n03492542_34055_n03492542.JPEG,592,20260813
82014,n04141076_3715_n04141076.JPEG,776,20260813
82029,n03459775_19277_n03459775.JPEG,581,20260813
82056,n04251144_15957_n04251144.JPEG,801,20260813
82065,n02130308_22900_n02130308.JPEG,293,20260813
82080,n02422106_4342_n02422106.JPEG,351,20260813
82095,n02992529_22984_n02992529.JPEG,487,20260813
82165,n03450230_38834_n03450230.JPEG,578,20260813
82170,n03065424_1629_n03065424.JPEG,506,20260813
82184,n02086646_8479_n02086646.JPEG,156,20260813
82228,n03100240_3267_n03100240.JPEG,511,20260813
82242,n02091635_9895_n02091635.JPEG,175,20260813
82249,n03134739_569_n03134739.JPEG,522,20260813
82276,n02906734_6387_n02906734.JPEG,462,20260813
82293,n03633091_9235_n03633091.JPEG,618,20260813
82312,n02823750_2045_n02823750.JPEG,441,20260813
82331,n03379051_3337_n03379051.JPEG,560,20260813
82353,n01984695_105854_n01984695.JPEG,123,20260813
82372,n02894605_36573_n02894605.JPEG,460,20260813
82374,n02066245_9654_n02066245.JPEG,147,20260813
82394,n04591157_1855_n04591157.JPEG,906,20260813
82396,n04355338_3479_n04355338.JPEG,835,20260813
82419,n01534433_12777_n01534433.JPEG,13,20260813
82424,n01749939_5331_n01749939.JPEG,64,20260813
82433,n04033995_8961_n04033995.JPEG,750,20260813
82450,n03527444_956_n03527444.JPEG,597,20260813
82462,n04613696_9904_n04613696.JPEG,915,20260813
82498,n02342885_11880_n02342885.JPEG,333,20260813
82525,n07718747_17546_n07718747.JPEG,944,20260813
82526,n09288635_3837_n09288635.JPEG,974,20260813
82538,n02110806_19543_n02110806.JPEG,253,20260813
82554,n02483708_5756_n02483708.JPEG,369,20260813
82561,n02112137_6898_n02112137.JPEG,260,20260813
82566,n02074367_19123_n02074367.JPEG,149,20260813
82577,n03495258_22642_n03495258.JPEG,594,20260813
82578,n02783161_36398_n02783161.JPEG,418,20260813
82589,n04550184_5411_n04550184.JPEG,894,20260813
82637,n10565667_16273_n10565667.JPEG,983,20260813
82639,n03250847_13299_n03250847.JPEG,542,20260813
82647,n02095570_8296_n02095570.JPEG,189,20260813
82665,n07875152_229_n07875152.JPEG,964,20260813
82681,n03929855_6313_n03929855.JPEG,715,20260813
82727,n02089078_2258_n02089078.JPEG,165,20260813
82747,n03793489_7942_n03793489.JPEG,673,20260813
82749,n02110806_4549_n02110806.JPEG,253,20260813
82753,n02206856_2257_n02206856.JPEG,309,20260813
82754,n02093754_6221_n02093754.JPEG,182,20260813
82760,n02280649_8707_n02280649.JPEG,324,20260813
82768,n02091134_2717_n02091134.JPEG,172,20260813
82780,n02128385_14889_n02128385.JPEG,288,20260813
82783,n03961711_14414_n03961711.JPEG,729,20260813
82791,n03961711_18410_n03961711.JPEG,729,20260813
82796,n01749939_7726_n01749939.JPEG,64,20260813
82800,n03710637_5870_n03710637.JPEG,638,20260813
82819,n03832673_13598_n03832673.JPEG,681,20260813
82823,n02256656_14604_n02256656.JPEG,316,20260813
82824,n02808440_24013_n02808440.JPEG,435,20260813
82848,n02018207_10651_n02018207.JPEG,137,20260813
82875,n02012849_276_n02012849.JPEG,134,20260813
82892,n03777568_10204_n03777568.JPEG,661,20260813
82895,n03944341_5162_n03944341.JPEG,723,20260813
82923,n02100877_4386_n02100877.JPEG,213,20260813
82928,n03947888_40856_n03947888.JPEG,724,20260813
82950,n02480495_2576_n02480495.JPEG,365,20260813
82955,n12998815_1589_n12998815.JPEG,992,20260813
83002,n02793495_10965_n02793495.JPEG,425,20260813
83012,n03770439_8529_n03770439.JPEG,655,20260813
83033,n02105855_11931_n02105855.JPEG,230,20260813
83037,n04486054_5147_n04486054.JPEG,873,20260813
83055,n02727426_37482_n02727426.JPEG,410,20260813
83070,n04483307_9594_n04483307.JPEG,871,20260813
83073,n02939185_3378_n02939185.JPEG,469,20260813
83080,n02018207_17950_n02018207.JPEG,137,20260813
83081,n03594945_17895_n03594945.JPEG,609,20260813
83082,n10565667_7196_n10565667.JPEG,983,20260813
83103,n03775546_3985_n03775546.JPEG,659,20260813
83124,n03207941_3185_n03207941.JPEG,534,20260813
83139,n01692333_10392_n01692333.JPEG,45,20260813
83150,n01806143_9760_n01806143.JPEG,84,20260813
83171,n02978881_8231_n02978881.JPEG,481,20260813
83176,n02091244_5270_n02091244.JPEG,173,20260813
83185,n03271574_19790_n03271574.JPEG,545,20260813
83220,n02088466_1739_n02088466.JPEG,163,20260813
83222,n03670208_44086_n03670208.JPEG,627,20260813
83235,n01644373_4361_n01644373.JPEG,31,20260813
83246,n03160309_6279_n03160309.JPEG,525,20260813
83263,n03187595_13925_n03187595.JPEG,528,20260813
83278,n03868863_11786_n03868863.JPEG,691,20260813
83288,n02229544_3188_n02229544.JPEG,312,20260813
83302,n04005630_5983_n04005630.JPEG,743,20260813
83309,n03042490_6518_n03042490.JPEG,500,20260813
83310,n02105056_7240_n02105056.JPEG,224,20260813
83311,n07860988_9091_n07860988.JPEG,961,20260813
83319,n01828970_2779_n01828970.JPEG,92,20260813
83337,n04442312_12093_n04442312.JPEG,859,20260813
83339,n01820546_2425_n01820546.JPEG,90,20260813
83352,n03804744_6540_n03804744.JPEG,677,20260813
83354,n02277742_7124_n02277742.JPEG,322,20260813
83382,n01770393_15404_n01770393.JPEG,71,20260813
83392,n02666196_15043_n02666196.JPEG,398,20260813
83409,n02977058_25181_n02977058.JPEG,480,20260813
83414,n04592741_12635_n04592741.JPEG,908,20260813
83426,n02089078_8134_n02089078.JPEG,165,20260813
83443,n02999410_12361_n02999410.JPEG,488,20260813
83448,n04192698_18093_n04192698.JPEG,787,20260813
83449,n03761084_19161_n03761084.JPEG,651,20260813
83499,n03623198_1672_n03623198.JPEG,615,20260813
83536,n03133878_5968_n03133878.JPEG,521,20260813
83551,n03595614_2027_n03595614.JPEG,610,20260813
83575,n01775062_8281_n01775062.JPEG,77,20260813
83583,n07892512_15933_n07892512.JPEG,966,20260813
83591,n02504458_5412_n02504458.JPEG,386,20260813
83595,n03344393_4246_n03344393.JPEG,554,20260813
83615,n01689811_9409_n01689811.JPEG,44,20260813
83616,n02389026_1838_n02389026.JPEG,339,20260813
83632,n03325584_3633_n03325584.JPEG,552,20260813
83656,n02106166_21156_n02106166.JPEG,232,20260813
83669,n04033901_3346_n04033901.JPEG,749,20260813
83682,n02095570_510_n02095570.JPEG,189,20260813
83699,n04447861_4869_n04447861.JPEG,861,20260813
83724,n02056570_1970_n02056570.JPEG,145,20260813
83727,n03891332_7375_n03891332.JPEG,704,20260813
83747,n03617480_6259_n03617480.JPEG,614,20260813
83754,n03347037_8556_n03347037.JPEG,556,20260813
83769,n02107908_9718_n02107908.JPEG,240,20260813
83778,n01955084_2840_n01955084.JPEG,116,20260813
83795,n03325584_10249_n03325584.JPEG,552,20260813
83796,n04067472_48318_n04067472.JPEG,758,20260813
83802,n04335435_129923_n04335435.JPEG,829,20260813
83845,n02120079_20848_n02120079.JPEG,279,20260813
83850,n02105162_5871_n02105162.JPEG,225,20260813
83855,n04099969_11938_n04099969.JPEG,765,20260813
83865,n01795545_2575_n01795545.JPEG,80,20260813
83931,n04461696_2209_n04461696.JPEG,864,20260813
83958,n03661043_20320_n03661043.JPEG,624,20260813
83974,n02106030_14892_n02106030.JPEG,231,20260813
83996,n09835506_724_n09835506.JPEG,981,20260813
84015,n02107142_20935_n02107142.JPEG,236,20260813
84017,n02096585_6805_n02096585.JPEG,195,20260813
84023,n02095314_2916_n02095314.JPEG,188,20260813
84025,n02843684_36244_n02843684.JPEG,448,20260813
84040,n01806567_1303_n01806567.JPEG,85,20260813
84079,n03127925_6977_n03127925.JPEG,519,20260813
84107,n02894605_139066_n02894605.JPEG,460,20260813
84136,n02776631_31730_n02776631.JPEG,415,20260813
84155,n03544143_5293_n03544143.JPEG,604,20260813
84178,n04552348_13221_n04552348.JPEG,895,20260813
84210,n01818515_9171_n01818515.JPEG,88,20260813
84257,n03085013_20749_n03085013.JPEG,508,20260813
84265,n02113624_2407_n02113624.JPEG,265,20260813
84284,n01667778_5082_n01667778.JPEG,36,20260813
84293,n07836838_10870_n07836838.JPEG,960,20260813
84317,n07753592_6697_n07753592.JPEG,954,20260813
84319,n04326547_222_n04326547.JPEG,825,20260813
84323,n04141327_890_n04141327.JPEG,777,20260813
84338,n07695742_9606_n07695742.JPEG,932,20260813
84367,n03388043_18060_n03388043.JPEG,562,20260813
84400,n01983481_19658_n01983481.JPEG,122,20260813
84426,n01882714_8442_n01882714.JPEG,105,20260813
84428,n02100583_5592_n02100583.JPEG,211,20260813
84430,n02088094_11529_n02088094.JPEG,160,20260813
84440,n02056570_7086_n02056570.JPEG,145,20260813
84448,n01910747_16593_n01910747.JPEG,107,20260813
84454,n04264628_7178_n04264628.JPEG,810,20260813
84489,n03249569_5659_n03249569.JPEG,541,20260813
84514,n02066245_9787_n02066245.JPEG,147,20260813
84527,n03770679_8622_n03770679.JPEG,656,20260813
84547,n04149813_2780_n04149813.JPEG,781,20260813
84548,n03272562_2973_n03272562.JPEG,547,20260813
84576,n04201297_9527_n04201297.JPEG,789,20260813
84600,n03873416_9249_n03873416.JPEG,693,20260813
84626,n07565083_4318_n07565083.JPEG,922,20260813
84650,n09399592_79074_n09399592.JPEG,976,20260813
84666,n02133161_5877_n02133161.JPEG,295,20260813
84689,n02445715_23856_n02445715.JPEG,361,20260813
84691,n04330267_21623_n04330267.JPEG,827,20260813
84693,n04049303_8967_n04049303.JPEG,756,20260813
84694,n03884397_14996_n03884397.JPEG,699,20260813
84704,n03680355_4319_n03680355.JPEG,630,20260813
84705,n02096177_227_n02096177.JPEG,192,20260813
84713,n01629819_13721_n01629819.JPEG,25,20260813
84753,n02443484_10679_n02443484.JPEG,359,20260813
84769,n03976467_8542_n03976467.JPEG,732,20260813
84782,n04523525_37851_n04523525.JPEG,884,20260813
84790,n04336792_13079_n04336792.JPEG,830,20260813
84796,n03272010_1328_n03272010.JPEG,546,20260813
84817,n03425413_20836_n03425413.JPEG,571,20260813
84841,n04371774_14309_n04371774.JPEG,843,20260813
84844,n02102040_3180_n02102040.JPEG,217,20260813
84855,n04074963_14676_n04074963.JPEG,761,20260813
84860,n04133789_19195_n04133789.JPEG,774,20260813
84880,n03868242_12226_n03868242.JPEG,690,20260813
84891,n03697007_761_n03697007.JPEG,634,20260813
84905,n01677366_11219_n01677366.JPEG,39,20260813
84914,n02437616_52400_n02437616.JPEG,355,20260813
84921,n02494079_3126_n02494079.JPEG,382,20260813
84971,n02094258_6049_n02094258.JPEG,186,20260813
85022,n02992529_9066_n02992529.JPEG,487,20260813
85051,n03947888_1070_n03947888.JPEG,724,20260813
85075,n03063599_5019_n03063599.JPEG,504,20260813
85105,n02494079_8983_n02494079.JPEG,382,20260813
85109,n03710721_19957_n03710721.JPEG,639,20260813
85122,n02120079_2564_n02120079.JPEG,279,20260813
85131,n02951585_32074_n02951585.JPEG,473,20260813
85132,n01824575_6236_n01824575.JPEG,91,20260813
85137,n02747177_32764_n02747177.JPEG,412,20260813
85141,n03457902_10374_n03457902.JPEG,580,20260813
85182,n04330267_21186_n04330267.JPEG,827,20260813
85188,n03982430_31502_n03982430.JPEG,736,20260813
85202,n02094258_4426_n02094258.JPEG,186,20260813
85211,n04116512_25742_n04116512.JPEG,767,20260813
85212,n03937543_1143_n03937543.JPEG,720,20260813
85244,n03017168_71809_n03017168.JPEG,494,20260813
85257,n03724870_12361_n03724870.JPEG,643,20260813
85271,n03662601_23478_n03662601.JPEG,625,20260813
85281,n01877812_2532_n01877812.JPEG,104,20260813
85319,n02823428_4351_n02823428.JPEG,440,20260813
85342,n04371430_11812_n04371430.JPEG,842,20260813
85348,n04356056_55271_n04356056.JPEG,837,20260813
85359,n02231487_11260_n02231487.JPEG,313,20260813
85372,n02871525_56203_n02871525.JPEG,454,20260813
85382,n02113978_3714_n02113978.JPEG,268,20260813
85410,n02319095_8646_n02319095.JPEG,328,20260813
85437,n01770081_27705_n01770081.JPEG,70,20260813
85446,n03873416_36311_n03873416.JPEG,693,20260813
85455,n02167151_1120_n02167151.JPEG,302,20260813
85478,n03938244_23243_n03938244.JPEG,721,20260813
85508,n02107574_5457_n02107574.JPEG,238,20260813
85510,n01608432_41545_n01608432.JPEG,21,20260813
85539,n02441942_21331_n02441942.JPEG,356,20260813
85543,n03000684_1883_n03000684.JPEG,491,20260813
85562,n04591713_2344_n04591713.JPEG,907,20260813
85638,n04228054_2110_n04228054.JPEG,795,20260813
85663,n02504458_7302_n02504458.JPEG,386,20260813
85677,n02093991_843_n02093991.JPEG,184,20260813
85693,n01943899_7028_n01943899.JPEG,112,20260813
85712,n02134418_2279_n02134418.JPEG,297,20260813
85713,n01749939_134_n01749939.JPEG,64,20260813
85715,n01768244_2716_n01768244.JPEG,69,20260813
85727,n07802026_19606_n07802026.JPEG,958,20260813
85733,n11939491_20989_n11939491.JPEG,985,20260813
85757,n02895154_13410_n02895154.JPEG,461,20260813
85795,n03538406_7201_n03538406.JPEG,603,20260813
85797,n03476991_32553_n03476991.JPEG,585,20260813
85850,n02102480_1002_n02102480.JPEG,220,20260813
85863,n04069434_14588_n04069434.JPEG,759,20260813
85952,n02113186_8626_n02113186.JPEG,264,20260813
85968,n13052670_3880_n13052670.JPEG,996,20260813
85990,n03733131_16781_n03733131.JPEG,645,20260813
86036,n03590841_5947_n03590841.JPEG,607,20260813
86053,n03777568_5855_n03777568.JPEG,661,20260813
86099,n07720875_4129_n07720875.JPEG,945,20260813
86107,n04263257_2855_n04263257.JPEG,809,20260813
86130,n03388183_12689_n03388183.JPEG,563,20260813
86140,n02097474_10860_n02097474.JPEG,200,20260813
86179,n06596364_13859_n06596364.JPEG,917,20260813
86188,n03868242_2595_n03868242.JPEG,690,20260813
86204,n02105641_9904_n02105641.JPEG,229,20260813
86214,n01984695_14360_n01984695.JPEG,123,20260813
86224,n02137549_9515_n02137549.JPEG,298,20260813
86253,n01860187_10465_n01860187.JPEG,100,20260813
86257,n02097298_3038_n02097298.JPEG,199,20260813
86263,n02951358_34430_n02951358.JPEG,472,20260813
86278,n01773797_8087_n01773797.JPEG,74,20260813
86286,n01530575_35698_n01530575.JPEG,10,20260813
86302,n03452741_17375_n03452741.JPEG,579,20260813
86309,n03891332_3119_n03891332.JPEG,704,20260813
86312,n03874293_4324_n03874293.JPEG,694,20260813
86334,n04540053_12370_n04540053.JPEG,890,20260813
86365,n03673027_26022_n03673027.JPEG,628,20260813
86376,n03394916_37195_n03394916.JPEG,566,20260813
86379,n03804744_5342_n03804744.JPEG,677,20260813
86409,n04252077_8519_n04252077.JPEG,802,20260813
86445,n03127747_1852_n03127747.JPEG,518,20260813
86448,n04532670_5593_n04532670.JPEG,888,20260813
86449,n04125021_11703_n04125021.JPEG,771,20260813
86458,n04153751_10816_n04153751.JPEG,783,20260813
86468,n01774750_3526_n01774750.JPEG,76,20260813
86471,n10565667_947_n10565667.JPEG,983,20260813
86495,n03782006_10604_n03782006.JPEG,664,20260813
86554,n01592084_2609_n01592084.JPEG,19,20260813
86559,n09428293_43476_n09428293.JPEG,978,20260813
86565,n04548362_22425_n04548362.JPEG,893,20260813
86567,n03325584_8992_n03325584.JPEG,552,20260813
86581,n02089078_8557_n02089078.JPEG,165,20260813
86594,n02999410_35284_n02999410.JPEG,488,20260813
86602,n01608432_37968_n01608432.JPEG,21,20260813
86633,n02965783_6920_n02965783.JPEG,475,20260813
86648,n01877812_2546_n01877812.JPEG,104,20260813
86672,n04487394_18689_n04487394.JPEG,875,20260813
86681,n03000247_168_n03000247.JPEG,490,20260813
86716,n04552348_5937_n04552348.JPEG,895,20260813
86732,n02397096_1795_n02397096.JPEG,343,20260813
86762,n01751748_16585_n01751748.JPEG,65,20260813
86770,n02948072_2160_n02948072.JPEG,470,20260813
86777,n07717556_4734_n07717556.JPEG,942,20260813
86795,n03417042_15898_n03417042.JPEG,569,20260813
86809,n02802426_10109_n02802426.JPEG,430,20260813
86823,n02797295_6141_n02797295.JPEG,428,20260813
86824,n09421951_20833_n09421951.JPEG,977,20260813
86827,n02091635_4392_n02091635.JPEG,175,20260813
86834,n03041632_10540_n03041632.JPEG,499,20260813
86841,n02094433_3878_n02094433.JPEG,187,20260813
86846,n03444034_1366_n03444034.JPEG,573,20260813
86862,n02105505_2134_n02105505.JPEG,228,20260813
86884,n02877765_159_n02877765.JPEG,455,20260813
86890,n01983481_26093_n01983481.JPEG,122,20260813
86896,n02389026_1833_n02389026.JPEG,339,20260813
86907,n02091244_5573_n02091244.JPEG,173,20260813
86928,n02493509_13123_n02493509.JPEG,380,20260813
86932,n02017213_6132_n02017213.JPEG,136,20260813
86942,n02100236_5037_n02100236.JPEG,210,20260813
86946,n04209133_6161_n04209133.JPEG,793,20260813
86951,n01882714_23726_n01882714.JPEG,105,20260813
86968,n02033041_5386_n02033041.JPEG,142,20260813
86973,n03633091_10666_n03633091.JPEG,618,20260813
86981,n02087046_6500_n02087046.JPEG,158,20260813
86982,n03920288_2110_n03920288.JPEG,712,20260813
86987,n04612504_5276_n04612504.JPEG,914,20260813
87011,n03000247_76738_n03000247.JPEG,490,20260813
87020,n02093647_1948_n02093647.JPEG,181,20260813
87030,n03127925_19810_n03127925.JPEG,519,20260813
87039,n03970156_26278_n03970156.JPEG,731,20260813
87040,n07871810_1116_n07871810.JPEG,962,20260813
87064,n03544143_14529_n03544143.JPEG,604,20260813
87071,n04259630_19891_n04259630.JPEG,808,20260813
87081,n02219486_29850_n02219486.JPEG,310,20260813
87103,n01855672_14682_n01855672.JPEG,99,20260813
87121,n03792782_19083_n03792782.JPEG,671,20260813
87123,n04254680_5205_n04254680.JPEG,805,20260813
87132,n02641379_32103_n02641379.JPEG,395,20260813
87142,n03657121_15768_n03657121.JPEG,622,20260813
87156,n03445924_36_n03445924.JPEG,575,20260813
87157,n02481823_14851_n02481823.JPEG,367,20260813
87162,n02417914_864_n02417914.JPEG,350,20260813
87172,n04065272_13875_n04065272.JPEG,757,20260813
87186,n02107908_9788_n02107908.JPEG,240,20260813
87242,n01968897_15183_n01968897.JPEG,117,20260813
87249,n09472597_7981_n09472597.JPEG,980,20260813
87254,n02804610_16510_n02804610.JPEG,432,20260813
87256,n01773157_10023_n01773157.JPEG,72,20260813
87291,n02892767_21716_n02892767.JPEG,459,20260813
87297,n02804414_3932_n02804414.JPEG,431,20260813
87300,n03250847_17548_n03250847.JPEG,542,20260813
87318,n02687172_50035_n02687172.JPEG,403,20260813
87352,n02093256_11384_n02093256.JPEG,179,20260813
87378,n04209239_10559_n04209239.JPEG,794,20260813
87404,n02364673_1758_n02364673.JPEG,338,20260813
87408,n03498962_58237_n03498962.JPEG,596,20260813
87422,n04589890_190_n04589890.JPEG,904,20260813
87435,n02017213_4349_n02017213.JPEG,136,20260813
87520,n04606251_2025_n04606251.JPEG,913,20260813
87531,n02100236_6345_n02100236.JPEG,210,20260813
87532,n02804610_25637_n02804610.JPEG,432,20260813
87536,n02101556_2485_n02101556.JPEG,216,20260813
87540,n02229544_2311_n02229544.JPEG,312,20260813
87585,n07745940_10337_n07745940.JPEG,949,20260813
87620,n02268853_9249_n02268853.JPEG,320,20260813
87655,n01443537_23590_n01443537.JPEG,1,20260813
87666,n03291819_25085_n03291819.JPEG,549,20260813
87710,n02110185_11191_n02110185.JPEG,250,20260813
87717,n02099267_7455_n02099267.JPEG,205,20260813
87758,n03724870_21999_n03724870.JPEG,643,20260813
87771,n02364673_41301_n02364673.JPEG,338,20260813
87774,n02132136_4540_n02132136.JPEG,294,20260813
87777,n02128757_10001_n02128757.JPEG,289,20260813
87847,n02669723_407_n02669723.JPEG,400,20260813
87848,n02102480_302_n02102480.JPEG,220,20260813
87878,n09472597_10058_n09472597.JPEG,980,20260813
87920,n01774750_8132_n01774750.JPEG,76,20260813
87941,n03888605_12650_n03888605.JPEG,702,20260813
87961,n07749582_1296_n07749582.JPEG,951,20260813
87975,n03452741_4789_n03452741.JPEG,579,20260813
87989,n02727426_2321_n02727426.JPEG,410,20260813
87993,n03447447_7945_n03447447.JPEG,576,20260813
88015,n02098286_1142_n02098286.JPEG,203,20260813
88022,n01978455_4735_n01978455.JPEG,119,20260813
88034,n02917067_13522_n02917067.JPEG,466,20260813
88072,n03131574_273_n03131574.JPEG,520,20260813
88101,n04317175_4151_n04317175.JPEG,823,20260813
88102,n02965783_2380_n02965783.JPEG,475,20260813
88110,n03452741_20794_n03452741.JPEG,579,20260813
88135,n02977058_27847_n02977058.JPEG,480,20260813
88165,n03047690_27561_n03047690.JPEG,502,20260813
88180,n02966687_6354_n02966687.JPEG,477,20260813
88227,n03837869_1199_n03837869.JPEG,682,20260813
88239,n04335435_14367_n04335435.JPEG,829,20260813
88266,n02088238_1221_n02088238.JPEG,161,20260813
88268,n01924916_13166_n01924916.JPEG,110,20260813
88273,n04532106_13594_n04532106.JPEG,887,20260813
88286,n02422106_7339_n02422106.JPEG,351,20260813
88295,n02837789_16555_n02837789.JPEG,445,20260813
88315,n02939185_2062_n02939185.JPEG,469,20260813
88318,n03887697_10692_n03887697.JPEG,700,20260813
88337,n02226429_4434_n02226429.JPEG,311,20260813
88348,n02102318_8071_n02102318.JPEG,219,20260813
88390,n09421951_28280_n09421951.JPEG,977,20260813
88396,n13052670_608_n13052670.JPEG,996,20260813
88397,n02480495_6039_n02480495.JPEG,365,20260813
88443,n04201297_7154_n04201297.JPEG,789,20260813
88456,n04081281_122039_n04081281.JPEG,762,20260813
88467,n02011460_7663_n02011460.JPEG,133,20260813
88488,n02457408_8917_n02457408.JPEG,364,20260813
88509,n04505470_1123_n04505470.JPEG,878,20260813
88519,n02006656_2118_n02006656.JPEG,129,20260813
88522,n03924679_7212_n03924679.JPEG,713,20260813
88525,n02441942_7885_n02441942.JPEG,356,20260813
88547,n04026417_8551_n04026417.JPEG,748,20260813
88554,n03710637_7697_n03710637.JPEG,638,20260813
88561,n03673027_4022_n03673027.JPEG,628,20260813
88571,n02113186_9648_n02113186.JPEG,264,20260813
88584,n02747177_6361_n02747177.JPEG,412,20260813
88604,n02280649_6079_n02280649.JPEG,324,20260813
88608,n04560804_6858_n04560804.JPEG,899,20260813
88618,n03759954_4178_n03759954.JPEG,650,20260813
88623,n02231487_178_n02231487.JPEG,313,20260813
88628,n02231487_7483_n02231487.JPEG,313,20260813
88637,n03970156_29137_n03970156.JPEG,731,20260813
88654,n02104365_4179_n02104365.JPEG,223,20260813
88664,n02415577_9381_n02415577.JPEG,349,20260813
88665,n02093991_5136_n02093991.JPEG,184,20260813
88672,n02966687_503_n02966687.JPEG,477,20260813
88720,n01773549_3916_n01773549.JPEG,73,20260813
88729,n04264628_2137_n04264628.JPEG,810,20260813
88742,n04065272_18182_n04065272.JPEG,757,20260813
88744,n03935335_14833_n03935335.JPEG,719,20260813
88746,n01537544_8418_n01537544.JPEG,14,20260813
88750,n11879895_3294_n11879895.JPEG,984,20260813
88754,n01807496_26263_n01807496.JPEG,86,20260813
88792,n02442845_912_n02442845.JPEG,357,20260813
88796,n02490219_3617_n02490219.JPEG,377,20260813
88803,n02027492_6573_n02027492.JPEG,140,20260813
88810,n02013706_875_n02013706.JPEG,135,20260813
88824,n03868242_2000_n03868242.JPEG,690,20260813
88825,n01930112_5119_n01930112.JPEG,111,20260813
88839,n01873310_25721_n01873310.JPEG,103,20260813
88850,n04286575_663_n04286575.JPEG,818,20260813
88860,n04204347_830_n04204347.JPEG,791,20260813
88869,n01872401_1091_n01872401.JPEG,102,20260813
88888,n02088364_12121_n02088364.JPEG,162,20260813
88894,n04532106_7841_n04532106.JPEG,887,20260813
88947,n07749582_23405_n07749582.JPEG,951,20260813
88969,n04447861_7944_n04447861.JPEG,861,20260813
88992,n04008634_537_n04008634.JPEG,744,20260813
89010,n02640242_4504_n02640242.JPEG,394,20260813
89070,n07720875_14730_n07720875.JPEG,945,20260813
89084,n04461696_11954_n04461696.JPEG,864,20260813
89107,n07754684_18170_n07754684.JPEG,955,20260813
89111,n04310018_4385_n04310018.JPEG,820,20260813
89113,n01773549_1176_n01773549.JPEG,73,20260813
89123,n02672831_7532_n02672831.JPEG,401,20260813
89139,n04525305_2523_n04525305.JPEG,886,20260813
89158,n02111500_9011_n02111500.JPEG,257,20260813
89169,n01828970_6835_n01828970.JPEG,92,20260813
89180,n01632458_1652_n01632458.JPEG,28,20260813
89206,n12267677_398_n12267677.JPEG,988,20260813
89218,n03676483_13936_n03676483.JPEG,629,20260813
89226,n01756291_16083_n01756291.JPEG,68,20260813
89247,n07697537_1773_n07697537.JPEG,934,20260813
89251,n02403003_5735_n02403003.JPEG,345,20260813
89252,n07802026_20081_n07802026.JPEG,958,20260813
89260,n04483307_7440_n04483307.JPEG,871,20260813
89275,n02403003_7185_n02403003.JPEG,345,20260813
89286,n03777568_8023_n03777568.JPEG,661,20260813
89335,n03871628_10664_n03871628.JPEG,692,20260813
89345,n02090379_10046_n02090379.JPEG,168,20260813
89349,n03785016_15442_n03785016.JPEG,665,20260813
89352,n02277742_32686_n02277742.JPEG,322,20260813
89358,n01644373_3043_n01644373.JPEG,31,20260813
89384,n02101006_336_n02101006.JPEG,214,20260813
89390,n01518878_2404_n01518878.JPEG,9,20260813
89396,n02804414_10_n02804414.JPEG,431,20260813
89405,n02793495_20394_n02793495.JPEG,425,20260813
89417,n02071294_10579_n02071294.JPEG,148,20260813
89431,n02119022_11266_n02119022.JPEG,277,20260813
89450,n03485794_9377_n03485794.JPEG,591,20260813
89457,n02134084_22037_n02134084.JPEG,296,20260813
89507,n01820546_6720_n01820546.JPEG,90,20260813
89516,n03930630_487_n03930630.JPEG,717,20260813
89540,n03950228_6935_n03950228.JPEG,725,20260813
89549,n02233338_20461_n02233338.JPEG,314,20260813
89551,n04532106_12856_n04532106.JPEG,887,20260813
89558,n04404412_13077_n04404412.JPEG,851,20260813
89579,n02009229_1574_n02009229.JPEG,131,20260813
89581,n03188531_663_n03188531.JPEG,529,20260813
89597,n02107142_49141_n02107142.JPEG,236,20260813
89637,n13037406_2850_n13037406.JPEG,993,20260813
89638,n02777292_16125_n02777292.JPEG,416,20260813
89655,n03000247_37171_n03000247.JPEG,490,20260813
89664,n01855032_6468_n01855032.JPEG,98,20260813
89687,n02817516_55670_n02817516.JPEG,439,20260813
89706,n03937543_8197_n03937543.JPEG,720,20260813
89720,n03841143_14350_n03841143.JPEG,685,20260813
89739,n01601694_23376_n01601694.JPEG,20,20260813
89770,n03400231_17731_n03400231.JPEG,567,20260813
89778,n02281787_4172_n02281787.JPEG,326,20260813
89781,n01734418_15018_n01734418.JPEG,56,20260813
89798,n02342885_11449_n02342885.JPEG,333,20260813
89804,n07716906_4325_n07716906.JPEG,940,20260813
89810,n02841315_14562_n02841315.JPEG,447,20260813
89814,n03249569_35389_n03249569.JPEG,541,20260813
89819,n02672831_31333_n02672831.JPEG,401,20260813
89851,n04204238_691_n04204238.JPEG,790,20260813
89878,n03825788_10343_n03825788.JPEG,680,20260813
89927,n02090721_3817_n02090721.JPEG,170,20260813
89946,n01818515_7310_n01818515.JPEG,88,20260813
89968,n02137549_6167_n02137549.JPEG,298,20260813
89997,n03792972_3913_n03792972.JPEG,672,20260813
90014,n02361337_10175_n02361337.JPEG,336,20260813
90024,n04154565_2146_n04154565.JPEG,784,20260813
90036,n01688243_3338_n01688243.JPEG,43,20260813
90038,n07614500_78531_n07614500.JPEG,928,20260813
90089,n03670208_11445_n03670208.JPEG,627,20260813
90095,n02088466_7153_n02088466.JPEG,163,20260813
90097,n03220513_31492_n03220513.JPEG,538,20260813
90109,n02398521_10478_n02398521.JPEG,344,20260813
90110,n04525038_19148_n04525038.JPEG,885,20260813
90122,n02097474_8851_n02097474.JPEG,200,20260813
90147,n04442312_8905_n04442312.JPEG,859,20260813
90178,n07932039_21397_n07932039.JPEG,969,20260813
90191,n03804744_15091_n03804744.JPEG,677,20260813
90211,n03461385_38860_n03461385.JPEG,582,20260813
90235,n02018207_25745_n02018207.JPEG,137,20260813
90257,n01776313_11139_n01776313.JPEG,78,20260813
90264,n03179701_46147_n03179701.JPEG,526,20260813
90289,n04389033_29473_n04389033.JPEG,847,20260813
90300,n03891332_4110_n03891332.JPEG,704,20260813
90303,n04086273_36385_n04086273.JPEG,763,20260813
90308,n03792782_50646_n03792782.JPEG,671,20260813
90352,n03709823_18302_n03709823.JPEG,636,20260813
90363,n04355933_7255_n04355933.JPEG,836,20260813
90388,n01843383_10549_n01843383.JPEG,96,20260813
90408,n04557648_3350_n04557648.JPEG,898,20260813
90429,n02114855_10838_n02114855.JPEG,272,20260813
90433,n03761084_6348_n03761084.JPEG,651,20260813
90435,n07716358_15290_n07716358.JPEG,939,20260813
90443,n02443484_2394_n02443484.JPEG,359,20260813
90444,n02051845_15543_n02051845.JPEG,144,20260813
90446,n03976467_5766_n03976467.JPEG,732,20260813
90512,n02105162_2926_n02105162.JPEG,225,20260813
90519,n04462240_3677_n04462240.JPEG,865,20260813
90528,n02099267_6_n02099267.JPEG,205,20260813
90560,n03347037_8348_n03347037.JPEG,556,20260813
90565,n04483307_4991_n04483307.JPEG,871,20260813
90581,n01667778_1746_n01667778.JPEG,36,20260813
90584,n02815834_5262_n02815834.JPEG,438,20260813
90597,n03733281_24567_n03733281.JPEG,646,20260813
90623,n02085782_7067_n02085782.JPEG,152,20260813
90643,n04346328_17646_n04346328.JPEG,832,20260813
90649,n04004767_8246_n04004767.JPEG,742,20260813
90685,n02108000_1461_n02108000.JPEG,241,20260813
90686,n02279972_12561_n02279972.JPEG,323,20260813
90695,n01978287_10168_n01978287.JPEG,118,20260813
90707,n01855672_4026_n01855672.JPEG,99,20260813
90768,n02114712_7076_n02114712.JPEG,271,20260813
90774,n03544143_5767_n03544143.JPEG,604,20260813
90800,n01582220_9674_n01582220.JPEG,18,20260813
90820,n04462240_1996_n04462240.JPEG,865,20260813
90832,n04310018_19591_n04310018.JPEG,820,20260813
90851,n04239074_5691_n04239074.JPEG,799,20260813
90879,n02111129_253_n02111129.JPEG,255,20260813
90882,n03425413_16975_n03425413.JPEG,571,20260813
90891,n04275548_2042_n04275548.JPEG,815,20260813
90936,n01944390_1765_n01944390.JPEG,113,20260813
90947,n01806567_12794_n01806567.JPEG,85,20260813
90954,n02410509_4419_n02410509.JPEG,347,20260813
90963,n02105056_10075_n02105056.JPEG,224,20260813
91003,n04179913_8680_n04179913.JPEG,786,20260813
91014,n04147183_21934_n04147183.JPEG,780,20260813
91015,n02823750_10832_n02823750.JPEG,441,20260813
91029,n02127052_2042_n02127052.JPEG,287,20260813
91034,n03788195_40643_n03788195.JPEG,668,20260813
91040,n01978455_7658_n01978455.JPEG,119,20260813
91051,n02123597_3314_n02123597.JPEG,284,20260813
91080,n01817953_1734_n01817953.JPEG,87,20260813
91088,n04482393_28226_n04482393.JPEG,870,20260813
91100,n03888605_14255_n03888605.JPEG,702,20260813
91105,n02493509_661_n02493509.JPEG,380,20260813
91106,n02002556_5655_n02002556.JPEG,127,20260813
91109,n02486261_9259_n02486261.JPEG,371,20260813
91122,n02111500_3570_n02111500.JPEG,257,20260813
91126,n02099712_1505_n02099712.JPEG,208,20260813
91131,n03697007_22844_n03697007.JPEG,634,20260813
91138,n02669723_12294_n02669723.JPEG,400,20260813
91165,n03832673_3590_n03832673.JPEG,681,20260813
91169,n02690373_3334_n02690373.JPEG,404,20260813
91174,n01692333_4291_n01692333.JPEG,45,20260813
91175,n04590129_7667_n04590129.JPEG,905,20260813
91188,n03476684_24025_n03476684.JPEG,584,20260813
91189,n04479046_6145_n04479046.JPEG,869,20260813
91192,n03598930_3108_n03598930.JPEG,611,20260813
91203,n02481823_1385_n02481823.JPEG,367,20260813
91221,n02397096_2129_n02397096.JPEG,343,20260813
91233,n02091032_2713_n02091032.JPEG,171,20260813
91267,n03337140_9742_n03337140.JPEG,553,20260813
91268,n03623198_511_n03623198.JPEG,615,20260813
91269,n03223299_49799_n03223299.JPEG,539,20260813
91278,n02791124_7149_n02791124.JPEG,423,20260813
91283,n01986214_14179_n01986214.JPEG,125,20260813
91286,n13044778_1096_n13044778.JPEG,995,20260813
91292,n04532670_1596_n04532670.JPEG,888,20260813
91304,n02129165_12798_n02129165.JPEG,291,20260813
91308,n06874185_42464_n06874185.JPEG,920,20260813
91350,n02488702_1703_n02488702.JPEG,375,20260813
91388,n15075141_9461_n15075141.JPEG,999,20260813
91394,n01531178_7393_n01531178.JPEG,11,20260813
91395,n04023962_13485_n04023962.JPEG,747,20260813
91397,n01616318_9777_n01616318.JPEG,23,20260813
91411,n04229816_5001_n04229816.JPEG,796,20260813
91420,n03891251_123_n03891251.JPEG,703,20260813
91426,n13052670_11049_n13052670.JPEG,996,20260813
91431,n04347754_14596_n04347754.JPEG,833,20260813
91436,n02454379_16412_n02454379.JPEG,363,20260813
91441,n01753488_25305_n01753488.JPEG,66,20260813
91454,n04536866_7158_n04536866.JPEG,889,20260813
91456,n02883205_939_n02883205.JPEG,457,20260813
91488,n07742313_18557_n07742313.JPEG,948,20260813
91501,n12057211_4780_n12057211.JPEG,986,20260813
91504,n03218198_4326_n03218198.JPEG,537,20260813
91506,n03388043_7208_n03388043.JPEG,562,20260813
91577,n04296562_48600_n04296562.JPEG,819,20260813
91590,n03761084_3690_n03761084.JPEG,651,20260813
91594,n03691459_59638_n03691459.JPEG,632,20260813
91599,n02113978_7170_n02113978.JPEG,268,20260813
91613,n02102480_4953_n02102480.JPEG,220,20260813
91676,n03706229_2897_n03706229.JPEG,635,20260813
91678,n03899768_17438_n03899768.JPEG,706,20260813
91688,n02109047_4371_n02109047.JPEG,246,20260813
91693,n02127052_19623_n02127052.JPEG,287,20260813
91769,n01739381_4974_n01739381.JPEG,59,20260813
91784,n03902125_10835_n03902125.JPEG,707,20260813
91839,n12057211_15510_n12057211.JPEG,986,20260813
91867,n07695742_20849_n07695742.JPEG,932,20260813
91890,n04228054_37784_n04228054.JPEG,795,20260813
91897,n02504458_6751_n02504458.JPEG,386,20260813
91913,n02410509_1745_n02410509.JPEG,347,20260813
91917,n15075141_8336_n15075141.JPEG,999,20260813
91930,n03444034_22075_n03444034.JPEG,573,20260813
91971,n03954731_30027_n03954731.JPEG,726,20260813
91975,n07716906_8403_n07716906.JPEG,940,20260813
91983,n03944341_9896_n03944341.JPEG,723,20260813
92015,n01843065_3503_n01843065.JPEG,95,20260813
92019,n04317175_13237_n04317175.JPEG,823,20260813
92083,n04515003_28059_n04515003.JPEG,881,20260813
92099,n07932039_6347_n07932039.JPEG,969,20260813
92130,n03891332_5502_n03891332.JPEG,704,20260813
92157,n03874599_13619_n03874599.JPEG,695,20260813
92159,n03775546_2120_n03775546.JPEG,659,20260813
92168,n01753488_3389_n01753488.JPEG,66,20260813
92188,n01494475_4173_n01494475.JPEG,4,20260813
92232,n04179913_11892_n04179913.JPEG,786,20260813
92267,n02786058_8287_n02786058.JPEG,419,20260813
92270,n02124075_7311_n02124075.JPEG,285,20260813
92278,n02129165_12411_n02129165.JPEG,291,20260813
92307,n04275548_154_n04275548.JPEG,815,20260813
92318,n04259630_5514_n04259630.JPEG,808,20260813
92348,n03938244_15195_n03938244.JPEG,721,20260813
92352,n02894605_22005_n02894605.JPEG,460,20260813
92384,n02877765_12694_n02877765.JPEG,455,20260813
92419,n03854065_1301_n03854065.JPEG,687,20260813
92465,n04550184_26630_n04550184.JPEG,894,20260813
92469,n03710193_7486_n03710193.JPEG,637,20260813
92481,n02106550_9621_n02106550.JPEG,234,20260813
92485,n03775071_12693_n03775071.JPEG,658,20260813
92490,n04346328_6841_n04346328.JPEG,832,20260813
92504,n10148035_27423_n10148035.JPEG,982,20260813
92510,n02091244_3240_n02091244.JPEG,173,20260813
92527,n02086079_17621_n02086079.JPEG,154,20260813
92536,n02860847_10691_n02860847.JPEG,450,20260813
92550,n02012849_1944_n02012849.JPEG,134,20260813
92582,n07697537_1897_n07697537.JPEG,934,20260813
92599,n04596742_13984_n04596742.JPEG,909,20260813
92601,n03476991_46100_n03476991.JPEG,585,20260813
92625,n01877812_9897_n01877812.JPEG,104,20260813
92629,n09256479_20211_n09256479.JPEG,973,20260813
92640,n04254120_2388_n04254120.JPEG,804,20260813
92670,n02489166_3541_n02489166.JPEG,376,20260813
92677,n03787032_1232_n03787032.JPEG,667,20260813
92687,n03763968_5829_n03763968.JPEG,652,20260813
92703,n02105251_203_n02105251.JPEG,226,20260813
92728,n03125729_15539_n03125729.JPEG,516,20260813
92730,n03187595_6099_n03187595.JPEG,528,20260813
92732,n02108000_2837_n02108000.JPEG,241,20260813
92750,n03595614_9420_n03595614.JPEG,610,20260813
92781,n03355925_18431_n03355925.JPEG,557,20260813
92785,n01631663_9109_n01631663.JPEG,27,20260813
92800,n02177972_11288_n02177972.JPEG,307,20260813
92806,n01537544_8644_n01537544.JPEG,14,20260813
92824,n04536866_14428_n04536866.JPEG,889,20260813
92840,n03888257_29005_n03888257.JPEG,701,20260813
92845,n04367480_6003_n04367480.JPEG,840,20260813
92861,n03874599_2603_n03874599.JPEG,695,20260813
92879,n02791270_26533_n02791270.JPEG,424,20260813
92885,n01641577_512_n01641577.JPEG,30,20260813
92932,n02007558_8815_n02007558.JPEG,130,20260813
92967,n02006656_5209_n02006656.JPEG,129,20260813
92993,n07716358_23837_n07716358.JPEG,939,20260813
93035,n02098413_1703_n02098413.JPEG,204,20260813
93038,n03133878_2154_n03133878.JPEG,521,20260813
93045,n04350905_63579_n04350905.JPEG,834,20260813
93053,n02797295_23543_n02797295.JPEG,428,20260813
93063,n03538406_9416_n03538406.JPEG,603,20260813
93075,n04476259_20791_n04476259.JPEG,868,20260813
93079,n04200800_15494_n04200800.JPEG,788,20260813
93081,n04039381_5002_n04039381.JPEG,752,20260813
93101,n01768244_575_n01768244.JPEG,69,20260813
93118,n03000134_3125_n03000134.JPEG,489,20260813
93157,n02980441_512_n02980441.JPEG,483,20260813
93170,n02825657_10102_n02825657.JPEG,442,20260813
93193,n02871525_5754_n02871525.JPEG,454,20260813
93195,n04254777_18534_n04254777.JPEG,806,20260813
93196,n02013706_6832_n02013706.JPEG,135,20260813
93213,n02110063_39_n02110063.JPEG,249,20260813
93223,n01824575_2879_n01824575.JPEG,91,20260813
93259,n03785016_9116_n03785016.JPEG,665,20260813
93266,n01692333_7556_n01692333.JPEG,45,20260813
93276,n07920052_35617_n07920052.JPEG,967,20260813
93284,n02025239_13365_n02025239.JPEG,139,20260813
93289,n04487081_12204_n04487081.JPEG,874,20260813
93294,n03125729_25317_n03125729.JPEG,516,20260813
93302,n02128925_563_n02128925.JPEG,290,20260813
93310,n01833805_6618_n01833805.JPEG,94,20260813
93368,n02017213_6694_n02017213.JPEG,136,20260813
93388,n01534433_27210_n01534433.JPEG,13,20260813
93395,n01978287_4512_n01978287.JPEG,118,20260813
93417,n02259212_857_n02259212.JPEG,317,20260813
93443,n02009229_2335_n02009229.JPEG,131,20260813
93445,n01798484_1082_n01798484.JPEG,83,20260813
93460,n03017168_53604_n03017168.JPEG,494,20260813
93481,n03042490_14077_n03042490.JPEG,500,20260813
93483,n03404251_9532_n03404251.JPEG,568,20260813
93495,n02108551_5500_n02108551.JPEG,244,20260813
93503,n01877812_5032_n01877812.JPEG,104,20260813
93504,n02085620_6968_n02085620.JPEG,151,20260813
93505,n02119789_14336_n02119789.JPEG,278,20260813
93547,n12144580_20426_n12144580.JPEG,987,20260813
93569,n02841315_8603_n02841315.JPEG,447,20260813
93576,n04273569_16501_n04273569.JPEG,814,20260813
93596,n02106662_20220_n02106662.JPEG,235,20260813
93627,n02168699_601_n02168699.JPEG,303,20260813
93638,n02486410_1279_n02486410.JPEG,372,20260813
93651,n01930112_1415_n01930112.JPEG,111,20260813
93665,n03769881_5702_n03769881.JPEG,654,20260813
93672,n02328150_5473_n02328150.JPEG,332,20260813
93685,n02102177_8834_n02102177.JPEG,218,20260813
93686,n03976657_20875_n03976657.JPEG,733,20260813
93687,n02102973_3933_n02102973.JPEG,221,20260813
93692,n02817516_10757_n02817516.JPEG,439,20260813
93700,n02869837_10578_n02869837.JPEG,452,20260813
93714,n04040759_3695_n04040759.JPEG,753,20260813
93721,n03476991_12446_n03476991.JPEG,585,20260813
93728,n03998194_9886_n03998194.JPEG,741,20260813
93730,n01693334_1694_n01693334.JPEG,46,20260813
93756,n02797295_9332_n02797295.JPEG,428,20260813
93768,n04548362_50773_n04548362.JPEG,893,20260813
93774,n03485407_956_n03485407.JPEG,590,20260813
93803,n03590841_2466_n03590841.JPEG,607,20260813
93820,n02168699_5659_n02168699.JPEG,303,20260813
93833,n04238763_3077_n04238763.JPEG,798,20260813
93845,n01514859_11011_n01514859.JPEG,8,20260813
93850,n02106030_15591_n02106030.JPEG,231,20260813
93880,n02025239_6618_n02025239.JPEG,139,20260813
93881,n03534580_15921_n03534580.JPEG,601,20260813
93886,n03179701_5707_n03179701.JPEG,526,20260813
93892,n03876231_9829_n03876231.JPEG,696,20260813
93918,n04372370_1949_n04372370.JPEG,844,20260813
93932,n01630670_3005_n01630670.JPEG,26,20260813
93939,n03000684_32191_n03000684.JPEG,491,20260813
93941,n04356056_641_n04356056.JPEG,837,20260813
93965,n04141076_49360_n04141076.JPEG,776,20260813
93985,n04192698_15136_n04192698.JPEG,787,20260813
93992,n01984695_3899_n01984695.JPEG,123,20260813
94007,n01677366_1705_n01677366.JPEG,39,20260813
94010,n03970156_44837_n03970156.JPEG,731,20260813
94019,n01945685_314_n01945685.JPEG,114,20260813
94039,n03729826_7040_n03729826.JPEG,644,20260813
94054,n04229816_1248_n04229816.JPEG,796,20260813
94069,n03131574_15682_n03131574.JPEG,520,20260813
94091,n01667114_3009_n01667114.JPEG,35,20260813
94113,n02328150_7639_n02328150.JPEG,332,20260813
94115,n03063689_4559_n03063689.JPEG,505,20260813
94116,n02869837_9941_n02869837.JPEG,452,20260813
94130,n03930313_7419_n03930313.JPEG,716,20260813
94135,n02093428_2832_n02093428.JPEG,180,20260813
94144,n02007558_12435_n02007558.JPEG,130,20260813
94167,n04344873_11363_n04344873.JPEG,831,20260813
94177,n02088364_14057_n02088364.JPEG,162,20260813
94190,n03467068_19642_n03467068.JPEG,583,20260813
94195,n02883205_5952_n02883205.JPEG,457,20260813
94204,n03337140_29732_n03337140.JPEG,553,20260813
94210,n09332890_7589_n09332890.JPEG,975,20260813
94221,n02951358_12759_n02951358.JPEG,472,20260813
94224,n07583066_10270_n07583066.JPEG,924,20260813
94251,n02011460_8987_n02011460.JPEG,133,20260813
94260,n02134084_645_n02134084.JPEG,296,20260813
94262,n04612504_4044_n04612504.JPEG,914,20260813
94306,n03857828_31056_n03857828.JPEG,688,20260813
94312,n02123159_7947_n02123159.JPEG,282,20260813
94325,n03180011_2778_n03180011.JPEG,527,20260813
94337,n02643566_2864_n02643566.JPEG,396,20260813
94342,n01608432_4112_n01608432.JPEG,21,20260813
94354,n02777292_15460_n02777292.JPEG,416,20260813
94361,n03924679_10390_n03924679.JPEG,713,20260813
94365,n02086910_8872_n02086910.JPEG,157,20260813
94373,n02085620_4998_n02085620.JPEG,151,20260813
94382,n01632458_798_n01632458.JPEG,28,20260813
94388,n02328150_1893_n02328150.JPEG,332,20260813
94438,n03314780_3391_n03314780.JPEG,551,20260813
94440,n03787032_10737_n03787032.JPEG,667,20260813
94463,n01773157_10655_n01773157.JPEG,72,20260813
94539,n02877765_13477_n02877765.JPEG,455,20260813
94546,n12620546_18103_n12620546.JPEG,989,20260813
94559,n02093647_3214_n02093647.JPEG,181,20260813
94570,n03891332_4920_n03891332.JPEG,704,20260813
94589,n02988304_3864_n02988304.JPEG,485,20260813
94592,n01534433_25984_n01534433.JPEG,13,20260813
94607,n03180011_9144_n03180011.JPEG,527,20260813
94613,n03792782_5405_n03792782.JPEG,671,20260813
94642,n02107683_3512_n02107683.JPEG,239,20260813
94655,n02667093_1772_n02667093.JPEG,399,20260813
94660,n03216828_58590_n03216828.JPEG,536,20260813
94661,n04507155_3305_n04507155.JPEG,879,20260813
94671,n04069434_4655_n04069434.JPEG,759,20260813
94683,n04554684_31277_n04554684.JPEG,897,20260813
94689,n03394916_36016_n03394916.JPEG,566,20260813
94740,n03095699_30196_n03095699.JPEG,510,20260813
94742,n04461696_2278_n04461696.JPEG,864,20260813
94747,n04536866_2054_n04536866.JPEG,889,20260813
94766,n03220513_4518_n03220513.JPEG,538,20260813
94779,n02607072_6142_n02607072.JPEG,393,20260813
94797,n03125729_14712_n03125729.JPEG,516,20260813
94807,n04366367_2601_n04366367.JPEG,839,20260813
94811,n03240683_2438_n03240683.JPEG,540,20260813
94833,n03188531_13445_n03188531.JPEG,529,20260813
94842,n03775546_12236_n03775546.JPEG,659,20260813
94865,n02111277_664_n02111277.JPEG,256,20260813
94866,n03877845_4920_n03877845.JPEG,698,20260813
94874,n02099601_4371_n02099601.JPEG,207,20260813
94901,n07565083_7031_n07565083.JPEG,922,20260813
94908,n01740131_12501_n01740131.JPEG,60,20260813
94913,n04317175_4284_n04317175.JPEG,823,20260813
94980,n02123394_5913_n02123394.JPEG,283,20260813
94983,n02097298_1686_n02097298.JPEG,199,20260813
94986,n02814533_8128_n02814533.JPEG,436,20260813
94994,n07711569_4697_n07711569.JPEG,935,20260813
95019,n04367480_7306_n04367480.JPEG,840,20260813
95056,n03908618_34426_n03908618.JPEG,709,20260813
95062,n04548362_29565_n04548362.JPEG,893,20260813
95071,n01601694_10613_n01601694.JPEG,20,20260813
95079,n01677366_3101_n01677366.JPEG,39,20260813
95088,n07717556_1126_n07717556.JPEG,942,20260813
95107,n03743016_22186_n03743016.JPEG,649,20260813
95109,n03498962_9461_n03498962.JPEG,596,20260813
95111,n04371774_14943_n04371774.JPEG,843,20260813
95115,n04037443_3088_n04037443.JPEG,751,20260813
95137,n01820546_5444_n01820546.JPEG,90,20260813
95153,n03297495_19278_n03297495.JPEG,550,20260813
95154,n02108551_396_n02108551.JPEG,244,20260813
95157,n04346328_19485_n04346328.JPEG,832,20260813
95162,n02087046_6903_n02087046.JPEG,158,20260813
95208,n04111531_2433_n04111531.JPEG,766,20260813
95218,n03976467_21153_n03976467.JPEG,732,20260813
95244,n02951358_10047_n02951358.JPEG,472,20260813
95256,n04065272_24995_n04065272.JPEG,757,20260813
95268,n03796401_2982_n03796401.JPEG,675,20260813
95301,n03447447_7852_n03447447.JPEG,576,20260813
95313,n02486410_2809_n02486410.JPEG,372,20260813
95322,n03788365_432_n03788365.JPEG,669,20260813
95337,n01806143_4988_n01806143.JPEG,84,20260813
95338,n03662601_11926_n03662601.JPEG,625,20260813
95352,n04579145_2367_n04579145.JPEG,901,20260813
95355,n01530575_2679_n01530575.JPEG,10,20260813
95375,n02808304_14084_n02808304.JPEG,434,20260813
95392,n02117135_1370_n02117135.JPEG,276,20260813
95413,n03445924_14968_n03445924.JPEG,575,20260813
95415,n02102480_3023_n02102480.JPEG,220,20260813
95439,n02051845_5316_n02051845.JPEG,144,20260813
95457,n04599235_1725_n04599235.JPEG,911,20260813
95462,n01744401_5781_n01744401.JPEG,62,20260813
95467,n02097130_8564_n02097130.JPEG,197,20260813
95487,n02787622_4842_n02787622.JPEG,420,20260813
95493,n04532670_15773_n04532670.JPEG,888,20260813
95497,n01872401_5674_n01872401.JPEG,102,20260813
95514,n01980166_6175_n01980166.JPEG,120,20260813
95529,n03908714_3752_n03908714.JPEG,710,20260813
95531,n04485082_54366_n04485082.JPEG,872,20260813
95560,n04525305_14781_n04525305.JPEG,886,20260813
95563,n03393912_2250_n03393912.JPEG,565,20260813
95565,n03935335_32679_n03935335.JPEG,719,20260813
95568,n03527444_16933_n03527444.JPEG,597,20260813
95585,n02788148_36422_n02788148.JPEG,421,20260813
95590,n01631663_15878_n01631663.JPEG,27,20260813
95606,n02096294_2613_n02096294.JPEG,193,20260813
95641,n03692522_3787_n03692522.JPEG,633,20260813
95650,n03874293_1529_n03874293.JPEG,694,20260813
95654,n02101388_9691_n02101388.JPEG,215,20260813
95664,n04355338_3070_n04355338.JPEG,835,20260813
95667,n03782006_15046_n03782006.JPEG,664,20260813
95681,n11939491_21316_n11939491.JPEG,985,20260813
95682,n07871810_26899_n07871810.JPEG,962,20260813
95710,n09229709_21226_n09229709.JPEG,971,20260813
95727,n03887697_17439_n03887697.JPEG,700,20260813
95734,n04579145_3078_n04579145.JPEG,901,20260813
95738,n02834397_3632_n02834397.JPEG,443,20260813
95739,n02113186_2644_n02113186.JPEG,264,20260813
95756,n06596364_5168_n06596364.JPEG,917,20260813
95789,n02825657_13730_n02825657.JPEG,442,20260813
95793,n02091244_9613_n02091244.JPEG,173,20260813
95823,n07720875_3821_n07720875.JPEG,945,20260813
95832,n12267677_276_n12267677.JPEG,988,20260813
95852,n02130308_10015_n02130308.JPEG,293,20260813
95859,n07584110_3724_n07584110.JPEG,925,20260813
95905,n01978287_9317_n01978287.JPEG,118,20260813
95921,n02965783_549_n02965783.JPEG,475,20260813
95926,n02979186_70_n02979186.JPEG,482,20260813
95945,n09288635_12038_n09288635.JPEG,974,20260813
95960,n03954731_20993_n03954731.JPEG,726,20260813
96033,n02484975_8712_n02484975.JPEG,370,20260813
96036,n03908618_41440_n03908618.JPEG,709,20260813
96083,n03109150_16398_n03109150.JPEG,512,20260813
96101,n03970156_16303_n03970156.JPEG,731,20260813
96135,n02814860_8874_n02814860.JPEG,437,20260813
96136,n04328186_14237_n04328186.JPEG,826,20260813
96167,n01644900_22575_n01644900.JPEG,32,20260813
96170,n02910353_14669_n02910353.JPEG,464,20260813
96183,n02002556_5588_n02002556.JPEG,127,20260813
96214,n02092339_7586_n02092339.JPEG,178,20260813
96220,n02877765_17277_n02877765.JPEG,455,20260813
96239,n01734418_6886_n01734418.JPEG,56,20260813
96257,n01687978_11329_n01687978.JPEG,42,20260813
96270,n04584207_21093_n04584207.JPEG,903,20260813
96273,n07714571_12011_n07714571.JPEG,936,20260813
96281,n03706229_8713_n03706229.JPEG,635,20260813
96343,n02128385_8929_n02128385.JPEG,288,20260813
96354,n02088364_12654_n02088364.JPEG,162,20260813
96403,n07754684_16019_n07754684.JPEG,955,20260813
96404,n02066245_29794_n02066245.JPEG,147,20260813
96409,n02277742_57754_n02277742.JPEG,322,20260813
96411,n02095314_5983_n02095314.JPEG,188,20260813
96421,n03379051_9391_n03379051.JPEG,560,20260813
96428,n07711569_6361_n07711569.JPEG,935,20260813
96429,n03792782_27435_n03792782.JPEG,671,20260813
96432,n02130308_19927_n02130308.JPEG,293,20260813
96443,n01924916_7362_n01924916.JPEG,110,20260813
96446,n04517823_27085_n04517823.JPEG,882,20260813
96449,n01694178_2566_n01694178.JPEG,47,20260813
96462,n03680355_609_n03680355.JPEG,630,20260813
96472,n04149813_12691_n04149813.JPEG,781,20260813
96493,n03255030_9467_n03255030.JPEG,543,20260813
96494,n03787032_10806_n03787032.JPEG,667,20260813
96508,n07711569_8894_n07711569.JPEG,935,20260813
96548,n03899768_53916_n03899768.JPEG,706,20260813
96562,n03065424_23666_n03065424.JPEG,506,20260813
96588,n02169497_5548_n02169497.JPEG,304,20260813
96592,n01742172_2122_n01742172.JPEG,61,20260813
96593,n12144580_4878_n12144580.JPEG,987,20260813
96596,n02443114_320_n02443114.JPEG,358,20260813
96600,n03680355_5406_n03680355.JPEG,630,20260813
96604,n01833805_2088_n01833805.JPEG,94,20260813
96619,n01622779_5216_n01622779.JPEG,24,20260813
96625,n03208938_17879_n03208938.JPEG,535,20260813
96628,n04238763_11731_n04238763.JPEG,798,20260813
96632,n04482393_19781_n04482393.JPEG,870,20260813
96651,n04238763_22437_n04238763.JPEG,798,20260813
96655,n01753488_10582_n01753488.JPEG,66,20260813
96658,n03000247_18316_n03000247.JPEG,490,20260813
96681,n15075141_24265_n15075141.JPEG,999,20260813
96688,n01630670_4510_n01630670.JPEG,26,20260813
96713,n02106382_1805_n02106382.JPEG,233,20260813
96722,n01744401_1846_n01744401.JPEG,62,20260813
96725,n02992529_47315_n02992529.JPEG,487,20260813
96762,n01669191_17799_n01669191.JPEG,37,20260813
96767,n02087394_8368_n02087394.JPEG,159,20260813
96795,n02395406_85393_n02395406.JPEG,341,20260813
96801,n02088094_4807_n02088094.JPEG,160,20260813
96818,n03127925_8821_n03127925.JPEG,519,20260813
96819,n04399382_3256_n04399382.JPEG,850,20260813
96828,n07615774_35167_n07615774.JPEG,929,20260813
96830,n03857828_9175_n03857828.JPEG,688,20260813
96870,n04153751_3612_n04153751.JPEG,783,20260813
96895,n02509815_1126_n02509815.JPEG,387,20260813
96931,n07742313_17277_n07742313.JPEG,948,20260813
96953,n03065424_11869_n03065424.JPEG,506,20260813
96958,n02109525_7633_n02109525.JPEG,247,20260813
96969,n12267677_2957_n12267677.JPEG,988,20260813
96987,n02071294_1566_n02071294.JPEG,148,20260813
97000,n01968897_2816_n01968897.JPEG,117,20260813
97015,n02321529_2973_n02321529.JPEG,329,20260813
97020,n02526121_2026_n02526121.JPEG,390,20260813
97021,n02105056_11902_n02105056.JPEG,224,20260813
97028,n02497673_1559_n02497673.JPEG,383,20260813
97042,n01985128_6006_n01985128.JPEG,124,20260813
97074,n07716358_26753_n07716358.JPEG,939,20260813
97076,n04228054_7636_n04228054.JPEG,795,20260813
97080,n02607072_2425_n02607072.JPEG,393,20260813
97081,n01729977_1614_n01729977.JPEG,55,20260813
97093,n02396427_14145_n02396427.JPEG,342,20260813
97095,n02097047_889_n02097047.JPEG,196,20260813
97099,n04522168_3871_n04522168.JPEG,883,20260813
97112,n02105855_1651_n02105855.JPEG,230,20260813
97113,n04328186_6098_n04328186.JPEG,826,20260813
97182,n02999410_13471_n02999410.JPEG,488,20260813
97183,n02106550_7450_n02106550.JPEG,234,20260813
97193,n03733281_17247_n03733281.JPEG,646,20260813
97196,n02894605_31219_n02894605.JPEG,460,20260813
97205,n01773797_957_n01773797.JPEG,74,20260813
97223,n03045698_5106_n03045698.JPEG,501,20260813
97226,n02799071_1509_n02799071.JPEG,429,20260813
97230,n02895154_28190_n02895154.JPEG,461,20260813
97251,n13133613_34382_n13133613.JPEG,998,20260813
97273,n02138441_4294_n02138441.JPEG,299,20260813
97287,n04074963_23226_n04074963.JPEG,761,20260813
97292,n01910747_1327_n01910747.JPEG,107,20260813
97309,n02108915_10554_n02108915.JPEG,245,20260813
97331,n03661043_20302_n03661043.JPEG,624,20260813
97338,n03658185_8143_n03658185.JPEG,623,20260813
97351,n06359193_7013_n06359193.JPEG,916,20260813
97364,n02437312_52_n02437312.JPEG,354,20260813
97366,n01843065_705_n01843065.JPEG,95,20260813
97402,n03063599_4720_n03063599.JPEG,504,20260813
97413,n02783161_41336_n02783161.JPEG,418,20260813
97439,n02412080_7429_n02412080.JPEG,348,20260813
97442,n02033041_3733_n02033041.JPEG,142,20260813
97454,n04553703_40506_n04553703.JPEG,896,20260813
97513,n03394916_38644_n03394916.JPEG,566,20260813
97532,n02317335_57523_n02317335.JPEG,327,20260813
97549,n02113023_803_n02113023.JPEG,263,20260813
97552,n04380533_3343_n04380533.JPEG,846,20260813
97554,n04033901_7357_n04033901.JPEG,749,20260813
97555,n03196217_2022_n03196217.JPEG,530,20260813
97558,n04041544_11136_n04041544.JPEG,754,20260813
97565,n03724870_35177_n03724870.JPEG,643,20260813
97576,n02981792_11921_n02981792.JPEG,484,20260813
97594,n03476684_16084_n03476684.JPEG,584,20260813
97610,n04482393_36461_n04482393.JPEG,870,20260813
97618,n04579145_7096_n04579145.JPEG,901,20260813
97622,n02128925_32315_n02128925.JPEG,290,20260813
97624,n04592741_83866_n04592741.JPEG,908,20260813
97629,n04335435_125057_n04335435.JPEG,829,20260813
97648,n09229709_8876_n09229709.JPEG,971,20260813
97671,n03447721_28688_n03447721.JPEG,577,20260813
97703,n02971356_20735_n02971356.JPEG,478,20260813
97707,n03876231_10773_n03876231.JPEG,696,20260813
97712,n01807496_9418_n01807496.JPEG,86,20260813
97722,n01797886_21850_n01797886.JPEG,82,20260813
97736,n01843065_1763_n01843065.JPEG,95,20260813
97761,n02526121_6545_n02526121.JPEG,390,20260813
97775,n03761084_10850_n03761084.JPEG,651,20260813
97798,n03016953_18298_n03016953.JPEG,493,20260813
97799,n03724870_10348_n03724870.JPEG,643,20260813
97811,n03649909_4760_n03649909.JPEG,621,20260813
97886,n01756291_18606_n01756291.JPEG,68,20260813
97943,n04049303_11494_n04049303.JPEG,756,20260813
97968,n03063689_1033_n03063689.JPEG,505,20260813
97988,n02992529_5879_n02992529.JPEG,487,20260813
98000,n04204347_2465_n04204347.JPEG,791,20260813
98035,n01872401_6095_n01872401.JPEG,102,20260813
98038,n02097047_1267_n02097047.JPEG,196,20260813
98041,n04270147_4409_n04270147.JPEG,813,20260813
98071,n02917067_5894_n02917067.JPEG,466,20260813
98107,n03637318_5968_n03637318.JPEG,619,20260813
98108,n02172182_9549_n02172182.JPEG,305,20260813
98111,n03388183_11110_n03388183.JPEG,563,20260813
98193,n04487081_3700_n04487081.JPEG,874,20260813
98200,n02484975_7548_n02484975.JPEG,370,20260813
98201,n03832673_15491_n03832673.JPEG,681,20260813
98214,n02486261_12182_n02486261.JPEG,371,20260813
98243,n03355925_4667_n03355925.JPEG,557,20260813
98267,n02865351_3760_n02865351.JPEG,451,20260813
98268,n01675722_4021_n01675722.JPEG,38,20260813
98272,n03944341_9414_n03944341.JPEG,723,20260813
98309,n04081281_126277_n04081281.JPEG,762,20260813
98312,n04336792_10404_n04336792.JPEG,830,20260813
98328,n02981792_17570_n02981792.JPEG,484,20260813
98331,n03930630_704_n03930630.JPEG,717,20260813
98341,n02325366_8008_n02325366.JPEG,330,20260813
98360,n03344393_1058_n03344393.JPEG,554,20260813
98363,n04550184_69850_n04550184.JPEG,894,20260813
98365,n03895866_79849_n03895866.JPEG,705,20260813
98435,n02391049_925_n02391049.JPEG,340,20260813
98444,n04200800_18980_n04200800.JPEG,788,20260813
98454,n03995372_4223_n03995372.JPEG,740,20260813
98462,n03179701_38486_n03179701.JPEG,526,20260813
98464,n02174001_3488_n02174001.JPEG,306,20260813
98467,n03388043_6424_n03388043.JPEG,562,20260813
98469,n03445777_3_n03445777.JPEG,574,20260813
98495,n04435653_6851_n04435653.JPEG,858,20260813
98540,n02093647_7189_n02093647.JPEG,181,20260813
98556,n04552348_26920_n04552348.JPEG,895,20260813
98596,n03047690_15653_n03047690.JPEG,502,20260813
98616,n02172182_20082_n02172182.JPEG,305,20260813
98633,n02108089_1856_n02108089.JPEG,242,20260813
98637,n02114855_10771_n02114855.JPEG,272,20260813
98651,n02256656_8737_n02256656.JPEG,316,20260813
98664,n07892512_39912_n07892512.JPEG,966,20260813
98673,n02493793_6058_n02493793.JPEG,381,20260813
98680,n02123597_11624_n02123597.JPEG,284,20260813
98703,n03871628_15343_n03871628.JPEG,692,20260813
98712,n04522168_10128_n04522168.JPEG,883,20260813
98738,n02492660_1971_n02492660.JPEG,379,20260813
98741,n04120489_7689_n04120489.JPEG,770,20260813
98750,n02108089_9427_n02108089.JPEG,242,20260813
98790,n07831146_4590_n07831146.JPEG,959,20260813
98792,n03134739_5267_n03134739.JPEG,522,20260813
98793,n04418357_27827_n04418357.JPEG,854,20260813
98802,n07590611_16336_n07590611.JPEG,926,20260813
98842,n03100240_8885_n03100240.JPEG,511,20260813
98864,n04423845_27091_n04423845.JPEG,855,20260813
98870,n03908714_4978_n03908714.JPEG,710,20260813
98874,n04136333_20417_n04136333.JPEG,775,20260813
98899,n07745940_12232_n07745940.JPEG,949,20260813
98904,n03393912_18186_n03393912.JPEG,565,20260813
98905,n03803284_23035_n03803284.JPEG,676,20260813
98906,n03673027_13942_n03673027.JPEG,628,20260813
98926,n03314780_10486_n03314780.JPEG,551,20260813
98939,n02346627_406_n02346627.JPEG,334,20260813
98952,n02090721_1139_n02090721.JPEG,170,20260813
98957,n03649909_1999_n03649909.JPEG,621,20260813
98981,n03496892_35662_n03496892.JPEG,595,20260813
99011,n02412080_11513_n02412080.JPEG,348,20260813
99014,n12998815_11029_n12998815.JPEG,992,20260813
99040,n13040303_195_n13040303.JPEG,994,20260813
99061,n07718472_2184_n07718472.JPEG,943,20260813
99077,n04579432_25189_n04579432.JPEG,902,20260813
99107,n03376595_6797_n03376595.JPEG,559,20260813
99144,n03866082_4026_n03866082.JPEG,689,20260813
99156,n02823428_5227_n02823428.JPEG,440,20260813
99174,n02999410_11045_n02999410.JPEG,488,20260813
99183,n02112350_7219_n02112350.JPEG,261,20260813
99195,n03089624_205_n03089624.JPEG,509,20260813
99196,n03498962_2428_n03498962.JPEG,596,20260813
99209,n01630670_388_n01630670.JPEG,26,20260813
99219,n02860847_15355_n02860847.JPEG,450,20260813
99265,n02480495_6240_n02480495.JPEG,365,20260813
99266,n03485794_28093_n03485794.JPEG,591,20260813
99273,n09193705_15047_n09193705.JPEG,970,20260813
99298,n03492542_6784_n03492542.JPEG,592,20260813
99309,n02093991_9861_n02093991.JPEG,184,20260813
99317,n01776313_20025_n01776313.JPEG,78,20260813
99325,n01855672_15300_n01855672.JPEG,99,20260813
99346,n02281406_8979_n02281406.JPEG,325,20260813
99374,n04447861_3221_n04447861.JPEG,861,20260813
99386,n03781244_48_n03781244.JPEG,663,20260813
99403,n02066245_4241_n02066245.JPEG,147,20260813
99416,n02119789_10759_n02119789.JPEG,278,20260813
99420,n04553703_7910_n04553703.JPEG,896,20260813
99422,n02113712_11664_n02113712.JPEG,266,20260813
99472,n03595614_20067_n03595614.JPEG,610,20260813
99488,n07734744_4071_n07734744.JPEG,947,20260813
99489,n02086240_7988_n02086240.JPEG,155,20260813
99492,n02089078_1741_n02089078.JPEG,165,20260813
99502,n02090622_501_n02090622.JPEG,169,20260813
99550,n03843555_5939_n03843555.JPEG,686,20260813
99551,n02105505_561_n02105505.JPEG,228,20260813
99566,n03838899_15300_n03838899.JPEG,683,20260813
99588,n03933933_63625_n03933933.JPEG,718,20260813
99599,n04562935_5354_n04562935.JPEG,900,20260813
99609,n03095699_11624_n03095699.JPEG,510,20260813
99622,n01847000_10705_n01847000.JPEG,97,20260813
99650,n11879895_1044_n11879895.JPEG,984,20260813
99662,n03032252_36517_n03032252.JPEG,498,20260813
99682,n02457408_29077_n02457408.JPEG,364,20260813
99704,n03637318_6817_n03637318.JPEG,619,20260813
99736,n04311004_13874_n04311004.JPEG,821,20260813
99744,n03388549_4159_n03388549.JPEG,564,20260813
99746,n02037110_11288_n02037110.JPEG,143,20260813
99770,n04310018_8738_n04310018.JPEG,820,20260813
99776,n02992211_18260_n02992211.JPEG,486,20260813
99794,n03908714_3344_n03908714.JPEG,710,20260813
99808,n01695060_13236_n01695060.JPEG,48,20260813
99821,n03325584_2650_n03325584.JPEG,552,20260813
99829,n01616318_8084_n01616318.JPEG,23,20260813
99848,n03924679_11484_n03924679.JPEG,713,20260813
99853,n03146219_6353_n03146219.JPEG,524,20260813
99881,n02095889_229_n02095889.JPEG,190,20260813
99882,n03743016_9003_n03743016.JPEG,649,20260813
99883,n04074963_10129_n04074963.JPEG,761,20260813
99894,n02415577_8466_n02415577.JPEG,349,20260813
99900,n01847000_15982_n01847000.JPEG,97,20260813
99916,n04265275_13375_n04265275.JPEG,811,20260813
99952,n03478589_15040_n03478589.JPEG,586,20260813
99955,n04026417_1355_n04026417.JPEG,748,20260813
99958,n02106550_3186_n02106550.JPEG,234,20260813
99960,n02114367_17794_n02114367.JPEG,269,20260813
99970,n01687978_5267_n01687978.JPEG,42,20260813
100017,n03259280_1068_n03259280.JPEG,544,20260813
100022,n02910353_36442_n02910353.JPEG,464,20260813
100023,n03124170_1315_n03124170.JPEG,515,20260813
100040,n02795169_46898_n02795169.JPEG,427,20260813
100047,n02643566_1362_n02643566.JPEG,396,20260813
100050,n02098105_859_n02098105.JPEG,202,20260813
100063,n02804414_9380_n02804414.JPEG,431,20260813
100066,n02111500_4520_n02111500.JPEG,257,20260813
100072,n02906734_6118_n02906734.JPEG,462,20260813
100084,n02950826_15458_n02950826.JPEG,471,20260813
100090,n03249569_27195_n03249569.JPEG,541,20260813
100092,n03786901_4411_n03786901.JPEG,666,20260813
100098,n04357314_6912_n04357314.JPEG,838,20260813
100106,n07583066_4812_n07583066.JPEG,924,20260813
100130,n02095314_2982_n02095314.JPEG,188,20260813
100150,n02981792_3494_n02981792.JPEG,484,20260813
100151,n02114855_2627_n02114855.JPEG,272,20260813
100168,n02099601_5514_n02099601.JPEG,207,20260813
100184,n02106382_9622_n02106382.JPEG,233,20260813
100190,n03347037_3152_n03347037.JPEG,556,20260813
100192,n02114367_5926_n02114367.JPEG,269,20260813
100210,n02134418_4110_n02134418.JPEG,297,20260813
100221,n01950731_18041_n01950731.JPEG,115,20260813
100231,n03710637_6846_n03710637.JPEG,638,20260813
100237,n02422699_5777_n02422699.JPEG,352,20260813
100238,n03924679_6250_n03924679.JPEG,713,20260813
100245,n02110627_15242_n02110627.JPEG,252,20260813
100280,n09835506_4561_n09835506.JPEG,981,20260813
100285,n04254120_3345_n04254120.JPEG,804,20260813
100319,n02134084_14417_n02134084.JPEG,296,20260813
100349,n04522168_44551_n04522168.JPEG,883,20260813
100391,n04493381_22421_n04493381.JPEG,876,20260813
100396,n01955084_7130_n01955084.JPEG,116,20260813
100408,n04266014_6862_n04266014.JPEG,812,20260813
100447,n02256656_5474_n02256656.JPEG,316,20260813
100469,n03930630_11491_n03930630.JPEG,717,20260813
100470,n02025239_6012_n02025239.JPEG,139,20260813
100472,n01819313_2823_n01819313.JPEG,89,20260813
100473,n07613480_23938_n07613480.JPEG,927,20260813
100481,n02012849_14841_n02012849.JPEG,134,20260813
100492,n03794056_9909_n03794056.JPEG,674,20260813
100507,n07768694_6788_n07768694.JPEG,957,20260813
100515,n07749582_3617_n07749582.JPEG,951,20260813
100535,n01531178_1479_n01531178.JPEG,11,20260813
100540,n03706229_3076_n03706229.JPEG,635,20260813
100551,n02342885_13555_n02342885.JPEG,333,20260813
100593,n03838899_1511_n03838899.JPEG,683,20260813
100601,n02325366_1626_n02325366.JPEG,330,20260813
100605,n02493793_109_n02493793.JPEG,381,20260813
100626,n09193705_21061_n09193705.JPEG,970,20260813
100642,n13052670_2788_n13052670.JPEG,996,20260813
100660,n02892201_14494_n02892201.JPEG,458,20260813
100670,n02437616_15465_n02437616.JPEG,355,20260813
100681,n01768244_9388_n01768244.JPEG,69,20260813
100682,n04355933_7817_n04355933.JPEG,836,20260813
100685,n04070727_2253_n04070727.JPEG,760,20260813
100687,n03133878_5462_n03133878.JPEG,521,20260813
100698,n03627232_42030_n03627232.JPEG,616,20260813
100718,n03018349_1813_n03018349.JPEG,495,20260813
100724,n02410509_2950_n02410509.JPEG,347,20260813
100732,n02279972_7318_n02279972.JPEG,323,20260813
100738,n04418357_29463_n04418357.JPEG,854,20260813
100741,n03908714_1384_n03908714.JPEG,710,20260813
100817,n02454379_9511_n02454379.JPEG,363,20260813
100820,n02094433_891_n02094433.JPEG,187,20260813
100823,n02823750_13803_n02823750.JPEG,441,20260813
100831,n04239074_2185_n04239074.JPEG,799,20260813
100838,n03187595_12299_n03187595.JPEG,528,20260813
100844,n02099849_672_n02099849.JPEG,209,20260813
100895,n02977058_26748_n02977058.JPEG,480,20260813
100913,n04133789_1370_n04133789.JPEG,774,20260813
100923,n07248320_59741_n07248320.JPEG,921,20260813
100965,n02840245_16481_n02840245.JPEG,446,20260813
100996,n01737021_5064_n01737021.JPEG,58,20260813
101006,n01748264_679_n01748264.JPEG,63,20260813
101016,n03498962_53691_n03498962.JPEG,596,20260813
101023,n02086910_12110_n02086910.JPEG,157,20260813
101080,n01608432_34116_n01608432.JPEG,21,20260813
101082,n04447861_3869_n04447861.JPEG,861,20260813
101085,n12267677_23279_n12267677.JPEG,988,20260813
101096,n02105412_1856_n02105412.JPEG,227,20260813
101107,n01532829_20234_n01532829.JPEG,12,20260813
101113,n02174001_4393_n02174001.JPEG,306,20260813
101152,n02095570_3963_n02095570.JPEG,189,20260813
101164,n02364673_2794_n02364673.JPEG,338,20260813
101192,n01669191_1328_n01669191.JPEG,37,20260813
101197,n03417042_6081_n03417042.JPEG,569,20260813
101198,n02895154_5731_n02895154.JPEG,461,20260813
101205,n01682714_422_n01682714.JPEG,40,20260813
101209,n01855672_5934_n01855672.JPEG,99,20260813
101216,n03662601_6940_n03662601.JPEG,625,20260813
101226,n01843383_9059_n01843383.JPEG,96,20260813
101276,n02481823_1115_n02481823.JPEG,367,20260813
101278,n03404251_10490_n03404251.JPEG,568,20260813
101298,n02488291_45_n02488291.JPEG,374,20260813
101330,n02497673_6899_n02497673.JPEG,383,20260813
101336,n07583066_1640_n07583066.JPEG,924,20260813
101340,n04560804_3235_n04560804.JPEG,899,20260813
101368,n02104365_8598_n02104365.JPEG,223,20260813
101435,n04296562_36333_n04296562.JPEG,819,20260813
101460,n04311174_342_n04311174.JPEG,822,20260813
101472,n04409515_5848_n04409515.JPEG,852,20260813
101493,n03920288_2172_n03920288.JPEG,712,20260813
101516,n04344873_8549_n04344873.JPEG,831,20260813
101518,n02013706_4708_n02013706.JPEG,135,20260813
101539,n03196217_1927_n03196217.JPEG,530,20260813
101541,n02002556_15708_n02002556.JPEG,127,20260813
101554,n09399592_33087_n09399592.JPEG,976,20260813
101564,n02445715_14706_n02445715.JPEG,361,20260813
101589,n02123394_6070_n02123394.JPEG,283,20260813
101604,n12057211_3921_n12057211.JPEG,986,20260813
101607,n01806567_7364_n01806567.JPEG,85,20260813
101623,n03482405_2921_n03482405.JPEG,588,20260813
101624,n02115641_46380_n02115641.JPEG,273,20260813
101644,n07697313_3266_n07697313.JPEG,933,20260813
101661,n04141076_58154_n04141076.JPEG,776,20260813
101695,n02727426_19988_n02727426.JPEG,410,20260813
101728,n01749939_2815_n01749939.JPEG,64,20260813
101748,n03000134_1490_n03000134.JPEG,489,20260813
101768,n04399382_36568_n04399382.JPEG,850,20260813
101769,n04461696_8093_n04461696.JPEG,864,20260813
101773,n02483362_7599_n02483362.JPEG,368,20260813
101781,n02066245_13710_n02066245.JPEG,147,20260813
101796,n02009912_5587_n02009912.JPEG,132,20260813
101797,n13037406_3753_n13037406.JPEG,993,20260813
101812,n04009552_9500_n04009552.JPEG,745,20260813
101845,n07730033_6818_n07730033.JPEG,946,20260813
101881,n02492660_7788_n02492660.JPEG,379,20260813
101899,n02104365_10286_n02104365.JPEG,223,20260813
101902,n04266014_10502_n04266014.JPEG,812,20260813
101917,n09193705_13119_n09193705.JPEG,970,20260813
101932,n02364673_3191_n02364673.JPEG,338,20260813
101933,n04370456_2907_n04370456.JPEG,841,20260813
101944,n02100583_25523_n02100583.JPEG,211,20260813
101945,n02939185_22672_n02939185.JPEG,469,20260813
101966,n01494475_117_n01494475.JPEG,4,20260813
101969,n04435653_5765_n04435653.JPEG,858,20260813
101976,n02799071_42149_n02799071.JPEG,429,20260813
101992,n01739381_5356_n01739381.JPEG,59,20260813
102004,n03781244_58922_n03781244.JPEG,663,20260813
102010,n02002556_7398_n02002556.JPEG,127,20260813
102053,n03220513_15299_n03220513.JPEG,538,20260813
102057,n02018207_36643_n02018207.JPEG,137,20260813
102087,n03908618_7064_n03908618.JPEG,709,20260813
102095,n02667093_4144_n02667093.JPEG,399,20260813
102103,n07718472_33892_n07718472.JPEG,943,20260813
102114,n03920288_2525_n03920288.JPEG,712,20260813
102119,n07711569_3592_n07711569.JPEG,935,20260813
102150,n01744401_5985_n01744401.JPEG,62,20260813
102169,n02879718_9082_n02879718.JPEG,456,20260813
102207,n04525305_11423_n04525305.JPEG,886,20260813
102221,n04238763_13243_n04238763.JPEG,798,20260813
102232,n03930313_12526_n03930313.JPEG,716,20260813
102249,n01742172_21332_n01742172.JPEG,61,20260813
102264,n02108000_2065_n02108000.JPEG,241,20260813
102270,n02490219_7773_n02490219.JPEG,377,20260813
102343,n03376595_7985_n03376595.JPEG,559,20260813
102346,n01968897_6592_n01968897.JPEG,117,20260813
102347,n02279972_5579_n02279972.JPEG,323,20260813
102348,n02097474_6217_n02097474.JPEG,200,20260813
102365,n02788148_76193_n02788148.JPEG,421,20260813
102375,n03980874_2043_n03980874.JPEG,735,20260813
102391,n04044716_5933_n04044716.JPEG,755,20260813
102399,n02971356_37345_n02971356.JPEG,478,20260813
102427,n04208210_41754_n04208210.JPEG,792,20260813
102447,n02129604_145_n02129604.JPEG,292,20260813
102468,n03590841_11615_n03590841.JPEG,607,20260813
102476,n02363005_17605_n02363005.JPEG,337,20260813
102492,n04380533_1843_n04380533.JPEG,846,20260813
102495,n04317175_3660_n04317175.JPEG,823,20260813
102506,n07693725_4786_n07693725.JPEG,931,20260813
102514,n01558993_13586_n01558993.JPEG,15,20260813
102530,n03325584_3852_n03325584.JPEG,552,20260813
102598,n03532672_2208_n03532672.JPEG,600,20260813
102603,n07583066_3279_n07583066.JPEG,924,20260813
102612,n04179913_12620_n04179913.JPEG,786,20260813
102616,n03787032_2208_n03787032.JPEG,667,20260813
102625,n07714990_2051_n07714990.JPEG,937,20260813
102629,n02494079_4453_n02494079.JPEG,382,20260813
102651,n04350905_5591_n04350905.JPEG,834,20260813
102654,n03786901_10047_n03786901.JPEG,666,20260813
102664,n03929660_8028_n03929660.JPEG,714,20260813
102675,n02930766_35369_n02930766.JPEG,468,20260813
102709,n03680355_17175_n03680355.JPEG,630,20260813
102759,n01728920_2693_n01728920.JPEG,53,20260813
102760,n06794110_1349_n06794110.JPEG,919,20260813
102770,n02871525_7771_n02871525.JPEG,454,20260813
102786,n03967562_4765_n03967562.JPEG,730,20260813
102798,n02493509_1318_n02493509.JPEG,380,20260813
102822,n03595614_13206_n03595614.JPEG,610,20260813
102836,n04238763_12150_n04238763.JPEG,798,20260813
102839,n02859443_12453_n02859443.JPEG,449,20260813
102850,n02090622_3800_n02090622.JPEG,169,20260813
102855,n07716906_1408_n07716906.JPEG,940,20260813
102857,n01530575_4613_n01530575.JPEG,10,20260813
102876,n02794156_5103_n02794156.JPEG,426,20260813
102893,n02326432_8807_n02326432.JPEG,331,20260813
102899,n01729322_6819_n01729322.JPEG,54,20260813
102903,n03131574_205_n03131574.JPEG,520,20260813
102909,n02090721_4973_n02090721.JPEG,170,20260813
102923,n01773797_2284_n01773797.JPEG,74,20260813
102938,n03649909_26046_n03649909.JPEG,621,20260813
102940,n01943899_14231_n01943899.JPEG,112,20260813
102961,n01592084_5864_n01592084.JPEG,19,20260813
102977,n04389033_9659_n04389033.JPEG,847,20260813
102983,n03777568_5637_n03777568.JPEG,661,20260813
102984,n01855032_8047_n01855032.JPEG,98,20260813
102989,n01739381_7293_n01739381.JPEG,59,20260813
103013,n01981276_9070_n01981276.JPEG,121,20260813
103031,n02492035_16106_n02492035.JPEG,378,20260813
103047,n04118538_3212_n04118538.JPEG,768,20260813
103049,n03400231_7888_n03400231.JPEG,567,20260813
103056,n02119022_3843_n02119022.JPEG,277,20260813
103085,n02129604_14737_n02129604.JPEG,292,20260813
103086,n03075370_15190_n03075370.JPEG,507,20260813
103090,n02097047_3705_n02097047.JPEG,196,20260813
103115,n02099429_2715_n02099429.JPEG,206,20260813
103119,n02025239_1442_n02025239.JPEG,139,20260813
103130,n07880968_910_n07880968.JPEG,965,20260813
103154,n03733131_2261_n03733131.JPEG,645,20260813
103167,n02951585_16182_n02951585.JPEG,473,20260813
103183,n02097047_3103_n02097047.JPEG,196,20260813
103220,n04326547_4494_n04326547.JPEG,825,20260813
103221,n03000247_25499_n03000247.JPEG,490,20260813
103225,n02133161_3187_n02133161.JPEG,295,20260813
103226,n04116512_33912_n04116512.JPEG,767,20260813
103304,n03538406_9788_n03538406.JPEG,603,20260813
103306,n02408429_11696_n02408429.JPEG,346,20260813
103310,n02423022_2879_n02423022.JPEG,353,20260813
103316,n02909870_44574_n02909870.JPEG,463,20260813
103318,n04273569_4437_n04273569.JPEG,814,20260813
103328,n01739381_6971_n01739381.JPEG,59,20260813
103374,n01797886_6517_n01797886.JPEG,82,20260813
103390,n03461385_20487_n03461385.JPEG,582,20260813
103403,n03125729_11905_n03125729.JPEG,516,20260813
103404,n02396427_1515_n02396427.JPEG,342,20260813
103417,n07873807_5064_n07873807.JPEG,963,20260813
103420,n02099267_8213_n02099267.JPEG,205,20260813
103427,n03424325_7920_n03424325.JPEG,570,20260813
103441,n02089867_1351_n02089867.JPEG,166,20260813
103445,n03721384_3664_n03721384.JPEG,642,20260813
103483,n03709823_9811_n03709823.JPEG,636,20260813
103503,n01688243_675_n01688243.JPEG,43,20260813
103532,n02869837_4095_n02869837.JPEG,452,20260813
103576,n02226429_10977_n02226429.JPEG,311,20260813
103608,n02099712_1595_n02099712.JPEG,208,20260813
103611,n02114548_5064_n02114548.JPEG,270,20260813
103615,n02927161_27572_n02927161.JPEG,467,20260813
103640,n02892201_4630_n02892201.JPEG,458,20260813
103650,n07584110_3634_n07584110.JPEG,925,20260813
103655,n02488702_5940_n02488702.JPEG,375,20260813
103664,n02172182_4982_n02172182.JPEG,305,20260813
103684,n02018795_7498_n02018795.JPEG,138,20260813
103713,n03065424_15484_n03065424.JPEG,506,20260813
103742,n03018349_6885_n03018349.JPEG,495,20260813
103753,n02094114_46_n02094114.JPEG,185,20260813
103767,n03388549_9426_n03388549.JPEG,564,20260813
103776,n02687172_6639_n02687172.JPEG,403,20260813
103813,n03201208_8566_n03201208.JPEG,532,20260813
103824,n02097474_5572_n02097474.JPEG,200,20260813
103828,n07871810_4062_n07871810.JPEG,962,20260813
103907,n03393912_2293_n03393912.JPEG,565,20260813
103913,n03733805_17207_n03733805.JPEG,647,20260813
103914,n03272562_8370_n03272562.JPEG,547,20260813
103915,n04550184_40819_n04550184.JPEG,894,20260813
103922,n03379051_956_n03379051.JPEG,560,20260813
103964,n02097047_1762_n02097047.JPEG,196,20260813
103965,n04435653_277_n04435653.JPEG,858,20260813
103968,n03584254_7341_n03584254.JPEG,605,20260813
103977,n02066245_3190_n02066245.JPEG,147,20260813
103991,n04536866_8781_n04536866.JPEG,889,20260813
103997,n06785654_3224_n06785654.JPEG,918,20260813
104008,n01872401_6936_n01872401.JPEG,102,20260813
104016,n03496892_38393_n03496892.JPEG,595,20260813
104017,n02028035_8820_n02028035.JPEG,141,20260813
104022,n03124043_1556_n03124043.JPEG,514,20260813
104028,n03658185_6907_n03658185.JPEG,623,20260813
104036,n12768682_10161_n12768682.JPEG,990,20260813
104061,n01806567_12822_n01806567.JPEG,85,20260813
104069,n03633091_11668_n03633091.JPEG,618,20260813
104073,n12057211_1117_n12057211.JPEG,986,20260813
104091,n02100735_5277_n02100735.JPEG,212,20260813
104108,n02095570_4402_n02095570.JPEG,189,20260813
104147,n04004767_13404_n04004767.JPEG,742,20260813
104176,n03902125_8035_n03902125.JPEG,707,20260813
104192,n02190166_6151_n02190166.JPEG,308,20260813
104204,n02101006_82_n02101006.JPEG,214,20260813
104209,n02701002_16297_n02701002.JPEG,407,20260813
104222,n01740131_18567_n01740131.JPEG,60,20260813
104226,n03388549_2377_n03388549.JPEG,564,20260813
104227,n07880968_7096_n07880968.JPEG,965,20260813
104242,n03179701_11933_n03179701.JPEG,526,20260813
104256,n04507155_13495_n04507155.JPEG,879,20260813
104260,n02106382_8105_n02106382.JPEG,233,20260813
104265,n01873310_24391_n01873310.JPEG,103,20260813
104272,n02093991_1179_n02093991.JPEG,184,20260813
104294,n02093754_4889_n02093754.JPEG,182,20260813
104307,n03344393_4873_n03344393.JPEG,554,20260813
104311,n04509417_2086_n04509417.JPEG,880,20260813
104329,n02097298_2713_n02097298.JPEG,199,20260813
104333,n03134739_915_n03134739.JPEG,522,20260813
104378,n02841315_11752_n02841315.JPEG,447,20260813
104427,n04515003_4800_n04515003.JPEG,881,20260813
104431,n03467068_2676_n03467068.JPEG,583,20260813
104458,n02125311_35509_n02125311.JPEG,286,20260813
104475,n04008634_16355_n04008634.JPEG,744,20260813
104490,n03947888_19429_n03947888.JPEG,724,20260813
104506,n02089973_2484_n02089973.JPEG,167,20260813
104535,n04070727_30637_n04070727.JPEG,760,20260813
104551,n07873807_5393_n07873807.JPEG,963,20260813
104584,n04120489_3741_n04120489.JPEG,770,20260813
104617,n02951358_13944_n02951358.JPEG,472,20260813
104627,n03527444_5453_n03527444.JPEG,597,20260813
104637,n03187595_4025_n03187595.JPEG,528,20260813
104652,n03041632_5820_n03041632.JPEG,499,20260813
104674,n02091467_3128_n02091467.JPEG,174,20260813
104678,n02106382_7734_n02106382.JPEG,233,20260813
104687,n02113624_3002_n02113624.JPEG,265,20260813
104689,n02825657_10701_n02825657.JPEG,442,20260813
104705,n01943899_17953_n01943899.JPEG,112,20260813
104715,n02132136_803_n02132136.JPEG,294,20260813
104718,n01829413_2130_n01829413.JPEG,93,20260813
104736,n02097209_5629_n02097209.JPEG,198,20260813
104746,n02486410_4627_n02486410.JPEG,372,20260813
104763,n03584254_2941_n03584254.JPEG,605,20260813
104792,n02099267_15033_n02099267.JPEG,205,20260813
104806,n04350905_11246_n04350905.JPEG,834,20260813
104828,n03476684_11469_n03476684.JPEG,584,20260813
104886,n03930313_2243_n03930313.JPEG,716,20260813
104955,n02980441_4883_n02980441.JPEG,483,20260813
104966,n03977966_45837_n03977966.JPEG,734,20260813
104996,n04147183_34120_n04147183.JPEG,780,20260813
105021,n04525305_2112_n04525305.JPEG,886,20260813
105044,n04442312_9910_n04442312.JPEG,859,20260813
105063,n04507155_8274_n04507155.JPEG,879,20260813
105092,n03028079_72272_n03028079.JPEG,497,20260813
105101,n03347037_24434_n03347037.JPEG,556,20260813
105106,n02487347_9282_n02487347.JPEG,373,20260813
105119,n01796340_9607_n01796340.JPEG,81,20260813
105129,n03796401_9642_n03796401.JPEG,675,20260813
105133,n11939491_19098_n11939491.JPEG,985,20260813
105147,n02108089_1075_n02108089.JPEG,242,20260813
105166,n03110669_4475_n03110669.JPEG,513,20260813
105192,n02233338_9696_n02233338.JPEG,314,20260813
105198,n01990800_10211_n01990800.JPEG,126,20260813
105220,n02356798_7211_n02356798.JPEG,335,20260813
105222,n02109047_5448_n02109047.JPEG,246,20260813
105235,n13052670_8002_n13052670.JPEG,996,20260813
105241,n02111889_13662_n02111889.JPEG,258,20260813
105245,n02676566_7083_n02676566.JPEG,402,20260813
105252,n03769881_12317_n03769881.JPEG,654,20260813
105254,n02790996_10238_n02790996.JPEG,422,20260813
105261,n02319095_9488_n02319095.JPEG,328,20260813
105263,n03089624_5741_n03089624.JPEG,509,20260813
105274,n03888257_7825_n03888257.JPEG,701,20260813
105301,n07684084_1340_n07684084.JPEG,930,20260813
105307,n04428191_51453_n04428191.JPEG,856,20260813
105326,n03888605_5466_n03888605.JPEG,702,20260813
105340,n02526121_11612_n02526121.JPEG,390,20260813
105361,n03958227_8686_n03958227.JPEG,728,20260813
105397,n01980166_5914_n01980166.JPEG,120,20260813
105399,n02395406_24559_n02395406.JPEG,341,20260813
105437,n02110958_4299_n02110958.JPEG,254,20260813
105483,n04485082_23129_n04485082.JPEG,872,20260813
105519,n01560419_6168_n01560419.JPEG,16,20260813
105533,n04141975_11426_n04141975.JPEG,778,20260813
105583,n01847000_10243_n01847000.JPEG,97,20260813
105605,n02011460_1336_n02011460.JPEG,133,20260813
105611,n01494475_17216_n01494475.JPEG,4,20260813
105616,n02093991_1605_n02093991.JPEG,184,20260813
105675,n02091831_13584_n02091831.JPEG,176,20260813
105679,n12998815_17313_n12998815.JPEG,992,20260813
105681,n02093991_6539_n02093991.JPEG,184,20260813
105695,n03763968_11255_n03763968.JPEG,652,20260813
105707,n02782093_2963_n02782093.JPEG,417,20260813
105729,n02971356_2547_n02971356.JPEG,478,20260813
105730,n02500267_4184_n02500267.JPEG,384,20260813
105734,n03775071_12990_n03775071.JPEG,658,20260813
105737,n09246464_50204_n09246464.JPEG,972,20260813
105766,n13052670_4976_n13052670.JPEG,996,20260813
105769,n03014705_8711_n03014705.JPEG,492,20260813
105787,n03929855_8908_n03929855.JPEG,715,20260813
105805,n03958227_6491_n03958227.JPEG,728,20260813
105810,n01829413_5011_n01829413.JPEG,93,20260813
105811,n02415577_1571_n02415577.JPEG,349,20260813
105818,n13133613_20376_n13133613.JPEG,998,20260813
105829,n02107683_6825_n02107683.JPEG,239,20260813
105830,n01532829_2327_n01532829.JPEG,12,20260813
105843,n03595614_29560_n03595614.JPEG,610,20260813
105851,n03676483_21211_n03676483.JPEG,629,20260813
105891,n01494475_6373_n01494475.JPEG,4,20260813
105894,n02027492_7622_n02027492.JPEG,140,20260813
105907,n01860187_1791_n01860187.JPEG,100,20260813
105915,n02277742_41545_n02277742.JPEG,322,20260813
105920,n04332243_4893_n04332243.JPEG,828,20260813
105934,n02092002_687_n02092002.JPEG,177,20260813
106005,n02127052_6994_n02127052.JPEG,287,20260813
106012,n04209239_11907_n04209239.JPEG,794,20260813
106052,n02027492_7353_n02027492.JPEG,140,20260813
106100,n02116738_2134_n02116738.JPEG,275,20260813
106145,n02951585_5107_n02951585.JPEG,473,20260813
106150,n02128925_39093_n02128925.JPEG,290,20260813
106194,n02328150_10981_n02328150.JPEG,332,20260813
106226,n03733805_2123_n03733805.JPEG,647,20260813
106229,n04336792_12765_n04336792.JPEG,830,20260813
106232,n04557648_9627_n04557648.JPEG,898,20260813
106242,n04099969_16669_n04099969.JPEG,765,20260813
106252,n07718747_1438_n07718747.JPEG,944,20260813
106296,n01981276_8519_n01981276.JPEG,121,20260813
106299,n03272010_12655_n03272010.JPEG,546,20260813
106321,n04487394_9784_n04487394.JPEG,875,20260813
106325,n03179701_5093_n03179701.JPEG,526,20260813
106340,n02094258_3758_n02094258.JPEG,186,20260813
106360,n02167151_11210_n02167151.JPEG,302,20260813
106361,n09472597_15189_n09472597.JPEG,980,20260813
106365,n02125311_3511_n02125311.JPEG,286,20260813
106388,n02999410_5473_n02999410.JPEG,488,20260813
106401,n01496331_19168_n01496331.JPEG,5,20260813
106407,n01774384_2987_n01774384.JPEG,75,20260813
106429,n02106030_1678_n02106030.JPEG,231,20260813
106432,n04116512_13212_n04116512.JPEG,767,20260813
106434,n02190166_3215_n02190166.JPEG,308,20260813
106441,n02111277_12972_n02111277.JPEG,256,20260813
106448,n03930630_1982_n03930630.JPEG,717,20260813
106464,n07760859_7804_n07760859.JPEG,956,20260813
106472,n07697537_49450_n07697537.JPEG,934,20260813
106489,n02091831_4679_n02091831.JPEG,176,20260813
106490,n02939185_33259_n02939185.JPEG,469,20260813
106500,n04366367_8373_n04366367.JPEG,839,20260813
106506,n01616318_3097_n01616318.JPEG,23,20260813
106522,n02095314_1919_n02095314.JPEG,188,20260813
106559,n01877812_6430_n01877812.JPEG,104,20260813
106570,n03017168_59109_n03017168.JPEG,494,20260813
106612,n03769881_621_n03769881.JPEG,654,20260813
106625,n04275548_4116_n04275548.JPEG,815,20260813
106637,n02391049_2899_n02391049.JPEG,340,20260813
106639,n01824575_2236_n01824575.JPEG,91,20260813
106668,n02910353_94_n02910353.JPEG,464,20260813
106695,n01819313_5701_n01819313.JPEG,89,20260813
106706,n02219486_30081_n02219486.JPEG,310,20260813
106707,n02133161_2355_n02133161.JPEG,295,20260813
106723,n03478589_2765_n03478589.JPEG,586,20260813
106725,n03376595_11267_n03376595.JPEG,559,20260813
106727,n04067472_350_n04067472.JPEG,758,20260813
106732,n03457902_49683_n03457902.JPEG,580,20260813
106746,n03630383_10093_n03630383.JPEG,617,20260813
106766,n03825788_6308_n03825788.JPEG,680,20260813
106794,n03658185_18441_n03658185.JPEG,623,20260813
106808,n03866082_9118_n03866082.JPEG,689,20260813
106826,n03992509_3432_n03992509.JPEG,739,20260813
106833,n02114367_5172_n02114367.JPEG,269,20260813
106837,n01739381_7299_n01739381.JPEG,59,20260813
106843,n02099849_4163_n02099849.JPEG,209,20260813
106866,n01629819_28257_n01629819.JPEG,25,20260813
106867,n02640242_33086_n02640242.JPEG,394,20260813
106888,n07579787_945_n07579787.JPEG,923,20260813
106922,n03223299_324_n03223299.JPEG,539,20260813
106956,n03854065_32367_n03854065.JPEG,687,20260813
106965,n04507155_13665_n04507155.JPEG,879,20260813
106978,n04254120_3672_n04254120.JPEG,804,20260813
106985,n04192698_54558_n04192698.JPEG,787,20260813
106986,n04252077_4656_n04252077.JPEG,802,20260813
106991,n04465501_495_n04465501.JPEG,866,20260813
107045,n01776313_26420_n01776313.JPEG,78,20260813
107073,n13044778_2218_n13044778.JPEG,995,20260813
107080,n03590841_10484_n03590841.JPEG,607,20260813
107084,n02699494_17188_n02699494.JPEG,406,20260813
107121,n02114712_5857_n02114712.JPEG,271,20260813
107136,n03124043_9026_n03124043.JPEG,514,20260813
107140,n04131690_5258_n04131690.JPEG,773,20260813
107155,n01685808_4202_n01685808.JPEG,41,20260813
107171,n04579432_27016_n04579432.JPEG,902,20260813
107186,n01687978_10675_n01687978.JPEG,42,20260813
107225,n04525038_34718_n04525038.JPEG,885,20260813
107239,n02840245_2631_n02840245.JPEG,446,20260813
107257,n02113978_7307_n02113978.JPEG,268,20260813
107266,n01796340_7984_n01796340.JPEG,81,20260813
107275,n02916936_4428_n02916936.JPEG,465,20260813
107281,n02132136_35258_n02132136.JPEG,294,20260813
107312,n13044778_13094_n13044778.JPEG,995,20260813
107327,n01748264_12077_n01748264.JPEG,63,20260813
107333,n03792782_30291_n03792782.JPEG,671,20260813
107334,n03841143_10794_n03841143.JPEG,685,20260813
107337,n04501370_5597_n04501370.JPEG,877,20260813
107338,n03141823_6244_n03141823.JPEG,523,20260813
107350,n03075370_6208_n03075370.JPEG,507,20260813
107378,n04086273_26807_n04086273.JPEG,763,20260813
107381,n03899768_37703_n03899768.JPEG,706,20260813
107387,n04041544_37046_n04041544.JPEG,754,20260813
107393,n02974003_6618_n02974003.JPEG,479,20260813
107402,n02107142_11869_n02107142.JPEG,236,20260813
107442,n02115913_9252_n02115913.JPEG,274,20260813
107467,n01774750_10290_n01774750.JPEG,76,20260813
107472,n03376595_2563_n03376595.JPEG,559,20260813
107486,n02747177_3816_n02747177.JPEG,412,20260813
107493,n12057211_6838_n12057211.JPEG,986,20260813
107501,n04254777_2812_n04254777.JPEG,806,20260813
107527,n03208938_18205_n03208938.JPEG,535,20260813
107529,n03791053_6745_n03791053.JPEG,670,20260813
107549,n02687172_1047_n02687172.JPEG,403,20260813
107560,n04131690_15689_n04131690.JPEG,773,20260813
107562,n03595614_7801_n03595614.JPEG,610,20260813
107568,n04111531_4750_n04111531.JPEG,766,20260813
107572,n03642806_19314_n03642806.JPEG,620,20260813
107578,n12985857_2049_n12985857.JPEG,991,20260813
107612,n04487394_20122_n04487394.JPEG,875,20260813
107626,n02100735_1178_n02100735.JPEG,212,20260813
107636,n04070727_11858_n04070727.JPEG,760,20260813
107670,n02092002_13556_n02092002.JPEG,177,20260813
107681,n03126707_3975_n03126707.JPEG,517,20260813
107690,n07873807_1597_n07873807.JPEG,963,20260813
107691,n03775071_3505_n03775071.JPEG,658,20260813
107709,n04371430_6053_n04371430.JPEG,842,20260813
107712,n01981276_11967_n01981276.JPEG,121,20260813
107716,n03961711_7320_n03961711.JPEG,729,20260813
107723,n07871810_9396_n07871810.JPEG,962,20260813
107736,n03297495_21599_n03297495.JPEG,550,20260813
107743,n02089973_2014_n02089973.JPEG,167,20260813
107755,n04592741_8475_n04592741.JPEG,908,20260813
107758,n12998815_10444_n12998815.JPEG,992,20260813
107784,n07248320_2617_n07248320.JPEG,921,20260813
107788,n03710193_12907_n03710193.JPEG,637,20260813
107796,n01985128_11688_n01985128.JPEG,124,20260813
107805,n01685808_1511_n01685808.JPEG,41,20260813
107822,n02096437_3696_n02096437.JPEG,194,20260813
107831,n02119789_12996_n02119789.JPEG,278,20260813
107835,n01560419_13766_n01560419.JPEG,16,20260813
107847,n02776631_10342_n02776631.JPEG,415,20260813
107851,n03529860_1373_n03529860.JPEG,598,20260813
107860,n04442312_12473_n04442312.JPEG,859,20260813
107868,n02013706_6495_n02013706.JPEG,135,20260813
107873,n02101006_1974_n02101006.JPEG,214,20260813
107881,n03692522_16849_n03692522.JPEG,633,20260813
107914,n02859443_19105_n02859443.JPEG,449,20260813
107916,n02116738_17378_n02116738.JPEG,275,20260813
107939,n02132136_6273_n02132136.JPEG,294,20260813
107943,n01532829_36993_n01532829.JPEG,12,20260813
107946,n03527444_7273_n03527444.JPEG,597,20260813
107967,n02100735_10996_n02100735.JPEG,212,20260813
107996,n03670208_14862_n03670208.JPEG,627,20260813
108002,n02782093_1569_n02782093.JPEG,417,20260813
108016,n01695060_32717_n01695060.JPEG,48,20260813
108047,n02033041_3781_n02033041.JPEG,142,20260813
108060,n02088364_11590_n02088364.JPEG,162,20260813
108135,n02090721_4608_n02090721.JPEG,170,20260813
108136,n02415577_85_n02415577.JPEG,349,20260813
108143,n02132136_990_n02132136.JPEG,294,20260813
108151,n04485082_23288_n04485082.JPEG,872,20260813
108155,n10565667_11566_n10565667.JPEG,983,20260813
108158,n02104029_4441_n02104029.JPEG,222,20260813
108165,n02093647_5271_n02093647.JPEG,181,20260813
108167,n02094114_7019_n02094114.JPEG,185,20260813
108185,n02999410_4428_n02999410.JPEG,488,20260813
108218,n04597913_5618_n04597913.JPEG,910,20260813
108228,n02088364_14431_n02088364.JPEG,162,20260813
108243,n01829413_1644_n01829413.JPEG,93,20260813
108253,n02101388_9053_n02101388.JPEG,215,20260813
108258,n03476991_49979_n03476991.JPEG,585,20260813
108260,n04069434_4985_n04069434.JPEG,759,20260813
108263,n04004767_12757_n04004767.JPEG,742,20260813
108266,n03290653_654_n03290653.JPEG,548,20260813
108299,n04259630_20938_n04259630.JPEG,808,20260813
108300,n07802026_12234_n07802026.JPEG,958,20260813
108317,n04239074_1553_n04239074.JPEG,799,20260813
108335,n01773157_4243_n01773157.JPEG,72,20260813
108341,n03197337_4214_n03197337.JPEG,531,20260813
108356,n03697007_23079_n03697007.JPEG,634,20260813
108416,n03788195_6632_n03788195.JPEG,668,20260813
108421,n04332243_22743_n04332243.JPEG,828,20260813
108425,n02123394_5988_n02123394.JPEG,283,20260813
108427,n02484975_5871_n02484975.JPEG,370,20260813
108438,n03379051_3425_n03379051.JPEG,560,20260813
108450,n01806143_8874_n01806143.JPEG,84,20260813
108494,n02259212_4896_n02259212.JPEG,317,20260813
108513,n03788195_64558_n03788195.JPEG,668,20260813
108522,n04456115_24560_n04456115.JPEG,862,20260813
108523,n02457408_3294_n02457408.JPEG,364,20260813
108554,n03673027_14408_n03673027.JPEG,628,20260813
108556,n02112706_5289_n02112706.JPEG,262,20260813
108584,n03630383_8511_n03630383.JPEG,617,20260813
108587,n03532672_360_n03532672.JPEG,600,20260813
108644,n03063689_1065_n03063689.JPEG,505,20260813
108645,n01537544_6779_n01537544.JPEG,14,20260813
108654,n02437616_5928_n02437616.JPEG,355,20260813
108660,n03255030_27971_n03255030.JPEG,543,20260813
108664,n02123394_353_n02123394.JPEG,283,20260813
108683,n03788365_7048_n03788365.JPEG,669,20260813
108700,n03891251_753_n03891251.JPEG,703,20260813
108706,n04389033_19014_n04389033.JPEG,847,20260813
108726,n01833805_1240_n01833805.JPEG,94,20260813
108742,n02834397_35402_n02834397.JPEG,443,20260813
108747,n03197337_8049_n03197337.JPEG,531,20260813
108777,n04428191_697_n04428191.JPEG,856,20260813
108796,n01775062_9091_n01775062.JPEG,77,20260813
108806,n04152593_10262_n04152593.JPEG,782,20260813
108816,n04509417_9481_n04509417.JPEG,880,20260813
108817,n02871525_54182_n02871525.JPEG,454,20260813
108820,n02346627_24433_n02346627.JPEG,334,20260813
108831,n03916031_18697_n03916031.JPEG,711,20260813
108832,n12768682_4337_n12768682.JPEG,990,20260813
108837,n04136333_11968_n04136333.JPEG,775,20260813
108843,n02108000_4574_n02108000.JPEG,241,20260813
108862,n04026417_63013_n04026417.JPEG,748,20260813
108864,n03690938_4162_n03690938.JPEG,631,20260813
108889,n01537544_1286_n01537544.JPEG,14,20260813
108893,n02782093_20822_n02782093.JPEG,417,20260813
108899,n03584254_660_n03584254.JPEG,605,20260813
108911,n01873310_11278_n01873310.JPEG,103,20260813
108914,n03530642_8337_n03530642.JPEG,599,20260813
108916,n03706229_269_n03706229.JPEG,635,20260813
108926,n02174001_1301_n02174001.JPEG,306,20260813
108937,n03956157_24001_n03956157.JPEG,727,20260813
108945,n02860847_10611_n02860847.JPEG,450,20260813
108970,n04507155_7324_n04507155.JPEG,879,20260813
108971,n02056570_8243_n02056570.JPEG,145,20260813
109048,n03483316_1758_n03483316.JPEG,589,20260813
109068,n02397096_295_n02397096.JPEG,343,20260813
109078,n02687172_38931_n02687172.JPEG,403,20260813
109090,n02108089_1470_n02108089.JPEG,242,20260813
109093,n01776313_9786_n01776313.JPEG,78,20260813
109102,n01983481_24436_n01983481.JPEG,122,20260813
109141,n01910747_14481_n01910747.JPEG,107,20260813
109146,n02480495_2523_n02480495.JPEG,365,20260813
109155,n03109150_10368_n03109150.JPEG,512,20260813
109182,n02319095_4921_n02319095.JPEG,328,20260813
109219,n02098286_2393_n02098286.JPEG,203,20260813
109225,n04456115_10210_n04456115.JPEG,862,20260813
109247,n02105641_8477_n02105641.JPEG,229,20260813
109267,n02101388_10754_n02101388.JPEG,215,20260813
109273,n02841315_3476_n02841315.JPEG,447,20260813
109297,n02442845_22864_n02442845.JPEG,357,20260813
109320,n04589890_119_n04589890.JPEG,904,20260813
109331,n01770081_20445_n01770081.JPEG,70,20260813
109350,n03759954_19971_n03759954.JPEG,650,20260813
109365,n02487347_16290_n02487347.JPEG,373,20260813
109380,n02979186_11957_n02979186.JPEG,482,20260813
109387,n02727426_17309_n02727426.JPEG,410,20260813
109388,n04311004_4917_n04311004.JPEG,821,20260813
109423,n02098413_3876_n02098413.JPEG,204,20260813
109458,n02879718_13404_n02879718.JPEG,456,20260813
109472,n07715103_3922_n07715103.JPEG,938,20260813
109493,n02280649_8718_n02280649.JPEG,324,20260813
109497,n04317175_3154_n04317175.JPEG,823,20260813
109510,n03425413_1284_n03425413.JPEG,571,20260813
109529,n04154565_567_n04154565.JPEG,784,20260813
109533,n02606052_16575_n02606052.JPEG,392,20260813
109567,n07873807_2310_n07873807.JPEG,963,20260813
109595,n01755581_5453_n01755581.JPEG,67,20260813
109609,n04592741_13478_n04592741.JPEG,908,20260813
109627,n03337140_37672_n03337140.JPEG,553,20260813
109658,n07754684_25326_n07754684.JPEG,955,20260813
109666,n03388549_1556_n03388549.JPEG,564,20260813
109699,n07714990_957_n07714990.JPEG,937,20260813
109705,n04501370_14218_n04501370.JPEG,877,20260813
109749,n09193705_485_n09193705.JPEG,970,20260813
109760,n04336792_8608_n04336792.JPEG,830,20260813
109769,n02281406_16283_n02281406.JPEG,325,20260813
109791,n02486261_3374_n02486261.JPEG,371,20260813
109806,n02096177_10992_n02096177.JPEG,192,20260813
109814,n06785654_1299_n06785654.JPEG,918,20260813
109818,n02112018_563_n02112018.JPEG,259,20260813
109825,n02992211_1251_n02992211.JPEG,486,20260813
109843,n02326432_44086_n02326432.JPEG,331,20260813
109858,n02807133_10433_n02807133.JPEG,433,20260813
109863,n03124043_2840_n03124043.JPEG,514,20260813
109864,n02776631_69704_n02776631.JPEG,415,20260813
109885,n02109525_14246_n02109525.JPEG,247,20260813
109886,n04019541_40168_n04019541.JPEG,746,20260813
109904,n03680355_4384_n03680355.JPEG,630,20260813
109913,n02094114_7079_n02094114.JPEG,185,20260813
109916,n02236044_3071_n02236044.JPEG,315,20260813
109934,n04599235_13894_n04599235.JPEG,911,20260813
109950,n03710721_7206_n03710721.JPEG,639,20260813
109963,n04376876_8091_n04376876.JPEG,845,20260813
110010,n02910353_12285_n02910353.JPEG,464,20260813
110030,n04264628_13577_n04264628.JPEG,810,20260813
110032,n03400231_6858_n03400231.JPEG,567,20260813
110043,n09428293_21839_n09428293.JPEG,978,20260813
110052,n03874599_6352_n03874599.JPEG,695,20260813
110055,n03032252_97807_n03032252.JPEG,498,20260813
110076,n03976657_19453_n03976657.JPEG,733,20260813
110087,n01818515_7910_n01818515.JPEG,88,20260813
110096,n02364673_4645_n02364673.JPEG,338,20260813
110103,n01693334_13126_n01693334.JPEG,46,20260813
110124,n02025239_1025_n02025239.JPEG,139,20260813
110139,n04552348_9348_n04552348.JPEG,895,20260813
110163,n03666591_31878_n03666591.JPEG,626,20260813
110173,n02206856_6373_n02206856.JPEG,309,20260813
110184,n03825788_12459_n03825788.JPEG,680,20260813
110201,n03961711_14217_n03961711.JPEG,729,20260813
110219,n02643566_2361_n02643566.JPEG,396,20260813
110232,n07892512_38349_n07892512.JPEG,966,20260813
110285,n01484850_21069_n01484850.JPEG,2,20260813
110295,n07584110_11801_n07584110.JPEG,925,20260813
110296,n02086910_11885_n02086910.JPEG,157,20260813
110304,n02447366_25411_n02447366.JPEG,362,20260813
110338,n01664065_14629_n01664065.JPEG,33,20260813
110343,n03788365_11766_n03788365.JPEG,669,20260813
110374,n04201297_10413_n04201297.JPEG,789,20260813
110378,n03617480_593_n03617480.JPEG,614,20260813
110382,n04040759_944_n04040759.JPEG,753,20260813
110383,n02841315_15964_n02841315.JPEG,447,20260813
110392,n01819313_1228_n01819313.JPEG,89,20260813
110430,n03891332_6447_n03891332.JPEG,704,20260813
110445,n02442845_22492_n02442845.JPEG,357,20260813
110450,n02708093_181_n02708093.JPEG,409,20260813
110453,n02443114_7296_n02443114.JPEG,358,20260813
110473,n04467665_28412_n04467665.JPEG,867,20260813
110482,n01820546_4640_n01820546.JPEG,90,20260813
110542,n02113978_8881_n02113978.JPEG,268,20260813
110544,n04562935_699_n04562935.JPEG,900,20260813
110597,n02090622_3353_n02090622.JPEG,169,20260813
110614,n04009552_10868_n04009552.JPEG,745,20260813
110637,n02085936_6869_n02085936.JPEG,153,20260813
110667,n02108000_6844_n02108000.JPEG,241,20260813
110680,n02169497_1900_n02169497.JPEG,304,20260813
110735,n04273569_17322_n04273569.JPEG,814,20260813
110752,n02138441_6118_n02138441.JPEG,299,20260813
110759,n04041544_4883_n04041544.JPEG,754,20260813
110770,n04596742_56215_n04596742.JPEG,909,20260813
110777,n02981792_2940_n02981792.JPEG,484,20260813
110781,n02490219_3696_n02490219.JPEG,377,20260813
110783,n01688243_2016_n01688243.JPEG,43,20260813
110791,n03670208_11432_n03670208.JPEG,627,20260813
110804,n02504013_1769_n02504013.JPEG,385,20260813
110808,n02085620_298_n02085620.JPEG,151,20260813
110869,n01986214_15634_n01986214.JPEG,125,20260813
110870,n10148035_15139_n10148035.JPEG,982,20260813
110882,n03630383_8612_n03630383.JPEG,617,20260813
110901,n03207743_14862_n03207743.JPEG,533,20260813
110905,n03584254_1478_n03584254.JPEG,605,20260813
110910,n07718747_12706_n07718747.JPEG,944,20260813
110911,n02814860_29500_n02814860.JPEG,437,20260813
110943,n02843684_4871_n02843684.JPEG,448,20260813
110948,n02268853_9068_n02268853.JPEG,320,20260813
110973,n01748264_21143_n01748264.JPEG,63,20260813
110979,n03544143_8467_n03544143.JPEG,604,20260813
110999,n01675722_5566_n01675722.JPEG,38,20260813
111001,n03792782_11959_n03792782.JPEG,671,20260813
111012,n03838899_48543_n03838899.JPEG,683,20260813
111014,n02095314_402_n02095314.JPEG,188,20260813
111017,n02088466_2410_n02088466.JPEG,163,20260813
111020,n02130308_10598_n02130308.JPEG,293,20260813
111022,n02481823_1867_n02481823.JPEG,367,20260813
111025,n01807496_17854_n01807496.JPEG,86,20260813
111028,n03916031_5125_n03916031.JPEG,711,20260813
111044,n02917067_14458_n02917067.JPEG,466,20260813
111048,n03733805_2031_n03733805.JPEG,647,20260813
111054,n02966687_3442_n02966687.JPEG,477,20260813
111092,n04404412_13649_n04404412.JPEG,851,20260813
111094,n02488291_4012_n02488291.JPEG,374,20260813
111123,n03942813_14313_n03942813.JPEG,722,20260813
111130,n02917067_8353_n02917067.JPEG,466,20260813
111142,n02094433_3091_n02094433.JPEG,187,20260813
111146,n02346627_12415_n02346627.JPEG,334,20260813
111162,n04254777_8718_n04254777.JPEG,806,20260813
111171,n02281406_4635_n02281406.JPEG,325,20260813
111179,n04591157_1147_n04591157.JPEG,906,20260813
111181,n02526121_7839_n02526121.JPEG,390,20260813
111209,n02108089_4579_n02108089.JPEG,242,20260813
111211,n03692522_15975_n03692522.JPEG,633,20260813
111221,n07730033_3365_n07730033.JPEG,946,20260813
111248,n04392985_9141_n04392985.JPEG,848,20260813
111271,n02091134_1412_n02091134.JPEG,172,20260813
111293,n06785654_7675_n06785654.JPEG,918,20260813
111304,n04525038_8637_n04525038.JPEG,885,20260813
111326,n03877845_5489_n03877845.JPEG,698,20260813
111330,n02012849_48516_n02012849.JPEG,134,20260813
111336,n03658185_6374_n03658185.JPEG,623,20260813
111353,n01910747_16782_n01910747.JPEG,107,20260813
111406,n02092339_3306_n02092339.JPEG,178,20260813
111431,n02115913_4128_n02115913.JPEG,274,20260813
111432,n02113712_2964_n02113712.JPEG,266,20260813
111440,n03841143_16393_n03841143.JPEG,685,20260813
111463,n02497673_6573_n02497673.JPEG,383,20260813
111464,n03529860_10966_n03529860.JPEG,598,20260813
111466,n02098286_2201_n02098286.JPEG,203,20260813
111510,n03272562_760_n03272562.JPEG,547,20260813
111523,n13044778_5079_n13044778.JPEG,995,20260813
111533,n01990800_753_n01990800.JPEG,126,20260813
111545,n07695742_2261_n07695742.JPEG,932,20260813
111575,n01592084_8884_n01592084.JPEG,19,20260813
111619,n02091134_125_n02091134.JPEG,172,20260813
111624,n02492035_6562_n02492035.JPEG,378,20260813
111631,n04136333_4123_n04136333.JPEG,775,20260813
111632,n02165456_3763_n02165456.JPEG,301,20260813
111636,n04344873_1975_n04344873.JPEG,831,20260813
111643,n02089973_2_n02089973.JPEG,167,20260813
111650,n02017213_3072_n02017213.JPEG,136,20260813
111653,n03877472_20362_n03877472.JPEG,697,20260813
111674,n02112350_1560_n02112350.JPEG,261,20260813
111677,n02325366_3962_n02325366.JPEG,330,20260813
111687,n03443371_11223_n03443371.JPEG,572,20260813
111692,n01694178_9146_n01694178.JPEG,47,20260813
111704,n02321529_1660_n02321529.JPEG,329,20260813
111745,n02422106_9321_n02422106.JPEG,351,20260813
111759,n02669723_1620_n02669723.JPEG,400,20260813
111775,n03840681_1243_n03840681.JPEG,684,20260813
111794,n04347754_4375_n04347754.JPEG,833,20260813
111822,n02484975_9461_n02484975.JPEG,370,20260813
111833,n02114712_23599_n02114712.JPEG,271,20260813
111844,n02058221_14278_n02058221.JPEG,146,20260813
111855,n07860988_10896_n07860988.JPEG,961,20260813
111879,n04311174_3780_n04311174.JPEG,822,20260813
111909,n02096294_167_n02096294.JPEG,193,20260813
111916,n04522168_10846_n04522168.JPEG,883,20260813
111951,n02113712_347_n02113712.JPEG,266,20260813
111954,n04285008_13486_n04285008.JPEG,817,20260813
111960,n01644900_4138_n01644900.JPEG,32,20260813
111961,n04235860_4033_n04235860.JPEG,797,20260813
111998,n01677366_41555_n01677366.JPEG,39,20260813
112000,n02113712_5330_n02113712.JPEG,266,20260813
112002,n04141327_9105_n04141327.JPEG,777,20260813
112012,n02113624_709_n02113624.JPEG,265,20260813
112042,n02090721_6372_n02090721.JPEG,170,20260813
112045,n02655020_44480_n02655020.JPEG,397,20260813
112052,n02807133_7801_n02807133.JPEG,433,20260813
112057,n02051845_3895_n02051845.JPEG,144,20260813
112069,n03788365_13445_n03788365.JPEG,669,20260813
112083,n01443537_3588_n01443537.JPEG,1,20260813
112105,n02536864_8767_n02536864.JPEG,391,20260813
112122,n02110806_4933_n02110806.JPEG,253,20260813
112126,n02107142_56355_n02107142.JPEG,236,20260813
112139,n02012849_243_n02012849.JPEG,134,20260813
112144,n01677366_6345_n01677366.JPEG,39,20260813
112147,n02951358_2907_n02951358.JPEG,472,20260813
112154,n04252225_28449_n04252225.JPEG,803,20260813
112161,n11879895_475_n11879895.JPEG,984,20260813
112196,n02950826_25864_n02950826.JPEG,471,20260813
112200,n02879718_563_n02879718.JPEG,456,20260813
112226,n07714571_343_n07714571.JPEG,936,20260813
112228,n03888257_19494_n03888257.JPEG,701,20260813
112236,n12620546_3788_n12620546.JPEG,989,20260813
112237,n02690373_2648_n02690373.JPEG,404,20260813
112251,n02493793_1689_n02493793.JPEG,381,20260813
112278,n01484850_21752_n01484850.JPEG,2,20260813
112287,n04204347_6164_n04204347.JPEG,791,20260813
112311,n02259212_6267_n02259212.JPEG,317,20260813
112321,n03372029_48876_n03372029.JPEG,558,20260813
112326,n03954731_21016_n03954731.JPEG,726,20260813
112330,n04370456_1594_n04370456.JPEG,841,20260813
112331,n03447721_29454_n03447721.JPEG,577,20260813
112338,n04355933_8415_n04355933.JPEG,836,20260813
112348,n02233338_7693_n02233338.JPEG,314,20260813
112356,n01530575_1040_n01530575.JPEG,10,20260813
112366,n03840681_7503_n03840681.JPEG,684,20260813
112372,n09256479_8643_n09256479.JPEG,973,20260813
112382,n03935335_5726_n03935335.JPEG,719,20260813
112401,n04417672_23989_n04417672.JPEG,853,20260813
112411,n03498962_48915_n03498962.JPEG,596,20260813
112471,n04542943_6281_n04542943.JPEG,891,20260813
112559,n04153751_32182_n04153751.JPEG,783,20260813
112566,n09428293_46804_n09428293.JPEG,978,20260813
112582,n03372029_78046_n03372029.JPEG,558,20260813
112598,n07684084_917_n07684084.JPEG,930,20260813
112606,n03786901_13220_n03786901.JPEG,666,20260813
112607,n02669723_11188_n02669723.JPEG,400,20260813
112614,n02276258_2779_n02276258.JPEG,321,20260813
112626,n04192698_21705_n04192698.JPEG,787,20260813
112635,n04372370_18033_n04372370.JPEG,844,20260813
112641,n03404251_8269_n03404251.JPEG,568,20260813
112664,n02699494_16031_n02699494.JPEG,406,20260813
112665,n02101556_15484_n02101556.JPEG,216,20260813
112747,n04270147_9897_n04270147.JPEG,813,20260813
112794,n01775062_8018_n01775062.JPEG,77,20260813
112807,n07715103_14961_n07715103.JPEG,938,20260813
112819,n02979186_3778_n02979186.JPEG,482,20260813
112829,n03188531_33780_n03188531.JPEG,529,20260813
112843,n02095889_1122_n02095889.JPEG,190,20260813
112847,n02509815_1107_n02509815.JPEG,387,20260813
112850,n04310018_7205_n04310018.JPEG,820,20260813
112855,n04065272_49503_n04065272.JPEG,757,20260813
112859,n04229816_10049_n04229816.JPEG,796,20260813
112861,n02074367_1449_n02074367.JPEG,149,20260813
112877,n04591713_2689_n04591713.JPEG,907,20260813
112880,n01871265_1952_n01871265.JPEG,101,20260813
112882,n01631663_5903_n01631663.JPEG,27,20260813
112891,n01695060_13577_n01695060.JPEG,48,20260813
112897,n07836838_11823_n07836838.JPEG,960,20260813
112919,n06874185_222_n06874185.JPEG,920,20260813
112930,n01616318_3194_n01616318.JPEG,23,20260813
112936,n03814906_39518_n03814906.JPEG,679,20260813
112939,n07613480_21892_n07613480.JPEG,927,20260813
112948,n01990800_12347_n01990800.JPEG,126,20260813
112951,n03710721_4126_n03710721.JPEG,639,20260813
112953,n02346627_8100_n02346627.JPEG,334,20260813
112969,n01498041_10666_n01498041.JPEG,6,20260813
112991,n07615774_20432_n07615774.JPEG,929,20260813
113004,n02837789_17932_n02837789.JPEG,445,20260813
113024,n02978881_8450_n02978881.JPEG,481,20260813
113040,n03047690_2913_n03047690.JPEG,502,20260813
113051,n01855032_3594_n01855032.JPEG,98,20260813
113056,n02011460_1445_n02011460.JPEG,133,20260813
113111,n02120505_15597_n02120505.JPEG,280,20260813
113126,n01828970_17404_n01828970.JPEG,92,20260813
113144,n06874185_37431_n06874185.JPEG,920,20260813
113149,n02776631_93830_n02776631.JPEG,415,20260813
113162,n02113978_3725_n02113978.JPEG,268,20260813
113221,n01773797_5759_n01773797.JPEG,74,20260813
113235,n02408429_10715_n02408429.JPEG,346,20260813
113241,n01734418_5224_n01734418.JPEG,56,20260813
113269,n03017168_10360_n03017168.JPEG,494,20260813
113273,n03888257_5908_n03888257.JPEG,701,20260813
113286,n03538406_11099_n03538406.JPEG,603,20260813
113291,n07860988_2212_n07860988.JPEG,961,20260813
113296,n03980874_1392_n03980874.JPEG,735,20260813
113302,n03461385_9045_n03461385.JPEG,582,20260813
113333,n03141823_700_n03141823.JPEG,523,20260813
113334,n02422106_1276_n02422106.JPEG,351,20260813
113356,n07718747_5774_n07718747.JPEG,944,20260813
113358,n03788195_2370_n03788195.JPEG,668,20260813
113380,n03445777_2770_n03445777.JPEG,574,20260813
113403,n07716358_4526_n07716358.JPEG,939,20260813
113425,n04265275_4563_n04265275.JPEG,811,20260813
113427,n04458633_10832_n04458633.JPEG,863,20260813
113428,n02483708_10405_n02483708.JPEG,369,20260813
113442,n01729322_10235_n01729322.JPEG,54,20260813
113450,n02002724_6954_n02002724.JPEG,128,20260813
113477,n02321529_3752_n02321529.JPEG,329,20260813
113478,n02950826_17215_n02950826.JPEG,471,20260813
113488,n04398044_7227_n04398044.JPEG,849,20260813
113499,n03717622_11178_n03717622.JPEG,640,20260813
113506,n02415577_14296_n02415577.JPEG,349,20260813
113509,n03598930_4205_n03598930.JPEG,611,20260813
113515,n02099267_1980_n02099267.JPEG,205,20260813
113521,n02607072_6127_n02607072.JPEG,393,20260813
113524,n01873310_3181_n01873310.JPEG,103,20260813
113533,n01768244_4777_n01768244.JPEG,69,20260813
113546,n02268443_20326_n02268443.JPEG,319,20260813
113583,n02799071_4487_n02799071.JPEG,429,20260813
113584,n03379051_2427_n03379051.JPEG,560,20260813
113591,n04127249_2745_n04127249.JPEG,772,20260813
113607,n03443371_12770_n03443371.JPEG,572,20260813
113609,n04328186_11622_n04328186.JPEG,826,20260813
113617,n03110669_98250_n03110669.JPEG,513,20260813
113628,n04486054_10745_n04486054.JPEG,873,20260813
113632,n01807496_16548_n01807496.JPEG,86,20260813
113654,n02795169_4256_n02795169.JPEG,427,20260813
113662,n02786058_11483_n02786058.JPEG,419,20260813
113670,n02791270_224_n02791270.JPEG,424,20260813
113679,n02169497_13352_n02169497.JPEG,304,20260813
113697,n02808304_2466_n02808304.JPEG,434,20260813
113719,n02123159_7974_n02123159.JPEG,282,20260813
113730,n07930864_14358_n07930864.JPEG,968,20260813
113746,n02102318_11966_n02102318.JPEG,219,20260813
113753,n02791270_165_n02791270.JPEG,424,20260813
113765,n01877812_3483_n01877812.JPEG,104,20260813
113776,n02111889_13248_n02111889.JPEG,258,20260813
113778,n01632777_13964_n01632777.JPEG,29,20260813
113791,n02860847_3260_n02860847.JPEG,450,20260813
113806,n03538406_10101_n03538406.JPEG,603,20260813
113811,n04285008_203_n04285008.JPEG,817,20260813
113813,n03388549_5217_n03388549.JPEG,564,20260813
113819,n03594945_4820_n03594945.JPEG,609,20260813
113821,n15075141_35136_n15075141.JPEG,999,20260813
113834,n12768682_6858_n12768682.JPEG,990,20260813
113836,n03676483_28260_n03676483.JPEG,629,20260813
113858,n03124043_15231_n03124043.JPEG,514,20260813
113859,n03133878_8603_n03133878.JPEG,521,20260813
113879,n01630670_1270_n01630670.JPEG,26,20260813
113882,n07768694_3257_n07768694.JPEG,957,20260813
113891,n07684084_7021_n07684084.JPEG,930,20260813
113902,n02107574_1081_n02107574.JPEG,238,20260813
113924,n04507155_13747_n04507155.JPEG,879,20260813
113927,n04099969_14920_n04099969.JPEG,765,20260813
113931,n03874293_3096_n03874293.JPEG,694,20260813
113939,n09421951_7973_n09421951.JPEG,977,20260813
113954,n07565083_11976_n07565083.JPEG,922,20260813
113964,n02168699_7636_n02168699.JPEG,303,20260813
113989,n03970156_45837_n03970156.JPEG,731,20260813
114000,n04461696_13892_n04461696.JPEG,864,20260813
114016,n01930112_1298_n01930112.JPEG,111,20260813
114020,n03450230_7125_n03450230.JPEG,578,20260813
114026,n01484850_26157_n01484850.JPEG,2,20260813
114030,n04604644_10607_n04604644.JPEG,912,20260813
114040,n02114548_13684_n02114548.JPEG,270,20260813
114044,n03388183_10157_n03388183.JPEG,563,20260813
114064,n01632458_833_n01632458.JPEG,28,20260813
114070,n04254680_1513_n04254680.JPEG,805,20260813
114081,n03240683_4634_n03240683.JPEG,540,20260813
114093,n03623198_1275_n03623198.JPEG,615,20260813
114098,n07920052_14164_n07920052.JPEG,967,20260813
114100,n07734744_12948_n07734744.JPEG,947,20260813
114112,n02108000_3811_n02108000.JPEG,241,20260813
114149,n03482405_22019_n03482405.JPEG,588,20260813
114161,n02109525_34703_n02109525.JPEG,247,20260813
114173,n02281406_6979_n02281406.JPEG,325,20260813
114181,n03786901_1409_n03786901.JPEG,666,20260813
114208,n02837789_12979_n02837789.JPEG,445,20260813
114209,n04277352_13113_n04277352.JPEG,816,20260813
114210,n02097658_10113_n02097658.JPEG,201,20260813
114211,n02099601_2384_n02099601.JPEG,207,20260813
114247,n04296562_1118_n04296562.JPEG,819,20260813
114256,n03796401_9172_n03796401.JPEG,675,20260813
114262,n03690938_13132_n03690938.JPEG,631,20260813
114279,n01629819_4863_n01629819.JPEG,25,20260813
114285,n03743016_4236_n03743016.JPEG,649,20260813
114288,n04404412_21899_n04404412.JPEG,851,20260813
114291,n02123394_8147_n02123394.JPEG,283,20260813
114295,n09399592_14940_n09399592.JPEG,976,20260813
114300,n02102318_1835_n02102318.JPEG,219,20260813
114302,n03775071_8723_n03775071.JPEG,658,20260813
114325,n02815834_4638_n02815834.JPEG,438,20260813
114332,n02128925_34546_n02128925.JPEG,290,20260813
114365,n02133161_12370_n02133161.JPEG,295,20260813
114368,n04265275_4028_n04265275.JPEG,811,20260813
114372,n02492035_13292_n02492035.JPEG,378,20260813
114386,n01675722_1186_n01675722.JPEG,38,20260813
114408,n07753275_54862_n07753275.JPEG,953,20260813
114429,n01491361_11283_n01491361.JPEG,3,20260813
114454,n01944390_37145_n01944390.JPEG,113,20260813
114461,n03788195_1969_n03788195.JPEG,668,20260813
114484,n01924916_8582_n01924916.JPEG,110,20260813
114485,n07695742_8757_n07695742.JPEG,932,20260813
114505,n01688243_11388_n01688243.JPEG,43,20260813
114531,n01704323_8235_n01704323.JPEG,51,20260813
114549,n07613480_18455_n07613480.JPEG,927,20260813
114550,n03840681_4915_n03840681.JPEG,684,20260813
114554,n04515003_38312_n04515003.JPEG,881,20260813
114563,n03976467_8839_n03976467.JPEG,732,20260813
114599,n02086646_2966_n02086646.JPEG,156,20260813
114605,n04004767_5418_n04004767.JPEG,742,20260813
114638,n02909870_9750_n02909870.JPEG,463,20260813
114649,n03720891_2580_n03720891.JPEG,641,20260813
114661,n04275548_3374_n04275548.JPEG,815,20260813
114714,n02791124_5759_n02791124.JPEG,423,20260813
114721,n02749479_2848_n02749479.JPEG,413,20260813
114748,n03983396_551_n03983396.JPEG,737,20260813
114764,n02086079_14175_n02086079.JPEG,154,20260813
114772,n03393912_1263_n03393912.JPEG,565,20260813
114813,n03485794_48930_n03485794.JPEG,591,20260813
114824,n03887697_6517_n03887697.JPEG,700,20260813
114839,n04606251_13838_n04606251.JPEG,913,20260813
114860,n01689811_9115_n01689811.JPEG,44,20260813
114861,n02105056_9321_n02105056.JPEG,224,20260813
114872,n01756291_8086_n01756291.JPEG,68,20260813
114887,n04357314_14235_n04357314.JPEG,838,20260813
114891,n02028035_10677_n02028035.JPEG,141,20260813
114928,n02536864_34718_n02536864.JPEG,391,20260813
114942,n01751748_569_n01751748.JPEG,65,20260813
114957,n04560804_21343_n04560804.JPEG,899,20260813
114958,n04485082_2294_n04485082.JPEG,872,20260813
114978,n01796340_8751_n01796340.JPEG,81,20260813
114979,n01728920_19457_n01728920.JPEG,53,20260813
114983,n07892512_5470_n07892512.JPEG,966,20260813
114984,n02965783_610_n02965783.JPEG,475,20260813
115000,n01669191_9387_n01669191.JPEG,37,20260813
115004,n02444819_8505_n02444819.JPEG,360,20260813
115020,n01950731_6071_n01950731.JPEG,115,20260813
115039,n02454379_12453_n02454379.JPEG,363,20260813
115045,n02177972_1366_n02177972.JPEG,307,20260813
115078,n04591157_686_n04591157.JPEG,906,20260813
115127,n01819313_8433_n01819313.JPEG,89,20260813
115130,n02977058_21831_n02977058.JPEG,480,20260813
115131,n02120505_189_n02120505.JPEG,280,20260813
115137,n01829413_4583_n01829413.JPEG,93,20260813
115139,n04376876_15064_n04376876.JPEG,845,20260813
115166,n07615774_5952_n07615774.JPEG,929,20260813
115169,n02002724_6490_n02002724.JPEG,128,20260813
115170,n02168699_1956_n02168699.JPEG,303,20260813
115183,n03982430_29449_n03982430.JPEG,736,20260813
115209,n02102480_2312_n02102480.JPEG,220,20260813
115244,n02708093_6785_n02708093.JPEG,409,20260813
115254,n03791053_27258_n03791053.JPEG,670,20260813
115275,n02483362_400_n02483362.JPEG,368,20260813
115305,n03160309_49948_n03160309.JPEG,525,20260813
115307,n02105855_11127_n02105855.JPEG,230,20260813
115331,n02948072_50316_n02948072.JPEG,470,20260813
115344,n04070727_35252_n04070727.JPEG,760,20260813
115364,n04532670_183_n04532670.JPEG,888,20260813
115379,n01824575_2770_n01824575.JPEG,91,20260813
115387,n04265275_5281_n04265275.JPEG,811,20260813
115396,n04417672_3467_n04417672.JPEG,853,20260813
115401,n02138441_2791_n02138441.JPEG,299,20260813
115430,n03095699_22090_n03095699.JPEG,510,20260813
115437,n03920288_8494_n03920288.JPEG,712,20260813
115461,n04209133_3981_n04209133.JPEG,793,20260813
115499,n03063689_1200_n03063689.JPEG,505,20260813
115500,n01817953_2043_n01817953.JPEG,87,20260813
115505,n02877765_12903_n02877765.JPEG,455,20260813
115518,n03891251_7222_n03891251.JPEG,703,20260813
115525,n02607072_5522_n02607072.JPEG,393,20260813
115529,n04465501_1889_n04465501.JPEG,866,20260813
115531,n03764736_21853_n03764736.JPEG,653,20260813
115532,n02536864_30886_n02536864.JPEG,391,20260813
115552,n02793495_16848_n02793495.JPEG,425,20260813
115560,n02442845_17711_n02442845.JPEG,357,20260813
115561,n03085013_21277_n03085013.JPEG,508,20260813
115566,n02786058_10177_n02786058.JPEG,419,20260813
115572,n02128385_3977_n02128385.JPEG,288,20260813
115605,n01689811_9870_n01689811.JPEG,44,20260813
115632,n04258138_431_n04258138.JPEG,807,20260813
115643,n04049303_12501_n04049303.JPEG,756,20260813
115658,n03584829_36215_n03584829.JPEG,606,20260813
115669,n04204238_7000_n04204238.JPEG,790,20260813
115702,n02835271_2525_n02835271.JPEG,444,20260813
115727,n04330267_18980_n04330267.JPEG,827,20260813
115778,n02086910_1679_n02086910.JPEG,157,20260813
115799,n03259280_7965_n03259280.JPEG,544,20260813
115812,n02123045_6937_n02123045.JPEG,281,20260813
115846,n03929855_2241_n03929855.JPEG,715,20260813
115865,n02233338_4518_n02233338.JPEG,314,20260813
115867,n02977058_1991_n02977058.JPEG,480,20260813
115902,n03372029_22925_n03372029.JPEG,558,20260813
115908,n02727426_1835_n02727426.JPEG,410,20260813
115910,n02326432_36240_n02326432.JPEG,331,20260813
115914,n09332890_16422_n09332890.JPEG,975,20260813
115930,n01773549_849_n01773549.JPEG,73,20260813
115932,n03903868_9202_n03903868.JPEG,708,20260813
115937,n02676566_9097_n02676566.JPEG,402,20260813
115971,n04141975_1260_n04141975.JPEG,778,20260813
115979,n01914609_8352_n01914609.JPEG,108,20260813
115985,n02190166_12870_n02190166.JPEG,308,20260813
115990,n04277352_5419_n04277352.JPEG,816,20260813
116000,n03814639_1566_n03814639.JPEG,678,20260813
116014,n02172182_9789_n02172182.JPEG,305,20260813
116033,n02138441_5067_n02138441.JPEG,299,20260813
116045,n04273569_1324_n04273569.JPEG,814,20260813
116046,n13040303_853_n13040303.JPEG,994,20260813
116089,n03942813_6432_n03942813.JPEG,722,20260813
116119,n01669191_8422_n01669191.JPEG,37,20260813
116123,n04146614_158_n04146614.JPEG,779,20260813
116130,n03967562_8552_n03967562.JPEG,730,20260813
116152,n01819313_2414_n01819313.JPEG,89,20260813
116190,n04467665_26266_n04467665.JPEG,867,20260813
116227,n03933933_5791_n03933933.JPEG,718,20260813
116253,n02500267_1461_n02500267.JPEG,384,20260813
116260,n01774750_6483_n01774750.JPEG,76,20260813
116291,n04162706_18776_n04162706.JPEG,785,20260813
116323,n01774384_2020_n01774384.JPEG,75,20260813
116334,n04033901_36002_n04033901.JPEG,749,20260813
116337,n02033041_14299_n02033041.JPEG,142,20260813
116339,n01756291_16810_n01756291.JPEG,68,20260813
116358,n03933933_6400_n03933933.JPEG,718,20260813
116365,n04428191_8080_n04428191.JPEG,856,20260813
116371,n01616318_57189_n01616318.JPEG,23,20260813
116410,n03690938_9012_n03690938.JPEG,631,20260813
116438,n01910747_13285_n01910747.JPEG,107,20260813
116446,n02980441_11942_n02980441.JPEG,483,20260813
116475,n03240683_3008_n03240683.JPEG,540,20260813
116494,n02536864_17337_n02536864.JPEG,391,20260813
116497,n04417672_1109_n04417672.JPEG,853,20260813
116547,n02747177_39423_n02747177.JPEG,412,20260813
116552,n02480855_10678_n02480855.JPEG,366,20260813
116556,n02097209_3783_n02097209.JPEG,198,20260813
116561,n03773504_2329_n03773504.JPEG,657,20260813
116612,n07697537_4605_n07697537.JPEG,934,20260813
116618,n04099969_15645_n04099969.JPEG,765,20260813
116620,n02119022_7781_n02119022.JPEG,277,20260813
116624,n02777292_5207_n02777292.JPEG,416,20260813
116626,n07717410_1033_n07717410.JPEG,941,20260813
116641,n04346328_12401_n04346328.JPEG,832,20260813
116650,n04604644_13773_n04604644.JPEG,912,20260813
116656,n04372370_16903_n04372370.JPEG,844,20260813
116657,n02825657_13523_n02825657.JPEG,442,20260813
116662,n07716906_5533_n07716906.JPEG,940,20260813
116668,n07714571_8233_n07714571.JPEG,936,20260813
116669,n02112706_4265_n02112706.JPEG,262,20260813
116680,n03447721_50443_n03447721.JPEG,577,20260813
116691,n02971356_16164_n02971356.JPEG,478,20260813
116701,n03345487_2143_n03345487.JPEG,555,20260813
116711,n02488291_225_n02488291.JPEG,374,20260813
116729,n02107574_3367_n02107574.JPEG,238,20260813
116736,n01955084_40631_n01955084.JPEG,116,20260813
116744,n03857828_17939_n03857828.JPEG,688,20260813
116758,n02098286_4830_n02098286.JPEG,203,20260813
116790,n02699494_60404_n02699494.JPEG,406,20260813
116811,n02701002_12493_n02701002.JPEG,407,20260813
116819,n02088094_8631_n02088094.JPEG,160,20260813
116831,n04447861_161_n04447861.JPEG,861,20260813
116832,n02100735_1182_n02100735.JPEG,212,20260813
116857,n02487347_1262_n02487347.JPEG,373,20260813
116859,n04505470_1048_n04505470.JPEG,878,20260813
116872,n02085620_3975_n02085620.JPEG,151,20260813
116898,n02233338_9351_n02233338.JPEG,314,20260813
116904,n04238763_1671_n04238763.JPEG,798,20260813
116914,n03841143_33064_n03841143.JPEG,685,20260813
116932,n03662601_14041_n03662601.JPEG,625,20260813
116947,n04346328_13903_n04346328.JPEG,832,20260813
116966,n02051845_5414_n02051845.JPEG,144,20260813
116975,n03355925_10665_n03355925.JPEG,557,20260813
117001,n03187595_10682_n03187595.JPEG,528,20260813
117021,n07932039_10545_n07932039.JPEG,969,20260813
117027,n02342885_4368_n02342885.JPEG,333,20260813
117029,n04376876_12873_n04376876.JPEG,845,20260813
117056,n02115913_1446_n02115913.JPEG,274,20260813
117071,n01806143_1424_n01806143.JPEG,84,20260813
117087,n02843684_25619_n02843684.JPEG,448,20260813
117099,n02172182_15686_n02172182.JPEG,305,20260813
117100,n02077923_13828_n02077923.JPEG,150,20260813
117111,n01601694_15119_n01601694.JPEG,20,20260813
117116,n03032252_28599_n03032252.JPEG,498,20260813
117124,n03733805_11117_n03733805.JPEG,647,20260813
117138,n01582220_4886_n01582220.JPEG,18,20260813
117141,n02510455_12355_n02510455.JPEG,388,20260813
117156,n01665541_11546_n01665541.JPEG,34,20260813
117157,n04417672_7005_n04417672.JPEG,853,20260813
117175,n13044778_5521_n13044778.JPEG,995,20260813
117190,n02074367_7295_n02074367.JPEG,149,20260813
117197,n04033901_32748_n04033901.JPEG,749,20260813
117221,n02028035_2437_n02028035.JPEG,141,20260813
117294,n04228054_6206_n04228054.JPEG,795,20260813
117297,n02115641_27578_n02115641.JPEG,273,20260813
117305,n02363005_35339_n02363005.JPEG,337,20260813
117332,n03662601_2962_n03662601.JPEG,625,20260813
117393,n01978455_2634_n01978455.JPEG,119,20260813
117432,n03777568_18881_n03777568.JPEG,661,20260813
117438,n03594945_10415_n03594945.JPEG,609,20260813
117450,n03935335_20164_n03935335.JPEG,719,20260813
117489,n01614925_3746_n01614925.JPEG,22,20260813
117496,n01669191_2049_n01669191.JPEG,37,20260813
117517,n02056570_700_n02056570.JPEG,145,20260813
117525,n01968897_1545_n01968897.JPEG,117,20260813
117529,n04370456_5695_n04370456.JPEG,841,20260813
117564,n03459775_278_n03459775.JPEG,581,20260813
117590,n03271574_1940_n03271574.JPEG,545,20260813
117601,n07880968_9534_n07880968.JPEG,965,20260813
117606,n03532672_18873_n03532672.JPEG,600,20260813
117612,n02091467_1224_n02091467.JPEG,174,20260813
117619,n01817953_1178_n01817953.JPEG,87,20260813
117645,n02123159_7446_n02123159.JPEG,282,20260813
117654,n01914609_1712_n01914609.JPEG,108,20260813
117659,n02484975_9137_n02484975.JPEG,370,20260813
117669,n03792782_72_n03792782.JPEG,671,20260813
117670,n02106382_469_n02106382.JPEG,233,20260813
117674,n01629819_2126_n01629819.JPEG,25,20260813
117676,n03404251_8186_n03404251.JPEG,568,20260813
117692,n02110627_17635_n02110627.JPEG,252,20260813
117697,n02787622_15102_n02787622.JPEG,420,20260813
117700,n04081281_116485_n04081281.JPEG,762,20260813
117763,n02112350_6930_n02112350.JPEG,261,20260813
117778,n02097474_11324_n02097474.JPEG,200,20260813
117805,n02776631_8268_n02776631.JPEG,415,20260813
117841,n02667093_3351_n02667093.JPEG,399,20260813
117847,n02102177_1763_n02102177.JPEG,218,20260813
117851,n02088238_12370_n02088238.JPEG,161,20260813
117859,n02666196_14441_n02666196.JPEG,398,20260813
117863,n01698640_7692_n01698640.JPEG,50,20260813
117865,n02490219_7006_n02490219.JPEG,377,20260813
117885,n01664065_25521_n01664065.JPEG,33,20260813
117925,n04023962_47600_n04023962.JPEG,747,20260813
117932,n04357314_17800_n04357314.JPEG,838,20260813
117966,n02281787_3759_n02281787.JPEG,326,20260813
117985,n03272010_3312_n03272010.JPEG,546,20260813
118023,n04204238_1717_n04204238.JPEG,790,20260813
118028,n03935335_13053_n03935335.JPEG,719,20260813
118048,n02110063_17881_n02110063.JPEG,249,20260813
118053,n02107312_5883_n02107312.JPEG,237,20260813
118066,n04522168_49679_n04522168.JPEG,883,20260813
118103,n02672831_32496_n02672831.JPEG,401,20260813
118128,n04487081_5269_n04487081.JPEG,874,20260813
118140,n03874599_12739_n03874599.JPEG,695,20260813
118153,n02114855_6641_n02114855.JPEG,272,20260813
118156,n03930313_2654_n03930313.JPEG,716,20260813
118166,n02091032_6095_n02091032.JPEG,171,20260813
118167,n01773797_8198_n01773797.JPEG,74,20260813
118168,n03393912_1916_n03393912.JPEG,565,20260813
118171,n09428293_106279_n09428293.JPEG,978,20260813
118199,n02107683_4169_n02107683.JPEG,239,20260813
118217,n04612504_9175_n04612504.JPEG,914,20260813
118231,n04009552_9205_n04009552.JPEG,745,20260813
118237,n02834397_7424_n02834397.JPEG,443,20260813
118239,n04235860_8732_n04235860.JPEG,797,20260813
118240,n03877845_3806_n03877845.JPEG,698,20260813
118297,n03535780_10554_n03535780.JPEG,602,20260813
118301,n09256479_1941_n09256479.JPEG,973,20260813
118330,n03888605_29596_n03888605.JPEG,702,20260813
118338,n02095889_8363_n02095889.JPEG,190,20260813
118364,n02730930_3389_n02730930.JPEG,411,20260813
118369,n12620546_45826_n12620546.JPEG,989,20260813
118371,n02317335_3053_n02317335.JPEG,327,20260813
118397,n04370456_1983_n04370456.JPEG,841,20260813
118398,n02808440_11055_n02808440.JPEG,435,20260813
118419,n02102973_7843_n02102973.JPEG,221,20260813
118430,n03673027_32446_n03673027.JPEG,628,20260813
118449,n03933933_9215_n03933933.JPEG,718,20260813
118459,n04208210_1431_n04208210.JPEG,792,20260813
118463,n04525305_2935_n04525305.JPEG,886,20260813
118482,n02112706_1307_n02112706.JPEG,262,20260813
118488,n02105641_8628_n02105641.JPEG,229,20260813
118489,n01980166_5433_n01980166.JPEG,120,20260813
118495,n04458633_1459_n04458633.JPEG,863,20260813
118511,n03661043_12704_n03661043.JPEG,624,20260813
118523,n03642806_7150_n03642806.JPEG,620,20260813
118532,n12768682_14267_n12768682.JPEG,990,20260813
118534,n03041632_38540_n03041632.JPEG,499,20260813
118554,n02113023_168_n02113023.JPEG,263,20260813
118558,n03201208_10752_n03201208.JPEG,532,20260813
118565,n03868863_10297_n03868863.JPEG,691,20260813
118587,n02699494_1548_n02699494.JPEG,406,20260813
118596,n03445777_1475_n03445777.JPEG,574,20260813
118627,n02106030_29703_n02106030.JPEG,231,20260813
118638,n04270147_18949_n04270147.JPEG,813,20260813
118659,n02117135_5240_n02117135.JPEG,276,20260813
118662,n02089973_6144_n02089973.JPEG,167,20260813
118693,n04596742_18107_n04596742.JPEG,909,20260813
118707,n02489166_262_n02489166.JPEG,376,20260813
118711,n04285008_1667_n04285008.JPEG,817,20260813
118714,n03457902_13350_n03457902.JPEG,580,20260813
118721,n02127052_20207_n02127052.JPEG,287,20260813
118743,n09399592_12177_n09399592.JPEG,976,20260813
118761,n02396427_9067_n02396427.JPEG,342,20260813
118788,n04277352_27660_n04277352.JPEG,816,20260813
118789,n02123597_13241_n02123597.JPEG,284,20260813
118840,n02790996_9207_n02790996.JPEG,422,20260813
118847,n03857828_60710_n03857828.JPEG,688,20260813
118860,n02113799_19961_n02113799.JPEG,267,20260813
118898,n03595614_22179_n03595614.JPEG,610,20260813
118916,n04270147_4361_n04270147.JPEG,813,20260813
118926,n02276258_5590_n02276258.JPEG,321,20260813
118953,n03388043_3235_n03388043.JPEG,562,20260813
118968,n03782006_1694_n03782006.JPEG,664,20260813
118976,n02096294_8025_n02096294.JPEG,193,20260813
118985,n02129165_12333_n02129165.JPEG,291,20260813
118992,n04599235_37154_n04599235.JPEG,911,20260813
118994,n04590129_17996_n04590129.JPEG,905,20260813
119013,n03792782_18769_n03792782.JPEG,671,20260813
119022,n03180011_6683_n03180011.JPEG,527,20260813
119029,n02120505_14398_n02120505.JPEG,280,20260813
119045,n02037110_31594_n02037110.JPEG,143,20260813
119073,n02096585_7259_n02096585.JPEG,195,20260813
119077,n02500267_5652_n02500267.JPEG,384,20260813
119132,n03249569_49214_n03249569.JPEG,541,20260813
119140,n03649909_9178_n03649909.JPEG,621,20260813
119148,n02113186_6376_n02113186.JPEG,264,20260813
119169,n02137549_1255_n02137549.JPEG,298,20260813
119182,n03627232_17606_n03627232.JPEG,616,20260813
119191,n03457902_17751_n03457902.JPEG,580,20260813
119193,n02802426_6130_n02802426.JPEG,430,20260813
119234,n02865351_14793_n02865351.JPEG,451,20260813
119250,n07248320_26595_n07248320.JPEG,921,20260813
119257,n03871628_34551_n03871628.JPEG,692,20260813
119263,n04505470_5091_n04505470.JPEG,878,20260813
119265,n02510455_3793_n02510455.JPEG,388,20260813
119280,n03478589_8280_n03478589.JPEG,586,20260813
119285,n04590129_7820_n04590129.JPEG,905,20260813
119291,n03627232_16351_n03627232.JPEG,616,20260813
119293,n03207743_7484_n03207743.JPEG,533,20260813
119319,n01883070_5725_n01883070.JPEG,106,20260813
119322,n04127249_4411_n04127249.JPEG,772,20260813
119327,n02788148_98215_n02788148.JPEG,421,20260813
119362,n02096437_4694_n02096437.JPEG,194,20260813
119376,n02988304_5006_n02988304.JPEG,485,20260813
119404,n02113799_22162_n02113799.JPEG,267,20260813
119444,n03355925_16482_n03355925.JPEG,557,20260813
119458,n02018795_4535_n02018795.JPEG,138,20260813
119476,n03956157_17497_n03956157.JPEG,727,20260813
119505,n03868863_4516_n03868863.JPEG,691,20260813
119537,n01667114_1438_n01667114.JPEG,35,20260813
119550,n07715103_4526_n07715103.JPEG,938,20260813
119561,n01687978_8262_n01687978.JPEG,42,20260813
119566,n01729322_8511_n01729322.JPEG,54,20260813
119576,n02110627_11942_n02110627.JPEG,252,20260813
119581,n02412080_33994_n02412080.JPEG,348,20260813
119593,n04423845_24995_n04423845.JPEG,855,20260813
119597,n02107908_3705_n02107908.JPEG,240,20260813
119598,n02124075_12058_n02124075.JPEG,285,20260813
119609,n03710721_15148_n03710721.JPEG,639,20260813
119611,n04251144_26215_n04251144.JPEG,801,20260813
119624,n02437312_2510_n02437312.JPEG,354,20260813
119642,n07920052_3498_n07920052.JPEG,967,20260813
119651,n02120505_5534_n02120505.JPEG,280,20260813
119655,n04005630_76854_n04005630.JPEG,743,20260813
119674,n01729977_4803_n01729977.JPEG,55,20260813
119681,n03903868_6673_n03903868.JPEG,708,20260813
119682,n01829413_17041_n01829413.JPEG,93,20260813
119692,n03942813_9122_n03942813.JPEG,722,20260813
119693,n01728920_8744_n01728920.JPEG,53,20260813
119702,n03598930_6623_n03598930.JPEG,611,20260813
119749,n03017168_54677_n03017168.JPEG,494,20260813
119760,n04332243_28702_n04332243.JPEG,828,20260813
119805,n03016953_8091_n03016953.JPEG,493,20260813
119810,n03929660_25212_n03929660.JPEG,714,20260813
119842,n04277352_2341_n04277352.JPEG,816,20260813
119860,n02085782_2345_n02085782.JPEG,152,20260813
119869,n04296562_45721_n04296562.JPEG,819,20260813
119883,n01631663_7380_n01631663.JPEG,27,20260813
119895,n03384352_5589_n03384352.JPEG,561,20260813
119898,n02091467_435_n02091467.JPEG,174,20260813
119970,n12144580_16448_n12144580.JPEG,987,20260813
119992,n02132136_4671_n02132136.JPEG,294,20260813
119998,n03379051_216_n03379051.JPEG,560,20260813
120002,n01910747_11305_n01910747.JPEG,107,20260813
120036,n03775071_29851_n03775071.JPEG,658,20260813
120058,n04532106_6882_n04532106.JPEG,887,20260813
120061,n04461696_12050_n04461696.JPEG,864,20260813
120096,n03743016_357_n03743016.JPEG,649,20260813
120123,n04479046_9048_n04479046.JPEG,869,20260813
120125,n03944341_10273_n03944341.JPEG,723,20260813
120126,n04026417_27015_n04026417.JPEG,748,20260813
120148,n03297495_4900_n03297495.JPEG,550,20260813
120154,n04589890_893_n04589890.JPEG,904,20260813
120156,n02116738_5826_n02116738.JPEG,275,20260813
120164,n04265275_10089_n04265275.JPEG,811,20260813
120171,n07745940_509_n07745940.JPEG,949,20260813
120181,n04263257_14775_n04263257.JPEG,809,20260813
120209,n04606251_12199_n04606251.JPEG,913,20260813
120227,n02927161_25070_n02927161.JPEG,467,20260813
120256,n07753113_1437_n07753113.JPEG,952,20260813
120262,n02777292_5718_n02777292.JPEG,416,20260813
120310,n02108422_8116_n02108422.JPEG,243,20260813
120313,n04326547_15806_n04326547.JPEG,825,20260813
120322,n01955084_2472_n01955084.JPEG,116,20260813
120354,n03447721_11233_n03447721.JPEG,577,20260813
120355,n03970156_12534_n03970156.JPEG,731,20260813
120360,n03920288_4111_n03920288.JPEG,712,20260813
120389,n02097298_7040_n02097298.JPEG,199,20260813
120420,n02441942_6727_n02441942.JPEG,356,20260813
120425,n02894605_2189_n02894605.JPEG,460,20260813
120441,n04579145_4623_n04579145.JPEG,901,20260813
120455,n02536864_16626_n02536864.JPEG,391,20260813
120470,n03445924_6646_n03445924.JPEG,575,20260813
120499,n04023962_13249_n04023962.JPEG,747,20260813
120504,n03197337_5805_n03197337.JPEG,531,20260813
120506,n02109047_13211_n02109047.JPEG,246,20260813
120519,n04366367_2221_n04366367.JPEG,839,20260813
120533,n04483307_1224_n04483307.JPEG,871,20260813
120537,n07734744_25881_n07734744.JPEG,947,20260813
120538,n03868863_4638_n03868863.JPEG,691,20260813
120550,n03637318_3663_n03637318.JPEG,619,20260813
120558,n02111889_2662_n02111889.JPEG,258,20260813
120559,n04458633_21430_n04458633.JPEG,863,20260813
120560,n02101006_6591_n02101006.JPEG,214,20260813
120566,n02119789_14571_n02119789.JPEG,278,20260813
120598,n07753592_16306_n07753592.JPEG,954,20260813
120627,n01630670_1017_n01630670.JPEG,26,20260813
120648,n04118776_13104_n04118776.JPEG,769,20260813
120658,n03947888_37154_n03947888.JPEG,724,20260813
120666,n02422699_1058_n02422699.JPEG,352,20260813
120677,n02123045_2143_n02123045.JPEG,281,20260813
120694,n02965783_3446_n02965783.JPEG,475,20260813
120736,n03000684_34171_n03000684.JPEG,491,20260813
120753,n03379051_3159_n03379051.JPEG,560,20260813
120774,n01978455_339_n01978455.JPEG,119,20260813
120775,n03492542_7277_n03492542.JPEG,592,20260813
120797,n02071294_1668_n02071294.JPEG,148,20260813
120821,n04447861_2734_n04447861.JPEG,861,20260813
120838,n03424325_23280_n03424325.JPEG,570,20260813
120844,n02786058_9398_n02786058.JPEG,419,20260813
120883,n07754684_13925_n07754684.JPEG,955,20260813
120905,n02172182_1095_n02172182.JPEG,305,20260813
120914,n03272010_1346_n03272010.JPEG,546,20260813
120917,n04613696_4948_n04613696.JPEG,915,20260813
120946,n03649909_23888_n03649909.JPEG,621,20260813
120950,n02125311_6746_n02125311.JPEG,286,20260813
120963,n01829413_6725_n01829413.JPEG,93,20260813
120968,n02692877_7258_n02692877.JPEG,405,20260813
120974,n03692522_12907_n03692522.JPEG,633,20260813
120980,n02086240_4868_n02086240.JPEG,155,20260813
121001,n03599486_11735_n03599486.JPEG,612,20260813
121034,n02783161_18768_n02783161.JPEG,418,20260813
121056,n02028035_7325_n02028035.JPEG,141,20260813
121063,n02488291_2527_n02488291.JPEG,374,20260813
121071,n02441942_23359_n02441942.JPEG,356,20260813
121076,n02089867_7867_n02089867.JPEG,166,20260813
121080,n01860187_770_n01860187.JPEG,100,20260813
121147,n03627232_34619_n03627232.JPEG,616,20260813
121175,n02788148_40170_n02788148.JPEG,421,20260813
121180,n02504458_9235_n02504458.JPEG,386,20260813
121188,n02099429_4813_n02099429.JPEG,206,20260813
121198,n03180011_9573_n03180011.JPEG,527,20260813
121240,n02093428_12224_n02093428.JPEG,180,20260813
121256,n02101388_8022_n02101388.JPEG,215,20260813
121261,n03000247_51076_n03000247.JPEG,490,20260813
121278,n02277742_10045_n02277742.JPEG,322,20260813
121283,n03857828_16841_n03857828.JPEG,688,20260813
121291,n02089867_604_n02089867.JPEG,166,20260813
121300,n02909870_2799_n02909870.JPEG,463,20260813
121321,n04540053_1987_n04540053.JPEG,890,20260813
121345,n02099712_6962_n02099712.JPEG,208,20260813
121349,n03617480_1249_n03617480.JPEG,614,20260813
121360,n01667778_21772_n01667778.JPEG,36,20260813
121363,n02486410_1874_n02486410.JPEG,372,20260813
121368,n01774384_4734_n01774384.JPEG,75,20260813
121380,n03717622_9987_n03717622.JPEG,640,20260813
121385,n02480855_9992_n02480855.JPEG,366,20260813
121424,n03976657_6808_n03976657.JPEG,733,20260813
121463,n07754684_14099_n07754684.JPEG,955,20260813
121503,n03126707_2916_n03126707.JPEG,517,20260813
121511,n04548280_4838_n04548280.JPEG,892,20260813
121521,n03095699_2843_n03095699.JPEG,510,20260813
121547,n01498041_10657_n01498041.JPEG,6,20260813
121600,n01695060_20646_n01695060.JPEG,48,20260813
121624,n02480495_818_n02480495.JPEG,365,20260813
121629,n12620546_8653_n12620546.JPEG,989,20260813
121642,n03710721_3267_n03710721.JPEG,639,20260813
121657,n01795545_843_n01795545.JPEG,80,20260813
121665,n02396427_11580_n02396427.JPEG,342,20260813
121707,n04120489_6792_n04120489.JPEG,770,20260813
121718,n04487394_31484_n04487394.JPEG,875,20260813
121730,n02092002_5936_n02092002.JPEG,177,20260813
121756,n07718472_558_n07718472.JPEG,943,20260813
121776,n03599486_17846_n03599486.JPEG,612,20260813
121783,n01729977_7775_n01729977.JPEG,55,20260813
121798,n01484850_9006_n01484850.JPEG,2,20260813
121811,n01622779_12248_n01622779.JPEG,24,20260813
121837,n02109961_12651_n02109961.JPEG,248,20260813
121844,n02102040_8300_n02102040.JPEG,217,20260813
121848,n04507155_8756_n04507155.JPEG,879,20260813
121851,n04099969_355_n04099969.JPEG,765,20260813
121856,n02090622_7799_n02090622.JPEG,169,20260813
121858,n01984695_9790_n01984695.JPEG,123,20260813
121865,n01491361_3163_n01491361.JPEG,3,20260813
121869,n03372029_35460_n03372029.JPEG,558,20260813
121871,n03223299_911_n03223299.JPEG,539,20260813
121877,n01580077_5293_n01580077.JPEG,17,20260813
121937,n04275548_4767_n04275548.JPEG,815,20260813
121944,n03494278_38241_n03494278.JPEG,593,20260813
121946,n04127249_37183_n04127249.JPEG,772,20260813
121973,n03085013_21084_n03085013.JPEG,508,20260813
121993,n03891251_1445_n03891251.JPEG,703,20260813
122006,n03133878_4596_n03133878.JPEG,521,20260813
122010,n01797886_14956_n01797886.JPEG,82,20260813
122022,n04372370_25765_n04372370.JPEG,844,20260813
