global_row,imagenet_path,class,split_seed
23,n02951585_12410_n02951585.JPEG,473,20260813
33,n03697007_22402_n03697007.JPEG,634,20260813
48,n02025239_2833_n02025239.JPEG,139,20260813
70,n02892767_16332_n02892767.JPEG,459,20260813
108,n02089078_6155_n02089078.JPEG,165,20260813
140,n01768244_11514_n01768244.JPEG,69,20260813
149,n03376595_13927_n03376595.JPEG,559,20260813
162,n02834397_15903_n02834397.JPEG,443,20260813
211,n03534580_15358_n03534580.JPEG,601,20260813
214,n02489166_11512_n02489166.JPEG,376,20260813
217,n03930630_2480_n03930630.JPEG,717,20260813
239,n02096177_2410_n02096177.JPEG,192,20260813
262,n02791270_20551_n02791270.JPEG,424,20260813
274,n04367480_416_n04367480.JPEG,840,20260813
282,n03874599_3164_n03874599.JPEG,695,20260813
308,n02500267_9975_n02500267.JPEG,384,20260813
309,n02108000_5336_n02108000.JPEG,241,20260813
334,n02096051_8793_n02096051.JPEG,191,20260813
338,n01494475_3550_n01494475.JPEG,4,20260813
361,n02134418_2822_n02134418.JPEG,297,20260813
362,n02114712_19475_n02114712.JPEG,271,20260813
365,n01740131_18243_n01740131.JPEG,60,20260813
367,n01616318_1773_n01616318.JPEG,23,20260813
390,n03344393_5281_n03344393.JPEG,554,20260813
397,n02860847_19729_n02860847.JPEG,450,20260813
399,n02939185_19091_n02939185.JPEG,469,20260813
401,n03976657_68220_n03976657.JPEG,733,20260813
420,n02111500_911_n02111500.JPEG,257,20260813
489,n03180011_11482_n03180011.JPEG,527,20260813
495,n02074367_14720_n02074367.JPEG,149,20260813
501,n02280649_3985_n02280649.JPEG,324,20260813
527,n03018349_1420_n03018349.JPEG,495,20260813
533,n02281406_13473_n02281406.JPEG,325,20260813
549,n03240683_14830_n03240683.JPEG,540,20260813
562,n02086646_8781_n02086646.JPEG,156,20260813
579,n03134739_403_n03134739.JPEG,522,20260813
588,n07714571_24126_n07714571.JPEG,936,20260813
602,n01592084_4500_n01592084.JPEG,19,20260813
610,n02869837_7795_n02869837.JPEG,452,20260813
623,n02992211_52405_n02992211.JPEG,486,20260813
651,n04350905_25248_n04350905.JPEG,834,20260813
657,n07565083_12526_n07565083.JPEG,922,20260813
676,n01531178_13528_n01531178.JPEG,11,20260813
728,n03459775_1720_n03459775.JPEG,581,20260813
730,n03452741_14199_n03452741.JPEG,579,20260813
733,n03394916_3228_n03394916.JPEG,566,20260813
738,n07714990_7654_n07714990.JPEG,937,20260813
744,n02109047_6599_n02109047.JPEG,246,20260813
791,n02037110_6701_n02037110.JPEG,143,20260813
815,n04009552_3286_n04009552.JPEG,745,20260813
816,n02100236_9906_n02100236.JPEG,210,20260813
874,n03891332_2691_n03891332.JPEG,704,20260813
882,n04039381_5512_n04039381.JPEG,752,20260813
896,n01843383_3546_n01843383.JPEG,96,20260813
897,n02106166_15669_n02106166.JPEG,232,20260813
902,n03388183_15326_n03388183.JPEG,563,20260813
903,n04254777_16347_n04254777.JPEG,806,20260813
918,n02086910_664_n02086910.JPEG,157,20260813
920,n01872401_7014_n01872401.JPEG,102,20260813
938,n02086079_19928_n02086079.JPEG,154,20260813
944,n02123045_909_n02123045.JPEG,281,20260813
953,n04356056_420_n04356056.JPEG,837,20260813
957,n04592741_21195_n04592741.JPEG,908,20260813
969,n03720891_1423_n03720891.JPEG,641,20260813
978,n04493381_13491_n04493381.JPEG,876,20260813
980,n01440764_6707_n01440764.JPEG,0,20260813
985,n02105505_4805_n02105505.JPEG,228,20260813
993,n03884397_25478_n03884397.JPEG,699,20260813
1026,n07880968_2184_n07880968.JPEG,965,20260813
1034,n09421951_1088_n09421951.JPEG,977,20260813
1047,n04344873_14723_n04344873.JPEG,831,20260813
1067,n02948072_24963_n02948072.JPEG,470,20260813
1094,n04254777_37262_n04254777.JPEG,806,20260813
1103,n04099969_57766_n04099969.JPEG,765,20260813
1106,n01748264_19209_n01748264.JPEG,63,20260813
1114,n01632777_7612_n01632777.JPEG,29,20260813
1135,n03179701_59582_n03179701.JPEG,526,20260813
1141,n04336792_8121_n04336792.JPEG,830,20260813
1183,n02007558_6600_n02007558.JPEG,130,20260813
1186,n02092339_7500_n02092339.JPEG,178,20260813
1200,n01978455_4226_n01978455.JPEG,119,20260813
1201,n11879895_10102_n11879895.JPEG,984,20260813
1205,n01945685_786_n01945685.JPEG,114,20260813
1206,n01704323_6706_n01704323.JPEG,51,20260813
1213,n03947888_18443_n03947888.JPEG,724,20260813
1220,n02655020_25566_n02655020.JPEG,397,20260813
1231,n02793495_24821_n02793495.JPEG,425,20260813
1266,n04317175_5435_n04317175.JPEG,823,20260813
1284,n03481172_4501_n03481172.JPEG,587,20260813
1337,n04146614_10276_n04146614.JPEG,779,20260813
1376,n04462240_13498_n04462240.JPEG,865,20260813
1384,n04154565_5239_n04154565.JPEG,784,20260813
1386,n04458633_3456_n04458633.JPEG,863,20260813
1407,n01631663_1976_n01631663.JPEG,27,20260813
1419,n01847000_467_n01847000.JPEG,97,20260813
1444,n07836838_15723_n07836838.JPEG,960,20260813
1448,n07836838_5292_n07836838.JPEG,960,20260813
1454,n01833805_202_n01833805.JPEG,94,20260813
1458,n03888605_11775_n03888605.JPEG,702,20260813
1469,n03527444_17909_n03527444.JPEG,597,20260813
1482,n01770393_3497_n01770393.JPEG,71,20260813
1483,n02363005_42185_n02363005.JPEG,337,20260813
1525,n06359193_8451_n06359193.JPEG,916,20260813
1545,n02979186_26217_n02979186.JPEG,482,20260813
1549,n03216828_11697_n03216828.JPEG,536,20260813
1551,n02091635_4329_n02091635.JPEG,175,20260813
1571,n01855032_4206_n01855032.JPEG,98,20260813
1580,n01773797_89_n01773797.JPEG,74,20260813
1581,n04548362_74675_n04548362.JPEG,893,20260813
1587,n03085013_23295_n03085013.JPEG,508,20260813
1588,n03000247_27044_n03000247.JPEG,490,20260813
1602,n02992529_5666_n02992529.JPEG,487,20260813
1606,n03929660_9761_n03929660.JPEG,714,20260813
1610,n03197337_9860_n03197337.JPEG,531,20260813
1630,n02727426_24220_n02727426.JPEG,410,20260813
1631,n02268443_35027_n02268443.JPEG,319,20260813
1639,n03249569_28245_n03249569.JPEG,541,20260813
1658,n04357314_1166_n04357314.JPEG,838,20260813
1668,n03400231_2200_n03400231.JPEG,567,20260813
1705,n07697537_634_n07697537.JPEG,934,20260813
1714,n02492035_2073_n02492035.JPEG,378,20260813
1717,n03355925_15186_n03355925.JPEG,557,20260813
1718,n01667778_10629_n01667778.JPEG,36,20260813
1726,n02510455_7030_n02510455.JPEG,388,20260813
1729,n03991062_22819_n03991062.JPEG,738,20260813
1730,n03633091_17609_n03633091.JPEG,618,20260813
1746,n04204347_4456_n04204347.JPEG,791,20260813
1751,n01828970_5077_n01828970.JPEG,92,20260813
1808,n03980874_6557_n03980874.JPEG,735,20260813
1842,n02098105_4186_n02098105.JPEG,202,20260813
1852,n04065272_29023_n04065272.JPEG,757,20260813
1870,n04005630_24649_n04005630.JPEG,743,20260813
1898,n03325584_871_n03325584.JPEG,552,20260813
1903,n04355338_19218_n04355338.JPEG,835,20260813
1933,n01770393_7237_n01770393.JPEG,71,20260813
1973,n02167151_1681_n02167151.JPEG,302,20260813
1974,n02486410_1697_n02486410.JPEG,372,20260813
2022,n03954731_28032_n03954731.JPEG,726,20260813
2024,n03218198_25285_n03218198.JPEG,537,20260813
2045,n03617480_6940_n03617480.JPEG,614,20260813
2046,n02859443_29704_n02859443.JPEG,449,20260813
2051,n13037406_4657_n13037406.JPEG,993,20260813
2054,n01860187_2287_n01860187.JPEG,100,20260813
2063,n03763968_5175_n03763968.JPEG,652,20260813
2114,n02129604_13631_n02129604.JPEG,292,20260813
2121,n02823750_4775_n02823750.JPEG,441,20260813
2186,n02134084_6304_n02134084.JPEG,296,20260813
2191,n07714990_10284_n07714990.JPEG,937,20260813
2196,n02437312_4282_n02437312.JPEG,354,20260813
2209,n02077923_1160_n02077923.JPEG,150,20260813
2220,n01582220_5821_n01582220.JPEG,18,20260813
2228,n01632777_36_n01632777.JPEG,29,20260813
2235,n03000247_30784_n03000247.JPEG,490,20260813
2244,n02110341_8163_n02110341.JPEG,251,20260813
2258,n04074963_24638_n04074963.JPEG,761,20260813
2267,n01806143_5714_n01806143.JPEG,84,20260813
2273,n03673027_1944_n03673027.JPEG,628,20260813
2278,n01537544_5580_n01537544.JPEG,14,20260813
2298,n04005630_64426_n04005630.JPEG,743,20260813
2310,n02965783_5889_n02965783.JPEG,475,20260813
2367,n03297495_6380_n03297495.JPEG,550,20260813
2410,n02676566_3916_n02676566.JPEG,402,20260813
2434,n07831146_1045_n07831146.JPEG,959,20260813
2461,n02391049_1891_n02391049.JPEG,340,20260813
2476,n02667093_9524_n02667093.JPEG,399,20260813
2489,n04482393_24573_n04482393.JPEG,870,20260813
2491,n04152593_8797_n04152593.JPEG,782,20260813
2497,n02504458_4981_n02504458.JPEG,386,20260813
2499,n01494475_17379_n01494475.JPEG,4,20260813
2524,n04613696_8098_n04613696.JPEG,915,20260813
2547,n03498962_3545_n03498962.JPEG,596,20260813
2551,n02730930_15056_n02730930.JPEG,411,20260813
2554,n01664065_18943_n01664065.JPEG,33,20260813
2555,n02231487_256_n02231487.JPEG,313,20260813
2560,n04355933_7707_n04355933.JPEG,836,20260813
2572,n02093256_3131_n02093256.JPEG,179,20260813
2583,n03773504_14031_n03773504.JPEG,657,20260813
2584,n01819313_190_n01819313.JPEG,89,20260813
2588,n01514859_628_n01514859.JPEG,8,20260813
2597,n03325584_18606_n03325584.JPEG,552,20260813
2598,n04447861_14870_n04447861.JPEG,861,20260813
2633,n02396427_2904_n02396427.JPEG,342,20260813
2651,n04111531_22313_n04111531.JPEG,766,20260813
2660,n02655020_6483_n02655020.JPEG,397,20260813
2677,n02799071_37617_n02799071.JPEG,429,20260813
2717,n04239074_128_n04239074.JPEG,799,20260813
2720,n02093256_2871_n02093256.JPEG,179,20260813
2732,n02815834_866_n02815834.JPEG,438,20260813
2750,n04200800_31386_n04200800.JPEG,788,20260813
2760,n02704792_20087_n02704792.JPEG,408,20260813
2773,n03691459_2931_n03691459.JPEG,632,20260813
2807,n02777292_23982_n02777292.JPEG,416,20260813
2831,n02804610_16665_n02804610.JPEG,432,20260813
2837,n02091831_2712_n02091831.JPEG,176,20260813
2867,n02643566_2613_n02643566.JPEG,396,20260813
2894,n01728920_9064_n01728920.JPEG,53,20260813
2895,n02412080_3622_n02412080.JPEG,348,20260813
2912,n01697457_14033_n01697457.JPEG,49,20260813
2957,n04509417_3718_n04509417.JPEG,880,20260813
2983,n04532670_7204_n04532670.JPEG,888,20260813
2993,n03344393_9073_n03344393.JPEG,554,20260813
3002,n03630383_10871_n03630383.JPEG,617,20260813
3023,n02256656_28091_n02256656.JPEG,316,20260813
3024,n03249569_4994_n03249569.JPEG,541,20260813
3026,n03476684_22448_n03476684.JPEG,584,20260813
3039,n02869837_20857_n02869837.JPEG,452,20260813
3052,n07584110_14435_n07584110.JPEG,925,20260813
3065,n02013706_1522_n02013706.JPEG,135,20260813
3097,n02280649_2628_n02280649.JPEG,324,20260813
3111,n01968897_4088_n01968897.JPEG,117,20260813
3126,n01768244_859_n01768244.JPEG,69,20260813
3146,n02114548_1062_n02114548.JPEG,270,20260813
3148,n02112350_4966_n02112350.JPEG,261,20260813
3169,n03126707_28973_n03126707.JPEG,517,20260813
3204,n03788195_14027_n03788195.JPEG,668,20260813
3210,n04074963_9514_n04074963.JPEG,761,20260813
3217,n03992509_5312_n03992509.JPEG,739,20260813
3224,n02487347_9645_n02487347.JPEG,373,20260813
3267,n03874293_13623_n03874293.JPEG,694,20260813
3289,n01558993_11314_n01558993.JPEG,15,20260813
3291,n03998194_11071_n03998194.JPEG,741,20260813
3292,n04548362_10711_n04548362.JPEG,893,20260813
3308,n04429376_24612_n04429376.JPEG,857,20260813
3311,n02091467_7488_n02091467.JPEG,174,20260813
3316,n07716358_15527_n07716358.JPEG,939,20260813
3385,n03417042_15903_n03417042.JPEG,569,20260813
3408,n02106166_7928_n02106166.JPEG,232,20260813
3411,n12620546_13196_n12620546.JPEG,989,20260813
3431,n01768244_222_n01768244.JPEG,69,20260813
3439,n02112706_4129_n02112706.JPEG,262,20260813
3444,n03837869_8086_n03837869.JPEG,682,20260813
3475,n02965783_9706_n02965783.JPEG,475,20260813
3481,n04147183_3492_n04147183.JPEG,780,20260813
3510,n04201297_16806_n04201297.JPEG,789,20260813
3513,n01532829_2730_n01532829.JPEG,12,20260813
3520,n04371430_7236_n04371430.JPEG,842,20260813
3523,n07753592_302_n07753592.JPEG,954,20260813
3559,n04125021_17086_n04125021.JPEG,771,20260813
3565,n12985857_5905_n12985857.JPEG,991,20260813
3580,n02509815_9564_n02509815.JPEG,387,20260813
3587,n07716358_4587_n07716358.JPEG,939,20260813
3602,n07716906_3159_n07716906.JPEG,940,20260813
3618,n02018207_1717_n02018207.JPEG,137,20260813
3631,n02526121_3899_n02526121.JPEG,390,20260813
3635,n07742313_12284_n07742313.JPEG,948,20260813
3653,n03529860_4542_n03529860.JPEG,598,20260813
3667,n04330267_20773_n04330267.JPEG,827,20260813
3693,n01755581_11576_n01755581.JPEG,67,20260813
3698,n02113186_2311_n02113186.JPEG,264,20260813
3716,n04251144_26917_n04251144.JPEG,801,20260813
3719,n02093647_6779_n02093647.JPEG,181,20260813
3725,n02177972_3047_n02177972.JPEG,307,20260813
3742,n01877812_3443_n01877812.JPEG,104,20260813
3752,n02096177_12294_n02096177.JPEG,192,20260813
3776,n02102480_9537_n02102480.JPEG,220,20260813
3780,n02793495_21075_n02793495.JPEG,425,20260813
3802,n04347754_5877_n04347754.JPEG,833,20260813
3818,n01981276_2086_n01981276.JPEG,121,20260813
3821,n02108422_5444_n02108422.JPEG,243,20260813
3882,n03983396_11898_n03983396.JPEG,737,20260813
3893,n02101388_3344_n02101388.JPEG,215,20260813
3899,n03775071_10969_n03775071.JPEG,658,20260813
3907,n01440764_10779_n01440764.JPEG,0,20260813
3908,n10565667_7642_n10565667.JPEG,983,20260813
3914,n03598930_7282_n03598930.JPEG,611,20260813
3916,n01797886_10046_n01797886.JPEG,82,20260813
3924,n03775071_3846_n03775071.JPEG,658,20260813
3927,n02114367_10685_n02114367.JPEG,269,20260813
3937,n01871265_1522_n01871265.JPEG,101,20260813
3946,n03063599_5502_n03063599.JPEG,504,20260813
3980,n02009229_14521_n02009229.JPEG,131,20260813
3985,n02910353_9190_n02910353.JPEG,464,20260813
4028,n04099969_13278_n04099969.JPEG,765,20260813
4039,n04562935_3760_n04562935.JPEG,900,20260813
4040,n02492035_8795_n02492035.JPEG,378,20260813
4062,n02280649_8244_n02280649.JPEG,324,20260813
4068,n04273569_24927_n04273569.JPEG,814,20260813
4101,n01877812_3202_n01877812.JPEG,104,20260813
4144,n02129604_3546_n02129604.JPEG,292,20260813
4155,n01665541_42_n01665541.JPEG,34,20260813
4172,n07930864_29636_n07930864.JPEG,968,20260813
4174,n03355925_10472_n03355925.JPEG,557,20260813
4179,n04019541_20809_n04019541.JPEG,746,20260813
4225,n04265275_4794_n04265275.JPEG,811,20260813
4264,n04483307_4525_n04483307.JPEG,871,20260813
4289,n04041544_40259_n04041544.JPEG,754,20260813
4298,n03891251_346_n03891251.JPEG,703,20260813
4310,n02168699_6849_n02168699.JPEG,303,20260813
4325,n01843383_9323_n01843383.JPEG,96,20260813
4376,n04355933_952_n04355933.JPEG,836,20260813
4380,n09472597_6035_n09472597.JPEG,980,20260813
4384,n02483362_502_n02483362.JPEG,368,20260813
4392,n03110669_113512_n03110669.JPEG,513,20260813
4430,n02123394_6962_n02123394.JPEG,283,20260813
4449,n02699494_17177_n02699494.JPEG,406,20260813
4472,n01695060_24987_n01695060.JPEG,48,20260813
4514,n02113023_2648_n02113023.JPEG,263,20260813
4524,n04273569_883_n04273569.JPEG,814,20260813
4559,n03133878_3133_n03133878.JPEG,521,20260813
4615,n01910747_1112_n01910747.JPEG,107,20260813
4631,n07590611_21895_n07590611.JPEG,926,20260813
4640,n03710193_14938_n03710193.JPEG,637,20260813
4643,n03785016_10167_n03785016.JPEG,665,20260813
4653,n04332243_7157_n04332243.JPEG,828,20260813
4659,n02423022_3321_n02423022.JPEG,353,20260813
4687,n02486261_8605_n02486261.JPEG,371,20260813
4706,n02871525_10132_n02871525.JPEG,454,20260813
4710,n03000684_2035_n03000684.JPEG,491,20260813
4711,n12057211_29_n12057211.JPEG,986,20260813
4718,n02730930_15556_n02730930.JPEG,411,20260813
4722,n03594734_38515_n03594734.JPEG,608,20260813
4728,n03983396_4286_n03983396.JPEG,737,20260813
4739,n03498962_9372_n03498962.JPEG,596,20260813
4741,n03196217_6135_n03196217.JPEG,530,20260813
4746,n02107142_8456_n02107142.JPEG,236,20260813
4759,n04252225_29534_n04252225.JPEG,803,20260813
4781,n12620546_15420_n12620546.JPEG,989,20260813
4832,n01664065_13432_n01664065.JPEG,33,20260813
4852,n03710721_7322_n03710721.JPEG,639,20260813
4906,n02098413_692_n02098413.JPEG,204,20260813
4912,n02110341_6691_n02110341.JPEG,251,20260813
4921,n01737021_4008_n01737021.JPEG,58,20260813
4937,n02500267_2597_n02500267.JPEG,384,20260813
4945,n02110341_14273_n02110341.JPEG,251,20260813
4956,n02088094_1013_n02088094.JPEG,160,20260813
4986,n02640242_29150_n02640242.JPEG,394,20260813
5008,n02641379_2092_n02641379.JPEG,395,20260813
5010,n03788365_10079_n03788365.JPEG,669,20260813
5011,n04049303_8799_n04049303.JPEG,756,20260813
5066,n03670208_31575_n03670208.JPEG,627,20260813
5100,n02794156_10210_n02794156.JPEG,426,20260813
5104,n07749582_13140_n07749582.JPEG,951,20260813
5106,n03188531_32121_n03188531.JPEG,529,20260813
5107,n03584829_23459_n03584829.JPEG,606,20260813
5114,n04162706_28805_n04162706.JPEG,785,20260813
5121,n02123045_8317_n02123045.JPEG,281,20260813
5128,n04613696_4210_n04613696.JPEG,915,20260813
5136,n03447721_204_n03447721.JPEG,577,20260813
5143,n02447366_6814_n02447366.JPEG,362,20260813
5159,n02138441_940_n02138441.JPEG,299,20260813
5177,n01773797_1323_n01773797.JPEG,74,20260813
5178,n03623198_10585_n03623198.JPEG,615,20260813
5182,n02110185_8311_n02110185.JPEG,250,20260813
5196,n02342885_14153_n02342885.JPEG,333,20260813
5208,n03785016_14554_n03785016.JPEG,665,20260813
5212,n03877472_23549_n03877472.JPEG,697,20260813
5252,n02172182_7698_n02172182.JPEG,305,20260813
5258,n04606251_13762_n04606251.JPEG,913,20260813
5268,n02138441_11198_n02138441.JPEG,299,20260813
5276,n02087046_4856_n02087046.JPEG,158,20260813
5278,n02328150_2542_n02328150.JPEG,332,20260813
5279,n03014705_47162_n03014705.JPEG,492,20260813
5290,n03255030_570_n03255030.JPEG,543,20260813
5297,n07802026_21235_n07802026.JPEG,958,20260813
5298,n07697313_22721_n07697313.JPEG,933,20260813
5299,n04486054_4813_n04486054.JPEG,873,20260813
5303,n03868863_20334_n03868863.JPEG,691,20260813
5335,n02319095_3451_n02319095.JPEG,328,20260813
5351,n03529860_13548_n03529860.JPEG,598,20260813
5353,n03100240_11191_n03100240.JPEG,511,20260813
5358,n02112350_10303_n02112350.JPEG,261,20260813
5360,n03676483_33330_n03676483.JPEG,629,20260813
5364,n03992509_4834_n03992509.JPEG,739,20260813
5393,n02992211_38853_n02992211.JPEG,486,20260813
5394,n01797886_1968_n01797886.JPEG,82,20260813
5404,n02841315_20569_n02841315.JPEG,447,20260813
5407,n02105251_3515_n02105251.JPEG,226,20260813
5413,n02099267_1699_n02099267.JPEG,205,20260813
5417,n07579787_18841_n07579787.JPEG,923,20260813
5440,n01704323_3738_n01704323.JPEG,51,20260813
5470,n04209133_11076_n04209133.JPEG,793,20260813
5479,n12998815_3665_n12998815.JPEG,992,20260813
5481,n02113186_6238_n02113186.JPEG,264,20260813
5490,n03127925_4801_n03127925.JPEG,519,20260813
5550,n04040759_16086_n04040759.JPEG,753,20260813
5554,n02102040_5513_n02102040.JPEG,217,20260813
5574,n01968897_13515_n01968897.JPEG,117,20260813
5597,n03530642_27516_n03530642.JPEG,599,20260813
5609,n01601694_16237_n01601694.JPEG,20,20260813
5615,n04562935_24418_n04562935.JPEG,900,20260813
5622,n03494278_28148_n03494278.JPEG,593,20260813
5648,n01883070_5206_n01883070.JPEG,106,20260813
5673,n01984695_102523_n01984695.JPEG,123,20260813
5704,n01820546_7070_n01820546.JPEG,90,20260813
5722,n03977966_49508_n03977966.JPEG,734,20260813
5726,n03476991_20655_n03476991.JPEG,585,20260813
5740,n03710637_453_n03710637.JPEG,638,20260813
5773,n01950731_23520_n01950731.JPEG,115,20260813
5802,n03291819_10666_n03291819.JPEG,549,20260813
5828,n04604644_7960_n04604644.JPEG,912,20260813
5833,n01669191_3986_n01669191.JPEG,37,20260813
5852,n02437312_8412_n02437312.JPEG,354,20260813
5858,n01986214_15494_n01986214.JPEG,125,20260813
5866,n01871265_4144_n01871265.JPEG,101,20260813
5874,n02116738_17642_n02116738.JPEG,275,20260813
5878,n02009912_7178_n02009912.JPEG,132,20260813
5887,n01843065_5028_n01843065.JPEG,95,20260813
5904,n02807133_6567_n02807133.JPEG,433,20260813
5938,n03970156_10132_n03970156.JPEG,731,20260813
5952,n02099429_4757_n02099429.JPEG,206,20260813
5958,n06794110_3083_n06794110.JPEG,919,20260813
5976,n04259630_19256_n04259630.JPEG,808,20260813
6002,n01955084_16431_n01955084.JPEG,116,20260813
6012,n03662601_7317_n03662601.JPEG,625,20260813
6017,n04344873_1285_n04344873.JPEG,831,20260813
6026,n01685808_8160_n01685808.JPEG,41,20260813
6039,n04409515_6380_n04409515.JPEG,852,20260813
6063,n04238763_108_n04238763.JPEG,798,20260813
6072,n02123394_860_n02123394.JPEG,283,20260813
6130,n03595614_15140_n03595614.JPEG,610,20260813
6169,n07718747_12068_n07718747.JPEG,944,20260813
6182,n02090721_2860_n02090721.JPEG,170,20260813
6196,n03000684_25409_n03000684.JPEG,491,20260813
6236,n02787622_7008_n02787622.JPEG,420,20260813
6242,n04509417_6703_n04509417.JPEG,880,20260813
6247,n09835506_18802_n09835506.JPEG,981,20260813
6279,n04367480_7433_n04367480.JPEG,840,20260813
6280,n01796340_13357_n01796340.JPEG,81,20260813
6284,n12057211_2019_n12057211.JPEG,986,20260813
6305,n04604644_8829_n04604644.JPEG,912,20260813
6310,n03201208_25044_n03201208.JPEG,532,20260813
6318,n02111129_1351_n02111129.JPEG,255,20260813
6322,n04067472_53823_n04067472.JPEG,758,20260813
6326,n02109961_8601_n02109961.JPEG,248,20260813
6345,n02807133_1640_n02807133.JPEG,433,20260813
6375,n03376595_8289_n03376595.JPEG,559,20260813
6389,n03134739_2943_n03134739.JPEG,522,20260813
6393,n04136333_6935_n04136333.JPEG,775,20260813
6428,n03908714_2595_n03908714.JPEG,710,20260813
6441,n07749582_16201_n07749582.JPEG,951,20260813
6466,n04259630_7557_n04259630.JPEG,808,20260813
6496,n04286575_14638_n04286575.JPEG,818,20260813
6502,n04277352_12326_n04277352.JPEG,816,20260813
6520,n02346627_14822_n02346627.JPEG,334,20260813
6532,n03160309_31518_n03160309.JPEG,525,20260813
6543,n02980441_9823_n02980441.JPEG,483,20260813
6545,n03444034_7813_n03444034.JPEG,573,20260813
6581,n02951585_8051_n02951585.JPEG,473,20260813
6588,n04243546_14005_n04243546.JPEG,800,20260813
6598,n02490219_5989_n02490219.JPEG,377,20260813
6621,n03874599_11241_n03874599.JPEG,695,20260813
6660,n01608432_4372_n01608432.JPEG,21,20260813
6675,n03481172_650_n03481172.JPEG,587,20260813
6685,n04099969_7174_n04099969.JPEG,765,20260813
6693,n02165105_727_n02165105.JPEG,300,20260813
6716,n03179701_5880_n03179701.JPEG,526,20260813
6726,n03942813_7511_n03942813.JPEG,722,20260813
6729,n03388043_11866_n03388043.JPEG,562,20260813
6749,n04141076_33717_n04141076.JPEG,776,20260813
6756,n03770679_9572_n03770679.JPEG,656,20260813
6785,n03223299_16529_n03223299.JPEG,539,20260813
6797,n04532106_29328_n04532106.JPEG,887,20260813
6814,n02097298_9583_n02097298.JPEG,199,20260813
6837,n03729826_8656_n03729826.JPEG,644,20260813
6850,n02417914_23663_n02417914.JPEG,350,20260813
6869,n02092002_9251_n02092002.JPEG,177,20260813
6879,n04501370_2067_n04501370.JPEG,877,20260813
6895,n02177972_7986_n02177972.JPEG,307,20260813
6907,n04254120_3162_n04254120.JPEG,804,20260813
6918,n02115913_13535_n02115913.JPEG,274,20260813
6920,n09835506_150_n09835506.JPEG,981,20260813
6950,n03127747_878_n03127747.JPEG,518,20260813
6994,n01753488_11029_n01753488.JPEG,66,20260813
7018,n04311004_2341_n04311004.JPEG,821,20260813
7046,n01614925_3488_n01614925.JPEG,22,20260813
7079,n04483307_13114_n04483307.JPEG,871,20260813
7116,n02110806_5040_n02110806.JPEG,253,20260813
7126,n03594734_2998_n03594734.JPEG,608,20260813
7142,n02879718_10360_n02879718.JPEG,456,20260813
7161,n02089973_4562_n02089973.JPEG,167,20260813
7186,n02981792_5289_n02981792.JPEG,484,20260813
7229,n03045698_1238_n03045698.JPEG,501,20260813
7295,n04008634_25978_n04008634.JPEG,744,20260813
7302,n01685808_7482_n01685808.JPEG,41,20260813
7311,n02109961_28067_n02109961.JPEG,248,20260813
7315,n02077923_4520_n02077923.JPEG,150,20260813
7333,n02749479_5516_n02749479.JPEG,413,20260813
7335,n06785654_5597_n06785654.JPEG,918,20260813
7336,n07717556_4447_n07717556.JPEG,942,20260813
7344,n02099429_1043_n02099429.JPEG,206,20260813
7355,n01614925_16221_n01614925.JPEG,22,20260813
7360,n07734744_3672_n07734744.JPEG,947,20260813
7369,n02488291_3635_n02488291.JPEG,374,20260813
7370,n02489166_2969_n02489166.JPEG,376,20260813
7383,n03637318_28985_n03637318.JPEG,619,20260813
7408,n01537544_4674_n01537544.JPEG,14,20260813
7417,n02951358_3135_n02951358.JPEG,472,20260813
7432,n04589890_4477_n04589890.JPEG,904,20260813
7468,n04228054_3546_n04228054.JPEG,795,20260813
7494,n02106166_11840_n02106166.JPEG,232,20260813
7496,n15075141_18179_n15075141.JPEG,999,20260813
7508,n04004767_8536_n04004767.JPEG,742,20260813
7519,n02102973_5224_n02102973.JPEG,221,20260813
7522,n03085013_25675_n03085013.JPEG,508,20260813
7538,n02087394_16627_n02087394.JPEG,159,20260813
7539,n01685808_5609_n01685808.JPEG,41,20260813
7555,n01514859_12161_n01514859.JPEG,8,20260813
7558,n02104365_7148_n02104365.JPEG,223,20260813
7566,n02105505_1527_n02105505.JPEG,228,20260813
7580,n02325366_12154_n02325366.JPEG,330,20260813
7592,n03759954_19918_n03759954.JPEG,650,20260813
7597,n02086646_6521_n02086646.JPEG,156,20260813
7599,n02233338_4714_n02233338.JPEG,314,20260813
7602,n02100236_10725_n02100236.JPEG,210,20260813
7622,n03530642_27079_n03530642.JPEG,599,20260813
7623,n02264363_11329_n02264363.JPEG,318,20260813
7629,n03594945_13583_n03594945.JPEG,609,20260813
7644,n04099969_5770_n04099969.JPEG,765,20260813
7645,n03047690_3775_n03047690.JPEG,502,20260813
7653,n04447861_3043_n04447861.JPEG,861,20260813
7687,n02102177_2348_n02102177.JPEG,218,20260813
7708,n04389033_6690_n04389033.JPEG,847,20260813
7712,n03857828_61372_n03857828.JPEG,688,20260813
7795,n04069434_7571_n04069434.JPEG,759,20260813
7862,n04525038_9019_n04525038.JPEG,885,20260813
7895,n04366367_3495_n04366367.JPEG,839,20260813
7900,n02113978_7580_n02113978.JPEG,268,20260813
7902,n02492660_6156_n02492660.JPEG,379,20260813
7929,n02948072_34141_n02948072.JPEG,470,20260813
7930,n04522168_3382_n04522168.JPEG,883,20260813
7939,n03218198_15606_n03218198.JPEG,537,20260813
7948,n03954731_9139_n03954731.JPEG,726,20260813
7989,n01677366_13709_n01677366.JPEG,39,20260813
8012,n02013706_1279_n02013706.JPEG,135,20260813
8013,n03876231_28451_n03876231.JPEG,696,20260813
8021,n03445777_6397_n03445777.JPEG,574,20260813
8043,n02111889_9540_n02111889.JPEG,258,20260813
8076,n07754684_26002_n07754684.JPEG,955,20260813
8127,n07880968_4986_n07880968.JPEG,965,20260813
8133,n04204238_15614_n04204238.JPEG,790,20260813
8138,n02089078_3046_n02089078.JPEG,165,20260813
8140,n04418357_29000_n04418357.JPEG,854,20260813
8149,n01751748_1640_n01751748.JPEG,65,20260813
8175,n07730033_4705_n07730033.JPEG,946,20260813
8179,n02526121_24551_n02526121.JPEG,390,20260813
8186,n13133613_33030_n13133613.JPEG,998,20260813
8205,n01687978_5347_n01687978.JPEG,42,20260813
8245,n03825788_12791_n03825788.JPEG,680,20260813
8247,n03877845_4299_n03877845.JPEG,698,20260813
8272,n03131574_15684_n03131574.JPEG,520,20260813
8278,n02098413_16511_n02098413.JPEG,204,20260813
8288,n02791270_23524_n02791270.JPEG,424,20260813
8300,n02948072_38627_n02948072.JPEG,470,20260813
8324,n03814906_11877_n03814906.JPEG,679,20260813
8327,n03794056_22162_n03794056.JPEG,674,20260813
8339,n02443114_983_n02443114.JPEG,358,20260813
8340,n02319095_6467_n02319095.JPEG,328,20260813
8347,n02095570_7471_n02095570.JPEG,189,20260813
8368,n02110627_28893_n02110627.JPEG,252,20260813
8397,n01980166_6668_n01980166.JPEG,120,20260813
8401,n04442312_16790_n04442312.JPEG,859,20260813
8415,n02364673_1384_n02364673.JPEG,338,20260813
8446,n02114855_8890_n02114855.JPEG,272,20260813
8475,n02488702_3502_n02488702.JPEG,375,20260813
8478,n02129165_1943_n02129165.JPEG,291,20260813
8513,n02090379_1398_n02090379.JPEG,168,20260813
8529,n03110669_92449_n03110669.JPEG,513,20260813
8530,n01689811_7373_n01689811.JPEG,44,20260813
8533,n02088466_12412_n02088466.JPEG,163,20260813
8534,n03496892_21357_n03496892.JPEG,595,20260813
8548,n12985857_3840_n12985857.JPEG,991,20260813
8581,n02437312_8593_n02437312.JPEG,354,20260813
8584,n07720875_2870_n07720875.JPEG,945,20260813
8586,n01494475_15901_n01494475.JPEG,4,20260813
8634,n02123597_252_n02123597.JPEG,284,20260813
8646,n02097047_2612_n02097047.JPEG,196,20260813
8656,n03630383_12330_n03630383.JPEG,617,20260813
8659,n02006656_3525_n02006656.JPEG,129,20260813
8673,n03133878_4873_n03133878.JPEG,521,20260813
8677,n02795169_24343_n02795169.JPEG,427,20260813
8695,n03733281_9935_n03733281.JPEG,646,20260813
8702,n03658185_5229_n03658185.JPEG,623,20260813
8709,n04251144_4789_n04251144.JPEG,801,20260813
8730,n03832673_965_n03832673.JPEG,681,20260813
8732,n02788148_47712_n02788148.JPEG,421,20260813
8738,n01873310_7676_n01873310.JPEG,103,20260813
8750,n02095570_9359_n02095570.JPEG,189,20260813
8753,n02396427_23702_n02396427.JPEG,342,20260813
8764,n04554684_44026_n04554684.JPEG,897,20260813
8771,n02640242_4358_n02640242.JPEG,394,20260813
8788,n03476991_9383_n03476991.JPEG,585,20260813
8789,n03404251_8763_n03404251.JPEG,568,20260813
8797,n03891251_799_n03891251.JPEG,703,20260813
8801,n03476684_14987_n03476684.JPEG,584,20260813
8806,n04311004_4480_n04311004.JPEG,821,20260813
8825,n04467665_33667_n04467665.JPEG,867,20260813
8826,n03796401_26042_n03796401.JPEG,675,20260813
8838,n02096294_10493_n02096294.JPEG,193,20260813
8845,n02280649_6043_n02280649.JPEG,324,20260813
8870,n03250847_19947_n03250847.JPEG,542,20260813
8934,n01494475_13907_n01494475.JPEG,4,20260813
8962,n04355933_2709_n04355933.JPEG,836,20260813
9005,n01729977_7989_n01729977.JPEG,55,20260813
9012,n04346328_8105_n04346328.JPEG,832,20260813
9018,n02090721_1049_n02090721.JPEG,170,20260813
9020,n04239074_1612_n04239074.JPEG,799,20260813
9024,n04328186_3782_n04328186.JPEG,826,20260813
9026,n02747177_6843_n02747177.JPEG,412,20260813
9036,n04553703_5976_n04553703.JPEG,896,20260813
9038,n04330267_8467_n04330267.JPEG,827,20260813
9045,n04264628_5420_n04264628.JPEG,810,20260813
9059,n02110185_1468_n02110185.JPEG,250,20260813
9061,n02095889_5935_n02095889.JPEG,190,20260813
9066,n01665541_13549_n01665541.JPEG,34,20260813
9069,n03016953_10988_n03016953.JPEG,493,20260813
9144,n02106166_1729_n02106166.JPEG,232,20260813
9162,n01744401_5479_n01744401.JPEG,62,20260813
9163,n04296562_40952_n04296562.JPEG,819,20260813
9191,n13133613_5870_n13133613.JPEG,998,20260813
9201,n02423022_2672_n02423022.JPEG,353,20260813
9203,n01833805_4738_n01833805.JPEG,94,20260813
9214,n01774384_279_n01774384.JPEG,75,20260813
9228,n02109525_30246_n02109525.JPEG,247,20260813
9229,n03967562_13549_n03967562.JPEG,730,20260813
9242,n02487347_770_n02487347.JPEG,373,20260813
9250,n01514668_7965_n01514668.JPEG,7,20260813
9254,n03947888_19418_n03947888.JPEG,724,20260813
9261,n03089624_8730_n03089624.JPEG,509,20260813
9299,n03866082_9714_n03866082.JPEG,689,20260813
9325,n02804414_2855_n02804414.JPEG,431,20260813
9338,n01749939_5304_n01749939.JPEG,64,20260813
9343,n01677366_18659_n01677366.JPEG,39,20260813
9357,n04552348_13083_n04552348.JPEG,895,20260813
9368,n02231487_1132_n02231487.JPEG,313,20260813
9375,n07590611_1031_n07590611.JPEG,926,20260813
9380,n02138441_856_n02138441.JPEG,299,20260813
9388,n01818515_39168_n01818515.JPEG,88,20260813
9399,n03000684_11465_n03000684.JPEG,491,20260813
9402,n02814860_14423_n02814860.JPEG,437,20260813
9426,n03461385_47146_n03461385.JPEG,582,20260813
9484,n03443371_4842_n03443371.JPEG,572,20260813
9487,n01692333_12976_n01692333.JPEG,45,20260813
9491,n02606052_18924_n02606052.JPEG,392,20260813
9494,n01983481_3609_n01983481.JPEG,122,20260813
9505,n07615774_16199_n07615774.JPEG,929,20260813
9525,n02106662_21590_n02106662.JPEG,235,20260813
9602,n03602883_14324_n03602883.JPEG,613,20260813
9634,n07684084_8536_n07684084.JPEG,930,20260813
9672,n02101006_2297_n02101006.JPEG,214,20260813
9682,n03595614_3782_n03595614.JPEG,610,20260813
9692,n04493381_17556_n04493381.JPEG,876,20260813
9744,n02002556_1860_n02002556.JPEG,127,20260813
9749,n03841143_969_n03841143.JPEG,685,20260813
9769,n03075370_3964_n03075370.JPEG,507,20260813
9776,n03637318_7718_n03637318.JPEG,619,20260813
9781,n01773157_5127_n01773157.JPEG,72,20260813
9794,n02128925_23879_n02128925.JPEG,290,20260813
9807,n03240683_14293_n03240683.JPEG,540,20260813
9808,n02099849_4482_n02099849.JPEG,209,20260813
9823,n04265275_5156_n04265275.JPEG,811,20260813
9836,n04118776_33562_n04118776.JPEG,769,20260813
9852,n02444819_9741_n02444819.JPEG,360,20260813
9854,n02276258_5218_n02276258.JPEG,321,20260813
9868,n03337140_8248_n03337140.JPEG,553,20260813
9885,n02113624_3800_n02113624.JPEG,265,20260813
9894,n02107312_4899_n02107312.JPEG,237,20260813
9900,n02692877_21016_n02692877.JPEG,405,20260813
9906,n02823750_3666_n02823750.JPEG,441,20260813
9907,n02979186_587_n02979186.JPEG,482,20260813
9918,n03125729_7916_n03125729.JPEG,516,20260813
9932,n04317175_7086_n04317175.JPEG,823,20260813
9944,n03944341_7671_n03944341.JPEG,723,20260813
9956,n02112018_6660_n02112018.JPEG,259,20260813
9968,n02115913_12040_n02115913.JPEG,274,20260813
9991,n03970156_11615_n03970156.JPEG,731,20260813
10014,n01677366_13656_n01677366.JPEG,39,20260813
10031,n02917067_6156_n02917067.JPEG,466,20260813
10045,n09399592_48891_n09399592.JPEG,976,20260813
10047,n04252225_8345_n04252225.JPEG,803,20260813
10051,n03452741_1244_n03452741.JPEG,579,20260813
10068,n01795545_9171_n01795545.JPEG,80,20260813
10082,n03188531_18996_n03188531.JPEG,529,20260813
10088,n04252077_2818_n04252077.JPEG,802,20260813
10163,n04389033_25811_n04389033.JPEG,847,20260813
10171,n03047690_1491_n03047690.JPEG,502,20260813
10184,n01631663_2275_n01631663.JPEG,27,20260813
10192,n02113799_1361_n02113799.JPEG,267,20260813
10198,n02422106_2698_n02422106.JPEG,351,20260813
10199,n11939491_25939_n11939491.JPEG,985,20260813
10212,n04370456_2465_n04370456.JPEG,841,20260813
10215,n03888257_4904_n03888257.JPEG,701,20260813
10218,n01667778_10795_n01667778.JPEG,36,20260813
10219,n03657121_2278_n03657121.JPEG,622,20260813
10223,n02279972_24286_n02279972.JPEG,323,20260813
10232,n01614925_9675_n01614925.JPEG,22,20260813
10257,n01770081_4300_n01770081.JPEG,70,20260813
10295,n04553703_12945_n04553703.JPEG,896,20260813
10303,n03445924_9647_n03445924.JPEG,575,20260813
10323,n03534580_12344_n03534580.JPEG,601,20260813
10356,n03325584_17234_n03325584.JPEG,552,20260813
10366,n02097298_13988_n02097298.JPEG,199,20260813
10373,n06874185_24593_n06874185.JPEG,920,20260813
10379,n11879895_7986_n11879895.JPEG,984,20260813
10382,n01843383_3317_n01843383.JPEG,96,20260813
10428,n02106030_3925_n02106030.JPEG,231,20260813
10480,n04604644_7786_n04604644.JPEG,912,20260813
10518,n02807133_2173_n02807133.JPEG,433,20260813
10545,n02117135_19007_n02117135.JPEG,276,20260813
10550,n04399382_23323_n04399382.JPEG,850,20260813
10563,n02096585_1348_n02096585.JPEG,195,20260813
10575,n02105056_656_n02105056.JPEG,224,20260813
10586,n03633091_17587_n03633091.JPEG,618,20260813
10626,n04099969_45503_n04099969.JPEG,765,20260813
10630,n02105056_13456_n02105056.JPEG,224,20260813
10666,n03787032_1898_n03787032.JPEG,667,20260813
10672,n02701002_5292_n02701002.JPEG,407,20260813
10699,n02112706_3238_n02112706.JPEG,262,20260813
10724,n07714990_2281_n07714990.JPEG,937,20260813
10732,n02815834_2927_n02815834.JPEG,438,20260813
10736,n02641379_30040_n02641379.JPEG,395,20260813
10760,n04557648_9030_n04557648.JPEG,898,20260813
10776,n02795169_20472_n02795169.JPEG,427,20260813
10806,n04179913_12566_n04179913.JPEG,786,20260813
10819,n02415577_943_n02415577.JPEG,349,20260813
10821,n02361337_6811_n02361337.JPEG,336,20260813
10823,n03476991_10163_n03476991.JPEG,585,20260813
10856,n01983481_6913_n01983481.JPEG,122,20260813
10866,n03976467_7110_n03976467.JPEG,732,20260813
10898,n04591713_1191_n04591713.JPEG,907,20260813
10901,n02090622_1749_n02090622.JPEG,169,20260813
10914,n04141975_16442_n04141975.JPEG,778,20260813
10920,n02276258_8288_n02276258.JPEG,321,20260813
10933,n03207941_12632_n03207941.JPEG,534,20260813
10934,n03733131_10222_n03733131.JPEG,645,20260813
10938,n07880968_3831_n07880968.JPEG,965,20260813
10942,n01910747_10050_n01910747.JPEG,107,20260813
10946,n02174001_2274_n02174001.JPEG,306,20260813
10952,n04200800_20608_n04200800.JPEG,788,20260813
10995,n01807496_1860_n01807496.JPEG,86,20260813
11043,n02106662_17161_n02106662.JPEG,235,20260813
11055,n03920288_7852_n03920288.JPEG,712,20260813
11059,n01983481_16492_n01983481.JPEG,122,20260813
11068,n02107574_88_n02107574.JPEG,238,20260813
11125,n04517823_6577_n04517823.JPEG,882,20260813
11132,n03769881_4292_n03769881.JPEG,654,20260813
11177,n02056570_9450_n02056570.JPEG,145,20260813
11194,n03958227_6134_n03958227.JPEG,728,20260813
11198,n02104029_1446_n02104029.JPEG,222,20260813
11209,n01773157_7150_n01773157.JPEG,72,20260813
11228,n01667778_10885_n01667778.JPEG,36,20260813
11239,n04579432_7196_n04579432.JPEG,902,20260813
11250,n02106550_6024_n02106550.JPEG,234,20260813
11262,n02510455_461_n02510455.JPEG,388,20260813
11275,n03250847_3841_n03250847.JPEG,542,20260813
11280,n02095570_7226_n02095570.JPEG,189,20260813
11290,n03658185_8918_n03658185.JPEG,623,20260813
11304,n03388183_9674_n03388183.JPEG,563,20260813
11331,n01806567_5560_n01806567.JPEG,85,20260813
11333,n02093754_6793_n02093754.JPEG,182,20260813
11340,n02840245_7609_n02840245.JPEG,446,20260813
11348,n01773157_3910_n01773157.JPEG,72,20260813
11350,n04328186_11281_n04328186.JPEG,826,20260813
11365,n04548280_685_n04548280.JPEG,892,20260813
11368,n02091244_4785_n02091244.JPEG,173,20260813
11375,n02107312_287_n02107312.JPEG,237,20260813
11388,n04482393_4895_n04482393.JPEG,870,20260813
11406,n02104365_1562_n02104365.JPEG,223,20260813
11411,n07711569_1938_n07711569.JPEG,935,20260813
11413,n04483307_9261_n04483307.JPEG,871,20260813
11439,n02403003_10777_n02403003.JPEG,345,20260813
11453,n02869837_6726_n02869837.JPEG,452,20260813
11483,n02123159_4548_n02123159.JPEG,282,20260813
11506,n03443371_1998_n03443371.JPEG,572,20260813
11512,n02111277_2396_n02111277.JPEG,256,20260813
11531,n03544143_17210_n03544143.JPEG,604,20260813
11550,n02085936_4070_n02085936.JPEG,153,20260813
11562,n02823428_8408_n02823428.JPEG,440,20260813
11619,n02843684_11227_n02843684.JPEG,448,20260813
11623,n02808304_4379_n02808304.JPEG,434,20260813
11703,n02105641_365_n02105641.JPEG,229,20260813
11711,n03529860_4132_n03529860.JPEG,598,20260813
11712,n02999410_25228_n02999410.JPEG,488,20260813
11749,n03417042_8139_n03417042.JPEG,569,20260813
11767,n02096294_7645_n02096294.JPEG,193,20260813
11771,n15075141_40722_n15075141.JPEG,999,20260813
11780,n02834397_8564_n02834397.JPEG,443,20260813
11800,n02814533_94474_n02814533.JPEG,436,20260813
11805,n03623198_4222_n03623198.JPEG,615,20260813
11810,n03691459_41813_n03691459.JPEG,632,20260813
11838,n04515003_15020_n04515003.JPEG,881,20260813
11849,n02794156_3379_n02794156.JPEG,426,20260813
11881,n01682714_9593_n01682714.JPEG,40,20260813
11890,n02859443_13680_n02859443.JPEG,449,20260813
11934,n02708093_3636_n02708093.JPEG,409,20260813
11935,n04599235_19944_n04599235.JPEG,911,20260813
11938,n04265275_1941_n04265275.JPEG,811,20260813
11942,n03775546_9868_n03775546.JPEG,659,20260813
11947,n04332243_5831_n04332243.JPEG,828,20260813
11957,n03775546_10685_n03775546.JPEG,659,20260813
11975,n01644900_5350_n01644900.JPEG,32,20260813
11980,n02782093_5439_n02782093.JPEG,417,20260813
12001,n01491361_755_n01491361.JPEG,3,20260813
12014,n02788148_37578_n02788148.JPEG,421,20260813
12026,n02977058_25651_n02977058.JPEG,480,20260813
12045,n09246464_48920_n09246464.JPEG,972,20260813
12059,n03208938_24202_n03208938.JPEG,535,20260813
12074,n04235860_2458_n04235860.JPEG,797,20260813
12082,n03670208_7742_n03670208.JPEG,627,20260813
12105,n02978881_10930_n02978881.JPEG,481,20260813
12119,n04515003_17834_n04515003.JPEG,881,20260813
12120,n01608432_11325_n01608432.JPEG,21,20260813
12124,n02437616_15932_n02437616.JPEG,355,20260813
12136,n02051845_34309_n02051845.JPEG,144,20260813
12146,n02090622_5476_n02090622.JPEG,169,20260813
12148,n04275548_1067_n04275548.JPEG,815,20260813
12154,n03197337_1950_n03197337.JPEG,531,20260813
12164,n03673027_29663_n03673027.JPEG,628,20260813
12173,n03920288_507_n03920288.JPEG,712,20260813
12197,n04599235_22716_n04599235.JPEG,911,20260813
12201,n03627232_6369_n03627232.JPEG,616,20260813
12225,n04548362_14840_n04548362.JPEG,893,20260813
12231,n01775062_3534_n01775062.JPEG,77,20260813
12249,n01983481_18857_n01983481.JPEG,122,20260813
12256,n07718472_37121_n07718472.JPEG,943,20260813
12260,n07860988_37244_n07860988.JPEG,961,20260813
12281,n01749939_7199_n01749939.JPEG,64,20260813
12301,n02364673_3005_n02364673.JPEG,338,20260813
12307,n02321529_1307_n02321529.JPEG,329,20260813
12315,n03649909_17162_n03649909.JPEG,621,20260813
12320,n07714990_7696_n07714990.JPEG,937,20260813
12349,n01580077_4970_n01580077.JPEG,17,20260813
12368,n01873310_22371_n01873310.JPEG,103,20260813
12374,n02134084_7851_n02134084.JPEG,296,20260813
12377,n01530575_932_n01530575.JPEG,10,20260813
12392,n04590129_5593_n04590129.JPEG,905,20260813
12409,n02110958_1974_n02110958.JPEG,254,20260813
12412,n03916031_1603_n03916031.JPEG,711,20260813
12514,n06874185_21813_n06874185.JPEG,920,20260813
12546,n04065272_4576_n04065272.JPEG,757,20260813
12572,n02342885_10533_n02342885.JPEG,333,20260813
12605,n01796340_622_n01796340.JPEG,81,20260813
12642,n01860187_1058_n01860187.JPEG,100,20260813
12673,n01742172_10644_n01742172.JPEG,61,20260813
12685,n01484850_11636_n01484850.JPEG,2,20260813
12696,n04141076_6976_n04141076.JPEG,776,20260813
12705,n04070727_247_n04070727.JPEG,760,20260813
12711,n02892767_774_n02892767.JPEG,459,20260813
12716,n01773549_3339_n01773549.JPEG,73,20260813
12738,n01943899_14295_n01943899.JPEG,112,20260813
12801,n04429376_13239_n04429376.JPEG,857,20260813
12821,n04344873_8652_n04344873.JPEG,831,20260813
12831,n03786901_10390_n03786901.JPEG,666,20260813
12833,n04417672_18646_n04417672.JPEG,853,20260813
12836,n02094114_7027_n02094114.JPEG,185,20260813
12845,n03384352_4378_n03384352.JPEG,561,20260813
12853,n04147183_23014_n04147183.JPEG,780,20260813
12857,n03535780_721_n03535780.JPEG,602,20260813
12864,n02012849_4499_n02012849.JPEG,134,20260813
12878,n01694178_490_n01694178.JPEG,47,20260813
12882,n02113712_9210_n02113712.JPEG,266,20260813
12890,n02504013_4737_n02504013.JPEG,385,20260813
12899,n03075370_19332_n03075370.JPEG,507,20260813
12939,n03124043_13832_n03124043.JPEG,514,20260813
12945,n03888605_35702_n03888605.JPEG,702,20260813
12961,n03803284_18560_n03803284.JPEG,676,20260813
12977,n02795169_24301_n02795169.JPEG,427,20260813
12981,n03796401_25386_n03796401.JPEG,675,20260813
12983,n04004767_389_n04004767.JPEG,742,20260813
12987,n03220513_11278_n03220513.JPEG,538,20260813
13004,n02389026_6528_n02389026.JPEG,339,20260813
13006,n02606052_12808_n02606052.JPEG,392,20260813
13009,n04019541_16796_n04019541.JPEG,746,20260813
13033,n02669723_117_n02669723.JPEG,400,20260813
13059,n02486261_259_n02486261.JPEG,371,20260813
13084,n02965783_2845_n02965783.JPEG,475,20260813
13090,n03721384_4092_n03721384.JPEG,642,20260813
13107,n13054560_3411_n13054560.JPEG,997,20260813
13113,n04447861_13499_n04447861.JPEG,861,20260813
13122,n03877472_42762_n03877472.JPEG,697,20260813
13135,n03720891_7301_n03720891.JPEG,641,20260813
13149,n03527444_1275_n03527444.JPEG,597,20260813
13167,n07583066_6041_n07583066.JPEG,924,20260813
13176,n01677366_19670_n01677366.JPEG,39,20260813
13181,n02167151_1606_n02167151.JPEG,302,20260813
13184,n02133161_4012_n02133161.JPEG,295,20260813
13189,n04336792_19107_n04336792.JPEG,830,20260813
13199,n04417672_14643_n04417672.JPEG,853,20260813
13200,n02129165_6858_n02129165.JPEG,291,20260813
13204,n03947888_25345_n03947888.JPEG,724,20260813
13208,n01742172_4039_n01742172.JPEG,61,20260813
13229,n03467068_28905_n03467068.JPEG,583,20260813
13240,n02124075_1128_n02124075.JPEG,285,20260813
13249,n04136333_16324_n04136333.JPEG,775,20260813
13254,n01882714_6178_n01882714.JPEG,105,20260813
13255,n04008634_42383_n04008634.JPEG,744,20260813
13265,n03478589_13128_n03478589.JPEG,586,20260813
13268,n02165105_8169_n02165105.JPEG,300,20260813
13290,n03376595_14595_n03376595.JPEG,559,20260813
13291,n04532106_8374_n04532106.JPEG,887,20260813
13302,n02408429_9186_n02408429.JPEG,346,20260813
13305,n06874185_4353_n06874185.JPEG,920,20260813
13311,n02106030_13077_n02106030.JPEG,231,20260813
13318,n03492542_15710_n03492542.JPEG,592,20260813
13345,n03787032_8659_n03787032.JPEG,667,20260813
13349,n03657121_21999_n03657121.JPEG,622,20260813
13367,n02794156_3992_n02794156.JPEG,426,20260813
13372,n03871628_12184_n03871628.JPEG,692,20260813
13405,n01692333_910_n01692333.JPEG,45,20260813
13414,n02486410_7039_n02486410.JPEG,372,20260813
13434,n02105641_2756_n02105641.JPEG,229,20260813
13451,n01860187_1134_n01860187.JPEG,100,20260813
13480,n02319095_7481_n02319095.JPEG,328,20260813
13502,n04357314_18831_n04357314.JPEG,838,20260813
13503,n04081281_18114_n04081281.JPEG,762,20260813
13538,n03680355_10530_n03680355.JPEG,630,20260813
13541,n01843065_4222_n01843065.JPEG,95,20260813
13547,n03680355_16951_n03680355.JPEG,630,20260813
13561,n13133613_19153_n13133613.JPEG,998,20260813
13564,n03535780_35921_n03535780.JPEG,602,20260813
13565,n03599486_18102_n03599486.JPEG,612,20260813
13571,n07717556_4265_n07717556.JPEG,942,20260813
13572,n03062245_944_n03062245.JPEG,503,20260813
13574,n02790996_7256_n02790996.JPEG,422,20260813
13599,n07693725_11183_n07693725.JPEG,931,20260813
13600,n02165456_5692_n02165456.JPEG,301,20260813
13612,n02094114_3130_n02094114.JPEG,185,20260813
13627,n02883205_15389_n02883205.JPEG,457,20260813
13635,n03459775_19587_n03459775.JPEG,581,20260813
13692,n02509815_3408_n02509815.JPEG,387,20260813
13693,n02281406_1092_n02281406.JPEG,325,20260813
13702,n02037110_24701_n02037110.JPEG,143,20260813
13704,n02690373_2025_n02690373.JPEG,404,20260813
13734,n09256479_8296_n09256479.JPEG,973,20260813
13814,n04548280_9963_n04548280.JPEG,892,20260813
13826,n03770679_21593_n03770679.JPEG,656,20260813
13854,n03187595_14634_n03187595.JPEG,528,20260813
13855,n01537544_20091_n01537544.JPEG,14,20260813
13857,n04065272_11581_n04065272.JPEG,757,20260813
13860,n04465501_4680_n04465501.JPEG,866,20260813
13890,n02978881_48747_n02978881.JPEG,481,20260813
13894,n03933933_32864_n03933933.JPEG,718,20260813
13916,n02236044_13479_n02236044.JPEG,315,20260813
13940,n01498041_10926_n01498041.JPEG,6,20260813
13941,n02606052_20186_n02606052.JPEG,392,20260813
13959,n02177972_13059_n02177972.JPEG,307,20260813
13962,n02704792_18867_n02704792.JPEG,408,20260813
13966,n04548362_34670_n04548362.JPEG,893,20260813
13972,n04579145_4252_n04579145.JPEG,901,20260813
13982,n02107142_49242_n02107142.JPEG,236,20260813
14005,n02396427_28420_n02396427.JPEG,342,20260813
14021,n03032252_6525_n03032252.JPEG,498,20260813
14032,n03895866_41750_n03895866.JPEG,705,20260813
14038,n07720875_6742_n07720875.JPEG,945,20260813
14043,n04118776_999_n04118776.JPEG,769,20260813
14087,n03617480_12822_n03617480.JPEG,614,20260813
14088,n01944390_2622_n01944390.JPEG,113,20260813
14107,n03062245_12927_n03062245.JPEG,503,20260813
14121,n04111531_20706_n04111531.JPEG,766,20260813
14127,n06596364_13311_n06596364.JPEG,917,20260813
14138,n03676483_5716_n03676483.JPEG,629,20260813
14182,n02690373_2835_n02690373.JPEG,404,20260813
14236,n01806567_2966_n01806567.JPEG,85,20260813
14239,n02106030_20230_n02106030.JPEG,231,20260813
14259,n02777292_318_n02777292.JPEG,416,20260813
14291,n02403003_4005_n02403003.JPEG,345,20260813
14297,n01534433_13578_n01534433.JPEG,13,20260813
14303,n11879895_6729_n11879895.JPEG,984,20260813
14311,n03372029_8718_n03372029.JPEG,558,20260813
14316,n02133161_6394_n02133161.JPEG,295,20260813
14317,n02109525_10545_n02109525.JPEG,247,20260813
14321,n02730930_12266_n02730930.JPEG,411,20260813
14338,n03208938_2948_n03208938.JPEG,535,20260813
14357,n01742172_5036_n01742172.JPEG,61,20260813
14385,n04612504_1692_n04612504.JPEG,914,20260813
14420,n02120505_7971_n02120505.JPEG,280,20260813
14432,n03461385_43663_n03461385.JPEG,582,20260813
14439,n02825657_13420_n02825657.JPEG,442,20260813
14446,n03804744_22217_n03804744.JPEG,677,20260813
14458,n02092002_12969_n02092002.JPEG,177,20260813
14470,n02483708_7370_n02483708.JPEG,369,20260813
14484,n03372029_29094_n03372029.JPEG,558,20260813
14487,n01968897_5106_n01968897.JPEG,117,20260813
14490,n02130308_9253_n02130308.JPEG,293,20260813
14509,n02094433_7353_n02094433.JPEG,187,20260813
14526,n04252225_29794_n04252225.JPEG,803,20260813
14551,n07871810_12685_n07871810.JPEG,962,20260813
14561,n02980441_1631_n02980441.JPEG,483,20260813
14573,n02747177_58008_n02747177.JPEG,412,20260813
14577,n03179701_40751_n03179701.JPEG,526,20260813
14648,n03400231_9028_n03400231.JPEG,567,20260813
14667,n01622779_20244_n01622779.JPEG,24,20260813
14672,n01770393_22948_n01770393.JPEG,71,20260813
14683,n04366367_1917_n04366367.JPEG,839,20260813
14726,n04357314_9057_n04357314.JPEG,838,20260813
14733,n07860988_22679_n07860988.JPEG,961,20260813
14761,n02727426_43527_n02727426.JPEG,410,20260813
14774,n01688243_677_n01688243.JPEG,43,20260813
14781,n01768244_2747_n01768244.JPEG,69,20260813
14784,n04592741_5842_n04592741.JPEG,908,20260813
14804,n02797295_355_n02797295.JPEG,428,20260813
14820,n03584829_39175_n03584829.JPEG,606,20260813
14823,n01560419_329_n01560419.JPEG,16,20260813
14867,n01687978_10114_n01687978.JPEG,42,20260813
14871,n02488702_1235_n02488702.JPEG,375,20260813
14883,n03658185_17795_n03658185.JPEG,623,20260813
14893,n04263257_1333_n04263257.JPEG,809,20260813
14924,n04435653_307_n04435653.JPEG,858,20260813
14943,n01537544_5130_n01537544.JPEG,14,20260813
14949,n04344873_16394_n04344873.JPEG,831,20260813
14963,n04311174_4504_n04311174.JPEG,822,20260813
14986,n03903868_5774_n03903868.JPEG,708,20260813
15005,n02815834_13355_n02815834.JPEG,438,20260813
15014,n03814906_60143_n03814906.JPEG,679,20260813
15022,n03924679_2474_n03924679.JPEG,713,20260813
15023,n03661043_9011_n03661043.JPEG,624,20260813
15038,n02408429_91_n02408429.JPEG,346,20260813
15082,n04116512_13097_n04116512.JPEG,767,20260813
15084,n02117135_18053_n02117135.JPEG,276,20260813
15101,n03492542_15156_n03492542.JPEG,592,20260813
15123,n02672831_3539_n02672831.JPEG,401,20260813
15129,n02137549_9068_n02137549.JPEG,298,20260813
15139,n01443537_15686_n01443537.JPEG,1,20260813
15152,n04554684_40558_n04554684.JPEG,897,20260813
15159,n04228054_15767_n04228054.JPEG,795,20260813
15174,n04127249_4240_n04127249.JPEG,772,20260813
15207,n03759954_22133_n03759954.JPEG,650,20260813
15245,n07734744_2372_n07734744.JPEG,947,20260813
15249,n03207743_20008_n03207743.JPEG,533,20260813
15255,n04409515_9695_n04409515.JPEG,852,20260813
15300,n06359193_69087_n06359193.JPEG,916,20260813
15310,n04208210_59410_n04208210.JPEG,792,20260813
15311,n02815834_2332_n02815834.JPEG,438,20260813
15313,n03837869_4049_n03837869.JPEG,682,20260813
15332,n04251144_31220_n04251144.JPEG,801,20260813
15354,n04200800_29150_n04200800.JPEG,788,20260813
15377,n04311174_8278_n04311174.JPEG,822,20260813
15405,n02837789_20749_n02837789.JPEG,445,20260813
15409,n02804414_30_n02804414.JPEG,431,20260813
15414,n02102480_9172_n02102480.JPEG,220,20260813
15454,n03977966_33290_n03977966.JPEG,734,20260813
15467,n03032252_5451_n03032252.JPEG,498,20260813
15477,n02104029_5254_n02104029.JPEG,222,20260813
15481,n03447721_52505_n03447721.JPEG,577,20260813
15512,n02037110_5619_n02037110.JPEG,143,20260813
15514,n02088632_2439_n02088632.JPEG,164,20260813
15538,n03967562_8621_n03967562.JPEG,730,20260813
15564,n04277352_4192_n04277352.JPEG,816,20260813
15583,n02114548_12133_n02114548.JPEG,270,20260813
15584,n03770679_19229_n03770679.JPEG,656,20260813
15612,n01491361_1526_n01491361.JPEG,3,20260813
15622,n04264628_2575_n04264628.JPEG,810,20260813
15626,n06596364_9140_n06596364.JPEG,917,20260813
15636,n04153751_5916_n04153751.JPEG,783,20260813
15660,n02808304_3688_n02808304.JPEG,434,20260813
15688,n02088094_4271_n02088094.JPEG,160,20260813
15712,n03584254_1630_n03584254.JPEG,605,20260813
15736,n02641379_17501_n02641379.JPEG,395,20260813
15765,n03804744_14651_n03804744.JPEG,677,20260813
15779,n01797886_5568_n01797886.JPEG,82,20260813
15783,n02117135_1495_n02117135.JPEG,276,20260813
15789,n02930766_2784_n02930766.JPEG,468,20260813
15791,n04229816_3934_n04229816.JPEG,796,20260813
15800,n03868242_8598_n03868242.JPEG,690,20260813
15808,n02115913_3278_n02115913.JPEG,274,20260813
15856,n07749582_16864_n07749582.JPEG,951,20260813
15859,n03666591_33279_n03666591.JPEG,626,20260813
15884,n02321529_2628_n02321529.JPEG,329,20260813
15886,n03710721_5752_n03710721.JPEG,639,20260813
15917,n02006656_3949_n02006656.JPEG,129,20260813
15924,n02113023_3245_n02113023.JPEG,263,20260813
15933,n07802026_1983_n07802026.JPEG,958,20260813
15935,n04162706_32730_n04162706.JPEG,785,20260813
15941,n15075141_5485_n15075141.JPEG,999,20260813
15945,n03902125_6207_n03902125.JPEG,707,20260813
15950,n02483708_794_n02483708.JPEG,369,20260813
15967,n04399382_24451_n04399382.JPEG,850,20260813
15985,n02058221_16117_n02058221.JPEG,146,20260813
16009,n03729826_4438_n03729826.JPEG,644,20260813
16032,n03803284_10973_n03803284.JPEG,676,20260813
16053,n03876231_4894_n03876231.JPEG,696,20260813
16062,n02823750_5349_n02823750.JPEG,441,20260813
16115,n04584207_12127_n04584207.JPEG,903,20260813
16116,n03903868_38473_n03903868.JPEG,708,20260813
16117,n02492035_6258_n02492035.JPEG,378,20260813
16138,n02089867_3440_n02089867.JPEG,166,20260813
16147,n03016953_21260_n03016953.JPEG,493,20260813
16153,n01616318_1956_n01616318.JPEG,23,20260813
16157,n01531178_16412_n01531178.JPEG,11,20260813
16167,n04557648_10155_n04557648.JPEG,898,20260813
16190,n01773157_5230_n01773157.JPEG,72,20260813
16238,n01631663_20209_n01631663.JPEG,27,20260813
16239,n02783161_27926_n02783161.JPEG,418,20260813
16253,n02093256_2567_n02093256.JPEG,179,20260813
16259,n04579432_4132_n04579432.JPEG,902,20260813
16260,n04141975_25925_n04141975.JPEG,778,20260813
16275,n04507155_17611_n04507155.JPEG,879,20260813
16280,n03085013_23109_n03085013.JPEG,508,20260813
16287,n02077923_701_n02077923.JPEG,150,20260813
16300,n01877812_3710_n01877812.JPEG,104,20260813
16309,n02086910_2670_n02086910.JPEG,157,20260813
16330,n03400231_13075_n03400231.JPEG,567,20260813
16354,n01980166_8633_n01980166.JPEG,120,20260813
16360,n03877472_9219_n03877472.JPEG,697,20260813
16377,n01873310_17253_n01873310.JPEG,103,20260813
16393,n02105056_9045_n02105056.JPEG,224,20260813
16395,n01943899_15799_n01943899.JPEG,112,20260813
16398,n02488291_5649_n02488291.JPEG,374,20260813
16410,n03250847_14422_n03250847.JPEG,542,20260813
16417,n03220513_12217_n03220513.JPEG,538,20260813
16425,n02361337_5566_n02361337.JPEG,336,20260813
16440,n03344393_8037_n03344393.JPEG,554,20260813
16459,n03837869_2702_n03837869.JPEG,682,20260813
16481,n03376595_3961_n03376595.JPEG,559,20260813
16542,n02091032_4451_n02091032.JPEG,171,20260813
16543,n02999410_1039_n02999410.JPEG,488,20260813
16563,n01693334_21383_n01693334.JPEG,46,20260813
16576,n02823750_3924_n02823750.JPEG,441,20260813
16579,n09193705_1250_n09193705.JPEG,970,20260813
16580,n04442312_7917_n04442312.JPEG,859,20260813
16583,n01632777_23403_n01632777.JPEG,29,20260813
16592,n07579787_2526_n07579787.JPEG,923,20260813
16631,n03016953_37382_n03016953.JPEG,493,20260813
16638,n04505470_1372_n04505470.JPEG,878,20260813
16651,n02226429_7547_n02226429.JPEG,311,20260813
16669,n04310018_7945_n04310018.JPEG,820,20260813
16672,n02105855_11787_n02105855.JPEG,230,20260813
16682,n02395406_3133_n02395406.JPEG,341,20260813
16684,n03599486_18705_n03599486.JPEG,612,20260813
16693,n12620546_2125_n12620546.JPEG,989,20260813
16710,n02408429_8673_n02408429.JPEG,346,20260813
16722,n02115641_10415_n02115641.JPEG,273,20260813
16735,n02837789_22393_n02837789.JPEG,445,20260813
16760,n02066245_26988_n02066245.JPEG,147,20260813
16767,n03196217_6064_n03196217.JPEG,530,20260813
16769,n04548280_3125_n04548280.JPEG,892,20260813
16775,n02128757_3054_n02128757.JPEG,289,20260813
16793,n01945685_8798_n01945685.JPEG,114,20260813
16797,n02089973_1890_n02089973.JPEG,167,20260813
16803,n02879718_3826_n02879718.JPEG,456,20260813
16806,n03372029_34399_n03372029.JPEG,558,20260813
16843,n01882714_10749_n01882714.JPEG,105,20260813
16891,n03791053_27517_n03791053.JPEG,670,20260813
16892,n04355338_7964_n04355338.JPEG,835,20260813
16925,n03899768_63502_n03899768.JPEG,706,20260813
16929,n02782093_29428_n02782093.JPEG,417,20260813
16930,n04479046_982_n04479046.JPEG,869,20260813
16931,n04252077_8628_n04252077.JPEG,802,20260813
16940,n02769748_79042_n02769748.JPEG,414,20260813
16952,n03710637_11107_n03710637.JPEG,638,20260813
16955,n03950228_29771_n03950228.JPEG,725,20260813
16960,n02097658_3349_n02097658.JPEG,201,20260813
16962,n01748264_12085_n01748264.JPEG,63,20260813
16976,n04118538_308_n04118538.JPEG,768,20260813
16982,n04592741_984_n04592741.JPEG,908,20260813
16995,n03014705_74236_n03014705.JPEG,492,20260813
16998,n03384352_17277_n03384352.JPEG,561,20260813
17009,n02106550_7178_n02106550.JPEG,234,20260813
17010,n02102177_3874_n02102177.JPEG,218,20260813
17021,n02168699_1848_n02168699.JPEG,303,20260813
17067,n04208210_29721_n04208210.JPEG,792,20260813
17087,n04311004_3405_n04311004.JPEG,821,20260813
17097,n02086240_7329_n02086240.JPEG,155,20260813
17110,n01530575_2903_n01530575.JPEG,10,20260813
17126,n03938244_14553_n03938244.JPEG,721,20260813
17131,n03085013_6260_n03085013.JPEG,508,20260813
17134,n01756291_8911_n01756291.JPEG,68,20260813
17145,n04254777_3540_n04254777.JPEG,806,20260813
17158,n04483307_10754_n04483307.JPEG,871,20260813
17170,n01498041_7513_n01498041.JPEG,6,20260813
17177,n03457902_39928_n03457902.JPEG,580,20260813
17189,n07693725_6353_n07693725.JPEG,931,20260813
17248,n03717622_8075_n03717622.JPEG,640,20260813
17268,n12267677_11393_n12267677.JPEG,988,20260813
17283,n03065424_5749_n03065424.JPEG,506,20260813
17306,n02494079_8098_n02494079.JPEG,382,20260813
17326,n02794156_10338_n02794156.JPEG,426,20260813
17346,n02672831_26205_n02672831.JPEG,401,20260813
17365,n03599486_7947_n03599486.JPEG,612,20260813
17368,n07248320_29895_n07248320.JPEG,921,20260813
17369,n04125021_27395_n04125021.JPEG,771,20260813
17383,n06785654_11582_n06785654.JPEG,918,20260813
17395,n02992529_43730_n02992529.JPEG,487,20260813
17408,n02526121_3478_n02526121.JPEG,390,20260813
17429,n02098286_4155_n02098286.JPEG,203,20260813
17438,n03763968_443_n03763968.JPEG,652,20260813
17451,n02101388_7582_n02101388.JPEG,215,20260813
17452,n02395406_5129_n02395406.JPEG,341,20260813
17462,n02100236_1529_n02100236.JPEG,210,20260813
17467,n02999410_12442_n02999410.JPEG,488,20260813
17476,n04325704_13647_n04325704.JPEG,824,20260813
17506,n03384352_887_n03384352.JPEG,561,20260813
17523,n02106662_91329_n02106662.JPEG,235,20260813
17531,n02113712_2069_n02113712.JPEG,266,20260813
17565,n02119789_2063_n02119789.JPEG,278,20260813
17577,n03721384_20056_n03721384.JPEG,642,20260813
17589,n13040303_3258_n13040303.JPEG,994,20260813
17615,n03095699_1919_n03095699.JPEG,510,20260813
17621,n02871525_8767_n02871525.JPEG,454,20260813
17632,n03272010_2150_n03272010.JPEG,546,20260813
17658,n02106030_9071_n02106030.JPEG,231,20260813
17661,n02837789_17822_n02837789.JPEG,445,20260813
17663,n01692333_10650_n01692333.JPEG,45,20260813
17669,n03590841_6063_n03590841.JPEG,607,20260813
17679,n01774750_10248_n01774750.JPEG,76,20260813
17681,n02115641_7644_n02115641.JPEG,273,20260813
17689,n04286575_11153_n04286575.JPEG,818,20260813
17694,n03877845_7600_n03877845.JPEG,698,20260813
17722,n03792782_9412_n03792782.JPEG,671,20260813
17723,n02120079_31256_n02120079.JPEG,279,20260813
17738,n03527444_24051_n03527444.JPEG,597,20260813
17754,n02107142_12750_n02107142.JPEG,236,20260813
17764,n03924679_3065_n03924679.JPEG,713,20260813
17782,n02395406_55852_n02395406.JPEG,341,20260813
17808,n04146614_4689_n04146614.JPEG,779,20260813
17813,n02951358_30863_n02951358.JPEG,472,20260813
17821,n02966193_29023_n02966193.JPEG,476,20260813
17833,n02509815_5011_n02509815.JPEG,387,20260813
17842,n03085013_28686_n03085013.JPEG,508,20260813
17862,n04423845_26779_n04423845.JPEG,855,20260813
17894,n04311174_10365_n04311174.JPEG,822,20260813
17895,n02093991_9702_n02093991.JPEG,184,20260813
17919,n02701002_913_n02701002.JPEG,407,20260813
17926,n03637318_11889_n03637318.JPEG,619,20260813
17936,n03483316_1703_n03483316.JPEG,589,20260813
17964,n02268853_1164_n02268853.JPEG,320,20260813
17967,n01728572_4503_n01728572.JPEG,52,20260813
17969,n04141975_11084_n04141975.JPEG,778,20260813
17973,n03877472_7457_n03877472.JPEG,697,20260813
17982,n02077923_12082_n02077923.JPEG,150,20260813
17986,n03223299_17676_n03223299.JPEG,539,20260813
18004,n09256479_9127_n09256479.JPEG,973,20260813
18024,n04070727_60011_n04070727.JPEG,760,20260813
18064,n04366367_9005_n04366367.JPEG,839,20260813
18085,n03417042_9580_n03417042.JPEG,569,20260813
18096,n04235860_14771_n04235860.JPEG,797,20260813
18097,n02112018_8325_n02112018.JPEG,259,20260813
18125,n12985857_2917_n12985857.JPEG,991,20260813
18126,n02105251_1430_n02105251.JPEG,226,20260813
18134,n01580077_5698_n01580077.JPEG,17,20260813
18148,n03776460_23294_n03776460.JPEG,660,20260813
18159,n01532829_9669_n01532829.JPEG,12,20260813
18206,n01945685_10117_n01945685.JPEG,114,20260813
18221,n03843555_21124_n03843555.JPEG,686,20260813
18222,n02092339_4527_n02092339.JPEG,178,20260813
18261,n02177972_12182_n02177972.JPEG,307,20260813
18268,n02099601_193_n02099601.JPEG,207,20260813
18270,n03062245_12958_n03062245.JPEG,503,20260813
18271,n03347037_9900_n03347037.JPEG,556,20260813
18279,n01824575_2962_n01824575.JPEG,91,20260813
18280,n03706229_9131_n03706229.JPEG,635,20260813
18295,n04065272_7165_n04065272.JPEG,757,20260813
18323,n03188531_13385_n03188531.JPEG,529,20260813
18331,n04428191_25102_n04428191.JPEG,856,20260813
18335,n03272562_3427_n03272562.JPEG,547,20260813
18358,n03424325_1545_n03424325.JPEG,570,20260813
18360,n02793495_6868_n02793495.JPEG,425,20260813
18372,n01498041_13295_n01498041.JPEG,6,20260813
18376,n01580077_2784_n01580077.JPEG,17,20260813
18392,n03888257_12788_n03888257.JPEG,701,20260813
18395,n03481172_12170_n03481172.JPEG,587,20260813
18397,n01860187_21903_n01860187.JPEG,100,20260813
18410,n03110669_44076_n03110669.JPEG,513,20260813
18422,n03297495_3633_n03297495.JPEG,550,20260813
18448,n01924916_1212_n01924916.JPEG,110,20260813
18449,n02971356_11359_n02971356.JPEG,478,20260813
18451,n02504013_482_n02504013.JPEG,385,20260813
18462,n04356056_5302_n04356056.JPEG,837,20260813
18476,n04033901_27066_n04033901.JPEG,749,20260813
18502,n09472597_50230_n09472597.JPEG,980,20260813
18519,n11939491_22312_n11939491.JPEG,985,20260813
18545,n02106550_9830_n02106550.JPEG,234,20260813
18557,n04141975_8084_n04141975.JPEG,778,20260813
18558,n04350905_19242_n04350905.JPEG,834,20260813
18563,n04458633_6501_n04458633.JPEG,863,20260813
18575,n04208210_44084_n04208210.JPEG,792,20260813
18586,n04476259_6194_n04476259.JPEG,868,20260813
18590,n02112137_16308_n02112137.JPEG,260,20260813
18650,n03017168_67392_n03017168.JPEG,494,20260813
18659,n01770081_9145_n01770081.JPEG,70,20260813
18660,n02101006_7831_n02101006.JPEG,214,20260813
18662,n03876231_5535_n03876231.JPEG,696,20260813
18665,n04162706_6768_n04162706.JPEG,785,20260813
18667,n04133789_16516_n04133789.JPEG,774,20260813
18671,n03895866_16217_n03895866.JPEG,705,20260813
18673,n01632777_14408_n01632777.JPEG,29,20260813
18674,n04479046_601_n04479046.JPEG,869,20260813
18678,n03314780_13933_n03314780.JPEG,551,20260813
18688,n04458633_3324_n04458633.JPEG,863,20260813
18721,n02090622_7756_n02090622.JPEG,169,20260813
18724,n03125729_4353_n03125729.JPEG,516,20260813
18762,n01644373_3970_n01644373.JPEG,31,20260813
18765,n02939185_18027_n02939185.JPEG,469,20260813
18770,n03478589_10657_n03478589.JPEG,586,20260813
18816,n04254680_435_n04254680.JPEG,805,20260813
18818,n02110185_3024_n02110185.JPEG,250,20260813
18825,n10565667_4788_n10565667.JPEG,983,20260813
18828,n03777754_5643_n03777754.JPEG,662,20260813
18833,n04591713_6958_n04591713.JPEG,907,20260813
18865,n04479046_2409_n04479046.JPEG,869,20260813
18873,n02445715_4646_n02445715.JPEG,361,20260813
18880,n01855672_4118_n01855672.JPEG,99,20260813
18888,n01632777_24201_n01632777.JPEG,29,20260813
18906,n01735189_20125_n01735189.JPEG,57,20260813
18925,n01644900_8784_n01644900.JPEG,32,20260813
18938,n07747607_3775_n07747607.JPEG,950,20260813
18953,n04208210_59720_n04208210.JPEG,792,20260813
18959,n03874293_8525_n03874293.JPEG,694,20260813
18975,n03995372_3374_n03995372.JPEG,740,20260813
18978,n04118538_3949_n04118538.JPEG,768,20260813
19007,n02841315_34571_n02841315.JPEG,447,20260813
19009,n02233338_13038_n02233338.JPEG,314,20260813
19025,n07615774_33146_n07615774.JPEG,929,20260813
19050,n12267677_21579_n12267677.JPEG,988,20260813
19060,n03445924_9517_n03445924.JPEG,575,20260813
19067,n04118776_23885_n04118776.JPEG,769,20260813
19086,n04487394_1903_n04487394.JPEG,875,20260813
19087,n01784675_2205_n01784675.JPEG,79,20260813
19101,n02088364_4052_n02088364.JPEG,162,20260813
19135,n01985128_28326_n01985128.JPEG,124,20260813
19156,n02100583_5741_n02100583.JPEG,211,20260813
19173,n02093859_3147_n02093859.JPEG,183,20260813
19176,n03627232_1181_n03627232.JPEG,616,20260813
19185,n04090263_5617_n04090263.JPEG,764,20260813
19188,n02009229_4877_n02009229.JPEG,131,20260813
19205,n02408429_887_n02408429.JPEG,346,20260813
19219,n01774384_13606_n01774384.JPEG,75,20260813
19243,n02094258_968_n02094258.JPEG,186,20260813
19260,n02799071_480_n02799071.JPEG,429,20260813
19304,n02128385_3028_n02128385.JPEG,288,20260813
19306,n09332890_36153_n09332890.JPEG,975,20260813
19316,n02090622_4529_n02090622.JPEG,169,20260813
19329,n01774384_8753_n01774384.JPEG,75,20260813
19396,n01773157_6984_n01773157.JPEG,72,20260813
19410,n03443371_2348_n03443371.JPEG,572,20260813
19421,n02206856_8479_n02206856.JPEG,309,20260813
19422,n02437616_8833_n02437616.JPEG,355,20260813
19470,n02871525_8716_n02871525.JPEG,454,20260813
19471,n03976467_19213_n03976467.JPEG,732,20260813
19484,n01978455_978_n01978455.JPEG,119,20260813
19492,n02018795_4395_n02018795.JPEG,138,20260813
19494,n02699494_5682_n02699494.JPEG,406,20260813
19500,n02687172_16777_n02687172.JPEG,403,20260813
19501,n02086079_13647_n02086079.JPEG,154,20260813
19506,n02128925_40795_n02128925.JPEG,290,20260813
19508,n02950826_32101_n02950826.JPEG,471,20260813
19546,n03920288_545_n03920288.JPEG,712,20260813
19552,n02692877_32539_n02692877.JPEG,405,20260813
19578,n09835506_926_n09835506.JPEG,981,20260813
19606,n09468604_43216_n09468604.JPEG,979,20260813
19635,n07754684_25738_n07754684.JPEG,955,20260813
19648,n02114712_20068_n02114712.JPEG,271,20260813
19651,n02058221_3388_n02058221.JPEG,146,20260813
19668,n03791053_3659_n03791053.JPEG,670,20260813
19693,n07734744_16824_n07734744.JPEG,947,20260813
19735,n04552348_26164_n04552348.JPEG,895,20260813
19739,n07920052_2909_n07920052.JPEG,967,20260813
19768,n12057211_4483_n12057211.JPEG,986,20260813
19777,n04554684_1740_n04554684.JPEG,897,20260813
19782,n03485407_7227_n03485407.JPEG,590,20260813
19786,n07584110_169_n07584110.JPEG,925,20260813
19792,n02666196_13611_n02666196.JPEG,398,20260813
19799,n02441942_12503_n02441942.JPEG,356,20260813
19800,n03492542_15748_n03492542.JPEG,592,20260813
19856,n02091467_12623_n02091467.JPEG,174,20260813
19865,n01985128_26256_n01985128.JPEG,124,20260813
19868,n01773549_4748_n01773549.JPEG,73,20260813
19884,n02037110_367_n02037110.JPEG,143,20260813
19886,n03888605_1982_n03888605.JPEG,702,20260813
19893,n02326432_20094_n02326432.JPEG,331,20260813
19901,n02113624_3392_n02113624.JPEG,265,20260813
19906,n02091467_366_n02091467.JPEG,174,20260813
19908,n01950731_9482_n01950731.JPEG,115,20260813
19921,n04330267_18260_n04330267.JPEG,827,20260813
19957,n04371430_11775_n04371430.JPEG,842,20260813
19995,n04019541_28462_n04019541.JPEG,746,20260813
20018,n03776460_2260_n03776460.JPEG,660,20260813
20023,n03534580_8651_n03534580.JPEG,601,20260813
20031,n01664065_2377_n01664065.JPEG,33,20260813
20036,n01855672_1957_n01855672.JPEG,99,20260813
20041,n02363005_10193_n02363005.JPEG,337,20260813
20047,n02966193_20506_n02966193.JPEG,476,20260813
20066,n03494278_31236_n03494278.JPEG,593,20260813
20088,n02504458_585_n02504458.JPEG,386,20260813
20120,n04040759_32125_n04040759.JPEG,753,20260813
20154,n01910747_1587_n01910747.JPEG,107,20260813
20169,n02865351_28774_n02865351.JPEG,451,20260813
20174,n02988304_12919_n02988304.JPEG,485,20260813
20181,n03832673_14308_n03832673.JPEG,681,20260813
20183,n03692522_4149_n03692522.JPEG,633,20260813
20187,n01531178_7863_n01531178.JPEG,11,20260813
20193,n03832673_10919_n03832673.JPEG,681,20260813
20195,n03425413_14206_n03425413.JPEG,571,20260813
20216,n07695742_19852_n07695742.JPEG,932,20260813
20222,n03670208_32535_n03670208.JPEG,627,20260813
20233,n04392985_5146_n04392985.JPEG,848,20260813
20249,n03775071_2485_n03775071.JPEG,658,20260813
20253,n03742115_15192_n03742115.JPEG,648,20260813
20276,n02841315_28604_n02841315.JPEG,447,20260813
20315,n01667778_16584_n01667778.JPEG,36,20260813
20342,n03314780_8279_n03314780.JPEG,551,20260813
20351,n03787032_11327_n03787032.JPEG,667,20260813
20361,n03016953_8186_n03016953.JPEG,493,20260813
20377,n03666591_66308_n03666591.JPEG,626,20260813
20388,n02127052_18552_n02127052.JPEG,287,20260813
20401,n07697313_5033_n07697313.JPEG,933,20260813
20410,n03743016_31712_n03743016.JPEG,649,20260813
20496,n02690373_12044_n02690373.JPEG,404,20260813
20497,n02859443_1203_n02859443.JPEG,449,20260813
20501,n02011460_15966_n02011460.JPEG,133,20260813
20517,n03887697_10708_n03887697.JPEG,700,20260813
20539,n04367480_42007_n04367480.JPEG,840,20260813
20550,n02641379_4066_n02641379.JPEG,395,20260813
20552,n03207743_15010_n03207743.JPEG,533,20260813
20562,n03782006_1333_n03782006.JPEG,664,20260813
20569,n03982430_22638_n03982430.JPEG,736,20260813
20595,n02129165_9742_n02129165.JPEG,291,20260813
20602,n03134739_8058_n03134739.JPEG,522,20260813
20608,n01693334_21845_n01693334.JPEG,46,20260813
20614,n03877845_16423_n03877845.JPEG,698,20260813
20621,n03290653_14026_n03290653.JPEG,548,20260813
20623,n02676566_6980_n02676566.JPEG,402,20260813
20633,n03840681_9399_n03840681.JPEG,684,20260813
20661,n02966193_5485_n02966193.JPEG,476,20260813
20662,n03637318_3392_n03637318.JPEG,619,20260813
20682,n03692522_295_n03692522.JPEG,633,20260813
20734,n03457902_9880_n03457902.JPEG,580,20260813
20744,n07932039_5104_n07932039.JPEG,969,20260813
20750,n01729322_8607_n01729322.JPEG,54,20260813
20772,n01847000_16533_n01847000.JPEG,97,20260813
20777,n03530642_17078_n03530642.JPEG,599,20260813
20789,n03483316_20281_n03483316.JPEG,589,20260813
20808,n02087394_4748_n02087394.JPEG,159,20260813
20809,n02125311_38286_n02125311.JPEG,286,20260813
20823,n01843065_2037_n01843065.JPEG,95,20260813
20826,n02110958_7085_n02110958.JPEG,254,20260813
20827,n07730033_3234_n07730033.JPEG,946,20260813
20852,n04366367_10165_n04366367.JPEG,839,20260813
20855,n04443257_17187_n04443257.JPEG,860,20260813
20885,n02091244_2838_n02091244.JPEG,173,20260813
20886,n02667093_10209_n02667093.JPEG,399,20260813
20889,n03498962_39064_n03498962.JPEG,596,20260813
20927,n04560804_6865_n04560804.JPEG,899,20260813
20945,n01914609_3060_n01914609.JPEG,108,20260813
20959,n02174001_7682_n02174001.JPEG,306,20260813
20960,n01697457_3639_n01697457.JPEG,49,20260813
21006,n02098413_8182_n02098413.JPEG,204,20260813
21033,n02133161_11638_n02133161.JPEG,295,20260813
21036,n07715103_3192_n07715103.JPEG,938,20260813
21049,n01774750_18133_n01774750.JPEG,76,20260813
21056,n07579787_15128_n07579787.JPEG,923,20260813
21066,n03840681_43446_n03840681.JPEG,684,20260813
21075,n02483362_14708_n02483362.JPEG,368,20260813
21092,n02493793_6480_n02493793.JPEG,381,20260813
21093,n07930864_3898_n07930864.JPEG,968,20260813
21135,n01798484_1002_n01798484.JPEG,83,20260813
21138,n02105056_7169_n02105056.JPEG,224,20260813
21163,n02101556_2791_n02101556.JPEG,216,20260813
21174,n02093647_2524_n02093647.JPEG,181,20260813
21175,n02108551_12396_n02108551.JPEG,244,20260813
21203,n02132136_615_n02132136.JPEG,294,20260813
21296,n03794056_4171_n03794056.JPEG,674,20260813
21319,n02814533_27818_n02814533.JPEG,436,20260813
21340,n02895154_30771_n02895154.JPEG,461,20260813
21367,n03676483_33894_n03676483.JPEG,629,20260813
21388,n02120505_1538_n02120505.JPEG,280,20260813
21389,n04560804_13420_n04560804.JPEG,899,20260813
21453,n01518878_38453_n01518878.JPEG,9,20260813
21455,n02099429_5410_n02099429.JPEG,206,20260813
21474,n02948072_37696_n02948072.JPEG,470,20260813
21479,n04347754_23995_n04347754.JPEG,833,20260813
21494,n04266014_3378_n04266014.JPEG,812,20260813
21496,n04141327_3593_n04141327.JPEG,777,20260813
21509,n02110185_632_n02110185.JPEG,250,20260813
21511,n03995372_4460_n03995372.JPEG,740,20260813
21542,n04009552_24252_n04009552.JPEG,745,20260813
21560,n03598930_10641_n03598930.JPEG,611,20260813
21564,n03782006_6817_n03782006.JPEG,664,20260813
21570,n03131574_12097_n03131574.JPEG,520,20260813
21589,n02092002_11535_n02092002.JPEG,177,20260813
21622,n02108915_7456_n02108915.JPEG,245,20260813
21624,n01608432_25738_n01608432.JPEG,21,20260813
21635,n07565083_2256_n07565083.JPEG,922,20260813
21639,n02105412_5577_n02105412.JPEG,227,20260813
21651,n03250847_13522_n03250847.JPEG,542,20260813
21655,n03417042_1182_n03417042.JPEG,569,20260813
21685,n13052670_3448_n13052670.JPEG,996,20260813
21697,n04049303_9019_n04049303.JPEG,756,20260813
21698,n02033041_3545_n02033041.JPEG,142,20260813
21708,n09399592_121578_n09399592.JPEG,976,20260813
21720,n01871265_2496_n01871265.JPEG,101,20260813
21724,n04325704_185_n04325704.JPEG,824,20260813
21743,n04070727_30545_n04070727.JPEG,760,20260813
21745,n02783161_5304_n02783161.JPEG,418,20260813
21749,n04371430_3931_n04371430.JPEG,842,20260813
21759,n02268853_562_n02268853.JPEG,320,20260813
21788,n02536864_12863_n02536864.JPEG,391,20260813
21797,n03785016_4511_n03785016.JPEG,665,20260813
21833,n03792972_5173_n03792972.JPEG,672,20260813
21839,n03337140_35812_n03337140.JPEG,553,20260813
21851,n02441942_14614_n02441942.JPEG,356,20260813
21876,n02102318_12593_n02102318.JPEG,219,20260813
21878,n03496892_19678_n03496892.JPEG,595,20260813
21882,n03494278_38806_n03494278.JPEG,593,20260813
21900,n02277742_13815_n02277742.JPEG,322,20260813
21933,n01820546_4535_n01820546.JPEG,90,20260813
21937,n01776313_37609_n01776313.JPEG,78,20260813
21944,n03028079_10631_n03028079.JPEG,497,20260813
21958,n04120489_4735_n04120489.JPEG,770,20260813
22035,n02100877_2116_n02100877.JPEG,213,20260813
22040,n13052670_9806_n13052670.JPEG,996,20260813
22089,n03325584_2977_n03325584.JPEG,552,20260813
22118,n02110958_6817_n02110958.JPEG,254,20260813
22123,n03041632_83826_n03041632.JPEG,499,20260813
22134,n09421951_29676_n09421951.JPEG,977,20260813
22177,n01687978_68_n01687978.JPEG,42,20260813
22187,n02089867_5309_n02089867.JPEG,166,20260813
22204,n01818515_3204_n01818515.JPEG,88,20260813
22208,n01530575_808_n01530575.JPEG,10,20260813
22247,n04483307_13354_n04483307.JPEG,871,20260813
22269,n04311004_2930_n04311004.JPEG,821,20260813
22342,n03467068_9246_n03467068.JPEG,583,20260813
22343,n03063599_4395_n03063599.JPEG,504,20260813
22381,n02106662_19413_n02106662.JPEG,235,20260813
22397,n07880968_4138_n07880968.JPEG,965,20260813
22399,n02966687_7560_n02966687.JPEG,477,20260813
22417,n02277742_7099_n02277742.JPEG,322,20260813
22426,n02058221_13140_n02058221.JPEG,146,20260813
22435,n07753592_9113_n07753592.JPEG,954,20260813
22473,n04037443_24330_n04037443.JPEG,751,20260813
22503,n02268853_2432_n02268853.JPEG,320,20260813
22504,n03476991_16382_n03476991.JPEG,585,20260813
22507,n02704792_10567_n02704792.JPEG,408,20260813
22553,n04040759_14429_n04040759.JPEG,753,20260813
22572,n02088632_973_n02088632.JPEG,164,20260813
22577,n02966687_2988_n02966687.JPEG,477,20260813
22608,n02086910_15596_n02086910.JPEG,157,20260813
22618,n02690373_2162_n02690373.JPEG,404,20260813
22638,n03492542_54953_n03492542.JPEG,592,20260813
22640,n04111531_21351_n04111531.JPEG,766,20260813
22643,n02788148_12745_n02788148.JPEG,421,20260813
22651,n02017213_7248_n02017213.JPEG,136,20260813
22667,n02841315_26257_n02841315.JPEG,447,20260813
22675,n03976657_24008_n03976657.JPEG,733,20260813
22681,n01818515_8905_n01818515.JPEG,88,20260813
22693,n02105056_12443_n02105056.JPEG,224,20260813
22694,n03899768_132602_n03899768.JPEG,706,20260813
22701,n04447861_1320_n04447861.JPEG,861,20260813
22704,n02692877_12572_n02692877.JPEG,405,20260813
22713,n02113186_4916_n02113186.JPEG,264,20260813
22724,n02056570_1377_n02056570.JPEG,145,20260813
22725,n01873310_6801_n01873310.JPEG,103,20260813
22738,n03954731_5352_n03954731.JPEG,726,20260813
22743,n02268853_76_n02268853.JPEG,320,20260813
22744,n02500267_12970_n02500267.JPEG,384,20260813
22758,n04487081_35577_n04487081.JPEG,874,20260813
22790,n03594734_33892_n03594734.JPEG,608,20260813
22800,n02130308_13846_n02130308.JPEG,293,20260813
22823,n03476684_11119_n03476684.JPEG,584,20260813
22860,n02165105_155_n02165105.JPEG,300,20260813
22867,n04356056_4377_n04356056.JPEG,837,20260813
22881,n01518878_1685_n01518878.JPEG,9,20260813
22911,n01616318_5307_n01616318.JPEG,23,20260813
22944,n03666591_18780_n03666591.JPEG,626,20260813
22970,n03388549_7809_n03388549.JPEG,564,20260813
23026,n02454379_7335_n02454379.JPEG,363,20260813
23044,n01855032_3381_n01855032.JPEG,98,20260813
23054,n04347754_12692_n04347754.JPEG,833,20260813
23055,n03692522_9860_n03692522.JPEG,633,20260813
23083,n04462240_10424_n04462240.JPEG,865,20260813
23146,n01773549_4571_n01773549.JPEG,73,20260813
23169,n02095889_288_n02095889.JPEG,190,20260813
23196,n04081281_11877_n04081281.JPEG,762,20260813
23198,n03825788_19949_n03825788.JPEG,680,20260813
23209,n02102177_388_n02102177.JPEG,218,20260813
23213,n03443371_1763_n03443371.JPEG,572,20260813
23227,n04350905_22667_n04350905.JPEG,834,20260813
23240,n03761084_42038_n03761084.JPEG,651,20260813
23258,n03776460_6965_n03776460.JPEG,660,20260813
23259,n04179913_48_n04179913.JPEG,786,20260813
23272,n04149813_24505_n04149813.JPEG,781,20260813
23275,n02493509_2646_n02493509.JPEG,380,20260813
23292,n02107574_3536_n02107574.JPEG,238,20260813
23308,n03355925_11382_n03355925.JPEG,557,20260813
23368,n03485794_27715_n03485794.JPEG,591,20260813
23376,n02490219_554_n02490219.JPEG,377,20260813
23381,n03017168_6752_n03017168.JPEG,494,20260813
23396,n04037443_29156_n04037443.JPEG,751,20260813
23416,n04597913_5574_n04597913.JPEG,910,20260813
23437,n01632458_1705_n01632458.JPEG,28,20260813
23456,n03970156_23388_n03970156.JPEG,731,20260813
23477,n04039381_49462_n04039381.JPEG,752,20260813
23478,n03729826_23099_n03729826.JPEG,644,20260813
23484,n04389033_34247_n04389033.JPEG,847,20260813
23518,n02692877_45294_n02692877.JPEG,405,20260813
23529,n03899768_108785_n03899768.JPEG,706,20260813
23537,n02114712_230_n02114712.JPEG,271,20260813
23538,n07717410_1738_n07717410.JPEG,941,20260813
23559,n07565083_8977_n07565083.JPEG,922,20260813
23578,n04041544_10726_n04041544.JPEG,754,20260813
23586,n01883070_1043_n01883070.JPEG,106,20260813
23590,n02410509_290_n02410509.JPEG,347,20260813
23604,n03673027_14374_n03673027.JPEG,628,20260813
23623,n04613696_15809_n04613696.JPEG,915,20260813
23630,n02963159_1484_n02963159.JPEG,474,20260813
23632,n04429376_31026_n04429376.JPEG,857,20260813
23656,n01735189_13031_n01735189.JPEG,57,20260813
23663,n04252225_16174_n04252225.JPEG,803,20260813
23669,n04200800_11862_n04200800.JPEG,788,20260813
23680,n02099601_2439_n02099601.JPEG,207,20260813
23724,n03379051_7150_n03379051.JPEG,560,20260813
23740,n04505470_1478_n04505470.JPEG,878,20260813
23746,n02927161_7899_n02927161.JPEG,467,20260813
23761,n04550184_38770_n04550184.JPEG,894,20260813
23780,n03761084_46820_n03761084.JPEG,651,20260813
23801,n02033041_3425_n02033041.JPEG,142,20260813
23804,n04335435_4265_n04335435.JPEG,829,20260813
23810,n02096294_4_n02096294.JPEG,193,20260813
23836,n03065424_17048_n03065424.JPEG,506,20260813
23847,n03595614_32817_n03595614.JPEG,610,20260813
23887,n04090263_9695_n04090263.JPEG,764,20260813
23922,n01943899_1427_n01943899.JPEG,112,20260813
23936,n02087046_5017_n02087046.JPEG,158,20260813
23965,n02497673_8948_n02497673.JPEG,383,20260813
23981,n02950826_22438_n02950826.JPEG,471,20260813
23984,n02089078_414_n02089078.JPEG,165,20260813
23999,n02018795_3214_n02018795.JPEG,138,20260813
24000,n02095570_11142_n02095570.JPEG,189,20260813
24007,n01494475_3852_n01494475.JPEG,4,20260813
24010,n04067472_6124_n04067472.JPEG,758,20260813
24013,n04069434_11872_n04069434.JPEG,759,20260813
24016,n03196217_6257_n03196217.JPEG,530,20260813
24034,n03933933_21108_n03933933.JPEG,718,20260813
24064,n02825657_16295_n02825657.JPEG,442,20260813
24079,n02127052_20665_n02127052.JPEG,287,20260813
24085,n01687978_11311_n01687978.JPEG,42,20260813
24100,n03218198_3070_n03218198.JPEG,537,20260813
24108,n02808440_48713_n02808440.JPEG,435,20260813
24113,n02797295_10390_n02797295.JPEG,428,20260813
24133,n04090263_6544_n04090263.JPEG,764,20260813
24164,n02906734_13828_n02906734.JPEG,462,20260813
24176,n03478589_17296_n03478589.JPEG,586,20260813
24245,n01819313_6138_n01819313.JPEG,89,20260813
24246,n02086079_10607_n02086079.JPEG,154,20260813
24279,n03197337_4542_n03197337.JPEG,531,20260813
24303,n02099267_4_n02099267.JPEG,205,20260813
24331,n03761084_13659_n03761084.JPEG,651,20260813
24336,n02094114_5279_n02094114.JPEG,185,20260813
24354,n04392985_3137_n04392985.JPEG,848,20260813
24359,n02123159_6045_n02123159.JPEG,282,20260813
24361,n04099969_7065_n04099969.JPEG,765,20260813
24364,n04613696_4491_n04613696.JPEG,915,20260813
24412,n02894605_76484_n02894605.JPEG,460,20260813
24423,n02488702_672_n02488702.JPEG,375,20260813
24445,n03127747_13767_n03127747.JPEG,518,20260813
24460,n02091467_3424_n02091467.JPEG,174,20260813
24467,n03424325_5205_n03424325.JPEG,570,20260813
24478,n04483307_2698_n04483307.JPEG,871,20260813
24515,n01930112_19541_n01930112.JPEG,111,20260813
24534,n02095314_807_n02095314.JPEG,188,20260813
24549,n01883070_15758_n01883070.JPEG,106,20260813
24555,n02444819_10178_n02444819.JPEG,360,20260813
24558,n03733131_350_n03733131.JPEG,645,20260813
24568,n03899768_96665_n03899768.JPEG,706,20260813
24597,n03976467_8451_n03976467.JPEG,732,20260813
24619,n02814860_17742_n02814860.JPEG,437,20260813
24630,n03930313_7311_n03930313.JPEG,716,20260813
24632,n03384352_4305_n03384352.JPEG,561,20260813
24649,n04133789_8965_n04133789.JPEG,774,20260813
24685,n02002724_3626_n02002724.JPEG,128,20260813
24692,n04376876_26446_n04376876.JPEG,845,20260813
24695,n02342885_13788_n02342885.JPEG,333,20260813
24696,n04118538_864_n04118538.JPEG,768,20260813
24703,n04229816_8600_n04229816.JPEG,796,20260813
24737,n02093647_6597_n02093647.JPEG,181,20260813
24750,n02088094_7062_n02088094.JPEG,160,20260813
24754,n04335435_113894_n04335435.JPEG,829,20260813
24756,n03207743_23669_n03207743.JPEG,533,20260813
24769,n04462240_9692_n04462240.JPEG,865,20260813
24851,n13040303_10269_n13040303.JPEG,994,20260813
24871,n04116512_11183_n04116512.JPEG,767,20260813
24892,n03627232_6124_n03627232.JPEG,616,20260813
24897,n03792972_4104_n03792972.JPEG,672,20260813
24909,n01737021_1885_n01737021.JPEG,58,20260813
24911,n02799071_28062_n02799071.JPEG,429,20260813
24925,n02672831_32645_n02672831.JPEG,401,20260813
24958,n02100735_4637_n02100735.JPEG,212,20260813
24974,n04243546_15554_n04243546.JPEG,800,20260813
24976,n07831146_251_n07831146.JPEG,959,20260813
24984,n03658185_698_n03658185.JPEG,623,20260813
25004,n03814639_18847_n03814639.JPEG,678,20260813
25007,n03840681_24472_n03840681.JPEG,684,20260813
25028,n03874599_4043_n03874599.JPEG,695,20260813
25043,n04517823_2863_n04517823.JPEG,882,20260813
25075,n03908618_4151_n03908618.JPEG,709,20260813
25086,n01687978_12231_n01687978.JPEG,42,20260813
25140,n01498041_2666_n01498041.JPEG,6,20260813
25167,n02085936_4369_n02085936.JPEG,153,20260813
25168,n02877765_12509_n02877765.JPEG,455,20260813
25172,n03476684_2504_n03476684.JPEG,584,20260813
25174,n04398044_2626_n04398044.JPEG,849,20260813
25178,n02494079_7275_n02494079.JPEG,382,20260813
25181,n02444819_7704_n02444819.JPEG,360,20260813
25185,n02536864_34330_n02536864.JPEG,391,20260813
25188,n03337140_3087_n03337140.JPEG,553,20260813
25228,n04335435_4451_n04335435.JPEG,829,20260813
25233,n02865351_13170_n02865351.JPEG,451,20260813
25274,n04552348_12431_n04552348.JPEG,895,20260813
25280,n01749939_5761_n01749939.JPEG,64,20260813
25346,n07684084_1032_n07684084.JPEG,930,20260813
25353,n02791270_8613_n02791270.JPEG,424,20260813
25356,n02091244_11353_n02091244.JPEG,173,20260813
25361,n04263257_13298_n04263257.JPEG,809,20260813
25371,n04606251_21470_n04606251.JPEG,913,20260813
25380,n02058221_29532_n02058221.JPEG,146,20260813
25390,n02096177_4066_n02096177.JPEG,192,20260813
25398,n03976657_5399_n03976657.JPEG,733,20260813
25399,n02910353_6535_n02910353.JPEG,464,20260813
25400,n03467068_6810_n03467068.JPEG,583,20260813
25404,n02843684_10251_n02843684.JPEG,448,20260813
25407,n06785654_10379_n06785654.JPEG,918,20260813
25420,n04141975_19294_n04141975.JPEG,778,20260813
25421,n12620546_16039_n12620546.JPEG,989,20260813
25430,n01817953_15203_n01817953.JPEG,87,20260813
25444,n04356056_60114_n04356056.JPEG,837,20260813
25468,n02708093_3605_n02708093.JPEG,409,20260813
25482,n07693725_8922_n07693725.JPEG,931,20260813
25515,n03983396_455_n03983396.JPEG,737,20260813
25564,n02403003_4229_n02403003.JPEG,345,20260813
25585,n02111500_6265_n02111500.JPEG,257,20260813
25587,n04146614_237_n04146614.JPEG,779,20260813
25591,n13044778_775_n13044778.JPEG,995,20260813
25601,n04127249_1321_n04127249.JPEG,772,20260813
25602,n04209239_7734_n04209239.JPEG,794,20260813
25624,n03929660_35194_n03929660.JPEG,714,20260813
25636,n02099429_3941_n02099429.JPEG,206,20260813
25642,n02807133_6503_n02807133.JPEG,433,20260813
25643,n02114548_9465_n02114548.JPEG,270,20260813
25644,n03075370_997_n03075370.JPEG,507,20260813
25657,n03792782_67_n03792782.JPEG,671,20260813
25678,n02109525_14289_n02109525.JPEG,247,20260813
25692,n09193705_27019_n09193705.JPEG,970,20260813
25693,n02110185_1002_n02110185.JPEG,250,20260813
25723,n03961711_15636_n03961711.JPEG,729,20260813
25726,n04522168_9957_n04522168.JPEG,883,20260813
25759,n01622779_4231_n01622779.JPEG,24,20260813
25772,n03394916_56033_n03394916.JPEG,566,20260813
25808,n03642806_11143_n03642806.JPEG,620,20260813
25810,n06359193_30722_n06359193.JPEG,916,20260813
25820,n02869837_26919_n02869837.JPEG,452,20260813
25840,n03733281_6306_n03733281.JPEG,646,20260813
25856,n07932039_21225_n07932039.JPEG,969,20260813
25872,n02787622_1370_n02787622.JPEG,420,20260813
25915,n03187595_2063_n03187595.JPEG,528,20260813
25917,n02090721_3165_n02090721.JPEG,170,20260813
25930,n02487347_575_n02487347.JPEG,373,20260813
25969,n04409515_7554_n04409515.JPEG,852,20260813
25983,n02281406_936_n02281406.JPEG,325,20260813
26003,n02111129_4869_n02111129.JPEG,255,20260813
26008,n02101006_10632_n02101006.JPEG,214,20260813
26013,n07892512_35280_n07892512.JPEG,966,20260813
26023,n04251144_5007_n04251144.JPEG,801,20260813
26025,n02102177_1748_n02102177.JPEG,218,20260813
26026,n07720875_4016_n07720875.JPEG,945,20260813
26027,n04070727_40819_n04070727.JPEG,760,20260813
26036,n02107312_4494_n02107312.JPEG,237,20260813
26084,n07753275_15954_n07753275.JPEG,953,20260813
26089,n04423845_8967_n04423845.JPEG,855,20260813
26122,n02094258_4016_n02094258.JPEG,186,20260813
26180,n02106662_56458_n02106662.JPEG,235,20260813
26183,n04517823_40483_n04517823.JPEG,882,20260813
26192,n01882714_9751_n01882714.JPEG,105,20260813
26223,n02108089_9402_n02108089.JPEG,242,20260813
26228,n04517823_28638_n04517823.JPEG,882,20260813
26243,n04146614_16522_n04146614.JPEG,779,20260813
26260,n02493793_296_n02493793.JPEG,381,20260813
26269,n07920052_16603_n07920052.JPEG,967,20260813
26273,n02802426_4256_n02802426.JPEG,430,20260813
26279,n01682714_7780_n01682714.JPEG,40,20260813
26295,n04461696_14908_n04461696.JPEG,864,20260813
26324,n10565667_510_n10565667.JPEG,983,20260813
26327,n04536866_2686_n04536866.JPEG,889,20260813
26330,n03895866_24477_n03895866.JPEG,705,20260813
26336,n03998194_10261_n03998194.JPEG,741,20260813
26362,n02099429_6036_n02099429.JPEG,206,20260813
26364,n04461696_3906_n04461696.JPEG,864,20260813
26384,n03976657_19071_n03976657.JPEG,733,20260813
26423,n02086646_1733_n02086646.JPEG,156,20260813
26431,n02454379_10120_n02454379.JPEG,363,20260813
26439,n02930766_1290_n02930766.JPEG,468,20260813
26452,n02096294_6931_n02096294.JPEG,193,20260813
26454,n07716358_6289_n07716358.JPEG,939,20260813
26465,n01669191_111_n01669191.JPEG,37,20260813
26472,n02607072_924_n02607072.JPEG,393,20260813
26474,n02494079_8392_n02494079.JPEG,382,20260813
26494,n12998815_1138_n12998815.JPEG,992,20260813
26500,n02104365_8795_n02104365.JPEG,223,20260813
26504,n02093428_3278_n02093428.JPEG,180,20260813
26525,n01682714_16940_n01682714.JPEG,40,20260813
26547,n02102177_1275_n02102177.JPEG,218,20260813
26550,n02190166_7329_n02190166.JPEG,308,20260813
26561,n02640242_2835_n02640242.JPEG,394,20260813
26593,n04579432_20342_n04579432.JPEG,902,20260813
26598,n03690938_17141_n03690938.JPEG,631,20260813
26623,n02127052_2378_n02127052.JPEG,287,20260813
26624,n03742115_7624_n03742115.JPEG,648,20260813
26634,n02088632_4058_n02088632.JPEG,164,20260813
26638,n02361337_2091_n02361337.JPEG,336,20260813
26641,n04037443_555_n04037443.JPEG,751,20260813
26648,n04550184_43952_n04550184.JPEG,894,20260813
26660,n03062245_4844_n03062245.JPEG,503,20260813
26666,n02086240_12763_n02086240.JPEG,155,20260813
26675,n07717556_8152_n07717556.JPEG,942,20260813
26681,n04090263_1437_n04090263.JPEG,764,20260813
26685,n01944390_18193_n01944390.JPEG,113,20260813
26716,n02013706_2969_n02013706.JPEG,135,20260813
26721,n03388183_29_n03388183.JPEG,563,20260813
26728,n01675722_4094_n01675722.JPEG,38,20260813
26731,n02134084_792_n02134084.JPEG,296,20260813
26748,n02797295_2178_n02797295.JPEG,428,20260813
26783,n03710193_1536_n03710193.JPEG,637,20260813
26789,n01740131_19485_n01740131.JPEG,60,20260813
26833,n02128925_26616_n02128925.JPEG,290,20260813
26859,n04589890_3138_n04589890.JPEG,904,20260813
26880,n03388043_18587_n03388043.JPEG,562,20260813
26881,n04326547_4958_n04326547.JPEG,825,20260813
26893,n04040759_3922_n04040759.JPEG,753,20260813
26897,n02101556_2657_n02101556.JPEG,216,20260813
26945,n02317335_35704_n02317335.JPEG,327,20260813
26956,n02100236_3282_n02100236.JPEG,210,20260813
27002,n03529860_4676_n03529860.JPEG,598,20260813
27003,n03045698_2820_n03045698.JPEG,501,20260813
27014,n03492542_6000_n03492542.JPEG,592,20260813
27020,n02090379_3879_n02090379.JPEG,168,20260813
27060,n02105641_9625_n02105641.JPEG,229,20260813
27068,n01496331_8745_n01496331.JPEG,5,20260813
27111,n03623198_9848_n03623198.JPEG,615,20260813
27127,n07697313_1428_n07697313.JPEG,933,20260813
27167,n02102040_901_n02102040.JPEG,217,20260813
27169,n02988304_4022_n02988304.JPEG,485,20260813
27228,n03272010_3622_n03272010.JPEG,546,20260813
27237,n04120489_5503_n04120489.JPEG,770,20260813
27253,n02870880_9439_n02870880.JPEG,453,20260813
27260,n02105641_8698_n02105641.JPEG,229,20260813
27273,n02804414_598_n02804414.JPEG,431,20260813
27308,n02667093_6007_n02667093.JPEG,399,20260813
27328,n03887697_1844_n03887697.JPEG,700,20260813
27330,n04149813_4319_n04149813.JPEG,781,20260813
27347,n02091831_11361_n02091831.JPEG,176,20260813
27357,n02860847_3113_n02860847.JPEG,450,20260813
27360,n03995372_6582_n03995372.JPEG,740,20260813
27380,n06596364_10368_n06596364.JPEG,917,20260813
27400,n02966687_689_n02966687.JPEG,477,20260813
27405,n02085936_13709_n02085936.JPEG,153,20260813
27415,n01980166_10029_n01980166.JPEG,120,20260813
27421,n02281406_11949_n02281406.JPEG,325,20260813
27428,n02165456_18789_n02165456.JPEG,301,20260813
27435,n01883070_6221_n01883070.JPEG,106,20260813
27450,n03345487_3554_n03345487.JPEG,555,20260813
27474,n02085782_3384_n02085782.JPEG,152,20260813
27477,n04081281_52407_n04081281.JPEG,762,20260813
27502,n04532670_12213_n04532670.JPEG,888,20260813
27509,n04040759_6140_n04040759.JPEG,753,20260813
27518,n02108422_8349_n02108422.JPEG,243,20260813
27539,n02483362_10609_n02483362.JPEG,368,20260813
27549,n02978881_6553_n02978881.JPEG,481,20260813
27557,n03781244_74090_n03781244.JPEG,663,20260813
27597,n01855032_2440_n01855032.JPEG,98,20260813
27599,n09428293_18678_n09428293.JPEG,978,20260813
27625,n04041544_22267_n04041544.JPEG,754,20260813
27626,n03594734_34055_n03594734.JPEG,608,20260813
27629,n02111500_1094_n02111500.JPEG,257,20260813
27630,n02799071_7208_n02799071.JPEG,429,20260813
27641,n04456115_5510_n04456115.JPEG,862,20260813
27656,n03196217_11657_n03196217.JPEG,530,20260813
27679,n04336792_1130_n04336792.JPEG,830,20260813
27712,n02480855_1255_n02480855.JPEG,366,20260813
27728,n04179913_13295_n04179913.JPEG,786,20260813
27763,n02536864_16506_n02536864.JPEG,391,20260813
27799,n02804610_45720_n02804610.JPEG,432,20260813
27822,n03355925_3822_n03355925.JPEG,557,20260813
27829,n04579145_1924_n04579145.JPEG,901,20260813
27834,n02090721_4885_n02090721.JPEG,170,20260813
27836,n02843684_1814_n02843684.JPEG,448,20260813
27855,n03908618_15223_n03908618.JPEG,709,20260813
27858,n02091244_4618_n02091244.JPEG,173,20260813
27859,n04509417_2470_n04509417.JPEG,880,20260813
27860,n03095699_22668_n03095699.JPEG,510,20260813
27866,n01630670_392_n01630670.JPEG,26,20260813
27867,n03781244_19772_n03781244.JPEG,663,20260813
27877,n02930766_33626_n02930766.JPEG,468,20260813
27885,n03868863_5814_n03868863.JPEG,691,20260813
27898,n03661043_7217_n03661043.JPEG,624,20260813
27899,n03803284_9835_n03803284.JPEG,676,20260813
27924,n01818515_8028_n01818515.JPEG,88,20260813
27929,n03637318_16522_n03637318.JPEG,619,20260813
27931,n03709823_23438_n03709823.JPEG,636,20260813
27934,n04487081_13914_n04487081.JPEG,874,20260813
27943,n02123159_7239_n02123159.JPEG,282,20260813
27945,n04154565_2835_n04154565.JPEG,784,20260813
27988,n04456115_10665_n04456115.JPEG,862,20260813
28014,n01695060_30261_n01695060.JPEG,48,20260813
28026,n04371774_12878_n04371774.JPEG,843,20260813
28040,n03447447_11126_n03447447.JPEG,576,20260813
28072,n02486410_6922_n02486410.JPEG,372,20260813
28084,n02092339_5097_n02092339.JPEG,178,20260813
28106,n04458633_2328_n04458633.JPEG,863,20260813
28143,n03127747_15075_n03127747.JPEG,518,20260813
28152,n04235860_7671_n04235860.JPEG,797,20260813
28154,n07880968_767_n07880968.JPEG,965,20260813
28216,n04487394_16977_n04487394.JPEG,875,20260813
28221,n02510455_98499_n02510455.JPEG,388,20260813
28259,n02174001_10859_n02174001.JPEG,306,20260813
28302,n03662601_13696_n03662601.JPEG,625,20260813
28311,n04023962_13534_n04023962.JPEG,747,20260813
28315,n04399382_22712_n04399382.JPEG,850,20260813
28341,n13044778_4403_n13044778.JPEG,995,20260813
28351,n01828970_2393_n01828970.JPEG,92,20260813
28404,n09835506_31225_n09835506.JPEG,981,20260813
28429,n02113023_6030_n02113023.JPEG,263,20260813
28465,n04347754_64277_n04347754.JPEG,833,20260813
28475,n02056570_20838_n02056570.JPEG,145,20260813
28488,n02093754_4039_n02093754.JPEG,182,20260813
28493,n03916031_17898_n03916031.JPEG,711,20260813
28498,n01667114_3188_n01667114.JPEG,35,20260813
28500,n02074367_5632_n02074367.JPEG,149,20260813
28502,n02130308_2372_n02130308.JPEG,293,20260813
28507,n02112137_4928_n02112137.JPEG,260,20260813
28530,n02490219_1569_n02490219.JPEG,377,20260813
28545,n02119022_4291_n02119022.JPEG,277,20260813
28549,n02488702_958_n02488702.JPEG,375,20260813
28587,n02791124_7653_n02791124.JPEG,423,20260813
28592,n01601694_11888_n01601694.JPEG,20,20260813
28597,n04485082_21361_n04485082.JPEG,872,20260813
28607,n04310018_810_n04310018.JPEG,820,20260813
28613,n02500267_1093_n02500267.JPEG,384,20260813
28618,n03891251_1884_n03891251.JPEG,703,20260813
28628,n03777754_6460_n03777754.JPEG,662,20260813
28632,n03000134_2693_n03000134.JPEG,489,20260813
28639,n02804414_9173_n02804414.JPEG,431,20260813
28642,n04536866_35550_n04536866.JPEG,889,20260813
28662,n02102318_11228_n02102318.JPEG,219,20260813
28708,n03393912_3306_n03393912.JPEG,565,20260813
28710,n02097209_2507_n02097209.JPEG,198,20260813
28717,n03527444_8498_n03527444.JPEG,597,20260813
28750,n02992211_27179_n02992211.JPEG,486,20260813
28758,n02965783_75_n02965783.JPEG,475,20260813
28789,n03459775_8816_n03459775.JPEG,581,20260813
28801,n03630383_11815_n03630383.JPEG,617,20260813
28814,n02963159_1820_n02963159.JPEG,474,20260813
28815,n07831146_209_n07831146.JPEG,959,20260813
28829,n02091032_1950_n02091032.JPEG,171,20260813
28841,n02107142_33655_n02107142.JPEG,236,20260813
28853,n03950228_20391_n03950228.JPEG,725,20260813
28854,n02051845_14772_n02051845.JPEG,144,20260813
28862,n06874185_26729_n06874185.JPEG,920,20260813
28869,n03891251_804_n03891251.JPEG,703,20260813
28876,n01843383_1534_n01843383.JPEG,96,20260813
28907,n03478589_3134_n03478589.JPEG,586,20260813
28913,n02930766_47154_n02930766.JPEG,468,20260813
28918,n03544143_5410_n03544143.JPEG,604,20260813
28919,n01728572_4164_n01728572.JPEG,52,20260813
28921,n04392985_4678_n04392985.JPEG,848,20260813
28924,n04465501_1155_n04465501.JPEG,866,20260813
28937,n01817953_31318_n01817953.JPEG,87,20260813
28956,n01665541_16152_n01665541.JPEG,34,20260813
28961,n02823750_10905_n02823750.JPEG,441,20260813
28981,n02099712_6671_n02099712.JPEG,208,20260813
29006,n03207743_7833_n03207743.JPEG,533,20260813
29009,n07760859_7310_n07760859.JPEG,956,20260813
29013,n02790996_10007_n02790996.JPEG,422,20260813
29028,n04542943_2333_n04542943.JPEG,891,20260813
29086,n03017168_19492_n03017168.JPEG,494,20260813
29092,n01608432_27432_n01608432.JPEG,21,20260813
29093,n04008634_48772_n04008634.JPEG,744,20260813
29108,n03272562_8971_n03272562.JPEG,547,20260813
29119,n04254680_9361_n04254680.JPEG,805,20260813
29122,n01818515_3391_n01818515.JPEG,88,20260813
29127,n02123045_1361_n02123045.JPEG,281,20260813
29161,n04429376_24615_n04429376.JPEG,857,20260813
29202,n03944341_24794_n03944341.JPEG,723,20260813
29209,n04069434_20851_n04069434.JPEG,759,20260813
29233,n02017213_5750_n02017213.JPEG,136,20260813
29244,n02966687_6720_n02966687.JPEG,477,20260813
29245,n02012849_12546_n02012849.JPEG,134,20260813
29254,n04579145_591_n04579145.JPEG,901,20260813
29315,n01773157_2331_n01773157.JPEG,72,20260813
29343,n03788365_7518_n03788365.JPEG,669,20260813
29348,n01537544_23215_n01537544.JPEG,14,20260813
29353,n02108089_2997_n02108089.JPEG,242,20260813
29359,n03891332_1840_n03891332.JPEG,704,20260813
29380,n03676483_7507_n03676483.JPEG,629,20260813
29410,n02101556_13519_n02101556.JPEG,216,20260813
29419,n01914609_622_n01914609.JPEG,108,20260813
29427,n02107683_5848_n02107683.JPEG,239,20260813
29489,n04404412_1229_n04404412.JPEG,851,20260813
29498,n03297495_4763_n03297495.JPEG,550,20260813
29504,n03877472_14144_n03877472.JPEG,697,20260813
29513,n04579145_382_n04579145.JPEG,901,20260813
29519,n02119789_14844_n02119789.JPEG,278,20260813
29522,n07615774_3840_n07615774.JPEG,929,20260813
29561,n02018795_6941_n02018795.JPEG,138,20260813
29580,n01860187_101_n01860187.JPEG,100,20260813
29594,n02098286_4831_n02098286.JPEG,203,20260813
29622,n02279972_21618_n02279972.JPEG,323,20260813
29643,n03721384_5525_n03721384.JPEG,642,20260813
29653,n04336792_7594_n04336792.JPEG,830,20260813
29664,n03201208_6238_n03201208.JPEG,532,20260813
29670,n02107142_34252_n02107142.JPEG,236,20260813
29694,n02091831_5470_n02091831.JPEG,176,20260813
29706,n09246464_3508_n09246464.JPEG,972,20260813
29713,n03207941_4959_n03207941.JPEG,534,20260813
29744,n02124075_11759_n02124075.JPEG,285,20260813
29772,n01807496_31017_n01807496.JPEG,86,20260813
29774,n03891332_1591_n03891332.JPEG,704,20260813
29790,n07717410_7465_n07717410.JPEG,941,20260813
29827,n02018795_6535_n02018795.JPEG,138,20260813
29866,n02500267_13853_n02500267.JPEG,384,20260813
29868,n04330267_19476_n04330267.JPEG,827,20260813
29876,n04505470_9469_n04505470.JPEG,878,20260813
29878,n02105251_304_n02105251.JPEG,226,20260813
29883,n01819313_18621_n01819313.JPEG,89,20260813
29888,n02132136_24487_n02132136.JPEG,294,20260813
29893,n02114855_11658_n02114855.JPEG,272,20260813
29901,n13044778_528_n13044778.JPEG,995,20260813
29907,n01985128_22158_n01985128.JPEG,124,20260813
29947,n02127052_5377_n02127052.JPEG,287,20260813
29948,n04264628_16432_n04264628.JPEG,810,20260813
29972,n02443114_37055_n02443114.JPEG,358,20260813
29987,n03950228_34080_n03950228.JPEG,725,20260813
29996,n01871265_2307_n01871265.JPEG,101,20260813
30044,n09421951_27049_n09421951.JPEG,977,20260813
30046,n03854065_62759_n03854065.JPEG,687,20260813
30077,n02129165_2358_n02129165.JPEG,291,20260813
30091,n01558993_14684_n01558993.JPEG,15,20260813
30094,n02264363_4839_n02264363.JPEG,318,20260813
30122,n03804744_15347_n03804744.JPEG,677,20260813
30132,n02669723_14876_n02669723.JPEG,400,20260813
30135,n03676483_14485_n03676483.JPEG,629,20260813
30137,n03417042_7653_n03417042.JPEG,569,20260813
30179,n02115913_5778_n02115913.JPEG,274,20260813
30185,n02104029_6562_n02104029.JPEG,222,20260813
30193,n02814533_95669_n02814533.JPEG,436,20260813
30231,n04039381_35176_n04039381.JPEG,752,20260813
30267,n03717622_5336_n03717622.JPEG,640,20260813
30274,n03857828_26183_n03857828.JPEG,688,20260813
30281,n04584207_12459_n04584207.JPEG,903,20260813
30297,n07717556_11596_n07717556.JPEG,942,20260813
30306,n03786901_2518_n03786901.JPEG,666,20260813
30333,n04039381_11647_n04039381.JPEG,752,20260813
30343,n07745940_10686_n07745940.JPEG,949,20260813
30351,n07745940_14925_n07745940.JPEG,949,20260813
30361,n02879718_7857_n02879718.JPEG,456,20260813
30371,n03590841_6126_n03590841.JPEG,607,20260813
30396,n03982430_21656_n03982430.JPEG,736,20260813
30406,n01491361_13294_n01491361.JPEG,3,20260813
30427,n02965783_1839_n02965783.JPEG,475,20260813
30436,n02105855_7725_n02105855.JPEG,230,20260813
30493,n01494475_18211_n01494475.JPEG,4,20260813
30506,n07714990_646_n07714990.JPEG,937,20260813
30511,n02317335_17442_n02317335.JPEG,327,20260813
30534,n02133161_6815_n02133161.JPEG,295,20260813
30549,n03124043_569_n03124043.JPEG,514,20260813
30563,n04443257_1411_n04443257.JPEG,860,20260813
30572,n02138441_869_n02138441.JPEG,299,20260813
30575,n02841315_19478_n02841315.JPEG,447,20260813
30577,n02859443_44158_n02859443.JPEG,449,20260813
30581,n01855672_9477_n01855672.JPEG,99,20260813
30589,n02977058_5565_n02977058.JPEG,480,20260813
30594,n04005630_31484_n04005630.JPEG,743,20260813
30625,n02364673_3748_n02364673.JPEG,338,20260813
30635,n02091831_11547_n02091831.JPEG,176,20260813
30656,n02963159_1287_n02963159.JPEG,474,20260813
30679,n03854065_14371_n03854065.JPEG,687,20260813
30683,n03444034_7896_n03444034.JPEG,573,20260813
30684,n02112018_9191_n02112018.JPEG,259,20260813
30721,n02837789_18216_n02837789.JPEG,445,20260813
30784,n07749582_13848_n07749582.JPEG,951,20260813
30805,n01728920_19668_n01728920.JPEG,53,20260813
30814,n07754684_15960_n07754684.JPEG,955,20260813
30858,n03929855_3057_n03929855.JPEG,715,20260813
30868,n02403003_26504_n02403003.JPEG,345,20260813
30871,n02481823_3598_n02481823.JPEG,367,20260813
30875,n02879718_20900_n02879718.JPEG,456,20260813
30894,n02445715_19892_n02445715.JPEG,361,20260813
30900,n03444034_28604_n03444034.JPEG,573,20260813
30955,n03345487_2905_n03345487.JPEG,555,20260813
30979,n02835271_20149_n02835271.JPEG,444,20260813
31004,n02002556_1049_n02002556.JPEG,127,20260813
31030,n09256479_12969_n09256479.JPEG,973,20260813
31036,n02342885_7428_n02342885.JPEG,333,20260813
31042,n03598930_1894_n03598930.JPEG,611,20260813
31073,n04243546_19700_n04243546.JPEG,800,20260813
31083,n04612504_28474_n04612504.JPEG,914,20260813
31110,n03908618_4605_n03908618.JPEG,709,20260813
31115,n02100735_145_n02100735.JPEG,212,20260813
31134,n04562935_15384_n04562935.JPEG,900,20260813
31178,n04596742_535_n04596742.JPEG,909,20260813
31185,n03133878_3295_n03133878.JPEG,521,20260813
31186,n03785016_8059_n03785016.JPEG,665,20260813
31199,n01751748_9022_n01751748.JPEG,65,20260813
31228,n02814533_4768_n02814533.JPEG,436,20260813
31240,n02134084_9535_n02134084.JPEG,296,20260813
31247,n02948072_44637_n02948072.JPEG,470,20260813
31266,n04423845_26238_n04423845.JPEG,855,20260813
31312,n02088238_7762_n02088238.JPEG,161,20260813
31326,n02128757_995_n02128757.JPEG,289,20260813
31334,n02692877_16259_n02692877.JPEG,405,20260813
31349,n01592084_7173_n01592084.JPEG,19,20260813
31352,n03063689_18201_n03063689.JPEG,505,20260813
31375,n02802426_9605_n02802426.JPEG,430,20260813
31386,n02437312_46_n02437312.JPEG,354,20260813
31395,n02669723_9073_n02669723.JPEG,400,20260813
31403,n01675722_6041_n01675722.JPEG,38,20260813
31404,n02110063_13541_n02110063.JPEG,249,20260813
31419,n02097298_2468_n02097298.JPEG,199,20260813
31435,n03895866_29836_n03895866.JPEG,705,20260813
31437,n02114548_9642_n02114548.JPEG,270,20260813
31438,n04476259_19227_n04476259.JPEG,868,20260813
31447,n07742313_13990_n07742313.JPEG,948,20260813
31498,n02669723_224_n02669723.JPEG,400,20260813
31529,n03075370_17888_n03075370.JPEG,507,20260813
31545,n02101006_6790_n02101006.JPEG,214,20260813
31554,n04026417_113771_n04026417.JPEG,748,20260813
31560,n03733281_24286_n03733281.JPEG,646,20260813
31562,n02058221_6816_n02058221.JPEG,146,20260813
31666,n01742172_15447_n01742172.JPEG,61,20260813
31683,n02102040_4650_n02102040.JPEG,217,20260813
31687,n03961711_4371_n03961711.JPEG,729,20260813
31700,n01945685_3731_n01945685.JPEG,114,20260813
31748,n01496331_1106_n01496331.JPEG,5,20260813
31773,n04277352_5236_n04277352.JPEG,816,20260813
31784,n04465501_5868_n04465501.JPEG,866,20260813
31791,n04208210_56810_n04208210.JPEG,792,20260813
31801,n03271574_3898_n03271574.JPEG,545,20260813
31814,n01689811_1187_n01689811.JPEG,44,20260813
31828,n04147183_45333_n04147183.JPEG,780,20260813
31846,n02100877_27679_n02100877.JPEG,213,20260813
31851,n07734744_7016_n07734744.JPEG,947,20260813
31858,n02526121_34382_n02526121.JPEG,390,20260813
31909,n02319095_8913_n02319095.JPEG,328,20260813
31950,n07753592_3046_n07753592.JPEG,954,20260813
31983,n03028079_13311_n03028079.JPEG,497,20260813
32021,n03000134_2813_n03000134.JPEG,489,20260813
32049,n04049303_9832_n04049303.JPEG,756,20260813
32061,n01644373_8740_n01644373.JPEG,31,20260813
32089,n03977966_36297_n03977966.JPEG,734,20260813
32115,n02033041_11370_n02033041.JPEG,142,20260813
32133,n03447721_4093_n03447721.JPEG,577,20260813
32144,n04228054_9758_n04228054.JPEG,795,20260813
32145,n04540053_17492_n04540053.JPEG,890,20260813
32179,n03457902_99916_n03457902.JPEG,580,20260813
32212,n02815834_5098_n02815834.JPEG,438,20260813
32220,n01774384_6687_n01774384.JPEG,75,20260813
32247,n02107142_53072_n02107142.JPEG,236,20260813
32286,n02087046_4953_n02087046.JPEG,158,20260813
32307,n04328186_45797_n04328186.JPEG,826,20260813
32322,n01798484_4807_n01798484.JPEG,83,20260813
32323,n02002724_1378_n02002724.JPEG,128,20260813
32343,n02007558_7614_n02007558.JPEG,130,20260813
32355,n04264628_5909_n04264628.JPEG,810,20260813
32356,n02027492_10248_n02027492.JPEG,140,20260813
32400,n13037406_1053_n13037406.JPEG,993,20260813
32421,n03769881_5691_n03769881.JPEG,654,20260813
32439,n02977058_24650_n02977058.JPEG,480,20260813
32450,n04346328_20623_n04346328.JPEG,832,20260813
32455,n02999410_33351_n02999410.JPEG,488,20260813
32463,n04418357_37014_n04418357.JPEG,854,20260813
32489,n03902125_16934_n03902125.JPEG,707,20260813
32505,n02981792_11881_n02981792.JPEG,484,20260813
32514,n02007558_13024_n02007558.JPEG,130,20260813
32528,n03127925_22700_n03127925.JPEG,519,20260813
32533,n01734418_12038_n01734418.JPEG,56,20260813
32537,n02089973_2165_n02089973.JPEG,167,20260813
32558,n02782093_3472_n02782093.JPEG,417,20260813
32594,n04355338_25262_n04355338.JPEG,835,20260813
32622,n03775546_2191_n03775546.JPEG,659,20260813
32625,n03770679_5004_n03770679.JPEG,656,20260813
32670,n07613480_2549_n07613480.JPEG,927,20260813
32704,n07613480_16130_n07613480.JPEG,927,20260813
32747,n01871265_3927_n01871265.JPEG,101,20260813
32748,n03220513_2429_n03220513.JPEG,538,20260813
32768,n03109150_15333_n03109150.JPEG,512,20260813
32772,n04398044_761_n04398044.JPEG,849,20260813
32779,n02102973_5125_n02102973.JPEG,221,20260813
32781,n03141823_4549_n03141823.JPEG,523,20260813
32782,n04229816_14722_n04229816.JPEG,796,20260813
32834,n03924679_13147_n03924679.JPEG,713,20260813
32847,n01616318_5034_n01616318.JPEG,23,20260813
32854,n01737021_2894_n01737021.JPEG,58,20260813
32859,n03814639_6102_n03814639.JPEG,678,20260813
32903,n04019541_27908_n04019541.JPEG,746,20260813
32926,n03995372_2852_n03995372.JPEG,740,20260813
32931,n04423845_26526_n04423845.JPEG,855,20260813
32988,n02268443_37692_n02268443.JPEG,319,20260813
32995,n02096177_504_n02096177.JPEG,192,20260813
33022,n01843065_7364_n01843065.JPEG,95,20260813
33039,n09246464_38600_n09246464.JPEG,972,20260813
33052,n02088466_10335_n02088466.JPEG,163,20260813
33059,n07760859_7770_n07760859.JPEG,956,20260813
33100,n07717410_10482_n07717410.JPEG,941,20260813
33102,n03888257_12323_n03888257.JPEG,701,20260813
33106,n02101006_2859_n02101006.JPEG,214,20260813
33123,n03876231_7503_n03876231.JPEG,696,20260813
33129,n04553703_17359_n04553703.JPEG,896,20260813
33132,n02097658_5315_n02097658.JPEG,201,20260813
33190,n07565083_1356_n07565083.JPEG,922,20260813
33267,n02979186_25396_n02979186.JPEG,482,20260813
33278,n02951358_5385_n02951358.JPEG,472,20260813
33295,n01770081_13108_n01770081.JPEG,70,20260813
33309,n02951585_13457_n02951585.JPEG,473,20260813
33314,n02097130_992_n02097130.JPEG,197,20260813
33339,n04553703_12010_n04553703.JPEG,896,20260813
33347,n03633091_15065_n03633091.JPEG,618,20260813
33384,n02128385_9309_n02128385.JPEG,288,20260813
33395,n03854065_38748_n03854065.JPEG,687,20260813
33485,n02966687_2126_n02966687.JPEG,477,20260813
33504,n04346328_2660_n04346328.JPEG,832,20260813
33533,n03976657_22227_n03976657.JPEG,733,20260813
33541,n02268443_29172_n02268443.JPEG,319,20260813
33548,n02169497_3639_n02169497.JPEG,304,20260813
33559,n02917067_12077_n02917067.JPEG,466,20260813
33560,n01978287_3919_n01978287.JPEG,118,20260813
33562,n06596364_448_n06596364.JPEG,917,20260813
33563,n02085936_14456_n02085936.JPEG,153,20260813
33574,n01692333_3414_n01692333.JPEG,45,20260813
33588,n02992211_6611_n02992211.JPEG,486,20260813
33598,n09256479_4794_n09256479.JPEG,973,20260813
33600,n04552348_2970_n04552348.JPEG,895,20260813
33604,n02028035_13474_n02028035.JPEG,141,20260813
33614,n09835506_628_n09835506.JPEG,981,20260813
33634,n03891251_2098_n03891251.JPEG,703,20260813
33638,n03535780_28996_n03535780.JPEG,602,20260813
33658,n09399592_97124_n09399592.JPEG,976,20260813
33665,n04152593_870_n04152593.JPEG,782,20260813
33676,n02099849_3271_n02099849.JPEG,209,20260813
33690,n03673027_35628_n03673027.JPEG,628,20260813
33697,n03482405_1746_n03482405.JPEG,588,20260813
33698,n01855672_9089_n01855672.JPEG,99,20260813
33720,n03207941_5790_n03207941.JPEG,534,20260813
33730,n03792782_5959_n03792782.JPEG,671,20260813
33741,n01776313_4378_n01776313.JPEG,78,20260813
33745,n04275548_7520_n04275548.JPEG,815,20260813
33746,n02892767_3008_n02892767.JPEG,459,20260813
33749,n03388043_6661_n03388043.JPEG,562,20260813
33769,n03947888_7917_n03947888.JPEG,724,20260813
33823,n03788195_11982_n03788195.JPEG,668,20260813
33832,n07749582_22806_n07749582.JPEG,951,20260813
33844,n02110063_12326_n02110063.JPEG,249,20260813
33869,n02256656_10225_n02256656.JPEG,316,20260813
33920,n02117135_426_n02117135.JPEG,276,20260813
33945,n03291819_17371_n03291819.JPEG,549,20260813
33976,n01698640_6472_n01698640.JPEG,50,20260813
33992,n02843684_3059_n02843684.JPEG,448,20260813
34013,n04008634_12613_n04008634.JPEG,744,20260813
34035,n03595614_28737_n03595614.JPEG,610,20260813
34037,n01784675_8770_n01784675.JPEG,79,20260813
34045,n02091244_6439_n02091244.JPEG,173,20260813
34055,n01443537_24209_n01443537.JPEG,1,20260813
34058,n07697537_15924_n07697537.JPEG,934,20260813
34061,n01796340_5953_n01796340.JPEG,81,20260813
34075,n02906734_20425_n02906734.JPEG,462,20260813
34091,n04325704_5352_n04325704.JPEG,824,20260813
34117,n03485407_590_n03485407.JPEG,590,20260813
34121,n03825788_474_n03825788.JPEG,680,20260813
34154,n03995372_19056_n03995372.JPEG,740,20260813
34181,n02105505_5901_n02105505.JPEG,228,20260813
34183,n03908618_8130_n03908618.JPEG,709,20260813
34189,n01688243_2604_n01688243.JPEG,43,20260813
34206,n02018795_12850_n02018795.JPEG,138,20260813
34242,n03976657_22998_n03976657.JPEG,733,20260813
34244,n03494278_29118_n03494278.JPEG,593,20260813
34266,n03481172_27663_n03481172.JPEG,587,20260813
34287,n02669723_12340_n02669723.JPEG,400,20260813
34327,n01734418_14367_n01734418.JPEG,56,20260813
34331,n03530642_2537_n03530642.JPEG,599,20260813
34357,n02097474_17903_n02097474.JPEG,200,20260813
34434,n03942813_6886_n03942813.JPEG,722,20260813
34445,n02256656_8204_n02256656.JPEG,316,20260813
34462,n12998815_3833_n12998815.JPEG,992,20260813
34466,n02206856_499_n02206856.JPEG,309,20260813
34497,n03100240_17307_n03100240.JPEG,511,20260813
34552,n04476259_2806_n04476259.JPEG,868,20260813
34572,n04557648_7349_n04557648.JPEG,898,20260813
34582,n04154565_10144_n04154565.JPEG,784,20260813
34604,n04116512_1371_n04116512.JPEG,767,20260813
34610,n01990800_467_n01990800.JPEG,126,20260813
34631,n02835271_8308_n02835271.JPEG,444,20260813
34651,n03888257_31169_n03888257.JPEG,701,20260813
34682,n04263257_4985_n04263257.JPEG,809,20260813
34685,n03478589_13635_n03478589.JPEG,586,20260813
34690,n01986214_4355_n01986214.JPEG,125,20260813
34696,n03662601_1971_n03662601.JPEG,625,20260813
34702,n02326432_7305_n02326432.JPEG,331,20260813
34709,n04596742_7229_n04596742.JPEG,909,20260813
34758,n02097209_6699_n02097209.JPEG,198,20260813
34778,n02226429_13886_n02226429.JPEG,311,20260813
34837,n04435653_321_n04435653.JPEG,858,20260813
34842,n03124170_1408_n03124170.JPEG,515,20260813
34846,n02133161_4723_n02133161.JPEG,295,20260813
34873,n01751748_894_n01751748.JPEG,65,20260813
34875,n04264628_11122_n04264628.JPEG,810,20260813
34910,n03495258_16419_n03495258.JPEG,594,20260813
34949,n03903868_19946_n03903868.JPEG,708,20260813
34973,n02988304_6639_n02988304.JPEG,485,20260813
34979,n02486261_3147_n02486261.JPEG,371,20260813
34993,n07584110_3096_n07584110.JPEG,925,20260813
35009,n07695742_5528_n07695742.JPEG,932,20260813
35011,n02782093_7107_n02782093.JPEG,417,20260813
35019,n07614500_56098_n07614500.JPEG,928,20260813
35024,n02510455_1693_n02510455.JPEG,388,20260813
35040,n01728572_17211_n01728572.JPEG,52,20260813
35044,n03838899_34130_n03838899.JPEG,683,20260813
35049,n03670208_13553_n03670208.JPEG,627,20260813
35051,n07697537_13676_n07697537.JPEG,934,20260813
35064,n01950731_13171_n01950731.JPEG,115,20260813
35070,n01873310_28898_n01873310.JPEG,103,20260813
35076,n03032252_12513_n03032252.JPEG,498,20260813
35085,n03868242_584_n03868242.JPEG,690,20260813
35088,n03792972_4806_n03792972.JPEG,672,20260813
35093,n03249569_18230_n03249569.JPEG,541,20260813
35123,n03623198_11256_n03623198.JPEG,615,20260813
35138,n03127747_8571_n03127747.JPEG,518,20260813
35159,n02099267_3428_n02099267.JPEG,205,20260813
35163,n02843684_110_n02843684.JPEG,448,20260813
35167,n03804744_28770_n03804744.JPEG,677,20260813
35182,n03832673_5905_n03832673.JPEG,681,20260813
35234,n02099712_6006_n02099712.JPEG,208,20260813
35248,n04311004_3577_n04311004.JPEG,821,20260813
35294,n03045698_7698_n03045698.JPEG,501,20260813
35302,n12057211_5912_n12057211.JPEG,986,20260813
35309,n02028035_12474_n02028035.JPEG,141,20260813
35334,n02356798_6321_n02356798.JPEG,335,20260813
35382,n03873416_21306_n03873416.JPEG,693,20260813
35421,n02094258_628_n02094258.JPEG,186,20260813
35427,n01632777_14719_n01632777.JPEG,29,20260813
35428,n02066245_27965_n02066245.JPEG,147,20260813
35436,n04462240_7309_n04462240.JPEG,865,20260813
35448,n01985128_8950_n01985128.JPEG,124,20260813
35460,n01608432_33643_n01608432.JPEG,21,20260813
35468,n02106166_11102_n02106166.JPEG,232,20260813
35471,n11879895_7477_n11879895.JPEG,984,20260813
35472,n03530642_642_n03530642.JPEG,599,20260813
35505,n04536866_9563_n04536866.JPEG,889,20260813
35509,n07711569_1620_n07711569.JPEG,935,20260813
35525,n03146219_72_n03146219.JPEG,524,20260813
35535,n02277742_11367_n02277742.JPEG,322,20260813
35537,n04090263_446_n04090263.JPEG,764,20260813
35548,n02114367_16485_n02114367.JPEG,269,20260813
35574,n02445715_5475_n02445715.JPEG,361,20260813
35580,n02823428_11523_n02823428.JPEG,440,20260813
35594,n07892512_12016_n07892512.JPEG,966,20260813
35617,n02113799_6239_n02113799.JPEG,267,20260813
35625,n01630670_8516_n01630670.JPEG,26,20260813
35641,n03970156_12375_n03970156.JPEG,731,20260813
35642,n02264363_17037_n02264363.JPEG,318,20260813
35650,n06785654_5355_n06785654.JPEG,918,20260813
35652,n04487394_1367_n04487394.JPEG,875,20260813
35677,n03134739_5142_n03134739.JPEG,522,20260813
35683,n01910747_15874_n01910747.JPEG,107,20260813
35755,n03400231_22578_n03400231.JPEG,567,20260813
35773,n01632777_2818_n01632777.JPEG,29,20260813
35789,n02098286_1277_n02098286.JPEG,203,20260813
35815,n02106382_7185_n02106382.JPEG,233,20260813
35840,n02091831_14025_n02091831.JPEG,176,20260813
35855,n04311174_939_n04311174.JPEG,822,20260813
35860,n03791053_18588_n03791053.JPEG,670,20260813
35874,n07831146_3870_n07831146.JPEG,959,20260813
35925,n02276258_1965_n02276258.JPEG,321,20260813
35945,n02422699_6025_n02422699.JPEG,352,20260813
35956,n03085013_19161_n03085013.JPEG,508,20260813
35995,n04435653_8634_n04435653.JPEG,858,20260813
35999,n04599235_60928_n04599235.JPEG,911,20260813
36010,n03976657_38967_n03976657.JPEG,733,20260813
36033,n03720891_679_n03720891.JPEG,641,20260813
36034,n03916031_19360_n03916031.JPEG,711,20260813
36058,n03680355_10040_n03680355.JPEG,630,20260813
36061,n02974003_1827_n02974003.JPEG,479,20260813
36063,n07747607_7428_n07747607.JPEG,950,20260813
36064,n03630383_1562_n03630383.JPEG,617,20260813
36074,n02454379_6732_n02454379.JPEG,363,20260813
36075,n04311004_2819_n04311004.JPEG,821,20260813
36083,n02108551_13125_n02108551.JPEG,244,20260813
36085,n03452741_22934_n03452741.JPEG,579,20260813
36125,n03733805_9852_n03733805.JPEG,647,20260813
36128,n04522168_20534_n04522168.JPEG,883,20260813
36135,n07714990_9820_n07714990.JPEG,937,20260813
36149,n03535780_31994_n03535780.JPEG,602,20260813
36161,n01632458_5299_n01632458.JPEG,28,20260813
36191,n12998815_13502_n12998815.JPEG,992,20260813
36237,n04458633_335_n04458633.JPEG,863,20260813
36263,n03478589_13261_n03478589.JPEG,586,20260813
36272,n03272562_7260_n03272562.JPEG,547,20260813
36276,n03967562_45019_n03967562.JPEG,730,20260813
36278,n04418357_19690_n04418357.JPEG,854,20260813
36280,n03950228_24855_n03950228.JPEG,725,20260813
36283,n02105855_2297_n02105855.JPEG,230,20260813
36300,n03692522_8003_n03692522.JPEG,633,20260813
36311,n03065424_32010_n03065424.JPEG,506,20260813
36341,n03792972_4678_n03792972.JPEG,672,20260813
36353,n12057211_3306_n12057211.JPEG,986,20260813
36366,n03250847_655_n03250847.JPEG,542,20260813
36407,n09421951_10413_n09421951.JPEG,977,20260813
36410,n09428293_11969_n09428293.JPEG,978,20260813
36411,n02281406_2935_n02281406.JPEG,325,20260813
36414,n01824575_7071_n01824575.JPEG,91,20260813
36422,n04409515_1366_n04409515.JPEG,852,20260813
36426,n02965783_2342_n02965783.JPEG,475,20260813
36430,n03916031_6526_n03916031.JPEG,711,20260813
36442,n02910353_22448_n02910353.JPEG,464,20260813
36452,n03937543_5883_n03937543.JPEG,720,20260813
36469,n03095699_28257_n03095699.JPEG,510,20260813
36478,n01753488_10182_n01753488.JPEG,66,20260813
36496,n03983396_1020_n03983396.JPEG,737,20260813
36498,n03483316_234_n03483316.JPEG,589,20260813
36522,n02167151_834_n02167151.JPEG,302,20260813
36538,n01729322_11381_n01729322.JPEG,54,20260813
36595,n02840245_4163_n02840245.JPEG,446,20260813
36606,n04200800_12868_n04200800.JPEG,788,20260813
36613,n06359193_15029_n06359193.JPEG,916,20260813
36629,n07932039_9103_n07932039.JPEG,969,20260813
36631,n03617480_1731_n03617480.JPEG,614,20260813
36643,n02106662_2066_n02106662.JPEG,235,20260813
36650,n04404412_7622_n04404412.JPEG,851,20260813
36656,n02281787_2410_n02281787.JPEG,326,20260813
36683,n02643566_14552_n02643566.JPEG,396,20260813
36692,n03627232_19657_n03627232.JPEG,616,20260813
36694,n07753275_14240_n07753275.JPEG,953,20260813
36708,n04355338_11491_n04355338.JPEG,835,20260813
36718,n02113624_7578_n02113624.JPEG,265,20260813
36739,n02101556_1764_n02101556.JPEG,216,20260813
36766,n02483362_11696_n02483362.JPEG,368,20260813
36790,n12985857_7120_n12985857.JPEG,991,20260813
36836,n02088238_7233_n02088238.JPEG,161,20260813
36873,n02110185_5414_n02110185.JPEG,250,20260813
36885,n03450230_48793_n03450230.JPEG,578,20260813
36888,n02107683_6998_n02107683.JPEG,239,20260813
36915,n04515003_21137_n04515003.JPEG,881,20260813
36939,n09256479_6399_n09256479.JPEG,973,20260813
36960,n02749479_1165_n02749479.JPEG,413,20260813
36997,n03877845_1425_n03877845.JPEG,698,20260813
36999,n04380533_4356_n04380533.JPEG,846,20260813
37000,n02447366_3827_n02447366.JPEG,362,20260813
37017,n02877765_3404_n02877765.JPEG,455,20260813
37018,n04330267_7766_n04330267.JPEG,827,20260813
37035,n03109150_5044_n03109150.JPEG,512,20260813
37041,n04458633_3169_n04458633.JPEG,863,20260813
37074,n03459775_20007_n03459775.JPEG,581,20260813
37114,n04350905_20349_n04350905.JPEG,834,20260813
37131,n02988304_17578_n02988304.JPEG,485,20260813
37140,n04152593_7428_n04152593.JPEG,782,20260813
37150,n04486054_3957_n04486054.JPEG,873,20260813
37163,n01817953_9157_n01817953.JPEG,87,20260813
37174,n03047690_24243_n03047690.JPEG,502,20260813
37220,n03584829_14994_n03584829.JPEG,606,20260813
37221,n07718747_4850_n07718747.JPEG,944,20260813
37235,n03782006_12202_n03782006.JPEG,664,20260813
37266,n03485407_5840_n03485407.JPEG,590,20260813
37282,n02071294_3413_n02071294.JPEG,148,20260813
37291,n02835271_15617_n02835271.JPEG,444,20260813
37294,n02971356_20254_n02971356.JPEG,478,20260813
37310,n02492660_11557_n02492660.JPEG,379,20260813
37317,n01675722_7506_n01675722.JPEG,38,20260813
37334,n07716358_14267_n07716358.JPEG,939,20260813
37343,n03095699_28675_n03095699.JPEG,510,20260813
37353,n04465501_3730_n04465501.JPEG,866,20260813
37374,n04026417_14164_n04026417.JPEG,748,20260813
37390,n02097209_3630_n02097209.JPEG,198,20260813
37392,n03630383_10446_n03630383.JPEG,617,20260813
37401,n01630670_6495_n01630670.JPEG,26,20260813
37430,n02277742_11010_n02277742.JPEG,322,20260813
37440,n02412080_27334_n02412080.JPEG,348,20260813
37447,n02777292_17931_n02777292.JPEG,416,20260813
37458,n03929855_4061_n03929855.JPEG,715,20260813
37467,n07730033_3720_n07730033.JPEG,946,20260813
37468,n03814639_3668_n03814639.JPEG,678,20260813
37472,n02097298_274_n02097298.JPEG,199,20260813
37477,n01774384_2869_n01774384.JPEG,75,20260813
37478,n07583066_3706_n07583066.JPEG,924,20260813
37482,n04525038_25518_n04525038.JPEG,885,20260813
37514,n03871628_6844_n03871628.JPEG,692,20260813
37523,n02138441_7908_n02138441.JPEG,299,20260813
37542,n03461385_101701_n03461385.JPEG,582,20260813
37561,n02229544_8595_n02229544.JPEG,312,20260813
37564,n01950731_11795_n01950731.JPEG,115,20260813
37569,n01984695_18935_n01984695.JPEG,123,20260813
37571,n03496892_36944_n03496892.JPEG,595,20260813
37585,n02790996_10259_n02790996.JPEG,422,20260813
37589,n03127925_255_n03127925.JPEG,519,20260813
37607,n07584110_7035_n07584110.JPEG,925,20260813
37639,n02797295_5009_n02797295.JPEG,428,20260813
37640,n07873807_12389_n07873807.JPEG,963,20260813
37647,n04209239_532_n04209239.JPEG,794,20260813
37658,n02092339_5656_n02092339.JPEG,178,20260813
37667,n03958227_7653_n03958227.JPEG,728,20260813
37684,n01694178_3992_n01694178.JPEG,47,20260813
37701,n02326432_23751_n02326432.JPEG,331,20260813
37706,n04111531_6425_n04111531.JPEG,766,20260813
37707,n01697457_4638_n01697457.JPEG,49,20260813
37724,n04127249_1774_n04127249.JPEG,772,20260813
37763,n03930630_1204_n03930630.JPEG,717,20260813
37768,n03891332_5313_n03891332.JPEG,704,20260813
37805,n04008634_20556_n04008634.JPEG,744,20260813
37806,n02097047_6249_n02097047.JPEG,196,20260813
37820,n01843383_2632_n01843383.JPEG,96,20260813
37842,n02317335_18983_n02317335.JPEG,327,20260813
37847,n04277352_12744_n04277352.JPEG,816,20260813
37891,n07716906_5357_n07716906.JPEG,940,20260813
37911,n03127925_10629_n03127925.JPEG,519,20260813
37913,n03180011_10403_n03180011.JPEG,527,20260813
37959,n04065272_10592_n04065272.JPEG,757,20260813
37970,n02281787_3658_n02281787.JPEG,326,20260813
37985,n03764736_12741_n03764736.JPEG,653,20260813
37994,n01582220_163_n01582220.JPEG,18,20260813
38006,n03657121_15813_n03657121.JPEG,622,20260813
38030,n04548362_28561_n04548362.JPEG,893,20260813
38043,n02786058_13685_n02786058.JPEG,419,20260813
38061,n04125021_26477_n04125021.JPEG,771,20260813
38117,n02037110_1580_n02037110.JPEG,143,20260813
38141,n02105162_2807_n02105162.JPEG,225,20260813
38153,n01728572_1170_n01728572.JPEG,52,20260813
38168,n03347037_25759_n03347037.JPEG,556,20260813
38184,n02782093_16596_n02782093.JPEG,417,20260813
38196,n01773549_8406_n01773549.JPEG,73,20260813
38201,n07715103_1177_n07715103.JPEG,938,20260813
38202,n03982430_31360_n03982430.JPEG,736,20260813
38206,n02098413_13290_n02098413.JPEG,204,20260813
38227,n01882714_4827_n01882714.JPEG,105,20260813
38248,n02870880_21180_n02870880.JPEG,453,20260813
38251,n04389033_20668_n04389033.JPEG,847,20260813
38255,n03047690_1923_n03047690.JPEG,502,20260813
38262,n02100877_21599_n02100877.JPEG,213,20260813
38282,n02123597_1658_n02123597.JPEG,284,20260813
38301,n02100236_1203_n02100236.JPEG,210,20260813
38333,n02363005_21028_n02363005.JPEG,337,20260813
38337,n02791270_10811_n02791270.JPEG,424,20260813
38354,n02877765_11264_n02877765.JPEG,455,20260813
38369,n01580077_13615_n01580077.JPEG,17,20260813
38373,n02106030_15989_n02106030.JPEG,231,20260813
38382,n03661043_5275_n03661043.JPEG,624,20260813
38384,n01443537_20075_n01443537.JPEG,1,20260813
38419,n02113186_8833_n02113186.JPEG,264,20260813
38433,n02177972_3235_n02177972.JPEG,307,20260813
38440,n02104365_5548_n02104365.JPEG,223,20260813
38441,n01755581_21265_n01755581.JPEG,67,20260813
38446,n03595614_25776_n03595614.JPEG,610,20260813
38459,n03218198_233_n03218198.JPEG,537,20260813
38462,n03924679_9984_n03924679.JPEG,713,20260813
38470,n09288635_11396_n09288635.JPEG,974,20260813
38483,n03991062_19783_n03991062.JPEG,738,20260813
38517,n02641379_20344_n02641379.JPEG,395,20260813
38518,n02687172_44715_n02687172.JPEG,403,20260813
38520,n04086273_29186_n04086273.JPEG,763,20260813
38524,n01608432_2751_n01608432.JPEG,21,20260813
38531,n03803284_7069_n03803284.JPEG,676,20260813
38537,n01751748_13214_n01751748.JPEG,65,20260813
38542,n04590129_29003_n04590129.JPEG,905,20260813
38551,n03445924_3712_n03445924.JPEG,575,20260813
38571,n01728920_3115_n01728920.JPEG,53,20260813
38577,n02408429_5039_n02408429.JPEG,346,20260813
38608,n02132136_26027_n02132136.JPEG,294,20260813
38614,n04483307_9579_n04483307.JPEG,871,20260813
38622,n03721384_7349_n03721384.JPEG,642,20260813
38644,n02980441_1931_n02980441.JPEG,483,20260813
38664,n02088364_2000_n02088364.JPEG,162,20260813
38678,n02116738_49921_n02116738.JPEG,275,20260813
38734,n02107683_3470_n02107683.JPEG,239,20260813
38766,n03884397_2487_n03884397.JPEG,699,20260813
38789,n04418357_13883_n04418357.JPEG,854,20260813
38792,n03000134_2311_n03000134.JPEG,489,20260813
38815,n02110063_3965_n02110063.JPEG,249,20260813
38862,n03787032_1931_n03787032.JPEG,667,20260813
38875,n03216828_3827_n03216828.JPEG,536,20260813
38890,n04552348_10890_n04552348.JPEG,895,20260813
38936,n04428191_11270_n04428191.JPEG,856,20260813
38954,n02108915_2172_n02108915.JPEG,245,20260813
38968,n04005630_94117_n04005630.JPEG,743,20260813
38990,n02484975_12469_n02484975.JPEG,370,20260813
39012,n04026417_52320_n04026417.JPEG,748,20260813
39013,n02128925_1368_n02128925.JPEG,290,20260813
39016,n01795545_96_n01795545.JPEG,80,20260813
39027,n01981276_10453_n01981276.JPEG,121,20260813
39034,n02229544_1820_n02229544.JPEG,312,20260813
39091,n03649909_13171_n03649909.JPEG,621,20260813
39102,n03908618_14169_n03908618.JPEG,709,20260813
39189,n01704323_16675_n01704323.JPEG,51,20260813
39197,n02113624_3553_n02113624.JPEG,265,20260813
39223,n03063599_1921_n03063599.JPEG,504,20260813
39256,n09421951_15310_n09421951.JPEG,977,20260813
39305,n02108089_17599_n02108089.JPEG,242,20260813
39320,n02980441_16005_n02980441.JPEG,483,20260813
39325,n01630670_2355_n01630670.JPEG,26,20260813
39331,n02504458_5303_n02504458.JPEG,386,20260813
39340,n04009552_14063_n04009552.JPEG,745,20260813
39341,n02009229_6563_n02009229.JPEG,131,20260813
39354,n02115641_27730_n02115641.JPEG,273,20260813
39378,n02094258_5686_n02094258.JPEG,186,20260813
39408,n02492035_6159_n02492035.JPEG,378,20260813
39447,n03792972_3263_n03792972.JPEG,672,20260813
39448,n03627232_17647_n03627232.JPEG,616,20260813
39452,n02992211_39408_n02992211.JPEG,486,20260813
39460,n03977966_76654_n03977966.JPEG,734,20260813
39510,n02965783_5650_n02965783.JPEG,475,20260813
39511,n02123159_2875_n02123159.JPEG,282,20260813
39514,n02256656_13903_n02256656.JPEG,316,20260813
39534,n07697313_12242_n07697313.JPEG,933,20260813
39554,n01828970_1962_n01828970.JPEG,92,20260813
39579,n04131690_3264_n04131690.JPEG,773,20260813
39605,n04548362_52966_n04548362.JPEG,893,20260813
39644,n02137549_5425_n02137549.JPEG,298,20260813
39653,n03028079_8306_n03028079.JPEG,497,20260813
39666,n04486054_398_n04486054.JPEG,873,20260813
39680,n02321529_4778_n02321529.JPEG,329,20260813
39693,n02892767_12208_n02892767.JPEG,459,20260813
39698,n03908714_737_n03908714.JPEG,710,20260813
39747,n03980874_7103_n03980874.JPEG,735,20260813
39780,n01833805_9534_n01833805.JPEG,94,20260813
39785,n04238763_5068_n04238763.JPEG,798,20260813
39792,n07875152_9552_n07875152.JPEG,964,20260813
39810,n02009912_1900_n02009912.JPEG,132,20260813
39824,n03014705_13135_n03014705.JPEG,492,20260813
39826,n02488702_6719_n02488702.JPEG,375,20260813
39840,n03271574_7196_n03271574.JPEG,545,20260813
39843,n02169497_2295_n02169497.JPEG,304,20260813
39849,n03721384_18768_n03721384.JPEG,642,20260813
39882,n02361337_175_n02361337.JPEG,336,20260813
39908,n03717622_4070_n03717622.JPEG,640,20260813
39939,n07920052_10016_n07920052.JPEG,967,20260813
39961,n02128925_9453_n02128925.JPEG,290,20260813
39969,n03584254_2647_n03584254.JPEG,605,20260813
39978,n01496331_4089_n01496331.JPEG,5,20260813
40004,n02007558_22858_n02007558.JPEG,130,20260813
40008,n02109961_19619_n02109961.JPEG,248,20260813
40021,n04357314_8428_n04357314.JPEG,838,20260813
40026,n01616318_17577_n01616318.JPEG,23,20260813
40029,n04505470_902_n04505470.JPEG,878,20260813
40067,n03447721_2584_n03447721.JPEG,577,20260813
40091,n04376876_9160_n04376876.JPEG,845,20260813
40108,n07768694_8709_n07768694.JPEG,957,20260813
40109,n01616318_12491_n01616318.JPEG,23,20260813
40130,n04127249_129_n04127249.JPEG,772,20260813
40135,n04560804_11785_n04560804.JPEG,899,20260813
40156,n06794110_6787_n06794110.JPEG,919,20260813
40170,n02099712_5162_n02099712.JPEG,208,20260813
40171,n03089624_15175_n03089624.JPEG,509,20260813
40176,n02233338_7179_n02233338.JPEG,314,20260813
40183,n06596364_31992_n06596364.JPEG,917,20260813
40237,n02093428_8357_n02093428.JPEG,180,20260813
40250,n03781244_123976_n03781244.JPEG,663,20260813
40263,n02091831_3834_n02091831.JPEG,176,20260813
40268,n03871628_2408_n03871628.JPEG,692,20260813
40274,n04254680_6184_n04254680.JPEG,805,20260813
40277,n02484975_14830_n02484975.JPEG,370,20260813
40284,n03109150_44177_n03109150.JPEG,512,20260813
40309,n01622779_8859_n01622779.JPEG,24,20260813
40316,n03782006_15706_n03782006.JPEG,664,20260813
40324,n02879718_12531_n02879718.JPEG,456,20260813
40354,n02504013_2974_n02504013.JPEG,385,20260813
40381,n02790996_11719_n02790996.JPEG,422,20260813
40382,n01742172_12958_n01742172.JPEG,61,20260813
40411,n02100877_3791_n02100877.JPEG,213,20260813
40423,n03773504_24029_n03773504.JPEG,657,20260813
40445,n03662601_22726_n03662601.JPEG,625,20260813
40458,n02088094_5080_n02088094.JPEG,160,20260813
40464,n02417914_10067_n02417914.JPEG,350,20260813
40492,n03457902_44211_n03457902.JPEG,580,20260813
40503,n02105251_7412_n02105251.JPEG,226,20260813
40514,n04328186_645_n04328186.JPEG,826,20260813
40534,n07583066_21080_n07583066.JPEG,924,20260813
40627,n02090379_5116_n02090379.JPEG,168,20260813
40629,n07697537_29029_n07697537.JPEG,934,20260813
40634,n04074963_2567_n04074963.JPEG,761,20260813
40636,n01770081_7099_n01770081.JPEG,70,20260813
40652,n07768694_15401_n07768694.JPEG,957,20260813
40685,n13054560_352_n13054560.JPEG,997,20260813
40690,n07715103_10073_n07715103.JPEG,938,20260813
40725,n02013706_4253_n02013706.JPEG,135,20260813
40745,n03344393_8091_n03344393.JPEG,554,20260813
40754,n07614500_30627_n07614500.JPEG,928,20260813
40770,n02088466_4754_n02088466.JPEG,163,20260813
40783,n02802426_5658_n02802426.JPEG,430,20260813
40799,n04243546_7617_n04243546.JPEG,800,20260813
40800,n04442312_1838_n04442312.JPEG,859,20260813
40819,n04579432_27707_n04579432.JPEG,902,20260813
40821,n01440764_7637_n01440764.JPEG,0,20260813
40822,n02787622_22379_n02787622.JPEG,420,20260813
40841,n04081281_38278_n04081281.JPEG,762,20260813
40853,n02089973_5237_n02089973.JPEG,167,20260813
40854,n03717622_8224_n03717622.JPEG,640,20260813
40868,n04090263_1469_n04090263.JPEG,764,20260813
40899,n03873416_2680_n03873416.JPEG,693,20260813
40904,n12768682_31439_n12768682.JPEG,990,20260813
40925,n02095314_3483_n02095314.JPEG,188,20260813
40930,n07875152_2998_n07875152.JPEG,964,20260813
40933,n04335435_19677_n04335435.JPEG,829,20260813
40943,n01824575_5128_n01824575.JPEG,91,20260813
40954,n02229544_5782_n02229544.JPEG,312,20260813
40980,n02096177_1344_n02096177.JPEG,192,20260813
40983,n02100236_3165_n02100236.JPEG,210,20260813
41011,n01755581_9044_n01755581.JPEG,67,20260813
41026,n02786058_10455_n02786058.JPEG,419,20260813
41040,n03325584_10126_n03325584.JPEG,552,20260813
41057,n03649909_11398_n03649909.JPEG,621,20260813
41079,n02988304_4427_n02988304.JPEG,485,20260813
41110,n01981276_5346_n01981276.JPEG,121,20260813
41120,n04026417_12316_n04026417.JPEG,748,20260813
41131,n02277742_34308_n02277742.JPEG,322,20260813
41140,n07716906_11862_n07716906.JPEG,940,20260813
41143,n02108000_5408_n02108000.JPEG,241,20260813
41169,n04579432_11736_n04579432.JPEG,902,20260813
41171,n02085782_6322_n02085782.JPEG,152,20260813
41176,n04209133_7947_n04209133.JPEG,793,20260813
41187,n02109961_3159_n02109961.JPEG,248,20260813
41188,n01694178_1544_n01694178.JPEG,47,20260813
41192,n03697007_5049_n03697007.JPEG,634,20260813
41196,n02090622_7106_n02090622.JPEG,169,20260813
41205,n02859443_6085_n02859443.JPEG,449,20260813
41227,n03026506_3811_n03026506.JPEG,496,20260813
41230,n03967562_18035_n03967562.JPEG,730,20260813
41242,n03710193_7840_n03710193.JPEG,637,20260813
41256,n01807496_30702_n01807496.JPEG,86,20260813
41263,n03794056_13159_n03794056.JPEG,674,20260813
41312,n02992529_38231_n02992529.JPEG,487,20260813
41315,n04462240_6255_n04462240.JPEG,865,20260813
41331,n04149813_1368_n04149813.JPEG,781,20260813
41365,n01532829_36789_n01532829.JPEG,12,20260813
41369,n03018349_10918_n03018349.JPEG,495,20260813
41378,n04523525_5859_n04523525.JPEG,884,20260813
41382,n02071294_10457_n02071294.JPEG,148,20260813
41401,n02108089_3119_n02108089.JPEG,242,20260813
41425,n02666196_12004_n02666196.JPEG,398,20260813
41433,n01729322_12329_n01729322.JPEG,54,20260813
41448,n11939491_37359_n11939491.JPEG,985,20260813
41450,n02086910_10324_n02086910.JPEG,157,20260813
41452,n03062245_4091_n03062245.JPEG,503,20260813
41464,n01729977_9307_n01729977.JPEG,55,20260813
41467,n03041632_40156_n03041632.JPEG,499,20260813
41480,n02090721_5712_n02090721.JPEG,170,20260813
41481,n03924679_10584_n03924679.JPEG,713,20260813
41484,n07873807_8123_n07873807.JPEG,963,20260813
41519,n02109961_3975_n02109961.JPEG,248,20260813
41547,n03447447_12831_n03447447.JPEG,576,20260813
41553,n06359193_6712_n06359193.JPEG,916,20260813
41562,n03649909_4389_n03649909.JPEG,621,20260813
41576,n03777754_6350_n03777754.JPEG,662,20260813
41581,n02110063_14382_n02110063.JPEG,249,20260813
41591,n02097047_4672_n02097047.JPEG,196,20260813
41620,n03733281_3214_n03733281.JPEG,646,20260813
41635,n03794056_7717_n03794056.JPEG,674,20260813
41643,n11939491_57413_n11939491.JPEG,985,20260813
41646,n02127052_22304_n02127052.JPEG,287,20260813
41716,n03916031_6625_n03916031.JPEG,711,20260813
41744,n02033041_9317_n02033041.JPEG,142,20260813
41767,n03793489_8743_n03793489.JPEG,673,20260813
41797,n03218198_3561_n03218198.JPEG,537,20260813
41808,n07583066_9363_n07583066.JPEG,924,20260813
41810,n02097474_4781_n02097474.JPEG,200,20260813
41818,n03602883_5125_n03602883.JPEG,613,20260813
41819,n04592741_6495_n04592741.JPEG,908,20260813
41821,n02219486_27357_n02219486.JPEG,310,20260813
41822,n03891332_5357_n03891332.JPEG,704,20260813
41877,n01981276_16261_n01981276.JPEG,121,20260813
41885,n02326432_846_n02326432.JPEG,331,20260813
41893,n04243546_16282_n04243546.JPEG,800,20260813
41898,n02102318_16738_n02102318.JPEG,219,20260813
41914,n03485407_4837_n03485407.JPEG,590,20260813
41915,n02112137_7517_n02112137.JPEG,260,20260813
41927,n02074367_18921_n02074367.JPEG,149,20260813
41944,n02113799_5620_n02113799.JPEG,267,20260813
41978,n04067472_6672_n04067472.JPEG,758,20260813
41990,n02093754_3628_n02093754.JPEG,182,20260813
42062,n02823428_2600_n02823428.JPEG,440,20260813
42073,n02125311_34955_n02125311.JPEG,286,20260813
42085,n03954731_15309_n03954731.JPEG,726,20260813
42114,n02437616_15145_n02437616.JPEG,355,20260813
42130,n03733805_4274_n03733805.JPEG,647,20260813
42148,n09332890_5400_n09332890.JPEG,975,20260813
42154,n03676483_5712_n03676483.JPEG,629,20260813
42187,n02328150_16106_n02328150.JPEG,332,20260813
42198,n04418357_14988_n04418357.JPEG,854,20260813
42202,n03935335_11547_n03935335.JPEG,719,20260813
42209,n09472597_54355_n09472597.JPEG,980,20260813
42230,n07880968_3563_n07880968.JPEG,965,20260813
42233,n02361337_4210_n02361337.JPEG,336,20260813
42248,n02101556_1859_n02101556.JPEG,216,20260813
42256,n07871810_7417_n07871810.JPEG,962,20260813
42277,n04296562_36084_n04296562.JPEG,819,20260813
42293,n02093859_3562_n02093859.JPEG,183,20260813
42295,n03759954_15796_n03759954.JPEG,650,20260813
42297,n03930630_8010_n03930630.JPEG,717,20260813
42330,n01629819_20953_n01629819.JPEG,25,20260813
42363,n13037406_2078_n13037406.JPEG,993,20260813
42369,n04004767_10005_n04004767.JPEG,742,20260813
42373,n04447861_4708_n04447861.JPEG,861,20260813
42380,n03837869_2855_n03837869.JPEG,682,20260813
42423,n04235860_2330_n04235860.JPEG,797,20260813
42425,n03461385_111247_n03461385.JPEG,582,20260813
42446,n03095699_9399_n03095699.JPEG,510,20260813
42462,n02177972_63_n02177972.JPEG,307,20260813
42467,n01740131_7717_n01740131.JPEG,60,20260813
42476,n01669191_4829_n01669191.JPEG,37,20260813
42500,n03197337_1810_n03197337.JPEG,531,20260813
42504,n02113023_2814_n02113023.JPEG,263,20260813
42520,n01558993_6837_n01558993.JPEG,15,20260813
42530,n02098105_3733_n02098105.JPEG,202,20260813
42538,n01632458_659_n01632458.JPEG,28,20260813
42559,n01755581_22554_n01755581.JPEG,67,20260813
42560,n09835506_9604_n09835506.JPEG,981,20260813
42595,n02130308_15518_n02130308.JPEG,293,20260813
42618,n07248320_2406_n07248320.JPEG,921,20260813
42651,n02094433_7340_n02094433.JPEG,187,20260813
42732,n02276258_8278_n02276258.JPEG,321,20260813
42736,n02091032_1922_n02091032.JPEG,171,20260813
42745,n02097209_7996_n02097209.JPEG,198,20260813
42758,n02086910_2359_n02086910.JPEG,157,20260813
42779,n02268853_274_n02268853.JPEG,320,20260813
42788,n04111531_8462_n04111531.JPEG,766,20260813
42792,n03666591_24095_n03666591.JPEG,626,20260813
42807,n04273569_13414_n04273569.JPEG,814,20260813
42820,n03595614_21086_n03595614.JPEG,610,20260813
42822,n07875152_1762_n07875152.JPEG,964,20260813
42833,n02097130_9090_n02097130.JPEG,197,20260813
42835,n02017213_6607_n02017213.JPEG,136,20260813
42845,n02364673_24788_n02364673.JPEG,338,20260813
42860,n03733281_3732_n03733281.JPEG,646,20260813
42866,n02917067_17988_n02917067.JPEG,466,20260813
42873,n02442845_33330_n02442845.JPEG,357,20260813
42890,n03196217_4834_n03196217.JPEG,530,20260813
42902,n04147183_24704_n04147183.JPEG,780,20260813
42924,n04026417_22671_n04026417.JPEG,748,20260813
42929,n07716906_9497_n07716906.JPEG,940,20260813
42964,n02667093_9144_n02667093.JPEG,399,20260813
42970,n04612504_8927_n04612504.JPEG,914,20260813
42985,n02442845_15845_n02442845.JPEG,357,20260813
42994,n04147183_19782_n04147183.JPEG,780,20260813
43016,n04049303_8786_n04049303.JPEG,756,20260813
43099,n02127052_16516_n02127052.JPEG,287,20260813
43103,n02231487_956_n02231487.JPEG,313,20260813
43118,n02483362_2136_n02483362.JPEG,368,20260813
43139,n02009912_2722_n02009912.JPEG,132,20260813
43206,n01740131_13774_n01740131.JPEG,60,20260813
43209,n03854065_2760_n03854065.JPEG,687,20260813
43228,n03218198_9403_n03218198.JPEG,537,20260813
43229,n02319095_4573_n02319095.JPEG,328,20260813
43239,n07745940_10658_n07745940.JPEG,949,20260813
43252,n03954731_33536_n03954731.JPEG,726,20260813
43265,n02110806_8374_n02110806.JPEG,253,20260813
43267,n04239074_15521_n04239074.JPEG,799,20260813
43283,n02870880_11025_n02870880.JPEG,453,20260813
43299,n02111129_1656_n02111129.JPEG,255,20260813
43325,n02105056_8190_n02105056.JPEG,224,20260813
43353,n03944341_8012_n03944341.JPEG,723,20260813
43358,n04355933_541_n04355933.JPEG,836,20260813
43364,n01818515_9039_n01818515.JPEG,88,20260813
43365,n06794110_1329_n06794110.JPEG,919,20260813
43409,n01601694_2972_n01601694.JPEG,20,20260813
43426,n02085620_6613_n02085620.JPEG,151,20260813
43457,n02108422_8857_n02108422.JPEG,243,20260813
43464,n04536866_2563_n04536866.JPEG,889,20260813
43511,n01614925_27009_n01614925.JPEG,22,20260813
43520,n02105162_2221_n02105162.JPEG,225,20260813
43541,n01914609_13942_n01914609.JPEG,108,20260813
43542,n02090379_558_n02090379.JPEG,168,20260813
43555,n01773797_1427_n01773797.JPEG,74,20260813
43564,n02110063_5717_n02110063.JPEG,249,20260813
43569,n04270147_4491_n04270147.JPEG,813,20260813
43574,n01770081_2522_n01770081.JPEG,70,20260813
43575,n04201297_3603_n04201297.JPEG,789,20260813
43582,n04557648_14522_n04557648.JPEG,898,20260813
43606,n02442845_8824_n02442845.JPEG,357,20260813
43611,n03891251_2096_n03891251.JPEG,703,20260813
43634,n03089624_5538_n03089624.JPEG,509,20260813
43644,n04069434_9772_n04069434.JPEG,759,20260813
43647,n02804610_15685_n02804610.JPEG,432,20260813
43659,n04525305_7633_n04525305.JPEG,886,20260813
43668,n02328150_19015_n02328150.JPEG,332,20260813
43685,n02137549_3163_n02137549.JPEG,298,20260813
43695,n01776313_14486_n01776313.JPEG,78,20260813
43709,n02281787_2053_n02281787.JPEG,326,20260813
43714,n04332243_20571_n04332243.JPEG,828,20260813
43733,n02102318_14216_n02102318.JPEG,219,20260813
43747,n04482393_4983_n04482393.JPEG,870,20260813
43760,n07615774_25818_n07615774.JPEG,929,20260813
43785,n01644900_8901_n01644900.JPEG,32,20260813
43809,n02328150_8721_n02328150.JPEG,332,20260813
43810,n03018349_8094_n03018349.JPEG,495,20260813
43815,n01917289_5516_n01917289.JPEG,109,20260813
43822,n07717410_810_n07717410.JPEG,941,20260813
43825,n02229544_3883_n02229544.JPEG,312,20260813
43828,n04355338_7495_n04355338.JPEG,835,20260813
43836,n04604644_18368_n04604644.JPEG,912,20260813
43861,n02687172_82699_n02687172.JPEG,403,20260813
43895,n02137549_6203_n02137549.JPEG,298,20260813
43951,n02128925_10998_n02128925.JPEG,290,20260813
44002,n02486261_1218_n02486261.JPEG,371,20260813
44020,n03891332_2760_n03891332.JPEG,704,20260813
44021,n02777292_4167_n02777292.JPEG,416,20260813
44063,n03208938_6025_n03208938.JPEG,535,20260813
44077,n02105855_18111_n02105855.JPEG,230,20260813
44093,n02672831_12259_n02672831.JPEG,401,20260813
44121,n04259630_3244_n04259630.JPEG,808,20260813
44144,n02112137_1251_n02112137.JPEG,260,20260813
44146,n02536864_4179_n02536864.JPEG,391,20260813
44152,n02093256_5295_n02093256.JPEG,179,20260813
44163,n03388183_7296_n03388183.JPEG,563,20260813
44178,n02169497_6875_n02169497.JPEG,304,20260813
44191,n01984695_30354_n01984695.JPEG,123,20260813
44225,n02167151_8253_n02167151.JPEG,302,20260813
44239,n04487394_22638_n04487394.JPEG,875,20260813
44256,n03976467_20276_n03976467.JPEG,732,20260813
44262,n03223299_28016_n03223299.JPEG,539,20260813
44269,n02100236_10607_n02100236.JPEG,210,20260813
44270,n07836838_3039_n07836838.JPEG,960,20260813
44272,n01631663_1169_n01631663.JPEG,27,20260813
44277,n03372029_20594_n03372029.JPEG,558,20260813
44289,n04265275_6854_n04265275.JPEG,811,20260813
44312,n04152593_11054_n04152593.JPEG,782,20260813
44314,n07693725_6875_n07693725.JPEG,931,20260813
44315,n02025239_21714_n02025239.JPEG,139,20260813
44316,n03594734_14290_n03594734.JPEG,608,20260813
44322,n04404412_15591_n04404412.JPEG,851,20260813
44327,n01944390_6756_n01944390.JPEG,113,20260813
44355,n04040759_6813_n04040759.JPEG,753,20260813
44364,n01582220_2609_n01582220.JPEG,18,20260813
44374,n01644900_7054_n01644900.JPEG,32,20260813
44384,n03534580_12966_n03534580.JPEG,601,20260813
44411,n03873416_16858_n03873416.JPEG,693,20260813
44417,n04204238_3938_n04204238.JPEG,790,20260813
44453,n03873416_14297_n03873416.JPEG,693,20260813
44466,n03016953_146_n03016953.JPEG,493,20260813
44478,n02132136_607_n02132136.JPEG,294,20260813
44480,n04409515_22515_n04409515.JPEG,852,20260813
44500,n03447447_8024_n03447447.JPEG,576,20260813
44541,n03773504_20026_n03773504.JPEG,657,20260813
44574,n04476259_38966_n04476259.JPEG,868,20260813
44586,n01739381_3725_n01739381.JPEG,59,20260813
44610,n02497673_4810_n02497673.JPEG,383,20260813
44618,n02226429_14627_n02226429.JPEG,311,20260813
44645,n01744401_14206_n01744401.JPEG,62,20260813
44666,n01644373_3120_n01644373.JPEG,31,20260813
44726,n02860847_26433_n02860847.JPEG,450,20260813
44731,n04423845_12612_n04423845.JPEG,855,20260813
44733,n03623198_18220_n03623198.JPEG,615,20260813
44744,n04264628_14997_n04264628.JPEG,810,20260813
44768,n03899768_78360_n03899768.JPEG,706,20260813
44772,n02804610_27024_n02804610.JPEG,432,20260813
44791,n04070727_24311_n04070727.JPEG,760,20260813
44802,n02971356_21586_n02971356.JPEG,478,20260813
44810,n04542943_10285_n04542943.JPEG,891,20260813
44816,n01807496_27760_n01807496.JPEG,86,20260813
44817,n04133789_24359_n04133789.JPEG,774,20260813
44897,n09193705_458_n09193705.JPEG,970,20260813
44946,n02769748_39277_n02769748.JPEG,414,20260813
44975,n02105251_1192_n02105251.JPEG,226,20260813
45003,n02229544_1483_n02229544.JPEG,312,20260813
45016,n03954731_2848_n03954731.JPEG,726,20260813
45018,n03290653_880_n03290653.JPEG,548,20260813
45026,n03063689_19274_n03063689.JPEG,505,20260813
45029,n01737021_8430_n01737021.JPEG,58,20260813
45039,n03793489_11917_n03793489.JPEG,673,20260813
45053,n02110341_16024_n02110341.JPEG,251,20260813
45074,n02219486_26827_n02219486.JPEG,310,20260813
45081,n03495258_25887_n03495258.JPEG,594,20260813
45090,n03496892_27060_n03496892.JPEG,595,20260813
45137,n01534433_4985_n01534433.JPEG,13,20260813
45148,n04044716_6577_n04044716.JPEG,755,20260813
45180,n04266014_6910_n04266014.JPEG,812,20260813
45234,n02776631_13841_n02776631.JPEG,415,20260813
45239,n07873807_12177_n07873807.JPEG,963,20260813
45244,n03877845_6407_n03877845.JPEG,698,20260813
45277,n02086910_8179_n02086910.JPEG,157,20260813
45297,n02167151_7290_n02167151.JPEG,302,20260813
45301,n04461696_1864_n04461696.JPEG,864,20260813
45318,n04560804_8230_n04560804.JPEG,899,20260813
45331,n02100735_467_n02100735.JPEG,212,20260813
45336,n02804610_15701_n02804610.JPEG,432,20260813
45350,n02981792_5112_n02981792.JPEG,484,20260813
45353,n02165105_4670_n02165105.JPEG,300,20260813
45448,n03485794_25916_n03485794.JPEG,591,20260813
45452,n04067472_14432_n04067472.JPEG,758,20260813
45455,n03633091_15355_n03633091.JPEG,618,20260813
45474,n02494079_8378_n02494079.JPEG,382,20260813
45480,n04599235_11910_n04599235.JPEG,911,20260813
45486,n04204238_3919_n04204238.JPEG,790,20260813
45515,n04435653_7351_n04435653.JPEG,858,20260813
45523,n02490219_1476_n02490219.JPEG,377,20260813
45531,n01950731_12633_n01950731.JPEG,115,20260813
45549,n03598930_749_n03598930.JPEG,611,20260813
45552,n04476259_16458_n04476259.JPEG,868,20260813
45556,n03594945_2245_n03594945.JPEG,609,20260813
45563,n01560419_4504_n01560419.JPEG,16,20260813
45565,n01728572_7381_n01728572.JPEG,52,20260813
45569,n02486410_2355_n02486410.JPEG,372,20260813
45582,n03777568_12154_n03777568.JPEG,661,20260813
45602,n02094258_4726_n02094258.JPEG,186,20260813
45610,n02980441_13386_n02980441.JPEG,483,20260813
45613,n03761084_8276_n03761084.JPEG,651,20260813
45641,n03777568_1238_n03777568.JPEG,661,20260813
45664,n03710721_1527_n03710721.JPEG,639,20260813
45669,n03126707_25571_n03126707.JPEG,517,20260813
45710,n03673027_25735_n03673027.JPEG,628,20260813
45728,n02699494_5289_n02699494.JPEG,406,20260813
45765,n02099712_8083_n02099712.JPEG,208,20260813
45767,n02869837_6474_n02869837.JPEG,452,20260813
45778,n03188531_33663_n03188531.JPEG,529,20260813
45779,n04554684_6231_n04554684.JPEG,897,20260813
45787,n01855032_6402_n01855032.JPEG,98,20260813
45803,n03325584_17359_n03325584.JPEG,552,20260813
45804,n04179913_1985_n04179913.JPEG,786,20260813
45809,n01986214_5524_n01986214.JPEG,125,20260813
45810,n02769748_94661_n02769748.JPEG,414,20260813
45831,n04326547_2526_n04326547.JPEG,825,20260813
45836,n02823428_8930_n02823428.JPEG,440,20260813
45849,n04592741_4483_n04592741.JPEG,908,20260813
45895,n02325366_9202_n02325366.JPEG,330,20260813
45899,n02088466_6044_n02088466.JPEG,163,20260813
45901,n01518878_1727_n01518878.JPEG,9,20260813
45914,n02093991_6456_n02093991.JPEG,184,20260813
45927,n02112018_161_n02112018.JPEG,259,20260813
45940,n03461385_28185_n03461385.JPEG,582,20260813
45942,n03146219_22556_n03146219.JPEG,524,20260813
45944,n04417672_15687_n04417672.JPEG,853,20260813
45978,n02096177_1249_n02096177.JPEG,192,20260813
46032,n04252225_8828_n04252225.JPEG,803,20260813
46038,n01829413_2619_n01829413.JPEG,93,20260813
46062,n02093256_1520_n02093256.JPEG,179,20260813
46081,n04606251_8536_n04606251.JPEG,913,20260813
46096,n02002556_9157_n02002556.JPEG,127,20260813
46115,n02917067_16329_n02917067.JPEG,466,20260813
46140,n04252225_9144_n04252225.JPEG,803,20260813
46156,n03691459_69721_n03691459.JPEG,632,20260813
46157,n03838899_8045_n03838899.JPEG,683,20260813
46202,n03404251_8380_n03404251.JPEG,568,20260813
46258,n03496892_20925_n03496892.JPEG,595,20260813
46260,n03017168_33585_n03017168.JPEG,494,20260813
46266,n04456115_20543_n04456115.JPEG,862,20260813
46301,n02109525_1299_n02109525.JPEG,247,20260813
46304,n03291819_4199_n03291819.JPEG,549,20260813
46317,n02088466_7717_n02088466.JPEG,163,20260813
46326,n02007558_605_n02007558.JPEG,130,20260813
46333,n02099267_5475_n02099267.JPEG,205,20260813
46352,n02112018_9711_n02112018.JPEG,259,20260813
46356,n04380533_275_n04380533.JPEG,846,20260813
46368,n02655020_15813_n02655020.JPEG,397,20260813
46373,n02814533_83806_n02814533.JPEG,436,20260813
46379,n02974003_8222_n02974003.JPEG,479,20260813
46381,n04548362_9069_n04548362.JPEG,893,20260813
46397,n04044716_1338_n04044716.JPEG,755,20260813
46407,n04462240_9591_n04462240.JPEG,865,20260813
46439,n04465501_12670_n04465501.JPEG,866,20260813
46441,n02110958_4696_n02110958.JPEG,254,20260813
46442,n02814860_10749_n02814860.JPEG,437,20260813
46484,n04458633_11314_n04458633.JPEG,863,20260813
46494,n03733805_19117_n03733805.JPEG,647,20260813
46506,n02113186_13479_n02113186.JPEG,264,20260813
46532,n03843555_3345_n03843555.JPEG,686,20260813
46539,n04443257_19254_n04443257.JPEG,860,20260813
46601,n02102040_914_n02102040.JPEG,217,20260813
46608,n04599235_12948_n04599235.JPEG,911,20260813
46611,n02086910_3261_n02086910.JPEG,157,20260813
46622,n02992529_38222_n02992529.JPEG,487,20260813
46623,n02321529_9947_n02321529.JPEG,329,20260813
46625,n02107908_4013_n02107908.JPEG,240,20260813
46707,n03160309_24965_n03160309.JPEG,525,20260813
46715,n04355933_15395_n04355933.JPEG,836,20260813
46719,n04259630_25472_n04259630.JPEG,808,20260813
46745,n02120079_26421_n02120079.JPEG,279,20260813
46746,n04328186_23212_n04328186.JPEG,826,20260813
46763,n02971356_6895_n02971356.JPEG,478,20260813
46772,n02101006_1231_n02101006.JPEG,214,20260813
46817,n07714571_5185_n07714571.JPEG,936,20260813
46841,n02835271_14018_n02835271.JPEG,444,20260813
46844,n02095314_1116_n02095314.JPEG,188,20260813
46856,n03042490_4044_n03042490.JPEG,500,20260813
46882,n04254777_13191_n04254777.JPEG,806,20260813
46915,n03443371_17484_n03443371.JPEG,572,20260813
46931,n07715103_3596_n07715103.JPEG,938,20260813
46935,n01729322_12764_n01729322.JPEG,54,20260813
46968,n07613480_7375_n07613480.JPEG,927,20260813
46991,n03920288_4202_n03920288.JPEG,712,20260813
46997,n02112706_1814_n02112706.JPEG,262,20260813
47002,n02777292_5234_n02777292.JPEG,416,20260813
47053,n02105412_5095_n02105412.JPEG,227,20260813
47082,n03776460_3376_n03776460.JPEG,660,20260813
47097,n02939185_14332_n02939185.JPEG,469,20260813
47114,n04389033_30153_n04389033.JPEG,847,20260813
47124,n04067472_6523_n04067472.JPEG,758,20260813
47126,n03445777_2776_n03445777.JPEG,574,20260813
47140,n02085936_24177_n02085936.JPEG,153,20260813
47148,n01773549_902_n01773549.JPEG,73,20260813
47170,n01689811_6795_n01689811.JPEG,44,20260813
47181,n03970156_2894_n03970156.JPEG,731,20260813
47185,n03866082_3217_n03866082.JPEG,689,20260813
47199,n02486410_13313_n02486410.JPEG,372,20260813
47210,n02494079_1865_n02494079.JPEG,382,20260813
47213,n03709823_17055_n03709823.JPEG,636,20260813
47228,n10148035_806_n10148035.JPEG,982,20260813
47236,n04376876_24027_n04376876.JPEG,845,20260813
47241,n01774750_7028_n01774750.JPEG,76,20260813
47249,n02096437_1012_n02096437.JPEG,194,20260813
47276,n03417042_11946_n03417042.JPEG,569,20260813
47278,n03866082_5158_n03866082.JPEG,689,20260813
47282,n02837789_17132_n02837789.JPEG,445,20260813
47286,n07613480_20464_n07613480.JPEG,927,20260813
47296,n02708093_3645_n02708093.JPEG,409,20260813
47314,n02361337_4324_n02361337.JPEG,336,20260813
47326,n02107908_10051_n02107908.JPEG,240,20260813
47329,n02980441_2461_n02980441.JPEG,483,20260813
47337,n04591713_2740_n04591713.JPEG,907,20260813
47340,n03888257_19139_n03888257.JPEG,701,20260813
47352,n07711569_2608_n07711569.JPEG,935,20260813
47361,n04347754_35859_n04347754.JPEG,833,20260813
47373,n02417914_1059_n02417914.JPEG,350,20260813
47394,n07873807_33544_n07873807.JPEG,963,20260813
47402,n09229709_67994_n09229709.JPEG,971,20260813
47406,n02259212_1469_n02259212.JPEG,317,20260813
47422,n01580077_18360_n01580077.JPEG,17,20260813
47430,n02115913_5874_n02115913.JPEG,274,20260813
47441,n03063599_4002_n03063599.JPEG,504,20260813
47456,n03775071_16306_n03775071.JPEG,658,20260813
47457,n03134739_802_n03134739.JPEG,522,20260813
47463,n03690938_1343_n03690938.JPEG,631,20260813
47520,n02871525_5712_n02871525.JPEG,454,20260813
47522,n03793489_11862_n03793489.JPEG,673,20260813
47531,n02417914_2373_n02417914.JPEG,350,20260813
47539,n01860187_1936_n01860187.JPEG,100,20260813
47540,n02093754_5298_n02093754.JPEG,182,20260813
47552,n02098286_1887_n02098286.JPEG,203,20260813
47558,n02236044_958_n02236044.JPEG,315,20260813
47563,n01755581_19066_n01755581.JPEG,67,20260813
47568,n03291819_13229_n03291819.JPEG,549,20260813
47571,n03998194_4153_n03998194.JPEG,741,20260813
47580,n02206856_7611_n02206856.JPEG,309,20260813
47616,n04125021_5133_n04125021.JPEG,771,20260813
47642,n03938244_4775_n03938244.JPEG,721,20260813
47646,n04606251_12497_n04606251.JPEG,913,20260813
47659,n03476684_3865_n03476684.JPEG,584,20260813
47668,n03337140_37245_n03337140.JPEG,553,20260813
47701,n01592084_1380_n01592084.JPEG,19,20260813
47708,n04074963_21214_n04074963.JPEG,761,20260813
47724,n03127925_8929_n03127925.JPEG,519,20260813
47728,n04044716_11886_n04044716.JPEG,755,20260813
47739,n02226429_12386_n02226429.JPEG,311,20260813
47746,n01817953_28261_n01817953.JPEG,87,20260813
47787,n04532670_2838_n04532670.JPEG,888,20260813
47836,n04252225_20045_n04252225.JPEG,803,20260813
47838,n03207941_245_n03207941.JPEG,534,20260813
47840,n03781244_18357_n03781244.JPEG,663,20260813
47874,n02487347_1999_n02487347.JPEG,373,20260813
47884,n04243546_6407_n04243546.JPEG,800,20260813
47902,n04131690_22295_n04131690.JPEG,773,20260813
47929,n02102480_7690_n02102480.JPEG,220,20260813
47932,n02128925_32311_n02128925.JPEG,290,20260813
47940,n02492035_1511_n02492035.JPEG,378,20260813
47943,n03223299_28276_n03223299.JPEG,539,20260813
47953,n02799071_12759_n02799071.JPEG,429,20260813
47955,n03146219_10283_n03146219.JPEG,524,20260813
47964,n04347754_47880_n04347754.JPEG,833,20260813
47977,n07802026_8159_n07802026.JPEG,958,20260813
47984,n07711569_2424_n07711569.JPEG,935,20260813
47987,n02074367_10218_n02074367.JPEG,149,20260813
48017,n01744401_14758_n01744401.JPEG,62,20260813
48023,n03337140_33808_n03337140.JPEG,553,20260813
48053,n01667778_11783_n01667778.JPEG,36,20260813
48054,n09288635_954_n09288635.JPEG,974,20260813
48060,n02120505_13114_n02120505.JPEG,280,20260813
48091,n02096294_3029_n02096294.JPEG,193,20260813
48094,n01682714_18262_n01682714.JPEG,40,20260813
48118,n04462240_19758_n04462240.JPEG,865,20260813
48121,n02093647_41_n02093647.JPEG,181,20260813
48130,n02823428_3200_n02823428.JPEG,440,20260813
48171,n02002724_3176_n02002724.JPEG,128,20260813
48179,n02025239_5632_n02025239.JPEG,139,20260813
48183,n02447366_32186_n02447366.JPEG,362,20260813
48188,n02113023_1065_n02113023.JPEG,263,20260813
48190,n02403003_11722_n02403003.JPEG,345,20260813
48214,n04264628_4228_n04264628.JPEG,810,20260813
48237,n02124075_14865_n02124075.JPEG,285,20260813
48259,n01751748_1138_n01751748.JPEG,65,20260813
48265,n01631663_10288_n01631663.JPEG,27,20260813
48270,n04532670_31876_n04532670.JPEG,888,20260813
48274,n02096051_8352_n02096051.JPEG,191,20260813
48279,n04209239_13557_n04209239.JPEG,794,20260813
48287,n03355925_14122_n03355925.JPEG,557,20260813
48296,n02089973_3824_n02089973.JPEG,167,20260813
48305,n03379051_10074_n03379051.JPEG,560,20260813
48320,n02704792_11825_n02704792.JPEG,408,20260813
48322,n02808304_19365_n02808304.JPEG,434,20260813
48336,n03717622_7341_n03717622.JPEG,640,20260813
48340,n03444034_7524_n03444034.JPEG,573,20260813
48357,n02786058_2610_n02786058.JPEG,419,20260813
48374,n02106166_4876_n02106166.JPEG,232,20260813
48387,n03290653_15127_n03290653.JPEG,548,20260813
48389,n03450230_9501_n03450230.JPEG,578,20260813
48394,n03041632_1815_n03041632.JPEG,499,20260813
48411,n04235860_13197_n04235860.JPEG,797,20260813
48442,n02138441_8198_n02138441.JPEG,299,20260813
48448,n04532106_13030_n04532106.JPEG,887,20260813
48463,n04332243_5195_n04332243.JPEG,828,20260813
48509,n02236044_1711_n02236044.JPEG,315,20260813
48529,n04133789_2071_n04133789.JPEG,774,20260813
48534,n03617480_1364_n03617480.JPEG,614,20260813
48540,n02666196_6496_n02666196.JPEG,398,20260813
48551,n03661043_15957_n03661043.JPEG,624,20260813
48575,n02105855_745_n02105855.JPEG,230,20260813
48584,n02825657_10084_n02825657.JPEG,442,20260813
48605,n04285008_7917_n04285008.JPEG,817,20260813
48614,n03594734_32855_n03594734.JPEG,608,20260813
48616,n02894605_34600_n02894605.JPEG,460,20260813
48618,n03240683_12807_n03240683.JPEG,540,20260813
48630,n02363005_1126_n02363005.JPEG,337,20260813
48663,n02966687_216_n02966687.JPEG,477,20260813
48676,n02096177_3521_n02096177.JPEG,192,20260813
48709,n03337140_12109_n03337140.JPEG,553,20260813
48722,n04204347_6138_n04204347.JPEG,791,20260813
48728,n02101388_20330_n02101388.JPEG,215,20260813
48742,n02835271_4964_n02835271.JPEG,444,20260813
48747,n01798484_3327_n01798484.JPEG,83,20260813
48750,n01748264_4170_n01748264.JPEG,63,20260813
48755,n02111889_15862_n02111889.JPEG,258,20260813
48758,n03944341_23570_n03944341.JPEG,723,20260813
48759,n03249569_35703_n03249569.JPEG,541,20260813
48765,n02102177_6068_n02102177.JPEG,218,20260813
48779,n03259280_5570_n03259280.JPEG,544,20260813
48791,n03041632_82852_n03041632.JPEG,499,20260813
48802,n04235860_2868_n04235860.JPEG,797,20260813
48809,n02120505_19608_n02120505.JPEG,280,20260813
48833,n01806143_8237_n01806143.JPEG,84,20260813
48874,n03792782_15752_n03792782.JPEG,671,20260813
48875,n04252077_446_n04252077.JPEG,802,20260813
48877,n02325366_5646_n02325366.JPEG,330,20260813
48891,n03131574_25081_n03131574.JPEG,520,20260813
48894,n03930313_4015_n03930313.JPEG,716,20260813
48927,n04133789_6244_n04133789.JPEG,774,20260813
48971,n09472597_14703_n09472597.JPEG,980,20260813
48977,n02963159_11847_n02963159.JPEG,474,20260813
48982,n02793495_14209_n02793495.JPEG,425,20260813
49001,n03868242_1921_n03868242.JPEG,690,20260813
49027,n03733805_2305_n03733805.JPEG,647,20260813
49033,n02088094_1023_n02088094.JPEG,160,20260813
49039,n01580077_31094_n01580077.JPEG,17,20260813
49056,n01753488_11729_n01753488.JPEG,66,20260813
49081,n04120489_2463_n04120489.JPEG,770,20260813
49085,n04040759_1343_n04040759.JPEG,753,20260813
49119,n01697457_21479_n01697457.JPEG,49,20260813
49129,n04141327_11694_n04141327.JPEG,777,20260813
49132,n09428293_40590_n09428293.JPEG,978,20260813
49134,n04435653_5934_n04435653.JPEG,858,20260813
49136,n02134084_13588_n02134084.JPEG,296,20260813
49139,n03124170_7953_n03124170.JPEG,515,20260813
49216,n03483316_17595_n03483316.JPEG,589,20260813
49220,n02480495_5872_n02480495.JPEG,365,20260813
49225,n04127249_4828_n04127249.JPEG,772,20260813
49233,n02169497_2981_n02169497.JPEG,304,20260813
49324,n02097130_9578_n02097130.JPEG,197,20260813
49364,n13052670_1932_n13052670.JPEG,996,20260813
49386,n03980874_1604_n03980874.JPEG,735,20260813
49395,n02108422_5535_n02108422.JPEG,243,20260813
49398,n02028035_11047_n02028035.JPEG,141,20260813
49407,n03661043_23522_n03661043.JPEG,624,20260813
49410,n03791053_5620_n03791053.JPEG,670,20260813
49420,n02099849_2668_n02099849.JPEG,209,20260813
49422,n03476684_34210_n03476684.JPEG,584,20260813
49446,n04209239_10102_n04209239.JPEG,794,20260813
49450,n04429376_311_n04429376.JPEG,857,20260813
49458,n03216828_32549_n03216828.JPEG,536,20260813
49483,n03481172_1182_n03481172.JPEG,587,20260813
49490,n02655020_38678_n02655020.JPEG,397,20260813
49495,n04162706_2337_n04162706.JPEG,785,20260813
49510,n01689811_6368_n01689811.JPEG,44,20260813
49513,n01833805_644_n01833805.JPEG,94,20260813
49524,n03026506_10028_n03026506.JPEG,496,20260813
49530,n04004767_7517_n04004767.JPEG,742,20260813
49540,n02906734_21374_n02906734.JPEG,462,20260813
49544,n03942813_8650_n03942813.JPEG,722,20260813
49552,n01990800_13069_n01990800.JPEG,126,20260813
49567,n02168699_749_n02168699.JPEG,303,20260813
49600,n02114855_11543_n02114855.JPEG,272,20260813
49646,n07734744_2642_n07734744.JPEG,947,20260813
49669,n01924916_11782_n01924916.JPEG,110,20260813
49672,n03903868_26353_n03903868.JPEG,708,20260813
49681,n02730930_3204_n02730930.JPEG,411,20260813
49682,n02172182_412_n02172182.JPEG,305,20260813
49683,n04273569_3497_n04273569.JPEG,814,20260813
49688,n03874599_12631_n03874599.JPEG,695,20260813
49723,n04254777_8361_n04254777.JPEG,806,20260813
49737,n02497673_859_n02497673.JPEG,383,20260813
49754,n02422106_51_n02422106.JPEG,351,20260813
49756,n04485082_18470_n04485082.JPEG,872,20260813
49765,n04458633_1386_n04458633.JPEG,863,20260813
49767,n04380533_774_n04380533.JPEG,846,20260813
49789,n02666196_20995_n02666196.JPEG,398,20260813
49797,n07579787_1749_n07579787.JPEG,923,20260813
49808,n02099712_854_n02099712.JPEG,208,20260813
49812,n04366367_1957_n04366367.JPEG,839,20260813
49827,n03733281_25800_n03733281.JPEG,646,20260813
49835,n02105505_1272_n02105505.JPEG,228,20260813
49837,n02177972_12837_n02177972.JPEG,307,20260813
49869,n07584110_7481_n07584110.JPEG,925,20260813
49884,n02701002_995_n02701002.JPEG,407,20260813
49916,n02123597_4863_n02123597.JPEG,284,20260813
49918,n02894605_1038_n02894605.JPEG,460,20260813
49920,n02892201_33713_n02892201.JPEG,458,20260813
49935,n01729977_3835_n01729977.JPEG,55,20260813
49945,n04141076_47021_n04141076.JPEG,776,20260813
49957,n03623198_6258_n03623198.JPEG,615,20260813
49969,n02095889_424_n02095889.JPEG,190,20260813
49970,n03661043_6596_n03661043.JPEG,624,20260813
50005,n04149813_9107_n04149813.JPEG,781,20260813
50026,n03763968_11906_n03763968.JPEG,652,20260813
50038,n01560419_19008_n01560419.JPEG,16,20260813
50059,n04423845_4557_n04423845.JPEG,855,20260813
50070,n03344393_9533_n03344393.JPEG,554,20260813
50086,n01829413_3494_n01829413.JPEG,93,20260813
50091,n02012849_455_n02012849.JPEG,134,20260813
50108,n03706229_1431_n03706229.JPEG,635,20260813
50112,n02489166_2850_n02489166.JPEG,376,20260813
50135,n02808304_9577_n02808304.JPEG,434,20260813
50142,n04372370_7194_n04372370.JPEG,844,20260813
50189,n02018207_41327_n02018207.JPEG,137,20260813
50214,n03690938_12802_n03690938.JPEG,631,20260813
50263,n02007558_3196_n02007558.JPEG,130,20260813
50268,n03530642_16992_n03530642.JPEG,599,20260813
50272,n04536866_21899_n04536866.JPEG,889,20260813
50274,n04487081_38819_n04487081.JPEG,874,20260813
50277,n03710721_8181_n03710721.JPEG,639,20260813
50278,n03028079_56376_n03028079.JPEG,497,20260813
50282,n02108000_2405_n02108000.JPEG,241,20260813
50295,n01843065_3651_n01843065.JPEG,95,20260813
50317,n02097658_3830_n02097658.JPEG,201,20260813
50323,n04487394_23069_n04487394.JPEG,875,20260813
50329,n03895866_45080_n03895866.JPEG,705,20260813
50345,n04074963_5761_n04074963.JPEG,761,20260813
50352,n01950731_926_n01950731.JPEG,115,20260813
50354,n02110063_14969_n02110063.JPEG,249,20260813
50360,n03841143_5602_n03841143.JPEG,685,20260813
50383,n07753275_26411_n07753275.JPEG,953,20260813
50405,n03014705_10935_n03014705.JPEG,492,20260813
50426,n03642806_351_n03642806.JPEG,620,20260813
50427,n02107908_12533_n02107908.JPEG,240,20260813
50449,n04192698_43008_n04192698.JPEG,787,20260813
50468,n03887697_7520_n03887697.JPEG,700,20260813
50478,n04589890_4729_n04589890.JPEG,904,20260813
50479,n03891251_5563_n03891251.JPEG,703,20260813
50480,n02090379_540_n02090379.JPEG,168,20260813
50491,n07932039_1116_n07932039.JPEG,969,20260813
50499,n07613480_12170_n07613480.JPEG,927,20260813
50526,n03841143_13288_n03841143.JPEG,685,20260813
50529,n04259630_4118_n04259630.JPEG,808,20260813
50538,n04560804_11443_n04560804.JPEG,899,20260813
50540,n04604644_53184_n04604644.JPEG,912,20260813
50560,n04116512_17446_n04116512.JPEG,767,20260813
50580,n02097130_3421_n02097130.JPEG,197,20260813
50594,n07711569_3462_n07711569.JPEG,935,20260813
50598,n07930864_8679_n07930864.JPEG,968,20260813
50636,n02105505_3024_n02105505.JPEG,228,20260813
50656,n01798484_7687_n01798484.JPEG,83,20260813
50675,n02325366_8915_n02325366.JPEG,330,20260813
50704,n03673027_2467_n03673027.JPEG,628,20260813
50732,n04037443_44281_n04037443.JPEG,751,20260813
50755,n02391049_2155_n02391049.JPEG,340,20260813
50773,n07718747_9588_n07718747.JPEG,944,20260813
50788,n01641577_13_n01641577.JPEG,30,20260813
50808,n02328150_993_n02328150.JPEG,332,20260813
50827,n03642806_11860_n03642806.JPEG,620,20260813
50829,n02116738_24963_n02116738.JPEG,275,20260813
50841,n03095699_4443_n03095699.JPEG,510,20260813
50847,n02096437_1070_n02096437.JPEG,194,20260813
50869,n02114855_1041_n02114855.JPEG,272,20260813
50873,n02113799_473_n02113799.JPEG,267,20260813
50875,n02108000_5471_n02108000.JPEG,241,20260813
50887,n02102973_2673_n02102973.JPEG,221,20260813
50904,n03788365_7032_n03788365.JPEG,669,20260813
50921,n04317175_3939_n04317175.JPEG,823,20260813
50924,n02114712_15623_n02114712.JPEG,271,20260813
50929,n02488291_2270_n02488291.JPEG,374,20260813
50932,n03240683_10559_n03240683.JPEG,540,20260813
50948,n03496892_15518_n03496892.JPEG,595,20260813
50958,n02087394_9350_n02087394.JPEG,159,20260813
50961,n04591713_4701_n04591713.JPEG,907,20260813
50966,n03796401_21490_n03796401.JPEG,675,20260813
50969,n02009229_6989_n02009229.JPEG,131,20260813
50978,n03481172_9881_n03481172.JPEG,587,20260813
51025,n03788365_933_n03788365.JPEG,669,20260813
51049,n04033995_6907_n04033995.JPEG,750,20260813
51061,n09256479_12739_n09256479.JPEG,973,20260813
51073,n01774384_386_n01774384.JPEG,75,20260813
51106,n03042490_2190_n03042490.JPEG,500,20260813
51108,n02497673_1181_n02497673.JPEG,383,20260813
51148,n02256656_12706_n02256656.JPEG,316,20260813
51157,n02808440_32893_n02808440.JPEG,435,20260813
51237,n02108915_10872_n02108915.JPEG,245,20260813
51244,n02749479_3035_n02749479.JPEG,413,20260813
51255,n02125311_11002_n02125311.JPEG,286,20260813
51258,n02730930_6701_n02730930.JPEG,411,20260813
51261,n03961711_21471_n03961711.JPEG,729,20260813
51263,n02895154_15214_n02895154.JPEG,461,20260813
51286,n03976657_24750_n03976657.JPEG,733,20260813
51287,n02087394_3354_n02087394.JPEG,159,20260813
51295,n01914609_6448_n01914609.JPEG,108,20260813
51324,n03447721_15262_n03447721.JPEG,577,20260813
51330,n03895866_18569_n03895866.JPEG,705,20260813
51347,n07760859_6372_n07760859.JPEG,956,20260813
51383,n01632458_4133_n01632458.JPEG,28,20260813
51418,n02927161_6094_n02927161.JPEG,467,20260813
51471,n04041544_17196_n04041544.JPEG,754,20260813
51517,n02317335_20345_n02317335.JPEG,327,20260813
51533,n02127052_2139_n02127052.JPEG,287,20260813
51552,n01985128_30352_n01985128.JPEG,124,20260813
51585,n03124043_1949_n03124043.JPEG,514,20260813
51588,n02165456_3726_n02165456.JPEG,301,20260813
51644,n02096051_1207_n02096051.JPEG,191,20260813
51648,n02233338_14379_n02233338.JPEG,314,20260813
51665,n02009912_9983_n02009912.JPEG,132,20260813
51667,n02134418_18035_n02134418.JPEG,297,20260813
51675,n03590841_7319_n03590841.JPEG,607,20260813
51682,n02917067_8996_n02917067.JPEG,466,20260813
51683,n04371774_9493_n04371774.JPEG,843,20260813
51695,n03793489_9369_n03793489.JPEG,673,20260813
51706,n03977966_38732_n03977966.JPEG,734,20260813
51720,n01871265_5607_n01871265.JPEG,101,20260813
51754,n02091635_6011_n02091635.JPEG,175,20260813
51804,n01824575_3089_n01824575.JPEG,91,20260813
51808,n03742115_11413_n03742115.JPEG,648,20260813
51840,n04273569_7315_n04273569.JPEG,814,20260813
51842,n04204238_5539_n04204238.JPEG,790,20260813
51844,n01693334_12343_n01693334.JPEG,46,20260813
51861,n02486410_14742_n02486410.JPEG,372,20260813
51866,n03000684_19720_n03000684.JPEG,491,20260813
51876,n01742172_11656_n01742172.JPEG,61,20260813
51900,n07802026_19931_n07802026.JPEG,958,20260813
51913,n02481823_2102_n02481823.JPEG,367,20260813
51921,n02607072_3407_n02607072.JPEG,393,20260813
51924,n02494079_8435_n02494079.JPEG,382,20260813
51926,n02120079_32576_n02120079.JPEG,279,20260813
51946,n04258138_5454_n04258138.JPEG,807,20260813
52002,n03272562_22949_n03272562.JPEG,547,20260813
52004,n02113023_1477_n02113023.JPEG,263,20260813
52012,n03000684_29900_n03000684.JPEG,491,20260813
52013,n04442312_12550_n04442312.JPEG,859,20260813
52030,n04485082_299_n04485082.JPEG,872,20260813
52045,n04398044_19332_n04398044.JPEG,849,20260813
52048,n02233338_11597_n02233338.JPEG,314,20260813
52066,n01818515_11639_n01818515.JPEG,88,20260813
52098,n03956157_33034_n03956157.JPEG,727,20260813
52113,n02133161_15372_n02133161.JPEG,295,20260813
52129,n12620546_64227_n12620546.JPEG,989,20260813
52138,n03602883_11414_n03602883.JPEG,613,20260813
52149,n03908618_15769_n03908618.JPEG,709,20260813
52159,n02111889_11033_n02111889.JPEG,258,20260813
52160,n02783161_32020_n02783161.JPEG,418,20260813
52176,n03916031_10497_n03916031.JPEG,711,20260813
52214,n01622779_7074_n01622779.JPEG,24,20260813
52244,n02111889_4257_n02111889.JPEG,258,20260813
52254,n04131690_10728_n04131690.JPEG,773,20260813
52258,n03769881_2315_n03769881.JPEG,654,20260813
52260,n02871525_10833_n02871525.JPEG,454,20260813
52329,n03085013_20923_n03085013.JPEG,508,20260813
52417,n02107908_4536_n02107908.JPEG,240,20260813
52427,n03785016_10071_n03785016.JPEG,665,20260813
52428,n11879895_4542_n11879895.JPEG,984,20260813
52439,n07754684_37726_n07754684.JPEG,955,20260813
52454,n02092002_6364_n02092002.JPEG,177,20260813
52456,n03942813_1340_n03942813.JPEG,722,20260813
52468,n03788195_24101_n03788195.JPEG,668,20260813
52473,n04019541_37011_n04019541.JPEG,746,20260813
52480,n01630670_7596_n01630670.JPEG,26,20260813
52499,n04120489_10419_n04120489.JPEG,770,20260813
52523,n04507155_78_n04507155.JPEG,879,20260813
52539,n07753592_21991_n07753592.JPEG,954,20260813
52567,n03998194_4608_n03998194.JPEG,741,20260813
52576,n03063689_4969_n03063689.JPEG,505,20260813
52598,n02607072_5091_n02607072.JPEG,393,20260813
52610,n03775546_6890_n03775546.JPEG,659,20260813
52636,n02509815_5235_n02509815.JPEG,387,20260813
52710,n01622779_4179_n01622779.JPEG,24,20260813
52714,n02497673_6746_n02497673.JPEG,383,20260813
52727,n02093428_3799_n02093428.JPEG,180,20260813
52750,n02090721_1207_n02090721.JPEG,170,20260813
52761,n04371774_13319_n04371774.JPEG,843,20260813
52765,n02094433_7440_n02094433.JPEG,187,20260813
52768,n04201297_8442_n04201297.JPEG,789,20260813
52817,n09229709_6547_n09229709.JPEG,971,20260813
52831,n12985857_6352_n12985857.JPEG,991,20260813
52838,n03291819_2617_n03291819.JPEG,549,20260813
52855,n01514859_5592_n01514859.JPEG,8,20260813
52866,n01514668_23225_n01514668.JPEG,7,20260813
52868,n04325704_1765_n04325704.JPEG,824,20260813
52869,n02009229_1240_n02009229.JPEG,131,20260813
52880,n02190166_3421_n02190166.JPEG,308,20260813
52886,n02747177_13757_n02747177.JPEG,412,20260813
52890,n03935335_14074_n03935335.JPEG,719,20260813
52894,n03924679_8975_n03924679.JPEG,713,20260813
52897,n02509815_2178_n02509815.JPEG,387,20260813
52902,n02319095_6093_n02319095.JPEG,328,20260813
52950,n03956157_15637_n03956157.JPEG,727,20260813
52951,n03983396_4716_n03983396.JPEG,737,20260813
52953,n01924916_16732_n01924916.JPEG,110,20260813
52957,n04604644_14659_n04604644.JPEG,912,20260813
52979,n07836838_23125_n07836838.JPEG,960,20260813
52993,n02364673_13558_n02364673.JPEG,338,20260813
53000,n02071294_3632_n02071294.JPEG,148,20260813
53006,n09835506_19442_n09835506.JPEG,981,20260813
53022,n06874185_31508_n06874185.JPEG,920,20260813
53037,n02869837_12426_n02869837.JPEG,452,20260813
53043,n02104365_9047_n02104365.JPEG,223,20260813
53057,n03494278_28801_n03494278.JPEG,593,20260813
53064,n03461385_108622_n03461385.JPEG,582,20260813
53081,n04200800_15796_n04200800.JPEG,788,20260813
53103,n01930112_6319_n01930112.JPEG,111,20260813
53113,n03761084_67_n03761084.JPEG,651,20260813
53115,n02114367_3134_n02114367.JPEG,269,20260813
53128,n02510455_6730_n02510455.JPEG,388,20260813
53152,n07697537_18008_n07697537.JPEG,934,20260813
53185,n01829413_367_n01829413.JPEG,93,20260813
53187,n01534433_1198_n01534433.JPEG,13,20260813
53194,n04116512_6210_n04116512.JPEG,767,20260813
53197,n03944341_8016_n03944341.JPEG,723,20260813
53208,n02093647_4517_n02093647.JPEG,181,20260813
53209,n04461696_23025_n04461696.JPEG,864,20260813
53213,n03929660_7012_n03929660.JPEG,714,20260813
53221,n07684084_1377_n07684084.JPEG,930,20260813
53263,n02259212_3113_n02259212.JPEG,317,20260813
53268,n03933933_17935_n03933933.JPEG,718,20260813
53270,n04467665_30664_n04467665.JPEG,867,20260813
53272,n01688243_3402_n01688243.JPEG,43,20260813
53293,n02009912_11912_n02009912.JPEG,132,20260813
53311,n04579432_15095_n04579432.JPEG,902,20260813
53322,n01664065_4671_n01664065.JPEG,33,20260813
53333,n03884397_18576_n03884397.JPEG,699,20260813
53339,n02443484_14193_n02443484.JPEG,359,20260813
53346,n03937543_984_n03937543.JPEG,720,20260813
53349,n01669191_1916_n01669191.JPEG,37,20260813
53359,n03042490_10711_n03042490.JPEG,500,20260813
53361,n03983396_11513_n03983396.JPEG,737,20260813
53404,n02795169_66_n02795169.JPEG,427,20260813
53414,n02114548_11955_n02114548.JPEG,270,20260813
53421,n04487394_17770_n04487394.JPEG,875,20260813
53436,n01847000_24311_n01847000.JPEG,97,20260813
53437,n01632458_5724_n01632458.JPEG,28,20260813
53441,n03887697_7887_n03887697.JPEG,700,20260813
53444,n04515003_31174_n04515003.JPEG,881,20260813
53457,n03929660_20556_n03929660.JPEG,714,20260813
53464,n03476991_17121_n03476991.JPEG,585,20260813
53473,n01644900_8700_n01644900.JPEG,32,20260813
53477,n02012849_5678_n02012849.JPEG,134,20260813
53479,n07753113_11898_n07753113.JPEG,952,20260813
53506,n02095314_5408_n02095314.JPEG,188,20260813
53528,n03424325_8995_n03424325.JPEG,570,20260813
53541,n07871810_5325_n07871810.JPEG,962,20260813
53558,n04204238_6955_n04204238.JPEG,790,20260813
53561,n02509815_8781_n02509815.JPEG,387,20260813
53567,n02481823_13283_n02481823.JPEG,367,20260813
53569,n03131574_45412_n03131574.JPEG,520,20260813
53578,n01924916_14775_n01924916.JPEG,110,20260813
53582,n02110806_10220_n02110806.JPEG,253,20260813
53589,n01735189_11692_n01735189.JPEG,57,20260813
53592,n04443257_12151_n04443257.JPEG,860,20260813
53598,n04355933_9316_n04355933.JPEG,836,20260813
53615,n01843383_10080_n01843383.JPEG,96,20260813
53621,n03481172_28767_n03481172.JPEG,587,20260813
53651,n02834397_28835_n02834397.JPEG,443,20260813
53682,n03724870_17757_n03724870.JPEG,643,20260813
53686,n03388549_3362_n03388549.JPEG,564,20260813
53688,n07930864_25117_n07930864.JPEG,968,20260813
53693,n03498962_1087_n03498962.JPEG,596,20260813
53703,n01820546_1701_n01820546.JPEG,90,20260813
53704,n02536864_8322_n02536864.JPEG,391,20260813
53712,n04067472_961_n04067472.JPEG,758,20260813
53730,n01914609_9034_n01914609.JPEG,108,20260813
53752,n02410509_6181_n02410509.JPEG,347,20260813
53757,n01824575_6723_n01824575.JPEG,91,20260813
53762,n02480495_17533_n02480495.JPEG,365,20260813
53776,n07718472_17436_n07718472.JPEG,943,20260813
53777,n02125311_4119_n02125311.JPEG,286,20260813
53779,n02093991_3045_n02093991.JPEG,184,20260813
53781,n04389033_6404_n04389033.JPEG,847,20260813
53803,n02817516_18969_n02817516.JPEG,439,20260813
53808,n03124170_1186_n03124170.JPEG,515,20260813
53812,n04254680_1737_n04254680.JPEG,805,20260813
53851,n02102973_623_n02102973.JPEG,221,20260813
53858,n02526121_8364_n02526121.JPEG,390,20260813
53866,n03388183_115_n03388183.JPEG,563,20260813
53899,n02112706_4494_n02112706.JPEG,262,20260813
53923,n03272562_3981_n03272562.JPEG,547,20260813
53937,n04270147_13739_n04270147.JPEG,813,20260813
53939,n01770393_31357_n01770393.JPEG,71,20260813
53943,n01829413_467_n01829413.JPEG,93,20260813
53970,n03770439_1123_n03770439.JPEG,655,20260813
53972,n04239074_2198_n04239074.JPEG,799,20260813
53994,n02107312_3549_n02107312.JPEG,237,20260813
54010,n03770439_2347_n03770439.JPEG,655,20260813
54018,n02102318_11051_n02102318.JPEG,219,20260813
54027,n02066245_19112_n02066245.JPEG,147,20260813
54101,n04515003_7292_n04515003.JPEG,881,20260813
54134,n01978287_8278_n01978287.JPEG,118,20260813
54153,n03187595_101_n03187595.JPEG,528,20260813
54166,n01930112_17845_n01930112.JPEG,111,20260813
54170,n02391049_964_n02391049.JPEG,340,20260813
54185,n04044716_1686_n04044716.JPEG,755,20260813
54188,n02107312_2231_n02107312.JPEG,237,20260813
54191,n02097298_1091_n02097298.JPEG,199,20260813
54206,n02483362_4264_n02483362.JPEG,368,20260813
54233,n07753592_10279_n07753592.JPEG,954,20260813
54234,n03706229_2644_n03706229.JPEG,635,20260813
54245,n02676566_8228_n02676566.JPEG,402,20260813
54254,n02977058_44616_n02977058.JPEG,480,20260813
54264,n02930766_21904_n02930766.JPEG,468,20260813
54268,n03729826_12051_n03729826.JPEG,644,20260813
54276,n02219486_11323_n02219486.JPEG,310,20260813
54277,n09399592_9130_n09399592.JPEG,976,20260813
54289,n02443114_43541_n02443114.JPEG,358,20260813
54293,n04356056_2623_n04356056.JPEG,837,20260813
54299,n02356798_3159_n02356798.JPEG,335,20260813
54300,n02174001_8754_n02174001.JPEG,306,20260813
54316,n03160309_37440_n03160309.JPEG,525,20260813
54318,n03485794_3491_n03485794.JPEG,591,20260813
54321,n03887697_1963_n03887697.JPEG,700,20260813
54322,n02105641_11695_n02105641.JPEG,229,20260813
54333,n07614500_57530_n07614500.JPEG,928,20260813
54336,n04579145_2949_n04579145.JPEG,901,20260813
54353,n07248320_7497_n07248320.JPEG,921,20260813
54357,n04008634_31166_n04008634.JPEG,744,20260813
54375,n03042490_5896_n03042490.JPEG,500,20260813
54385,n01978287_5806_n01978287.JPEG,118,20260813
54386,n02128385_7497_n02128385.JPEG,288,20260813
54403,n03000247_59916_n03000247.JPEG,490,20260813
54405,n03065424_88328_n03065424.JPEG,506,20260813
54408,n03146219_133_n03146219.JPEG,524,20260813
54417,n01694178_6977_n01694178.JPEG,47,20260813
54420,n01756291_14558_n01756291.JPEG,68,20260813
54427,n02791124_4037_n02791124.JPEG,423,20260813
54491,n01756291_31774_n01756291.JPEG,68,20260813
54495,n04399382_8671_n04399382.JPEG,850,20260813
54496,n04153751_26781_n04153751.JPEG,783,20260813
54558,n02097474_3691_n02097474.JPEG,200,20260813
54573,n02111889_838_n02111889.JPEG,258,20260813
54577,n09468604_79286_n09468604.JPEG,979,20260813
54584,n02113799_7970_n02113799.JPEG,267,20260813
54589,n03494278_34868_n03494278.JPEG,593,20260813
54591,n03930313_2387_n03930313.JPEG,716,20260813
54615,n01776313_43120_n01776313.JPEG,78,20260813
54634,n02397096_1318_n02397096.JPEG,343,20260813
54666,n01530575_3730_n01530575.JPEG,10,20260813
54682,n04153751_8960_n04153751.JPEG,783,20260813
54715,n03775546_643_n03775546.JPEG,659,20260813
54753,n02979186_11864_n02979186.JPEG,482,20260813
54767,n04141076_47716_n04141076.JPEG,776,20260813
54769,n02098413_14202_n02098413.JPEG,204,20260813
54786,n02098105_844_n02098105.JPEG,202,20260813
54799,n01739381_9076_n01739381.JPEG,59,20260813
54802,n03995372_9574_n03995372.JPEG,740,20260813
54808,n02276258_10105_n02276258.JPEG,321,20260813
54826,n03991062_2746_n03991062.JPEG,738,20260813
54854,n04548362_501_n04548362.JPEG,893,20260813
54858,n03868242_3209_n03868242.JPEG,690,20260813
54880,n04591713_6036_n04591713.JPEG,907,20260813
54889,n01534433_14245_n01534433.JPEG,13,20260813
54903,n04560804_6576_n04560804.JPEG,899,20260813
54907,n07920052_17956_n07920052.JPEG,967,20260813
54911,n03970156_87_n03970156.JPEG,731,20260813
54929,n03127747_6855_n03127747.JPEG,518,20260813
54943,n03126707_23962_n03126707.JPEG,517,20260813
54944,n02017213_14009_n02017213.JPEG,136,20260813
54947,n01518878_6818_n01518878.JPEG,9,20260813
54952,n01820546_5766_n01820546.JPEG,90,20260813
54966,n03223299_1289_n03223299.JPEG,539,20260813
54980,n02002556_1118_n02002556.JPEG,127,20260813
55019,n07747607_11282_n07747607.JPEG,950,20260813
55046,n04462240_16118_n04462240.JPEG,865,20260813
55055,n02113978_3130_n02113978.JPEG,268,20260813
55060,n02167151_6566_n02167151.JPEG,302,20260813
55077,n02086646_7609_n02086646.JPEG,156,20260813
55141,n01734418_8984_n01734418.JPEG,56,20260813
55160,n02113978_7924_n02113978.JPEG,268,20260813
55171,n01629819_2904_n01629819.JPEG,25,20260813
55181,n02105162_3698_n02105162.JPEG,225,20260813
55188,n04141327_15567_n04141327.JPEG,777,20260813
55204,n03733131_8974_n03733131.JPEG,645,20260813
55205,n03868863_12333_n03868863.JPEG,691,20260813
55210,n03976467_7614_n03976467.JPEG,732,20260813
55234,n02504458_3885_n02504458.JPEG,386,20260813
55240,n03763968_7781_n03763968.JPEG,652,20260813
55272,n02088632_8494_n02088632.JPEG,164,20260813
55274,n02514041_6974_n02514041.JPEG,389,20260813
55285,n02095314_630_n02095314.JPEG,188,20260813
55289,n02480495_5068_n02480495.JPEG,365,20260813
55321,n04467665_70693_n04467665.JPEG,867,20260813
55332,n04501370_8728_n04501370.JPEG,877,20260813
55348,n02777292_10183_n02777292.JPEG,416,20260813
55398,n04162706_34993_n04162706.JPEG,785,20260813
55410,n03452741_21215_n03452741.JPEG,579,20260813
55475,n13040303_1771_n13040303.JPEG,994,20260813
55490,n01882714_9818_n01882714.JPEG,105,20260813
55510,n02814533_94541_n02814533.JPEG,436,20260813
55522,n02111277_6580_n02111277.JPEG,256,20260813
55544,n04118538_10006_n04118538.JPEG,768,20260813
55559,n01753488_19429_n01753488.JPEG,66,20260813
55560,n02977058_20339_n02977058.JPEG,480,20260813
55561,n03787032_11338_n03787032.JPEG,667,20260813
55592,n02494079_489_n02494079.JPEG,382,20260813
55596,n03388183_9675_n03388183.JPEG,563,20260813
55622,n04118538_7468_n04118538.JPEG,768,20260813
55626,n02916936_3676_n02916936.JPEG,465,20260813
55627,n03482405_11923_n03482405.JPEG,588,20260813
55634,n04238763_6669_n04238763.JPEG,798,20260813
55638,n02841315_26_n02841315.JPEG,447,20260813
55651,n02493793_2440_n02493793.JPEG,381,20260813
55656,n04081281_27877_n04081281.JPEG,762,20260813
55677,n03042490_4522_n03042490.JPEG,500,20260813
55706,n03388043_863_n03388043.JPEG,562,20260813
55708,n02111889_4027_n02111889.JPEG,258,20260813
55726,n03529860_11768_n03529860.JPEG,598,20260813
55806,n03770679_9943_n03770679.JPEG,656,20260813
55808,n03495258_4966_n03495258.JPEG,594,20260813
55811,n01820546_4303_n01820546.JPEG,90,20260813
55829,n02102318_1673_n02102318.JPEG,219,20260813
55853,n07720875_281_n07720875.JPEG,945,20260813
55866,n03777568_6178_n03777568.JPEG,661,20260813
55876,n02979186_7_n02979186.JPEG,482,20260813
55880,n03788365_5429_n03788365.JPEG,669,20260813
55888,n02105056_6999_n02105056.JPEG,224,20260813
55892,n03393912_2037_n03393912.JPEG,565,20260813
55928,n07684084_1093_n07684084.JPEG,930,20260813
55976,n03404251_2993_n03404251.JPEG,568,20260813
55983,n02009912_5558_n02009912.JPEG,132,20260813
55998,n02939185_22053_n02939185.JPEG,469,20260813
55999,n07718472_27840_n07718472.JPEG,943,20260813
56001,n03595614_6509_n03595614.JPEG,610,20260813
56026,n03160309_11663_n03160309.JPEG,525,20260813
56030,n02105412_8074_n02105412.JPEG,227,20260813
56057,n04270147_11538_n04270147.JPEG,813,20260813
56092,n03792782_1004_n03792782.JPEG,671,20260813
56095,n02102480_5106_n02102480.JPEG,220,20260813
56111,n04179913_12024_n04179913.JPEG,786,20260813
56138,n04540053_4576_n04540053.JPEG,890,20260813
56158,n03770679_31086_n03770679.JPEG,656,20260813
56164,n01514859_2624_n01514859.JPEG,8,20260813
56204,n04131690_1162_n04131690.JPEG,773,20260813
56212,n03992509_236_n03992509.JPEG,739,20260813
56214,n07920052_25624_n07920052.JPEG,967,20260813
56226,n02102040_1592_n02102040.JPEG,217,20260813
56236,n02814860_4666_n02814860.JPEG,437,20260813
56244,n02977058_22060_n02977058.JPEG,480,20260813
56250,n03724870_20408_n03724870.JPEG,643,20260813
56276,n02487347_813_n02487347.JPEG,373,20260813
56287,n03109150_15904_n03109150.JPEG,512,20260813
56303,n01770393_7090_n01770393.JPEG,71,20260813
56320,n04252077_264_n04252077.JPEG,802,20260813
56334,n04141327_6536_n04141327.JPEG,777,20260813
56359,n04275548_14630_n04275548.JPEG,815,20260813
56378,n03467068_15278_n03467068.JPEG,583,20260813
56381,n02342885_12194_n02342885.JPEG,333,20260813
56398,n07715103_4402_n07715103.JPEG,938,20260813
56415,n03884397_10178_n03884397.JPEG,699,20260813
56422,n03956157_5214_n03956157.JPEG,727,20260813
56426,n07714990_8258_n07714990.JPEG,937,20260813
56434,n02087394_5880_n02087394.JPEG,159,20260813
56448,n04069434_227_n04069434.JPEG,759,20260813
56479,n02074367_1711_n02074367.JPEG,149,20260813
56486,n02102480_2701_n02102480.JPEG,220,20260813
56539,n01531178_5882_n01531178.JPEG,11,20260813
56551,n03445777_2463_n03445777.JPEG,574,20260813
56556,n02098286_2849_n02098286.JPEG,203,20260813
56561,n02134418_4465_n02134418.JPEG,297,20260813
56572,n02843684_1948_n02843684.JPEG,448,20260813
56607,n02091831_8352_n02091831.JPEG,176,20260813
56616,n02342885_13748_n02342885.JPEG,333,20260813
56635,n04591157_2433_n04591157.JPEG,906,20260813
56683,n03445924_13746_n03445924.JPEG,575,20260813
56687,n03871628_15889_n03871628.JPEG,692,20260813
56706,n01739381_3552_n01739381.JPEG,59,20260813
56710,n02108000_2675_n02108000.JPEG,241,20260813
56746,n01518878_2774_n01518878.JPEG,9,20260813
56751,n02096585_2782_n02096585.JPEG,195,20260813
56773,n07768694_9390_n07768694.JPEG,957,20260813
56822,n03837869_4660_n03837869.JPEG,682,20260813
56824,n02093859_2064_n02093859.JPEG,183,20260813
56833,n03404251_15606_n03404251.JPEG,568,20260813
56835,n01784675_10308_n01784675.JPEG,79,20260813
56846,n02364673_20485_n02364673.JPEG,338,20260813
56896,n04136333_333_n04136333.JPEG,775,20260813
56903,n02397096_2876_n02397096.JPEG,343,20260813
56985,n02883205_1012_n02883205.JPEG,457,20260813
57012,n09256479_5511_n09256479.JPEG,973,20260813
57023,n02097658_141_n02097658.JPEG,201,20260813
57037,n03297495_6472_n03297495.JPEG,550,20260813
57040,n07718472_10768_n07718472.JPEG,943,20260813
57041,n02769748_32117_n02769748.JPEG,414,20260813
57046,n02500267_841_n02500267.JPEG,384,20260813
57062,n03250847_9503_n03250847.JPEG,542,20260813
57102,n02114712_16858_n02114712.JPEG,271,20260813
57127,n02280649_3441_n02280649.JPEG,324,20260813
57135,n03544143_8854_n03544143.JPEG,604,20260813
57137,n04149813_9547_n04149813.JPEG,781,20260813
57187,n04371430_3546_n04371430.JPEG,842,20260813
57194,n07754684_12041_n07754684.JPEG,955,20260813
57197,n03447721_49175_n03447721.JPEG,577,20260813
57239,n03388549_5874_n03388549.JPEG,564,20260813
57249,n02871525_19177_n02871525.JPEG,454,20260813
57254,n01770393_9873_n01770393.JPEG,71,20260813
57255,n13054560_9095_n13054560.JPEG,997,20260813
57277,n04081281_43894_n04081281.JPEG,762,20260813
57280,n03124170_5140_n03124170.JPEG,515,20260813
57284,n03697007_12342_n03697007.JPEG,634,20260813
57291,n02441942_22968_n02441942.JPEG,356,20260813
57319,n07747607_22933_n07747607.JPEG,950,20260813
57339,n02802426_25248_n02802426.JPEG,430,20260813
57405,n01601694_11206_n01601694.JPEG,20,20260813
57424,n07742313_2299_n07742313.JPEG,948,20260813
57442,n02025239_20804_n02025239.JPEG,139,20260813
57483,n02509815_1260_n02509815.JPEG,387,20260813
57497,n03026506_3697_n03026506.JPEG,496,20260813
57529,n02859443_6465_n02859443.JPEG,449,20260813
57534,n01641577_14856_n01641577.JPEG,30,20260813
57546,n02326432_5877_n02326432.JPEG,331,20260813
57574,n01796340_8446_n01796340.JPEG,81,20260813
57580,n02807133_6011_n02807133.JPEG,433,20260813
57607,n02951585_12147_n02951585.JPEG,473,20260813
57634,n01582220_3748_n01582220.JPEG,18,20260813
57651,n07745940_7942_n07745940.JPEG,949,20260813
57677,n03637318_11815_n03637318.JPEG,619,20260813
57693,n03388549_1399_n03388549.JPEG,564,20260813
57767,n07565083_9565_n07565083.JPEG,922,20260813
57776,n02397096_3636_n02397096.JPEG,343,20260813
57778,n03314780_4193_n03314780.JPEG,551,20260813
57783,n03393912_15902_n03393912.JPEG,565,20260813
57794,n03602883_10904_n03602883.JPEG,613,20260813
57795,n04265275_1968_n04265275.JPEG,811,20260813
57814,n01744401_8879_n01744401.JPEG,62,20260813
57818,n02129165_19533_n02129165.JPEG,291,20260813
57826,n03825788_14215_n03825788.JPEG,680,20260813
57853,n07871810_8535_n07871810.JPEG,962,20260813
57866,n12144580_8914_n12144580.JPEG,987,20260813
57891,n01883070_4393_n01883070.JPEG,106,20260813
57903,n02443484_15326_n02443484.JPEG,359,20260813
57954,n03804744_21349_n03804744.JPEG,677,20260813
57958,n02138441_5085_n02138441.JPEG,299,20260813
57962,n07717556_1472_n07717556.JPEG,942,20260813
57967,n04347754_47910_n04347754.JPEG,833,20260813
57973,n02086240_7221_n02086240.JPEG,155,20260813
57980,n04136333_15957_n04136333.JPEG,775,20260813
57984,n01944390_6569_n01944390.JPEG,113,20260813
57999,n02346627_1941_n02346627.JPEG,334,20260813
58030,n03721384_9523_n03721384.JPEG,642,20260813
58049,n07880968_2669_n07880968.JPEG,965,20260813
58102,n04525038_402_n04525038.JPEG,885,20260813
58155,n01622779_4075_n01622779.JPEG,24,20260813
58165,n07860988_2965_n07860988.JPEG,961,20260813
58172,n02093428_13623_n02093428.JPEG,180,20260813
58180,n12267677_10298_n12267677.JPEG,988,20260813
58188,n02389026_9492_n02389026.JPEG,339,20260813
58214,n03995372_7636_n03995372.JPEG,740,20260813
58219,n03775546_5095_n03775546.JPEG,659,20260813
58220,n02879718_37385_n02879718.JPEG,456,20260813
58227,n09472597_26380_n09472597.JPEG,980,20260813
58242,n02504458_4747_n02504458.JPEG,386,20260813
58307,n04254777_2706_n04254777.JPEG,806,20260813
58343,n07836838_689_n07836838.JPEG,960,20260813
58370,n04192698_54257_n04192698.JPEG,787,20260813
58373,n02825657_8959_n02825657.JPEG,442,20260813
58380,n04044716_7022_n04044716.JPEG,755,20260813
58395,n04591157_4424_n04591157.JPEG,906,20260813
58444,n02097209_2921_n02097209.JPEG,198,20260813
58467,n01817953_3715_n01817953.JPEG,87,20260813
58468,n09332890_9872_n09332890.JPEG,975,20260813
58477,n07892512_37257_n07892512.JPEG,966,20260813
58499,n02783161_23004_n02783161.JPEG,418,20260813
58501,n11939491_5695_n11939491.JPEG,985,20260813
58505,n04266014_5897_n04266014.JPEG,812,20260813
58515,n01795545_10649_n01795545.JPEG,80,20260813
58519,n04522168_25922_n04522168.JPEG,883,20260813
58521,n02666196_5990_n02666196.JPEG,398,20260813
58523,n03662601_25881_n03662601.JPEG,625,20260813
58527,n03467068_8074_n03467068.JPEG,583,20260813
58532,n03676483_5238_n03676483.JPEG,629,20260813
58571,n03207743_1209_n03207743.JPEG,533,20260813
58581,n03680355_4871_n03680355.JPEG,630,20260813
58587,n02916936_2611_n02916936.JPEG,465,20260813
58594,n01797886_10532_n01797886.JPEG,82,20260813
58599,n04429376_6268_n04429376.JPEG,857,20260813
58611,n04254120_621_n04254120.JPEG,804,20260813
58622,n03857828_66948_n03857828.JPEG,688,20260813
58638,n04141327_7113_n04141327.JPEG,777,20260813
58643,n03837869_7110_n03837869.JPEG,682,20260813
58673,n11939491_19598_n11939491.JPEG,985,20260813
58680,n01795545_2407_n01795545.JPEG,80,20260813
58689,n04423845_3071_n04423845.JPEG,855,20260813
58696,n02815834_7186_n02815834.JPEG,438,20260813
58715,n04509417_3723_n04509417.JPEG,880,20260813
58717,n04086273_27121_n04086273.JPEG,763,20260813
58726,n04356056_25217_n04356056.JPEG,837,20260813
58735,n03902125_2344_n03902125.JPEG,707,20260813
58750,n02776631_6151_n02776631.JPEG,415,20260813
58761,n02102177_7965_n02102177.JPEG,218,20260813
58764,n03764736_1740_n03764736.JPEG,653,20260813
58771,n04479046_8528_n04479046.JPEG,869,20260813
58834,n02927161_11017_n02927161.JPEG,467,20260813
58845,n04461696_18_n04461696.JPEG,864,20260813
58865,n04550184_5921_n04550184.JPEG,894,20260813
58875,n03721384_25853_n03721384.JPEG,642,20260813
58876,n01491361_9524_n01491361.JPEG,3,20260813
58948,n02776631_14063_n02776631.JPEG,415,20260813
58988,n02791124_8940_n02791124.JPEG,423,20260813
58989,n01592084_7660_n01592084.JPEG,19,20260813
59002,n03761084_8984_n03761084.JPEG,651,20260813
59013,n03982430_1063_n03982430.JPEG,736,20260813
59025,n02165456_4144_n02165456.JPEG,301,20260813
59029,n03649909_25432_n03649909.JPEG,621,20260813
59039,n03933933_12626_n03933933.JPEG,718,20260813
59049,n04591157_498_n04591157.JPEG,906,20260813
59055,n04523525_6249_n04523525.JPEG,884,20260813
59067,n02441942_18587_n02441942.JPEG,356,20260813
59085,n03706229_1862_n03706229.JPEG,635,20260813
59088,n02086910_8291_n02086910.JPEG,157,20260813
59089,n02510455_2934_n02510455.JPEG,388,20260813
59093,n02113799_4131_n02113799.JPEG,267,20260813
59102,n01833805_7661_n01833805.JPEG,94,20260813
59106,n03950228_1064_n03950228.JPEG,725,20260813
59113,n13133613_10144_n13133613.JPEG,998,20260813
59114,n01978287_4552_n01978287.JPEG,118,20260813
59115,n03207941_4151_n03207941.JPEG,534,20260813
59122,n01664065_18311_n01664065.JPEG,33,20260813
59143,n02692877_1845_n02692877.JPEG,405,20260813
59176,n02326432_15157_n02326432.JPEG,331,20260813
59188,n02776631_23469_n02776631.JPEG,415,20260813
59190,n01748264_6318_n01748264.JPEG,63,20260813
59198,n02412080_8993_n02412080.JPEG,348,20260813
59208,n03447447_2086_n03447447.JPEG,576,20260813
59230,n03376595_3883_n03376595.JPEG,559,20260813
59235,n01882714_17678_n01882714.JPEG,105,20260813
59239,n02444819_9846_n02444819.JPEG,360,20260813
59242,n02865351_483_n02865351.JPEG,451,20260813
59261,n04435653_8691_n04435653.JPEG,858,20260813
59263,n02276258_417_n02276258.JPEG,321,20260813
59269,n03961711_16423_n03961711.JPEG,729,20260813
59277,n02097474_17929_n02097474.JPEG,200,20260813
59301,n03259280_9309_n03259280.JPEG,544,20260813
59302,n03255030_8990_n03255030.JPEG,543,20260813
59332,n01776313_13407_n01776313.JPEG,78,20260813
59363,n04350905_31601_n04350905.JPEG,834,20260813
59372,n01728920_18679_n01728920.JPEG,53,20260813
59379,n04019541_15441_n04019541.JPEG,746,20260813
59384,n04485082_18054_n04485082.JPEG,872,20260813
59413,n07836838_2962_n07836838.JPEG,960,20260813
59426,n03498962_8842_n03498962.JPEG,596,20260813
59461,n02119789_12583_n02119789.JPEG,278,20260813
59510,n03017168_69182_n03017168.JPEG,494,20260813
59538,n07831146_8235_n07831146.JPEG,959,20260813
59561,n02514041_2643_n02514041.JPEG,389,20260813
59587,n07715103_7407_n07715103.JPEG,938,20260813
59592,n02486261_9407_n02486261.JPEG,371,20260813
59611,n01498041_11028_n01498041.JPEG,6,20260813
59620,n01795545_10373_n01795545.JPEG,80,20260813
59624,n03445777_7538_n03445777.JPEG,574,20260813
59645,n02395406_5942_n02395406.JPEG,341,20260813
59657,n09472597_8714_n09472597.JPEG,980,20260813
59709,n01484850_30448_n01484850.JPEG,2,20260813
59731,n04428191_1235_n04428191.JPEG,856,20260813
59751,n03788365_11260_n03788365.JPEG,669,20260813
59754,n07714571_14621_n07714571.JPEG,936,20260813
59761,n04486054_3966_n04486054.JPEG,873,20260813
59762,n03425413_17399_n03425413.JPEG,571,20260813
59765,n04554684_3410_n04554684.JPEG,897,20260813
59766,n03483316_18059_n03483316.JPEG,589,20260813
59783,n04023962_2366_n04023962.JPEG,747,20260813
59793,n02835271_11938_n02835271.JPEG,444,20260813
59804,n02346627_2949_n02346627.JPEG,334,20260813
59814,n01498041_23161_n01498041.JPEG,6,20260813
59824,n02797295_7988_n02797295.JPEG,428,20260813
59829,n04208210_2161_n04208210.JPEG,792,20260813
59869,n02128385_1015_n02128385.JPEG,288,20260813
59917,n02109961_14314_n02109961.JPEG,248,20260813
59919,n04532670_4297_n04532670.JPEG,888,20260813
59931,n03207743_21202_n03207743.JPEG,533,20260813
59943,n03124170_3591_n03124170.JPEG,515,20260813
59959,n03902125_397_n03902125.JPEG,707,20260813
59970,n02085782_8905_n02085782.JPEG,152,20260813
60017,n10565667_11916_n10565667.JPEG,983,20260813
60037,n03344393_5961_n03344393.JPEG,554,20260813
60043,n02110063_14738_n02110063.JPEG,249,20260813
60064,n07875152_2977_n07875152.JPEG,964,20260813
60079,n02123394_3942_n02123394.JPEG,283,20260813
60082,n02799071_4941_n02799071.JPEG,429,20260813
60127,n03814906_6469_n03814906.JPEG,679,20260813
60199,n03930313_11832_n03930313.JPEG,716,20260813
60219,n03124043_7949_n03124043.JPEG,514,20260813
60248,n03770679_4122_n03770679.JPEG,656,20260813
60249,n02027492_10113_n02027492.JPEG,140,20260813
60250,n04552348_4560_n04552348.JPEG,895,20260813
60261,n01484850_226_n01484850.JPEG,2,20260813
60281,n02894605_50505_n02894605.JPEG,460,20260813
60294,n04485082_9521_n04485082.JPEG,872,20260813
60296,n03769881_38_n03769881.JPEG,654,20260813
60315,n04536866_16561_n04536866.JPEG,889,20260813
60353,n04579432_3880_n04579432.JPEG,902,20260813
60356,n13044778_5796_n13044778.JPEG,995,20260813
60361,n03649909_38494_n03649909.JPEG,621,20260813
60394,n04141076_12329_n04141076.JPEG,776,20260813
60398,n03216828_11297_n03216828.JPEG,536,20260813
60431,n02791124_2874_n02791124.JPEG,423,20260813
60510,n02096585_1163_n02096585.JPEG,195,20260813
60522,n04120489_6549_n04120489.JPEG,770,20260813
60565,n01807496_2687_n01807496.JPEG,86,20260813
60579,n03777568_5029_n03777568.JPEG,661,20260813
60608,n03633091_14324_n03633091.JPEG,618,20260813
60614,n03874599_11992_n03874599.JPEG,695,20260813
60702,n01753488_6086_n01753488.JPEG,66,20260813
60719,n03759954_19619_n03759954.JPEG,650,20260813
60742,n04542943_1571_n04542943.JPEG,891,20260813
60748,n07742313_11193_n07742313.JPEG,948,20260813
60793,n02110627_23039_n02110627.JPEG,252,20260813
60805,n03991062_6942_n03991062.JPEG,738,20260813
60806,n03201208_15417_n03201208.JPEG,532,20260813
60819,n02066245_11626_n02066245.JPEG,147,20260813
60820,n02104029_1973_n02104029.JPEG,222,20260813
60824,n03496892_2751_n03496892.JPEG,595,20260813
60835,n07614500_14934_n07614500.JPEG,928,20260813
60837,n02870880_13922_n02870880.JPEG,453,20260813
60847,n02790996_11218_n02790996.JPEG,422,20260813
60863,n02231487_6900_n02231487.JPEG,313,20260813
60887,n02361337_4275_n02361337.JPEG,336,20260813
60891,n04418357_16470_n04418357.JPEG,854,20260813
60899,n04118538_4369_n04118538.JPEG,768,20260813
60907,n02105412_8018_n02105412.JPEG,227,20260813
60918,n09256479_9378_n09256479.JPEG,973,20260813
60939,n01797886_24677_n01797886.JPEG,82,20260813
60946,n02484975_7859_n02484975.JPEG,370,20260813
60959,n02480495_3927_n02480495.JPEG,365,20260813
60993,n02174001_3187_n02174001.JPEG,306,20260813
61006,n07579787_22223_n07579787.JPEG,923,20260813
61065,n03482405_25525_n03482405.JPEG,588,20260813
61073,n02457408_19879_n02457408.JPEG,364,20260813
61079,n02120505_2457_n02120505.JPEG,280,20260813
61080,n03032252_37831_n03032252.JPEG,498,20260813
61112,n04380533_4040_n04380533.JPEG,846,20260813
61130,n02115913_12796_n02115913.JPEG,274,20260813
61131,n07873807_15254_n07873807.JPEG,963,20260813
61138,n04252077_5940_n04252077.JPEG,802,20260813
61171,n02708093_5713_n02708093.JPEG,409,20260813
61197,n02500267_11978_n02500267.JPEG,384,20260813
61203,n02097047_864_n02097047.JPEG,196,20260813
61204,n02396427_36977_n02396427.JPEG,342,20260813
61216,n03272010_10973_n03272010.JPEG,546,20260813
61242,n03047690_22394_n03047690.JPEG,502,20260813
61247,n03594945_2943_n03594945.JPEG,609,20260813
61265,n02988304_27100_n02988304.JPEG,485,20260813
61316,n04398044_408_n04398044.JPEG,849,20260813
61325,n03770439_5153_n03770439.JPEG,655,20260813
61328,n04258138_11440_n04258138.JPEG,807,20260813
61329,n04525305_13_n04525305.JPEG,886,20260813
61343,n02096437_6965_n02096437.JPEG,194,20260813
61407,n02704792_8111_n02704792.JPEG,408,20260813
61415,n04254680_5110_n04254680.JPEG,805,20260813
61450,n02088466_5153_n02088466.JPEG,163,20260813
61451,n04461696_11148_n04461696.JPEG,864,20260813
61459,n03527444_5276_n03527444.JPEG,597,20260813
61462,n04004767_7207_n04004767.JPEG,742,20260813
61489,n04235860_5459_n04235860.JPEG,797,20260813
61491,n02094433_63_n02094433.JPEG,187,20260813
61501,n02120079_19674_n02120079.JPEG,279,20260813
61507,n02056570_7504_n02056570.JPEG,145,20260813
61516,n03249569_17352_n03249569.JPEG,541,20260813
61535,n04487081_20237_n04487081.JPEG,874,20260813
61545,n02096585_6529_n02096585.JPEG,195,20260813
61561,n04550184_31285_n04550184.JPEG,894,20260813
61584,n03902125_14992_n03902125.JPEG,707,20260813
61587,n03877845_7330_n03877845.JPEG,698,20260813
61594,n01820546_6804_n01820546.JPEG,90,20260813
61601,n04589890_4446_n04589890.JPEG,904,20260813
61602,n01532829_38685_n01532829.JPEG,12,20260813
61603,n04317175_15906_n04317175.JPEG,823,20260813
61619,n02963159_9333_n02963159.JPEG,474,20260813
61628,n03063599_4235_n03063599.JPEG,504,20260813
61637,n02412080_5713_n02412080.JPEG,348,20260813
61638,n02097130_2176_n02097130.JPEG,197,20260813
61642,n03930630_15783_n03930630.JPEG,717,20260813
61656,n03929660_13447_n03929660.JPEG,714,20260813
61670,n03476991_35590_n03476991.JPEG,585,20260813
61671,n02641379_36247_n02641379.JPEG,395,20260813
61690,n02091134_3332_n02091134.JPEG,172,20260813
61693,n04286575_8652_n04286575.JPEG,818,20260813
61694,n02091467_6142_n02091467.JPEG,174,20260813
61695,n03825788_6298_n03825788.JPEG,680,20260813
61711,n03125729_11096_n03125729.JPEG,516,20260813
61715,n04371430_19598_n04371430.JPEG,842,20260813
61718,n02116738_10363_n02116738.JPEG,275,20260813
61780,n03888605_758_n03888605.JPEG,702,20260813
61792,n02457408_3591_n02457408.JPEG,364,20260813
61803,n02098286_3124_n02098286.JPEG,203,20260813
61826,n03127747_8786_n03127747.JPEG,518,20260813
61831,n02119022_1559_n02119022.JPEG,277,20260813
61839,n03063689_7343_n03063689.JPEG,505,20260813
61845,n02676566_3492_n02676566.JPEG,402,20260813
61890,n03272010_3419_n03272010.JPEG,546,20260813
61898,n03796401_24833_n03796401.JPEG,675,20260813
61908,n03041632_37089_n03041632.JPEG,499,20260813
61943,n03788195_49546_n03788195.JPEG,668,20260813
61950,n04270147_18043_n04270147.JPEG,813,20260813
61964,n03602883_13994_n03602883.JPEG,613,20260813
61967,n12057211_1308_n12057211.JPEG,986,20260813
61971,n10565667_1717_n10565667.JPEG,983,20260813
62008,n02089867_5032_n02089867.JPEG,166,20260813
62018,n02017213_9973_n02017213.JPEG,136,20260813
62022,n04296562_32766_n04296562.JPEG,819,20260813
62024,n01695060_6209_n01695060.JPEG,48,20260813
62026,n02395406_20306_n02395406.JPEG,341,20260813
62084,n06785654_1152_n06785654.JPEG,918,20260813
62091,n03792972_8048_n03792972.JPEG,672,20260813
62105,n02966193_26278_n02966193.JPEG,476,20260813
62113,n07749582_3539_n07749582.JPEG,951,20260813
62127,n04590129_18060_n04590129.JPEG,905,20260813
62137,n13037406_5556_n13037406.JPEG,993,20260813
62140,n04258138_10083_n04258138.JPEG,807,20260813
62142,n09428293_42670_n09428293.JPEG,978,20260813
62153,n03485407_1778_n03485407.JPEG,590,20260813
62158,n04019541_16975_n04019541.JPEG,746,20260813
62160,n03314780_13157_n03314780.JPEG,551,20260813
62167,n02091467_3212_n02091467.JPEG,174,20260813
62176,n02096051_8960_n02096051.JPEG,191,20260813
62181,n03742115_6213_n03742115.JPEG,648,20260813
62186,n03026506_3134_n03026506.JPEG,496,20260813
62189,n03777754_6967_n03777754.JPEG,662,20260813
62240,n04589890_12039_n04589890.JPEG,904,20260813
62256,n03297495_6988_n03297495.JPEG,550,20260813
62263,n01871265_5595_n01871265.JPEG,101,20260813
62264,n02481823_307_n02481823.JPEG,367,20260813
62317,n04596742_45201_n04596742.JPEG,909,20260813
62318,n02643566_2677_n02643566.JPEG,396,20260813
62334,n01682714_7736_n01682714.JPEG,40,20260813
62338,n07584110_2326_n07584110.JPEG,925,20260813
62357,n02123045_2339_n02123045.JPEG,281,20260813
62375,n01740131_15558_n01740131.JPEG,60,20260813
62376,n02346627_15608_n02346627.JPEG,334,20260813
62389,n01665541_40724_n01665541.JPEG,34,20260813
62398,n02909870_10848_n02909870.JPEG,463,20260813
62403,n04371774_516_n04371774.JPEG,843,20260813
62415,n03532672_1992_n03532672.JPEG,600,20260813
62445,n03777754_6348_n03777754.JPEG,662,20260813
62457,n03196217_1111_n03196217.JPEG,530,20260813
62460,n03223299_35269_n03223299.JPEG,539,20260813
62463,n03457902_61927_n03457902.JPEG,580,20260813
62470,n04540053_4294_n04540053.JPEG,890,20260813
62475,n03584254_1927_n03584254.JPEG,605,20260813
62478,n02892767_5732_n02892767.JPEG,459,20260813
62493,n03788195_30117_n03788195.JPEG,668,20260813
62511,n02834397_33_n02834397.JPEG,443,20260813
62524,n03045698_3040_n03045698.JPEG,501,20260813
62543,n01872401_7189_n01872401.JPEG,102,20260813
62627,n04120489_2566_n04120489.JPEG,770,20260813
62628,n03899768_26341_n03899768.JPEG,706,20260813
62637,n11879895_6366_n11879895.JPEG,984,20260813
62641,n04277352_29108_n04277352.JPEG,816,20260813
62642,n02093991_2056_n02093991.JPEG,184,20260813
62645,n04501370_7696_n04501370.JPEG,877,20260813
62662,n02692877_10943_n02692877.JPEG,405,20260813
62664,n07717556_11236_n07717556.JPEG,942,20260813
62673,n02966193_26360_n02966193.JPEG,476,20260813
62680,n02910353_12774_n02910353.JPEG,464,20260813
62681,n01819313_7361_n01819313.JPEG,89,20260813
62698,n02395406_14357_n02395406.JPEG,341,20260813
62719,n02089973_7275_n02089973.JPEG,167,20260813
62738,n01697457_153_n01697457.JPEG,49,20260813
62747,n04591157_8534_n04591157.JPEG,906,20260813
62751,n02018207_5168_n02018207.JPEG,137,20260813
62756,n02108422_4367_n02108422.JPEG,243,20260813
62767,n03781244_6970_n03781244.JPEG,663,20260813
62792,n09193705_8724_n09193705.JPEG,970,20260813
62814,n03089624_78402_n03089624.JPEG,509,20260813
62822,n02134418_1575_n02134418.JPEG,297,20260813
62857,n02165105_9913_n02165105.JPEG,300,20260813
62862,n02231487_11605_n02231487.JPEG,313,20260813
62868,n04239074_5001_n04239074.JPEG,799,20260813
62882,n01665541_1109_n01665541.JPEG,34,20260813
62886,n03417042_3479_n03417042.JPEG,569,20260813
62943,n04208210_19433_n04208210.JPEG,792,20260813
62958,n03935335_35326_n03935335.JPEG,719,20260813
62984,n12267677_10619_n12267677.JPEG,988,20260813
63015,n07615774_8646_n07615774.JPEG,929,20260813
63035,n02089867_5994_n02089867.JPEG,166,20260813
63055,n03759954_24393_n03759954.JPEG,650,20260813
63088,n07695742_7911_n07695742.JPEG,932,20260813
63124,n04023962_867_n04023962.JPEG,747,20260813
63138,n03930313_21176_n03930313.JPEG,716,20260813
63150,n04485082_315_n04485082.JPEG,872,20260813
63151,n02279972_12615_n02279972.JPEG,323,20260813
63159,n02457408_9895_n02457408.JPEG,364,20260813
63170,n04443257_18067_n04443257.JPEG,860,20260813
63183,n03709823_27028_n03709823.JPEG,636,20260813
63205,n03445924_13293_n03445924.JPEG,575,20260813
63217,n01910747_13086_n01910747.JPEG,107,20260813
63219,n03207941_12359_n03207941.JPEG,534,20260813
63221,n02011460_3088_n02011460.JPEG,133,20260813
63281,n04442312_27408_n04442312.JPEG,859,20260813
63286,n03109150_7681_n03109150.JPEG,512,20260813
63289,n01871265_1804_n01871265.JPEG,101,20260813
63294,n03967562_20554_n03967562.JPEG,730,20260813
63306,n03444034_6310_n03444034.JPEG,573,20260813
63317,n06596364_7040_n06596364.JPEG,917,20260813
63328,n03041632_6723_n03041632.JPEG,499,20260813
63344,n02099429_2647_n02099429.JPEG,206,20260813
63346,n01608432_6870_n01608432.JPEG,21,20260813
63361,n02094114_3237_n02094114.JPEG,185,20260813
63364,n03125729_14280_n03125729.JPEG,516,20260813
63417,n04493381_42795_n04493381.JPEG,876,20260813
63421,n03888605_10081_n03888605.JPEG,702,20260813
63432,n02097658_7314_n02097658.JPEG,201,20260813
63434,n03344393_5757_n03344393.JPEG,554,20260813
63473,n03661043_4890_n03661043.JPEG,624,20260813
63498,n12144580_28708_n12144580.JPEG,987,20260813
63504,n01631663_1210_n01631663.JPEG,27,20260813
63522,n04265275_598_n04265275.JPEG,811,20260813
63523,n02002724_6536_n02002724.JPEG,128,20260813
63568,n02172182_4652_n02172182.JPEG,305,20260813
63572,n04099969_4041_n04099969.JPEG,765,20260813
63577,n04273569_11962_n04273569.JPEG,814,20260813
63580,n04086273_24745_n04086273.JPEG,763,20260813
63592,n04554684_55418_n04554684.JPEG,897,20260813
63620,n04606251_6850_n04606251.JPEG,913,20260813
63621,n04532106_8684_n04532106.JPEG,887,20260813
63644,n03126707_10227_n03126707.JPEG,517,20260813
63651,n02974003_9152_n02974003.JPEG,479,20260813
63668,n03534580_6690_n03534580.JPEG,601,20260813
63689,n02112350_4233_n02112350.JPEG,261,20260813
63700,n02109525_70885_n02109525.JPEG,247,20260813
63707,n03109150_1589_n03109150.JPEG,512,20260813
63714,n01735189_10369_n01735189.JPEG,57,20260813
63732,n03992509_11078_n03992509.JPEG,739,20260813
63733,n04209239_7627_n04209239.JPEG,794,20260813
63736,n02992211_41138_n02992211.JPEG,486,20260813
63739,n02749479_6290_n02749479.JPEG,413,20260813
63741,n02701002_10678_n02701002.JPEG,407,20260813
63754,n03761084_8353_n03761084.JPEG,651,20260813
63764,n02804414_5319_n02804414.JPEG,431,20260813
63800,n01667114_16100_n01667114.JPEG,35,20260813
63806,n02917067_20463_n02917067.JPEG,466,20260813
63836,n03290653_2060_n03290653.JPEG,548,20260813
63848,n02687172_35894_n02687172.JPEG,403,20260813
63867,n02948072_41315_n02948072.JPEG,470,20260813
63883,n01833805_2671_n01833805.JPEG,94,20260813
63905,n03201208_21282_n03201208.JPEG,532,20260813
63907,n04019541_38172_n04019541.JPEG,746,20260813
63910,n02840245_17566_n02840245.JPEG,446,20260813
63948,n07717410_12030_n07717410.JPEG,941,20260813
63955,n03843555_20018_n03843555.JPEG,686,20260813
63978,n02687172_54127_n02687172.JPEG,403,20260813
63982,n03594945_42008_n03594945.JPEG,609,20260813
63998,n02389026_5771_n02389026.JPEG,339,20260813
64007,n01694178_123_n01694178.JPEG,47,20260813
64013,n03355925_546_n03355925.JPEG,557,20260813
64029,n02840245_1666_n02840245.JPEG,446,20260813
64046,n02096051_2476_n02096051.JPEG,191,20260813
64070,n02226429_10231_n02226429.JPEG,311,20260813
64080,n02093647_1752_n02093647.JPEG,181,20260813
64086,n07717556_12998_n07717556.JPEG,942,20260813
64091,n01675722_4496_n01675722.JPEG,38,20260813
64093,n03868242_8555_n03868242.JPEG,690,20260813
64109,n02442845_22674_n02442845.JPEG,357,20260813
64119,n04332243_18001_n04332243.JPEG,828,20260813
64120,n07753275_3425_n07753275.JPEG,953,20260813
64132,n03124043_4040_n03124043.JPEG,514,20260813
64140,n01776313_24568_n01776313.JPEG,78,20260813
64150,n02676566_6839_n02676566.JPEG,402,20260813
64171,n04229816_5714_n04229816.JPEG,796,20260813
64173,n03764736_11962_n03764736.JPEG,653,20260813
64196,n02280649_3962_n02280649.JPEG,324,20260813
64219,n04517823_4060_n04517823.JPEG,882,20260813
64221,n01806567_7802_n01806567.JPEG,85,20260813
64241,n03980874_3855_n03980874.JPEG,735,20260813
64357,n04604644_5427_n04604644.JPEG,912,20260813
64383,n04597913_10625_n04597913.JPEG,910,20260813
64399,n02110063_13239_n02110063.JPEG,249,20260813
64423,n02841315_15947_n02841315.JPEG,447,20260813
64438,n03825788_14872_n03825788.JPEG,680,20260813
64456,n04111531_12769_n04111531.JPEG,766,20260813
64471,n03197337_1673_n03197337.JPEG,531,20260813
64485,n04596742_21802_n04596742.JPEG,909,20260813
64497,n04507155_3171_n04507155.JPEG,879,20260813
64517,n02111500_8573_n02111500.JPEG,257,20260813
64521,n03983396_10881_n03983396.JPEG,737,20260813
64529,n07714571_2469_n07714571.JPEG,936,20260813
64538,n03272010_7598_n03272010.JPEG,546,20260813
64563,n01692333_7058_n01692333.JPEG,45,20260813
64567,n02727426_21654_n02727426.JPEG,410,20260813
64571,n02447366_1997_n02447366.JPEG,362,20260813
64580,n01755581_19501_n01755581.JPEG,67,20260813
64592,n02106550_2323_n02106550.JPEG,234,20260813
64629,n03127925_1898_n03127925.JPEG,519,20260813
64649,n02134084_3328_n02134084.JPEG,296,20260813
64652,n04560804_5886_n04560804.JPEG,899,20260813
64704,n02093754_693_n02093754.JPEG,182,20260813
64705,n03160309_57772_n03160309.JPEG,525,20260813
64725,n02281406_2880_n02281406.JPEG,325,20260813
64737,n04311174_3088_n04311174.JPEG,822,20260813
64759,n04133789_7863_n04133789.JPEG,774,20260813
64770,n01980166_1167_n01980166.JPEG,120,20260813
64780,n03743016_10046_n03743016.JPEG,649,20260813
64783,n02672831_889_n02672831.JPEG,401,20260813
64785,n02095889_10988_n02095889.JPEG,190,20260813
64822,n02950826_4015_n02950826.JPEG,471,20260813
64824,n02087046_13239_n02087046.JPEG,158,20260813
64828,n03840681_34098_n03840681.JPEG,684,20260813
64832,n09428293_47390_n09428293.JPEG,978,20260813
64842,n04023962_5986_n04023962.JPEG,747,20260813
64857,n01981276_2741_n01981276.JPEG,121,20260813
64875,n02417914_1653_n02417914.JPEG,350,20260813
64920,n04033995_39513_n04033995.JPEG,750,20260813
64925,n03443371_16017_n03443371.JPEG,572,20260813
64938,n03733131_3017_n03733131.JPEG,645,20260813
64940,n02124075_15157_n02124075.JPEG,285,20260813
64986,n04033901_34356_n04033901.JPEG,749,20260813
64991,n02606052_13396_n02606052.JPEG,392,20260813
65023,n02279972_16638_n02279972.JPEG,323,20260813
65055,n03404251_18265_n03404251.JPEG,568,20260813
65119,n03485407_4370_n03485407.JPEG,590,20260813
65122,n02788148_11214_n02788148.JPEG,421,20260813
65157,n04141975_2594_n04141975.JPEG,778,20260813
65177,n04336792_16938_n04336792.JPEG,830,20260813
65207,n03792972_1141_n03792972.JPEG,672,20260813
65208,n02125311_42771_n02125311.JPEG,286,20260813
65218,n04153751_2734_n04153751.JPEG,783,20260813
65289,n02089867_1806_n02089867.JPEG,166,20260813
65325,n01843383_2792_n01843383.JPEG,96,20260813
65343,n01530575_39868_n01530575.JPEG,10,20260813
65368,n03188531_26048_n03188531.JPEG,529,20260813
65380,n04023962_12459_n04023962.JPEG,747,20260813
65388,n02483708_1374_n02483708.JPEG,369,20260813
65395,n02110806_10420_n02110806.JPEG,253,20260813
65404,n07590611_9775_n07590611.JPEG,926,20260813
65413,n04131690_12691_n04131690.JPEG,773,20260813
65418,n01740131_21069_n01740131.JPEG,60,20260813
65419,n04606251_12933_n04606251.JPEG,913,20260813
65422,n02483362_1715_n02483362.JPEG,368,20260813
65425,n02113978_5528_n02113978.JPEG,268,20260813
65507,n03141823_5251_n03141823.JPEG,523,20260813
65509,n03920288_3714_n03920288.JPEG,712,20260813
65534,n03530642_17953_n03530642.JPEG,599,20260813
65547,n03804744_41347_n03804744.JPEG,677,20260813
65567,n02051845_596_n02051845.JPEG,144,20260813
65588,n02883205_23715_n02883205.JPEG,457,20260813
65595,n01558993_3674_n01558993.JPEG,15,20260813
65597,n04127249_303_n04127249.JPEG,772,20260813
65603,n02108422_2679_n02108422.JPEG,243,20260813
65606,n03792782_7745_n03792782.JPEG,671,20260813
65612,n02687172_15338_n02687172.JPEG,403,20260813
65621,n02168699_14895_n02168699.JPEG,303,20260813
65633,n02095889_4199_n02095889.JPEG,190,20260813
65634,n02992529_37018_n02992529.JPEG,487,20260813
65647,n02500267_2764_n02500267.JPEG,384,20260813
65656,n02667093_958_n02667093.JPEG,399,20260813
65658,n03345487_13523_n03345487.JPEG,555,20260813
65662,n04039381_17031_n04039381.JPEG,752,20260813
65672,n03384352_5158_n03384352.JPEG,561,20260813
65716,n04192698_48954_n04192698.JPEG,787,20260813
65747,n03590841_1707_n03590841.JPEG,607,20260813
65773,n03498962_39155_n03498962.JPEG,596,20260813
65782,n02113978_5709_n02113978.JPEG,268,20260813
65794,n02835271_6462_n02835271.JPEG,444,20260813
65838,n04482393_38144_n04482393.JPEG,870,20260813
65848,n03788365_6157_n03788365.JPEG,669,20260813
65859,n02051845_14494_n02051845.JPEG,144,20260813
65864,n02091134_4835_n02091134.JPEG,172,20260813
65899,n03109150_374_n03109150.JPEG,512,20260813
65906,n02489166_2960_n02489166.JPEG,376,20260813
65913,n02096437_1080_n02096437.JPEG,194,20260813
65919,n04525038_3800_n04525038.JPEG,885,20260813
65928,n01687978_8228_n01687978.JPEG,42,20260813
65957,n04517823_6143_n04517823.JPEG,882,20260813
66040,n02134418_102_n02134418.JPEG,297,20260813
66055,n07614500_27444_n07614500.JPEG,928,20260813
66060,n04590129_638_n04590129.JPEG,905,20260813
66064,n07590611_1_n07590611.JPEG,926,20260813
66074,n02488702_6700_n02488702.JPEG,375,20260813
66080,n02104365_4794_n02104365.JPEG,223,20260813
66082,n02930766_52201_n02930766.JPEG,468,20260813
66104,n04179913_14798_n04179913.JPEG,786,20260813
66195,n03125729_4149_n03125729.JPEG,516,20260813
66213,n02256656_8280_n02256656.JPEG,316,20260813
66228,n04209133_4003_n04209133.JPEG,793,20260813
66233,n02095570_53_n02095570.JPEG,189,20260813
66236,n03930313_16037_n03930313.JPEG,716,20260813
66268,n01955084_3634_n01955084.JPEG,116,20260813
66301,n04179913_14921_n04179913.JPEG,786,20260813
66323,n04525305_21087_n04525305.JPEG,886,20260813
66327,n02077923_983_n02077923.JPEG,150,20260813
66338,n04509417_4284_n04509417.JPEG,880,20260813
66349,n02895154_23775_n02895154.JPEG,461,20260813
66357,n09246464_22475_n09246464.JPEG,972,20260813
66374,n02797295_7021_n02797295.JPEG,428,20260813
66378,n04033995_44830_n04033995.JPEG,750,20260813
66386,n03857828_38997_n03857828.JPEG,688,20260813
66402,n02655020_5026_n02655020.JPEG,397,20260813
66405,n02110627_14591_n02110627.JPEG,252,20260813
66429,n02115641_3242_n02115641.JPEG,273,20260813
66457,n03617480_11190_n03617480.JPEG,614,20260813
66464,n04136333_11646_n04136333.JPEG,775,20260813
66501,n07693725_8974_n07693725.JPEG,931,20260813
66506,n04026417_24059_n04026417.JPEG,748,20260813
66508,n01917289_2113_n01917289.JPEG,109,20260813
66510,n02328150_8129_n02328150.JPEG,332,20260813
66516,n01751748_7875_n01751748.JPEG,65,20260813
66517,n03777754_26111_n03777754.JPEG,662,20260813
66518,n03337140_10277_n03337140.JPEG,553,20260813
66530,n03770439_18520_n03770439.JPEG,655,20260813
66557,n01667778_17490_n01667778.JPEG,36,20260813
66565,n13133613_2926_n13133613.JPEG,998,20260813
66573,n02906734_26921_n02906734.JPEG,462,20260813
66575,n04487081_30014_n04487081.JPEG,874,20260813
66578,n09288635_860_n09288635.JPEG,974,20260813
66582,n04238763_11614_n04238763.JPEG,798,20260813
66583,n02280649_3076_n02280649.JPEG,324,20260813
66587,n02442845_22426_n02442845.JPEG,357,20260813
66592,n01968897_515_n01968897.JPEG,117,20260813
66605,n02701002_12310_n02701002.JPEG,407,20260813
66621,n13044778_1169_n13044778.JPEG,995,20260813
66693,n02099601_5852_n02099601.JPEG,207,20260813
66699,n04258138_17142_n04258138.JPEG,807,20260813
66717,n04525305_5264_n04525305.JPEG,886,20260813
66730,n03937543_2964_n03937543.JPEG,720,20260813
66748,n07613480_16481_n07613480.JPEG,927,20260813
66829,n02169497_1588_n02169497.JPEG,304,20260813
66835,n03598930_3970_n03598930.JPEG,611,20260813
66845,n09835506_14284_n09835506.JPEG,981,20260813
66857,n02699494_7161_n02699494.JPEG,406,20260813
66861,n02123045_15963_n02123045.JPEG,281,20260813
66913,n04346328_19560_n04346328.JPEG,832,20260813
66915,n02909870_37528_n02909870.JPEG,463,20260813
66941,n02093754_2825_n02093754.JPEG,182,20260813
66963,n07749582_5504_n07749582.JPEG,951,20260813
66965,n03929855_2468_n03929855.JPEG,715,20260813
66983,n02492660_7096_n02492660.JPEG,379,20260813
66984,n02086240_8333_n02086240.JPEG,155,20260813
66996,n03452741_4192_n03452741.JPEG,579,20260813
67011,n04522168_19850_n04522168.JPEG,883,20260813
67012,n07734744_7067_n07734744.JPEG,947,20260813
67038,n01882714_2158_n01882714.JPEG,105,20260813
67046,n03781244_7845_n03781244.JPEG,663,20260813
67052,n02504458_9516_n02504458.JPEG,386,20260813
67059,n02489166_759_n02489166.JPEG,376,20260813
67092,n03930630_11179_n03930630.JPEG,717,20260813
67105,n01531178_18035_n01531178.JPEG,11,20260813
67109,n03355925_20796_n03355925.JPEG,557,20260813
67119,n03494278_35572_n03494278.JPEG,593,20260813
67127,n04162706_45985_n04162706.JPEG,785,20260813
67134,n07717556_751_n07717556.JPEG,942,20260813
67140,n02643566_2411_n02643566.JPEG,396,20260813
67181,n02454379_17424_n02454379.JPEG,363,20260813
67183,n02124075_10880_n02124075.JPEG,285,20260813
67188,n02279972_11325_n02279972.JPEG,323,20260813
67196,n03538406_12282_n03538406.JPEG,603,20260813
67210,n03544143_17513_n03544143.JPEG,604,20260813
67218,n01944390_4879_n01944390.JPEG,113,20260813
67224,n03791053_7764_n03791053.JPEG,670,20260813
67235,n12144580_3658_n12144580.JPEG,987,20260813
67275,n04505470_3447_n04505470.JPEG,878,20260813
67280,n04357314_16754_n04357314.JPEG,838,20260813
67283,n04311174_9064_n04311174.JPEG,822,20260813
67287,n02087394_5206_n02087394.JPEG,159,20260813
67290,n04026417_10908_n04026417.JPEG,748,20260813
67303,n03670208_16659_n03670208.JPEG,627,20260813
67319,n02786058_11082_n02786058.JPEG,419,20260813
67327,n02494079_7909_n02494079.JPEG,382,20260813
67331,n04328186_45596_n04328186.JPEG,826,20260813
67335,n02317335_1032_n02317335.JPEG,327,20260813
67337,n03786901_7274_n03786901.JPEG,666,20260813
67340,n03976467_1674_n03976467.JPEG,732,20260813
67353,n03710637_23744_n03710637.JPEG,638,20260813
67365,n07892512_38454_n07892512.JPEG,966,20260813
67367,n02128757_1746_n02128757.JPEG,289,20260813
67383,n03782006_12001_n03782006.JPEG,664,20260813
67422,n02100583_10085_n02100583.JPEG,211,20260813
67474,n02701002_3381_n02701002.JPEG,407,20260813
67482,n02108551_3796_n02108551.JPEG,244,20260813
67493,n03297495_4773_n03297495.JPEG,550,20260813
67507,n03868242_2490_n03868242.JPEG,690,20260813
67574,n03032252_34348_n03032252.JPEG,498,20260813
67581,n02111277_2865_n02111277.JPEG,256,20260813
67593,n03445777_10862_n03445777.JPEG,574,20260813
67616,n02110341_2394_n02110341.JPEG,251,20260813
67621,n01806143_35792_n01806143.JPEG,84,20260813
67623,n04486054_6708_n04486054.JPEG,873,20260813
67628,n02704792_19190_n02704792.JPEG,408,20260813
67630,n03838899_1216_n03838899.JPEG,683,20260813
67633,n02727426_12596_n02727426.JPEG,410,20260813
67648,n02877765_10985_n02877765.JPEG,455,20260813
67662,n03325584_16447_n03325584.JPEG,552,20260813
67671,n04376876_18468_n04376876.JPEG,845,20260813
67687,n02776631_14133_n02776631.JPEG,415,20260813
67725,n03690938_9904_n03690938.JPEG,631,20260813
67733,n02669723_11774_n02669723.JPEG,400,20260813
67737,n02917067_28006_n02917067.JPEG,466,20260813
67740,n04229816_7531_n04229816.JPEG,796,20260813
67770,n09229709_10704_n09229709.JPEG,971,20260813
67772,n07920052_22208_n07920052.JPEG,967,20260813
67788,n02111277_2405_n02111277.JPEG,256,20260813
67802,n09428293_38776_n09428293.JPEG,978,20260813
67815,n02110806_20900_n02110806.JPEG,253,20260813
67846,n03887697_4744_n03887697.JPEG,700,20260813
67852,n09193705_30393_n09193705.JPEG,970,20260813
67859,n02808440_29952_n02808440.JPEG,435,20260813
67867,n02085620_4636_n02085620.JPEG,151,20260813
67904,n03958227_10799_n03958227.JPEG,728,20260813
67925,n02097298_16560_n02097298.JPEG,199,20260813
67947,n01677366_6741_n01677366.JPEG,39,20260813
67954,n03388549_11361_n03388549.JPEG,564,20260813
67961,n02219486_29729_n02219486.JPEG,310,20260813
67964,n02120079_13505_n02120079.JPEG,279,20260813
67977,n03873416_23297_n03873416.JPEG,693,20260813
68013,n09468604_52438_n09468604.JPEG,979,20260813
68076,n02066245_22940_n02066245.JPEG,147,20260813
68087,n03924679_18348_n03924679.JPEG,713,20260813
68088,n13037406_3280_n13037406.JPEG,993,20260813
68098,n03637318_20907_n03637318.JPEG,619,20260813
68204,n02727426_32869_n02727426.JPEG,410,20260813
68212,n01784675_8736_n01784675.JPEG,79,20260813
68255,n04204347_2556_n04204347.JPEG,791,20260813
68263,n07760859_752_n07760859.JPEG,956,20260813
68272,n02966193_3932_n02966193.JPEG,476,20260813
68273,n02859443_5784_n02859443.JPEG,449,20260813
68275,n04476259_23865_n04476259.JPEG,868,20260813
68287,n03888257_22926_n03888257.JPEG,701,20260813
68291,n01677366_38365_n01677366.JPEG,39,20260813
68302,n01770081_7680_n01770081.JPEG,70,20260813
68307,n02817516_35321_n02817516.JPEG,439,20260813
68309,n04252077_13547_n04252077.JPEG,802,20260813
68310,n01629819_5827_n01629819.JPEG,25,20260813
68324,n02823428_1200_n02823428.JPEG,440,20260813
68336,n02281787_3858_n02281787.JPEG,326,20260813
68372,n02093256_48404_n02093256.JPEG,179,20260813
68374,n03840681_5989_n03840681.JPEG,684,20260813
68410,n02317335_55450_n02317335.JPEG,327,20260813
68417,n04162706_68812_n04162706.JPEG,785,20260813
68424,n01629819_20474_n01629819.JPEG,25,20260813
68473,n01601694_428_n01601694.JPEG,20,20260813
68487,n03461385_6888_n03461385.JPEG,582,20260813
68498,n02328150_18106_n02328150.JPEG,332,20260813
68530,n12998815_1827_n12998815.JPEG,992,20260813
68538,n02105056_13646_n02105056.JPEG,224,20260813
68552,n03544143_3900_n03544143.JPEG,604,20260813
68597,n02877765_15923_n02877765.JPEG,455,20260813
68604,n02093754_5284_n02093754.JPEG,182,20260813
68613,n04346328_4240_n04346328.JPEG,832,20260813
68621,n02115641_3814_n02115641.JPEG,273,20260813
68631,n02999410_3014_n02999410.JPEG,488,20260813
68649,n02422106_4379_n02422106.JPEG,351,20260813
68650,n03770439_23440_n03770439.JPEG,655,20260813
68662,n03014705_10815_n03014705.JPEG,492,20260813
68670,n04554684_42053_n04554684.JPEG,897,20260813
68729,n07697313_15288_n07697313.JPEG,933,20260813
68761,n02097130_10822_n02097130.JPEG,197,20260813
68763,n02268443_28739_n02268443.JPEG,319,20260813
68765,n04584207_16537_n04584207.JPEG,903,20260813
68794,n04330267_13761_n04330267.JPEG,827,20260813
68798,n02514041_3822_n02514041.JPEG,389,20260813
68815,n01704323_5474_n01704323.JPEG,51,20260813
68824,n03045698_4998_n03045698.JPEG,501,20260813
68839,n02113978_4773_n02113978.JPEG,268,20260813
68843,n03134739_4309_n03134739.JPEG,522,20260813
68852,n04125021_26370_n04125021.JPEG,771,20260813
68855,n04133789_8338_n04133789.JPEG,774,20260813
68874,n02981792_11677_n02981792.JPEG,484,20260813
68875,n03249569_15270_n03249569.JPEG,541,20260813
68892,n07695742_181_n07695742.JPEG,932,20260813
68918,n03388043_3851_n03388043.JPEG,562,20260813
68935,n04380533_292_n04380533.JPEG,846,20260813
68941,n03866082_3873_n03866082.JPEG,689,20260813
68961,n04517823_13905_n04517823.JPEG,882,20260813
68993,n01534433_9041_n01534433.JPEG,13,20260813
69016,n02672831_31356_n02672831.JPEG,401,20260813
69050,n03124170_12301_n03124170.JPEG,515,20260813
69052,n02091244_10698_n02091244.JPEG,173,20260813
69067,n04285008_658_n04285008.JPEG,817,20260813
69094,n02865351_6890_n02865351.JPEG,451,20260813
69123,n03691459_51032_n03691459.JPEG,632,20260813
69129,n01687978_8139_n01687978.JPEG,42,20260813
69140,n01843383_1795_n01843383.JPEG,96,20260813
69148,n03535780_47644_n03535780.JPEG,602,20260813
69163,n03617480_4096_n03617480.JPEG,614,20260813
69210,n04041544_14334_n04041544.JPEG,754,20260813
69223,n03259280_4335_n03259280.JPEG,544,20260813
69230,n03803284_14953_n03803284.JPEG,676,20260813
69235,n02092002_3401_n02092002.JPEG,177,20260813
69259,n04548280_4150_n04548280.JPEG,892,20260813
69281,n03026506_3371_n03026506.JPEG,496,20260813
69282,n02028035_4761_n02028035.JPEG,141,20260813
69284,n02966193_30484_n02966193.JPEG,476,20260813
69285,n02013706_3080_n02013706.JPEG,135,20260813
69289,n01641577_12819_n01641577.JPEG,30,20260813
69301,n03017168_85630_n03017168.JPEG,494,20260813
69303,n04275548_11889_n04275548.JPEG,815,20260813
69305,n02951585_33245_n02951585.JPEG,473,20260813
69309,n01644900_4617_n01644900.JPEG,32,20260813
69330,n01872401_3173_n01872401.JPEG,102,20260813
69347,n01630670_4291_n01630670.JPEG,26,20260813
69352,n02123394_4377_n02123394.JPEG,283,20260813
69354,n02102973_5937_n02102973.JPEG,221,20260813
69375,n03424325_7732_n03424325.JPEG,570,20260813
69383,n04366367_13680_n04366367.JPEG,839,20260813
69401,n01682714_17010_n01682714.JPEG,40,20260813
69407,n02655020_9956_n02655020.JPEG,397,20260813
69410,n01739381_8071_n01739381.JPEG,59,20260813
69417,n01729977_2230_n01729977.JPEG,55,20260813
69425,n02088238_3500_n02088238.JPEG,161,20260813
69427,n03775071_7183_n03775071.JPEG,658,20260813
69432,n01735189_20250_n01735189.JPEG,57,20260813
69439,n01560419_8549_n01560419.JPEG,16,20260813
69441,n03983396_2777_n03983396.JPEG,737,20260813
69452,n02346627_3351_n02346627.JPEG,334,20260813
69485,n04447861_6561_n04447861.JPEG,861,20260813
69493,n02951585_17700_n02951585.JPEG,473,20260813
69495,n01631663_1278_n01631663.JPEG,27,20260813
69505,n02092002_13224_n02092002.JPEG,177,20260813
69519,n03598930_10487_n03598930.JPEG,611,20260813
69520,n02093428_7924_n02093428.JPEG,180,20260813
69540,n03720891_8849_n03720891.JPEG,641,20260813
69568,n02892767_21162_n02892767.JPEG,459,20260813
69571,n02865351_11048_n02865351.JPEG,451,20260813
69596,n04263257_4848_n04263257.JPEG,809,20260813
69604,n02493509_13991_n02493509.JPEG,380,20260813
69617,n04597913_4873_n04597913.JPEG,910,20260813
69638,n02396427_7266_n02396427.JPEG,342,20260813
69650,n03216828_11408_n03216828.JPEG,536,20260813
69686,n03180011_5068_n03180011.JPEG,527,20260813
69692,n03662601_30731_n03662601.JPEG,625,20260813
69693,n02098105_1064_n02098105.JPEG,202,20260813
69694,n04380533_4648_n04380533.JPEG,846,20260813
69700,n03617480_12269_n03617480.JPEG,614,20260813
69712,n02128757_12112_n02128757.JPEG,289,20260813
69722,n01983481_3984_n01983481.JPEG,122,20260813
69773,n04392985_9144_n04392985.JPEG,848,20260813
69774,n04371774_15096_n04371774.JPEG,843,20260813
69790,n07718472_16683_n07718472.JPEG,943,20260813
69807,n12768682_42264_n12768682.JPEG,990,20260813
69826,n02097658_1868_n02097658.JPEG,201,20260813
69832,n02422699_12190_n02422699.JPEG,352,20260813
69873,n02206856_6708_n02206856.JPEG,309,20260813
69881,n03868863_360_n03868863.JPEG,691,20260813
69907,n03924679_18180_n03924679.JPEG,713,20260813
69923,n02909870_12195_n02909870.JPEG,463,20260813
69927,n03770679_24578_n03770679.JPEG,656,20260813
69936,n02494079_7611_n02494079.JPEG,382,20260813
69947,n03590841_12202_n03590841.JPEG,607,20260813
69967,n03920288_2149_n03920288.JPEG,712,20260813
69986,n03000134_670_n03000134.JPEG,489,20260813
70019,n02112137_6857_n02112137.JPEG,260,20260813
70027,n03992509_9615_n03992509.JPEG,739,20260813
70051,n01537544_15954_n01537544.JPEG,14,20260813
70083,n02364673_13445_n02364673.JPEG,338,20260813
70099,n04154565_36509_n04154565.JPEG,784,20260813
70104,n02398521_11127_n02398521.JPEG,344,20260813
70130,n04208210_4590_n04208210.JPEG,792,20260813
70162,n02097658_7827_n02097658.JPEG,201,20260813
70229,n03125729_13571_n03125729.JPEG,516,20260813
70233,n02098105_2537_n02098105.JPEG,202,20260813
70236,n02097047_4394_n02097047.JPEG,196,20260813
70240,n07753113_10076_n07753113.JPEG,952,20260813
70249,n04532670_10198_n04532670.JPEG,888,20260813
70251,n03733131_4494_n03733131.JPEG,645,20260813
70257,n02090379_5942_n02090379.JPEG,168,20260813
70259,n03584254_3126_n03584254.JPEG,605,20260813
70263,n03445777_5377_n03445777.JPEG,574,20260813
70290,n01924916_7978_n01924916.JPEG,110,20260813
70291,n04371774_15316_n04371774.JPEG,843,20260813
70304,n03884397_2228_n03884397.JPEG,699,20260813
70313,n01755581_10937_n01755581.JPEG,67,20260813
70316,n02085620_16720_n02085620.JPEG,151,20260813
70334,n02113712_7996_n02113712.JPEG,266,20260813
70360,n02113712_1321_n02113712.JPEG,266,20260813
70374,n04389033_3642_n04389033.JPEG,847,20260813
70378,n06794110_1770_n06794110.JPEG,919,20260813
70396,n02268443_41597_n02268443.JPEG,319,20260813
70405,n10565667_11653_n10565667.JPEG,983,20260813
70429,n03720891_20961_n03720891.JPEG,641,20260813
70430,n04367480_12507_n04367480.JPEG,840,20260813
70441,n02346627_11712_n02346627.JPEG,334,20260813
70443,n02113186_8621_n02113186.JPEG,264,20260813
70462,n04592741_7189_n04592741.JPEG,908,20260813
70477,n04008634_20604_n04008634.JPEG,744,20260813
70494,n02802426_20845_n02802426.JPEG,430,20260813
70497,n03492542_29626_n03492542.JPEG,592,20260813
70502,n04456115_28412_n04456115.JPEG,862,20260813
70541,n03929855_6678_n03929855.JPEG,715,20260813
70542,n02823428_4056_n02823428.JPEG,440,20260813
70543,n02110627_11877_n02110627.JPEG,252,20260813
70583,n03445777_1717_n03445777.JPEG,574,20260813
70599,n02786058_5259_n02786058.JPEG,419,20260813
70606,n02115913_12700_n02115913.JPEG,274,20260813
70618,n03764736_9392_n03764736.JPEG,653,20260813
70623,n02443484_5319_n02443484.JPEG,359,20260813
70638,n02398521_18923_n02398521.JPEG,344,20260813
70657,n02086240_7098_n02086240.JPEG,155,20260813
70665,n03843555_4408_n03843555.JPEG,686,20260813
70697,n02415577_2745_n02415577.JPEG,349,20260813
70706,n03733131_1916_n03733131.JPEG,645,20260813
70724,n07920052_8138_n07920052.JPEG,967,20260813
70769,n03376595_889_n03376595.JPEG,559,20260813
70772,n01990800_16169_n01990800.JPEG,126,20260813
70774,n02791124_11512_n02791124.JPEG,423,20260813
70780,n07860988_12401_n07860988.JPEG,961,20260813
70789,n02100583_830_n02100583.JPEG,211,20260813
70799,n02104029_5940_n02104029.JPEG,222,20260813
70804,n04591157_3557_n04591157.JPEG,906,20260813
70818,n03187595_13969_n03187595.JPEG,528,20260813
70819,n01514668_19177_n01514668.JPEG,7,20260813
70822,n07753113_27272_n07753113.JPEG,952,20260813
70825,n03776460_5761_n03776460.JPEG,660,20260813
70831,n02971356_21876_n02971356.JPEG,478,20260813
70838,n01675722_5588_n01675722.JPEG,38,20260813
70846,n01917289_3063_n01917289.JPEG,109,20260813
70848,n03400231_10939_n03400231.JPEG,567,20260813
70862,n03782006_3038_n03782006.JPEG,664,20260813
70902,n02128385_736_n02128385.JPEG,288,20260813
70913,n07718472_20423_n07718472.JPEG,943,20260813
70926,n02346627_6833_n02346627.JPEG,334,20260813
70943,n04023962_17408_n04023962.JPEG,747,20260813
70959,n07697313_3429_n07697313.JPEG,933,20260813
70965,n03764736_979_n03764736.JPEG,653,20260813
70981,n02441942_4146_n02441942.JPEG,356,20260813
71033,n02966193_11460_n02966193.JPEG,476,20260813
71074,n02012849_2516_n02012849.JPEG,134,20260813
71082,n04201297_9890_n04201297.JPEG,789,20260813
71083,n03026506_7749_n03026506.JPEG,496,20260813
71084,n04597913_1312_n04597913.JPEG,910,20260813
71107,n02098105_1377_n02098105.JPEG,202,20260813
71124,n02107574_368_n02107574.JPEG,238,20260813
71135,n02480855_7806_n02480855.JPEG,366,20260813
71136,n03394916_15787_n03394916.JPEG,566,20260813
71152,n01980166_211_n01980166.JPEG,120,20260813
71169,n01484850_254_n01484850.JPEG,2,20260813
71170,n04266014_7967_n04266014.JPEG,812,20260813
71178,n02356798_4291_n02356798.JPEG,335,20260813
71190,n02012849_41709_n02012849.JPEG,134,20260813
71193,n02971356_4557_n02971356.JPEG,478,20260813
71209,n12267677_24083_n12267677.JPEG,988,20260813
71214,n04204238_2748_n04204238.JPEG,790,20260813
71281,n04238763_4455_n04238763.JPEG,798,20260813
71340,n02111277_13457_n02111277.JPEG,256,20260813
71348,n09428293_333_n09428293.JPEG,978,20260813
71352,n02129604_7212_n02129604.JPEG,292,20260813
71356,n07747607_16063_n07747607.JPEG,950,20260813
71379,n04141327_6551_n04141327.JPEG,777,20260813
71384,n01797886_21682_n01797886.JPEG,82,20260813
71401,n03424325_24547_n03424325.JPEG,570,20260813
71407,n02808304_12526_n02808304.JPEG,434,20260813
71410,n02817516_18819_n02817516.JPEG,439,20260813
71471,n02058221_13238_n02058221.JPEG,146,20260813
71527,n07716358_10825_n07716358.JPEG,939,20260813
71551,n01774750_13875_n01774750.JPEG,76,20260813
71559,n03825788_19239_n03825788.JPEG,680,20260813
71601,n02606052_12361_n02606052.JPEG,392,20260813
71619,n02109047_38209_n02109047.JPEG,246,20260813
71624,n01664065_4401_n01664065.JPEG,33,20260813
71654,n02092339_7463_n02092339.JPEG,178,20260813
71694,n04039381_4365_n04039381.JPEG,752,20260813
71700,n02100735_12192_n02100735.JPEG,212,20260813
71701,n03424325_17593_n03424325.JPEG,570,20260813
71709,n04456115_12865_n04456115.JPEG,862,20260813
71719,n01828970_7648_n01828970.JPEG,92,20260813
71723,n04154565_20195_n04154565.JPEG,784,20260813
71765,n02172182_6122_n02172182.JPEG,305,20260813
71791,n03697007_19814_n03697007.JPEG,634,20260813
71800,n04522168_25582_n04522168.JPEG,883,20260813
71819,n04270147_7847_n04270147.JPEG,813,20260813
71824,n03788365_15706_n03788365.JPEG,669,20260813
71827,n01698640_1334_n01698640.JPEG,50,20260813
71832,n04335435_22412_n04335435.JPEG,829,20260813
71843,n03763968_11373_n03763968.JPEG,652,20260813
71847,n02363005_25289_n02363005.JPEG,337,20260813
71855,n03763968_4446_n03763968.JPEG,652,20260813
71858,n09421951_18711_n09421951.JPEG,977,20260813
71862,n04147183_46641_n04147183.JPEG,780,20260813
71863,n03347037_8553_n03347037.JPEG,556,20260813
71888,n02128385_21716_n02128385.JPEG,288,20260813
71892,n02808440_5710_n02808440.JPEG,435,20260813
71894,n02089867_1790_n02089867.JPEG,166,20260813
71897,n01828970_2375_n01828970.JPEG,92,20260813
71902,n02493793_1048_n02493793.JPEG,381,20260813
71917,n04204347_1484_n04204347.JPEG,791,20260813
71957,n03874293_1489_n03874293.JPEG,694,20260813
71965,n02317335_4998_n02317335.JPEG,327,20260813
71966,n02115913_303_n02115913.JPEG,274,20260813
72001,n03594945_20944_n03594945.JPEG,609,20260813
72008,n03642806_15997_n03642806.JPEG,620,20260813
72012,n03709823_10199_n03709823.JPEG,636,20260813
72019,n07718747_12679_n07718747.JPEG,944,20260813
72028,n03272562_19115_n03272562.JPEG,547,20260813
72035,n02086646_5478_n02086646.JPEG,156,20260813
72040,n01531178_11317_n01531178.JPEG,11,20260813
72051,n03657121_15244_n03657121.JPEG,622,20260813
72058,n02408429_283_n02408429.JPEG,346,20260813
72112,n02690373_4213_n02690373.JPEG,404,20260813
72114,n01749939_6616_n01749939.JPEG,64,20260813
72116,n04493381_4872_n04493381.JPEG,876,20260813
72139,n03216828_10917_n03216828.JPEG,536,20260813
72143,n03868863_2803_n03868863.JPEG,691,20260813
72161,n03769881_7004_n03769881.JPEG,654,20260813
72188,n04372370_3045_n04372370.JPEG,844,20260813
72208,n03710721_11388_n03710721.JPEG,639,20260813
72214,n09246464_60460_n09246464.JPEG,972,20260813
72215,n02099712_6503_n02099712.JPEG,208,20260813
72223,n03982430_28132_n03982430.JPEG,736,20260813
72233,n07802026_2617_n07802026.JPEG,958,20260813
72261,n03485407_3302_n03485407.JPEG,590,20260813
72270,n04548280_205_n04548280.JPEG,892,20260813
72271,n03290653_18428_n03290653.JPEG,548,20260813
72279,n02108915_2443_n02108915.JPEG,245,20260813
72292,n03791053_8117_n03791053.JPEG,670,20260813
72316,n02002724_3473_n02002724.JPEG,128,20260813
72374,n03710193_3457_n03710193.JPEG,637,20260813
72377,n03450230_12008_n03450230.JPEG,578,20260813
72378,n02747177_368_n02747177.JPEG,412,20260813
72395,n03529860_16288_n03529860.JPEG,598,20260813
72397,n03075370_5270_n03075370.JPEG,507,20260813
72418,n01692333_7212_n01692333.JPEG,45,20260813
72421,n07871810_13696_n07871810.JPEG,962,20260813
72422,n03742115_927_n03742115.JPEG,648,20260813
72463,n07753592_605_n07753592.JPEG,954,20260813
72472,n02105855_5495_n02105855.JPEG,230,20260813
72480,n04584207_5538_n04584207.JPEG,903,20260813
72505,n03095699_2852_n03095699.JPEG,510,20260813
72521,n03998194_6270_n03998194.JPEG,741,20260813
72543,n03764736_309_n03764736.JPEG,653,20260813
72544,n03627232_26225_n03627232.JPEG,616,20260813
72575,n02095570_8445_n02095570.JPEG,189,20260813
72582,n02105412_6314_n02105412.JPEG,227,20260813
72583,n01806143_3073_n01806143.JPEG,84,20260813
72617,n03599486_18057_n03599486.JPEG,612,20260813
72623,n03777568_5730_n03777568.JPEG,661,20260813
72629,n02391049_1188_n02391049.JPEG,340,20260813
72631,n04344873_10480_n04344873.JPEG,831,20260813
72654,n04467665_45680_n04467665.JPEG,867,20260813
72665,n02100583_17563_n02100583.JPEG,211,20260813
72673,n02109961_26909_n02109961.JPEG,248,20260813
72698,n02107574_1289_n02107574.JPEG,238,20260813
72706,n02112137_13651_n02112137.JPEG,260,20260813
72707,n04074963_12612_n04074963.JPEG,761,20260813
72720,n04591157_8636_n04591157.JPEG,906,20260813
72725,n01798484_9858_n01798484.JPEG,83,20260813
72731,n02795169_44453_n02795169.JPEG,427,20260813
72751,n01914609_5721_n01914609.JPEG,108,20260813
72785,n02236044_8344_n02236044.JPEG,315,20260813
72799,n03868242_3529_n03868242.JPEG,690,20260813
72826,n13040303_8076_n13040303.JPEG,994,20260813
72873,n02119022_3426_n02119022.JPEG,277,20260813
72883,n04074963_20098_n04074963.JPEG,761,20260813
72899,n03717622_5676_n03717622.JPEG,640,20260813
72950,n03796401_10449_n03796401.JPEG,675,20260813
72979,n03950228_9246_n03950228.JPEG,725,20260813
73020,n01735189_16741_n01735189.JPEG,57,20260813
73022,n01682714_14835_n01682714.JPEG,40,20260813
73041,n12985857_1489_n12985857.JPEG,991,20260813
73072,n04243546_15399_n04243546.JPEG,800,20260813
73078,n02814533_21120_n02814533.JPEG,436,20260813
73105,n02105641_1584_n02105641.JPEG,229,20260813
73178,n03908714_6526_n03908714.JPEG,710,20260813
73182,n03062245_167_n03062245.JPEG,503,20260813
73208,n03445777_5463_n03445777.JPEG,574,20260813
73213,n01729977_10663_n01729977.JPEG,55,20260813
73229,n04525038_38741_n04525038.JPEG,885,20260813
73255,n07613480_44005_n07613480.JPEG,927,20260813
73280,n04133789_2607_n04133789.JPEG,774,20260813
73292,n02089867_7408_n02089867.JPEG,166,20260813
73295,n04086273_24725_n04086273.JPEG,763,20260813
73300,n02281406_9141_n02281406.JPEG,325,20260813
73319,n02051845_6216_n02051845.JPEG,144,20260813
73336,n07880968_2104_n07880968.JPEG,965,20260813
73352,n03764736_6462_n03764736.JPEG,653,20260813
73353,n07565083_5582_n07565083.JPEG,922,20260813
73371,n03788195_2011_n03788195.JPEG,668,20260813
73401,n04357314_2667_n04357314.JPEG,838,20260813
73416,n02444819_25519_n02444819.JPEG,360,20260813
73427,n04376876_1284_n04376876.JPEG,845,20260813
73454,n02807133_11551_n02807133.JPEG,433,20260813
73455,n02093859_5059_n02093859.JPEG,183,20260813
73456,n01983481_12473_n01983481.JPEG,122,20260813
73457,n03866082_6434_n03866082.JPEG,689,20260813
73463,n04209133_4770_n04209133.JPEG,793,20260813
73514,n04118776_15320_n04118776.JPEG,769,20260813
73553,n03947888_6156_n03947888.JPEG,724,20260813
73561,n01518878_3054_n01518878.JPEG,9,20260813
73565,n03937543_6147_n03937543.JPEG,720,20260813
73566,n01930112_20281_n01930112.JPEG,111,20260813
73567,n04553703_33682_n04553703.JPEG,896,20260813
73586,n01582220_26793_n01582220.JPEG,18,20260813
73606,n02011460_12393_n02011460.JPEG,133,20260813
73626,n03929660_13740_n03929660.JPEG,714,20260813
73640,n01667114_3605_n01667114.JPEG,35,20260813
73642,n09428293_23069_n09428293.JPEG,978,20260813
73647,n02939185_34445_n02939185.JPEG,469,20260813
73674,n04239074_3664_n04239074.JPEG,799,20260813
73698,n03100240_14311_n03100240.JPEG,511,20260813
73714,n04251144_2000_n04251144.JPEG,801,20260813
73720,n03000134_1894_n03000134.JPEG,489,20260813
73743,n02514041_3558_n02514041.JPEG,389,20260813
73753,n03935335_14326_n03935335.JPEG,719,20260813
73800,n01498041_938_n01498041.JPEG,6,20260813
73819,n01682714_5324_n01682714.JPEG,40,20260813
73821,n04310018_14487_n04310018.JPEG,820,20260813
73842,n04579145_1338_n04579145.JPEG,901,20260813
73851,n03729826_36786_n03729826.JPEG,644,20260813
73867,n02088632_4039_n02088632.JPEG,164,20260813
73871,n02916936_4889_n02916936.JPEG,465,20260813
73889,n04562935_9331_n04562935.JPEG,900,20260813
73916,n02974003_6707_n02974003.JPEG,479,20260813
73924,n02099712_8014_n02099712.JPEG,208,20260813
73934,n04254777_8282_n04254777.JPEG,806,20260813
73949,n01806567_8398_n01806567.JPEG,85,20260813
73952,n04120489_7124_n04120489.JPEG,770,20260813
73957,n02011460_4006_n02011460.JPEG,133,20260813
73971,n02120079_3971_n02120079.JPEG,279,20260813
73972,n04040759_38067_n04040759.JPEG,753,20260813
73988,n02802426_851_n02802426.JPEG,430,20260813
73999,n07718472_2304_n07718472.JPEG,943,20260813
74006,n01945685_6418_n01945685.JPEG,114,20260813
74048,n01693334_5330_n01693334.JPEG,46,20260813
74049,n07583066_7360_n07583066.JPEG,924,20260813
74079,n02979186_11999_n02979186.JPEG,482,20260813
74083,n01692333_6401_n01692333.JPEG,45,20260813
74107,n02088364_12213_n02088364.JPEG,162,20260813
74109,n02892201_25059_n02892201.JPEG,458,20260813
74113,n04266014_10569_n04266014.JPEG,812,20260813
74117,n02086079_27320_n02086079.JPEG,154,20260813
74126,n03992509_14157_n03992509.JPEG,739,20260813
74131,n02100735_182_n02100735.JPEG,212,20260813
74132,n04090263_148_n04090263.JPEG,764,20260813
74149,n02823428_6928_n02823428.JPEG,440,20260813
74155,n04479046_2030_n04479046.JPEG,869,20260813
74173,n02493509_4752_n02493509.JPEG,380,20260813
74180,n04486054_9341_n04486054.JPEG,873,20260813
74201,n04367480_16659_n04367480.JPEG,840,20260813
74237,n03160309_18124_n03160309.JPEG,525,20260813
74260,n02443484_6787_n02443484.JPEG,359,20260813
74280,n07614500_28503_n07614500.JPEG,928,20260813
74284,n02130308_16219_n02130308.JPEG,293,20260813
74293,n04254680_8037_n04254680.JPEG,805,20260813
74309,n03290653_7749_n03290653.JPEG,548,20260813
74314,n03884397_1009_n03884397.JPEG,699,20260813
74357,n03776460_13919_n03776460.JPEG,660,20260813
74373,n03594734_45568_n03594734.JPEG,608,20260813
74384,n07742313_110_n07742313.JPEG,948,20260813
74391,n01537544_20784_n01537544.JPEG,14,20260813
74396,n02097130_987_n02097130.JPEG,197,20260813
74439,n02102973_27_n02102973.JPEG,221,20260813
74460,n03998194_6081_n03998194.JPEG,741,20260813
74465,n03459775_20459_n03459775.JPEG,581,20260813
74508,n02013706_4895_n02013706.JPEG,135,20260813
74513,n01748264_20194_n01748264.JPEG,63,20260813
74517,n04286575_614_n04286575.JPEG,818,20260813
74523,n03447447_1774_n03447447.JPEG,576,20260813
74524,n03788195_1493_n03788195.JPEG,668,20260813
74532,n04579145_6779_n04579145.JPEG,901,20260813
74549,n04275548_8628_n04275548.JPEG,815,20260813
74588,n02268443_29903_n02268443.JPEG,319,20260813
74592,n03710637_2089_n03710637.JPEG,638,20260813
74597,n02837789_5260_n02837789.JPEG,445,20260813
74614,n02086240_8600_n02086240.JPEG,155,20260813
74646,n04376876_12593_n04376876.JPEG,845,20260813
74673,n02787622_21561_n02787622.JPEG,420,20260813
74705,n01592084_6678_n01592084.JPEG,19,20260813
74738,n02111500_8729_n02111500.JPEG,257,20260813
74746,n02794156_7795_n02794156.JPEG,426,20260813
74781,n01695060_5252_n01695060.JPEG,48,20260813
74785,n02391049_13293_n02391049.JPEG,340,20260813
74788,n07760859_351_n07760859.JPEG,956,20260813
74819,n02109525_22341_n02109525.JPEG,247,20260813
74825,n01945685_16621_n01945685.JPEG,114,20260813
74841,n03498962_5464_n03498962.JPEG,596,20260813
74848,n02113023_5027_n02113023.JPEG,263,20260813
74854,n02408429_11604_n02408429.JPEG,346,20260813
74888,n03721384_21145_n03721384.JPEG,642,20260813
74905,n03956157_3313_n03956157.JPEG,727,20260813
74911,n02096437_115_n02096437.JPEG,194,20260813
74912,n12768682_37816_n12768682.JPEG,990,20260813
74927,n02106382_5417_n02106382.JPEG,233,20260813
74963,n03063599_3704_n03063599.JPEG,504,20260813
74981,n02607072_2929_n02607072.JPEG,393,20260813
74983,n02699494_8624_n02699494.JPEG,406,20260813
74993,n01560419_4324_n01560419.JPEG,16,20260813
75024,n03720891_462_n03720891.JPEG,641,20260813
75028,n02108551_12388_n02108551.JPEG,244,20260813
75058,n03197337_972_n03197337.JPEG,531,20260813
75059,n02493509_13891_n02493509.JPEG,380,20260813
75061,n03794056_2771_n03794056.JPEG,674,20260813
75070,n07714571_14419_n07714571.JPEG,936,20260813
75114,n04285008_3763_n04285008.JPEG,817,20260813
75127,n04404412_6580_n04404412.JPEG,851,20260813
75129,n03445924_201_n03445924.JPEG,575,20260813
75133,n03478589_2554_n03478589.JPEG,586,20260813
75168,n02090622_2754_n02090622.JPEG,169,20260813
75176,n01978287_1030_n01978287.JPEG,118,20260813
75179,n02640242_14313_n02640242.JPEG,394,20260813
75228,n03014705_10353_n03014705.JPEG,492,20260813
75230,n04131690_10157_n04131690.JPEG,773,20260813
75237,n02834397_8669_n02834397.JPEG,443,20260813
75250,n02797295_14592_n02797295.JPEG,428,20260813
75271,n09332890_33829_n09332890.JPEG,975,20260813
75277,n02672831_27649_n02672831.JPEG,401,20260813
75278,n04328186_9889_n04328186.JPEG,826,20260813
75287,n02108000_4392_n02108000.JPEG,241,20260813
75296,n03394916_33262_n03394916.JPEG,566,20260813
75343,n01806143_48890_n01806143.JPEG,84,20260813
75356,n03697007_1466_n03697007.JPEG,634,20260813
75358,n02097474_1279_n02097474.JPEG,200,20260813
75360,n02056570_574_n02056570.JPEG,145,20260813
75365,n02115641_11387_n02115641.JPEG,273,20260813
75388,n03388043_10220_n03388043.JPEG,562,20260813
75394,n03843555_723_n03843555.JPEG,686,20260813
75412,n03888605_8890_n03888605.JPEG,702,20260813
75424,n01980166_3880_n01980166.JPEG,120,20260813
75481,n03388043_11699_n03388043.JPEG,562,20260813
75491,n12057211_30881_n12057211.JPEG,986,20260813
75496,n03709823_3887_n03709823.JPEG,636,20260813
75508,n03133878_11681_n03133878.JPEG,521,20260813
75519,n02138441_5945_n02138441.JPEG,299,20260813
75520,n02092339_4715_n02092339.JPEG,178,20260813
75526,n04204347_7344_n04204347.JPEG,791,20260813
75529,n01978287_428_n01978287.JPEG,118,20260813
75561,n02028035_3456_n02028035.JPEG,141,20260813
75590,n04536866_9872_n04536866.JPEG,889,20260813
75592,n03482405_11899_n03482405.JPEG,588,20260813
75610,n04356056_40023_n04356056.JPEG,837,20260813
75637,n03445924_24949_n03445924.JPEG,575,20260813
75639,n03000247_49880_n03000247.JPEG,490,20260813
75641,n02007558_11829_n02007558.JPEG,130,20260813
75651,n03208938_19836_n03208938.JPEG,535,20260813
75652,n01608432_1801_n01608432.JPEG,21,20260813
75669,n02134418_14386_n02134418.JPEG,297,20260813
75710,n02835271_20907_n02835271.JPEG,444,20260813
75716,n01930112_11394_n01930112.JPEG,111,20260813
75747,n03000684_11628_n03000684.JPEG,491,20260813
75750,n03290653_3161_n03290653.JPEG,548,20260813
75756,n04111531_2583_n04111531.JPEG,766,20260813
75760,n04532106_2526_n04532106.JPEG,887,20260813
75764,n02105162_3157_n02105162.JPEG,225,20260813
75783,n01641577_15112_n01641577.JPEG,30,20260813
75805,n02916936_3879_n02916936.JPEG,465,20260813
75809,n02825657_10281_n02825657.JPEG,442,20260813
75814,n12144580_7552_n12144580.JPEG,987,20260813
75823,n02488291_4778_n02488291.JPEG,374,20260813
75836,n03388549_2868_n03388549.JPEG,564,20260813
75856,n04259630_482_n04259630.JPEG,808,20260813
75880,n03452741_7587_n03452741.JPEG,579,20260813
75887,n03791053_15952_n03791053.JPEG,670,20260813
75900,n03042490_1272_n03042490.JPEG,500,20260813
75912,n04033995_205_n04033995.JPEG,750,20260813
75916,n01770081_1732_n01770081.JPEG,70,20260813
75929,n02669723_9611_n02669723.JPEG,400,20260813
75950,n09399592_23488_n09399592.JPEG,976,20260813
75971,n01756291_14404_n01756291.JPEG,68,20260813
75992,n04507155_16786_n04507155.JPEG,879,20260813
76014,n02027492_2293_n02027492.JPEG,140,20260813
76016,n01930112_12616_n01930112.JPEG,111,20260813
76019,n02027492_6794_n02027492.JPEG,140,20260813
76040,n02699494_11285_n02699494.JPEG,406,20260813
76045,n01774750_18987_n01774750.JPEG,76,20260813
76061,n01978455_145_n01978455.JPEG,119,20260813
76063,n01616318_6673_n01616318.JPEG,23,20260813
76085,n04589890_4516_n04589890.JPEG,904,20260813
76104,n04553703_2536_n04553703.JPEG,896,20260813
76113,n04591157_1269_n04591157.JPEG,906,20260813
76117,n03874293_5900_n03874293.JPEG,694,20260813
76128,n02102973_87_n02102973.JPEG,221,20260813
76148,n02090721_770_n02090721.JPEG,170,20260813
76150,n02481823_15785_n02481823.JPEG,367,20260813
76153,n02091831_7975_n02091831.JPEG,176,20260813
76166,n03777568_3463_n03777568.JPEG,661,20260813
76174,n02120505_4957_n02120505.JPEG,280,20260813
76177,n03649909_1301_n03649909.JPEG,621,20260813
76201,n04099969_6405_n04099969.JPEG,765,20260813
76208,n13044778_10214_n13044778.JPEG,995,20260813
76233,n02492660_16365_n02492660.JPEG,379,20260813
76241,n02319095_7206_n02319095.JPEG,328,20260813
76254,n02790996_16370_n02790996.JPEG,422,20260813
76285,n02089078_4760_n02089078.JPEG,165,20260813
76300,n02410509_899_n02410509.JPEG,347,20260813
76321,n04592741_36342_n04592741.JPEG,908,20260813
76347,n03840681_20936_n03840681.JPEG,684,20260813
76367,n02481823_13742_n02481823.JPEG,367,20260813
76391,n04325704_2008_n04325704.JPEG,824,20260813
76395,n03045698_8763_n03045698.JPEG,501,20260813
76402,n02397096_7241_n02397096.JPEG,343,20260813
76430,n02488291_2230_n02488291.JPEG,374,20260813
76446,n03063689_18046_n03063689.JPEG,505,20260813
76470,n03786901_5672_n03786901.JPEG,666,20260813
76516,n03388183_10852_n03388183.JPEG,563,20260813
76522,n04285008_1156_n04285008.JPEG,817,20260813
76539,n03980874_160_n03980874.JPEG,735,20260813
76586,n01806567_5861_n01806567.JPEG,85,20260813
76590,n02860847_1929_n02860847.JPEG,450,20260813
76592,n02883205_14744_n02883205.JPEG,457,20260813
76600,n03956157_197_n03956157.JPEG,727,20260813
76619,n01847000_21331_n01847000.JPEG,97,20260813
76643,n03259280_6736_n03259280.JPEG,544,20260813
76649,n02090721_248_n02090721.JPEG,170,20260813
76708,n03832673_14596_n03832673.JPEG,681,20260813
76739,n02493793_693_n02493793.JPEG,381,20260813
76747,n03690938_2603_n03690938.JPEG,631,20260813
76750,n03220513_16966_n03220513.JPEG,538,20260813
76766,n02966687_8973_n02966687.JPEG,477,20260813
76780,n02640242_6355_n02640242.JPEG,394,20260813
76783,n04311174_5470_n04311174.JPEG,822,20260813
76784,n02112137_16525_n02112137.JPEG,260,20260813
76788,n02486410_620_n02486410.JPEG,372,20260813
76810,n02444819_6978_n02444819.JPEG,360,20260813
76816,n04285008_8880_n04285008.JPEG,817,20260813
76821,n03062245_2298_n03062245.JPEG,503,20260813
76829,n01955084_4857_n01955084.JPEG,116,20260813
76847,n07932039_6036_n07932039.JPEG,969,20260813
76911,n02510455_1069_n02510455.JPEG,388,20260813
76940,n04033995_11300_n04033995.JPEG,750,20260813
76942,n01622779_672_n01622779.JPEG,24,20260813
76959,n03961711_2223_n03961711.JPEG,729,20260813
76968,n03967562_25389_n03967562.JPEG,730,20260813
76977,n11879895_5530_n11879895.JPEG,984,20260813
76979,n02264363_12897_n02264363.JPEG,318,20260813
76991,n02454379_12691_n02454379.JPEG,363,20260813
77005,n01872401_4183_n01872401.JPEG,102,20260813
77006,n03100240_379_n03100240.JPEG,511,20260813
77013,n04525038_9962_n04525038.JPEG,885,20260813
77021,n06359193_32305_n06359193.JPEG,916,20260813
77033,n07716906_8519_n07716906.JPEG,940,20260813
77061,n02110806_13191_n02110806.JPEG,253,20260813
77089,n02825657_1860_n02825657.JPEG,442,20260813
77096,n02487347_2595_n02487347.JPEG,373,20260813
77108,n02113624_8362_n02113624.JPEG,265,20260813
77129,n04044716_5327_n04044716.JPEG,755,20260813
77211,n03467068_11965_n03467068.JPEG,583,20260813
77232,n07892512_37446_n07892512.JPEG,966,20260813
77248,n03347037_15272_n03347037.JPEG,556,20260813
77252,n04192698_40991_n04192698.JPEG,787,20260813
77282,n02361337_527_n02361337.JPEG,336,20260813
77283,n06596364_25726_n06596364.JPEG,917,20260813
77313,n03379051_2681_n03379051.JPEG,560,20260813
77315,n01629819_27599_n01629819.JPEG,25,20260813
77329,n02457408_4640_n02457408.JPEG,364,20260813
77333,n15075141_29199_n15075141.JPEG,999,20260813
77337,n03773504_24291_n03773504.JPEG,657,20260813
77342,n03085013_18979_n03085013.JPEG,508,20260813
77376,n02814860_33976_n02814860.JPEG,437,20260813
77377,n02128757_3679_n02128757.JPEG,289,20260813
77386,n04033901_13_n04033901.JPEG,749,20260813
77477,n02018207_4000_n02018207.JPEG,137,20260813
77496,n02009229_4582_n02009229.JPEG,131,20260813
77532,n02927161_19397_n02927161.JPEG,467,20260813
77556,n04254120_249_n04254120.JPEG,804,20260813
77563,n02100583_399_n02100583.JPEG,211,20260813
77646,n02493793_1768_n02493793.JPEG,381,20260813
77652,n03478589_2942_n03478589.JPEG,586,20260813
77654,n02797295_27203_n02797295.JPEG,428,20260813
77714,n02988304_5533_n02988304.JPEG,485,20260813
77724,n03467068_10577_n03467068.JPEG,583,20260813
77725,n03133878_11797_n03133878.JPEG,521,20260813
77728,n02106382_4176_n02106382.JPEG,233,20260813
77730,n02114548_11842_n02114548.JPEG,270,20260813
77745,n02099267_5540_n02099267.JPEG,205,20260813
77755,n01695060_9320_n01695060.JPEG,48,20260813
77761,n02783161_7579_n02783161.JPEG,418,20260813
77805,n02364673_12956_n02364673.JPEG,338,20260813
77812,n04355338_7055_n04355338.JPEG,835,20260813
77830,n01855032_3866_n01855032.JPEG,98,20260813
77840,n03814639_7444_n03814639.JPEG,678,20260813
77884,n03841143_15989_n03841143.JPEG,685,20260813
77896,n07697537_9163_n07697537.JPEG,934,20260813
77993,n02113712_9591_n02113712.JPEG,266,20260813
78001,n03976467_1614_n03976467.JPEG,732,20260813
78007,n04201297_10827_n04201297.JPEG,789,20260813
78009,n01773549_1666_n01773549.JPEG,73,20260813
78016,n01829413_1220_n01829413.JPEG,93,20260813
78018,n03929855_9063_n03929855.JPEG,715,20260813
78022,n04310018_11083_n04310018.JPEG,820,20260813
78035,n02808440_4513_n02808440.JPEG,435,20260813
78064,n04239074_749_n04239074.JPEG,799,20260813
78071,n04389033_33183_n04389033.JPEG,847,20260813
78085,n02119022_2302_n02119022.JPEG,277,20260813
78095,n04116512_54891_n04116512.JPEG,767,20260813
78096,n02097209_1866_n02097209.JPEG,198,20260813
78121,n02356798_4700_n02356798.JPEG,335,20260813
78164,n03792972_8008_n03792972.JPEG,672,20260813
78190,n07720875_12674_n07720875.JPEG,945,20260813
78215,n07745940_13891_n07745940.JPEG,949,20260813
78235,n02111129_4627_n02111129.JPEG,255,20260813
78252,n03255030_908_n03255030.JPEG,543,20260813
78270,n03492542_29476_n03492542.JPEG,592,20260813
78284,n15075141_17870_n15075141.JPEG,999,20260813
78300,n02097474_2746_n02097474.JPEG,200,20260813
78304,n02927161_23279_n02927161.JPEG,467,20260813
78318,n01797886_12505_n01797886.JPEG,82,20260813
78325,n02074367_19451_n02074367.JPEG,149,20260813
78326,n02950826_13771_n02950826.JPEG,471,20260813
78347,n03089624_15565_n03089624.JPEG,509,20260813
78370,n03998194_2113_n03998194.JPEG,741,20260813
78372,n02123394_2055_n02123394.JPEG,283,20260813
78377,n01518878_2402_n01518878.JPEG,9,20260813
78394,n01950731_51_n01950731.JPEG,115,20260813
78399,n03100240_30_n03100240.JPEG,511,20260813
78401,n07684084_9083_n07684084.JPEG,930,20260813
78409,n01644900_12247_n01644900.JPEG,32,20260813
78425,n01737021_1409_n01737021.JPEG,58,20260813
78432,n01601694_4654_n01601694.JPEG,20,20260813
78468,n03594734_33748_n03594734.JPEG,608,20260813
78471,n04266014_9981_n04266014.JPEG,812,20260813
78482,n01664065_11748_n01664065.JPEG,33,20260813
78496,n02492660_9071_n02492660.JPEG,379,20260813
78497,n02480855_1263_n02480855.JPEG,366,20260813
78506,n03743016_11802_n03743016.JPEG,649,20260813
78509,n02051845_1935_n02051845.JPEG,144,20260813
78519,n03776460_2265_n03776460.JPEG,660,20260813
78529,n04259630_31227_n04259630.JPEG,808,20260813
78547,n04039381_12356_n04039381.JPEG,752,20260813
78574,n02132136_6739_n02132136.JPEG,294,20260813
78602,n03991062_20827_n03991062.JPEG,738,20260813
78608,n03131574_297_n03131574.JPEG,520,20260813
78625,n02090622_6372_n02090622.JPEG,169,20260813
78630,n02087394_5166_n02087394.JPEG,159,20260813
78645,n02092002_18312_n02092002.JPEG,177,20260813
78652,n01685808_3011_n01685808.JPEG,41,20260813
78653,n02056570_8210_n02056570.JPEG,145,20260813
78655,n01729322_4621_n01729322.JPEG,54,20260813
78690,n02169497_3348_n02169497.JPEG,304,20260813
78698,n02412080_4637_n02412080.JPEG,348,20260813
78701,n03877472_26025_n03877472.JPEG,697,20260813
78707,n02112706_3213_n02112706.JPEG,262,20260813
78718,n02342885_2848_n02342885.JPEG,333,20260813
78733,n04525305_10245_n04525305.JPEG,886,20260813
78742,n02056570_8369_n02056570.JPEG,145,20260813
78771,n01514668_5045_n01514668.JPEG,7,20260813
78776,n04507155_1649_n04507155.JPEG,879,20260813
78784,n04550184_73778_n04550184.JPEG,894,20260813
78786,n12267677_10525_n12267677.JPEG,988,20260813
78794,n03710193_3417_n03710193.JPEG,637,20260813
78801,n03742115_17869_n03742115.JPEG,648,20260813
78827,n03134739_9777_n03134739.JPEG,522,20260813
78855,n07730033_3499_n07730033.JPEG,946,20260813
78857,n03720891_5010_n03720891.JPEG,641,20260813
78883,n01704323_8099_n01704323.JPEG,51,20260813
78889,n02437616_1292_n02437616.JPEG,355,20260813
78893,n02437312_10348_n02437312.JPEG,354,20260813
78908,n04392985_3973_n04392985.JPEG,848,20260813
78912,n02088238_4310_n02088238.JPEG,161,20260813
78913,n10148035_26866_n10148035.JPEG,982,20260813
78920,n01484850_29502_n01484850.JPEG,2,20260813
78929,n09288635_2629_n09288635.JPEG,974,20260813
78933,n01675722_3774_n01675722.JPEG,38,20260813
78953,n04081281_89622_n04081281.JPEG,762,20260813
78966,n04515003_6635_n04515003.JPEG,881,20260813
78984,n02100583_19096_n02100583.JPEG,211,20260813
78989,n02111277_3653_n02111277.JPEG,256,20260813
79007,n09229709_54830_n09229709.JPEG,971,20260813
79011,n01440764_16220_n01440764.JPEG,0,20260813
79027,n03724870_17407_n03724870.JPEG,643,20260813
79045,n04493381_105_n04493381.JPEG,876,20260813
79054,n02264363_12997_n02264363.JPEG,318,20260813
79061,n02412080_60340_n02412080.JPEG,348,20260813
79090,n02111129_6528_n02111129.JPEG,255,20260813
79099,n02504013_6117_n02504013.JPEG,385,20260813
79117,n02319095_1620_n02319095.JPEG,328,20260813
79155,n02137549_1218_n02137549.JPEG,298,20260813
79158,n02356798_2036_n02356798.JPEG,335,20260813
79162,n01744401_10950_n01744401.JPEG,62,20260813
79172,n03676483_43_n03676483.JPEG,629,20260813
79178,n02398521_7724_n02398521.JPEG,344,20260813
79200,n06874185_15078_n06874185.JPEG,920,20260813
79204,n03584254_2673_n03584254.JPEG,605,20260813
79217,n02017213_5825_n02017213.JPEG,136,20260813
79229,n02672831_7529_n02672831.JPEG,401,20260813
79233,n03291819_4197_n03291819.JPEG,549,20260813
79241,n01685808_3857_n01685808.JPEG,41,20260813
79242,n03141823_9985_n03141823.JPEG,523,20260813
79244,n02107908_11597_n02107908.JPEG,240,20260813
79249,n02097298_6525_n02097298.JPEG,199,20260813
79266,n03527444_4240_n03527444.JPEG,597,20260813
79285,n03787032_538_n03787032.JPEG,667,20260813
79294,n03670208_29022_n03670208.JPEG,627,20260813
79298,n02971356_16303_n02971356.JPEG,478,20260813
79319,n04548280_8354_n04548280.JPEG,892,20260813
79328,n03743016_31832_n03743016.JPEG,649,20260813
79358,n07248320_61737_n07248320.JPEG,921,20260813
79380,n01530575_10018_n01530575.JPEG,10,20260813
79406,n04522168_5740_n04522168.JPEG,883,20260813
79407,n02321529_9959_n02321529.JPEG,329,20260813
79426,n04461696_20571_n04461696.JPEG,864,20260813
79429,n02326432_885_n02326432.JPEG,331,20260813
79452,n01632458_8004_n01632458.JPEG,28,20260813
79494,n04296562_98281_n04296562.JPEG,819,20260813
79542,n02981792_18189_n02981792.JPEG,484,20260813
79545,n02835271_8439_n02835271.JPEG,444,20260813
79549,n02095570_163_n02095570.JPEG,189,20260813
79554,n02093428_3289_n02093428.JPEG,180,20260813
79590,n04009552_7668_n04009552.JPEG,745,20260813
79626,n02643566_4262_n02643566.JPEG,396,20260813
79629,n01873310_31356_n01873310.JPEG,103,20260813
79639,n02101556_10000_n02101556.JPEG,216,20260813
79647,n03692522_69_n03692522.JPEG,633,20260813
79650,n04612504_34550_n04612504.JPEG,914,20260813
79679,n02091134_17054_n02091134.JPEG,172,20260813
79691,n01877812_543_n01877812.JPEG,104,20260813
79693,n09468604_53159_n09468604.JPEG,979,20260813
79695,n04005630_55566_n04005630.JPEG,743,20260813
79754,n03201208_27129_n03201208.JPEG,532,20260813
79764,n01807496_30904_n01807496.JPEG,86,20260813
79777,n02704792_13811_n02704792.JPEG,408,20260813
79784,n04228054_17360_n04228054.JPEG,795,20260813
79806,n01775062_1056_n01775062.JPEG,77,20260813
79818,n01984695_28285_n01984695.JPEG,123,20260813
79858,n13044778_3465_n13044778.JPEG,995,20260813
79859,n07730033_1089_n07730033.JPEG,946,20260813
79867,n04209133_3664_n04209133.JPEG,793,20260813
79887,n01641577_22871_n01641577.JPEG,30,20260813
79892,n02101006_10971_n02101006.JPEG,214,20260813
79898,n03930630_8613_n03930630.JPEG,717,20260813
79903,n04273569_5037_n04273569.JPEG,814,20260813
79905,n02085936_3947_n02085936.JPEG,153,20260813
79914,n03201208_14440_n03201208.JPEG,532,20260813
79936,n03793489_12165_n03793489.JPEG,673,20260813
79939,n01443537_17216_n01443537.JPEG,1,20260813
80007,n02454379_16267_n02454379.JPEG,363,20260813
80010,n02085936_5404_n02085936.JPEG,153,20260813
80024,n02018795_3855_n02018795.JPEG,138,20260813
80026,n02106030_17923_n02106030.JPEG,231,20260813
80030,n02107574_5995_n02107574.JPEG,238,20260813
80040,n03929855_1635_n03929855.JPEG,715,20260813
80062,n03028079_9438_n03028079.JPEG,497,20260813
80098,n03584829_13657_n03584829.JPEG,606,20260813
80111,n03255030_11228_n03255030.JPEG,543,20260813
80141,n01644373_1459_n01644373.JPEG,31,20260813
80152,n02090622_7200_n02090622.JPEG,169,20260813
80155,n02363005_28029_n02363005.JPEG,337,20260813
80160,n01914609_3870_n01914609.JPEG,108,20260813
80167,n02422106_4657_n02422106.JPEG,351,20260813
80175,n07697537_19138_n07697537.JPEG,934,20260813
80194,n02808440_4418_n02808440.JPEG,435,20260813
80198,n01986214_23508_n01986214.JPEG,125,20260813
80205,n01739381_471_n01739381.JPEG,59,20260813
80233,n01797886_18739_n01797886.JPEG,82,20260813
80234,n03976467_18353_n03976467.JPEG,732,20260813
80235,n02793495_22714_n02793495.JPEG,425,20260813
80248,n02490219_7779_n02490219.JPEG,377,20260813
80298,n01877812_449_n01877812.JPEG,104,20260813
80310,n09229709_1482_n09229709.JPEG,971,20260813
80339,n03947888_17769_n03947888.JPEG,724,20260813
80360,n02097047_4901_n02097047.JPEG,196,20260813
80396,n01833805_7783_n01833805.JPEG,94,20260813
80408,n04252077_4555_n04252077.JPEG,802,20260813
80410,n04005630_50790_n04005630.JPEG,743,20260813
80415,n01986214_12100_n01986214.JPEG,125,20260813
80423,n02417914_4760_n02417914.JPEG,350,20260813
80442,n03874293_13958_n03874293.JPEG,694,20260813
80443,n02363005_5756_n02363005.JPEG,337,20260813
80482,n03661043_15797_n03661043.JPEG,624,20260813
80497,n03803284_7538_n03803284.JPEG,676,20260813
80506,n02504013_730_n02504013.JPEG,385,20260813
80512,n03271574_28211_n03271574.JPEG,545,20260813
80524,n03065424_39777_n03065424.JPEG,506,20260813
80529,n02727426_10279_n02727426.JPEG,410,20260813
80538,n03461385_83564_n03461385.JPEG,582,20260813
80540,n01820546_6040_n01820546.JPEG,90,20260813
80571,n02808304_2791_n02808304.JPEG,434,20260813
80585,n03602883_7563_n03602883.JPEG,613,20260813
80598,n02687172_897_n02687172.JPEG,403,20260813
80607,n02219486_30402_n02219486.JPEG,310,20260813
80609,n03026506_3978_n03026506.JPEG,496,20260813
80611,n02106550_4910_n02106550.JPEG,234,20260813
80635,n01644373_3528_n01644373.JPEG,31,20260813
80662,n04479046_9880_n04479046.JPEG,869,20260813
80672,n03180011_21850_n03180011.JPEG,527,20260813
80682,n03272562_2916_n03272562.JPEG,547,20260813
80711,n02795169_30821_n02795169.JPEG,427,20260813
80725,n03201208_3923_n03201208.JPEG,532,20260813
80729,n02113186_3512_n02113186.JPEG,264,20260813
80751,n01944390_1221_n01944390.JPEG,113,20260813
80758,n01667114_4284_n01667114.JPEG,35,20260813
80769,n02106382_7236_n02106382.JPEG,233,20260813
80777,n07565083_10448_n07565083.JPEG,922,20260813
80779,n02441942_4544_n02441942.JPEG,356,20260813
80850,n03942813_7653_n03942813.JPEG,722,20260813
80854,n04040759_15052_n04040759.JPEG,753,20260813
80861,n02894605_16058_n02894605.JPEG,460,20260813
80862,n02093647_1766_n02093647.JPEG,181,20260813
80884,n02909870_1883_n02909870.JPEG,463,20260813
80888,n03538406_3797_n03538406.JPEG,603,20260813
80889,n03633091_27358_n03633091.JPEG,618,20260813
80917,n04162706_1212_n04162706.JPEG,785,20260813
80918,n03347037_4769_n03347037.JPEG,556,20260813
80956,n02006656_10795_n02006656.JPEG,129,20260813
80970,n03485794_16445_n03485794.JPEG,591,20260813
80990,n01883070_944_n01883070.JPEG,106,20260813
80995,n03935335_6495_n03935335.JPEG,719,20260813
81018,n04542943_399_n04542943.JPEG,891,20260813
81036,n02226429_17202_n02226429.JPEG,311,20260813
81042,n02134418_5008_n02134418.JPEG,297,20260813
81057,n03933933_2264_n03933933.JPEG,718,20260813
81094,n02006656_10314_n02006656.JPEG,129,20260813
81104,n01739381_5348_n01739381.JPEG,59,20260813
81119,n02492660_579_n02492660.JPEG,379,20260813
81148,n04179913_15143_n04179913.JPEG,786,20260813
81160,n03717622_8645_n03717622.JPEG,640,20260813
81171,n03425413_14672_n03425413.JPEG,571,20260813
81173,n02277742_50700_n02277742.JPEG,322,20260813
81175,n04141327_8388_n04141327.JPEG,777,20260813
81177,n02111500_3821_n02111500.JPEG,257,20260813
81178,n15075141_665_n15075141.JPEG,999,20260813
81181,n02097298_3279_n02097298.JPEG,199,20260813
81192,n03967562_3628_n03967562.JPEG,730,20260813
81197,n02112350_2279_n02112350.JPEG,261,20260813
81208,n02489166_1197_n02489166.JPEG,376,20260813
81228,n02107312_4586_n02107312.JPEG,237,20260813
81254,n03935335_9026_n03935335.JPEG,719,20260813
81329,n02012849_3648_n02012849.JPEG,134,20260813
81334,n02895154_12549_n02895154.JPEG,461,20260813
81364,n01984695_12412_n01984695.JPEG,123,20260813
81366,n07248320_1453_n07248320.JPEG,921,20260813
81367,n02641379_893_n02641379.JPEG,395,20260813
81402,n02843684_3997_n02843684.JPEG,448,20260813
81440,n03393912_5429_n03393912.JPEG,565,20260813
81470,n03956157_14427_n03956157.JPEG,727,20260813
81488,n03347037_18783_n03347037.JPEG,556,20260813
81495,n03937543_6758_n03937543.JPEG,720,20260813
81542,n03888605_31398_n03888605.JPEG,702,20260813
81557,n01694178_8415_n01694178.JPEG,47,20260813
81566,n02397096_1864_n02397096.JPEG,343,20260813
81597,n04579145_1387_n04579145.JPEG,901,20260813
81672,n04347754_23973_n04347754.JPEG,833,20260813
81719,n07871810_13484_n07871810.JPEG,962,20260813
81742,n02107908_7438_n02107908.JPEG,240,20260813
81771,n03873416_47752_n03873416.JPEG,693,20260813
81814,n02894605_121711_n02894605.JPEG,460,20260813
81821,n03495258_21138_n03495258.JPEG,594,20260813
81840,n01924916_8042_n01924916.JPEG,110,20260813
81875,n02410509_3139_n02410509.JPEG,347,20260813
81877,n03724870_16583_n03724870.JPEG,643,20260813
81892,n03337140_575_n03337140.JPEG,553,20260813
81900,n07754684_35475_n07754684.JPEG,955,20260813
81911,n02071294_2431_n02071294.JPEG,148,20260813
81928,n02909870_40672_n02909870.JPEG,463,20260813
81933,n03124043_597_n03124043.JPEG,514,20260813
81935,n02105505_1022_n02105505.JPEG,228,20260813
81958,n04311004_4260_n04311004.JPEG,821,20260813
81968,n02110958_1913_n02110958.JPEG,254,20260813
81971,n02229544_6473_n02229544.JPEG,312,20260813
82006,n02403003_6487_n02403003.JPEG,345,20260813
82010,n04310018_5895_n04310018.JPEG,820,20260813
82020,n03495258_11859_n03495258.JPEG,594,20260813
82022,n04229816_1529_n04229816.JPEG,796,20260813
82023,n01734418_51_n01734418.JPEG,56,20260813
82041,n07579787_17144_n07579787.JPEG,923,20260813
82042,n01496331_490_n01496331.JPEG,5,20260813
82043,n02101388_1452_n02101388.JPEG,215,20260813
82055,n03445924_14785_n03445924.JPEG,575,20260813
82058,n09421951_16461_n09421951.JPEG,977,20260813
82071,n02117135_9800_n02117135.JPEG,276,20260813
82072,n03425413_8622_n03425413.JPEG,571,20260813
82079,n10565667_10124_n10565667.JPEG,983,20260813
82090,n01667114_16757_n01667114.JPEG,35,20260813
82127,n01978455_7099_n01978455.JPEG,119,20260813
82145,n04251144_21943_n04251144.JPEG,801,20260813
82150,n03992509_5185_n03992509.JPEG,739,20260813
82163,n02116738_6159_n02116738.JPEG,275,20260813
82178,n02536864_19388_n02536864.JPEG,391,20260813
82180,n09399592_48742_n09399592.JPEG,976,20260813
82190,n02011460_4813_n02011460.JPEG,133,20260813
82198,n03673027_5391_n03673027.JPEG,628,20260813
82219,n03841143_17009_n03841143.JPEG,685,20260813
82222,n02259212_2746_n02259212.JPEG,317,20260813
82223,n01614925_305_n01614925.JPEG,22,20260813
82241,n04548280_1324_n04548280.JPEG,892,20260813
82258,n04590129_28459_n04590129.JPEG,905,20260813
82260,n13133613_20451_n13133613.JPEG,998,20260813
82298,n04456115_21441_n04456115.JPEG,862,20260813
82324,n02493793_8107_n02493793.JPEG,381,20260813
82330,n01930112_13472_n01930112.JPEG,111,20260813
82350,n02087394_16556_n02087394.JPEG,159,20260813
82359,n02906734_12499_n02906734.JPEG,462,20260813
82370,n02493509_12246_n02493509.JPEG,380,20260813
82392,n02098286_3269_n02098286.JPEG,203,20260813
82403,n02101006_4590_n02101006.JPEG,214,20260813
82414,n02276258_11818_n02276258.JPEG,321,20260813
82426,n04461696_10788_n04461696.JPEG,864,20260813
82430,n02704792_16890_n02704792.JPEG,408,20260813
82478,n03998194_7404_n03998194.JPEG,741,20260813
82490,n01910747_1168_n01910747.JPEG,107,20260813
82513,n07684084_8586_n07684084.JPEG,930,20260813
82545,n03400231_1474_n03400231.JPEG,567,20260813
82564,n04417672_3053_n04417672.JPEG,853,20260813
82567,n04153751_27459_n04153751.JPEG,783,20260813
82569,n03874293_12641_n03874293.JPEG,694,20260813
82584,n02107574_629_n02107574.JPEG,238,20260813
82591,n02089973_92_n02089973.JPEG,167,20260813
82597,n02113712_16004_n02113712.JPEG,266,20260813
82601,n02992211_29463_n02992211.JPEG,486,20260813
82602,n04542943_2152_n04542943.JPEG,891,20260813
82619,n03218198_14893_n03218198.JPEG,537,20260813
82635,n02607072_14157_n02607072.JPEG,393,20260813
82658,n02088238_2344_n02088238.JPEG,161,20260813
82670,n02106030_19192_n02106030.JPEG,231,20260813
82675,n03961711_6389_n03961711.JPEG,729,20260813
82678,n03532672_48166_n03532672.JPEG,600,20260813
82679,n02172182_59_n02172182.JPEG,305,20260813
82687,n03916031_14446_n03916031.JPEG,711,20260813
82708,n04344873_8188_n04344873.JPEG,831,20260813
82719,n02093428_1718_n02093428.JPEG,180,20260813
82725,n04153751_15365_n04153751.JPEG,783,20260813
82728,n02843684_17396_n02843684.JPEG,448,20260813
82801,n04515003_4555_n04515003.JPEG,881,20260813
82805,n02497673_198_n02497673.JPEG,383,20260813
82834,n02445715_6331_n02445715.JPEG,361,20260813
82836,n02823750_3419_n02823750.JPEG,441,20260813
82837,n04467665_5314_n04467665.JPEG,867,20260813
82849,n04209133_4510_n04209133.JPEG,793,20260813
82853,n04540053_15298_n04540053.JPEG,890,20260813
82860,n07583066_10244_n07583066.JPEG,924,20260813
82868,n02107312_6598_n02107312.JPEG,237,20260813
82881,n01440764_574_n01440764.JPEG,0,20260813
82888,n03930630_13217_n03930630.JPEG,717,20260813
82890,n04118776_24883_n04118776.JPEG,769,20260813
82899,n04254680_12455_n04254680.JPEG,805,20260813
82903,n02787622_20594_n02787622.JPEG,420,20260813
82912,n02777292_17777_n02777292.JPEG,416,20260813
82940,n04286575_19870_n04286575.JPEG,818,20260813
82961,n04074963_2338_n04074963.JPEG,761,20260813
83001,n03742115_12871_n03742115.JPEG,648,20260813
83045,n03532672_14727_n03532672.JPEG,600,20260813
83056,n01582220_67_n01582220.JPEG,18,20260813
83076,n02497673_4914_n02497673.JPEG,383,20260813
83085,n02104029_3734_n02104029.JPEG,222,20260813
83095,n12998815_9062_n12998815.JPEG,992,20260813
83097,n02236044_9105_n02236044.JPEG,315,20260813
83098,n01847000_14307_n01847000.JPEG,97,20260813
83105,n02782093_22140_n02782093.JPEG,417,20260813
83111,n02095314_6549_n02095314.JPEG,188,20260813
83129,n07831146_6219_n07831146.JPEG,959,20260813
83133,n02113712_3581_n02113712.JPEG,266,20260813
83156,n02098105_2313_n02098105.JPEG,202,20260813
83163,n03197337_163_n03197337.JPEG,531,20260813
83170,n04146614_1967_n04146614.JPEG,779,20260813
83202,n03775071_16813_n03775071.JPEG,658,20260813
83211,n02992529_48515_n02992529.JPEG,487,20260813
83213,n04152593_12324_n04152593.JPEG,782,20260813
83223,n02708093_3465_n02708093.JPEG,409,20260813
83269,n04525038_7300_n04525038.JPEG,885,20260813
83274,n01950731_7046_n01950731.JPEG,115,20260813
83291,n01776313_14075_n01776313.JPEG,78,20260813
83359,n01728572_29715_n01728572.JPEG,52,20260813
83368,n03992509_5475_n03992509.JPEG,739,20260813
83401,n07718747_20094_n07718747.JPEG,944,20260813
83436,n02389026_4566_n02389026.JPEG,339,20260813
83446,n03345487_2506_n03345487.JPEG,555,20260813
83464,n03220513_8185_n03220513.JPEG,538,20260813
83467,n02730930_11683_n02730930.JPEG,411,20260813
83473,n07697313_3260_n07697313.JPEG,933,20260813
83486,n02860847_9560_n02860847.JPEG,450,20260813
83541,n13054560_3878_n13054560.JPEG,997,20260813
83549,n03384352_2869_n03384352.JPEG,561,20260813
83550,n01622779_5706_n01622779.JPEG,24,20260813
83574,n02229544_6553_n02229544.JPEG,312,20260813
83576,n03485407_1795_n03485407.JPEG,590,20260813
83586,n03483316_5484_n03483316.JPEG,589,20260813
83646,n02206856_2371_n02206856.JPEG,309,20260813
83652,n04597913_2501_n04597913.JPEG,910,20260813
83662,n04509417_3165_n04509417.JPEG,880,20260813
83673,n02093256_1400_n02093256.JPEG,179,20260813
83688,n04277352_31016_n04277352.JPEG,816,20260813
83692,n02091635_3900_n02091635.JPEG,175,20260813
83718,n03887697_18263_n03887697.JPEG,700,20260813
83733,n03065424_34218_n03065424.JPEG,506,20260813
83766,n02268853_2618_n02268853.JPEG,320,20260813
83771,n03733131_8306_n03733131.JPEG,645,20260813
83775,n02107683_7096_n02107683.JPEG,239,20260813
83813,n03450230_12609_n03450230.JPEG,578,20260813
83822,n04372370_10304_n04372370.JPEG,844,20260813
83843,n02892767_17563_n02892767.JPEG,459,20260813
83870,n03126707_17967_n03126707.JPEG,517,20260813
83900,n04070727_26274_n04070727.JPEG,760,20260813
83925,n02132136_5135_n02132136.JPEG,294,20260813
83963,n02107574_1032_n02107574.JPEG,238,20260813
83992,n02825657_10869_n02825657.JPEG,442,20260813
84007,n02102480_3426_n02102480.JPEG,220,20260813
84021,n02480855_15476_n02480855.JPEG,366,20260813
84038,n01872401_5070_n01872401.JPEG,102,20260813
84046,n01924916_5992_n01924916.JPEG,110,20260813
84084,n04149813_5276_n04149813.JPEG,781,20260813
84102,n02110063_10567_n02110063.JPEG,249,20260813
84103,n04417672_5291_n04417672.JPEG,853,20260813
84104,n02110185_2346_n02110185.JPEG,250,20260813
84105,n04604644_9754_n04604644.JPEG,912,20260813
84125,n02948072_3374_n02948072.JPEG,470,20260813
84133,n03126707_20453_n03126707.JPEG,517,20260813
84134,n01796340_16836_n01796340.JPEG,81,20260813
84150,n04286575_5332_n04286575.JPEG,818,20260813
84157,n01689811_7246_n01689811.JPEG,44,20260813
84179,n01739381_3567_n01739381.JPEG,59,20260813
84186,n04254120_2896_n04254120.JPEG,804,20260813
84224,n03220513_2739_n03220513.JPEG,538,20260813
84232,n03854065_6705_n03854065.JPEG,687,20260813
84240,n02124075_7652_n02124075.JPEG,285,20260813
84251,n02165105_3861_n02165105.JPEG,300,20260813
84258,n02129165_2310_n02129165.JPEG,291,20260813
84291,n01484850_18115_n01484850.JPEG,2,20260813
84313,n04350905_32175_n04350905.JPEG,834,20260813
84316,n04259630_124_n04259630.JPEG,808,20260813
84340,n02028035_7632_n02028035.JPEG,141,20260813
84347,n02423022_8387_n02423022.JPEG,353,20260813
84348,n03729826_18260_n03729826.JPEG,644,20260813
84361,n02138441_1926_n02138441.JPEG,299,20260813
84370,n03935335_6696_n03935335.JPEG,719,20260813
84385,n04243546_12911_n04243546.JPEG,800,20260813
84392,n03710637_32366_n03710637.JPEG,638,20260813
84397,n03220513_36280_n03220513.JPEG,538,20260813
84403,n02814533_4087_n02814533.JPEG,436,20260813
84443,n03814639_12788_n03814639.JPEG,678,20260813
84450,n02834397_7238_n02834397.JPEG,443,20260813
84453,n02325366_2543_n02325366.JPEG,330,20260813
84466,n03345487_4523_n03345487.JPEG,555,20260813
84470,n03085013_16867_n03085013.JPEG,508,20260813
84487,n02110627_10447_n02110627.JPEG,252,20260813
84500,n03649909_18019_n03649909.JPEG,621,20260813
84501,n02486261_6644_n02486261.JPEG,371,20260813
84518,n04328186_17221_n04328186.JPEG,826,20260813
84525,n03584254_5187_n03584254.JPEG,605,20260813
84541,n02094114_4007_n02094114.JPEG,185,20260813
84552,n03929660_3882_n03929660.JPEG,714,20260813
84564,n02443114_10562_n02443114.JPEG,358,20260813
84588,n04417672_4529_n04417672.JPEG,853,20260813
84596,n07754684_11688_n07754684.JPEG,955,20260813
84603,n03125729_2586_n03125729.JPEG,516,20260813
84612,n03868863_8021_n03868863.JPEG,691,20260813
84625,n02859443_32287_n02859443.JPEG,449,20260813
84649,n02422699_7748_n02422699.JPEG,352,20260813
84651,n03777754_8145_n03777754.JPEG,662,20260813
84675,n04326547_2207_n04326547.JPEG,825,20260813
84678,n02454379_6535_n02454379.JPEG,363,20260813
84685,n04332243_32138_n04332243.JPEG,828,20260813
84687,n01740131_11683_n01740131.JPEG,60,20260813
84714,n03384352_19090_n03384352.JPEG,561,20260813
84720,n02071294_46714_n02071294.JPEG,148,20260813
84722,n03970156_4666_n03970156.JPEG,731,20260813
84734,n04562935_12662_n04562935.JPEG,900,20260813
84735,n02113712_19067_n02113712.JPEG,266,20260813
84752,n04201297_1745_n04201297.JPEG,789,20260813
84761,n02123597_5111_n02123597.JPEG,284,20260813
84763,n04501370_11951_n04501370.JPEG,877,20260813
84781,n01689811_172_n01689811.JPEG,44,20260813
84785,n04584207_19901_n04584207.JPEG,903,20260813
84805,n04429376_47584_n04429376.JPEG,857,20260813
84808,n03179701_8458_n03179701.JPEG,526,20260813
84823,n02397096_879_n02397096.JPEG,343,20260813
84833,n01698640_7706_n01698640.JPEG,50,20260813
84839,n01669191_1425_n01669191.JPEG,37,20260813
84842,n02483708_3547_n02483708.JPEG,369,20260813
84889,n02457408_6220_n02457408.JPEG,364,20260813
84935,n02667093_5181_n02667093.JPEG,399,20260813
84944,n02071294_16900_n02071294.JPEG,148,20260813
84969,n02128385_14032_n02128385.JPEG,288,20260813
84995,n01968897_13028_n01968897.JPEG,117,20260813
85010,n02123597_11551_n02123597.JPEG,284,20260813
85025,n02093991_2171_n02093991.JPEG,184,20260813
85034,n02791124_5859_n02791124.JPEG,423,20260813
85038,n04116512_71674_n04116512.JPEG,767,20260813
85041,n01514859_6668_n01514859.JPEG,8,20260813
85048,n04228054_7415_n04228054.JPEG,795,20260813
85071,n02130308_12190_n02130308.JPEG,293,20260813
85088,n02095570_344_n02095570.JPEG,189,20260813
85091,n01817953_13583_n01817953.JPEG,87,20260813
85094,n02129165_13953_n02129165.JPEG,291,20260813
85098,n02415577_870_n02415577.JPEG,349,20260813
85102,n04523525_4356_n04523525.JPEG,884,20260813
85120,n01796340_18033_n01796340.JPEG,81,20260813
85175,n03637318_15709_n03637318.JPEG,619,20260813
85189,n03874293_11598_n03874293.JPEG,694,20260813
85196,n02168699_8871_n02168699.JPEG,303,20260813
85198,n02497673_877_n02497673.JPEG,383,20260813
85230,n01829413_4034_n01829413.JPEG,93,20260813
85236,n01775062_8031_n01775062.JPEG,77,20260813
85238,n01614925_11197_n01614925.JPEG,22,20260813
85242,n03124043_8035_n03124043.JPEG,514,20260813
85251,n02965783_14074_n02965783.JPEG,475,20260813
85284,n04532670_32105_n04532670.JPEG,888,20260813
85288,n01833805_596_n01833805.JPEG,94,20260813
85301,n04146614_18055_n04146614.JPEG,779,20260813
85302,n02088094_1038_n02088094.JPEG,160,20260813
85309,n02094433_12134_n02094433.JPEG,187,20260813
85338,n04136333_10921_n04136333.JPEG,775,20260813
85360,n03884397_25900_n03884397.JPEG,699,20260813
85362,n02105162_6690_n02105162.JPEG,225,20260813
85419,n02396427_29449_n02396427.JPEG,342,20260813
85423,n02526121_1612_n02526121.JPEG,390,20260813
85425,n13054560_7130_n13054560.JPEG,997,20260813
85456,n02111129_7837_n02111129.JPEG,255,20260813
85462,n04033901_9534_n04033901.JPEG,749,20260813
85505,n02085936_11653_n02085936.JPEG,153,20260813
85542,n07932039_7696_n07932039.JPEG,969,20260813
85577,n02109525_17140_n02109525.JPEG,247,20260813
85593,n02102318_4978_n02102318.JPEG,219,20260813
85607,n02066245_7623_n02066245.JPEG,147,20260813
85625,n02443114_2745_n02443114.JPEG,358,20260813
85634,n01491361_3877_n01491361.JPEG,3,20260813
85635,n03899768_25408_n03899768.JPEG,706,20260813
85645,n03188531_5525_n03188531.JPEG,529,20260813
85652,n03532672_1317_n03532672.JPEG,600,20260813
85665,n02666196_11977_n02666196.JPEG,398,20260813
85670,n03216828_54925_n03216828.JPEG,536,20260813
85679,n02108089_1689_n02108089.JPEG,242,20260813
85714,n03680355_4699_n03680355.JPEG,630,20260813
85731,n02096585_11372_n02096585.JPEG,195,20260813
85749,n09472597_27755_n09472597.JPEG,980,20260813
85769,n01990800_7180_n01990800.JPEG,126,20260813
85779,n04332243_2384_n04332243.JPEG,828,20260813
85781,n06785654_1456_n06785654.JPEG,918,20260813
85794,n03290653_15596_n03290653.JPEG,548,20260813
85804,n01677366_1484_n01677366.JPEG,39,20260813
85820,n07932039_281_n07932039.JPEG,969,20260813
85827,n02346627_12027_n02346627.JPEG,334,20260813
85883,n02105162_7517_n02105162.JPEG,225,20260813
85884,n02002724_3581_n02002724.JPEG,128,20260813
85888,n03825788_8922_n03825788.JPEG,680,20260813
85916,n02807133_2047_n02807133.JPEG,433,20260813
85923,n04325704_3034_n04325704.JPEG,824,20260813
85941,n02051845_28459_n02051845.JPEG,144,20260813
85964,n01943899_2718_n01943899.JPEG,112,20260813
85986,n03871628_3214_n03871628.JPEG,692,20260813
85993,n01735189_21064_n01735189.JPEG,57,20260813
86058,n03838899_30230_n03838899.JPEG,683,20260813
86083,n02927161_7000_n02927161.JPEG,467,20260813
86090,n02690373_5317_n02690373.JPEG,404,20260813
86094,n07930864_34942_n07930864.JPEG,968,20260813
86097,n07760859_5977_n07760859.JPEG,956,20260813
86110,n01773797_2659_n01773797.JPEG,74,20260813
86113,n03482405_29323_n03482405.JPEG,588,20260813
86117,n02108551_25290_n02108551.JPEG,244,20260813
86120,n03259280_9577_n03259280.JPEG,544,20260813
86154,n03623198_1934_n03623198.JPEG,615,20260813
86158,n04523525_11408_n04523525.JPEG,884,20260813
86165,n02817516_13301_n02817516.JPEG,439,20260813
86206,n13054560_6201_n13054560.JPEG,997,20260813
86220,n02981792_17683_n02981792.JPEG,484,20260813
86232,n02115641_5229_n02115641.JPEG,273,20260813
86241,n01739381_7821_n01739381.JPEG,59,20260813
86247,n06794110_3473_n06794110.JPEG,919,20260813
86265,n02514041_3828_n02514041.JPEG,389,20260813
86267,n03895866_109838_n03895866.JPEG,705,20260813
86304,n02395406_31228_n02395406.JPEG,341,20260813
86324,n09288635_12362_n09288635.JPEG,974,20260813
86338,n01669191_715_n01669191.JPEG,37,20260813
86353,n12998815_4938_n12998815.JPEG,992,20260813
86363,n02727426_19281_n02727426.JPEG,410,20260813
86368,n02281787_3194_n02281787.JPEG,326,20260813
86377,n04372370_5146_n04372370.JPEG,844,20260813
86384,n04612504_10762_n04612504.JPEG,914,20260813
86392,n03942813_12031_n03942813.JPEG,722,20260813
86414,n04589890_2427_n04589890.JPEG,904,20260813
86431,n04204347_6297_n04204347.JPEG,791,20260813
86451,n02085782_4150_n02085782.JPEG,152,20260813
86465,n03954731_9467_n03954731.JPEG,726,20260813
86470,n02096294_2820_n02096294.JPEG,193,20260813
86511,n03690938_749_n03690938.JPEG,631,20260813
86533,n02099601_8184_n02099601.JPEG,207,20260813
86534,n01688243_7395_n01688243.JPEG,43,20260813
86538,n04370456_11347_n04370456.JPEG,841,20260813
86539,n03930313_10611_n03930313.JPEG,716,20260813
86551,n04136333_15397_n04136333.JPEG,775,20260813
86593,n01768244_724_n01768244.JPEG,69,20260813
86596,n02363005_1304_n02363005.JPEG,337,20260813
86612,n07613480_8175_n07613480.JPEG,927,20260813
86617,n02219486_15889_n02219486.JPEG,310,20260813
86619,n02325366_6281_n02325366.JPEG,330,20260813
86629,n03534580_4685_n03534580.JPEG,601,20260813
86649,n02102973_3399_n02102973.JPEG,221,20260813
86651,n07745940_8916_n07745940.JPEG,949,20260813
86660,n04152593_23528_n04152593.JPEG,782,20260813
86666,n07753113_16814_n07753113.JPEG,952,20260813
86683,n04486054_9089_n04486054.JPEG,873,20260813
86699,n02110958_1401_n02110958.JPEG,254,20260813
86702,n04372370_17822_n04372370.JPEG,844,20260813
86725,n02112706_2645_n02112706.JPEG,262,20260813
86727,n02089078_243_n02089078.JPEG,165,20260813
86733,n03958227_8001_n03958227.JPEG,728,20260813
86749,n03763968_3315_n03763968.JPEG,652,20260813
86761,n04037443_21625_n04037443.JPEG,751,20260813
86774,n03544143_10993_n03544143.JPEG,604,20260813
86779,n07697313_1373_n07697313.JPEG,933,20260813
86785,n04311004_2431_n04311004.JPEG,821,20260813
86789,n12768682_41144_n12768682.JPEG,990,20260813
86813,n04252225_27518_n04252225.JPEG,803,20260813
86815,n01530575_6984_n01530575.JPEG,10,20260813
86845,n02165456_79554_n02165456.JPEG,301,20260813
86893,n02125311_19769_n02125311.JPEG,286,20260813
86894,n02871525_23062_n02871525.JPEG,454,20260813
86901,n02747177_33898_n02747177.JPEG,412,20260813
86902,n02447366_15686_n02447366.JPEG,362,20260813
86911,n03000134_3031_n03000134.JPEG,489,20260813
86970,n01737021_1459_n01737021.JPEG,58,20260813
86986,n01729977_15627_n01729977.JPEG,55,20260813
87043,n01496331_27703_n01496331.JPEG,5,20260813
87055,n07802026_10492_n07802026.JPEG,958,20260813
87069,n03388549_6490_n03388549.JPEG,564,20260813
87077,n02129604_9900_n02129604.JPEG,292,20260813
87082,n01667114_9979_n01667114.JPEG,35,20260813
87096,n04254777_8023_n04254777.JPEG,806,20260813
87107,n03937543_914_n03937543.JPEG,720,20260813
87113,n04476259_15994_n04476259.JPEG,868,20260813
87116,n02769748_52975_n02769748.JPEG,414,20260813
87152,n04552348_8160_n04552348.JPEG,895,20260813
87179,n01614925_3556_n01614925.JPEG,22,20260813
87185,n03938244_33443_n03938244.JPEG,721,20260813
87202,n01955084_2520_n01955084.JPEG,116,20260813
87212,n02093859_3596_n02093859.JPEG,183,20260813
87218,n04380533_3387_n04380533.JPEG,846,20260813
87240,n04033901_10598_n04033901.JPEG,749,20260813
87246,n03424325_7741_n03424325.JPEG,570,20260813
87250,n09399592_68895_n09399592.JPEG,976,20260813
87267,n04141975_26696_n04141975.JPEG,778,20260813
87280,n01818515_10981_n01818515.JPEG,88,20260813
87281,n04141975_25317_n04141975.JPEG,778,20260813
87285,n02119022_6398_n02119022.JPEG,277,20260813
87299,n04372370_18179_n04372370.JPEG,844,20260813
87317,n03908714_11487_n03908714.JPEG,710,20260813
87320,n03445777_4715_n03445777.JPEG,574,20260813
87328,n04590129_17897_n04590129.JPEG,905,20260813
87376,n01978287_4058_n01978287.JPEG,118,20260813
87431,n02484975_8000_n02484975.JPEG,370,20260813
87450,n04392985_10691_n04392985.JPEG,848,20260813
87452,n01774750_8438_n01774750.JPEG,76,20260813
87453,n03075370_2302_n03075370.JPEG,507,20260813
87454,n02999410_9416_n02999410.JPEG,488,20260813
87466,n02398521_1640_n02398521.JPEG,344,20260813
87472,n04429376_31641_n04429376.JPEG,857,20260813
87479,n04428191_5903_n04428191.JPEG,856,20260813
87486,n03032252_99429_n03032252.JPEG,498,20260813
87508,n04204347_1662_n04204347.JPEG,791,20260813
87522,n04326547_5316_n04326547.JPEG,825,20260813
87537,n03786901_8519_n03786901.JPEG,666,20260813
87560,n02510455_888_n02510455.JPEG,388,20260813
87563,n02442845_6398_n02442845.JPEG,357,20260813
87573,n03814906_1598_n03814906.JPEG,679,20260813
87577,n02102480_3025_n02102480.JPEG,220,20260813
87628,n04553703_9051_n04553703.JPEG,896,20260813
87640,n03452741_5297_n03452741.JPEG,579,20260813
87649,n02487347_399_n02487347.JPEG,373,20260813
87658,n12620546_13197_n12620546.JPEG,989,20260813
87662,n07720875_5093_n07720875.JPEG,945,20260813
87727,n02793495_23217_n02793495.JPEG,425,20260813
87766,n02916936_175_n02916936.JPEG,465,20260813
87788,n03773504_5603_n03773504.JPEG,657,20260813
87790,n02607072_272_n02607072.JPEG,393,20260813
87795,n02033041_10463_n02033041.JPEG,142,20260813
87813,n02708093_2619_n02708093.JPEG,409,20260813
87815,n03529860_13607_n03529860.JPEG,598,20260813
87820,n02109047_25342_n02109047.JPEG,246,20260813
87821,n03538406_6092_n03538406.JPEG,603,20260813
87830,n03100240_855_n03100240.JPEG,511,20260813
87845,n03187595_26370_n03187595.JPEG,528,20260813
87854,n02109047_4112_n02109047.JPEG,246,20260813
87871,n03724870_1894_n03724870.JPEG,643,20260813
87895,n02391049_100_n02391049.JPEG,340,20260813
87898,n02101388_2093_n02101388.JPEG,215,20260813
87909,n02730930_4411_n02730930.JPEG,411,20260813
87910,n04069434_268_n04069434.JPEG,759,20260813
87921,n04599235_13770_n04599235.JPEG,911,20260813
87928,n03208938_6243_n03208938.JPEG,535,20260813
87929,n03599486_11840_n03599486.JPEG,612,20260813
87942,n04479046_11684_n04479046.JPEG,869,20260813
87954,n01768244_8099_n01768244.JPEG,69,20260813
87978,n03272010_5904_n03272010.JPEG,546,20260813
87988,n09332890_590_n09332890.JPEG,975,20260813
88019,n03485794_52640_n03485794.JPEG,591,20260813
88085,n02104365_3690_n02104365.JPEG,223,20260813
88104,n02088238_4167_n02088238.JPEG,161,20260813
88184,n04326547_5230_n04326547.JPEG,825,20260813
88191,n02342885_28_n02342885.JPEG,333,20260813
88211,n03459775_3433_n03459775.JPEG,581,20260813
88253,n02088632_7174_n02088632.JPEG,164,20260813
88303,n01770081_6527_n01770081.JPEG,70,20260813
88309,n01698640_11250_n01698640.JPEG,50,20260813
88317,n02422699_16730_n02422699.JPEG,352,20260813
88323,n11939491_50198_n11939491.JPEG,985,20260813
88326,n02410509_112_n02410509.JPEG,347,20260813
88327,n02088238_9827_n02088238.JPEG,161,20260813
88330,n04584207_29372_n04584207.JPEG,903,20260813
88351,n02085782_4798_n02085782.JPEG,152,20260813
88362,n03956157_26226_n03956157.JPEG,727,20260813
88371,n01784675_9129_n01784675.JPEG,79,20260813
88400,n04357314_4321_n04357314.JPEG,838,20260813
88407,n02892201_66850_n02892201.JPEG,458,20260813
88408,n04120489_4892_n04120489.JPEG,770,20260813
88409,n04005630_57234_n04005630.JPEG,743,20260813
88410,n04540053_2744_n04540053.JPEG,890,20260813
88463,n04487394_25637_n04487394.JPEG,875,20260813
88465,n01688243_3335_n01688243.JPEG,43,20260813
88480,n02085782_3354_n02085782.JPEG,152,20260813
88503,n02104365_3691_n02104365.JPEG,223,20260813
88523,n02672831_1627_n02672831.JPEG,401,20260813
88536,n04465501_3147_n04465501.JPEG,866,20260813
88539,n07768694_19293_n07768694.JPEG,957,20260813
88559,n04532670_39051_n04532670.JPEG,888,20260813
88567,n04146614_10072_n04146614.JPEG,779,20260813
88573,n03947888_3512_n03947888.JPEG,724,20260813
88581,n02089078_5014_n02089078.JPEG,165,20260813
88629,n03478589_6775_n03478589.JPEG,586,20260813
88639,n04125021_26_n04125021.JPEG,771,20260813
88679,n04033995_39080_n04033995.JPEG,750,20260813
88689,n02018795_7716_n02018795.JPEG,138,20260813
88713,n02091635_4705_n02091635.JPEG,175,20260813
88717,n03804744_1142_n03804744.JPEG,677,20260813
88736,n03271574_27127_n03271574.JPEG,545,20260813
88737,n01491361_15423_n01491361.JPEG,3,20260813
88776,n02804414_924_n02804414.JPEG,431,20260813
88790,n01748264_2788_n01748264.JPEG,63,20260813
88798,n03443371_26810_n03443371.JPEG,572,20260813
88816,n03843555_1695_n03843555.JPEG,686,20260813
88819,n03584254_2142_n03584254.JPEG,605,20260813
88820,n02110185_9004_n02110185.JPEG,250,20260813
88822,n03868863_3666_n03868863.JPEG,691,20260813
88836,n02669723_6877_n02669723.JPEG,400,20260813
88857,n02415577_6042_n02415577.JPEG,349,20260813
88889,n04285008_15049_n04285008.JPEG,817,20260813
88891,n02277742_1066_n02277742.JPEG,322,20260813
88893,n09229709_130414_n09229709.JPEG,971,20260813
88901,n03785016_1443_n03785016.JPEG,665,20260813
88914,n02120505_14651_n02120505.JPEG,280,20260813
88930,n01796340_9791_n01796340.JPEG,81,20260813
88937,n03124170_12792_n03124170.JPEG,515,20260813
88948,n07875152_2480_n07875152.JPEG,964,20260813
88967,n03045698_11191_n03045698.JPEG,501,20260813
88974,n02172182_652_n02172182.JPEG,305,20260813
89007,n03623198_746_n03623198.JPEG,615,20260813
89015,n02106662_6767_n02106662.JPEG,235,20260813
89037,n02037110_11647_n02037110.JPEG,143,20260813
89042,n02091467_4103_n02091467.JPEG,174,20260813
89043,n04251144_12404_n04251144.JPEG,801,20260813
89061,n02966687_6888_n02966687.JPEG,477,20260813
89099,n02804610_19386_n02804610.JPEG,432,20260813
89101,n02640242_35294_n02640242.JPEG,394,20260813
89124,n02708093_245_n02708093.JPEG,409,20260813
89131,n02088632_4613_n02088632.JPEG,164,20260813
89136,n02869837_8749_n02869837.JPEG,452,20260813
89157,n02108422_12029_n02108422.JPEG,243,20260813
89172,n02977058_5463_n02977058.JPEG,480,20260813
89173,n01980166_3672_n01980166.JPEG,120,20260813
89184,n02088094_8041_n02088094.JPEG,160,20260813
89211,n03794056_14826_n03794056.JPEG,674,20260813
89227,n04562935_9682_n04562935.JPEG,900,20260813
89234,n04485082_58591_n04485082.JPEG,872,20260813
89236,n01774750_18889_n01774750.JPEG,76,20260813
89243,n04081281_99318_n04081281.JPEG,762,20260813
89245,n03291819_21643_n03291819.JPEG,549,20260813
89285,n01740131_14070_n01740131.JPEG,60,20260813
89296,n01484850_9995_n01484850.JPEG,2,20260813
89314,n03773504_339_n03773504.JPEG,657,20260813
89327,n04065272_1794_n04065272.JPEG,757,20260813
89330,n03187595_4148_n03187595.JPEG,528,20260813
89339,n03131574_5168_n03131574.JPEG,520,20260813
89357,n07565083_10372_n07565083.JPEG,922,20260813
89362,n03495258_18636_n03495258.JPEG,594,20260813
89407,n02895154_14060_n02895154.JPEG,461,20260813
89414,n03793489_11761_n03793489.JPEG,673,20260813
89435,n03240683_14285_n03240683.JPEG,540,20260813
89444,n03908714_2775_n03908714.JPEG,710,20260813
89446,n07930864_36206_n07930864.JPEG,968,20260813
89493,n03532672_1541_n03532672.JPEG,600,20260813
89498,n02106662_1713_n02106662.JPEG,235,20260813
89500,n02106382_4742_n02106382.JPEG,233,20260813
89511,n03788195_52365_n03788195.JPEG,668,20260813
89517,n13037406_6385_n13037406.JPEG,993,20260813
89523,n01693334_2095_n01693334.JPEG,46,20260813
89526,n04552348_19726_n04552348.JPEG,895,20260813
89550,n01980166_5297_n01980166.JPEG,120,20260813
89560,n01883070_3080_n01883070.JPEG,106,20260813
89573,n03016953_3109_n03016953.JPEG,493,20260813
89587,n04086273_19572_n04086273.JPEG,763,20260813
89612,n04192698_48236_n04192698.JPEG,787,20260813
89633,n06785654_21629_n06785654.JPEG,918,20260813
89642,n04467665_22362_n04467665.JPEG,867,20260813
89676,n04009552_9427_n04009552.JPEG,745,20260813
89694,n03590841_5530_n03590841.JPEG,607,20260813
89695,n03457902_15730_n03457902.JPEG,580,20260813
89702,n01819313_5590_n01819313.JPEG,89,20260813
89703,n03733805_1567_n03733805.JPEG,647,20260813
89708,n02123394_8130_n02123394.JPEG,283,20260813
89719,n02443114_43342_n02443114.JPEG,358,20260813
89734,n04192698_14046_n04192698.JPEG,787,20260813
89737,n02398521_14020_n02398521.JPEG,344,20260813
89740,n02119022_373_n02119022.JPEG,277,20260813
89759,n01751748_970_n01751748.JPEG,65,20260813
89772,n02795169_16975_n02795169.JPEG,427,20260813
89773,n02787622_7818_n02787622.JPEG,420,20260813
89779,n02110627_21158_n02110627.JPEG,252,20260813
89790,n01742172_9852_n01742172.JPEG,61,20260813
89839,n01537544_19440_n01537544.JPEG,14,20260813
89842,n02480495_659_n02480495.JPEG,365,20260813
89861,n02504013_4590_n02504013.JPEG,385,20260813
89864,n02980441_1837_n02980441.JPEG,483,20260813
89872,n01632777_14260_n01632777.JPEG,29,20260813
89875,n03100240_1836_n03100240.JPEG,511,20260813
89885,n02102040_297_n02102040.JPEG,217,20260813
89897,n02095314_669_n02095314.JPEG,188,20260813
89901,n02391049_7457_n02391049.JPEG,340,20260813
89950,n02098105_1229_n02098105.JPEG,202,20260813
89970,n01860187_21768_n01860187.JPEG,100,20260813
89988,n03146219_25562_n03146219.JPEG,524,20260813
90005,n02102177_1610_n02102177.JPEG,218,20260813
90007,n12144580_13877_n12144580.JPEG,987,20260813
90032,n01819313_3853_n01819313.JPEG,89,20260813
90043,n02808440_45407_n02808440.JPEG,435,20260813
90044,n07615774_316_n07615774.JPEG,929,20260813
90046,n02093859_798_n02093859.JPEG,183,20260813
90053,n07760859_16330_n07760859.JPEG,956,20260813
90056,n02108089_44945_n02108089.JPEG,242,20260813
90059,n02105251_5012_n02105251.JPEG,226,20260813
90061,n04493381_8764_n04493381.JPEG,876,20260813
90099,n02098413_15290_n02098413.JPEG,204,20260813
90100,n01582220_11579_n01582220.JPEG,18,20260813
90111,n04370456_43222_n04370456.JPEG,841,20260813
90129,n04442312_9930_n04442312.JPEG,859,20260813
90169,n02454379_4539_n02454379.JPEG,363,20260813
90172,n04479046_10148_n04479046.JPEG,869,20260813
90177,n02443114_7907_n02443114.JPEG,358,20260813
90194,n04209239_13186_n04209239.JPEG,794,20260813
90204,n03874599_7743_n03874599.JPEG,695,20260813
90216,n03710721_3711_n03710721.JPEG,639,20260813
90246,n02086079_4423_n02086079.JPEG,154,20260813
90250,n01669191_550_n01669191.JPEG,37,20260813
90253,n02786058_7789_n02786058.JPEG,419,20260813
90255,n03272010_2218_n03272010.JPEG,546,20260813
90267,n02033041_6384_n02033041.JPEG,142,20260813
90271,n01675722_5126_n01675722.JPEG,38,20260813
90296,n02091467_7662_n02091467.JPEG,174,20260813
90316,n03720891_1036_n03720891.JPEG,641,20260813
90318,n03633091_16073_n03633091.JPEG,618,20260813
90320,n02356798_1458_n02356798.JPEG,335,20260813
90330,n02484975_1375_n02484975.JPEG,370,20260813
90354,n03535780_47075_n03535780.JPEG,602,20260813
90357,n03658185_8117_n03658185.JPEG,623,20260813
90372,n02137549_1417_n02137549.JPEG,298,20260813
90400,n04086273_273_n04086273.JPEG,763,20260813
90412,n04254120_2766_n04254120.JPEG,804,20260813
90431,n02655020_15374_n02655020.JPEG,397,20260813
90499,n03887697_18266_n03887697.JPEG,700,20260813
90533,n04523525_37553_n04523525.JPEG,884,20260813
90568,n03706229_8913_n03706229.JPEG,635,20260813
90574,n13052670_3331_n13052670.JPEG,996,20260813
90586,n02107142_14010_n02107142.JPEG,236,20260813
90590,n03787032_5228_n03787032.JPEG,667,20260813
90594,n01685808_633_n01685808.JPEG,41,20260813
90598,n02441942_3189_n02441942.JPEG,356,20260813
90603,n01749939_11171_n01749939.JPEG,64,20260813
90616,n02091635_4220_n02091635.JPEG,175,20260813
90620,n04562935_30707_n04562935.JPEG,900,20260813
90645,n03769881_10820_n03769881.JPEG,654,20260813
90660,n02115641_14114_n02115641.JPEG,273,20260813
90667,n02391049_1220_n02391049.JPEG,340,20260813
90675,n02480495_6811_n02480495.JPEG,365,20260813
90678,n02988304_842_n02988304.JPEG,485,20260813
90691,n03494278_30308_n03494278.JPEG,593,20260813
90735,n04009552_2758_n04009552.JPEG,745,20260813
90848,n03666591_38495_n03666591.JPEG,626,20260813
90887,n02086079_37127_n02086079.JPEG,154,20260813
90893,n01930112_16577_n01930112.JPEG,111,20260813
90901,n04033901_6322_n04033901.JPEG,749,20260813
90940,n03544143_15009_n03544143.JPEG,604,20260813
90971,n02112350_971_n02112350.JPEG,261,20260813
90984,n02790996_14863_n02790996.JPEG,422,20260813
90990,n02091635_4915_n02091635.JPEG,175,20260813
90997,n04557648_5790_n04557648.JPEG,898,20260813
91000,n02167151_9427_n02167151.JPEG,302,20260813
91027,n02749479_29434_n02749479.JPEG,413,20260813
91028,n04562935_303_n04562935.JPEG,900,20260813
91035,n03584829_35501_n03584829.JPEG,606,20260813
91043,n03240683_20982_n03240683.JPEG,540,20260813
91073,n02417914_7077_n02417914.JPEG,350,20260813
91124,n02116738_7512_n02116738.JPEG,275,20260813
91129,n02481823_167_n02481823.JPEG,367,20260813
91145,n03793489_9748_n03793489.JPEG,673,20260813
91171,n02667093_9375_n02667093.JPEG,399,20260813
91184,n01751748_17760_n01751748.JPEG,65,20260813
91218,n02107908_405_n02107908.JPEG,240,20260813
91236,n02105162_5562_n02105162.JPEG,225,20260813
91254,n01484850_20792_n01484850.JPEG,2,20260813
91262,n02490219_246_n02490219.JPEG,377,20260813
91276,n02093428_592_n02093428.JPEG,180,20260813
91290,n04049303_6299_n04049303.JPEG,756,20260813
91338,n02027492_6729_n02027492.JPEG,140,20260813
91355,n01514668_373_n01514668.JPEG,7,20260813
91358,n03642806_13666_n03642806.JPEG,620,20260813
91367,n02871525_30480_n02871525.JPEG,454,20260813
91390,n02106382_7889_n02106382.JPEG,233,20260813
91404,n02089973_12272_n02089973.JPEG,167,20260813
91427,n02098413_9052_n02098413.JPEG,204,20260813
91439,n03924679_1067_n03924679.JPEG,713,20260813
91445,n01664065_5687_n01664065.JPEG,33,20260813
91452,n02951358_642_n02951358.JPEG,472,20260813
91461,n03110669_94669_n03110669.JPEG,513,20260813
91463,n03717622_8117_n03717622.JPEG,640,20260813
91469,n03599486_18235_n03599486.JPEG,612,20260813
91485,n02093859_1309_n02093859.JPEG,183,20260813
91515,n01978287_2456_n01978287.JPEG,118,20260813
91517,n02489166_8860_n02489166.JPEG,376,20260813
91519,n02123597_13500_n02123597.JPEG,284,20260813
91521,n13052670_8427_n13052670.JPEG,996,20260813
91526,n03630383_9578_n03630383.JPEG,617,20260813
91528,n03720891_6025_n03720891.JPEG,641,20260813
91536,n04476259_12915_n04476259.JPEG,868,20260813
91542,n02268853_4048_n02268853.JPEG,320,20260813
91555,n02802426_1018_n02802426.JPEG,430,20260813
91588,n01985128_43729_n01985128.JPEG,124,20260813
91589,n02096437_615_n02096437.JPEG,194,20260813
91592,n01978287_2633_n01978287.JPEG,118,20260813
91628,n02130308_9209_n02130308.JPEG,293,20260813
91666,n02112018_6113_n02112018.JPEG,259,20260813
91683,n02951358_12217_n02951358.JPEG,472,20260813
91686,n01773549_1943_n01773549.JPEG,73,20260813
91698,n03874293_20802_n03874293.JPEG,694,20260813
91700,n01924916_8488_n01924916.JPEG,110,20260813
91712,n02356798_3752_n02356798.JPEG,335,20260813
91719,n01833805_3473_n01833805.JPEG,94,20260813
91748,n02951358_3675_n02951358.JPEG,472,20260813
91779,n02231487_1058_n02231487.JPEG,313,20260813
91782,n01817953_11678_n01817953.JPEG,87,20260813
91803,n04081281_78340_n04081281.JPEG,762,20260813
91809,n02206856_1896_n02206856.JPEG,309,20260813
91832,n02100877_30534_n02100877.JPEG,213,20260813
91847,n02808304_18592_n02808304.JPEG,434,20260813
91851,n02788148_46100_n02788148.JPEG,421,20260813
91880,n03733805_1638_n03733805.JPEG,647,20260813
91883,n02229544_4838_n02229544.JPEG,312,20260813
91905,n02123394_1499_n02123394.JPEG,283,20260813
91925,n04153751_7286_n04153751.JPEG,783,20260813
91931,n07693725_9989_n07693725.JPEG,931,20260813
92000,n02090622_1764_n02090622.JPEG,169,20260813
92002,n04536866_19440_n04536866.JPEG,889,20260813
92023,n02100877_5249_n02100877.JPEG,213,20260813
92040,n01943899_688_n01943899.JPEG,112,20260813
92070,n02096177_852_n02096177.JPEG,192,20260813
92072,n15075141_17032_n15075141.JPEG,999,20260813
92076,n04557648_1997_n04557648.JPEG,898,20260813
92080,n04147183_18619_n04147183.JPEG,780,20260813
92082,n04254120_3612_n04254120.JPEG,804,20260813
92086,n02397096_2552_n02397096.JPEG,343,20260813
92091,n03763968_1715_n03763968.JPEG,652,20260813
92101,n03937543_2833_n03937543.JPEG,720,20260813
92107,n01532829_1316_n01532829.JPEG,12,20260813
92131,n01955084_9800_n01955084.JPEG,116,20260813
92144,n02101556_4975_n02101556.JPEG,216,20260813
92158,n03908714_5266_n03908714.JPEG,710,20260813
92165,n04125021_9833_n04125021.JPEG,771,20260813
92169,n04265275_6059_n04265275.JPEG,811,20260813
92171,n02114367_10484_n02114367.JPEG,269,20260813
92195,n01734418_4662_n01734418.JPEG,56,20260813
92202,n04590129_37533_n04590129.JPEG,905,20260813
92209,n04487394_22156_n04487394.JPEG,875,20260813
92221,n03249569_6052_n03249569.JPEG,541,20260813
92236,n03803284_2188_n03803284.JPEG,676,20260813
92255,n04523525_18870_n04523525.JPEG,884,20260813
92272,n03388549_9124_n03388549.JPEG,564,20260813
92289,n03692522_4824_n03692522.JPEG,633,20260813
92304,n04370456_1104_n04370456.JPEG,841,20260813
92308,n01828970_5275_n01828970.JPEG,92,20260813
92310,n02280649_2333_n02280649.JPEG,324,20260813
92316,n02870880_149_n02870880.JPEG,453,20260813
92330,n02168699_1990_n02168699.JPEG,303,20260813
92334,n03814906_22642_n03814906.JPEG,679,20260813
92346,n02492660_7281_n02492660.JPEG,379,20260813
92350,n03733805_10767_n03733805.JPEG,647,20260813
92355,n13040303_6964_n13040303.JPEG,994,20260813
92361,n03255030_9717_n03255030.JPEG,543,20260813
92382,n03538406_4489_n03538406.JPEG,603,20260813
92383,n02206856_6517_n02206856.JPEG,309,20260813
92417,n04350905_21730_n04350905.JPEG,834,20260813
92425,n03841143_13339_n03841143.JPEG,685,20260813
92437,n02730930_14989_n02730930.JPEG,411,20260813
92459,n03394916_38854_n03394916.JPEG,566,20260813
92519,n01641577_3738_n01641577.JPEG,30,20260813
92538,n07716358_23815_n07716358.JPEG,939,20260813
92546,n02100735_6967_n02100735.JPEG,212,20260813
92581,n02788148_94020_n02788148.JPEG,421,20260813
92583,n01697457_6371_n01697457.JPEG,49,20260813
92590,n03876231_17851_n03876231.JPEG,696,20260813
92593,n02892767_10597_n02892767.JPEG,459,20260813
92600,n01689811_12807_n01689811.JPEG,44,20260813
92617,n04263257_6532_n04263257.JPEG,809,20260813
92632,n03710721_5598_n03710721.JPEG,639,20260813
92651,n02025239_1231_n02025239.JPEG,139,20260813
92661,n04258138_1831_n04258138.JPEG,807,20260813
92668,n02096051_2773_n02096051.JPEG,191,20260813
92671,n03196217_1272_n03196217.JPEG,530,20260813
92676,n04118776_20433_n04118776.JPEG,769,20260813
92704,n02749479_981_n02749479.JPEG,413,20260813
92746,n03961711_9308_n03961711.JPEG,729,20260813
92766,n02906734_23286_n02906734.JPEG,462,20260813
92774,n04428191_2408_n04428191.JPEG,856,20260813
92780,n02483708_2944_n02483708.JPEG,369,20260813
92801,n02113712_5399_n02113712.JPEG,266,20260813
92812,n03544143_11400_n03544143.JPEG,604,20260813
92843,n02111277_3847_n02111277.JPEG,256,20260813
92856,n02676566_6549_n02676566.JPEG,402,20260813
92887,n03876231_6928_n03876231.JPEG,696,20260813
92898,n04153751_8984_n04153751.JPEG,783,20260813
92918,n01440764_14559_n01440764.JPEG,0,20260813
92923,n02094258_340_n02094258.JPEG,186,20260813
92928,n01776313_4889_n01776313.JPEG,78,20260813
92957,n03016953_30358_n03016953.JPEG,493,20260813
92958,n03982430_15350_n03982430.JPEG,736,20260813
92978,n04456115_11300_n04456115.JPEG,862,20260813
92989,n02097658_1989_n02097658.JPEG,201,20260813
93070,n02100877_19911_n02100877.JPEG,213,20260813
93078,n02788148_17936_n02788148.JPEG,421,20260813
93136,n03000247_56401_n03000247.JPEG,490,20260813
93150,n03355925_27706_n03355925.JPEG,557,20260813
93162,n03483316_18453_n03483316.JPEG,589,20260813
93175,n01873310_10371_n01873310.JPEG,103,20260813
93247,n01440764_12040_n01440764.JPEG,0,20260813
93248,n01558993_14092_n01558993.JPEG,15,20260813
93250,n03950228_14435_n03950228.JPEG,725,20260813
93268,n02840245_3556_n02840245.JPEG,446,20260813
93275,n09229709_35101_n09229709.JPEG,971,20260813
93278,n02643566_7317_n02643566.JPEG,396,20260813
93317,n02105251_6632_n02105251.JPEG,226,20260813
93330,n04404412_416_n04404412.JPEG,851,20260813
93332,n04356056_15794_n04356056.JPEG,837,20260813
93348,n02107683_6693_n02107683.JPEG,239,20260813
93351,n03000684_17546_n03000684.JPEG,491,20260813
93367,n02132136_10684_n02132136.JPEG,294,20260813
93372,n02992529_26724_n02992529.JPEG,487,20260813
93389,n02013706_5450_n02013706.JPEG,135,20260813
93432,n04398044_14913_n04398044.JPEG,849,20260813
93433,n03902125_14896_n03902125.JPEG,707,20260813
93440,n02492035_5878_n02492035.JPEG,378,20260813
93458,n02536864_15619_n02536864.JPEG,391,20260813
93478,n02447366_837_n02447366.JPEG,362,20260813
93484,n02480855_15489_n02480855.JPEG,366,20260813
93489,n02113799_1512_n02113799.JPEG,267,20260813
93520,n03876231_6260_n03876231.JPEG,696,20260813
93539,n03141823_11739_n03141823.JPEG,523,20260813
93550,n07718747_12364_n07718747.JPEG,944,20260813
93566,n01532829_2857_n01532829.JPEG,12,20260813
93579,n03825788_13690_n03825788.JPEG,680,20260813
93582,n02123045_13060_n02123045.JPEG,281,20260813
93586,n02123394_3876_n02123394.JPEG,283,20260813
93602,n10148035_29358_n10148035.JPEG,982,20260813
93626,n07742313_2739_n07742313.JPEG,948,20260813
93641,n02526121_140_n02526121.JPEG,390,20260813
93643,n01986214_16100_n01986214.JPEG,125,20260813
93690,n09246464_73938_n09246464.JPEG,972,20260813
93694,n03832673_11463_n03832673.JPEG,681,20260813
93705,n03047690_30326_n03047690.JPEG,502,20260813
93716,n03814906_27300_n03814906.JPEG,679,20260813
93740,n02114855_17519_n02114855.JPEG,272,20260813
93744,n03028079_7794_n03028079.JPEG,497,20260813
93748,n02457408_20470_n02457408.JPEG,364,20260813
93752,n03982430_30640_n03982430.JPEG,736,20260813
93785,n02865351_12522_n02865351.JPEG,451,20260813
93797,n01677366_22006_n01677366.JPEG,39,20260813
93836,n02165456_10129_n02165456.JPEG,301,20260813
93842,n03942813_9631_n03942813.JPEG,722,20260813
93870,n01685808_2719_n01685808.JPEG,41,20260813
93887,n02086240_4958_n02086240.JPEG,155,20260813
93888,n03840681_6487_n03840681.JPEG,684,20260813
93893,n03690938_3983_n03690938.JPEG,631,20260813
93898,n03450230_700_n03450230.JPEG,578,20260813
93913,n03131574_48960_n03131574.JPEG,520,20260813
93914,n03208938_9538_n03208938.JPEG,535,20260813
93930,n01824575_1153_n01824575.JPEG,91,20260813
93937,n04355933_1020_n04355933.JPEG,836,20260813
93963,n04325704_8553_n04325704.JPEG,824,20260813
93982,n03920288_2955_n03920288.JPEG,712,20260813
93994,n02787622_14696_n02787622.JPEG,420,20260813
93996,n03100240_600_n03100240.JPEG,511,20260813
94003,n02486261_711_n02486261.JPEG,371,20260813
94021,n02088364_1341_n02088364.JPEG,162,20260813
94023,n04540053_3841_n04540053.JPEG,890,20260813
94064,n01883070_1782_n01883070.JPEG,106,20260813
94065,n02486410_5868_n02486410.JPEG,372,20260813
94073,n04597913_5633_n04597913.JPEG,910,20260813
94075,n02514041_4248_n02514041.JPEG,389,20260813
94090,n02133161_1948_n02133161.JPEG,295,20260813
94129,n04517823_11528_n04517823.JPEG,882,20260813
94168,n03063689_2668_n03063689.JPEG,505,20260813
94187,n09246464_10913_n09246464.JPEG,972,20260813
94199,n01855032_335_n01855032.JPEG,98,20260813
94244,n03666591_30667_n03666591.JPEG,626,20260813
94248,n02085620_3881_n02085620.JPEG,151,20260813
94257,n02398521_31247_n02398521.JPEG,344,20260813
94279,n01534433_11841_n01534433.JPEG,13,20260813
94284,n01728920_16390_n01728920.JPEG,53,20260813
94301,n02992529_15947_n02992529.JPEG,487,20260813
94349,n01829413_19001_n01829413.JPEG,93,20260813
94368,n04296562_14312_n04296562.JPEG,819,20260813
94376,n07717410_1021_n07717410.JPEG,941,20260813
94394,n07892512_18682_n07892512.JPEG,966,20260813
94398,n04023962_34520_n04023962.JPEG,747,20260813
94422,n02643566_4414_n02643566.JPEG,396,20260813
94423,n02099601_127_n02099601.JPEG,207,20260813
94429,n02128385_2755_n02128385.JPEG,288,20260813
94443,n02128757_10035_n02128757.JPEG,289,20260813
94484,n02091032_4970_n02091032.JPEG,171,20260813
94485,n02256656_3201_n02256656.JPEG,316,20260813
94486,n01914609_7007_n01914609.JPEG,108,20260813
94519,n04127249_28_n04127249.JPEG,772,20260813
94522,n09421951_9815_n09421951.JPEG,977,20260813
94525,n02640242_3781_n02640242.JPEG,394,20260813
94526,n01582220_25743_n01582220.JPEG,18,20260813
94533,n02321529_9852_n02321529.JPEG,329,20260813
94544,n03792782_3295_n03792782.JPEG,671,20260813
94599,n02981792_6530_n02981792.JPEG,484,20260813
94605,n02091032_4971_n02091032.JPEG,171,20260813
94637,n04008634_16660_n04008634.JPEG,744,20260813
94673,n03796401_7303_n03796401.JPEG,675,20260813
94694,n03724870_23719_n03724870.JPEG,643,20260813
94696,n02137549_11123_n02137549.JPEG,298,20260813
94704,n02486261_7849_n02486261.JPEG,371,20260813
94709,n01749939_5538_n01749939.JPEG,64,20260813
94715,n02883205_72521_n02883205.JPEG,457,20260813
94728,n02480855_1689_n02480855.JPEG,366,20260813
94746,n03623198_11460_n03623198.JPEG,615,20260813
94756,n02791270_12029_n02791270.JPEG,424,20260813
94772,n02776631_43496_n02776631.JPEG,415,20260813
94773,n02002556_24280_n02002556.JPEG,127,20260813
94780,n02011460_4535_n02011460.JPEG,133,20260813
94782,n02107574_3469_n02107574.JPEG,238,20260813
94802,n01443537_3114_n01443537.JPEG,1,20260813
94817,n02101388_10650_n02101388.JPEG,215,20260813
94823,n03977966_64201_n03977966.JPEG,734,20260813
94844,n02033041_328_n02033041.JPEG,142,20260813
94846,n02087046_12885_n02087046.JPEG,158,20260813
94851,n02950826_10542_n02950826.JPEG,471,20260813
94876,n04501370_1637_n04501370.JPEG,877,20260813
94878,n03630383_5224_n03630383.JPEG,617,20260813
94886,n02100877_12875_n02100877.JPEG,213,20260813
94887,n02088466_824_n02088466.JPEG,163,20260813
94912,n04548362_16621_n04548362.JPEG,893,20260813
94923,n01872401_5578_n01872401.JPEG,102,20260813
94970,n02112350_2362_n02112350.JPEG,261,20260813
94973,n02112350_10177_n02112350.JPEG,261,20260813
95005,n03814906_30500_n03814906.JPEG,679,20260813
95013,n03133878_5264_n03133878.JPEG,521,20260813
95015,n03538406_4972_n03538406.JPEG,603,20260813
95052,n02125311_9566_n02125311.JPEG,286,20260813
95080,n02415577_4933_n02415577.JPEG,349,20260813
95102,n03814639_9030_n03814639.JPEG,678,20260813
95117,n03982430_19785_n03982430.JPEG,736,20260813
95125,n02123159_1733_n02123159.JPEG,282,20260813
95128,n04509417_5327_n04509417.JPEG,880,20260813
95132,n02690373_5729_n02690373.JPEG,404,20260813
95135,n03692522_1870_n03692522.JPEG,633,20260813
95155,n07693725_12956_n07693725.JPEG,931,20260813
95163,n02086646_411_n02086646.JPEG,156,20260813
95187,n03710193_41_n03710193.JPEG,637,20260813
95188,n02804414_9144_n02804414.JPEG,431,20260813
95206,n03617480_8167_n03617480.JPEG,614,20260813
95207,n02109047_25793_n02109047.JPEG,246,20260813
95209,n03208938_4338_n03208938.JPEG,535,20260813
95210,n01806567_10492_n01806567.JPEG,85,20260813
95224,n02097047_428_n02097047.JPEG,196,20260813
95230,n03345487_10313_n03345487.JPEG,555,20260813
95236,n04141076_10181_n04141076.JPEG,776,20260813
95238,n02346627_3783_n02346627.JPEG,334,20260813
95255,n03394916_28113_n03394916.JPEG,566,20260813
95282,n07753592_1608_n07753592.JPEG,954,20260813
95320,n12144580_10811_n12144580.JPEG,987,20260813
95326,n04399382_6221_n04399382.JPEG,850,20260813
95328,n04367480_29754_n04367480.JPEG,840,20260813
95332,n03271574_10100_n03271574.JPEG,545,20260813
95347,n02795169_32225_n02795169.JPEG,427,20260813
95359,n03832673_12778_n03832673.JPEG,681,20260813
95377,n07718472_14910_n07718472.JPEG,943,20260813
95383,n03666591_10044_n03666591.JPEG,626,20260813
95386,n04296562_53104_n04296562.JPEG,819,20260813
95393,n02099849_930_n02099849.JPEG,209,20260813
95405,n03110669_108367_n03110669.JPEG,513,20260813
95423,n01744401_11188_n01744401.JPEG,62,20260813
95435,n02259212_4233_n02259212.JPEG,317,20260813
95437,n01695060_7012_n01695060.JPEG,48,20260813
95453,n07248320_30950_n07248320.JPEG,921,20260813
95472,n02109047_23595_n02109047.JPEG,246,20260813
95478,n03404251_12025_n03404251.JPEG,568,20260813
95518,n07920052_9432_n07920052.JPEG,967,20260813
95521,n03089624_12260_n03089624.JPEG,509,20260813
95543,n02410509_456_n02410509.JPEG,347,20260813
95559,n02117135_4216_n02117135.JPEG,276,20260813
95576,n04285008_2163_n04285008.JPEG,817,20260813
95589,n04037443_26146_n04037443.JPEG,751,20260813
95603,n04487081_11111_n04487081.JPEG,874,20260813
95608,n02169497_3397_n02169497.JPEG,304,20260813
95662,n02106030_7410_n02106030.JPEG,231,20260813
95672,n03657121_6039_n03657121.JPEG,622,20260813
95673,n02447366_14277_n02447366.JPEG,362,20260813
95684,n02110341_6550_n02110341.JPEG,251,20260813
95694,n02916936_3200_n02916936.JPEG,465,20260813
95707,n02509815_10521_n02509815.JPEG,387,20260813
95724,n02978881_14708_n02978881.JPEG,481,20260813
95726,n10148035_21823_n10148035.JPEG,982,20260813
95732,n02441942_1029_n02441942.JPEG,356,20260813
95745,n04532106_12466_n04532106.JPEG,887,20260813
95757,n03787032_1081_n03787032.JPEG,667,20260813
95776,n02783161_38653_n02783161.JPEG,418,20260813
95778,n07583066_1936_n07583066.JPEG,924,20260813
95785,n02939185_34383_n02939185.JPEG,469,20260813
95786,n03721384_21541_n03721384.JPEG,642,20260813
95816,n02909870_48445_n02909870.JPEG,463,20260813
95845,n02916936_649_n02916936.JPEG,465,20260813
95846,n02445715_11431_n02445715.JPEG,361,20260813
95853,n02108551_7343_n02108551.JPEG,244,20260813
95855,n04596742_49058_n04596742.JPEG,909,20260813
95858,n03803284_939_n03803284.JPEG,676,20260813
95866,n07836838_2947_n07836838.JPEG,960,20260813
95877,n02097209_965_n02097209.JPEG,198,20260813
95878,n04355933_99_n04355933.JPEG,836,20260813
95946,n02108089_40370_n02108089.JPEG,242,20260813
95964,n02099601_29010_n02099601.JPEG,207,20260813
95975,n03710637_14116_n03710637.JPEG,638,20260813
95985,n01698640_7039_n01698640.JPEG,50,20260813
95998,n01494475_772_n01494475.JPEG,4,20260813
96008,n02769748_50772_n02769748.JPEG,414,20260813
96027,n03538406_4763_n03538406.JPEG,603,20260813
96043,n02110341_1853_n02110341.JPEG,251,20260813
96059,n02096294_1209_n02096294.JPEG,193,20260813
96069,n02091831_2247_n02091831.JPEG,176,20260813
96075,n04417672_27453_n04417672.JPEG,853,20260813
96094,n03930630_41_n03930630.JPEG,717,20260813
96123,n04371774_6911_n04371774.JPEG,843,20260813
96156,n02793495_17642_n02793495.JPEG,425,20260813
96157,n02105162_5661_n02105162.JPEG,225,20260813
96169,n02107908_2854_n02107908.JPEG,240,20260813
96174,n02483362_8135_n02483362.JPEG,368,20260813
96186,n02077923_5168_n02077923.JPEG,150,20260813
96188,n03032252_33946_n03032252.JPEG,498,20260813
96215,n02099601_142_n02099601.JPEG,207,20260813
96223,n03127747_8860_n03127747.JPEG,518,20260813
96241,n02917067_5505_n02917067.JPEG,466,20260813
96259,n02113978_5961_n02113978.JPEG,268,20260813
96278,n02002556_5205_n02002556.JPEG,127,20260813
96282,n03776460_15606_n03776460.JPEG,660,20260813
96285,n03424325_10844_n03424325.JPEG,570,20260813
96287,n03584829_25619_n03584829.JPEG,606,20260813
96301,n02326432_42086_n02326432.JPEG,331,20260813
96315,n02422699_2216_n02422699.JPEG,352,20260813
96316,n01694178_5703_n01694178.JPEG,47,20260813
96322,n01877812_288_n01877812.JPEG,104,20260813
96339,n02783161_21047_n02783161.JPEG,418,20260813
96357,n02107142_41010_n02107142.JPEG,236,20260813
96367,n02643566_616_n02643566.JPEG,396,20260813
96399,n02129604_16372_n02129604.JPEG,292,20260813
96405,n04532106_15796_n04532106.JPEG,887,20260813
96419,n04275548_2151_n04275548.JPEG,815,20260813
96426,n03089624_12545_n03089624.JPEG,509,20260813
96453,n03127747_7065_n03127747.JPEG,518,20260813
96467,n03903868_25163_n03903868.JPEG,708,20260813
96476,n04116512_7420_n04116512.JPEG,767,20260813
96478,n04550184_38400_n04550184.JPEG,894,20260813
96481,n07747607_9476_n07747607.JPEG,950,20260813
96497,n02823428_8114_n02823428.JPEG,440,20260813
96499,n04005630_38515_n04005630.JPEG,743,20260813
96500,n03109150_26345_n03109150.JPEG,512,20260813
96505,n02018207_10161_n02018207.JPEG,137,20260813
96507,n03207941_2345_n03207941.JPEG,534,20260813
96511,n10148035_14377_n10148035.JPEG,982,20260813
96529,n04310018_1474_n04310018.JPEG,820,20260813
96532,n02167151_9794_n02167151.JPEG,302,20260813
96534,n03691459_25979_n03691459.JPEG,632,20260813
96551,n01917289_4529_n01917289.JPEG,109,20260813
96553,n04483307_10088_n04483307.JPEG,871,20260813
96559,n03496892_7831_n03496892.JPEG,595,20260813
96638,n01756291_15323_n01756291.JPEG,68,20260813
96642,n02099267_1009_n02099267.JPEG,205,20260813
96644,n02108551_7133_n02108551.JPEG,244,20260813
96659,n03777568_8061_n03777568.JPEG,661,20260813
96672,n04069434_2304_n04069434.JPEG,759,20260813
96684,n09229709_3213_n09229709.JPEG,971,20260813
96708,n03417042_16238_n03417042.JPEG,569,20260813
96726,n03476684_3999_n03476684.JPEG,584,20260813
96733,n02808304_6620_n02808304.JPEG,434,20260813
96737,n03908714_8039_n03908714.JPEG,710,20260813
96742,n03259280_6798_n03259280.JPEG,544,20260813
96752,n02895154_4812_n02895154.JPEG,461,20260813
96754,n03538406_46_n03538406.JPEG,603,20260813
96784,n03018349_19365_n03018349.JPEG,495,20260813
96797,n01558993_22926_n01558993.JPEG,15,20260813
96800,n01847000_7653_n01847000.JPEG,97,20260813
96815,n02116738_24525_n02116738.JPEG,275,20260813
96835,n02110627_7131_n02110627.JPEG,252,20260813
96844,n03958227_9213_n03958227.JPEG,728,20260813
96845,n01829413_3011_n01829413.JPEG,93,20260813
96852,n04228054_6072_n04228054.JPEG,795,20260813
96864,n12267677_4971_n12267677.JPEG,988,20260813
96866,n02117135_3194_n02117135.JPEG,276,20260813
96873,n07714571_7363_n07714571.JPEG,936,20260813
96894,n02174001_10994_n02174001.JPEG,306,20260813
96901,n04152593_32010_n04152593.JPEG,782,20260813
96905,n02606052_872_n02606052.JPEG,392,20260813
96920,n02128757_1111_n02128757.JPEG,289,20260813
96921,n02483708_1527_n02483708.JPEG,369,20260813
96924,n03125729_4432_n03125729.JPEG,516,20260813
96941,n02236044_7943_n02236044.JPEG,315,20260813
96945,n02259212_1522_n02259212.JPEG,317,20260813
96970,n04613696_5097_n04613696.JPEG,915,20260813
96977,n03032252_18390_n03032252.JPEG,498,20260813
97002,n04366367_1092_n04366367.JPEG,839,20260813
97010,n02107574_4438_n02107574.JPEG,238,20260813
97031,n03595614_12066_n03595614.JPEG,610,20260813
97046,n04049303_16246_n04049303.JPEG,756,20260813
97055,n01697457_7350_n01697457.JPEG,49,20260813
97071,n03841143_9511_n03841143.JPEG,685,20260813
97104,n04409515_10798_n04409515.JPEG,852,20260813
97111,n01687978_1476_n01687978.JPEG,42,20260813
97121,n04326547_4754_n04326547.JPEG,825,20260813
97124,n04370456_21844_n04370456.JPEG,841,20260813
97135,n04335435_1940_n04335435.JPEG,829,20260813
97144,n02321529_8950_n02321529.JPEG,329,20260813
97146,n02190166_12494_n02190166.JPEG,308,20260813
97155,n07753275_27144_n07753275.JPEG,953,20260813
97164,n02206856_29629_n02206856.JPEG,309,20260813
97169,n01697457_3591_n01697457.JPEG,49,20260813
97176,n03347037_3808_n03347037.JPEG,556,20260813
97187,n03476991_41631_n03476991.JPEG,585,20260813
97190,n03272010_15107_n03272010.JPEG,546,20260813
97202,n04239074_3885_n04239074.JPEG,799,20260813
97221,n01692333_9076_n01692333.JPEG,45,20260813
97228,n02325366_9226_n02325366.JPEG,330,20260813
97245,n04443257_11013_n04443257.JPEG,860,20260813
97249,n02088364_14051_n02088364.JPEG,162,20260813
97250,n04592741_21199_n04592741.JPEG,908,20260813
97293,n01592084_6387_n01592084.JPEG,19,20260813
97301,n07930864_63231_n07930864.JPEG,968,20260813
97305,n02412080_16040_n02412080.JPEG,348,20260813
97323,n09468604_43899_n09468604.JPEG,979,20260813
97332,n01514668_19606_n01514668.JPEG,7,20260813
97342,n02096437_6814_n02096437.JPEG,194,20260813
97349,n02504458_12449_n02504458.JPEG,386,20260813
97357,n03947888_5420_n03947888.JPEG,724,20260813
97377,n04154565_14892_n04154565.JPEG,784,20260813
97388,n02701002_29302_n02701002.JPEG,407,20260813
97389,n02027492_9905_n02027492.JPEG,140,20260813
97405,n01667778_8713_n01667778.JPEG,36,20260813
97451,n02423022_1745_n02423022.JPEG,353,20260813
97452,n07734744_10748_n07734744.JPEG,947,20260813
97498,n02655020_4167_n02655020.JPEG,397,20260813
97516,n04067472_11304_n04067472.JPEG,758,20260813
97518,n01737021_8908_n01737021.JPEG,58,20260813
97525,n01629819_16587_n01629819.JPEG,25,20260813
97539,n03384352_3613_n03384352.JPEG,561,20260813
97568,n03017168_28820_n03017168.JPEG,494,20260813
97589,n02114367_1308_n02114367.JPEG,269,20260813
97604,n02930766_21547_n02930766.JPEG,468,20260813
97631,n03481172_12386_n03481172.JPEG,587,20260813
97642,n03325584_5599_n03325584.JPEG,552,20260813
97653,n03980874_11236_n03980874.JPEG,735,20260813
97661,n02108000_3872_n02108000.JPEG,241,20260813
97693,n04596742_15144_n04596742.JPEG,909,20260813
97714,n03697007_7665_n03697007.JPEG,634,20260813
97718,n03874599_3772_n03874599.JPEG,695,20260813
97720,n02422699_1592_n02422699.JPEG,352,20260813
97770,n04367480_19759_n04367480.JPEG,840,20260813
97778,n02097209_6719_n02097209.JPEG,198,20260813
97786,n04467665_10906_n04467665.JPEG,867,20260813
97810,n02281787_2580_n02281787.JPEG,326,20260813
97814,n02099712_1029_n02099712.JPEG,208,20260813
97833,n03697007_4092_n03697007.JPEG,634,20260813
97834,n04004767_4987_n04004767.JPEG,742,20260813
97844,n07730033_14275_n07730033.JPEG,946,20260813
97850,n07747607_20387_n07747607.JPEG,950,20260813
97856,n02939185_22738_n02939185.JPEG,469,20260813
97859,n02894605_36781_n02894605.JPEG,460,20260813
97890,n02325366_14015_n02325366.JPEG,330,20260813
97917,n02105641_6020_n02105641.JPEG,229,20260813
97919,n02268443_38423_n02268443.JPEG,319,20260813
97941,n01734418_841_n01734418.JPEG,56,20260813
97942,n02114548_383_n02114548.JPEG,270,20260813
97964,n02699494_11068_n02699494.JPEG,406,20260813
98023,n03793489_5856_n03793489.JPEG,673,20260813
98030,n01592084_9629_n01592084.JPEG,19,20260813
98045,n03062245_2455_n03062245.JPEG,503,20260813
98062,n03980874_7597_n03980874.JPEG,735,20260813
98067,n02992211_28405_n02992211.JPEG,486,20260813
98124,n02666196_18224_n02666196.JPEG,398,20260813
98137,n03743016_14772_n03743016.JPEG,649,20260813
98151,n07717410_2806_n07717410.JPEG,941,20260813
98155,n04482393_10940_n04482393.JPEG,870,20260813
98165,n02099849_1890_n02099849.JPEG,209,20260813
98167,n01944390_6428_n01944390.JPEG,113,20260813
98173,n02190166_12327_n02190166.JPEG,308,20260813
98177,n02106166_11901_n02106166.JPEG,232,20260813
98185,n02134418_8631_n02134418.JPEG,297,20260813
98199,n02101388_47_n02101388.JPEG,215,20260813
98208,n11939491_7200_n11939491.JPEG,985,20260813
98209,n04264628_21332_n04264628.JPEG,810,20260813
98233,n02108551_2680_n02108551.JPEG,244,20260813
98257,n02226429_21250_n02226429.JPEG,311,20260813
98265,n02091134_8041_n02091134.JPEG,172,20260813
98275,n02417914_392_n02417914.JPEG,350,20260813
98288,n02747177_2406_n02747177.JPEG,412,20260813
98293,n02093991_4251_n02093991.JPEG,184,20260813
98294,n04344873_16837_n04344873.JPEG,831,20260813
98302,n07860988_1532_n07860988.JPEG,961,20260813
98347,n02113799_18409_n02113799.JPEG,267,20260813
98349,n02105251_5416_n02105251.JPEG,226,20260813
98375,n12620546_8099_n12620546.JPEG,989,20260813
98378,n02110958_4465_n02110958.JPEG,254,20260813
98441,n03063599_3834_n03063599.JPEG,504,20260813
98450,n02769748_18852_n02769748.JPEG,414,20260813
98477,n04149813_9004_n04149813.JPEG,781,20260813
98490,n02403003_4589_n02403003.JPEG,345,20260813
98513,n02840245_9746_n02840245.JPEG,446,20260813
98527,n02108089_39051_n02108089.JPEG,242,20260813
98549,n09288635_6675_n09288635.JPEG,974,20260813
98550,n02699494_193_n02699494.JPEG,406,20260813
98582,n13044778_9005_n13044778.JPEG,995,20260813
98604,n02951585_10639_n02951585.JPEG,473,20260813
98614,n02493509_14079_n02493509.JPEG,380,20260813
98619,n02165105_1209_n02165105.JPEG,300,20260813
98649,n02107312_1211_n02107312.JPEG,237,20260813
98666,n07932039_7137_n07932039.JPEG,969,20260813
98676,n04596742_12071_n04596742.JPEG,909,20260813
98698,n04049303_8931_n04049303.JPEG,756,20260813
98711,n01695060_5493_n01695060.JPEG,48,20260813
98716,n07695742_218_n07695742.JPEG,932,20260813
98725,n01806567_2221_n01806567.JPEG,85,20260813
98736,n02804610_25291_n02804610.JPEG,432,20260813
98745,n09193705_2720_n09193705.JPEG,970,20260813
98771,n01945685_12755_n01945685.JPEG,114,20260813
98789,n03134739_14466_n03134739.JPEG,522,20260813
98806,n04542943_5544_n04542943.JPEG,891,20260813
98818,n03207941_4546_n03207941.JPEG,534,20260813
98828,n02927161_846_n02927161.JPEG,467,20260813
98847,n03018349_7718_n03018349.JPEG,495,20260813
98853,n02793495_10176_n02793495.JPEG,425,20260813
98877,n04330267_20320_n04330267.JPEG,827,20260813
98883,n03595614_16140_n03595614.JPEG,610,20260813
98894,n02098413_5649_n02098413.JPEG,204,20260813
98895,n04317175_2325_n04317175.JPEG,823,20260813
98901,n01685808_8258_n01685808.JPEG,41,20260813
98928,n03662601_35089_n03662601.JPEG,625,20260813
98930,n01855672_3492_n01855672.JPEG,99,20260813
98937,n02085620_1392_n02085620.JPEG,151,20260813
98972,n12057211_7705_n12057211.JPEG,986,20260813
98979,n03868863_1781_n03868863.JPEG,691,20260813
98984,n09332890_34411_n09332890.JPEG,975,20260813
98989,n02977058_20043_n02977058.JPEG,480,20260813
99028,n01729977_8122_n01729977.JPEG,55,20260813
99051,n03691459_40281_n03691459.JPEG,632,20260813
99066,n03929855_1827_n03929855.JPEG,715,20260813
99083,n02422106_1461_n02422106.JPEG,351,20260813
99099,n01775062_3926_n01775062.JPEG,77,20260813
99141,n04125021_12129_n04125021.JPEG,771,20260813
99150,n03018349_2964_n03018349.JPEG,495,20260813
99157,n01614925_9450_n01614925.JPEG,22,20260813
99192,n04259630_10188_n04259630.JPEG,808,20260813
99198,n04589890_5410_n04589890.JPEG,904,20260813
99222,n02978881_5349_n02978881.JPEG,481,20260813
99223,n01580077_2553_n01580077.JPEG,17,20260813
99268,n07753113_4118_n07753113.JPEG,952,20260813
99277,n03814639_164_n03814639.JPEG,678,20260813
99281,n02814860_36571_n02814860.JPEG,437,20260813
99285,n01873310_14766_n01873310.JPEG,103,20260813
99288,n03871628_39337_n03871628.JPEG,692,20260813
99341,n03201208_39916_n03201208.JPEG,532,20260813
99343,n04336792_3093_n04336792.JPEG,830,20260813
99351,n04560804_7803_n04560804.JPEG,899,20260813
99356,n07711569_5729_n07711569.JPEG,935,20260813
99381,n02951358_11436_n02951358.JPEG,472,20260813
99446,n04149813_9243_n04149813.JPEG,781,20260813
99453,n02690373_3877_n02690373.JPEG,404,20260813
99455,n03891332_2930_n03891332.JPEG,704,20260813
99460,n03598930_2306_n03598930.JPEG,611,20260813
99481,n02018795_14150_n02018795.JPEG,138,20260813
99485,n01817953_1907_n01817953.JPEG,87,20260813
99495,n03838899_10028_n03838899.JPEG,683,20260813
99496,n02117135_4030_n02117135.JPEG,276,20260813
99515,n04147183_4312_n04147183.JPEG,780,20260813
99569,n02106550_61_n02106550.JPEG,234,20260813
99572,n09193705_11494_n09193705.JPEG,970,20260813
99591,n02111889_13000_n02111889.JPEG,258,20260813
99600,n01806143_6723_n01806143.JPEG,84,20260813
99604,n02100735_443_n02100735.JPEG,212,20260813
99620,n02093256_9095_n02093256.JPEG,179,20260813
99634,n02106382_653_n02106382.JPEG,233,20260813
99668,n02109047_11623_n02109047.JPEG,246,20260813
99706,n04263257_1946_n04263257.JPEG,809,20260813
99717,n02445715_8350_n02445715.JPEG,361,20260813
99753,n03888257_74795_n03888257.JPEG,701,20260813
99755,n04039381_17430_n04039381.JPEG,752,20260813
99804,n02006656_4015_n02006656.JPEG,129,20260813
99814,n03207743_5887_n03207743.JPEG,533,20260813
99822,n02011460_2127_n02011460.JPEG,133,20260813
99854,n03729826_27247_n03729826.JPEG,644,20260813
99865,n09472597_1267_n09472597.JPEG,980,20260813
99868,n03642806_8755_n03642806.JPEG,620,20260813
99869,n03063689_443_n03063689.JPEG,505,20260813
99870,n03733281_10202_n03733281.JPEG,646,20260813
99872,n01768244_8151_n01768244.JPEG,69,20260813
99880,n03141823_16444_n03141823.JPEG,523,20260813
99885,n03271574_8678_n03271574.JPEG,545,20260813
99915,n02112350_991_n02112350.JPEG,261,20260813
99922,n04204238_5717_n04204238.JPEG,790,20260813
99925,n03903868_58783_n03903868.JPEG,708,20260813
99934,n03866082_7284_n03866082.JPEG,689,20260813
99937,n02489166_3502_n02489166.JPEG,376,20260813
99957,n03017168_24892_n03017168.JPEG,494,20260813
99965,n01985128_6658_n01985128.JPEG,124,20260813
99991,n03786901_16194_n03786901.JPEG,666,20260813
100003,n02787622_263_n02787622.JPEG,420,20260813
100020,n04376876_10333_n04376876.JPEG,845,20260813
100030,n02112137_7533_n02112137.JPEG,260,20260813
100034,n01855672_11785_n01855672.JPEG,99,20260813
100073,n09421951_7074_n09421951.JPEG,977,20260813
100101,n03530642_21856_n03530642.JPEG,599,20260813
100103,n02860847_24877_n02860847.JPEG,450,20260813
100112,n04371430_13028_n04371430.JPEG,842,20260813
100118,n07716906_2375_n07716906.JPEG,940,20260813
100123,n07730033_8523_n07730033.JPEG,946,20260813
100128,n07697537_32685_n07697537.JPEG,934,20260813
100156,n02169497_2941_n02169497.JPEG,304,20260813
100177,n01687978_12084_n01687978.JPEG,42,20260813
100189,n03680355_2921_n03680355.JPEG,630,20260813
100196,n02423022_21142_n02423022.JPEG,353,20260813
100198,n02089867_1029_n02089867.JPEG,166,20260813
100202,n03584829_25224_n03584829.JPEG,606,20260813
100205,n03786901_9160_n03786901.JPEG,666,20260813
100209,n04482393_4078_n04482393.JPEG,870,20260813
100216,n01798484_2453_n01798484.JPEG,83,20260813
100227,n07590611_11345_n07590611.JPEG,926,20260813
100243,n01530575_5676_n01530575.JPEG,10,20260813
100255,n03843555_5397_n03843555.JPEG,686,20260813
100258,n01775062_4646_n01775062.JPEG,77,20260813
100262,n03775071_5157_n03775071.JPEG,658,20260813
100264,n02480495_1849_n02480495.JPEG,365,20260813
100266,n03476684_4210_n03476684.JPEG,584,20260813
100271,n02190166_9224_n02190166.JPEG,308,20260813
100283,n03598930_901_n03598930.JPEG,611,20260813
100289,n03393912_4715_n03393912.JPEG,565,20260813
100306,n04346328_8584_n04346328.JPEG,832,20260813
100310,n04540053_18287_n04540053.JPEG,890,20260813
100314,n12768682_30233_n12768682.JPEG,990,20260813
100323,n02895154_16070_n02895154.JPEG,461,20260813
100357,n04398044_14160_n04398044.JPEG,849,20260813
100363,n01694178_3636_n01694178.JPEG,47,20260813
100375,n03857828_65243_n03857828.JPEG,688,20260813
100381,n02094258_6728_n02094258.JPEG,186,20260813
100421,n02134084_4339_n02134084.JPEG,296,20260813
100422,n02095314_6331_n02095314.JPEG,188,20260813
100446,n12267677_644_n12267677.JPEG,988,20260813
100455,n04154565_30612_n04154565.JPEG,784,20260813
100490,n03483316_6623_n03483316.JPEG,589,20260813
100494,n03854065_67904_n03854065.JPEG,687,20260813
100495,n09472597_40931_n09472597.JPEG,980,20260813
100510,n04367480_5682_n04367480.JPEG,840,20260813
100519,n04039381_10560_n04039381.JPEG,752,20260813
100548,n03379051_8085_n03379051.JPEG,560,20260813
100575,n04201297_13630_n04201297.JPEG,789,20260813
100591,n02123159_3238_n02123159.JPEG,282,20260813
100609,n02190166_4413_n02190166.JPEG,308,20260813
100610,n02025239_3110_n02025239.JPEG,139,20260813
100638,n04344873_15523_n04344873.JPEG,831,20260813
100645,n01945685_11454_n01945685.JPEG,114,20260813
100678,n02492035_6462_n02492035.JPEG,378,20260813
100679,n02006656_3313_n02006656.JPEG,129,20260813
100683,n02104029_1504_n02104029.JPEG,222,20260813
100691,n03710193_13295_n03710193.JPEG,637,20260813
100712,n03781244_5127_n03781244.JPEG,663,20260813
100739,n03240683_12255_n03240683.JPEG,540,20260813
100748,n01491361_5015_n01491361.JPEG,3,20260813
100756,n07753113_5269_n07753113.JPEG,952,20260813
100759,n04200800_22466_n04200800.JPEG,788,20260813
100781,n01983481_2142_n01983481.JPEG,122,20260813
100801,n02106382_1926_n02106382.JPEG,233,20260813
100851,n01688243_3894_n01688243.JPEG,43,20260813
100862,n02088466_7421_n02088466.JPEG,163,20260813
100879,n01944390_2778_n01944390.JPEG,113,20260813
100883,n03995372_9525_n03995372.JPEG,740,20260813
100902,n02066245_27519_n02066245.JPEG,147,20260813
100920,n07871810_450_n07871810.JPEG,962,20260813
100944,n02799071_32375_n02799071.JPEG,429,20260813
100956,n02226429_15436_n02226429.JPEG,311,20260813
100963,n04612504_771_n04612504.JPEG,914,20260813
100966,n03933933_14522_n03933933.JPEG,718,20260813
100973,n03314780_9321_n03314780.JPEG,551,20260813
100981,n01532829_2536_n01532829.JPEG,12,20260813
100989,n03041632_33645_n03041632.JPEG,499,20260813
100993,n03642806_19157_n03642806.JPEG,620,20260813
100994,n02727426_20398_n02727426.JPEG,410,20260813
101004,n02007558_4507_n02007558.JPEG,130,20260813
101011,n03127747_8450_n03127747.JPEG,518,20260813
101043,n03786901_10007_n03786901.JPEG,666,20260813
101083,n02977058_1624_n02977058.JPEG,480,20260813
101108,n04026417_45816_n04026417.JPEG,748,20260813
101160,n01697457_5536_n01697457.JPEG,49,20260813
101161,n04285008_9464_n04285008.JPEG,817,20260813
101162,n12768682_11264_n12768682.JPEG,990,20260813
101174,n04501370_13467_n04501370.JPEG,877,20260813
101195,n02802426_4092_n02802426.JPEG,430,20260813
101206,n02415577_21503_n02415577.JPEG,349,20260813
101254,n03743016_16775_n03743016.JPEG,649,20260813
101270,n02119022_5675_n02119022.JPEG,277,20260813
101295,n03372029_39310_n03372029.JPEG,558,20260813
101327,n03443371_8906_n03443371.JPEG,572,20260813
101341,n04004767_13478_n04004767.JPEG,742,20260813
101351,n01498041_9488_n01498041.JPEG,6,20260813
101360,n02110806_4966_n02110806.JPEG,253,20260813
101366,n07730033_1837_n07730033.JPEG,946,20260813
101370,n03345487_1631_n03345487.JPEG,555,20260813
101374,n03042490_9299_n03042490.JPEG,500,20260813
101382,n02219486_22772_n02219486.JPEG,310,20260813
101390,n02231487_1104_n02231487.JPEG,313,20260813
101404,n03838899_33321_n03838899.JPEG,683,20260813
101409,n04118776_12990_n04118776.JPEG,769,20260813
101418,n07754684_20089_n07754684.JPEG,955,20260813
101446,n04487081_6995_n04487081.JPEG,874,20260813
101448,n13052670_133_n13052670.JPEG,996,20260813
101461,n02445715_17261_n02445715.JPEG,361,20260813
101463,n03045698_5495_n03045698.JPEG,501,20260813
101486,n03706229_9338_n03706229.JPEG,635,20260813
101499,n10148035_82128_n10148035.JPEG,982,20260813
101505,n03482405_11961_n03482405.JPEG,588,20260813
101510,n02398521_6472_n02398521.JPEG,344,20260813
101531,n02493509_11826_n02493509.JPEG,380,20260813
101535,n02974003_1045_n02974003.JPEG,479,20260813
101538,n02966687_11535_n02966687.JPEG,477,20260813
101548,n02091032_173_n02091032.JPEG,171,20260813
101552,n02834397_32763_n02834397.JPEG,443,20260813
101559,n02484975_6608_n02484975.JPEG,370,20260813
101563,n04371430_4756_n04371430.JPEG,842,20260813
101581,n03832673_14788_n03832673.JPEG,681,20260813
101613,n01632458_4508_n01632458.JPEG,28,20260813
101615,n01693334_16402_n01693334.JPEG,46,20260813
101628,n02119789_14734_n02119789.JPEG,278,20260813
101631,n15075141_25124_n15075141.JPEG,999,20260813
101664,n04355338_693_n04355338.JPEG,835,20260813
101666,n04270147_18169_n04270147.JPEG,813,20260813
101690,n02115913_10908_n02115913.JPEG,274,20260813
101697,n01704323_8497_n01704323.JPEG,51,20260813
101702,n02096051_1760_n02096051.JPEG,191,20260813
101726,n04392985_19996_n04392985.JPEG,848,20260813
101727,n13052670_8248_n13052670.JPEG,996,20260813
101791,n03670208_9026_n03670208.JPEG,627,20260813
101813,n03840681_17326_n03840681.JPEG,684,20260813
101824,n02268853_14853_n02268853.JPEG,320,20260813
101835,n04208210_4653_n04208210.JPEG,792,20260813
101838,n02423022_9114_n02423022.JPEG,353,20260813
101856,n02840245_2245_n02840245.JPEG,446,20260813
101896,n02114855_1688_n02114855.JPEG,272,20260813
101898,n02363005_28087_n02363005.JPEG,337,20260813
101912,n06794110_1517_n06794110.JPEG,919,20260813
101915,n03584254_7388_n03584254.JPEG,605,20260813
101923,n02124075_521_n02124075.JPEG,285,20260813
101940,n04254120_5917_n04254120.JPEG,804,20260813
101951,n03710637_1589_n03710637.JPEG,638,20260813
101953,n02447366_4291_n02447366.JPEG,362,20260813
101958,n02091635_1928_n02091635.JPEG,175,20260813
101962,n02817516_40020_n02817516.JPEG,439,20260813
101971,n02165105_1971_n02165105.JPEG,300,20260813
101979,n07880968_12458_n07880968.JPEG,965,20260813
101982,n04501370_14170_n04501370.JPEG,877,20260813
101986,n03445924_7748_n03445924.JPEG,575,20260813
102005,n07860988_5523_n07860988.JPEG,961,20260813
102020,n02488291_5032_n02488291.JPEG,374,20260813
102026,n03785016_12220_n03785016.JPEG,665,20260813
102030,n04579145_6505_n04579145.JPEG,901,20260813
102050,n04482393_835_n04482393.JPEG,870,20260813
102067,n03146219_4441_n03146219.JPEG,524,20260813
102077,n03958227_970_n03958227.JPEG,728,20260813
102132,n03179701_3266_n03179701.JPEG,526,20260813
102139,n04296562_14327_n04296562.JPEG,819,20260813
102149,n02930766_8043_n02930766.JPEG,468,20260813
102159,n01797886_34484_n01797886.JPEG,82,20260813
102215,n02066245_5384_n02066245.JPEG,147,20260813
102228,n02093754_874_n02093754.JPEG,182,20260813
102251,n01667778_5479_n01667778.JPEG,36,20260813
102253,n01855672_3751_n01855672.JPEG,99,20260813
102263,n04366367_6118_n04366367.JPEG,839,20260813
102298,n01968897_19058_n01968897.JPEG,117,20260813
102307,n02794156_5546_n02794156.JPEG,426,20260813
102355,n13133613_73687_n13133613.JPEG,998,20260813
102393,n03938244_21405_n03938244.JPEG,721,20260813
102394,n01983481_9609_n01983481.JPEG,122,20260813
102401,n02692877_5690_n02692877.JPEG,405,20260813
102430,n01770393_12265_n01770393.JPEG,71,20260813
102481,n03344393_5671_n03344393.JPEG,554,20260813
102493,n01734418_7380_n01734418.JPEG,56,20260813
102504,n01534433_5830_n01534433.JPEG,13,20260813
102524,n04606251_9243_n04606251.JPEG,913,20260813
102555,n03770679_10069_n03770679.JPEG,656,20260813
102559,n01774384_5184_n01774384.JPEG,75,20260813
102562,n02979186_14721_n02979186.JPEG,482,20260813
102571,n02484975_13053_n02484975.JPEG,370,20260813
102580,n01729322_11379_n01729322.JPEG,54,20260813
102586,n03938244_29715_n03938244.JPEG,721,20260813
102596,n02776631_38446_n02776631.JPEG,415,20260813
102680,n01978455_4661_n01978455.JPEG,119,20260813
102688,n03208938_12115_n03208938.JPEG,535,20260813
102701,n01775062_7775_n01775062.JPEG,77,20260813
102707,n03877472_4309_n03877472.JPEG,697,20260813
102713,n04311174_3876_n04311174.JPEG,822,20260813
102716,n02093859_3891_n02093859.JPEG,183,20260813
102721,n03743016_322_n03743016.JPEG,649,20260813
102732,n02108000_5278_n02108000.JPEG,241,20260813
102752,n03000247_4742_n03000247.JPEG,490,20260813
102771,n04296562_38030_n04296562.JPEG,819,20260813
102789,n02009912_6448_n02009912.JPEG,132,20260813
102812,n02504458_3052_n02504458.JPEG,386,20260813
102821,n02259212_4634_n02259212.JPEG,317,20260813
102879,n02099429_4727_n02099429.JPEG,206,20260813
102882,n01796340_2430_n01796340.JPEG,81,20260813
102897,n03590841_6017_n03590841.JPEG,607,20260813
102905,n01955084_9483_n01955084.JPEG,116,20260813
102907,n02071294_6142_n02071294.JPEG,148,20260813
102910,n03977966_2210_n03977966.JPEG,734,20260813
102924,n03929855_588_n03929855.JPEG,715,20260813
102932,n02791270_11689_n02791270.JPEG,424,20260813
102945,n02236044_13354_n02236044.JPEG,315,20260813
102972,n03372029_24039_n03372029.JPEG,558,20260813
102988,n02799071_19484_n02799071.JPEG,429,20260813
102999,n03126707_23163_n03126707.JPEG,517,20260813
103016,n01930112_8618_n01930112.JPEG,111,20260813
103019,n03709823_12234_n03709823.JPEG,636,20260813
103024,n03930313_178_n03930313.JPEG,716,20260813
103060,n04525038_84929_n04525038.JPEG,885,20260813
103065,n04590129_6175_n04590129.JPEG,905,20260813
103088,n02093991_7792_n02093991.JPEG,184,20260813
103101,n02018795_180_n02018795.JPEG,138,20260813
103126,n02814860_34020_n02814860.JPEG,437,20260813
103139,n07768694_2882_n07768694.JPEG,957,20260813
103171,n03379051_7474_n03379051.JPEG,560,20260813
103185,n04522168_21620_n04522168.JPEG,883,20260813
103188,n02398521_10263_n02398521.JPEG,344,20260813
103189,n04376876_8311_n04376876.JPEG,845,20260813
103200,n04162706_7846_n04162706.JPEG,785,20260813
103249,n04019541_14278_n04019541.JPEG,746,20260813
103256,n01667114_3299_n01667114.JPEG,35,20260813
103272,n04507155_13116_n04507155.JPEG,879,20260813
103296,n02951585_16855_n02951585.JPEG,473,20260813
103320,n03131574_17697_n03131574.JPEG,520,20260813
103324,n01580077_11193_n01580077.JPEG,17,20260813
103327,n04009552_16042_n04009552.JPEG,745,20260813
103333,n03255030_7310_n03255030.JPEG,543,20260813
103336,n03837869_5871_n03837869.JPEG,682,20260813
103349,n07753275_18114_n07753275.JPEG,953,20260813
103352,n03379051_6320_n03379051.JPEG,560,20260813
103354,n02094258_2681_n02094258.JPEG,186,20260813
103385,n01798484_3844_n01798484.JPEG,83,20260813
103406,n02094433_481_n02094433.JPEG,187,20260813
103409,n04370456_5753_n04370456.JPEG,841,20260813
103410,n02074367_7385_n02074367.JPEG,149,20260813
103411,n02777292_11025_n02777292.JPEG,416,20260813
103433,n03538406_1782_n03538406.JPEG,603,20260813
103448,n04065272_10860_n04065272.JPEG,757,20260813
103453,n02488702_5389_n02488702.JPEG,375,20260813
103454,n02676566_9606_n02676566.JPEG,402,20260813
103455,n03793489_56684_n03793489.JPEG,673,20260813
103465,n04532670_26078_n04532670.JPEG,888,20260813
103495,n02009229_5879_n02009229.JPEG,131,20260813
103510,n06785654_8658_n06785654.JPEG,918,20260813
103541,n03759954_21621_n03759954.JPEG,650,20260813
103543,n02097047_1519_n02097047.JPEG,196,20260813
103548,n01843065_6651_n01843065.JPEG,95,20260813
103552,n01753488_9112_n01753488.JPEG,66,20260813
103553,n02840245_4773_n02840245.JPEG,446,20260813
103590,n03642806_25698_n03642806.JPEG,620,20260813
103594,n03785016_4867_n03785016.JPEG,665,20260813
103604,n02113799_816_n02113799.JPEG,267,20260813
103617,n03857828_57382_n03857828.JPEG,688,20260813
103628,n02123045_1513_n02123045.JPEG,281,20260813
103648,n13037406_2897_n13037406.JPEG,993,20260813
103681,n02097474_17580_n02097474.JPEG,200,20260813
103711,n03485794_5310_n03485794.JPEG,591,20260813
103741,n03187595_18732_n03187595.JPEG,528,20260813
103745,n02114712_2824_n02114712.JPEG,271,20260813
103748,n01514859_7960_n01514859.JPEG,8,20260813
103750,n03197337_1762_n03197337.JPEG,531,20260813
103751,n02093754_3496_n02093754.JPEG,182,20260813
103783,n03814906_31173_n03814906.JPEG,679,20260813
103829,n01665541_8081_n01665541.JPEG,34,20260813
103854,n13037406_4039_n13037406.JPEG,993,20260813
103858,n02423022_3264_n02423022.JPEG,353,20260813
103861,n03777568_1189_n03777568.JPEG,661,20260813
103865,n03485794_50529_n03485794.JPEG,591,20260813
103901,n02097130_2258_n02097130.JPEG,197,20260813
103909,n02006656_260_n02006656.JPEG,129,20260813
103921,n02172182_951_n02172182.JPEG,305,20260813
103954,n03857828_63446_n03857828.JPEG,688,20260813
103959,n01775062_419_n01775062.JPEG,77,20260813
103960,n03345487_14444_n03345487.JPEG,555,20260813
103963,n03691459_40779_n03691459.JPEG,632,20260813
103973,n01984695_42538_n01984695.JPEG,123,20260813
103989,n04346328_260_n04346328.JPEG,832,20260813
103993,n01910747_13835_n01910747.JPEG,107,20260813
103995,n02814860_23541_n02814860.JPEG,437,20260813
104003,n03662601_20078_n03662601.JPEG,625,20260813
104031,n02504013_4023_n02504013.JPEG,385,20260813
104033,n02002724_4928_n02002724.JPEG,128,20260813
104055,n03450230_32937_n03450230.JPEG,578,20260813
104066,n02808440_5315_n02808440.JPEG,435,20260813
104071,n03782006_44869_n03782006.JPEG,664,20260813
104092,n03657121_7288_n03657121.JPEG,622,20260813
104095,n03657121_15112_n03657121.JPEG,622,20260813
104122,n03627232_29804_n03627232.JPEG,616,20260813
104179,n03888605_5947_n03888605.JPEG,702,20260813
104183,n02093647_764_n02093647.JPEG,181,20260813
104232,n02111129_1331_n02111129.JPEG,255,20260813
104238,n03775546_10770_n03775546.JPEG,659,20260813
104241,n03124043_440_n03124043.JPEG,514,20260813
104244,n07831146_4289_n07831146.JPEG,959,20260813
104245,n02877765_16927_n02877765.JPEG,455,20260813
104273,n02817516_13768_n02817516.JPEG,439,20260813
104276,n07579787_4661_n07579787.JPEG,923,20260813
104287,n04270147_2317_n04270147.JPEG,813,20260813
104308,n02825657_10131_n02825657.JPEG,442,20260813
104350,n02090379_2013_n02090379.JPEG,168,20260813
104360,n07716906_5137_n07716906.JPEG,940,20260813
104402,n03141823_8623_n03141823.JPEG,523,20260813
104405,n02277742_32757_n02277742.JPEG,322,20260813
104429,n07248320_78488_n07248320.JPEG,921,20260813
104446,n03733281_25444_n03733281.JPEG,646,20260813
104452,n02092339_767_n02092339.JPEG,178,20260813
104456,n01688243_4987_n01688243.JPEG,43,20260813
104476,n11879895_6153_n11879895.JPEG,984,20260813
104478,n03126707_35049_n03126707.JPEG,517,20260813
104481,n01984695_33265_n01984695.JPEG,123,20260813
104496,n02488702_6651_n02488702.JPEG,375,20260813
104504,n01514668_21308_n01514668.JPEG,7,20260813
104540,n02094433_9771_n02094433.JPEG,187,20260813
104544,n03131574_9945_n03131574.JPEG,520,20260813
104557,n02971356_8857_n02971356.JPEG,478,20260813
104572,n03452741_4988_n03452741.JPEG,579,20260813
104576,n03692522_12460_n03692522.JPEG,633,20260813
104580,n04372370_31161_n04372370.JPEG,844,20260813
104583,n02834397_4140_n02834397.JPEG,443,20260813
104592,n02112018_1651_n02112018.JPEG,259,20260813
104662,n03180011_5728_n03180011.JPEG,527,20260813
104666,n02607072_2414_n02607072.JPEG,393,20260813
104671,n02165456_9633_n02165456.JPEG,301,20260813
104730,n03018349_16467_n03018349.JPEG,495,20260813
104735,n02086240_5883_n02086240.JPEG,155,20260813
104741,n01917289_821_n01917289.JPEG,109,20260813
104742,n03743016_3902_n03743016.JPEG,649,20260813
104753,n03791053_24325_n03791053.JPEG,670,20260813
104762,n04399382_2583_n04399382.JPEG,850,20260813
104791,n01871265_5806_n01871265.JPEG,101,20260813
104816,n04033995_9231_n04033995.JPEG,750,20260813
104824,n01945685_941_n01945685.JPEG,114,20260813
104833,n01753488_8615_n01753488.JPEG,66,20260813
104842,n02483708_700_n02483708.JPEG,369,20260813
104850,n04398044_31458_n04398044.JPEG,849,20260813
104872,n03777568_9791_n03777568.JPEG,661,20260813
104895,n03854065_35960_n03854065.JPEG,687,20260813
104896,n02091032_7986_n02091032.JPEG,171,20260813
104900,n03532672_37549_n03532672.JPEG,600,20260813
104903,n03534580_20793_n03534580.JPEG,601,20260813
104908,n02791124_3161_n02791124.JPEG,423,20260813
104910,n02091134_866_n02091134.JPEG,172,20260813
104929,n03538406_2567_n03538406.JPEG,603,20260813
104942,n07720875_8584_n07720875.JPEG,945,20260813
104975,n01943899_21325_n01943899.JPEG,112,20260813
104984,n02909870_61221_n02909870.JPEG,463,20260813
104985,n04428191_14543_n04428191.JPEG,856,20260813
104995,n03717622_7273_n03717622.JPEG,640,20260813
104999,n03630383_10368_n03630383.JPEG,617,20260813
105010,n04118776_13217_n04118776.JPEG,769,20260813
105012,n02105412_4923_n02105412.JPEG,227,20260813
105018,n04507155_7766_n04507155.JPEG,879,20260813
105031,n02114367_5934_n02114367.JPEG,269,20260813
105032,n03347037_17204_n03347037.JPEG,556,20260813
105039,n04435653_11114_n04435653.JPEG,858,20260813
105061,n02086240_2695_n02086240.JPEG,155,20260813
105071,n02114367_409_n02114367.JPEG,269,20260813
105080,n04228054_5558_n04228054.JPEG,795,20260813
105084,n07715103_2386_n07715103.JPEG,938,20260813
105087,n02894605_84268_n02894605.JPEG,460,20260813
105089,n03482405_7620_n03482405.JPEG,588,20260813
105091,n02086910_4981_n02086910.JPEG,157,20260813
105103,n04456115_37614_n04456115.JPEG,862,20260813
105142,n01729977_16337_n01729977.JPEG,55,20260813
105156,n13054560_5945_n13054560.JPEG,997,20260813
105167,n01784675_4658_n01784675.JPEG,79,20260813
105177,n03794056_31199_n03794056.JPEG,674,20260813
105185,n04286575_37168_n04286575.JPEG,818,20260813
105199,n12144580_12779_n12144580.JPEG,987,20260813
105223,n01704323_1638_n01704323.JPEG,51,20260813
105240,n07871810_12688_n07871810.JPEG,962,20260813
105262,n04591713_1793_n04591713.JPEG,907,20260813
105293,n02328150_17473_n02328150.JPEG,332,20260813
105294,n07715103_2885_n07715103.JPEG,938,20260813
105295,n03110669_88002_n03110669.JPEG,513,20260813
105296,n01531178_18106_n01531178.JPEG,11,20260813
105298,n07734744_2648_n07734744.JPEG,947,20260813
105311,n04146614_21964_n04146614.JPEG,779,20260813
105335,n01990800_10553_n01990800.JPEG,126,20260813
105345,n04192698_4661_n04192698.JPEG,787,20260813
105353,n01984695_4731_n01984695.JPEG,123,20260813
105356,n01494475_6077_n01494475.JPEG,4,20260813
105369,n03709823_2377_n03709823.JPEG,636,20260813
105370,n07920052_18696_n07920052.JPEG,967,20260813
105374,n01756291_17658_n01756291.JPEG,68,20260813
105391,n03891251_2799_n03891251.JPEG,703,20260813
105411,n01616318_2812_n01616318.JPEG,23,20260813
105440,n04141076_37365_n04141076.JPEG,776,20260813
105452,n02123159_4269_n02123159.JPEG,282,20260813
105456,n01855032_4332_n01855032.JPEG,98,20260813
105466,n02791270_9907_n02791270.JPEG,424,20260813
105486,n01943899_5601_n01943899.JPEG,112,20260813
105497,n01729322_15066_n01729322.JPEG,54,20260813
105586,n01688243_3696_n01688243.JPEG,43,20260813
105594,n01514859_17672_n01514859.JPEG,8,20260813
105595,n02172182_16727_n02172182.JPEG,305,20260813
105598,n03967562_15980_n03967562.JPEG,730,20260813
105619,n03314780_10237_n03314780.JPEG,551,20260813
105639,n03764736_11285_n03764736.JPEG,653,20260813
105664,n03095699_2016_n03095699.JPEG,510,20260813
105723,n01776313_3366_n01776313.JPEG,78,20260813
105747,n04501370_13438_n04501370.JPEG,877,20260813
105750,n02086079_2395_n02086079.JPEG,154,20260813
105754,n03379051_3596_n03379051.JPEG,560,20260813
105756,n07754684_8175_n07754684.JPEG,955,20260813
105771,n03954731_45740_n03954731.JPEG,726,20260813
105773,n01748264_455_n01748264.JPEG,63,20260813
105827,n03196217_1746_n03196217.JPEG,530,20260813
105850,n02279972_24785_n02279972.JPEG,323,20260813
105860,n04328186_3474_n04328186.JPEG,826,20260813
105886,n03724870_20642_n03724870.JPEG,643,20260813
105903,n01601694_11900_n01601694.JPEG,20,20260813
105908,n02788148_36392_n02788148.JPEG,421,20260813
105922,n02123045_11187_n02123045.JPEG,281,20260813
105926,n03187595_4818_n03187595.JPEG,528,20260813
105948,n04141327_11788_n04141327.JPEG,777,20260813
105955,n04023962_44316_n04023962.JPEG,747,20260813
105975,n07802026_16164_n07802026.JPEG,958,20260813
105983,n04273569_3209_n04273569.JPEG,814,20260813
106013,n04515003_1067_n04515003.JPEG,881,20260813
106019,n03937543_4169_n03937543.JPEG,720,20260813
106031,n02483708_1237_n02483708.JPEG,369,20260813
106046,n01824575_5546_n01824575.JPEG,91,20260813
106054,n02025239_5210_n02025239.JPEG,139,20260813
106069,n02910353_18712_n02910353.JPEG,464,20260813
106075,n01917289_2693_n01917289.JPEG,109,20260813
106093,n07860988_4848_n07860988.JPEG,961,20260813
106106,n02101006_3491_n02101006.JPEG,214,20260813
106121,n06785654_6039_n06785654.JPEG,918,20260813
106173,n04443257_20777_n04443257.JPEG,860,20260813
106205,n03950228_5103_n03950228.JPEG,725,20260813
106210,n03769881_6322_n03769881.JPEG,654,20260813
106214,n03794056_4338_n03794056.JPEG,674,20260813
106216,n04275548_10022_n04275548.JPEG,815,20260813
106217,n03933933_7751_n03933933.JPEG,718,20260813
106224,n02837789_12117_n02837789.JPEG,445,20260813
106284,n03075370_2725_n03075370.JPEG,507,20260813
106288,n03680355_25222_n03680355.JPEG,630,20260813
106294,n01532829_13864_n01532829.JPEG,12,20260813
106311,n03384352_9386_n03384352.JPEG,561,20260813
106318,n03841143_9115_n03841143.JPEG,685,20260813
106356,n03000134_2886_n03000134.JPEG,489,20260813
106367,n02110806_2085_n02110806.JPEG,253,20260813
106370,n04612504_12857_n04612504.JPEG,914,20260813
106396,n02892201_28635_n02892201.JPEG,458,20260813
106417,n02877765_7654_n02877765.JPEG,455,20260813
106424,n03494278_41776_n03494278.JPEG,593,20260813
106425,n04209133_4481_n04209133.JPEG,793,20260813
106438,n04136333_3304_n04136333.JPEG,775,20260813
106444,n02640242_1206_n02640242.JPEG,394,20260813
106468,n03444034_10293_n03444034.JPEG,573,20260813
106474,n07768694_2493_n07768694.JPEG,957,20260813
106481,n01592084_9396_n01592084.JPEG,19,20260813
106488,n04336792_4110_n04336792.JPEG,830,20260813
106499,n02492035_6_n02492035.JPEG,378,20260813
106527,n02788148_38115_n02788148.JPEG,421,20260813
106528,n01737021_5566_n01737021.JPEG,58,20260813
106538,n04371774_12458_n04371774.JPEG,843,20260813
106540,n04311174_4699_n04311174.JPEG,822,20260813
106553,n02120079_584_n02120079.JPEG,279,20260813
106554,n03271574_6511_n03271574.JPEG,545,20260813
106558,n03127925_12084_n03127925.JPEG,519,20260813
106565,n02009912_1891_n02009912.JPEG,132,20260813
106593,n02033041_365_n02033041.JPEG,142,20260813
106600,n03602883_21619_n03602883.JPEG,613,20260813
106601,n02101556_4447_n02101556.JPEG,216,20260813
106640,n03942813_12585_n03942813.JPEG,722,20260813
106648,n03666591_35739_n03666591.JPEG,626,20260813
106715,n03706229_829_n03706229.JPEG,635,20260813
106718,n03271574_3899_n03271574.JPEG,545,20260813
106731,n03895866_72025_n03895866.JPEG,705,20260813
106733,n02808440_48033_n02808440.JPEG,435,20260813
106741,n07768694_40605_n07768694.JPEG,957,20260813
106765,n01629819_20561_n01629819.JPEG,25,20260813
106767,n01943899_19679_n01943899.JPEG,112,20260813
106784,n04357314_8837_n04357314.JPEG,838,20260813
106819,n02128925_12960_n02128925.JPEG,290,20260813
106831,n04505470_793_n04505470.JPEG,878,20260813
106844,n03770439_24924_n03770439.JPEG,655,20260813
106848,n04209239_4719_n04209239.JPEG,794,20260813
106849,n02979186_27246_n02979186.JPEG,482,20260813
106853,n02100583_14448_n02100583.JPEG,211,20260813
106858,n03770439_10236_n03770439.JPEG,655,20260813
106861,n04044716_2724_n04044716.JPEG,755,20260813
106879,n04550184_57832_n04550184.JPEG,894,20260813
106896,n02106550_630_n02106550.JPEG,234,20260813
106897,n01806567_14587_n01806567.JPEG,85,20260813
106902,n02817516_39834_n02817516.JPEG,439,20260813
106911,n01698640_9233_n01698640.JPEG,50,20260813
106933,n04127249_21137_n04127249.JPEG,772,20260813
106945,n01847000_7207_n01847000.JPEG,97,20260813
106951,n02111129_2330_n02111129.JPEG,255,20260813
106972,n02119022_18294_n02119022.JPEG,277,20260813
106984,n04596742_41431_n04596742.JPEG,909,20260813
106992,n03220513_3990_n03220513.JPEG,538,20260813
107001,n01990800_12854_n01990800.JPEG,126,20260813
107029,n02437616_10859_n02437616.JPEG,355,20260813
107034,n03223299_16626_n03223299.JPEG,539,20260813
107069,n03670208_6772_n03670208.JPEG,627,20260813
107099,n02132136_10113_n02132136.JPEG,294,20260813
107107,n02114855_1216_n02114855.JPEG,272,20260813
107156,n03976467_7718_n03976467.JPEG,732,20260813
107178,n07248320_1203_n07248320.JPEG,921,20260813
107195,n02317335_11518_n02317335.JPEG,327,20260813
107206,n09399592_53826_n09399592.JPEG,976,20260813
107221,n04070727_17089_n04070727.JPEG,760,20260813
107250,n04404412_4926_n04404412.JPEG,851,20260813
107254,n02389026_4242_n02389026.JPEG,339,20260813
107264,n01985128_33471_n01985128.JPEG,124,20260813
107265,n02174001_7062_n02174001.JPEG,306,20260813
107297,n02786058_9733_n02786058.JPEG,419,20260813
107328,n02091635_1417_n02091635.JPEG,175,20260813
107330,n07714571_3773_n07714571.JPEG,936,20260813
107360,n02415577_6806_n02415577.JPEG,349,20260813
107366,n03908618_38398_n03908618.JPEG,709,20260813
107368,n02002556_2534_n02002556.JPEG,127,20260813
107382,n02108915_1054_n02108915.JPEG,245,20260813
107401,n03792972_2552_n03792972.JPEG,672,20260813
107404,n03495258_1184_n03495258.JPEG,594,20260813
107407,n02091635_6216_n02091635.JPEG,175,20260813
107431,n02236044_3517_n02236044.JPEG,315,20260813
107457,n02093991_8253_n02093991.JPEG,184,20260813
107484,n02071294_43417_n02071294.JPEG,148,20260813
107488,n01592084_1975_n01592084.JPEG,19,20260813
107519,n02999410_1089_n02999410.JPEG,488,20260813
107553,n03710721_24902_n03710721.JPEG,639,20260813
107556,n03444034_6390_n03444034.JPEG,573,20260813
107584,n03673027_4676_n03673027.JPEG,628,20260813
107593,n07720875_13758_n07720875.JPEG,945,20260813
107606,n03676483_13720_n03676483.JPEG,629,20260813
107631,n01773797_5523_n01773797.JPEG,74,20260813
107656,n03447447_275_n03447447.JPEG,576,20260813
107660,n02088632_9897_n02088632.JPEG,164,20260813
107663,n01560419_5715_n01560419.JPEG,16,20260813
107666,n04317175_12036_n04317175.JPEG,823,20260813
107674,n02105641_1430_n02105641.JPEG,229,20260813
107685,n03089624_18254_n03089624.JPEG,509,20260813
107713,n04554684_4533_n04554684.JPEG,897,20260813
107734,n02099429_304_n02099429.JPEG,206,20260813
107760,n02102040_6843_n02102040.JPEG,217,20260813
107763,n03000134_879_n03000134.JPEG,489,20260813
107767,n01728920_20683_n01728920.JPEG,53,20260813
107782,n07742313_5253_n07742313.JPEG,948,20260813
107792,n02396427_33228_n02396427.JPEG,342,20260813
107793,n04037443_23991_n04037443.JPEG,751,20260813
107812,n04238763_2526_n04238763.JPEG,798,20260813
107824,n02104365_7701_n02104365.JPEG,223,20260813
107833,n03903868_3336_n03903868.JPEG,708,20260813
107845,n02114712_11070_n02114712.JPEG,271,20260813
107852,n02422699_4248_n02422699.JPEG,352,20260813
107865,n02910353_14991_n02910353.JPEG,464,20260813
107871,n03110669_85678_n03110669.JPEG,513,20260813
107878,n04536866_10472_n04536866.JPEG,889,20260813
107882,n03944341_3223_n03944341.JPEG,723,20260813
107899,n02129165_7087_n02129165.JPEG,291,20260813
107903,n03938244_18516_n03938244.JPEG,721,20260813
107907,n02088238_2384_n02088238.JPEG,161,20260813
107919,n04152593_12948_n04152593.JPEG,782,20260813
107925,n03658185_17769_n03658185.JPEG,623,20260813
107929,n04350905_96506_n04350905.JPEG,834,20260813
107941,n03376595_11319_n03376595.JPEG,559,20260813
107959,n02442845_6715_n02442845.JPEG,357,20260813
107979,n02423022_621_n02423022.JPEG,353,20260813
108004,n07930864_4826_n07930864.JPEG,968,20260813
108010,n01773797_1593_n01773797.JPEG,74,20260813
108023,n02125311_8090_n02125311.JPEG,286,20260813
108025,n04486054_4625_n04486054.JPEG,873,20260813
108038,n02123597_4843_n02123597.JPEG,284,20260813
108039,n02130308_15153_n02130308.JPEG,293,20260813
108043,n01981276_7997_n01981276.JPEG,121,20260813
108048,n01773797_8461_n01773797.JPEG,74,20260813
108053,n04335435_10627_n04335435.JPEG,829,20260813
108090,n01795545_5823_n01795545.JPEG,80,20260813
108099,n02481823_2248_n02481823.JPEG,367,20260813
108109,n03180011_3972_n03180011.JPEG,527,20260813
108121,n01443537_24801_n01443537.JPEG,1,20260813
108150,n07892512_3484_n07892512.JPEG,966,20260813
108179,n03733805_7077_n03733805.JPEG,647,20260813
108192,n02909870_26571_n02909870.JPEG,463,20260813
108194,n03594945_27886_n03594945.JPEG,609,20260813
108202,n04311004_499_n04311004.JPEG,821,20260813
108210,n04238763_10729_n04238763.JPEG,798,20260813
108215,n03146219_5264_n03146219.JPEG,524,20260813
108219,n02963159_4137_n02963159.JPEG,474,20260813
108227,n02002556_9400_n02002556.JPEG,127,20260813
108234,n01755581_7888_n01755581.JPEG,67,20260813
108272,n02804610_18245_n02804610.JPEG,432,20260813
108306,n02493509_2904_n02493509.JPEG,380,20260813
108312,n02109047_10554_n02109047.JPEG,246,20260813
108313,n02177972_6047_n02177972.JPEG,307,20260813
108324,n01770393_798_n01770393.JPEG,71,20260813
108353,n03075370_2169_n03075370.JPEG,507,20260813
108382,n03188531_21506_n03188531.JPEG,529,20260813
108393,n01558993_10789_n01558993.JPEG,15,20260813
108405,n02097658_4347_n02097658.JPEG,201,20260813
108410,n03888257_43782_n03888257.JPEG,701,20260813
108453,n13052670_3889_n13052670.JPEG,996,20260813
108457,n01860187_352_n01860187.JPEG,100,20260813
108461,n07873807_7104_n07873807.JPEG,963,20260813
108487,n02389026_1328_n02389026.JPEG,339,20260813
108491,n13040303_5320_n13040303.JPEG,994,20260813
108505,n02099849_2303_n02099849.JPEG,209,20260813
108531,n03680355_14377_n03680355.JPEG,630,20260813
108535,n04485082_36218_n04485082.JPEG,872,20260813
108543,n06794110_6806_n06794110.JPEG,919,20260813
108545,n03983396_261_n03983396.JPEG,737,20260813
108574,n07695742_8105_n07695742.JPEG,932,20260813
108579,n02099267_3367_n02099267.JPEG,205,20260813
108618,n07714571_15753_n07714571.JPEG,936,20260813
108671,n02457408_3206_n02457408.JPEG,364,20260813
108675,n02870880_4495_n02870880.JPEG,453,20260813
108698,n09332890_24667_n09332890.JPEG,975,20260813
108711,n01443537_962_n01443537.JPEG,1,20260813
108715,n03868242_3060_n03868242.JPEG,690,20260813
108737,n02006656_10800_n02006656.JPEG,129,20260813
108758,n03240683_6883_n03240683.JPEG,540,20260813
108783,n04505470_10746_n04505470.JPEG,878,20260813
108807,n02113624_8975_n02113624.JPEG,265,20260813
108811,n01704323_10469_n01704323.JPEG,51,20260813
108813,n02091032_2741_n02091032.JPEG,171,20260813
108823,n02108915_12526_n02108915.JPEG,245,20260813
108850,n02051845_3912_n02051845.JPEG,144,20260813
108865,n02823750_2675_n02823750.JPEG,441,20260813
108894,n03599486_10972_n03599486.JPEG,612,20260813
108895,n03014705_8031_n03014705.JPEG,492,20260813
108919,n02134084_7306_n02134084.JPEG,296,20260813
108925,n01819313_12961_n01819313.JPEG,89,20260813
108957,n01496331_24753_n01496331.JPEG,5,20260813
108972,n02102318_10579_n02102318.JPEG,219,20260813
108973,n04251144_9234_n04251144.JPEG,801,20260813
109015,n03602883_18770_n03602883.JPEG,613,20260813
109029,n04277352_5676_n04277352.JPEG,816,20260813
109045,n03980874_20057_n03980874.JPEG,735,20260813
109070,n03691459_2898_n03691459.JPEG,632,20260813
109074,n02101388_8016_n02101388.JPEG,215,20260813
109126,n04552348_2329_n04552348.JPEG,895,20260813
109136,n01753488_11999_n01753488.JPEG,66,20260813
109179,n02108422_8221_n02108422.JPEG,243,20260813
109203,n02480855_8141_n02480855.JPEG,366,20260813
109212,n01978455_5301_n01978455.JPEG,119,20260813
109221,n02110627_4037_n02110627.JPEG,252,20260813
109242,n04033995_6362_n04033995.JPEG,750,20260813
109271,n02092339_6393_n02092339.JPEG,178,20260813
109277,n03729826_7755_n03729826.JPEG,644,20260813
109284,n04462240_7485_n04462240.JPEG,865,20260813
109299,n03742115_6473_n03742115.JPEG,648,20260813
109303,n04509417_610_n04509417.JPEG,880,20260813
109309,n02279972_6755_n02279972.JPEG,323,20260813
109317,n02113624_7997_n02113624.JPEG,265,20260813
109334,n02113978_737_n02113978.JPEG,268,20260813
109398,n02963159_4125_n02963159.JPEG,474,20260813
109403,n02120505_10259_n02120505.JPEG,280,20260813
109424,n02085620_11904_n02085620.JPEG,151,20260813
109441,n04131690_9240_n04131690.JPEG,773,20260813
109451,n03666591_44246_n03666591.JPEG,626,20260813
109474,n07734744_1062_n07734744.JPEG,947,20260813
109498,n01955084_4351_n01955084.JPEG,116,20260813
109509,n03958227_9211_n03958227.JPEG,728,20260813
109543,n01882714_12330_n01882714.JPEG,105,20260813
109544,n02128757_6770_n02128757.JPEG,289,20260813
109558,n02027492_868_n02027492.JPEG,140,20260813
109578,n02137549_5928_n02137549.JPEG,298,20260813
109592,n03792782_6023_n03792782.JPEG,671,20260813
109624,n02119789_8983_n02119789.JPEG,278,20260813
109636,n04326547_6247_n04326547.JPEG,825,20260813
109638,n02109525_3998_n02109525.JPEG,247,20260813
109644,n03388183_11124_n03388183.JPEG,563,20260813
109657,n02167151_4562_n02167151.JPEG,302,20260813
109683,n02791270_33381_n02791270.JPEG,424,20260813
109684,n03884397_21499_n03884397.JPEG,699,20260813
109717,n04317175_4700_n04317175.JPEG,823,20260813
109720,n02264363_1625_n02264363.JPEG,318,20260813
109727,n04258138_16780_n04258138.JPEG,807,20260813
109747,n02951358_7451_n02951358.JPEG,472,20260813
109748,n02116738_2327_n02116738.JPEG,275,20260813
109754,n02165456_3509_n02165456.JPEG,301,20260813
109758,n03133878_1626_n03133878.JPEG,521,20260813
109826,n02095889_13438_n02095889.JPEG,190,20260813
109870,n02950826_10437_n02950826.JPEG,471,20260813
109880,n03188531_13631_n03188531.JPEG,529,20260813
109911,n02100735_1690_n02100735.JPEG,212,20260813
109926,n01756291_1018_n01756291.JPEG,68,20260813
109966,n04372370_13317_n04372370.JPEG,844,20260813
109973,n03697007_1601_n03697007.JPEG,634,20260813
110000,n03982430_13665_n03982430.JPEG,736,20260813
110016,n02992529_7703_n02992529.JPEG,487,20260813
110017,n02488291_4908_n02488291.JPEG,374,20260813
110033,n04606251_3983_n04606251.JPEG,913,20260813
110041,n02676566_5534_n02676566.JPEG,402,20260813
110046,n02028035_5924_n02028035.JPEG,141,20260813
110056,n02219486_30172_n02219486.JPEG,310,20260813
110063,n02111277_5344_n02111277.JPEG,256,20260813
110074,n02974003_1263_n02974003.JPEG,479,20260813
110093,n01641577_4285_n01641577.JPEG,30,20260813
110097,n01632458_638_n01632458.JPEG,28,20260813
110098,n03876231_7988_n03876231.JPEG,696,20260813
110113,n03710637_9801_n03710637.JPEG,638,20260813
110114,n03000247_73735_n03000247.JPEG,490,20260813
110126,n01514668_10570_n01514668.JPEG,7,20260813
110135,n02091134_7832_n02091134.JPEG,172,20260813
110160,n02091134_6924_n02091134.JPEG,172,20260813
110165,n07590611_17560_n07590611.JPEG,926,20260813
110183,n04370456_9096_n04370456.JPEG,841,20260813
110207,n07716906_3204_n07716906.JPEG,940,20260813
110224,n04118538_6162_n04118538.JPEG,768,20260813
110227,n02018207_3257_n02018207.JPEG,137,20260813
110248,n02091244_8318_n02091244.JPEG,173,20260813
110252,n02086079_5269_n02086079.JPEG,154,20260813
110270,n02092002_15571_n02092002.JPEG,177,20260813
110271,n01695060_7981_n01695060.JPEG,48,20260813
110275,n07892512_39761_n07892512.JPEG,966,20260813
110282,n02096294_886_n02096294.JPEG,193,20260813
110288,n01735189_1431_n01735189.JPEG,57,20260813
110319,n03026506_3599_n03026506.JPEG,496,20260813
110329,n01534433_31892_n01534433.JPEG,13,20260813
110371,n04557648_9109_n04557648.JPEG,898,20260813
110407,n02321529_17111_n02321529.JPEG,329,20260813
110416,n07583066_9207_n07583066.JPEG,924,20260813
110427,n04254777_354_n04254777.JPEG,806,20260813
110460,n12985857_1615_n12985857.JPEG,991,20260813
110463,n04613696_4902_n04613696.JPEG,915,20260813
110480,n02109961_47119_n02109961.JPEG,248,20260813
110487,n02443484_2135_n02443484.JPEG,359,20260813
110496,n04447861_6604_n04447861.JPEG,861,20260813
110506,n01560419_2387_n01560419.JPEG,16,20260813
110512,n04044716_9783_n04044716.JPEG,755,20260813
110515,n04613696_6163_n04613696.JPEG,915,20260813
110523,n04523525_17882_n04523525.JPEG,884,20260813
110537,n02281787_2439_n02281787.JPEG,326,20260813
110538,n02870880_4103_n02870880.JPEG,453,20260813
110553,n13054560_12981_n13054560.JPEG,997,20260813
110564,n07684084_6170_n07684084.JPEG,930,20260813
110565,n03888257_22703_n03888257.JPEG,701,20260813
110577,n01729322_9728_n01729322.JPEG,54,20260813
110580,n03866082_845_n03866082.JPEG,689,20260813
110602,n07614500_59817_n07614500.JPEG,928,20260813
110605,n02791124_8002_n02791124.JPEG,423,20260813
110621,n02443114_45422_n02443114.JPEG,358,20260813
110627,n02480855_3446_n02480855.JPEG,366,20260813
110646,n03042490_8572_n03042490.JPEG,500,20260813
110648,n04540053_9061_n04540053.JPEG,890,20260813
110673,n12985857_1344_n12985857.JPEG,991,20260813
110684,n01665541_28647_n01665541.JPEG,34,20260813
110702,n07693725_11300_n07693725.JPEG,931,20260813
110711,n02119789_11548_n02119789.JPEG,278,20260813
110719,n03527444_18860_n03527444.JPEG,597,20260813
110736,n03838899_29269_n03838899.JPEG,683,20260813
110740,n03657121_10750_n03657121.JPEG,622,20260813
110768,n01440764_7272_n01440764.JPEG,0,20260813
110784,n02910353_7939_n02910353.JPEG,464,20260813
110803,n01629819_5100_n01629819.JPEG,25,20260813
110807,n04330267_19915_n04330267.JPEG,827,20260813
110829,n02782093_29540_n02782093.JPEG,417,20260813
110844,n02536864_13496_n02536864.JPEG,391,20260813
110847,n06874185_39649_n06874185.JPEG,920,20260813
110860,n04417672_9042_n04417672.JPEG,853,20260813
110876,n01693334_8928_n01693334.JPEG,46,20260813
110896,n03891332_3785_n03891332.JPEG,704,20260813
110898,n03908714_5831_n03908714.JPEG,710,20260813
110907,n02114548_9826_n02114548.JPEG,270,20260813
110919,n03495258_11618_n03495258.JPEG,594,20260813
110974,n07579787_7280_n07579787.JPEG,923,20260813
111016,n02804610_4230_n02804610.JPEG,432,20260813
111042,n04548280_3007_n04548280.JPEG,892,20260813
111050,n02860847_21980_n02860847.JPEG,450,20260813
111061,n03935335_9585_n03935335.JPEG,719,20260813
111069,n03903868_13734_n03903868.JPEG,708,20260813
111098,n02096585_6188_n02096585.JPEG,195,20260813
111132,n02892201_18461_n02892201.JPEG,458,20260813
111141,n02437616_6087_n02437616.JPEG,355,20260813
111150,n01669191_2148_n01669191.JPEG,37,20260813
111156,n03929660_22757_n03929660.JPEG,714,20260813
111160,n02655020_21110_n02655020.JPEG,397,20260813
111201,n03759954_3730_n03759954.JPEG,650,20260813
111233,n04258138_3144_n04258138.JPEG,807,20260813
111246,n04033901_31530_n04033901.JPEG,749,20260813
111254,n03769881_7561_n03769881.JPEG,654,20260813
111261,n01824575_12116_n01824575.JPEG,91,20260813
111264,n03400231_8374_n03400231.JPEG,567,20260813
111275,n01990800_44_n01990800.JPEG,126,20260813
111291,n04591157_6225_n04591157.JPEG,906,20260813
111310,n03314780_12192_n03314780.JPEG,551,20260813
111321,n07714571_15060_n07714571.JPEG,936,20260813
111338,n03223299_45939_n03223299.JPEG,539,20260813
111358,n02009912_5105_n02009912.JPEG,132,20260813
111363,n04254680_7263_n04254680.JPEG,805,20260813
111374,n03787032_5528_n03787032.JPEG,667,20260813
111386,n01843065_542_n01843065.JPEG,95,20260813
111397,n03658185_7152_n03658185.JPEG,623,20260813
111422,n02978881_13979_n02978881.JPEG,481,20260813
111443,n03991062_14580_n03991062.JPEG,738,20260813
111445,n02025239_6752_n02025239.JPEG,139,20260813
111451,n03249569_49236_n03249569.JPEG,541,20260813
111455,n02408429_956_n02408429.JPEG,346,20260813
111465,n02490219_2454_n02490219.JPEG,377,20260813
111485,n07716358_904_n07716358.JPEG,939,20260813
111488,n03532672_24474_n03532672.JPEG,600,20260813
111491,n04404412_31678_n04404412.JPEG,851,20260813
111496,n02110958_4508_n02110958.JPEG,254,20260813
111517,n04525305_1593_n04525305.JPEG,886,20260813
111526,n03535780_12749_n03535780.JPEG,602,20260813
111529,n04265275_3457_n04265275.JPEG,811,20260813
111577,n01773797_5067_n01773797.JPEG,74,20260813
111585,n04540053_7563_n04540053.JPEG,890,20260813
111638,n02948072_38325_n02948072.JPEG,470,20260813
111640,n01910747_746_n01910747.JPEG,107,20260813
111652,n01644373_816_n01644373.JPEG,31,20260813
111656,n04554684_4830_n04554684.JPEG,897,20260813
111662,n03544143_13755_n03544143.JPEG,604,20260813
111670,n02437616_2437_n02437616.JPEG,355,20260813
111691,n02870880_16488_n02870880.JPEG,453,20260813
111709,n01514859_1986_n01514859.JPEG,8,20260813
111711,n01773157_9287_n01773157.JPEG,72,20260813
111718,n04067472_18278_n04067472.JPEG,758,20260813
111723,n03476991_12867_n03476991.JPEG,585,20260813
111742,n02910353_9373_n02910353.JPEG,464,20260813
111749,n04399382_32396_n04399382.JPEG,850,20260813
111752,n02892201_13818_n02892201.JPEG,458,20260813
111785,n02484975_7793_n02484975.JPEG,370,20260813
111809,n04346328_9612_n04346328.JPEG,832,20260813
111825,n02356798_1829_n02356798.JPEG,335,20260813
111830,n03016953_49544_n03016953.JPEG,493,20260813
111847,n01773157_10302_n01773157.JPEG,72,20260813
111858,n02133161_9960_n02133161.JPEG,295,20260813
111881,n04599235_24144_n04599235.JPEG,911,20260813
111904,n02116738_7122_n02116738.JPEG,275,20260813
111908,n03873416_45103_n03873416.JPEG,693,20260813
111918,n03179701_844_n03179701.JPEG,526,20260813
111920,n02389026_6406_n02389026.JPEG,339,20260813
111925,n01795545_12629_n01795545.JPEG,80,20260813
111927,n02488291_3789_n02488291.JPEG,374,20260813
111946,n04392985_11639_n04392985.JPEG,848,20260813
111950,n01773549_2644_n01773549.JPEG,73,20260813
112014,n03014705_22666_n03014705.JPEG,492,20260813
112039,n12768682_14789_n12768682.JPEG,990,20260813
112072,n02114855_11819_n02114855.JPEG,272,20260813
112092,n04591713_5944_n04591713.JPEG,907,20260813
112127,n03065424_29598_n03065424.JPEG,506,20260813
112162,n02085782_1552_n02085782.JPEG,152,20260813
112191,n04192698_38686_n04192698.JPEG,787,20260813
112195,n02233338_3968_n02233338.JPEG,314,20260813
112205,n02487347_8513_n02487347.JPEG,373,20260813
112234,n03938244_11493_n03938244.JPEG,721,20260813
112252,n02102177_3468_n02102177.JPEG,218,20260813
112262,n03495258_3764_n03495258.JPEG,594,20260813
112279,n02011460_1668_n02011460.JPEG,133,20260813
112281,n01742172_13225_n01742172.JPEG,61,20260813
112305,n03706229_2846_n03706229.JPEG,635,20260813
112308,n02397096_1009_n02397096.JPEG,343,20260813
112309,n04286575_51113_n04286575.JPEG,818,20260813
112313,n03425413_3602_n03425413.JPEG,571,20260813
112347,n03992509_875_n03992509.JPEG,739,20260813
112375,n02389026_1826_n02389026.JPEG,339,20260813
112387,n12998815_1323_n12998815.JPEG,992,20260813
112392,n01978455_8071_n01978455.JPEG,119,20260813
112464,n01689811_1675_n01689811.JPEG,44,20260813
112468,n02095889_4971_n02095889.JPEG,190,20260813
112470,n03450230_2657_n03450230.JPEG,578,20260813
112474,n02643566_1358_n02643566.JPEG,396,20260813
112483,n01496331_11173_n01496331.JPEG,5,20260813
112491,n02100236_8690_n02100236.JPEG,210,20260813
112526,n02089078_3388_n02089078.JPEG,165,20260813
112538,n02687172_31667_n02687172.JPEG,403,20260813
112540,n03063689_7734_n03063689.JPEG,505,20260813
112553,n02883205_21827_n02883205.JPEG,457,20260813
112563,n03785016_18436_n03785016.JPEG,665,20260813
112567,n09288635_5006_n09288635.JPEG,974,20260813
112572,n02107683_5102_n02107683.JPEG,239,20260813
112634,n09468604_30161_n09468604.JPEG,979,20260813
112692,n07753113_23838_n07753113.JPEG,952,20260813
112693,n02606052_19278_n02606052.JPEG,392,20260813
112697,n04310018_9250_n04310018.JPEG,820,20260813
112700,n03218198_2068_n03218198.JPEG,537,20260813
112714,n03977966_41516_n03977966.JPEG,734,20260813
112739,n04429376_30704_n04429376.JPEG,857,20260813
112750,n03134739_8862_n03134739.JPEG,522,20260813
112761,n03291819_1976_n03291819.JPEG,549,20260813
112769,n02786058_10527_n02786058.JPEG,419,20260813
112771,n06874185_12243_n06874185.JPEG,920,20260813
112782,n02906734_16555_n02906734.JPEG,462,20260813
112805,n02794156_3830_n02794156.JPEG,426,20260813
112808,n02906734_7004_n02906734.JPEG,462,20260813
112834,n03775546_607_n03775546.JPEG,659,20260813
112844,n04557648_60_n04557648.JPEG,898,20260813
112862,n02012849_46301_n02012849.JPEG,134,20260813
112865,n04204238_1414_n04204238.JPEG,790,20260813
112872,n02437312_6893_n02437312.JPEG,354,20260813
112873,n02264363_12553_n02264363.JPEG,318,20260813
112884,n04252077_5556_n04252077.JPEG,802,20260813
112904,n01496331_18779_n01496331.JPEG,5,20260813
112911,n04542943_4672_n04542943.JPEG,891,20260813
112912,n01740131_13757_n01740131.JPEG,60,20260813
112921,n02747177_2907_n02747177.JPEG,412,20260813
112922,n07753592_11970_n07753592.JPEG,954,20260813
112962,n01629819_6425_n01629819.JPEG,25,20260813
112971,n04330267_11994_n04330267.JPEG,827,20260813
112982,n02085620_38852_n02085620.JPEG,151,20260813
112997,n02480495_6749_n02480495.JPEG,365,20260813
113035,n03272562_20232_n03272562.JPEG,547,20260813
113043,n01728572_6436_n01728572.JPEG,52,20260813
113078,n13133613_53709_n13133613.JPEG,998,20260813
113094,n04317175_11281_n04317175.JPEG,823,20260813
113101,n02815834_205_n02815834.JPEG,438,20260813
113131,n07695742_3503_n07695742.JPEG,932,20260813
113167,n02077923_2386_n02077923.JPEG,150,20260813
113169,n04041544_22315_n04041544.JPEG,754,20260813
113170,n03250847_8104_n03250847.JPEG,542,20260813
113214,n03590841_5739_n03590841.JPEG,607,20260813
113238,n04200800_34768_n04200800.JPEG,788,20260813
113242,n02879718_2399_n02879718.JPEG,456,20260813
113264,n01784675_8854_n01784675.JPEG,79,20260813
113274,n01558993_3076_n01558993.JPEG,15,20260813
113292,n02105505_1877_n02105505.JPEG,228,20260813
113309,n03535780_149_n03535780.JPEG,602,20260813
113314,n02233338_16926_n02233338.JPEG,314,20260813
113326,n04532106_26248_n04532106.JPEG,887,20260813
113341,n03724870_11536_n03724870.JPEG,643,20260813
113348,n01728572_8818_n01728572.JPEG,52,20260813
113352,n02127052_26433_n02127052.JPEG,287,20260813
113366,n01986214_12921_n01986214.JPEG,125,20260813
113368,n13040303_4882_n13040303.JPEG,994,20260813
113399,n03141823_22018_n03141823.JPEG,523,20260813
113401,n02130308_15687_n02130308.JPEG,293,20260813
113406,n02747177_27716_n02747177.JPEG,412,20260813
113433,n03110669_106235_n03110669.JPEG,513,20260813
113461,n04597913_469_n04597913.JPEG,910,20260813
113462,n01978455_5072_n01978455.JPEG,119,20260813
113466,n09256479_4_n09256479.JPEG,973,20260813
113469,n02749479_5712_n02749479.JPEG,413,20260813
113484,n03837869_5206_n03837869.JPEG,682,20260813
113490,n04065272_50705_n04065272.JPEG,757,20260813
113493,n02129604_5838_n02129604.JPEG,292,20260813
113505,n02444819_10060_n02444819.JPEG,360,20260813
113507,n01675722_5794_n01675722.JPEG,38,20260813
113519,n04613696_5272_n04613696.JPEG,915,20260813
113543,n03781244_70048_n03781244.JPEG,663,20260813
113592,n04070727_40491_n04070727.JPEG,760,20260813
113603,n12144580_8047_n12144580.JPEG,987,20260813
113605,n04509417_5584_n04509417.JPEG,880,20260813
113614,n01608432_15603_n01608432.JPEG,21,20260813
113615,n03873416_17560_n03873416.JPEG,693,20260813
113627,n07584110_4059_n07584110.JPEG,925,20260813
113667,n01558993_2084_n01558993.JPEG,15,20260813
113689,n02074367_613_n02074367.JPEG,149,20260813
113706,n07875152_1183_n07875152.JPEG,964,20260813
113725,n02281787_2620_n02281787.JPEG,326,20260813
113737,n03908618_12799_n03908618.JPEG,709,20260813
113773,n04493381_25573_n04493381.JPEG,876,20260813
113787,n01560419_2864_n01560419.JPEG,16,20260813
113833,n13040303_5129_n13040303.JPEG,994,20260813
113850,n02443484_896_n02443484.JPEG,359,20260813
113852,n07753275_7162_n07753275.JPEG,953,20260813
113854,n02916936_1886_n02916936.JPEG,465,20260813
113857,n02104029_2065_n02104029.JPEG,222,20260813
113866,n01955084_4001_n01955084.JPEG,116,20260813
113869,n02823750_4034_n02823750.JPEG,441,20260813
113888,n04443257_10053_n04443257.JPEG,860,20260813
113894,n02099429_4925_n02099429.JPEG,206,20260813
113936,n01795545_5368_n01795545.JPEG,80,20260813
113945,n03388043_9932_n03388043.JPEG,562,20260813
113956,n03991062_17966_n03991062.JPEG,738,20260813
113959,n02111277_14330_n02111277.JPEG,256,20260813
113976,n04525305_14700_n04525305.JPEG,886,20260813
113982,n02276258_2068_n02276258.JPEG,321,20260813
113993,n01698640_1912_n01698640.JPEG,50,20260813
114010,n01828970_11122_n01828970.JPEG,92,20260813
114013,n02017213_4587_n02017213.JPEG,136,20260813
114049,n01768244_1206_n01768244.JPEG,69,20260813
114080,n02110341_771_n02110341.JPEG,251,20260813
114082,n02443484_12603_n02443484.JPEG,359,20260813
114107,n02096585_12372_n02096585.JPEG,195,20260813
114118,n04049303_2142_n04049303.JPEG,756,20260813
114141,n09288635_13317_n09288635.JPEG,974,20260813
114154,n03838899_19949_n03838899.JPEG,683,20260813
114177,n04009552_19583_n04009552.JPEG,745,20260813
114187,n04399382_31588_n04399382.JPEG,850,20260813
114223,n13054560_726_n13054560.JPEG,997,20260813
114242,n02091134_9905_n02091134.JPEG,172,20260813
114311,n10148035_10808_n10148035.JPEG,982,20260813
114333,n04597913_3356_n04597913.JPEG,910,20260813
114338,n03761084_18131_n03761084.JPEG,651,20260813
114369,n02002724_4198_n02002724.JPEG,128,20260813
114394,n02114712_5673_n02114712.JPEG,271,20260813
114404,n07831146_1154_n07831146.JPEG,959,20260813
114445,n02794156_9989_n02794156.JPEG,426,20260813
114468,n02640242_936_n02640242.JPEG,394,20260813
114476,n02980441_822_n02980441.JPEG,483,20260813
114495,n02526121_1511_n02526121.JPEG,390,20260813
114524,n02093859_4180_n02093859.JPEG,183,20260813
114538,n07836838_11805_n07836838.JPEG,960,20260813
114559,n03991062_19945_n03991062.JPEG,738,20260813
114565,n02666196_20965_n02666196.JPEG,398,20260813
114575,n04523525_39737_n04523525.JPEG,884,20260813
114576,n04409515_2429_n04409515.JPEG,852,20260813
114592,n04263257_481_n04263257.JPEG,809,20260813
114607,n02102480_4217_n02102480.JPEG,220,20260813
114622,n02877765_9651_n02877765.JPEG,455,20260813
114627,n07747607_15260_n07747607.JPEG,950,20260813
114651,n01828970_5977_n01828970.JPEG,92,20260813
114654,n02917067_3998_n02917067.JPEG,466,20260813
114665,n04111531_5423_n04111531.JPEG,766,20260813
114666,n04086273_4565_n04086273.JPEG,763,20260813
114680,n02776631_26996_n02776631.JPEG,415,20260813
114683,n03866082_1104_n03866082.JPEG,689,20260813
114686,n07711569_4473_n07711569.JPEG,935,20260813
114723,n03447721_40630_n03447721.JPEG,577,20260813
114725,n02114367_9445_n02114367.JPEG,269,20260813
114739,n04370456_2485_n04370456.JPEG,841,20260813
114757,n02410509_1242_n02410509.JPEG,347,20260813
114762,n04069434_4215_n04069434.JPEG,759,20260813
114765,n02120079_1207_n02120079.JPEG,279,20260813
114773,n02087046_6777_n02087046.JPEG,158,20260813
114775,n01498041_2557_n01498041.JPEG,6,20260813
114797,n07875152_4164_n07875152.JPEG,964,20260813
114803,n07753275_65725_n07753275.JPEG,953,20260813
114820,n02165456_16746_n02165456.JPEG,301,20260813
114846,n01774750_3154_n01774750.JPEG,76,20260813
114870,n03843555_18386_n03843555.JPEG,686,20260813
114881,n04033901_2735_n04033901.JPEG,749,20260813
114898,n02088364_3722_n02088364.JPEG,162,20260813
114903,n03000684_16293_n03000684.JPEG,491,20260813
114923,n03710193_6256_n03710193.JPEG,637,20260813
114939,n09468604_18059_n09468604.JPEG,979,20260813
114953,n02978881_3344_n02978881.JPEG,481,20260813
114954,n04557648_27187_n04557648.JPEG,898,20260813
114964,n02442845_8927_n02442845.JPEG,357,20260813
114969,n02444819_5902_n02444819.JPEG,360,20260813
114973,n02422106_4141_n02422106.JPEG,351,20260813
114988,n04418357_553_n04418357.JPEG,854,20260813
114993,n02804414_1925_n02804414.JPEG,431,20260813
114996,n02437312_1408_n02437312.JPEG,354,20260813
115010,n07614500_45138_n07614500.JPEG,928,20260813
115015,n07590611_1919_n07590611.JPEG,926,20260813
115029,n02403003_17813_n02403003.JPEG,345,20260813
115042,n04380533_3618_n04380533.JPEG,846,20260813
115049,n02487347_1162_n02487347.JPEG,373,20260813
115052,n03630383_2534_n03630383.JPEG,617,20260813
115053,n02422106_3237_n02422106.JPEG,351,20260813
115074,n09246464_20079_n09246464.JPEG,972,20260813
115094,n03594945_23804_n03594945.JPEG,609,20260813
115107,n04389033_27310_n04389033.JPEG,847,20260813
115148,n02114367_13308_n02114367.JPEG,269,20260813
115151,n03527444_8021_n03527444.JPEG,597,20260813
115173,n02264363_6240_n02264363.JPEG,318,20260813
115178,n03447447_6884_n03447447.JPEG,576,20260813
115197,n04550184_57920_n04550184.JPEG,894,20260813
115215,n03259280_6152_n03259280.JPEG,544,20260813
115220,n02667093_369_n02667093.JPEG,399,20260813
115224,n07742313_2435_n07742313.JPEG,948,20260813
115241,n03933933_56366_n03933933.JPEG,718,20260813
115276,n03047690_46426_n03047690.JPEG,502,20260813
115281,n02088364_543_n02088364.JPEG,162,20260813
115286,n02950826_1734_n02950826.JPEG,471,20260813
115313,n04270147_10531_n04270147.JPEG,813,20260813
115318,n02098286_1441_n02098286.JPEG,203,20260813
115320,n02129165_14478_n02129165.JPEG,291,20260813
115332,n10148035_28856_n10148035.JPEG,982,20260813
115334,n02980441_6082_n02980441.JPEG,483,20260813
115335,n02106550_10481_n02106550.JPEG,234,20260813
115339,n07718747_2368_n07718747.JPEG,944,20260813
115345,n02259212_989_n02259212.JPEG,317,20260813
115353,n02939185_4088_n02939185.JPEG,469,20260813
115360,n01990800_18951_n01990800.JPEG,126,20260813
115393,n02105855_12836_n02105855.JPEG,230,20260813
115395,n04229816_644_n04229816.JPEG,796,20260813
115397,n02111889_6262_n02111889.JPEG,258,20260813
115452,n01819313_2528_n01819313.JPEG,89,20260813
115473,n02087046_24438_n02087046.JPEG,158,20260813
115485,n02871525_24333_n02871525.JPEG,454,20260813
115524,n04553703_36108_n04553703.JPEG,896,20260813
115530,n04090263_16335_n04090263.JPEG,764,20260813
115535,n02256656_2434_n02256656.JPEG,316,20260813
115550,n02105855_10499_n02105855.JPEG,230,20260813
115562,n02113624_638_n02113624.JPEG,265,20260813
115565,n01630670_4861_n01630670.JPEG,26,20260813
115586,n01917289_5330_n01917289.JPEG,109,20260813
115590,n07768694_30819_n07768694.JPEG,957,20260813
115609,n04004767_741_n04004767.JPEG,742,20260813
115611,n02094114_5439_n02094114.JPEG,185,20260813
115616,n02782093_4431_n02782093.JPEG,417,20260813
115625,n02098413_18663_n02098413.JPEG,204,20260813
115635,n02106166_19331_n02106166.JPEG,232,20260813
115654,n03133878_3600_n03133878.JPEG,521,20260813
115675,n03207743_2581_n03207743.JPEG,533,20260813
115740,n04154565_5207_n04154565.JPEG,784,20260813
115790,n04371430_23584_n04371430.JPEG,842,20260813
115796,n02009229_5889_n02009229.JPEG,131,20260813
115808,n04141076_59235_n04141076.JPEG,776,20260813
115815,n02028035_33439_n02028035.JPEG,141,20260813
115817,n03179701_3471_n03179701.JPEG,526,20260813
115837,n01855672_8034_n01855672.JPEG,99,20260813
115841,n03903868_48312_n03903868.JPEG,708,20260813
115845,n04041544_7381_n04041544.JPEG,754,20260813
115850,n03775071_15694_n03775071.JPEG,658,20260813
115869,n02437312_9850_n02437312.JPEG,354,20260813
115879,n09193705_16436_n09193705.JPEG,970,20260813
115896,n01644900_2281_n01644900.JPEG,32,20260813
115898,n02091244_5900_n02091244.JPEG,173,20260813
115907,n02095889_2396_n02095889.JPEG,190,20260813
115951,n01807496_982_n01807496.JPEG,86,20260813
115978,n01744401_5315_n01744401.JPEG,62,20260813
115987,n03492542_24255_n03492542.JPEG,592,20260813
115992,n03871628_7320_n03871628.JPEG,692,20260813
116005,n04266014_5867_n04266014.JPEG,812,20260813
116025,n02978881_15445_n02978881.JPEG,481,20260813
116026,n01798484_8946_n01798484.JPEG,83,20260813
116038,n03759954_10473_n03759954.JPEG,650,20260813
116053,n02100583_2707_n02100583.JPEG,211,20260813
116064,n10565667_15115_n10565667.JPEG,983,20260813
116082,n03482405_11791_n03482405.JPEG,588,20260813
116093,n01820546_4962_n01820546.JPEG,90,20260813
116109,n03594945_13594_n03594945.JPEG,609,20260813
116132,n04310018_5787_n04310018.JPEG,820,20260813
116134,n03197337_7615_n03197337.JPEG,531,20260813
116153,n01644373_7551_n01644373.JPEG,31,20260813
116198,n02168699_14713_n02168699.JPEG,303,20260813
116214,n01641577_9664_n01641577.JPEG,30,20260813
116224,n03773504_190_n03773504.JPEG,657,20260813
116239,n02105412_1958_n02105412.JPEG,227,20260813
116252,n02892201_20190_n02892201.JPEG,458,20260813
116266,n01698640_2960_n01698640.JPEG,50,20260813
116326,n03376595_10175_n03376595.JPEG,559,20260813
116338,n02099601_8380_n02099601.JPEG,207,20260813
116342,n03637318_24593_n03637318.JPEG,619,20260813
116376,n07760859_7552_n07760859.JPEG,956,20260813
116413,n03709823_357_n03709823.JPEG,636,20260813
116431,n04252077_1990_n04252077.JPEG,802,20260813
116455,n01774384_3878_n01774384.JPEG,75,20260813
116461,n03916031_2686_n03916031.JPEG,711,20260813
116464,n04209133_7945_n04209133.JPEG,793,20260813
116488,n02927161_13458_n02927161.JPEG,467,20260813
116500,n03599486_21705_n03599486.JPEG,612,20260813
116523,n03874599_151_n03874599.JPEG,695,20260813
116544,n03877472_3238_n03877472.JPEG,697,20260813
116548,n07875152_3175_n07875152.JPEG,964,20260813
116560,n02099849_1114_n02099849.JPEG,209,20260813
116563,n03899768_33341_n03899768.JPEG,706,20260813
116578,n02077923_4914_n02077923.JPEG,150,20260813
116583,n04442312_2398_n04442312.JPEG,859,20260813
116598,n12768682_4754_n12768682.JPEG,990,20260813
116617,n02088364_4034_n02088364.JPEG,162,20260813
116629,n02129604_13312_n02129604.JPEG,292,20260813
116638,n03297495_22143_n03297495.JPEG,550,20260813
116642,n04592741_15055_n04592741.JPEG,908,20260813
116660,n03127925_23483_n03127925.JPEG,519,20260813
116663,n03796401_4321_n03796401.JPEG,675,20260813
116664,n03018349_6404_n03018349.JPEG,495,20260813
116693,n02097474_17673_n02097474.JPEG,200,20260813
116698,n02112018_11045_n02112018.JPEG,259,20260813
116707,n04467665_4872_n04467665.JPEG,867,20260813
116721,n02017213_2149_n02017213.JPEG,136,20260813
116725,n04204347_2075_n04204347.JPEG,791,20260813
116726,n02037110_31744_n02037110.JPEG,143,20260813
116733,n01981276_17915_n01981276.JPEG,121,20260813
116735,n02108089_17608_n02108089.JPEG,242,20260813
116737,n02950826_14489_n02950826.JPEG,471,20260813
116769,n02094114_6307_n02094114.JPEG,185,20260813
116814,n01817953_7636_n01817953.JPEG,87,20260813
116818,n02058221_18567_n02058221.JPEG,146,20260813
116826,n01986214_1223_n01986214.JPEG,125,20260813
116845,n02105412_204_n02105412.JPEG,227,20260813
116856,n01728920_3085_n01728920.JPEG,53,20260813
116858,n04589890_620_n04589890.JPEG,904,20260813
116886,n03534580_10519_n03534580.JPEG,601,20260813
116899,n02096051_5674_n02096051.JPEG,191,20260813
116930,n03207743_11898_n03207743.JPEG,533,20260813
116933,n02105505_997_n02105505.JPEG,228,20260813
116989,n01749939_5845_n01749939.JPEG,64,20260813
116991,n04442312_11328_n04442312.JPEG,859,20260813
116995,n03854065_5815_n03854065.JPEG,687,20260813
117020,n03450230_9491_n03450230.JPEG,578,20260813
117036,n03773504_19789_n03773504.JPEG,657,20260813
117039,n02281406_801_n02281406.JPEG,325,20260813
117048,n12620546_15651_n12620546.JPEG,989,20260813
117065,n01968897_10835_n01968897.JPEG,117,20260813
117076,n02096585_1281_n02096585.JPEG,195,20260813
117121,n01644373_15062_n01644373.JPEG,31,20260813
117122,n03804744_7807_n03804744.JPEG,677,20260813
117125,n04584207_6738_n04584207.JPEG,903,20260813
117132,n01847000_9745_n01847000.JPEG,97,20260813
117140,n07584110_6800_n07584110.JPEG,925,20260813
117171,n01631663_8396_n01631663.JPEG,27,20260813
117195,n03141823_1999_n03141823.JPEG,523,20260813
117209,n04525305_10389_n04525305.JPEG,886,20260813
117210,n03899768_586_n03899768.JPEG,706,20260813
117245,n03970156_34585_n03970156.JPEG,731,20260813
117264,n04229816_9248_n04229816.JPEG,796,20260813
117268,n01775062_8043_n01775062.JPEG,77,20260813
117271,n04398044_3300_n04398044.JPEG,849,20260813
117273,n03218198_8369_n03218198.JPEG,537,20260813
117314,n02981792_13829_n02981792.JPEG,484,20260813
117322,n07802026_17264_n07802026.JPEG,958,20260813
117327,n03459775_1048_n03459775.JPEG,581,20260813
117331,n02606052_9119_n02606052.JPEG,392,20260813
117333,n02807133_4097_n02807133.JPEG,433,20260813
117337,n01518878_302_n01518878.JPEG,9,20260813
117345,n02865351_9483_n02865351.JPEG,451,20260813
117347,n03532672_1005_n03532672.JPEG,600,20260813
117348,n04409515_18336_n04409515.JPEG,852,20260813
117361,n04254120_3957_n04254120.JPEG,804,20260813
117365,n04487081_24740_n04487081.JPEG,874,20260813
117395,n03379051_4962_n03379051.JPEG,560,20260813
117398,n03627232_15942_n03627232.JPEG,616,20260813
117399,n02094433_4652_n02094433.JPEG,187,20260813
117431,n02087046_4569_n02087046.JPEG,158,20260813
117439,n03492542_13389_n03492542.JPEG,592,20260813
117446,n03690938_15056_n03690938.JPEG,631,20260813
117481,n02815834_12592_n02815834.JPEG,438,20260813
117510,n07873807_7616_n07873807.JPEG,963,20260813
117526,n02883205_13044_n02883205.JPEG,457,20260813
117534,n02641379_33211_n02641379.JPEG,395,20260813
117541,n02233338_5793_n02233338.JPEG,314,20260813
117542,n03124170_14263_n03124170.JPEG,515,20260813
117577,n04493381_6337_n04493381.JPEG,876,20260813
117610,n07718747_18931_n07718747.JPEG,944,20260813
117649,n03372029_2744_n03372029.JPEG,558,20260813
117680,n07745940_9947_n07745940.JPEG,949,20260813
117745,n02129604_10326_n02129604.JPEG,292,20260813
117784,n02412080_51011_n02412080.JPEG,348,20260813
117807,n01855032_7402_n01855032.JPEG,98,20260813
117814,n02102040_4027_n02102040.JPEG,217,20260813
117837,n02493793_318_n02493793.JPEG,381,20260813
117857,n12057211_7313_n12057211.JPEG,986,20260813
117875,n02174001_52_n02174001.JPEG,306,20260813
117878,n03028079_24642_n03028079.JPEG,497,20260813
117904,n02437616_5494_n02437616.JPEG,355,20260813
117911,n02058221_14145_n02058221.JPEG,146,20260813
117928,n02841315_37573_n02841315.JPEG,447,20260813
117943,n03777754_3390_n03777754.JPEG,662,20260813
117944,n04277352_26334_n04277352.JPEG,816,20260813
117968,n03180011_8654_n03180011.JPEG,527,20260813
118006,n02086646_6325_n02086646.JPEG,156,20260813
118011,n04428191_24238_n04428191.JPEG,856,20260813
118018,n02514041_1518_n02514041.JPEG,389,20260813
118058,n02317335_16365_n02317335.JPEG,327,20260813
118061,n04404412_7619_n04404412.JPEG,851,20260813
118067,n02443484_2626_n02443484.JPEG,359,20260813
118084,n01443537_16678_n01443537.JPEG,1,20260813
118087,n02133161_1997_n02133161.JPEG,295,20260813
118105,n02422699_5265_n02422699.JPEG,352,20260813
118109,n02107683_5684_n02107683.JPEG,239,20260813
118120,n04228054_1460_n04228054.JPEG,795,20260813
118130,n02783161_12388_n02783161.JPEG,418,20260813
118135,n02108915_10101_n02108915.JPEG,245,20260813
118158,n06596364_39415_n06596364.JPEG,917,20260813
118173,n02190166_5741_n02190166.JPEG,308,20260813
118181,n02113978_4599_n02113978.JPEG,268,20260813
118206,n04266014_23022_n04266014.JPEG,812,20260813
118219,n01744401_4009_n01744401.JPEG,62,20260813
118222,n04423845_28092_n04423845.JPEG,855,20260813
118268,n03529860_7543_n03529860.JPEG,598,20260813
118284,n02111500_6232_n02111500.JPEG,257,20260813
118314,n01601694_669_n01601694.JPEG,20,20260813
118329,n07753113_14673_n07753113.JPEG,952,20260813
118336,n02410509_6939_n02410509.JPEG,347,20260813
118348,n03394916_28608_n03394916.JPEG,566,20260813
118352,n01806143_10494_n01806143.JPEG,84,20260813
118378,n02231487_7760_n02231487.JPEG,313,20260813
118392,n03944341_27510_n03944341.JPEG,723,20260813
118410,n04235860_10017_n04235860.JPEG,797,20260813
118415,n04200800_312_n04200800.JPEG,788,20260813
118432,n02119789_8682_n02119789.JPEG,278,20260813
118451,n02088466_12240_n02088466.JPEG,163,20260813
118486,n07716358_4503_n07716358.JPEG,939,20260813
118497,n02259212_352_n02259212.JPEG,317,20260813
118503,n02701002_3115_n02701002.JPEG,407,20260813
118510,n02086646_9221_n02086646.JPEG,156,20260813
118517,n02111500_347_n02111500.JPEG,257,20260813
118535,n04074963_16078_n04074963.JPEG,761,20260813
118550,n02090379_3116_n02090379.JPEG,168,20260813
118556,n01843065_8655_n01843065.JPEG,95,20260813
118585,n02730930_8445_n02730930.JPEG,411,20260813
118589,n02113186_12347_n02113186.JPEG,264,20260813
118592,n01806143_2216_n01806143.JPEG,84,20260813
118616,n01693334_13951_n01693334.JPEG,46,20260813
118625,n02457408_25753_n02457408.JPEG,364,20260813
118648,n03425413_2170_n03425413.JPEG,571,20260813
118650,n04579432_31161_n04579432.JPEG,902,20260813
118665,n04355338_2354_n04355338.JPEG,835,20260813
118686,n03259280_6161_n03259280.JPEG,544,20260813
118687,n02606052_21087_n02606052.JPEG,392,20260813
118688,n02113023_8281_n02113023.JPEG,263,20260813
118702,n02493509_17368_n02493509.JPEG,380,20260813
118706,n02396427_4078_n02396427.JPEG,342,20260813
118713,n03496892_21588_n03496892.JPEG,595,20260813
118732,n02395406_7100_n02395406.JPEG,341,20260813
118764,n02088094_5521_n02088094.JPEG,160,20260813
118765,n02490219_2719_n02490219.JPEG,377,20260813
118772,n03902125_14708_n03902125.JPEG,707,20260813
118792,n03459775_22081_n03459775.JPEG,581,20260813
118826,n04599235_15736_n04599235.JPEG,911,20260813
118849,n03733281_47434_n03733281.JPEG,646,20260813
118871,n02879718_9031_n02879718.JPEG,456,20260813
118913,n02085782_6052_n02085782.JPEG,152,20260813
118914,n02002724_15520_n02002724.JPEG,128,20260813
118925,n02708093_540_n02708093.JPEG,409,20260813
118928,n02112706_1379_n02112706.JPEG,262,20260813
118938,n04428191_12210_n04428191.JPEG,856,20260813
118970,n01669191_7208_n01669191.JPEG,37,20260813
118972,n02011460_2645_n02011460.JPEG,133,20260813
118975,n03400231_5545_n03400231.JPEG,567,20260813
119005,n03956157_2729_n03956157.JPEG,727,20260813
119024,n01756291_16141_n01756291.JPEG,68,20260813
119028,n02123597_14696_n02123597.JPEG,284,20260813
119036,n04335435_27429_n04335435.JPEG,829,20260813
119037,n03255030_7077_n03255030.JPEG,543,20260813
119055,n03041632_49363_n03041632.JPEG,499,20260813
119060,n03902125_11292_n03902125.JPEG,707,20260813
119067,n04201297_9283_n04201297.JPEG,789,20260813
119083,n01807496_13482_n01807496.JPEG,86,20260813
119089,n04435653_6579_n04435653.JPEG,858,20260813
119097,n03372029_31181_n03372029.JPEG,558,20260813
119101,n02112706_1644_n02112706.JPEG,262,20260813
119103,n02892201_14480_n02892201.JPEG,458,20260813
119109,n03250847_2036_n03250847.JPEG,542,20260813
119146,n02027492_7_n02027492.JPEG,140,20260813
119147,n04209239_8241_n04209239.JPEG,794,20260813
119168,n04332243_16128_n04332243.JPEG,828,20260813
119194,n04263257_16675_n04263257.JPEG,809,20260813
119228,n07615774_8203_n07615774.JPEG,929,20260813
119230,n02988304_12322_n02988304.JPEG,485,20260813
119239,n02013706_16694_n02013706.JPEG,135,20260813
119249,n03467068_13101_n03467068.JPEG,583,20260813
119251,n04118538_8937_n04118538.JPEG,768,20260813
119299,n03255030_16295_n03255030.JPEG,543,20260813
119333,n03498962_2008_n03498962.JPEG,596,20260813
119336,n03028079_27217_n03028079.JPEG,497,20260813
119369,n02119022_10462_n02119022.JPEG,277,20260813
119405,n04591713_47_n04591713.JPEG,907,20260813
119409,n02279972_11589_n02279972.JPEG,323,20260813
119423,n03877845_20095_n03877845.JPEG,698,20260813
119441,n01734418_2960_n01734418.JPEG,56,20260813
119461,n03425413_20234_n03425413.JPEG,571,20260813
119508,n02607072_4321_n02607072.JPEG,393,20260813
119514,n02107683_5281_n02107683.JPEG,239,20260813
119521,n02909870_28429_n02909870.JPEG,463,20260813
119536,n03877845_2285_n03877845.JPEG,698,20260813
119552,n03444034_575_n03444034.JPEG,573,20260813
119560,n04542943_2042_n04542943.JPEG,891,20260813
119573,n02108551_2778_n02108551.JPEG,244,20260813
119577,n03393912_4241_n03393912.JPEG,565,20260813
119596,n03457902_1301_n03457902.JPEG,580,20260813
119605,n02860847_1520_n02860847.JPEG,450,20260813
119606,n02840245_1280_n02840245.JPEG,446,20260813
119635,n03938244_5166_n03938244.JPEG,721,20260813
119638,n03770439_35703_n03770439.JPEG,655,20260813
119659,n02018207_759_n02018207.JPEG,137,20260813
119666,n03944341_9989_n03944341.JPEG,723,20260813
119686,n02514041_3934_n02514041.JPEG,389,20260813
119689,n03065424_16759_n03065424.JPEG,506,20260813
119713,n03447721_15227_n03447721.JPEG,577,20260813
119717,n07684084_58_n07684084.JPEG,930,20260813
119731,n07711569_7593_n07711569.JPEG,935,20260813
119741,n04418357_18449_n04418357.JPEG,854,20260813
119750,n01667114_15169_n01667114.JPEG,35,20260813
119807,n13052670_5443_n13052670.JPEG,996,20260813
119828,n03393912_363_n03393912.JPEG,565,20260813
119831,n03404251_19860_n03404251.JPEG,568,20260813
119885,n01491361_3715_n01491361.JPEG,3,20260813
119911,n02123159_4896_n02123159.JPEG,282,20260813
119932,n03047690_38750_n03047690.JPEG,502,20260813
119934,n03782006_20608_n03782006.JPEG,664,20260813
119941,n02974003_180_n02974003.JPEG,479,20260813
119945,n02749479_4595_n02749479.JPEG,413,20260813
119960,n03617480_2385_n03617480.JPEG,614,20260813
119965,n06359193_53116_n06359193.JPEG,916,20260813
119967,n02134084_14426_n02134084.JPEG,296,20260813
119976,n02110341_1185_n02110341.JPEG,251,20260813
119997,n03857828_66885_n03857828.JPEG,688,20260813
119999,n03697007_27478_n03697007.JPEG,634,20260813
120001,n01728920_19271_n01728920.JPEG,53,20260813
120015,n03447447_1218_n03447447.JPEG,576,20260813
120038,n04131690_14073_n04131690.JPEG,773,20260813
120054,n02666196_10993_n02666196.JPEG,398,20260813
120062,n09468604_36746_n09468604.JPEG,979,20260813
120089,n04326547_20423_n04326547.JPEG,825,20260813
120094,n01968897_1425_n01968897.JPEG,117,20260813
120130,n03871628_14638_n03871628.JPEG,692,20260813
120144,n03733131_6557_n03733131.JPEG,645,20260813
120267,n02837789_5056_n02837789.JPEG,445,20260813
120288,n04228054_13035_n04228054.JPEG,795,20260813
120296,n07695742_10788_n07695742.JPEG,932,20260813
120314,n03485794_23307_n03485794.JPEG,591,20260813
120316,n02099849_6042_n02099849.JPEG,209,20260813
120319,n02708093_7029_n02708093.JPEG,409,20260813
120320,n07745940_8433_n07745940.JPEG,949,20260813
120338,n02895154_40077_n02895154.JPEG,461,20260813
120339,n07717410_1635_n07717410.JPEG,941,20260813
120365,n02018207_947_n02018207.JPEG,137,20260813
120375,n01484850_24997_n01484850.JPEG,2,20260813
120381,n03658185_50030_n03658185.JPEG,623,20260813
120384,n04238763_7575_n04238763.JPEG,798,20260813
120423,n03180011_17179_n03180011.JPEG,527,20260813
120431,n02883205_23063_n02883205.JPEG,457,20260813
120438,n01872401_7542_n01872401.JPEG,102,20260813
120447,n02817516_30893_n02817516.JPEG,439,20260813
120474,n02415577_60041_n02415577.JPEG,349,20260813
120520,n04229816_2189_n04229816.JPEG,796,20260813
120555,n06359193_87366_n06359193.JPEG,916,20260813
120564,n01981276_15395_n01981276.JPEG,121,20260813
120571,n07717410_492_n07717410.JPEG,941,20260813
120637,n02790996_6382_n02790996.JPEG,422,20260813
120647,n04367480_36583_n04367480.JPEG,840,20260813
120651,n07873807_12480_n07873807.JPEG,963,20260813
120675,n02085620_7397_n02085620.JPEG,151,20260813
120676,n04086273_13246_n04086273.JPEG,763,20260813
120698,n07590611_17364_n07590611.JPEG,926,20260813
120711,n03314780_16107_n03314780.JPEG,551,20260813
120712,n04465501_3567_n04465501.JPEG,866,20260813
120722,n03584829_18512_n03584829.JPEG,606,20260813
120730,n03958227_4557_n03958227.JPEG,728,20260813
120732,n04584207_3616_n04584207.JPEG,903,20260813
120758,n01665541_2174_n01665541.JPEG,34,20260813
120766,n03961711_16867_n03961711.JPEG,729,20260813
120768,n03633091_2423_n03633091.JPEG,618,20260813
120783,n02108915_3277_n02108915.JPEG,245,20260813
120784,n01693334_9000_n01693334.JPEG,46,20260813
120785,n03467068_17413_n03467068.JPEG,583,20260813
120807,n03871628_86_n03871628.JPEG,692,20260813
120824,n04133789_20516_n04133789.JPEG,774,20260813
120865,n02769748_9499_n02769748.JPEG,414,20260813
120872,n03160309_15245_n03160309.JPEG,525,20260813
120885,n04465501_8120_n04465501.JPEG,866,20260813
120900,n01770393_24868_n01770393.JPEG,71,20260813
120903,n04336792_7539_n04336792.JPEG,830,20260813
120911,n04447861_1613_n04447861.JPEG,861,20260813
120955,n04037443_44347_n04037443.JPEG,751,20260813
120956,n02504013_802_n02504013.JPEG,385,20260813
120964,n02089078_8734_n02089078.JPEG,165,20260813
120982,n02099267_12065_n02099267.JPEG,205,20260813
120991,n02094114_192_n02094114.JPEG,185,20260813
120997,n07615774_25334_n07615774.JPEG,929,20260813
121010,n04258138_6055_n04258138.JPEG,807,20260813
121017,n02124075_8725_n02124075.JPEG,285,20260813
121022,n02105162_1267_n02105162.JPEG,225,20260813
121045,n03841143_10118_n03841143.JPEG,685,20260813
121094,n04532106_11008_n04532106.JPEG,887,20260813
121105,n02869837_26452_n02869837.JPEG,452,20260813
121121,n04507155_8966_n04507155.JPEG,879,20260813
121128,n01749939_426_n01749939.JPEG,64,20260813
121143,n03394916_42413_n03394916.JPEG,566,20260813
121155,n02999410_6772_n02999410.JPEG,488,20260813
121177,n03920288_873_n03920288.JPEG,712,20260813
121185,n02190166_12790_n02190166.JPEG,308,20260813
121197,n01748264_21395_n01748264.JPEG,63,20260813
121224,n03063599_1117_n03063599.JPEG,504,20260813
121230,n03942813_2386_n03942813.JPEG,722,20260813
121266,n01784675_23266_n01784675.JPEG,79,20260813
121271,n02865351_3804_n02865351.JPEG,451,20260813
121273,n03160309_47019_n03160309.JPEG,525,20260813
121298,n02056570_2735_n02056570.JPEG,145,20260813
121304,n04482393_18606_n04482393.JPEG,870,20260813
121305,n03000247_36249_n03000247.JPEG,490,20260813
121324,n03814639_12410_n03814639.JPEG,678,20260813
121328,n02037110_5434_n02037110.JPEG,143,20260813
121329,n02974003_1093_n02974003.JPEG,479,20260813
121337,n04041544_10882_n04041544.JPEG,754,20260813
121347,n02268443_23870_n02268443.JPEG,319,20260813
121392,n02422106_9652_n02422106.JPEG,351,20260813
121427,n07860988_23728_n07860988.JPEG,961,20260813
121446,n02963159_12842_n02963159.JPEG,474,20260813
121448,n01630670_6191_n01630670.JPEG,26,20260813
121464,n07749582_6071_n07749582.JPEG,951,20260813
121471,n07714990_1712_n07714990.JPEG,937,20260813
121481,n03297495_3997_n03297495.JPEG,550,20260813
121483,n03146219_8755_n03146219.JPEG,524,20260813
121495,n04505470_216_n04505470.JPEG,878,20260813
121514,n01877812_80_n01877812.JPEG,104,20260813
121538,n02364673_17153_n02364673.JPEG,338,20260813
121549,n02804414_6811_n02804414.JPEG,431,20260813
121557,n04325704_5737_n04325704.JPEG,824,20260813
121592,n02096437_11148_n02096437.JPEG,194,20260813
121595,n04275548_9782_n04275548.JPEG,815,20260813
121608,n03179701_1489_n03179701.JPEG,526,20260813
121634,n02025239_14413_n02025239.JPEG,139,20260813
121640,n03457902_16210_n03457902.JPEG,580,20260813
121644,n03110669_79148_n03110669.JPEG,513,20260813
121658,n03404251_8390_n03404251.JPEG,568,20260813
121666,n03425413_12915_n03425413.JPEG,571,20260813
121681,n03017168_10879_n03017168.JPEG,494,20260813
121701,n02445715_15505_n02445715.JPEG,361,20260813
121728,n02492660_922_n02492660.JPEG,379,20260813
121729,n01872401_10227_n01872401.JPEG,102,20260813
121732,n13037406_3495_n13037406.JPEG,993,20260813
121736,n04612504_4613_n04612504.JPEG,914,20260813
121826,n03443371_4140_n03443371.JPEG,572,20260813
121839,n01531178_5506_n01531178.JPEG,11,20260813
121861,n03796401_18983_n03796401.JPEG,675,20260813
121872,n03216828_30630_n03216828.JPEG,536,20260813
121873,n02119789_2283_n02119789.JPEG,278,20260813
121896,n09332890_29816_n09332890.JPEG,975,20260813
121915,n02168699_7809_n02168699.JPEG,303,20260813
121919,n06794110_4859_n06794110.JPEG,919,20260813
121921,n03393912_11033_n03393912.JPEG,565,20260813
121929,n01877812_9849_n01877812.JPEG,104,20260813
121939,n01685808_5450_n01685808.JPEG,41,20260813
121967,n01917289_3839_n01917289.JPEG,109,20260813
121978,n02749479_11077_n02749479.JPEG,413,20260813
122001,n04372370_37162_n04372370.JPEG,844,20260813
