[grid] mode=full seeds=[0, 1, 2] -> 162 candidates
CIFAR-10 loaded: train=(50000, 32, 32, 3), test=(10000, 32, 32, 3)
[grid] (1/162) seed0 s1b0 ps25 bf0.05: cached [elapsed 7s]
Solving ridge regression (iterative, delta-reg=0.001)...
Solving ridge regression (iterative, delta-reg=0.001)...
Solving ridge regression (iterative, delta-reg=0.001)...
Solving ridge regression (iterative, delta-reg=0.001)...
Solving ridge regression (iterative, delta-reg=0.001)...
Solving ridge regression (iterative, delta-reg=0.001)...
Solving ridge regression (iterative, delta-reg=0.001)...
Solving ridge regression (iterative, delta-reg=0.001)...
Solving ridge regression (iterative, delta-reg=0.001)...
Solving ridge regression (iterative, delta-reg=0.001)...
Solving ridge regression (iterative, delta-reg=0.001)...
Solving ridge regression (iterative, delta-reg=0.001)...
Solving ridge regression (iterative, delta-reg=0.001)...
Solving ridge regression (iterative, delta-reg=0.001)...
Solving ridge regression (iterative, delta-reg=0.001)...
Solving ridge regression (iterative, delta-reg=0.001)...
Solving ridge regression (iterative, delta-reg=0.001)...
Solving ridge regression (iterative, delta-reg=0.001)...
Solving ridge regression (iterative, delta-reg=0.001)...
Solving ridge regression (iterative, delta-reg=0.001)...
Solving ridge regression (iterative, delta-reg=0.001)...
Solving ridge regression (iterative, delta-reg=0.001)...
Solving ridge regression (iterative, delta-reg=0.001)...
Solving ridge regression (iterative, delta-reg=0.001)...
Solving ridge regression (iterative, delta-reg=0.001)...
Solving ridge regression (iterative, delta-reg=0.001)...
Solving ridge regression (iterative, delta-reg=0.001)...
Solving ridge regression (iterative, delta-reg=0.001)...
Solving ridge regression (iterative, delta-reg=0.001)...
Solving ridge regression (iterative, delta-reg=0.001)...
Solving ridge regression (iterative, delta-reg=0.001)...
Solving ridge regression (iterative, delta-reg=0.001)...
Solving ridge regression (iterative, delta-reg=0.001)...
Solving ridge regression (iterative, delta-reg=0.001)...
Solving ridge regression (iterative, delta-reg=0.001)...
Solving ridge regression (iterative, delta-reg=0.001)...
Solving ridge regression (iterative, delta-reg=0.001)...
Solving ridge regression (iterative, delta-reg=0.001)...
Solving ridge regression (iterative, delta-reg=0.001)...
Solving ridge regression (iterative, delta-reg=0.001)...
Solving ridge regression (iterative, delta-reg=0.001)...
Solving ridge regression (iterative, delta-reg=0.001)...
Solving ridge regression (iterative, delta-reg=0.001)...
Solving ridge regression (iterative, delta-reg=0.001)...
Solving ridge regression (iterative, delta-reg=0.001)...
Solving ridge regression (iterative, delta-reg=0.001)...
Solving ridge regression (iterative, delta-reg=0.001)...
Solving ridge regression (iterative, delta-reg=0.001)...
Solving ridge regression (iterative, delta-reg=0.001)...
Solving ridge regression (iterative, delta-reg=0.001)...
[PnC diagnostic | calib] perturbation_scale=25.0
  Uncorrected shift (mean±std, 50 members): 38.2197 ± 2.4402
  Corrected   shift (mean±std, 50 members): 5.6043 ± 0.0664
  Correction reduction: 85.3%
[grid] (2/162) seed0 s1b0 ps25 bf0.1: ok nll=0.1420 (83s) [elapsed 90s]
[grid] (3/162) seed0 s1b0 ps25 bf0.2: cached [elapsed 90s]
Solving ridge regression (iterative, delta-reg=0.001)...
Solving ridge regression (iterative, delta-reg=0.001)...
Solving ridge regression (iterative, delta-reg=0.001)...
Solving ridge regression (iterative, delta-reg=0.001)...
Solving ridge regression (iterative, delta-reg=0.001)...
Solving ridge regression (iterative, delta-reg=0.001)...
Solving ridge regression (iterative, delta-reg=0.001)...
Solving ridge regression (iterative, delta-reg=0.001)...
Solving ridge regression (iterative, delta-reg=0.001)...
Solving ridge regression (iterative, delta-reg=0.001)...
Solving ridge regression (iterative, delta-reg=0.001)...
Solving ridge regression (iterative, delta-reg=0.001)...
Solving ridge regression (iterative, delta-reg=0.001)...
Solving ridge regression (iterative, delta-reg=0.001)...
Solving ridge regression (iterative, delta-reg=0.001)...
Solving ridge regression (iterative, delta-reg=0.001)...
Solving ridge regression (iterative, delta-reg=0.001)...
Solving ridge regression (iterative, delta-reg=0.001)...
Solving ridge regression (iterative, delta-reg=0.001)...
Solving ridge regression (iterative, delta-reg=0.001)...
Solving ridge regression (iterative, delta-reg=0.001)...
Solving ridge regression (iterative, delta-reg=0.001)...
Solving ridge regression (iterative, delta-reg=0.001)...
Solving ridge regression (iterative, delta-reg=0.001)...
Solving ridge regression (iterative, delta-reg=0.001)...
Solving ridge regression (iterative, delta-reg=0.001)...
Solving ridge regression (iterative, delta-reg=0.001)...
Solving ridge regression (iterative, delta-reg=0.001)...
Solving ridge regression (iterative, delta-reg=0.001)...
Solving ridge regression (iterative, delta-reg=0.001)...
Solving ridge regression (iterative, delta-reg=0.001)...
Solving ridge regression (iterative, delta-reg=0.001)...
Solving ridge regression (iterative, delta-reg=0.001)...
Solving ridge regression (iterative, delta-reg=0.001)...
Solving ridge regression (iterative, delta-reg=0.001)...
Solving ridge regression (iterative, delta-reg=0.001)...
Solving ridge regression (iterative, delta-reg=0.001)...
Solving ridge regression (iterative, delta-reg=0.001)...
Solving ridge regression (iterative, delta-reg=0.001)...
Solving ridge regression (iterative, delta-reg=0.001)...
Solving ridge regression (iterative, delta-reg=0.001)...
Solving ridge regression (iterative, delta-reg=0.001)...
Solving ridge regression (iterative, delta-reg=0.001)...
Solving ridge regression (iterative, delta-reg=0.001)...
Solving ridge regression (iterative, delta-reg=0.001)...
Solving ridge regression (iterative, delta-reg=0.001)...
Solving ridge regression (iterative, delta-reg=0.001)...
Solving ridge regression (iterative, delta-reg=0.001)...
Solving ridge regression (iterative, delta-reg=0.001)...
Solving ridge regression (iterative, delta-reg=0.001)...
[PnC diagnostic | calib] perturbation_scale=50.0
  Uncorrected shift (mean±std, 50 members): 89.9724 ± 5.1741
  Corrected   shift (mean±std, 50 members): 6.5160 ± 0.0870
  Correction reduction: 92.8%
[grid] (4/162) seed0 s1b0 ps50 bf0.05: ok nll=0.1508 (64s) [elapsed 154s]
Solving ridge regression (iterative, delta-reg=0.001)...
Solving ridge regression (iterative, delta-reg=0.001)...
Solving ridge regression (iterative, delta-reg=0.001)...
Solving ridge regression (iterative, delta-reg=0.001)...
Solving ridge regression (iterative, delta-reg=0.001)...
Solving ridge regression (iterative, delta-reg=0.001)...
Solving ridge regression (iterative, delta-reg=0.001)...
Solving ridge regression (iterative, delta-reg=0.001)...
Solving ridge regression (iterative, delta-reg=0.001)...
Solving ridge regression (iterative, delta-reg=0.001)...
Solving ridge regression (iterative, delta-reg=0.001)...
Solving ridge regression (iterative, delta-reg=0.001)...
Solving ridge regression (iterative, delta-reg=0.001)...
Solving ridge regression (iterative, delta-reg=0.001)...
Solving ridge regression (iterative, delta-reg=0.001)...
Solving ridge regression (iterative, delta-reg=0.001)...
Solving ridge regression (iterative, delta-reg=0.001)...
Solving ridge regression (iterative, delta-reg=0.001)...
Solving ridge regression (iterative, delta-reg=0.001)...
Solving ridge regression (iterative, delta-reg=0.001)...
Solving ridge regression (iterative, delta-reg=0.001)...
Solving ridge regression (iterative, delta-reg=0.001)...
Solving ridge regression (iterative, delta-reg=0.001)...
Solving ridge regression (iterative, delta-reg=0.001)...
Solving ridge regression (iterative, delta-reg=0.001)...
Solving ridge regression (iterative, delta-reg=0.001)...
Solving ridge regression (iterative, delta-reg=0.001)...
Solving ridge regression (iterative, delta-reg=0.001)...
Solving ridge regression (iterative, delta-reg=0.001)...
Solving ridge regression (iterative, delta-reg=0.001)...
Solving ridge regression (iterative, delta-reg=0.001)...
Solving ridge regression (iterative, delta-reg=0.001)...
Solving ridge regression (iterative, delta-reg=0.001)...
Solving ridge regression (iterative, delta-reg=0.001)...
Solving ridge regression (iterative, delta-reg=0.001)...
Solving ridge regression (iterative, delta-reg=0.001)...
Solving ridge regression (iterative, delta-reg=0.001)...
Solving ridge regression (iterative, delta-reg=0.001)...
Solving ridge regression (iterative, delta-reg=0.001)...
Solving ridge regression (iterative, delta-reg=0.001)...
Solving ridge regression (iterative, delta-reg=0.001)...
Solving ridge regression (iterative, delta-reg=0.001)...
Solving ridge regression (iterative, delta-reg=0.001)...
Solving ridge regression (iterative, delta-reg=0.001)...
Solving ridge regression (iterative, delta-reg=0.001)...
Solving ridge regression (iterative, delta-reg=0.001)...
Solving ridge regression (iterative, delta-reg=0.001)...
Solving ridge regression (iterative, delta-reg=0.001)...
Solving ridge regression (iterative, delta-reg=0.001)...
Solving ridge regression (iterative, delta-reg=0.001)...
[PnC diagnostic | calib] perturbation_scale=50.0
  Uncorrected shift (mean±std, 50 members): 89.9724 ± 5.1741
  Corrected   shift (mean±std, 50 members): 6.2736 ± 0.0814
  Correction reduction: 93.0%
[grid] (5/162) seed0 s1b0 ps50 bf0.1: ok nll=0.1520 (62s) [elapsed 216s]
Solving ridge regression (iterative, delta-reg=0.001)...
Solving ridge regression (iterative, delta-reg=0.001)...
Solving ridge regression (iterative, delta-reg=0.001)...
Solving ridge regression (iterative, delta-reg=0.001)...
Solving ridge regression (iterative, delta-reg=0.001)...
Solving ridge regression (iterative, delta-reg=0.001)...
Solving ridge regression (iterative, delta-reg=0.001)...
Solving ridge regression (iterative, delta-reg=0.001)...
Solving ridge regression (iterative, delta-reg=0.001)...
Solving ridge regression (iterative, delta-reg=0.001)...
Solving ridge regression (iterative, delta-reg=0.001)...
Solving ridge regression (iterative, delta-reg=0.001)...
Solving ridge regression (iterative, delta-reg=0.001)...
Solving ridge regression (iterative, delta-reg=0.001)...
Solving ridge regression (iterative, delta-reg=0.001)...
Solving ridge regression (iterative, delta-reg=0.001)...
Solving ridge regression (iterative, delta-reg=0.001)...
Solving ridge regression (iterative, delta-reg=0.001)...
Solving ridge regression (iterative, delta-reg=0.001)...
Solving ridge regression (iterative, delta-reg=0.001)...
Solving ridge regression (iterative, delta-reg=0.001)...
Solving ridge regression (iterative, delta-reg=0.001)...
Solving ridge regression (iterative, delta-reg=0.001)...
Solving ridge regression (iterative, delta-reg=0.001)...
Solving ridge regression (iterative, delta-reg=0.001)...
Solving ridge regression (iterative, delta-reg=0.001)...
Solving ridge regression (iterative, delta-reg=0.001)...
Solving ridge regression (iterative, delta-reg=0.001)...
Solving ridge regression (iterative, delta-reg=0.001)...
Solving ridge regression (iterative, delta-reg=0.001)...
Solving ridge regression (iterative, delta-reg=0.001)...
Solving ridge regression (iterative, delta-reg=0.001)...
Solving ridge regression (iterative, delta-reg=0.001)...
Solving ridge regression (iterative, delta-reg=0.001)...
Solving ridge regression (iterative, delta-reg=0.001)...
Solving ridge regression (iterative, delta-reg=0.001)...
Solving ridge regression (iterative, delta-reg=0.001)...
Solving ridge regression (iterative, delta-reg=0.001)...
Solving ridge regression (iterative, delta-reg=0.001)...
Solving ridge regression (iterative, delta-reg=0.001)...
Solving ridge regression (iterative, delta-reg=0.001)...
Solving ridge regression (iterative, delta-reg=0.001)...
Solving ridge regression (iterative, delta-reg=0.001)...
Solving ridge regression (iterative, delta-reg=0.001)...
Solving ridge regression (iterative, delta-reg=0.001)...
Solving ridge regression (iterative, delta-reg=0.001)...
Solving ridge regression (iterative, delta-reg=0.001)...
Solving ridge regression (iterative, delta-reg=0.001)...
Solving ridge regression (iterative, delta-reg=0.001)...
Solving ridge regression (iterative, delta-reg=0.001)...
[PnC diagnostic | calib] perturbation_scale=50.0
  Uncorrected shift (mean±std, 50 members): 89.9724 ± 5.1741
  Corrected   shift (mean±std, 50 members): 6.1568 ± 0.0814
  Correction reduction: 93.2%
[grid] (6/162) seed0 s1b0 ps50 bf0.2: ok nll=0.1519 (64s) [elapsed 279s]
[grid] (7/162) seed0 s1b0 ps100 bf0.05: cached [elapsed 279s]
Solving ridge regression (iterative, delta-reg=0.001)...
Solving ridge regression (iterative, delta-reg=0.001)...
Solving ridge regression (iterative, delta-reg=0.001)...
Solving ridge regression (iterative, delta-reg=0.001)...
Solving ridge regression (iterative, delta-reg=0.001)...
Solving ridge regression (iterative, delta-reg=0.001)...
Solving ridge regression (iterative, delta-reg=0.001)...
Solving ridge regression (iterative, delta-reg=0.001)...
Solving ridge regression (iterative, delta-reg=0.001)...
Solving ridge regression (iterative, delta-reg=0.001)...
Solving ridge regression (iterative, delta-reg=0.001)...
Solving ridge regression (iterative, delta-reg=0.001)...
Solving ridge regression (iterative, delta-reg=0.001)...
Solving ridge regression (iterative, delta-reg=0.001)...
Solving ridge regression (iterative, delta-reg=0.001)...
Solving ridge regression (iterative, delta-reg=0.001)...
Solving ridge regression (iterative, delta-reg=0.001)...
Solving ridge regression (iterative, delta-reg=0.001)...
Solving ridge regression (iterative, delta-reg=0.001)...
Solving ridge regression (iterative, delta-reg=0.001)...
Solving ridge regression (iterative, delta-reg=0.001)...
Solving ridge regression (iterative, delta-reg=0.001)...
Solving ridge regression (iterative, delta-reg=0.001)...
Solving ridge regression (iterative, delta-reg=0.001)...
Solving ridge regression (iterative, delta-reg=0.001)...
Solving ridge regression (iterative, delta-reg=0.001)...
Solving ridge regression (iterative, delta-reg=0.001)...
Solving ridge regression (iterative, delta-reg=0.001)...
Solving ridge regression (iterative, delta-reg=0.001)...
Solving ridge regression (iterative, delta-reg=0.001)...
Solving ridge regression (iterative, delta-reg=0.001)...
Solving ridge regression (iterative, delta-reg=0.001)...
Solving ridge regression (iterative, delta-reg=0.001)...
Solving ridge regression (iterative, delta-reg=0.001)...
Solving ridge regression (iterative, delta-reg=0.001)...
Solving ridge regression (iterative, delta-reg=0.001)...
Solving ridge regression (iterative, delta-reg=0.001)...
Solving ridge regression (iterative, delta-reg=0.001)...
Solving ridge regression (iterative, delta-reg=0.001)...
Solving ridge regression (iterative, delta-reg=0.001)...
Solving ridge regression (iterative, delta-reg=0.001)...
Solving ridge regression (iterative, delta-reg=0.001)...
Solving ridge regression (iterative, delta-reg=0.001)...
Solving ridge regression (iterative, delta-reg=0.001)...
Solving ridge regression (iterative, delta-reg=0.001)...
Solving ridge regression (iterative, delta-reg=0.001)...
Solving ridge regression (iterative, delta-reg=0.001)...
Solving ridge regression (iterative, delta-reg=0.001)...
Solving ridge regression (iterative, delta-reg=0.001)...
Solving ridge regression (iterative, delta-reg=0.001)...
[PnC diagnostic | calib] perturbation_scale=100.0
  Uncorrected shift (mean±std, 50 members): 196.9788 ± 10.6134
  Corrected   shift (mean±std, 50 members): 6.4940 ± 0.0818
  Correction reduction: 96.7%
[grid] (8/162) seed0 s1b0 ps100 bf0.1: ok nll=0.1565 (61s) [elapsed 340s]
[grid] (9/162) seed0 s1b0 ps100 bf0.2: cached [elapsed 340s]
Solving ridge regression (iterative, delta-reg=0.001)...
Solving ridge regression (iterative, delta-reg=0.001)...
Solving ridge regression (iterative, delta-reg=0.001)...
Solving ridge regression (iterative, delta-reg=0.001)...
Solving ridge regression (iterative, delta-reg=0.001)...
Solving ridge regression (iterative, delta-reg=0.001)...
Solving ridge regression (iterative, delta-reg=0.001)...
Solving ridge regression (iterative, delta-reg=0.001)...
Solving ridge regression (iterative, delta-reg=0.001)...
Solving ridge regression (iterative, delta-reg=0.001)...
Solving ridge regression (iterative, delta-reg=0.001)...
Solving ridge regression (iterative, delta-reg=0.001)...
Solving ridge regression (iterative, delta-reg=0.001)...
Solving ridge regression (iterative, delta-reg=0.001)...
Solving ridge regression (iterative, delta-reg=0.001)...
Solving ridge regression (iterative, delta-reg=0.001)...
Solving ridge regression (iterative, delta-reg=0.001)...
Solving ridge regression (iterative, delta-reg=0.001)...
Solving ridge regression (iterative, delta-reg=0.001)...
Solving ridge regression (iterative, delta-reg=0.001)...
Solving ridge regression (iterative, delta-reg=0.001)...
Solving ridge regression (iterative, delta-reg=0.001)...
Solving ridge regression (iterative, delta-reg=0.001)...
Solving ridge regression (iterative, delta-reg=0.001)...
Solving ridge regression (iterative, delta-reg=0.001)...
Solving ridge regression (iterative, delta-reg=0.001)...
Solving ridge regression (iterative, delta-reg=0.001)...
Solving ridge regression (iterative, delta-reg=0.001)...
Solving ridge regression (iterative, delta-reg=0.001)...
Solving ridge regression (iterative, delta-reg=0.001)...
Solving ridge regression (iterative, delta-reg=0.001)...
Solving ridge regression (iterative, delta-reg=0.001)...
Solving ridge regression (iterative, delta-reg=0.001)...
Solving ridge regression (iterative, delta-reg=0.001)...
Solving ridge regression (iterative, delta-reg=0.001)...
Solving ridge regression (iterative, delta-reg=0.001)...
Solving ridge regression (iterative, delta-reg=0.001)...
Solving ridge regression (iterative, delta-reg=0.001)...
Solving ridge regression (iterative, delta-reg=0.001)...
Solving ridge regression (iterative, delta-reg=0.001)...
Solving ridge regression (iterative, delta-reg=0.001)...
Solving ridge regression (iterative, delta-reg=0.001)...
Solving ridge regression (iterative, delta-reg=0.001)...
Solving ridge regression (iterative, delta-reg=0.001)...
Solving ridge regression (iterative, delta-reg=0.001)...
Solving ridge regression (iterative, delta-reg=0.001)...
Solving ridge regression (iterative, delta-reg=0.001)...
Solving ridge regression (iterative, delta-reg=0.001)...
Solving ridge regression (iterative, delta-reg=0.001)...
Solving ridge regression (iterative, delta-reg=0.001)...
[PnC diagnostic | calib] perturbation_scale=25.0
  Uncorrected shift (mean±std, 50 members): 43.7042 ± 3.0327
  Corrected   shift (mean±std, 50 members): 4.4043 ± 0.0357
  Correction reduction: 89.9%
[grid] (10/162) seed0 s1b1 ps25 bf0.05: ok nll=0.1468 (61s) [elapsed 401s]
Solving ridge regression (iterative, delta-reg=0.001)...
Solving ridge regression (iterative, delta-reg=0.001)...
Solving ridge regression (iterative, delta-reg=0.001)...
Solving ridge regression (iterative, delta-reg=0.001)...
Solving ridge regression (iterative, delta-reg=0.001)...
Solving ridge regression (iterative, delta-reg=0.001)...
Solving ridge regression (iterative, delta-reg=0.001)...
Solving ridge regression (iterative, delta-reg=0.001)...
Solving ridge regression (iterative, delta-reg=0.001)...
Solving ridge regression (iterative, delta-reg=0.001)...
Solving ridge regression (iterative, delta-reg=0.001)...
Solving ridge regression (iterative, delta-reg=0.001)...
Solving ridge regression (iterative, delta-reg=0.001)...
Solving ridge regression (iterative, delta-reg=0.001)...
Solving ridge regression (iterative, delta-reg=0.001)...
Solving ridge regression (iterative, delta-reg=0.001)...
Solving ridge regression (iterative, delta-reg=0.001)...
Solving ridge regression (iterative, delta-reg=0.001)...
Solving ridge regression (iterative, delta-reg=0.001)...
Solving ridge regression (iterative, delta-reg=0.001)...
Solving ridge regression (iterative, delta-reg=0.001)...
Solving ridge regression (iterative, delta-reg=0.001)...
Solving ridge regression (iterative, delta-reg=0.001)...
Solving ridge regression (iterative, delta-reg=0.001)...
Solving ridge regression (iterative, delta-reg=0.001)...
Solving ridge regression (iterative, delta-reg=0.001)...
Solving ridge regression (iterative, delta-reg=0.001)...
Solving ridge regression (iterative, delta-reg=0.001)...
Solving ridge regression (iterative, delta-reg=0.001)...
Solving ridge regression (iterative, delta-reg=0.001)...
Solving ridge regression (iterative, delta-reg=0.001)...
Solving ridge regression (iterative, delta-reg=0.001)...
Solving ridge regression (iterative, delta-reg=0.001)...
Solving ridge regression (iterative, delta-reg=0.001)...
Solving ridge regression (iterative, delta-reg=0.001)...
Solving ridge regression (iterative, delta-reg=0.001)...
Solving ridge regression (iterative, delta-reg=0.001)...
Solving ridge regression (iterative, delta-reg=0.001)...
Solving ridge regression (iterative, delta-reg=0.001)...
Solving ridge regression (iterative, delta-reg=0.001)...
Solving ridge regression (iterative, delta-reg=0.001)...
Solving ridge regression (iterative, delta-reg=0.001)...
Solving ridge regression (iterative, delta-reg=0.001)...
Solving ridge regression (iterative, delta-reg=0.001)...
Solving ridge regression (iterative, delta-reg=0.001)...
Solving ridge regression (iterative, delta-reg=0.001)...
Solving ridge regression (iterative, delta-reg=0.001)...
Solving ridge regression (iterative, delta-reg=0.001)...
Solving ridge regression (iterative, delta-reg=0.001)...
Solving ridge regression (iterative, delta-reg=0.001)...
[PnC diagnostic | calib] perturbation_scale=25.0
  Uncorrected shift (mean±std, 50 members): 43.7042 ± 3.0327
  Corrected   shift (mean±std, 50 members): 4.2424 ± 0.0336
  Correction reduction: 90.3%
[grid] (11/162) seed0 s1b1 ps25 bf0.1: ok nll=0.1471 (61s) [elapsed 462s]
Solving ridge regression (iterative, delta-reg=0.001)...
Solving ridge regression (iterative, delta-reg=0.001)...
Solving ridge regression (iterative, delta-reg=0.001)...
Solving ridge regression (iterative, delta-reg=0.001)...
Solving ridge regression (iterative, delta-reg=0.001)...
Solving ridge regression (iterative, delta-reg=0.001)...
Solving ridge regression (iterative, delta-reg=0.001)...
Solving ridge regression (iterative, delta-reg=0.001)...
Solving ridge regression (iterative, delta-reg=0.001)...
Solving ridge regression (iterative, delta-reg=0.001)...
Solving ridge regression (iterative, delta-reg=0.001)...
Solving ridge regression (iterative, delta-reg=0.001)...
Solving ridge regression (iterative, delta-reg=0.001)...
Solving ridge regression (iterative, delta-reg=0.001)...
Solving ridge regression (iterative, delta-reg=0.001)...
Solving ridge regression (iterative, delta-reg=0.001)...
Solving ridge regression (iterative, delta-reg=0.001)...
Solving ridge regression (iterative, delta-reg=0.001)...
Solving ridge regression (iterative, delta-reg=0.001)...
Solving ridge regression (iterative, delta-reg=0.001)...
Solving ridge regression (iterative, delta-reg=0.001)...
Solving ridge regression (iterative, delta-reg=0.001)...
Solving ridge regression (iterative, delta-reg=0.001)...
Solving ridge regression (iterative, delta-reg=0.001)...
Solving ridge regression (iterative, delta-reg=0.001)...
Solving ridge regression (iterative, delta-reg=0.001)...
Solving ridge regression (iterative, delta-reg=0.001)...
Solving ridge regression (iterative, delta-reg=0.001)...
Solving ridge regression (iterative, delta-reg=0.001)...
Solving ridge regression (iterative, delta-reg=0.001)...
Solving ridge regression (iterative, delta-reg=0.001)...
Solving ridge regression (iterative, delta-reg=0.001)...
Solving ridge regression (iterative, delta-reg=0.001)...
Solving ridge regression (iterative, delta-reg=0.001)...
Solving ridge regression (iterative, delta-reg=0.001)...
Solving ridge regression (iterative, delta-reg=0.001)...
Solving ridge regression (iterative, delta-reg=0.001)...
Solving ridge regression (iterative, delta-reg=0.001)...
Solving ridge regression (iterative, delta-reg=0.001)...
Solving ridge regression (iterative, delta-reg=0.001)...
Solving ridge regression (iterative, delta-reg=0.001)...
Solving ridge regression (iterative, delta-reg=0.001)...
Solving ridge regression (iterative, delta-reg=0.001)...
Solving ridge regression (iterative, delta-reg=0.001)...
Solving ridge regression (iterative, delta-reg=0.001)...
Solving ridge regression (iterative, delta-reg=0.001)...
Solving ridge regression (iterative, delta-reg=0.001)...
Solving ridge regression (iterative, delta-reg=0.001)...
Solving ridge regression (iterative, delta-reg=0.001)...
Solving ridge regression (iterative, delta-reg=0.001)...
[PnC diagnostic | calib] perturbation_scale=25.0
  Uncorrected shift (mean±std, 50 members): 43.7042 ± 3.0327
  Corrected   shift (mean±std, 50 members): 4.1655 ± 0.0302
  Correction reduction: 90.5%
[grid] (12/162) seed0 s1b1 ps25 bf0.2: ok nll=0.1472 (62s) [elapsed 524s]
Solving ridge regression (iterative, delta-reg=0.001)...
Solving ridge regression (iterative, delta-reg=0.001)...
Solving ridge regression (iterative, delta-reg=0.001)...
Solving ridge regression (iterative, delta-reg=0.001)...
Solving ridge regression (iterative, delta-reg=0.001)...
Solving ridge regression (iterative, delta-reg=0.001)...
Solving ridge regression (iterative, delta-reg=0.001)...
Solving ridge regression (iterative, delta-reg=0.001)...
Solving ridge regression (iterative, delta-reg=0.001)...
Solving ridge regression (iterative, delta-reg=0.001)...
Solving ridge regression (iterative, delta-reg=0.001)...
Solving ridge regression (iterative, delta-reg=0.001)...
Solving ridge regression (iterative, delta-reg=0.001)...
Solving ridge regression (iterative, delta-reg=0.001)...
Solving ridge regression (iterative, delta-reg=0.001)...
Solving ridge regression (iterative, delta-reg=0.001)...
Solving ridge regression (iterative, delta-reg=0.001)...
Solving ridge regression (iterative, delta-reg=0.001)...
Solving ridge regression (iterative, delta-reg=0.001)...
Solving ridge regression (iterative, delta-reg=0.001)...
Solving ridge regression (iterative, delta-reg=0.001)...
Solving ridge regression (iterative, delta-reg=0.001)...
Solving ridge regression (iterative, delta-reg=0.001)...
Solving ridge regression (iterative, delta-reg=0.001)...
Solving ridge regression (iterative, delta-reg=0.001)...
Solving ridge regression (iterative, delta-reg=0.001)...
Solving ridge regression (iterative, delta-reg=0.001)...
Solving ridge regression (iterative, delta-reg=0.001)...
Solving ridge regression (iterative, delta-reg=0.001)...
Solving ridge regression (iterative, delta-reg=0.001)...
Solving ridge regression (iterative, delta-reg=0.001)...
Solving ridge regression (iterative, delta-reg=0.001)...
Solving ridge regression (iterative, delta-reg=0.001)...
Solving ridge regression (iterative, delta-reg=0.001)...
Solving ridge regression (iterative, delta-reg=0.001)...
Solving ridge regression (iterative, delta-reg=0.001)...
Solving ridge regression (iterative, delta-reg=0.001)...
Solving ridge regression (iterative, delta-reg=0.001)...
Solving ridge regression (iterative, delta-reg=0.001)...
Solving ridge regression (iterative, delta-reg=0.001)...
Solving ridge regression (iterative, delta-reg=0.001)...
Solving ridge regression (iterative, delta-reg=0.001)...
Solving ridge regression (iterative, delta-reg=0.001)...
Solving ridge regression (iterative, delta-reg=0.001)...
Solving ridge regression (iterative, delta-reg=0.001)...
Solving ridge regression (iterative, delta-reg=0.001)...
Solving ridge regression (iterative, delta-reg=0.001)...
Solving ridge regression (iterative, delta-reg=0.001)...
Solving ridge regression (iterative, delta-reg=0.001)...
Solving ridge regression (iterative, delta-reg=0.001)...
[PnC diagnostic | calib] perturbation_scale=50.0
  Uncorrected shift (mean±std, 50 members): 103.5987 ± 6.7156
  Corrected   shift (mean±std, 50 members): 4.5652 ± 0.0351
  Correction reduction: 95.6%
[grid] (13/162) seed0 s1b1 ps50 bf0.05: ok nll=0.1491 (61s) [elapsed 584s]
Solving ridge regression (iterative, delta-reg=0.001)...
Solving ridge regression (iterative, delta-reg=0.001)...
Solving ridge regression (iterative, delta-reg=0.001)...
Solving ridge regression (iterative, delta-reg=0.001)...
Solving ridge regression (iterative, delta-reg=0.001)...
Solving ridge regression (iterative, delta-reg=0.001)...
Solving ridge regression (iterative, delta-reg=0.001)...
Solving ridge regression (iterative, delta-reg=0.001)...
Solving ridge regression (iterative, delta-reg=0.001)...
Solving ridge regression (iterative, delta-reg=0.001)...
Solving ridge regression (iterative, delta-reg=0.001)...
Solving ridge regression (iterative, delta-reg=0.001)...
Solving ridge regression (iterative, delta-reg=0.001)...
Solving ridge regression (iterative, delta-reg=0.001)...
Solving ridge regression (iterative, delta-reg=0.001)...
Solving ridge regression (iterative, delta-reg=0.001)...
Solving ridge regression (iterative, delta-reg=0.001)...
Solving ridge regression (iterative, delta-reg=0.001)...
Solving ridge regression (iterative, delta-reg=0.001)...
Solving ridge regression (iterative, delta-reg=0.001)...
Solving ridge regression (iterative, delta-reg=0.001)...
Solving ridge regression (iterative, delta-reg=0.001)...
Solving ridge regression (iterative, delta-reg=0.001)...
Solving ridge regression (iterative, delta-reg=0.001)...
Solving ridge regression (iterative, delta-reg=0.001)...
Solving ridge regression (iterative, delta-reg=0.001)...
Solving ridge regression (iterative, delta-reg=0.001)...
Solving ridge regression (iterative, delta-reg=0.001)...
Solving ridge regression (iterative, delta-reg=0.001)...
Solving ridge regression (iterative, delta-reg=0.001)...
Solving ridge regression (iterative, delta-reg=0.001)...
Solving ridge regression (iterative, delta-reg=0.001)...
Solving ridge regression (iterative, delta-reg=0.001)...
Solving ridge regression (iterative, delta-reg=0.001)...
Solving ridge regression (iterative, delta-reg=0.001)...
Solving ridge regression (iterative, delta-reg=0.001)...
Solving ridge regression (iterative, delta-reg=0.001)...
Solving ridge regression (iterative, delta-reg=0.001)...
Solving ridge regression (iterative, delta-reg=0.001)...
Solving ridge regression (iterative, delta-reg=0.001)...
Solving ridge regression (iterative, delta-reg=0.001)...
Solving ridge regression (iterative, delta-reg=0.001)...
Solving ridge regression (iterative, delta-reg=0.001)...
Solving ridge regression (iterative, delta-reg=0.001)...
Solving ridge regression (iterative, delta-reg=0.001)...
Solving ridge regression (iterative, delta-reg=0.001)...
Solving ridge regression (iterative, delta-reg=0.001)...
Solving ridge regression (iterative, delta-reg=0.001)...
Solving ridge regression (iterative, delta-reg=0.001)...
Solving ridge regression (iterative, delta-reg=0.001)...
[PnC diagnostic | calib] perturbation_scale=50.0
  Uncorrected shift (mean±std, 50 members): 103.5987 ± 6.7156
  Corrected   shift (mean±std, 50 members): 4.3971 ± 0.0334
  Correction reduction: 95.8%
[grid] (14/162) seed0 s1b1 ps50 bf0.1: ok nll=0.1495 (61s) [elapsed 645s]
Solving ridge regression (iterative, delta-reg=0.001)...
Solving ridge regression (iterative, delta-reg=0.001)...
Solving ridge regression (iterative, delta-reg=0.001)...
Solving ridge regression (iterative, delta-reg=0.001)...
Solving ridge regression (iterative, delta-reg=0.001)...
Solving ridge regression (iterative, delta-reg=0.001)...
Solving ridge regression (iterative, delta-reg=0.001)...
Solving ridge regression (iterative, delta-reg=0.001)...
Solving ridge regression (iterative, delta-reg=0.001)...
Solving ridge regression (iterative, delta-reg=0.001)...
Solving ridge regression (iterative, delta-reg=0.001)...
Solving ridge regression (iterative, delta-reg=0.001)...
Solving ridge regression (iterative, delta-reg=0.001)...
Solving ridge regression (iterative, delta-reg=0.001)...
Solving ridge regression (iterative, delta-reg=0.001)...
Solving ridge regression (iterative, delta-reg=0.001)...
Solving ridge regression (iterative, delta-reg=0.001)...
Solving ridge regression (iterative, delta-reg=0.001)...
Solving ridge regression (iterative, delta-reg=0.001)...
Solving ridge regression (iterative, delta-reg=0.001)...
Solving ridge regression (iterative, delta-reg=0.001)...
Solving ridge regression (iterative, delta-reg=0.001)...
Solving ridge regression (iterative, delta-reg=0.001)...
Solving ridge regression (iterative, delta-reg=0.001)...
Solving ridge regression (iterative, delta-reg=0.001)...
Solving ridge regression (iterative, delta-reg=0.001)...
Solving ridge regression (iterative, delta-reg=0.001)...
Solving ridge regression (iterative, delta-reg=0.001)...
Solving ridge regression (iterative, delta-reg=0.001)...
Solving ridge regression (iterative, delta-reg=0.001)...
Solving ridge regression (iterative, delta-reg=0.001)...
Solving ridge regression (iterative, delta-reg=0.001)...
Solving ridge regression (iterative, delta-reg=0.001)...
Solving ridge regression (iterative, delta-reg=0.001)...
Solving ridge regression (iterative, delta-reg=0.001)...
Solving ridge regression (iterative, delta-reg=0.001)...
Solving ridge regression (iterative, delta-reg=0.001)...
Solving ridge regression (iterative, delta-reg=0.001)...
Solving ridge regression (iterative, delta-reg=0.001)...
Solving ridge regression (iterative, delta-reg=0.001)...
Solving ridge regression (iterative, delta-reg=0.001)...
Solving ridge regression (iterative, delta-reg=0.001)...
Solving ridge regression (iterative, delta-reg=0.001)...
Solving ridge regression (iterative, delta-reg=0.001)...
Solving ridge regression (iterative, delta-reg=0.001)...
Solving ridge regression (iterative, delta-reg=0.001)...
Solving ridge regression (iterative, delta-reg=0.001)...
Solving ridge regression (iterative, delta-reg=0.001)...
Solving ridge regression (iterative, delta-reg=0.001)...
Solving ridge regression (iterative, delta-reg=0.001)...
[PnC diagnostic | calib] perturbation_scale=50.0
  Uncorrected shift (mean±std, 50 members): 103.5987 ± 6.7156
  Corrected   shift (mean±std, 50 members): 4.3172 ± 0.0302
  Correction reduction: 95.8%
[grid] (15/162) seed0 s1b1 ps50 bf0.2: ok nll=0.1494 (62s) [elapsed 707s]
Solving ridge regression (iterative, delta-reg=0.001)...
Solving ridge regression (iterative, delta-reg=0.001)...
Solving ridge regression (iterative, delta-reg=0.001)...
Solving ridge regression (iterative, delta-reg=0.001)...
Solving ridge regression (iterative, delta-reg=0.001)...
Solving ridge regression (iterative, delta-reg=0.001)...
Solving ridge regression (iterative, delta-reg=0.001)...
Solving ridge regression (iterative, delta-reg=0.001)...
Solving ridge regression (iterative, delta-reg=0.001)...
Solving ridge regression (iterative, delta-reg=0.001)...
Solving ridge regression (iterative, delta-reg=0.001)...
Solving ridge regression (iterative, delta-reg=0.001)...
Solving ridge regression (iterative, delta-reg=0.001)...
Solving ridge regression (iterative, delta-reg=0.001)...
Solving ridge regression (iterative, delta-reg=0.001)...
Solving ridge regression (iterative, delta-reg=0.001)...
Solving ridge regression (iterative, delta-reg=0.001)...
Solving ridge regression (iterative, delta-reg=0.001)...
Solving ridge regression (iterative, delta-reg=0.001)...
Solving ridge regression (iterative, delta-reg=0.001)...
Solving ridge regression (iterative, delta-reg=0.001)...
Solving ridge regression (iterative, delta-reg=0.001)...
Solving ridge regression (iterative, delta-reg=0.001)...
Solving ridge regression (iterative, delta-reg=0.001)...
Solving ridge regression (iterative, delta-reg=0.001)...
Solving ridge regression (iterative, delta-reg=0.001)...
Solving ridge regression (iterative, delta-reg=0.001)...
Solving ridge regression (iterative, delta-reg=0.001)...
Solving ridge regression (iterative, delta-reg=0.001)...
Solving ridge regression (iterative, delta-reg=0.001)...
Solving ridge regression (iterative, delta-reg=0.001)...
Solving ridge regression (iterative, delta-reg=0.001)...
Solving ridge regression (iterative, delta-reg=0.001)...
Solving ridge regression (iterative, delta-reg=0.001)...
Solving ridge regression (iterative, delta-reg=0.001)...
Solving ridge regression (iterative, delta-reg=0.001)...
Solving ridge regression (iterative, delta-reg=0.001)...
Solving ridge regression (iterative, delta-reg=0.001)...
Solving ridge regression (iterative, delta-reg=0.001)...
Solving ridge regression (iterative, delta-reg=0.001)...
Solving ridge regression (iterative, delta-reg=0.001)...
Solving ridge regression (iterative, delta-reg=0.001)...
Solving ridge regression (iterative, delta-reg=0.001)...
Solving ridge regression (iterative, delta-reg=0.001)...
Solving ridge regression (iterative, delta-reg=0.001)...
Solving ridge regression (iterative, delta-reg=0.001)...
Solving ridge regression (iterative, delta-reg=0.001)...
Solving ridge regression (iterative, delta-reg=0.001)...
Solving ridge regression (iterative, delta-reg=0.001)...
Solving ridge regression (iterative, delta-reg=0.001)...
[PnC diagnostic | calib] perturbation_scale=100.0
  Uncorrected shift (mean±std, 50 members): 226.8263 ± 14.1087
  Corrected   shift (mean±std, 50 members): 4.5889 ± 0.0339
  Correction reduction: 98.0%
[grid] (16/162) seed0 s1b1 ps100 bf0.05: ok nll=0.1495 (60s) [elapsed 768s]
Solving ridge regression (iterative, delta-reg=0.001)...
Solving ridge regression (iterative, delta-reg=0.001)...
Solving ridge regression (iterative, delta-reg=0.001)...
Solving ridge regression (iterative, delta-reg=0.001)...
Solving ridge regression (iterative, delta-reg=0.001)...
Solving ridge regression (iterative, delta-reg=0.001)...
Solving ridge regression (iterative, delta-reg=0.001)...
Solving ridge regression (iterative, delta-reg=0.001)...
Solving ridge regression (iterative, delta-reg=0.001)...
Solving ridge regression (iterative, delta-reg=0.001)...
Solving ridge regression (iterative, delta-reg=0.001)...
Solving ridge regression (iterative, delta-reg=0.001)...
Solving ridge regression (iterative, delta-reg=0.001)...
Solving ridge regression (iterative, delta-reg=0.001)...
Solving ridge regression (iterative, delta-reg=0.001)...
Solving ridge regression (iterative, delta-reg=0.001)...
Solving ridge regression (iterative, delta-reg=0.001)...
Solving ridge regression (iterative, delta-reg=0.001)...
Solving ridge regression (iterative, delta-reg=0.001)...
Solving ridge regression (iterative, delta-reg=0.001)...
Solving ridge regression (iterative, delta-reg=0.001)...
Solving ridge regression (iterative, delta-reg=0.001)...
Solving ridge regression (iterative, delta-reg=0.001)...
Solving ridge regression (iterative, delta-reg=0.001)...
Solving ridge regression (iterative, delta-reg=0.001)...
Solving ridge regression (iterative, delta-reg=0.001)...
Solving ridge regression (iterative, delta-reg=0.001)...
Solving ridge regression (iterative, delta-reg=0.001)...
Solving ridge regression (iterative, delta-reg=0.001)...
Solving ridge regression (iterative, delta-reg=0.001)...
Solving ridge regression (iterative, delta-reg=0.001)...
Solving ridge regression (iterative, delta-reg=0.001)...
Solving ridge regression (iterative, delta-reg=0.001)...
Solving ridge regression (iterative, delta-reg=0.001)...
Solving ridge regression (iterative, delta-reg=0.001)...
Solving ridge regression (iterative, delta-reg=0.001)...
Solving ridge regression (iterative, delta-reg=0.001)...
Solving ridge regression (iterative, delta-reg=0.001)...
Solving ridge regression (iterative, delta-reg=0.001)...
Solving ridge regression (iterative, delta-reg=0.001)...
Solving ridge regression (iterative, delta-reg=0.001)...
Solving ridge regression (iterative, delta-reg=0.001)...
Solving ridge regression (iterative, delta-reg=0.001)...
Solving ridge regression (iterative, delta-reg=0.001)...
Solving ridge regression (iterative, delta-reg=0.001)...
Solving ridge regression (iterative, delta-reg=0.001)...
Solving ridge regression (iterative, delta-reg=0.001)...
Solving ridge regression (iterative, delta-reg=0.001)...
Solving ridge regression (iterative, delta-reg=0.001)...
Solving ridge regression (iterative, delta-reg=0.001)...
[PnC diagnostic | calib] perturbation_scale=100.0
  Uncorrected shift (mean±std, 50 members): 226.8263 ± 14.1087
  Corrected   shift (mean±std, 50 members): 4.4197 ± 0.0322
  Correction reduction: 98.1%
[grid] (17/162) seed0 s1b1 ps100 bf0.1: ok nll=0.1499 (61s) [elapsed 829s]
Solving ridge regression (iterative, delta-reg=0.001)...
Solving ridge regression (iterative, delta-reg=0.001)...
Solving ridge regression (iterative, delta-reg=0.001)...
Solving ridge regression (iterative, delta-reg=0.001)...
Solving ridge regression (iterative, delta-reg=0.001)...
Solving ridge regression (iterative, delta-reg=0.001)...
Solving ridge regression (iterative, delta-reg=0.001)...
Solving ridge regression (iterative, delta-reg=0.001)...
Solving ridge regression (iterative, delta-reg=0.001)...
Solving ridge regression (iterative, delta-reg=0.001)...
Solving ridge regression (iterative, delta-reg=0.001)...
Solving ridge regression (iterative, delta-reg=0.001)...
Solving ridge regression (iterative, delta-reg=0.001)...
Solving ridge regression (iterative, delta-reg=0.001)...
Solving ridge regression (iterative, delta-reg=0.001)...
Solving ridge regression (iterative, delta-reg=0.001)...
Solving ridge regression (iterative, delta-reg=0.001)...
Solving ridge regression (iterative, delta-reg=0.001)...
Solving ridge regression (iterative, delta-reg=0.001)...
Solving ridge regression (iterative, delta-reg=0.001)...
Solving ridge regression (iterative, delta-reg=0.001)...
Solving ridge regression (iterative, delta-reg=0.001)...
Solving ridge regression (iterative, delta-reg=0.001)...
Solving ridge regression (iterative, delta-reg=0.001)...
Solving ridge regression (iterative, delta-reg=0.001)...
Solving ridge regression (iterative, delta-reg=0.001)...
Solving ridge regression (iterative, delta-reg=0.001)...
Solving ridge regression (iterative, delta-reg=0.001)...
Solving ridge regression (iterative, delta-reg=0.001)...
Solving ridge regression (iterative, delta-reg=0.001)...
Solving ridge regression (iterative, delta-reg=0.001)...
Solving ridge regression (iterative, delta-reg=0.001)...
Solving ridge regression (iterative, delta-reg=0.001)...
Solving ridge regression (iterative, delta-reg=0.001)...
Solving ridge regression (iterative, delta-reg=0.001)...
Solving ridge regression (iterative, delta-reg=0.001)...
Solving ridge regression (iterative, delta-reg=0.001)...
Solving ridge regression (iterative, delta-reg=0.001)...
Solving ridge regression (iterative, delta-reg=0.001)...
Solving ridge regression (iterative, delta-reg=0.001)...
Solving ridge regression (iterative, delta-reg=0.001)...
Solving ridge regression (iterative, delta-reg=0.001)...
Solving ridge regression (iterative, delta-reg=0.001)...
Solving ridge regression (iterative, delta-reg=0.001)...
Solving ridge regression (iterative, delta-reg=0.001)...
Solving ridge regression (iterative, delta-reg=0.001)...
Solving ridge regression (iterative, delta-reg=0.001)...
Solving ridge regression (iterative, delta-reg=0.001)...
Solving ridge regression (iterative, delta-reg=0.001)...
Solving ridge regression (iterative, delta-reg=0.001)...
[PnC diagnostic | calib] perturbation_scale=100.0
  Uncorrected shift (mean±std, 50 members): 226.8263 ± 14.1087
  Corrected   shift (mean±std, 50 members): 4.3392 ± 0.0293
  Correction reduction: 98.1%
[grid] (18/162) seed0 s1b1 ps100 bf0.2: ok nll=0.1499 (62s) [elapsed 891s]
Solving ridge regression (iterative, delta-reg=0.001)...
Solving ridge regression (iterative, delta-reg=0.001)...
Solving ridge regression (iterative, delta-reg=0.001)...
Solving ridge regression (iterative, delta-reg=0.001)...
Solving ridge regression (iterative, delta-reg=0.001)...
Solving ridge regression (iterative, delta-reg=0.001)...
Solving ridge regression (iterative, delta-reg=0.001)...
Solving ridge regression (iterative, delta-reg=0.001)...
Solving ridge regression (iterative, delta-reg=0.001)...
Solving ridge regression (iterative, delta-reg=0.001)...
Solving ridge regression (iterative, delta-reg=0.001)...
Solving ridge regression (iterative, delta-reg=0.001)...
Solving ridge regression (iterative, delta-reg=0.001)...
Solving ridge regression (iterative, delta-reg=0.001)...
Solving ridge regression (iterative, delta-reg=0.001)...
Solving ridge regression (iterative, delta-reg=0.001)...
Solving ridge regression (iterative, delta-reg=0.001)...
Solving ridge regression (iterative, delta-reg=0.001)...
Solving ridge regression (iterative, delta-reg=0.001)...
Solving ridge regression (iterative, delta-reg=0.001)...
Solving ridge regression (iterative, delta-reg=0.001)...
Solving ridge regression (iterative, delta-reg=0.001)...
Solving ridge regression (iterative, delta-reg=0.001)...
Solving ridge regression (iterative, delta-reg=0.001)...
Solving ridge regression (iterative, delta-reg=0.001)...
Solving ridge regression (iterative, delta-reg=0.001)...
Solving ridge regression (iterative, delta-reg=0.001)...
Solving ridge regression (iterative, delta-reg=0.001)...
Solving ridge regression (iterative, delta-reg=0.001)...
Solving ridge regression (iterative, delta-reg=0.001)...
Solving ridge regression (iterative, delta-reg=0.001)...
Solving ridge regression (iterative, delta-reg=0.001)...
Solving ridge regression (iterative, delta-reg=0.001)...
Solving ridge regression (iterative, delta-reg=0.001)...
Solving ridge regression (iterative, delta-reg=0.001)...
Solving ridge regression (iterative, delta-reg=0.001)...
Solving ridge regression (iterative, delta-reg=0.001)...
Solving ridge regression (iterative, delta-reg=0.001)...
Solving ridge regression (iterative, delta-reg=0.001)...
Solving ridge regression (iterative, delta-reg=0.001)...
Solving ridge regression (iterative, delta-reg=0.001)...
Solving ridge regression (iterative, delta-reg=0.001)...
Solving ridge regression (iterative, delta-reg=0.001)...
Solving ridge regression (iterative, delta-reg=0.001)...
Solving ridge regression (iterative, delta-reg=0.001)...
Solving ridge regression (iterative, delta-reg=0.001)...
Solving ridge regression (iterative, delta-reg=0.001)...
Solving ridge regression (iterative, delta-reg=0.001)...
Solving ridge regression (iterative, delta-reg=0.001)...
Solving ridge regression (iterative, delta-reg=0.001)...
[PnC diagnostic | calib] perturbation_scale=25.0
  Uncorrected shift (mean±std, 50 members): 16.0210 ± 0.7950
  Corrected   shift (mean±std, 50 members): 5.7049 ± 0.1713
  Correction reduction: 64.4%
[grid] (19/162) seed0 s2b0 ps25 bf0.05: ok nll=0.1638 (65s) [elapsed 955s]
Solving ridge regression (iterative, delta-reg=0.001)...
Solving ridge regression (iterative, delta-reg=0.001)...
Solving ridge regression (iterative, delta-reg=0.001)...
Solving ridge regression (iterative, delta-reg=0.001)...
Solving ridge regression (iterative, delta-reg=0.001)...
Solving ridge regression (iterative, delta-reg=0.001)...
Solving ridge regression (iterative, delta-reg=0.001)...
Solving ridge regression (iterative, delta-reg=0.001)...
Solving ridge regression (iterative, delta-reg=0.001)...
Solving ridge regression (iterative, delta-reg=0.001)...
Solving ridge regression (iterative, delta-reg=0.001)...
Solving ridge regression (iterative, delta-reg=0.001)...
Solving ridge regression (iterative, delta-reg=0.001)...
Solving ridge regression (iterative, delta-reg=0.001)...
Solving ridge regression (iterative, delta-reg=0.001)...
Solving ridge regression (iterative, delta-reg=0.001)...
Solving ridge regression (iterative, delta-reg=0.001)...
Solving ridge regression (iterative, delta-reg=0.001)...
Solving ridge regression (iterative, delta-reg=0.001)...
Solving ridge regression (iterative, delta-reg=0.001)...
Solving ridge regression (iterative, delta-reg=0.001)...
Solving ridge regression (iterative, delta-reg=0.001)...
Solving ridge regression (iterative, delta-reg=0.001)...
Solving ridge regression (iterative, delta-reg=0.001)...
Solving ridge regression (iterative, delta-reg=0.001)...
Solving ridge regression (iterative, delta-reg=0.001)...
Solving ridge regression (iterative, delta-reg=0.001)...
Solving ridge regression (iterative, delta-reg=0.001)...
Solving ridge regression (iterative, delta-reg=0.001)...
Solving ridge regression (iterative, delta-reg=0.001)...
Solving ridge regression (iterative, delta-reg=0.001)...
Solving ridge regression (iterative, delta-reg=0.001)...
Solving ridge regression (iterative, delta-reg=0.001)...
Solving ridge regression (iterative, delta-reg=0.001)...
Solving ridge regression (iterative, delta-reg=0.001)...
Solving ridge regression (iterative, delta-reg=0.001)...
Solving ridge regression (iterative, delta-reg=0.001)...
Solving ridge regression (iterative, delta-reg=0.001)...
Solving ridge regression (iterative, delta-reg=0.001)...
Solving ridge regression (iterative, delta-reg=0.001)...
Solving ridge regression (iterative, delta-reg=0.001)...
Solving ridge regression (iterative, delta-reg=0.001)...
Solving ridge regression (iterative, delta-reg=0.001)...
Solving ridge regression (iterative, delta-reg=0.001)...
Solving ridge regression (iterative, delta-reg=0.001)...
Solving ridge regression (iterative, delta-reg=0.001)...
Solving ridge regression (iterative, delta-reg=0.001)...
Solving ridge regression (iterative, delta-reg=0.001)...
Solving ridge regression (iterative, delta-reg=0.001)...
Solving ridge regression (iterative, delta-reg=0.001)...
[PnC diagnostic | calib] perturbation_scale=25.0
  Uncorrected shift (mean±std, 50 members): 16.0210 ± 0.7950
  Corrected   shift (mean±std, 50 members): 3.7119 ± 0.0381
  Correction reduction: 76.8%
[grid] (20/162) seed0 s2b0 ps25 bf0.1: ok nll=0.1402 (61s) [elapsed 1016s]
Solving ridge regression (iterative, delta-reg=0.001)...
Solving ridge regression (iterative, delta-reg=0.001)...
Solving ridge regression (iterative, delta-reg=0.001)...
Solving ridge regression (iterative, delta-reg=0.001)...
Solving ridge regression (iterative, delta-reg=0.001)...
Solving ridge regression (iterative, delta-reg=0.001)...
Solving ridge regression (iterative, delta-reg=0.001)...
Solving ridge regression (iterative, delta-reg=0.001)...
Solving ridge regression (iterative, delta-reg=0.001)...
Solving ridge regression (iterative, delta-reg=0.001)...
Solving ridge regression (iterative, delta-reg=0.001)...
Solving ridge regression (iterative, delta-reg=0.001)...
Solving ridge regression (iterative, delta-reg=0.001)...
Solving ridge regression (iterative, delta-reg=0.001)...
Solving ridge regression (iterative, delta-reg=0.001)...
Solving ridge regression (iterative, delta-reg=0.001)...
Solving ridge regression (iterative, delta-reg=0.001)...
Solving ridge regression (iterative, delta-reg=0.001)...
Solving ridge regression (iterative, delta-reg=0.001)...
Solving ridge regression (iterative, delta-reg=0.001)...
Solving ridge regression (iterative, delta-reg=0.001)...
Solving ridge regression (iterative, delta-reg=0.001)...
Solving ridge regression (iterative, delta-reg=0.001)...
Solving ridge regression (iterative, delta-reg=0.001)...
Solving ridge regression (iterative, delta-reg=0.001)...
Solving ridge regression (iterative, delta-reg=0.001)...
Solving ridge regression (iterative, delta-reg=0.001)...
Solving ridge regression (iterative, delta-reg=0.001)...
Solving ridge regression (iterative, delta-reg=0.001)...
Solving ridge regression (iterative, delta-reg=0.001)...
Solving ridge regression (iterative, delta-reg=0.001)...
Solving ridge regression (iterative, delta-reg=0.001)...
Solving ridge regression (iterative, delta-reg=0.001)...
Solving ridge regression (iterative, delta-reg=0.001)...
Solving ridge regression (iterative, delta-reg=0.001)...
Solving ridge regression (iterative, delta-reg=0.001)...
Solving ridge regression (iterative, delta-reg=0.001)...
Solving ridge regression (iterative, delta-reg=0.001)...
Solving ridge regression (iterative, delta-reg=0.001)...
Solving ridge regression (iterative, delta-reg=0.001)...
Solving ridge regression (iterative, delta-reg=0.001)...
Solving ridge regression (iterative, delta-reg=0.001)...
Solving ridge regression (iterative, delta-reg=0.001)...
Solving ridge regression (iterative, delta-reg=0.001)...
Solving ridge regression (iterative, delta-reg=0.001)...
Solving ridge regression (iterative, delta-reg=0.001)...
Solving ridge regression (iterative, delta-reg=0.001)...
Solving ridge regression (iterative, delta-reg=0.001)...
Solving ridge regression (iterative, delta-reg=0.001)...
Solving ridge regression (iterative, delta-reg=0.001)...
[PnC diagnostic | calib] perturbation_scale=25.0
  Uncorrected shift (mean±std, 50 members): 16.0210 ± 0.7950
  Corrected   shift (mean±std, 50 members): 3.2204 ± 0.0230
  Correction reduction: 79.9%
[grid] (21/162) seed0 s2b0 ps25 bf0.2: ok nll=0.1402 (62s) [elapsed 1078s]
Solving ridge regression (iterative, delta-reg=0.001)...
Solving ridge regression (iterative, delta-reg=0.001)...
Solving ridge regression (iterative, delta-reg=0.001)...
Solving ridge regression (iterative, delta-reg=0.001)...
Solving ridge regression (iterative, delta-reg=0.001)...
Solving ridge regression (iterative, delta-reg=0.001)...
Solving ridge regression (iterative, delta-reg=0.001)...
Solving ridge regression (iterative, delta-reg=0.001)...
Solving ridge regression (iterative, delta-reg=0.001)...
Solving ridge regression (iterative, delta-reg=0.001)...
Solving ridge regression (iterative, delta-reg=0.001)...
Solving ridge regression (iterative, delta-reg=0.001)...
Solving ridge regression (iterative, delta-reg=0.001)...
Solving ridge regression (iterative, delta-reg=0.001)...
Solving ridge regression (iterative, delta-reg=0.001)...
Solving ridge regression (iterative, delta-reg=0.001)...
Solving ridge regression (iterative, delta-reg=0.001)...
Solving ridge regression (iterative, delta-reg=0.001)...
Solving ridge regression (iterative, delta-reg=0.001)...
Solving ridge regression (iterative, delta-reg=0.001)...
Solving ridge regression (iterative, delta-reg=0.001)...
Solving ridge regression (iterative, delta-reg=0.001)...
Solving ridge regression (iterative, delta-reg=0.001)...
Solving ridge regression (iterative, delta-reg=0.001)...
Solving ridge regression (iterative, delta-reg=0.001)...
Solving ridge regression (iterative, delta-reg=0.001)...
Solving ridge regression (iterative, delta-reg=0.001)...
Solving ridge regression (iterative, delta-reg=0.001)...
Solving ridge regression (iterative, delta-reg=0.001)...
Solving ridge regression (iterative, delta-reg=0.001)...
Solving ridge regression (iterative, delta-reg=0.001)...
Solving ridge regression (iterative, delta-reg=0.001)...
Solving ridge regression (iterative, delta-reg=0.001)...
Solving ridge regression (iterative, delta-reg=0.001)...
Solving ridge regression (iterative, delta-reg=0.001)...
Solving ridge regression (iterative, delta-reg=0.001)...
Solving ridge regression (iterative, delta-reg=0.001)...
Solving ridge regression (iterative, delta-reg=0.001)...
Solving ridge regression (iterative, delta-reg=0.001)...
Solving ridge regression (iterative, delta-reg=0.001)...
Solving ridge regression (iterative, delta-reg=0.001)...
Solving ridge regression (iterative, delta-reg=0.001)...
Solving ridge regression (iterative, delta-reg=0.001)...
Solving ridge regression (iterative, delta-reg=0.001)...
Solving ridge regression (iterative, delta-reg=0.001)...
Solving ridge regression (iterative, delta-reg=0.001)...
Solving ridge regression (iterative, delta-reg=0.001)...
Solving ridge regression (iterative, delta-reg=0.001)...
Solving ridge regression (iterative, delta-reg=0.001)...
Solving ridge regression (iterative, delta-reg=0.001)...
[PnC diagnostic | calib] perturbation_scale=50.0
  Uncorrected shift (mean±std, 50 members): 41.9503 ± 1.9063
  Corrected   shift (mean±std, 50 members): 6.3030 ± 0.1830
  Correction reduction: 85.0%
[grid] (22/162) seed0 s2b0 ps50 bf0.05: ok nll=0.2010 (59s) [elapsed 1137s]
Solving ridge regression (iterative, delta-reg=0.001)...
Solving ridge regression (iterative, delta-reg=0.001)...
Solving ridge regression (iterative, delta-reg=0.001)...
Solving ridge regression (iterative, delta-reg=0.001)...
Solving ridge regression (iterative, delta-reg=0.001)...
Solving ridge regression (iterative, delta-reg=0.001)...
Solving ridge regression (iterative, delta-reg=0.001)...
Solving ridge regression (iterative, delta-reg=0.001)...
Solving ridge regression (iterative, delta-reg=0.001)...
Solving ridge regression (iterative, delta-reg=0.001)...
Solving ridge regression (iterative, delta-reg=0.001)...
Solving ridge regression (iterative, delta-reg=0.001)...
Solving ridge regression (iterative, delta-reg=0.001)...
Solving ridge regression (iterative, delta-reg=0.001)...
Solving ridge regression (iterative, delta-reg=0.001)...
Solving ridge regression (iterative, delta-reg=0.001)...
Solving ridge regression (iterative, delta-reg=0.001)...
Solving ridge regression (iterative, delta-reg=0.001)...
Solving ridge regression (iterative, delta-reg=0.001)...
Solving ridge regression (iterative, delta-reg=0.001)...
Solving ridge regression (iterative, delta-reg=0.001)...
Solving ridge regression (iterative, delta-reg=0.001)...
Solving ridge regression (iterative, delta-reg=0.001)...
Solving ridge regression (iterative, delta-reg=0.001)...
Solving ridge regression (iterative, delta-reg=0.001)...
Solving ridge regression (iterative, delta-reg=0.001)...
Solving ridge regression (iterative, delta-reg=0.001)...
Solving ridge regression (iterative, delta-reg=0.001)...
Solving ridge regression (iterative, delta-reg=0.001)...
Solving ridge regression (iterative, delta-reg=0.001)...
Solving ridge regression (iterative, delta-reg=0.001)...
Solving ridge regression (iterative, delta-reg=0.001)...
Solving ridge regression (iterative, delta-reg=0.001)...
Solving ridge regression (iterative, delta-reg=0.001)...
Solving ridge regression (iterative, delta-reg=0.001)...
Solving ridge regression (iterative, delta-reg=0.001)...
Solving ridge regression (iterative, delta-reg=0.001)...
Solving ridge regression (iterative, delta-reg=0.001)...
Solving ridge regression (iterative, delta-reg=0.001)...
Solving ridge regression (iterative, delta-reg=0.001)...
Solving ridge regression (iterative, delta-reg=0.001)...
Solving ridge regression (iterative, delta-reg=0.001)...
Solving ridge regression (iterative, delta-reg=0.001)...
Solving ridge regression (iterative, delta-reg=0.001)...
Solving ridge regression (iterative, delta-reg=0.001)...
Solving ridge regression (iterative, delta-reg=0.001)...
Solving ridge regression (iterative, delta-reg=0.001)...
Solving ridge regression (iterative, delta-reg=0.001)...
Solving ridge regression (iterative, delta-reg=0.001)...
Solving ridge regression (iterative, delta-reg=0.001)...
[PnC diagnostic | calib] perturbation_scale=50.0
  Uncorrected shift (mean±std, 50 members): 41.9503 ± 1.9063
  Corrected   shift (mean±std, 50 members): 4.1123 ± 0.0444
  Correction reduction: 90.2%
[grid] (23/162) seed0 s2b0 ps50 bf0.1: ok nll=0.1538 (60s) [elapsed 1197s]
Solving ridge regression (iterative, delta-reg=0.001)...
Solving ridge regression (iterative, delta-reg=0.001)...
Solving ridge regression (iterative, delta-reg=0.001)...
Solving ridge regression (iterative, delta-reg=0.001)...
Solving ridge regression (iterative, delta-reg=0.001)...
Solving ridge regression (iterative, delta-reg=0.001)...
Solving ridge regression (iterative, delta-reg=0.001)...
Solving ridge regression (iterative, delta-reg=0.001)...
Solving ridge regression (iterative, delta-reg=0.001)...
Solving ridge regression (iterative, delta-reg=0.001)...
Solving ridge regression (iterative, delta-reg=0.001)...
Solving ridge regression (iterative, delta-reg=0.001)...
Solving ridge regression (iterative, delta-reg=0.001)...
Solving ridge regression (iterative, delta-reg=0.001)...
Solving ridge regression (iterative, delta-reg=0.001)...
Solving ridge regression (iterative, delta-reg=0.001)...
Solving ridge regression (iterative, delta-reg=0.001)...
Solving ridge regression (iterative, delta-reg=0.001)...
Solving ridge regression (iterative, delta-reg=0.001)...
Solving ridge regression (iterative, delta-reg=0.001)...
Solving ridge regression (iterative, delta-reg=0.001)...
Solving ridge regression (iterative, delta-reg=0.001)...
Solving ridge regression (iterative, delta-reg=0.001)...
Solving ridge regression (iterative, delta-reg=0.001)...
Solving ridge regression (iterative, delta-reg=0.001)...
Solving ridge regression (iterative, delta-reg=0.001)...
Solving ridge regression (iterative, delta-reg=0.001)...
Solving ridge regression (iterative, delta-reg=0.001)...
Solving ridge regression (iterative, delta-reg=0.001)...
Solving ridge regression (iterative, delta-reg=0.001)...
Solving ridge regression (iterative, delta-reg=0.001)...
Solving ridge regression (iterative, delta-reg=0.001)...
Solving ridge regression (iterative, delta-reg=0.001)...
Solving ridge regression (iterative, delta-reg=0.001)...
Solving ridge regression (iterative, delta-reg=0.001)...
Solving ridge regression (iterative, delta-reg=0.001)...
Solving ridge regression (iterative, delta-reg=0.001)...
Solving ridge regression (iterative, delta-reg=0.001)...
Solving ridge regression (iterative, delta-reg=0.001)...
Solving ridge regression (iterative, delta-reg=0.001)...
Solving ridge regression (iterative, delta-reg=0.001)...
Solving ridge regression (iterative, delta-reg=0.001)...
Solving ridge regression (iterative, delta-reg=0.001)...
Solving ridge regression (iterative, delta-reg=0.001)...
Solving ridge regression (iterative, delta-reg=0.001)...
Solving ridge regression (iterative, delta-reg=0.001)...
Solving ridge regression (iterative, delta-reg=0.001)...
Solving ridge regression (iterative, delta-reg=0.001)...
Solving ridge regression (iterative, delta-reg=0.001)...
Solving ridge regression (iterative, delta-reg=0.001)...
[PnC diagnostic | calib] perturbation_scale=50.0
  Uncorrected shift (mean±std, 50 members): 41.9503 ± 1.9063
  Corrected   shift (mean±std, 50 members): 3.5704 ± 0.0265
  Correction reduction: 91.5%
[grid] (24/162) seed0 s2b0 ps50 bf0.2: ok nll=0.1518 (61s) [elapsed 1258s]
Solving ridge regression (iterative, delta-reg=0.001)...
Solving ridge regression (iterative, delta-reg=0.001)...
Solving ridge regression (iterative, delta-reg=0.001)...
Solving ridge regression (iterative, delta-reg=0.001)...
Solving ridge regression (iterative, delta-reg=0.001)...
Solving ridge regression (iterative, delta-reg=0.001)...
Solving ridge regression (iterative, delta-reg=0.001)...
Solving ridge regression (iterative, delta-reg=0.001)...
Solving ridge regression (iterative, delta-reg=0.001)...
Solving ridge regression (iterative, delta-reg=0.001)...
Solving ridge regression (iterative, delta-reg=0.001)...
Solving ridge regression (iterative, delta-reg=0.001)...
Solving ridge regression (iterative, delta-reg=0.001)...
Solving ridge regression (iterative, delta-reg=0.001)...
Solving ridge regression (iterative, delta-reg=0.001)...
Solving ridge regression (iterative, delta-reg=0.001)...
Solving ridge regression (iterative, delta-reg=0.001)...
Solving ridge regression (iterative, delta-reg=0.001)...
Solving ridge regression (iterative, delta-reg=0.001)...
Solving ridge regression (iterative, delta-reg=0.001)...
Solving ridge regression (iterative, delta-reg=0.001)...
Solving ridge regression (iterative, delta-reg=0.001)...
Solving ridge regression (iterative, delta-reg=0.001)...
Solving ridge regression (iterative, delta-reg=0.001)...
Solving ridge regression (iterative, delta-reg=0.001)...
Solving ridge regression (iterative, delta-reg=0.001)...
Solving ridge regression (iterative, delta-reg=0.001)...
Solving ridge regression (iterative, delta-reg=0.001)...
Solving ridge regression (iterative, delta-reg=0.001)...
Solving ridge regression (iterative, delta-reg=0.001)...
Solving ridge regression (iterative, delta-reg=0.001)...
Solving ridge regression (iterative, delta-reg=0.001)...
Solving ridge regression (iterative, delta-reg=0.001)...
Solving ridge regression (iterative, delta-reg=0.001)...
Solving ridge regression (iterative, delta-reg=0.001)...
Solving ridge regression (iterative, delta-reg=0.001)...
Solving ridge regression (iterative, delta-reg=0.001)...
Solving ridge regression (iterative, delta-reg=0.001)...
Solving ridge regression (iterative, delta-reg=0.001)...
Solving ridge regression (iterative, delta-reg=0.001)...
Solving ridge regression (iterative, delta-reg=0.001)...
Solving ridge regression (iterative, delta-reg=0.001)...
Solving ridge regression (iterative, delta-reg=0.001)...
Solving ridge regression (iterative, delta-reg=0.001)...
Solving ridge regression (iterative, delta-reg=0.001)...
Solving ridge regression (iterative, delta-reg=0.001)...
Solving ridge regression (iterative, delta-reg=0.001)...
Solving ridge regression (iterative, delta-reg=0.001)...
Solving ridge regression (iterative, delta-reg=0.001)...
Solving ridge regression (iterative, delta-reg=0.001)...
[PnC diagnostic | calib] perturbation_scale=100.0
  Uncorrected shift (mean±std, 50 members): 97.8540 ± 4.1605
  Corrected   shift (mean±std, 50 members): 6.4191 ± 0.1905
  Correction reduction: 93.4%
[grid] (25/162) seed0 s2b0 ps100 bf0.05: ok nll=0.2121 (60s) [elapsed 1318s]
Solving ridge regression (iterative, delta-reg=0.001)...
Solving ridge regression (iterative, delta-reg=0.001)...
Solving ridge regression (iterative, delta-reg=0.001)...
Solving ridge regression (iterative, delta-reg=0.001)...
Solving ridge regression (iterative, delta-reg=0.001)...
Solving ridge regression (iterative, delta-reg=0.001)...
Solving ridge regression (iterative, delta-reg=0.001)...
Solving ridge regression (iterative, delta-reg=0.001)...
Solving ridge regression (iterative, delta-reg=0.001)...
Solving ridge regression (iterative, delta-reg=0.001)...
Solving ridge regression (iterative, delta-reg=0.001)...
Solving ridge regression (iterative, delta-reg=0.001)...
Solving ridge regression (iterative, delta-reg=0.001)...
Solving ridge regression (iterative, delta-reg=0.001)...
Solving ridge regression (iterative, delta-reg=0.001)...
Solving ridge regression (iterative, delta-reg=0.001)...
Solving ridge regression (iterative, delta-reg=0.001)...
Solving ridge regression (iterative, delta-reg=0.001)...
Solving ridge regression (iterative, delta-reg=0.001)...
Solving ridge regression (iterative, delta-reg=0.001)...
Solving ridge regression (iterative, delta-reg=0.001)...
Solving ridge regression (iterative, delta-reg=0.001)...
Solving ridge regression (iterative, delta-reg=0.001)...
Solving ridge regression (iterative, delta-reg=0.001)...
Solving ridge regression (iterative, delta-reg=0.001)...
Solving ridge regression (iterative, delta-reg=0.001)...
Solving ridge regression (iterative, delta-reg=0.001)...
Solving ridge regression (iterative, delta-reg=0.001)...
Solving ridge regression (iterative, delta-reg=0.001)...
Solving ridge regression (iterative, delta-reg=0.001)...
Solving ridge regression (iterative, delta-reg=0.001)...
Solving ridge regression (iterative, delta-reg=0.001)...
Solving ridge regression (iterative, delta-reg=0.001)...
Solving ridge regression (iterative, delta-reg=0.001)...
Solving ridge regression (iterative, delta-reg=0.001)...
Solving ridge regression (iterative, delta-reg=0.001)...
Solving ridge regression (iterative, delta-reg=0.001)...
Solving ridge regression (iterative, delta-reg=0.001)...
Solving ridge regression (iterative, delta-reg=0.001)...
Solving ridge regression (iterative, delta-reg=0.001)...
Solving ridge regression (iterative, delta-reg=0.001)...
Solving ridge regression (iterative, delta-reg=0.001)...
Solving ridge regression (iterative, delta-reg=0.001)...
Solving ridge regression (iterative, delta-reg=0.001)...
Solving ridge regression (iterative, delta-reg=0.001)...
Solving ridge regression (iterative, delta-reg=0.001)...
Solving ridge regression (iterative, delta-reg=0.001)...
Solving ridge regression (iterative, delta-reg=0.001)...
Solving ridge regression (iterative, delta-reg=0.001)...
Solving ridge regression (iterative, delta-reg=0.001)...
[PnC diagnostic | calib] perturbation_scale=100.0
  Uncorrected shift (mean±std, 50 members): 97.8540 ± 4.1605
  Corrected   shift (mean±std, 50 members): 4.1902 ± 0.0466
  Correction reduction: 95.7%
[grid] (26/162) seed0 s2b0 ps100 bf0.1: ok nll=0.1576 (60s) [elapsed 1378s]
Solving ridge regression (iterative, delta-reg=0.001)...
Solving ridge regression (iterative, delta-reg=0.001)...
Solving ridge regression (iterative, delta-reg=0.001)...
Solving ridge regression (iterative, delta-reg=0.001)...
Solving ridge regression (iterative, delta-reg=0.001)...
Solving ridge regression (iterative, delta-reg=0.001)...
Solving ridge regression (iterative, delta-reg=0.001)...
Solving ridge regression (iterative, delta-reg=0.001)...
Solving ridge regression (iterative, delta-reg=0.001)...
Solving ridge regression (iterative, delta-reg=0.001)...
Solving ridge regression (iterative, delta-reg=0.001)...
Solving ridge regression (iterative, delta-reg=0.001)...
Solving ridge regression (iterative, delta-reg=0.001)...
Solving ridge regression (iterative, delta-reg=0.001)...
Solving ridge regression (iterative, delta-reg=0.001)...
Solving ridge regression (iterative, delta-reg=0.001)...
Solving ridge regression (iterative, delta-reg=0.001)...
Solving ridge regression (iterative, delta-reg=0.001)...
Solving ridge regression (iterative, delta-reg=0.001)...
Solving ridge regression (iterative, delta-reg=0.001)...
Solving ridge regression (iterative, delta-reg=0.001)...
Solving ridge regression (iterative, delta-reg=0.001)...
Solving ridge regression (iterative, delta-reg=0.001)...
Solving ridge regression (iterative, delta-reg=0.001)...
Solving ridge regression (iterative, delta-reg=0.001)...
Solving ridge regression (iterative, delta-reg=0.001)...
Solving ridge regression (iterative, delta-reg=0.001)...
Solving ridge regression (iterative, delta-reg=0.001)...
Solving ridge regression (iterative, delta-reg=0.001)...
Solving ridge regression (iterative, delta-reg=0.001)...
Solving ridge regression (iterative, delta-reg=0.001)...
Solving ridge regression (iterative, delta-reg=0.001)...
Solving ridge regression (iterative, delta-reg=0.001)...
Solving ridge regression (iterative, delta-reg=0.001)...
Solving ridge regression (iterative, delta-reg=0.001)...
Solving ridge regression (iterative, delta-reg=0.001)...
Solving ridge regression (iterative, delta-reg=0.001)...
Solving ridge regression (iterative, delta-reg=0.001)...
Solving ridge regression (iterative, delta-reg=0.001)...
Solving ridge regression (iterative, delta-reg=0.001)...
Solving ridge regression (iterative, delta-reg=0.001)...
Solving ridge regression (iterative, delta-reg=0.001)...
Solving ridge regression (iterative, delta-reg=0.001)...
Solving ridge regression (iterative, delta-reg=0.001)...
Solving ridge regression (iterative, delta-reg=0.001)...
Solving ridge regression (iterative, delta-reg=0.001)...
Solving ridge regression (iterative, delta-reg=0.001)...
Solving ridge regression (iterative, delta-reg=0.001)...
Solving ridge regression (iterative, delta-reg=0.001)...
Solving ridge regression (iterative, delta-reg=0.001)...
[PnC diagnostic | calib] perturbation_scale=100.0
  Uncorrected shift (mean±std, 50 members): 97.8540 ± 4.1605
  Corrected   shift (mean±std, 50 members): 3.6386 ± 0.0272
  Correction reduction: 96.3%
[grid] (27/162) seed0 s2b0 ps100 bf0.2: ok nll=0.1553 (61s) [elapsed 1438s]
Solving ridge regression (iterative, delta-reg=0.001)...
Solving ridge regression (iterative, delta-reg=0.001)...
Solving ridge regression (iterative, delta-reg=0.001)...
Solving ridge regression (iterative, delta-reg=0.001)...
Solving ridge regression (iterative, delta-reg=0.001)...
Solving ridge regression (iterative, delta-reg=0.001)...
Solving ridge regression (iterative, delta-reg=0.001)...
Solving ridge regression (iterative, delta-reg=0.001)...
Solving ridge regression (iterative, delta-reg=0.001)...
Solving ridge regression (iterative, delta-reg=0.001)...
Solving ridge regression (iterative, delta-reg=0.001)...
Solving ridge regression (iterative, delta-reg=0.001)...
Solving ridge regression (iterative, delta-reg=0.001)...
Solving ridge regression (iterative, delta-reg=0.001)...
Solving ridge regression (iterative, delta-reg=0.001)...
Solving ridge regression (iterative, delta-reg=0.001)...
Solving ridge regression (iterative, delta-reg=0.001)...
Solving ridge regression (iterative, delta-reg=0.001)...
Solving ridge regression (iterative, delta-reg=0.001)...
Solving ridge regression (iterative, delta-reg=0.001)...
Solving ridge regression (iterative, delta-reg=0.001)...
Solving ridge regression (iterative, delta-reg=0.001)...
Solving ridge regression (iterative, delta-reg=0.001)...
Solving ridge regression (iterative, delta-reg=0.001)...
Solving ridge regression (iterative, delta-reg=0.001)...
Solving ridge regression (iterative, delta-reg=0.001)...
Solving ridge regression (iterative, delta-reg=0.001)...
Solving ridge regression (iterative, delta-reg=0.001)...
Solving ridge regression (iterative, delta-reg=0.001)...
Solving ridge regression (iterative, delta-reg=0.001)...
Solving ridge regression (iterative, delta-reg=0.001)...
Solving ridge regression (iterative, delta-reg=0.001)...
Solving ridge regression (iterative, delta-reg=0.001)...
Solving ridge regression (iterative, delta-reg=0.001)...
Solving ridge regression (iterative, delta-reg=0.001)...
Solving ridge regression (iterative, delta-reg=0.001)...
Solving ridge regression (iterative, delta-reg=0.001)...
Solving ridge regression (iterative, delta-reg=0.001)...
Solving ridge regression (iterative, delta-reg=0.001)...
Solving ridge regression (iterative, delta-reg=0.001)...
Solving ridge regression (iterative, delta-reg=0.001)...
Solving ridge regression (iterative, delta-reg=0.001)...
Solving ridge regression (iterative, delta-reg=0.001)...
Solving ridge regression (iterative, delta-reg=0.001)...
Solving ridge regression (iterative, delta-reg=0.001)...
Solving ridge regression (iterative, delta-reg=0.001)...
Solving ridge regression (iterative, delta-reg=0.001)...
Solving ridge regression (iterative, delta-reg=0.001)...
Solving ridge regression (iterative, delta-reg=0.001)...
Solving ridge regression (iterative, delta-reg=0.001)...
[PnC diagnostic | calib] perturbation_scale=25.0
  Uncorrected shift (mean±std, 50 members): 20.9104 ± 0.8240
  Corrected   shift (mean±std, 50 members): 4.5861 ± 0.1324
  Correction reduction: 78.1%
[grid] (28/162) seed0 s2b1 ps25 bf0.05: ok nll=0.1439 (61s) [elapsed 1499s]
Solving ridge regression (iterative, delta-reg=0.001)...
Solving ridge regression (iterative, delta-reg=0.001)...
Solving ridge regression (iterative, delta-reg=0.001)...
Solving ridge regression (iterative, delta-reg=0.001)...
Solving ridge regression (iterative, delta-reg=0.001)...
Solving ridge regression (iterative, delta-reg=0.001)...
Solving ridge regression (iterative, delta-reg=0.001)...
Solving ridge regression (iterative, delta-reg=0.001)...
Solving ridge regression (iterative, delta-reg=0.001)...
Solving ridge regression (iterative, delta-reg=0.001)...
Solving ridge regression (iterative, delta-reg=0.001)...
Solving ridge regression (iterative, delta-reg=0.001)...
Solving ridge regression (iterative, delta-reg=0.001)...
Solving ridge regression (iterative, delta-reg=0.001)...
Solving ridge regression (iterative, delta-reg=0.001)...
Solving ridge regression (iterative, delta-reg=0.001)...
Solving ridge regression (iterative, delta-reg=0.001)...
Solving ridge regression (iterative, delta-reg=0.001)...
Solving ridge regression (iterative, delta-reg=0.001)...
Solving ridge regression (iterative, delta-reg=0.001)...
Solving ridge regression (iterative, delta-reg=0.001)...
Solving ridge regression (iterative, delta-reg=0.001)...
Solving ridge regression (iterative, delta-reg=0.001)...
Solving ridge regression (iterative, delta-reg=0.001)...
Solving ridge regression (iterative, delta-reg=0.001)...
Solving ridge regression (iterative, delta-reg=0.001)...
Solving ridge regression (iterative, delta-reg=0.001)...
Solving ridge regression (iterative, delta-reg=0.001)...
Solving ridge regression (iterative, delta-reg=0.001)...
Solving ridge regression (iterative, delta-reg=0.001)...
Solving ridge regression (iterative, delta-reg=0.001)...
Solving ridge regression (iterative, delta-reg=0.001)...
Solving ridge regression (iterative, delta-reg=0.001)...
Solving ridge regression (iterative, delta-reg=0.001)...
Solving ridge regression (iterative, delta-reg=0.001)...
Solving ridge regression (iterative, delta-reg=0.001)...
Solving ridge regression (iterative, delta-reg=0.001)...
Solving ridge regression (iterative, delta-reg=0.001)...
Solving ridge regression (iterative, delta-reg=0.001)...
Solving ridge regression (iterative, delta-reg=0.001)...
Solving ridge regression (iterative, delta-reg=0.001)...
Solving ridge regression (iterative, delta-reg=0.001)...
Solving ridge regression (iterative, delta-reg=0.001)...
Solving ridge regression (iterative, delta-reg=0.001)...
Solving ridge regression (iterative, delta-reg=0.001)...
Solving ridge regression (iterative, delta-reg=0.001)...
Solving ridge regression (iterative, delta-reg=0.001)...
Solving ridge regression (iterative, delta-reg=0.001)...
Solving ridge regression (iterative, delta-reg=0.001)...
Solving ridge regression (iterative, delta-reg=0.001)...
[PnC diagnostic | calib] perturbation_scale=25.0
  Uncorrected shift (mean±std, 50 members): 20.9104 ± 0.8240
  Corrected   shift (mean±std, 50 members): 3.0587 ± 0.0290
  Correction reduction: 85.4%
[grid] (29/162) seed0 s2b1 ps25 bf0.1: ok nll=0.1490 (60s) [elapsed 1559s]
Solving ridge regression (iterative, delta-reg=0.001)...
Solving ridge regression (iterative, delta-reg=0.001)...
Solving ridge regression (iterative, delta-reg=0.001)...
Solving ridge regression (iterative, delta-reg=0.001)...
Solving ridge regression (iterative, delta-reg=0.001)...
Solving ridge regression (iterative, delta-reg=0.001)...
Solving ridge regression (iterative, delta-reg=0.001)...
Solving ridge regression (iterative, delta-reg=0.001)...
Solving ridge regression (iterative, delta-reg=0.001)...
Solving ridge regression (iterative, delta-reg=0.001)...
Solving ridge regression (iterative, delta-reg=0.001)...
Solving ridge regression (iterative, delta-reg=0.001)...
Solving ridge regression (iterative, delta-reg=0.001)...
Solving ridge regression (iterative, delta-reg=0.001)...
Solving ridge regression (iterative, delta-reg=0.001)...
Solving ridge regression (iterative, delta-reg=0.001)...
Solving ridge regression (iterative, delta-reg=0.001)...
Solving ridge regression (iterative, delta-reg=0.001)...
Solving ridge regression (iterative, delta-reg=0.001)...
Solving ridge regression (iterative, delta-reg=0.001)...
Solving ridge regression (iterative, delta-reg=0.001)...
Solving ridge regression (iterative, delta-reg=0.001)...
Solving ridge regression (iterative, delta-reg=0.001)...
Solving ridge regression (iterative, delta-reg=0.001)...
Solving ridge regression (iterative, delta-reg=0.001)...
Solving ridge regression (iterative, delta-reg=0.001)...
Solving ridge regression (iterative, delta-reg=0.001)...
Solving ridge regression (iterative, delta-reg=0.001)...
Solving ridge regression (iterative, delta-reg=0.001)...
Solving ridge regression (iterative, delta-reg=0.001)...
Solving ridge regression (iterative, delta-reg=0.001)...
Solving ridge regression (iterative, delta-reg=0.001)...
Solving ridge regression (iterative, delta-reg=0.001)...
Solving ridge regression (iterative, delta-reg=0.001)...
Solving ridge regression (iterative, delta-reg=0.001)...
Solving ridge regression (iterative, delta-reg=0.001)...
Solving ridge regression (iterative, delta-reg=0.001)...
Solving ridge regression (iterative, delta-reg=0.001)...
Solving ridge regression (iterative, delta-reg=0.001)...
Solving ridge regression (iterative, delta-reg=0.001)...
Solving ridge regression (iterative, delta-reg=0.001)...
Solving ridge regression (iterative, delta-reg=0.001)...
Solving ridge regression (iterative, delta-reg=0.001)...
Solving ridge regression (iterative, delta-reg=0.001)...
Solving ridge regression (iterative, delta-reg=0.001)...
Solving ridge regression (iterative, delta-reg=0.001)...
Solving ridge regression (iterative, delta-reg=0.001)...
Solving ridge regression (iterative, delta-reg=0.001)...
Solving ridge regression (iterative, delta-reg=0.001)...
Solving ridge regression (iterative, delta-reg=0.001)...
[PnC diagnostic | calib] perturbation_scale=25.0
  Uncorrected shift (mean±std, 50 members): 20.9104 ± 0.8240
  Corrected   shift (mean±std, 50 members): 2.6373 ± 0.0171
  Correction reduction: 87.4%
[grid] (30/162) seed0 s2b1 ps25 bf0.2: ok nll=0.1504 (62s) [elapsed 1621s]
Solving ridge regression (iterative, delta-reg=0.001)...
Solving ridge regression (iterative, delta-reg=0.001)...
Solving ridge regression (iterative, delta-reg=0.001)...
Solving ridge regression (iterative, delta-reg=0.001)...
Solving ridge regression (iterative, delta-reg=0.001)...
Solving ridge regression (iterative, delta-reg=0.001)...
Solving ridge regression (iterative, delta-reg=0.001)...
Solving ridge regression (iterative, delta-reg=0.001)...
Solving ridge regression (iterative, delta-reg=0.001)...
Solving ridge regression (iterative, delta-reg=0.001)...
Solving ridge regression (iterative, delta-reg=0.001)...
Solving ridge regression (iterative, delta-reg=0.001)...
Solving ridge regression (iterative, delta-reg=0.001)...
Solving ridge regression (iterative, delta-reg=0.001)...
Solving ridge regression (iterative, delta-reg=0.001)...
Solving ridge regression (iterative, delta-reg=0.001)...
Solving ridge regression (iterative, delta-reg=0.001)...
Solving ridge regression (iterative, delta-reg=0.001)...
Solving ridge regression (iterative, delta-reg=0.001)...
Solving ridge regression (iterative, delta-reg=0.001)...
Solving ridge regression (iterative, delta-reg=0.001)...
Solving ridge regression (iterative, delta-reg=0.001)...
Solving ridge regression (iterative, delta-reg=0.001)...
Solving ridge regression (iterative, delta-reg=0.001)...
Solving ridge regression (iterative, delta-reg=0.001)...
Solving ridge regression (iterative, delta-reg=0.001)...
Solving ridge regression (iterative, delta-reg=0.001)...
Solving ridge regression (iterative, delta-reg=0.001)...
Solving ridge regression (iterative, delta-reg=0.001)...
Solving ridge regression (iterative, delta-reg=0.001)...
Solving ridge regression (iterative, delta-reg=0.001)...
Solving ridge regression (iterative, delta-reg=0.001)...
Solving ridge regression (iterative, delta-reg=0.001)...
Solving ridge regression (iterative, delta-reg=0.001)...
Solving ridge regression (iterative, delta-reg=0.001)...
Solving ridge regression (iterative, delta-reg=0.001)...
Solving ridge regression (iterative, delta-reg=0.001)...
Solving ridge regression (iterative, delta-reg=0.001)...
Solving ridge regression (iterative, delta-reg=0.001)...
Solving ridge regression (iterative, delta-reg=0.001)...
Solving ridge regression (iterative, delta-reg=0.001)...
Solving ridge regression (iterative, delta-reg=0.001)...
Solving ridge regression (iterative, delta-reg=0.001)...
Solving ridge regression (iterative, delta-reg=0.001)...
Solving ridge regression (iterative, delta-reg=0.001)...
Solving ridge regression (iterative, delta-reg=0.001)...
Solving ridge regression (iterative, delta-reg=0.001)...
Solving ridge regression (iterative, delta-reg=0.001)...
Solving ridge regression (iterative, delta-reg=0.001)...
Solving ridge regression (iterative, delta-reg=0.001)...
[PnC diagnostic | calib] perturbation_scale=50.0
  Uncorrected shift (mean±std, 50 members): 55.2081 ± 1.9065
  Corrected   shift (mean±std, 50 members): 4.9897 ± 0.1412
  Correction reduction: 91.0%
[grid] (31/162) seed0 s2b1 ps50 bf0.05: ok nll=0.1532 (60s) [elapsed 1682s]
Solving ridge regression (iterative, delta-reg=0.001)...
Solving ridge regression (iterative, delta-reg=0.001)...
Solving ridge regression (iterative, delta-reg=0.001)...
Solving ridge regression (iterative, delta-reg=0.001)...
Solving ridge regression (iterative, delta-reg=0.001)...
Solving ridge regression (iterative, delta-reg=0.001)...
Solving ridge regression (iterative, delta-reg=0.001)...
Solving ridge regression (iterative, delta-reg=0.001)...
Solving ridge regression (iterative, delta-reg=0.001)...
Solving ridge regression (iterative, delta-reg=0.001)...
Solving ridge regression (iterative, delta-reg=0.001)...
Solving ridge regression (iterative, delta-reg=0.001)...
Solving ridge regression (iterative, delta-reg=0.001)...
Solving ridge regression (iterative, delta-reg=0.001)...
Solving ridge regression (iterative, delta-reg=0.001)...
Solving ridge regression (iterative, delta-reg=0.001)...
Solving ridge regression (iterative, delta-reg=0.001)...
Solving ridge regression (iterative, delta-reg=0.001)...
Solving ridge regression (iterative, delta-reg=0.001)...
Solving ridge regression (iterative, delta-reg=0.001)...
Solving ridge regression (iterative, delta-reg=0.001)...
Solving ridge regression (iterative, delta-reg=0.001)...
Solving ridge regression (iterative, delta-reg=0.001)...
Solving ridge regression (iterative, delta-reg=0.001)...
Solving ridge regression (iterative, delta-reg=0.001)...
Solving ridge regression (iterative, delta-reg=0.001)...
Solving ridge regression (iterative, delta-reg=0.001)...
Solving ridge regression (iterative, delta-reg=0.001)...
Solving ridge regression (iterative, delta-reg=0.001)...
Solving ridge regression (iterative, delta-reg=0.001)...
Solving ridge regression (iterative, delta-reg=0.001)...
Solving ridge regression (iterative, delta-reg=0.001)...
Solving ridge regression (iterative, delta-reg=0.001)...
Solving ridge regression (iterative, delta-reg=0.001)...
Solving ridge regression (iterative, delta-reg=0.001)...
Solving ridge regression (iterative, delta-reg=0.001)...
Solving ridge regression (iterative, delta-reg=0.001)...
Solving ridge regression (iterative, delta-reg=0.001)...
Solving ridge regression (iterative, delta-reg=0.001)...
Solving ridge regression (iterative, delta-reg=0.001)...
Solving ridge regression (iterative, delta-reg=0.001)...
Solving ridge regression (iterative, delta-reg=0.001)...
Solving ridge regression (iterative, delta-reg=0.001)...
Solving ridge regression (iterative, delta-reg=0.001)...
Solving ridge regression (iterative, delta-reg=0.001)...
Solving ridge regression (iterative, delta-reg=0.001)...
Solving ridge regression (iterative, delta-reg=0.001)...
Solving ridge regression (iterative, delta-reg=0.001)...
Solving ridge regression (iterative, delta-reg=0.001)...
Solving ridge regression (iterative, delta-reg=0.001)...
[PnC diagnostic | calib] perturbation_scale=50.0
  Uncorrected shift (mean±std, 50 members): 55.2081 ± 1.9065
  Corrected   shift (mean±std, 50 members): 3.3325 ± 0.0324
  Correction reduction: 94.0%
[grid] (32/162) seed0 s2b1 ps50 bf0.1: ok nll=0.1584 (60s) [elapsed 1742s]
Solving ridge regression (iterative, delta-reg=0.001)...
Solving ridge regression (iterative, delta-reg=0.001)...
Solving ridge regression (iterative, delta-reg=0.001)...
Solving ridge regression (iterative, delta-reg=0.001)...
Solving ridge regression (iterative, delta-reg=0.001)...
Solving ridge regression (iterative, delta-reg=0.001)...
Solving ridge regression (iterative, delta-reg=0.001)...
Solving ridge regression (iterative, delta-reg=0.001)...
Solving ridge regression (iterative, delta-reg=0.001)...
Solving ridge regression (iterative, delta-reg=0.001)...
Solving ridge regression (iterative, delta-reg=0.001)...
Solving ridge regression (iterative, delta-reg=0.001)...
Solving ridge regression (iterative, delta-reg=0.001)...
Solving ridge regression (iterative, delta-reg=0.001)...
Solving ridge regression (iterative, delta-reg=0.001)...
Solving ridge regression (iterative, delta-reg=0.001)...
Solving ridge regression (iterative, delta-reg=0.001)...
Solving ridge regression (iterative, delta-reg=0.001)...
Solving ridge regression (iterative, delta-reg=0.001)...
Solving ridge regression (iterative, delta-reg=0.001)...
Solving ridge regression (iterative, delta-reg=0.001)...
Solving ridge regression (iterative, delta-reg=0.001)...
Solving ridge regression (iterative, delta-reg=0.001)...
Solving ridge regression (iterative, delta-reg=0.001)...
Solving ridge regression (iterative, delta-reg=0.001)...
Solving ridge regression (iterative, delta-reg=0.001)...
Solving ridge regression (iterative, delta-reg=0.001)...
Solving ridge regression (iterative, delta-reg=0.001)...
Solving ridge regression (iterative, delta-reg=0.001)...
Solving ridge regression (iterative, delta-reg=0.001)...
Solving ridge regression (iterative, delta-reg=0.001)...
Solving ridge regression (iterative, delta-reg=0.001)...
Solving ridge regression (iterative, delta-reg=0.001)...
Solving ridge regression (iterative, delta-reg=0.001)...
Solving ridge regression (iterative, delta-reg=0.001)...
Solving ridge regression (iterative, delta-reg=0.001)...
Solving ridge regression (iterative, delta-reg=0.001)...
Solving ridge regression (iterative, delta-reg=0.001)...
Solving ridge regression (iterative, delta-reg=0.001)...
Solving ridge regression (iterative, delta-reg=0.001)...
Solving ridge regression (iterative, delta-reg=0.001)...
Solving ridge regression (iterative, delta-reg=0.001)...
Solving ridge regression (iterative, delta-reg=0.001)...
Solving ridge regression (iterative, delta-reg=0.001)...
Solving ridge regression (iterative, delta-reg=0.001)...
Solving ridge regression (iterative, delta-reg=0.001)...
Solving ridge regression (iterative, delta-reg=0.001)...
Solving ridge regression (iterative, delta-reg=0.001)...
Solving ridge regression (iterative, delta-reg=0.001)...
Solving ridge regression (iterative, delta-reg=0.001)...
[PnC diagnostic | calib] perturbation_scale=50.0
  Uncorrected shift (mean±std, 50 members): 55.2081 ± 1.9065
  Corrected   shift (mean±std, 50 members): 2.8763 ± 0.0184
  Correction reduction: 94.8%
[grid] (33/162) seed0 s2b1 ps50 bf0.2: ok nll=0.1603 (61s) [elapsed 1803s]
Solving ridge regression (iterative, delta-reg=0.001)...
Solving ridge regression (iterative, delta-reg=0.001)...
Solving ridge regression (iterative, delta-reg=0.001)...
Solving ridge regression (iterative, delta-reg=0.001)...
Solving ridge regression (iterative, delta-reg=0.001)...
Solving ridge regression (iterative, delta-reg=0.001)...
Solving ridge regression (iterative, delta-reg=0.001)...
Solving ridge regression (iterative, delta-reg=0.001)...
Solving ridge regression (iterative, delta-reg=0.001)...
Solving ridge regression (iterative, delta-reg=0.001)...
Solving ridge regression (iterative, delta-reg=0.001)...
Solving ridge regression (iterative, delta-reg=0.001)...
Solving ridge regression (iterative, delta-reg=0.001)...
Solving ridge regression (iterative, delta-reg=0.001)...
Solving ridge regression (iterative, delta-reg=0.001)...
Solving ridge regression (iterative, delta-reg=0.001)...
Solving ridge regression (iterative, delta-reg=0.001)...
Solving ridge regression (iterative, delta-reg=0.001)...
Solving ridge regression (iterative, delta-reg=0.001)...
Solving ridge regression (iterative, delta-reg=0.001)...
Solving ridge regression (iterative, delta-reg=0.001)...
Solving ridge regression (iterative, delta-reg=0.001)...
Solving ridge regression (iterative, delta-reg=0.001)...
Solving ridge regression (iterative, delta-reg=0.001)...
Solving ridge regression (iterative, delta-reg=0.001)...
Solving ridge regression (iterative, delta-reg=0.001)...
Solving ridge regression (iterative, delta-reg=0.001)...
Solving ridge regression (iterative, delta-reg=0.001)...
Solving ridge regression (iterative, delta-reg=0.001)...
Solving ridge regression (iterative, delta-reg=0.001)...
Solving ridge regression (iterative, delta-reg=0.001)...
Solving ridge regression (iterative, delta-reg=0.001)...
Solving ridge regression (iterative, delta-reg=0.001)...
Solving ridge regression (iterative, delta-reg=0.001)...
Solving ridge regression (iterative, delta-reg=0.001)...
Solving ridge regression (iterative, delta-reg=0.001)...
Solving ridge regression (iterative, delta-reg=0.001)...
Solving ridge regression (iterative, delta-reg=0.001)...
Solving ridge regression (iterative, delta-reg=0.001)...
Solving ridge regression (iterative, delta-reg=0.001)...
Solving ridge regression (iterative, delta-reg=0.001)...
Solving ridge regression (iterative, delta-reg=0.001)...
Solving ridge regression (iterative, delta-reg=0.001)...
Solving ridge regression (iterative, delta-reg=0.001)...
Solving ridge regression (iterative, delta-reg=0.001)...
Solving ridge regression (iterative, delta-reg=0.001)...
Solving ridge regression (iterative, delta-reg=0.001)...
Solving ridge regression (iterative, delta-reg=0.001)...
Solving ridge regression (iterative, delta-reg=0.001)...
Solving ridge regression (iterative, delta-reg=0.001)...
[PnC diagnostic | calib] perturbation_scale=100.0
  Uncorrected shift (mean±std, 50 members): 128.5042 ± 4.1107
  Corrected   shift (mean±std, 50 members): 5.0796 ± 0.1459
  Correction reduction: 96.0%
[grid] (34/162) seed0 s2b1 ps100 bf0.05: ok nll=0.1550 (60s) [elapsed 1863s]
Solving ridge regression (iterative, delta-reg=0.001)...
Solving ridge regression (iterative, delta-reg=0.001)...
Solving ridge regression (iterative, delta-reg=0.001)...
Solving ridge regression (iterative, delta-reg=0.001)...
Solving ridge regression (iterative, delta-reg=0.001)...
Solving ridge regression (iterative, delta-reg=0.001)...
Solving ridge regression (iterative, delta-reg=0.001)...
Solving ridge regression (iterative, delta-reg=0.001)...
Solving ridge regression (iterative, delta-reg=0.001)...
Solving ridge regression (iterative, delta-reg=0.001)...
Solving ridge regression (iterative, delta-reg=0.001)...
Solving ridge regression (iterative, delta-reg=0.001)...
Solving ridge regression (iterative, delta-reg=0.001)...
Solving ridge regression (iterative, delta-reg=0.001)...
Solving ridge regression (iterative, delta-reg=0.001)...
Solving ridge regression (iterative, delta-reg=0.001)...
Solving ridge regression (iterative, delta-reg=0.001)...
Solving ridge regression (iterative, delta-reg=0.001)...
Solving ridge regression (iterative, delta-reg=0.001)...
Solving ridge regression (iterative, delta-reg=0.001)...
Solving ridge regression (iterative, delta-reg=0.001)...
Solving ridge regression (iterative, delta-reg=0.001)...
Solving ridge regression (iterative, delta-reg=0.001)...
Solving ridge regression (iterative, delta-reg=0.001)...
Solving ridge regression (iterative, delta-reg=0.001)...
Solving ridge regression (iterative, delta-reg=0.001)...
Solving ridge regression (iterative, delta-reg=0.001)...
Solving ridge regression (iterative, delta-reg=0.001)...
Solving ridge regression (iterative, delta-reg=0.001)...
Solving ridge regression (iterative, delta-reg=0.001)...
Solving ridge regression (iterative, delta-reg=0.001)...
Solving ridge regression (iterative, delta-reg=0.001)...
Solving ridge regression (iterative, delta-reg=0.001)...
Solving ridge regression (iterative, delta-reg=0.001)...
Solving ridge regression (iterative, delta-reg=0.001)...
Solving ridge regression (iterative, delta-reg=0.001)...
Solving ridge regression (iterative, delta-reg=0.001)...
Solving ridge regression (iterative, delta-reg=0.001)...
Solving ridge regression (iterative, delta-reg=0.001)...
Solving ridge regression (iterative, delta-reg=0.001)...
Solving ridge regression (iterative, delta-reg=0.001)...
Solving ridge regression (iterative, delta-reg=0.001)...
Solving ridge regression (iterative, delta-reg=0.001)...
Solving ridge regression (iterative, delta-reg=0.001)...
Solving ridge regression (iterative, delta-reg=0.001)...
Solving ridge regression (iterative, delta-reg=0.001)...
Solving ridge regression (iterative, delta-reg=0.001)...
Solving ridge regression (iterative, delta-reg=0.001)...
Solving ridge regression (iterative, delta-reg=0.001)...
Solving ridge regression (iterative, delta-reg=0.001)...
[PnC diagnostic | calib] perturbation_scale=100.0
  Uncorrected shift (mean±std, 50 members): 128.5042 ± 4.1107
  Corrected   shift (mean±std, 50 members): 3.3906 ± 0.0323
  Correction reduction: 97.4%
[grid] (35/162) seed0 s2b1 ps100 bf0.1: ok nll=0.1607 (60s) [elapsed 1924s]
Solving ridge regression (iterative, delta-reg=0.001)...
Solving ridge regression (iterative, delta-reg=0.001)...
Solving ridge regression (iterative, delta-reg=0.001)...
Solving ridge regression (iterative, delta-reg=0.001)...
Solving ridge regression (iterative, delta-reg=0.001)...
Solving ridge regression (iterative, delta-reg=0.001)...
Solving ridge regression (iterative, delta-reg=0.001)...
Solving ridge regression (iterative, delta-reg=0.001)...
Solving ridge regression (iterative, delta-reg=0.001)...
Solving ridge regression (iterative, delta-reg=0.001)...
Solving ridge regression (iterative, delta-reg=0.001)...
Solving ridge regression (iterative, delta-reg=0.001)...
Solving ridge regression (iterative, delta-reg=0.001)...
Solving ridge regression (iterative, delta-reg=0.001)...
Solving ridge regression (iterative, delta-reg=0.001)...
Solving ridge regression (iterative, delta-reg=0.001)...
Solving ridge regression (iterative, delta-reg=0.001)...
Solving ridge regression (iterative, delta-reg=0.001)...
Solving ridge regression (iterative, delta-reg=0.001)...
Solving ridge regression (iterative, delta-reg=0.001)...
Solving ridge regression (iterative, delta-reg=0.001)...
Solving ridge regression (iterative, delta-reg=0.001)...
Solving ridge regression (iterative, delta-reg=0.001)...
Solving ridge regression (iterative, delta-reg=0.001)...
Solving ridge regression (iterative, delta-reg=0.001)...
Solving ridge regression (iterative, delta-reg=0.001)...
Solving ridge regression (iterative, delta-reg=0.001)...
Solving ridge regression (iterative, delta-reg=0.001)...
Solving ridge regression (iterative, delta-reg=0.001)...
Solving ridge regression (iterative, delta-reg=0.001)...
Solving ridge regression (iterative, delta-reg=0.001)...
Solving ridge regression (iterative, delta-reg=0.001)...
Solving ridge regression (iterative, delta-reg=0.001)...
Solving ridge regression (iterative, delta-reg=0.001)...
Solving ridge regression (iterative, delta-reg=0.001)...
Solving ridge regression (iterative, delta-reg=0.001)...
Solving ridge regression (iterative, delta-reg=0.001)...
Solving ridge regression (iterative, delta-reg=0.001)...
Solving ridge regression (iterative, delta-reg=0.001)...
Solving ridge regression (iterative, delta-reg=0.001)...
Solving ridge regression (iterative, delta-reg=0.001)...
Solving ridge regression (iterative, delta-reg=0.001)...
Solving ridge regression (iterative, delta-reg=0.001)...
Solving ridge regression (iterative, delta-reg=0.001)...
Solving ridge regression (iterative, delta-reg=0.001)...
Solving ridge regression (iterative, delta-reg=0.001)...
Solving ridge regression (iterative, delta-reg=0.001)...
Solving ridge regression (iterative, delta-reg=0.001)...
Solving ridge regression (iterative, delta-reg=0.001)...
Solving ridge regression (iterative, delta-reg=0.001)...
[PnC diagnostic | calib] perturbation_scale=100.0
  Uncorrected shift (mean±std, 50 members): 128.5042 ± 4.1107
  Corrected   shift (mean±std, 50 members): 2.9271 ± 0.0180
  Correction reduction: 97.7%
[grid] (36/162) seed0 s2b1 ps100 bf0.2: ok nll=0.1625 (61s) [elapsed 1985s]
Solving ridge regression (iterative, delta-reg=0.001)...
Solving ridge regression (iterative, delta-reg=0.001)...
Solving ridge regression (iterative, delta-reg=0.001)...
Solving ridge regression (iterative, delta-reg=0.001)...
Solving ridge regression (iterative, delta-reg=0.001)...
Solving ridge regression (iterative, delta-reg=0.001)...
Solving ridge regression (iterative, delta-reg=0.001)...
Solving ridge regression (iterative, delta-reg=0.001)...
Solving ridge regression (iterative, delta-reg=0.001)...
Solving ridge regression (iterative, delta-reg=0.001)...
Solving ridge regression (iterative, delta-reg=0.001)...
Solving ridge regression (iterative, delta-reg=0.001)...
Solving ridge regression (iterative, delta-reg=0.001)...
Solving ridge regression (iterative, delta-reg=0.001)...
Solving ridge regression (iterative, delta-reg=0.001)...
Solving ridge regression (iterative, delta-reg=0.001)...
Solving ridge regression (iterative, delta-reg=0.001)...
Solving ridge regression (iterative, delta-reg=0.001)...
Solving ridge regression (iterative, delta-reg=0.001)...
Solving ridge regression (iterative, delta-reg=0.001)...
Solving ridge regression (iterative, delta-reg=0.001)...
Solving ridge regression (iterative, delta-reg=0.001)...
Solving ridge regression (iterative, delta-reg=0.001)...
Solving ridge regression (iterative, delta-reg=0.001)...
Solving ridge regression (iterative, delta-reg=0.001)...
Solving ridge regression (iterative, delta-reg=0.001)...
Solving ridge regression (iterative, delta-reg=0.001)...
Solving ridge regression (iterative, delta-reg=0.001)...
Solving ridge regression (iterative, delta-reg=0.001)...
Solving ridge regression (iterative, delta-reg=0.001)...
Solving ridge regression (iterative, delta-reg=0.001)...
Solving ridge regression (iterative, delta-reg=0.001)...
Solving ridge regression (iterative, delta-reg=0.001)...
Solving ridge regression (iterative, delta-reg=0.001)...
Solving ridge regression (iterative, delta-reg=0.001)...
Solving ridge regression (iterative, delta-reg=0.001)...
Solving ridge regression (iterative, delta-reg=0.001)...
Solving ridge regression (iterative, delta-reg=0.001)...
Solving ridge regression (iterative, delta-reg=0.001)...
Solving ridge regression (iterative, delta-reg=0.001)...
Solving ridge regression (iterative, delta-reg=0.001)...
Solving ridge regression (iterative, delta-reg=0.001)...
Solving ridge regression (iterative, delta-reg=0.001)...
Solving ridge regression (iterative, delta-reg=0.001)...
Solving ridge regression (iterative, delta-reg=0.001)...
Solving ridge regression (iterative, delta-reg=0.001)...
Solving ridge regression (iterative, delta-reg=0.001)...
Solving ridge regression (iterative, delta-reg=0.001)...
Solving ridge regression (iterative, delta-reg=0.001)...
Solving ridge regression (iterative, delta-reg=0.001)...
[PnC diagnostic | calib] perturbation_scale=25.0
  Uncorrected shift (mean±std, 50 members): 4.3515 ± 0.1009
  Corrected   shift (mean±std, 50 members): 1.2591 ± 0.0198
  Correction reduction: 71.1%
[grid] (37/162) seed0 s3b0 ps25 bf0.05: ok nll=0.1249 (51s) [elapsed 2035s]
Solving ridge regression (iterative, delta-reg=0.001)...
Solving ridge regression (iterative, delta-reg=0.001)...
Solving ridge regression (iterative, delta-reg=0.001)...
Solving ridge regression (iterative, delta-reg=0.001)...
Solving ridge regression (iterative, delta-reg=0.001)...
Solving ridge regression (iterative, delta-reg=0.001)...
Solving ridge regression (iterative, delta-reg=0.001)...
Solving ridge regression (iterative, delta-reg=0.001)...
Solving ridge regression (iterative, delta-reg=0.001)...
Solving ridge regression (iterative, delta-reg=0.001)...
Solving ridge regression (iterative, delta-reg=0.001)...
Solving ridge regression (iterative, delta-reg=0.001)...
Solving ridge regression (iterative, delta-reg=0.001)...
Solving ridge regression (iterative, delta-reg=0.001)...
Solving ridge regression (iterative, delta-reg=0.001)...
Solving ridge regression (iterative, delta-reg=0.001)...
Solving ridge regression (iterative, delta-reg=0.001)...
Solving ridge regression (iterative, delta-reg=0.001)...
Solving ridge regression (iterative, delta-reg=0.001)...
Solving ridge regression (iterative, delta-reg=0.001)...
Solving ridge regression (iterative, delta-reg=0.001)...
Solving ridge regression (iterative, delta-reg=0.001)...
Solving ridge regression (iterative, delta-reg=0.001)...
Solving ridge regression (iterative, delta-reg=0.001)...
Solving ridge regression (iterative, delta-reg=0.001)...
Solving ridge regression (iterative, delta-reg=0.001)...
Solving ridge regression (iterative, delta-reg=0.001)...
Solving ridge regression (iterative, delta-reg=0.001)...
Solving ridge regression (iterative, delta-reg=0.001)...
Solving ridge regression (iterative, delta-reg=0.001)...
Solving ridge regression (iterative, delta-reg=0.001)...
Solving ridge regression (iterative, delta-reg=0.001)...
Solving ridge regression (iterative, delta-reg=0.001)...
Solving ridge regression (iterative, delta-reg=0.001)...
Solving ridge regression (iterative, delta-reg=0.001)...
Solving ridge regression (iterative, delta-reg=0.001)...
Solving ridge regression (iterative, delta-reg=0.001)...
Solving ridge regression (iterative, delta-reg=0.001)...
Solving ridge regression (iterative, delta-reg=0.001)...
Solving ridge regression (iterative, delta-reg=0.001)...
Solving ridge regression (iterative, delta-reg=0.001)...
Solving ridge regression (iterative, delta-reg=0.001)...
Solving ridge regression (iterative, delta-reg=0.001)...
Solving ridge regression (iterative, delta-reg=0.001)...
Solving ridge regression (iterative, delta-reg=0.001)...
Solving ridge regression (iterative, delta-reg=0.001)...
Solving ridge regression (iterative, delta-reg=0.001)...
Solving ridge regression (iterative, delta-reg=0.001)...
Solving ridge regression (iterative, delta-reg=0.001)...
Solving ridge regression (iterative, delta-reg=0.001)...
[PnC diagnostic | calib] perturbation_scale=25.0
  Uncorrected shift (mean±std, 50 members): 4.3515 ± 0.1009
  Corrected   shift (mean±std, 50 members): 1.4400 ± 0.1036
  Correction reduction: 66.9%
[grid] (38/162) seed0 s3b0 ps25 bf0.1: ok nll=0.1303 (47s) [elapsed 2082s]
Solving ridge regression (iterative, delta-reg=0.001)...
Solving ridge regression (iterative, delta-reg=0.001)...
Solving ridge regression (iterative, delta-reg=0.001)...
Solving ridge regression (iterative, delta-reg=0.001)...
Solving ridge regression (iterative, delta-reg=0.001)...
Solving ridge regression (iterative, delta-reg=0.001)...
Solving ridge regression (iterative, delta-reg=0.001)...
Solving ridge regression (iterative, delta-reg=0.001)...
Solving ridge regression (iterative, delta-reg=0.001)...
Solving ridge regression (iterative, delta-reg=0.001)...
Solving ridge regression (iterative, delta-reg=0.001)...
Solving ridge regression (iterative, delta-reg=0.001)...
Solving ridge regression (iterative, delta-reg=0.001)...
Solving ridge regression (iterative, delta-reg=0.001)...
Solving ridge regression (iterative, delta-reg=0.001)...
Solving ridge regression (iterative, delta-reg=0.001)...
Solving ridge regression (iterative, delta-reg=0.001)...
Solving ridge regression (iterative, delta-reg=0.001)...
Solving ridge regression (iterative, delta-reg=0.001)...
Solving ridge regression (iterative, delta-reg=0.001)...
Solving ridge regression (iterative, delta-reg=0.001)...
Solving ridge regression (iterative, delta-reg=0.001)...
Solving ridge regression (iterative, delta-reg=0.001)...
Solving ridge regression (iterative, delta-reg=0.001)...
Solving ridge regression (iterative, delta-reg=0.001)...
Solving ridge regression (iterative, delta-reg=0.001)...
Solving ridge regression (iterative, delta-reg=0.001)...
Solving ridge regression (iterative, delta-reg=0.001)...
Solving ridge regression (iterative, delta-reg=0.001)...
Solving ridge regression (iterative, delta-reg=0.001)...
Solving ridge regression (iterative, delta-reg=0.001)...
Solving ridge regression (iterative, delta-reg=0.001)...
Solving ridge regression (iterative, delta-reg=0.001)...
Solving ridge regression (iterative, delta-reg=0.001)...
Solving ridge regression (iterative, delta-reg=0.001)...
Solving ridge regression (iterative, delta-reg=0.001)...
Solving ridge regression (iterative, delta-reg=0.001)...
Solving ridge regression (iterative, delta-reg=0.001)...
Solving ridge regression (iterative, delta-reg=0.001)...
Solving ridge regression (iterative, delta-reg=0.001)...
Solving ridge regression (iterative, delta-reg=0.001)...
Solving ridge regression (iterative, delta-reg=0.001)...
Solving ridge regression (iterative, delta-reg=0.001)...
Solving ridge regression (iterative, delta-reg=0.001)...
Solving ridge regression (iterative, delta-reg=0.001)...
Solving ridge regression (iterative, delta-reg=0.001)...
Solving ridge regression (iterative, delta-reg=0.001)...
Solving ridge regression (iterative, delta-reg=0.001)...
Solving ridge regression (iterative, delta-reg=0.001)...
Solving ridge regression (iterative, delta-reg=0.001)...
[PnC diagnostic | calib] perturbation_scale=25.0
  Uncorrected shift (mean±std, 50 members): 4.3515 ± 0.1009
  Corrected   shift (mean±std, 50 members): 1.6339 ± 0.2152
  Correction reduction: 62.5%
[grid] (39/162) seed0 s3b0 ps25 bf0.2: ok nll=0.1410 (46s) [elapsed 2128s]
Solving ridge regression (iterative, delta-reg=0.001)...
Solving ridge regression (iterative, delta-reg=0.001)...
Solving ridge regression (iterative, delta-reg=0.001)...
Solving ridge regression (iterative, delta-reg=0.001)...
Solving ridge regression (iterative, delta-reg=0.001)...
Solving ridge regression (iterative, delta-reg=0.001)...
Solving ridge regression (iterative, delta-reg=0.001)...
Solving ridge regression (iterative, delta-reg=0.001)...
Solving ridge regression (iterative, delta-reg=0.001)...
Solving ridge regression (iterative, delta-reg=0.001)...
Solving ridge regression (iterative, delta-reg=0.001)...
Solving ridge regression (iterative, delta-reg=0.001)...
Solving ridge regression (iterative, delta-reg=0.001)...
Solving ridge regression (iterative, delta-reg=0.001)...
Solving ridge regression (iterative, delta-reg=0.001)...
Solving ridge regression (iterative, delta-reg=0.001)...
Solving ridge regression (iterative, delta-reg=0.001)...
Solving ridge regression (iterative, delta-reg=0.001)...
Solving ridge regression (iterative, delta-reg=0.001)...
Solving ridge regression (iterative, delta-reg=0.001)...
Solving ridge regression (iterative, delta-reg=0.001)...
Solving ridge regression (iterative, delta-reg=0.001)...
Solving ridge regression (iterative, delta-reg=0.001)...
Solving ridge regression (iterative, delta-reg=0.001)...
Solving ridge regression (iterative, delta-reg=0.001)...
Solving ridge regression (iterative, delta-reg=0.001)...
Solving ridge regression (iterative, delta-reg=0.001)...
Solving ridge regression (iterative, delta-reg=0.001)...
Solving ridge regression (iterative, delta-reg=0.001)...
Solving ridge regression (iterative, delta-reg=0.001)...
Solving ridge regression (iterative, delta-reg=0.001)...
Solving ridge regression (iterative, delta-reg=0.001)...
Solving ridge regression (iterative, delta-reg=0.001)...
Solving ridge regression (iterative, delta-reg=0.001)...
Solving ridge regression (iterative, delta-reg=0.001)...
Solving ridge regression (iterative, delta-reg=0.001)...
Solving ridge regression (iterative, delta-reg=0.001)...
Solving ridge regression (iterative, delta-reg=0.001)...
Solving ridge regression (iterative, delta-reg=0.001)...
Solving ridge regression (iterative, delta-reg=0.001)...
Solving ridge regression (iterative, delta-reg=0.001)...
Solving ridge regression (iterative, delta-reg=0.001)...
Solving ridge regression (iterative, delta-reg=0.001)...
Solving ridge regression (iterative, delta-reg=0.001)...
Solving ridge regression (iterative, delta-reg=0.001)...
Solving ridge regression (iterative, delta-reg=0.001)...
Solving ridge regression (iterative, delta-reg=0.001)...
Solving ridge regression (iterative, delta-reg=0.001)...
Solving ridge regression (iterative, delta-reg=0.001)...
Solving ridge regression (iterative, delta-reg=0.001)...
[PnC diagnostic | calib] perturbation_scale=50.0
  Uncorrected shift (mean±std, 50 members): 12.1477 ± 0.2359
  Corrected   shift (mean±std, 50 members): 4.9962 ± 0.2817
  Correction reduction: 58.9%
[grid] (40/162) seed0 s3b0 ps50 bf0.05: ok nll=1.1694 (44s) [elapsed 2173s]
Solving ridge regression (iterative, delta-reg=0.001)...
Solving ridge regression (iterative, delta-reg=0.001)...
Solving ridge regression (iterative, delta-reg=0.001)...
Solving ridge regression (iterative, delta-reg=0.001)...
Solving ridge regression (iterative, delta-reg=0.001)...
Solving ridge regression (iterative, delta-reg=0.001)...
Solving ridge regression (iterative, delta-reg=0.001)...
Solving ridge regression (iterative, delta-reg=0.001)...
Solving ridge regression (iterative, delta-reg=0.001)...
Solving ridge regression (iterative, delta-reg=0.001)...
Solving ridge regression (iterative, delta-reg=0.001)...
Solving ridge regression (iterative, delta-reg=0.001)...
Solving ridge regression (iterative, delta-reg=0.001)...
Solving ridge regression (iterative, delta-reg=0.001)...
Solving ridge regression (iterative, delta-reg=0.001)...
Solving ridge regression (iterative, delta-reg=0.001)...
Solving ridge regression (iterative, delta-reg=0.001)...
Solving ridge regression (iterative, delta-reg=0.001)...
Solving ridge regression (iterative, delta-reg=0.001)...
Solving ridge regression (iterative, delta-reg=0.001)...
Solving ridge regression (iterative, delta-reg=0.001)...
Solving ridge regression (iterative, delta-reg=0.001)...
Solving ridge regression (iterative, delta-reg=0.001)...
Solving ridge regression (iterative, delta-reg=0.001)...
Solving ridge regression (iterative, delta-reg=0.001)...
Solving ridge regression (iterative, delta-reg=0.001)...
Solving ridge regression (iterative, delta-reg=0.001)...
Solving ridge regression (iterative, delta-reg=0.001)...
Solving ridge regression (iterative, delta-reg=0.001)...
Solving ridge regression (iterative, delta-reg=0.001)...
Solving ridge regression (iterative, delta-reg=0.001)...
Solving ridge regression (iterative, delta-reg=0.001)...
Solving ridge regression (iterative, delta-reg=0.001)...
Solving ridge regression (iterative, delta-reg=0.001)...
Solving ridge regression (iterative, delta-reg=0.001)...
Solving ridge regression (iterative, delta-reg=0.001)...
Solving ridge regression (iterative, delta-reg=0.001)...
Solving ridge regression (iterative, delta-reg=0.001)...
Solving ridge regression (iterative, delta-reg=0.001)...
Solving ridge regression (iterative, delta-reg=0.001)...
Solving ridge regression (iterative, delta-reg=0.001)...
Solving ridge regression (iterative, delta-reg=0.001)...
Solving ridge regression (iterative, delta-reg=0.001)...
Solving ridge regression (iterative, delta-reg=0.001)...
Solving ridge regression (iterative, delta-reg=0.001)...
Solving ridge regression (iterative, delta-reg=0.001)...
Solving ridge regression (iterative, delta-reg=0.001)...
Solving ridge regression (iterative, delta-reg=0.001)...
Solving ridge regression (iterative, delta-reg=0.001)...
Solving ridge regression (iterative, delta-reg=0.001)...
[PnC diagnostic | calib] perturbation_scale=50.0
  Uncorrected shift (mean±std, 50 members): 12.1477 ± 0.2359
  Corrected   shift (mean±std, 50 members): 4.9363 ± 0.1738
  Correction reduction: 59.4%
[grid] (41/162) seed0 s3b0 ps50 bf0.1: ok nll=1.5889 (44s) [elapsed 2217s]
Solving ridge regression (iterative, delta-reg=0.001)...
Solving ridge regression (iterative, delta-reg=0.001)...
Solving ridge regression (iterative, delta-reg=0.001)...
Solving ridge regression (iterative, delta-reg=0.001)...
Solving ridge regression (iterative, delta-reg=0.001)...
Solving ridge regression (iterative, delta-reg=0.001)...
Solving ridge regression (iterative, delta-reg=0.001)...
Solving ridge regression (iterative, delta-reg=0.001)...
Solving ridge regression (iterative, delta-reg=0.001)...
Solving ridge regression (iterative, delta-reg=0.001)...
Solving ridge regression (iterative, delta-reg=0.001)...
Solving ridge regression (iterative, delta-reg=0.001)...
Solving ridge regression (iterative, delta-reg=0.001)...
Solving ridge regression (iterative, delta-reg=0.001)...
Solving ridge regression (iterative, delta-reg=0.001)...
Solving ridge regression (iterative, delta-reg=0.001)...
Solving ridge regression (iterative, delta-reg=0.001)...
Solving ridge regression (iterative, delta-reg=0.001)...
Solving ridge regression (iterative, delta-reg=0.001)...
Solving ridge regression (iterative, delta-reg=0.001)...
Solving ridge regression (iterative, delta-reg=0.001)...
Solving ridge regression (iterative, delta-reg=0.001)...
Solving ridge regression (iterative, delta-reg=0.001)...
Solving ridge regression (iterative, delta-reg=0.001)...
Solving ridge regression (iterative, delta-reg=0.001)...
Solving ridge regression (iterative, delta-reg=0.001)...
Solving ridge regression (iterative, delta-reg=0.001)...
Solving ridge regression (iterative, delta-reg=0.001)...
Solving ridge regression (iterative, delta-reg=0.001)...
Solving ridge regression (iterative, delta-reg=0.001)...
Solving ridge regression (iterative, delta-reg=0.001)...
Solving ridge regression (iterative, delta-reg=0.001)...
Solving ridge regression (iterative, delta-reg=0.001)...
Solving ridge regression (iterative, delta-reg=0.001)...
Solving ridge regression (iterative, delta-reg=0.001)...
Solving ridge regression (iterative, delta-reg=0.001)...
Solving ridge regression (iterative, delta-reg=0.001)...
Solving ridge regression (iterative, delta-reg=0.001)...
Solving ridge regression (iterative, delta-reg=0.001)...
Solving ridge regression (iterative, delta-reg=0.001)...
Solving ridge regression (iterative, delta-reg=0.001)...
Solving ridge regression (iterative, delta-reg=0.001)...
Solving ridge regression (iterative, delta-reg=0.001)...
Solving ridge regression (iterative, delta-reg=0.001)...
Solving ridge regression (iterative, delta-reg=0.001)...
Solving ridge regression (iterative, delta-reg=0.001)...
Solving ridge regression (iterative, delta-reg=0.001)...
Solving ridge regression (iterative, delta-reg=0.001)...
Solving ridge regression (iterative, delta-reg=0.001)...
Solving ridge regression (iterative, delta-reg=0.001)...
[PnC diagnostic | calib] perturbation_scale=50.0
  Uncorrected shift (mean±std, 50 members): 12.1477 ± 0.2359
  Corrected   shift (mean±std, 50 members): 5.8474 ± 0.2253
  Correction reduction: 51.9%
[grid] (42/162) seed0 s3b0 ps50 bf0.2: ok nll=2.0830 (44s) [elapsed 2261s]
Solving ridge regression (iterative, delta-reg=0.001)...
Solving ridge regression (iterative, delta-reg=0.001)...
Solving ridge regression (iterative, delta-reg=0.001)...
Solving ridge regression (iterative, delta-reg=0.001)...
Solving ridge regression (iterative, delta-reg=0.001)...
Solving ridge regression (iterative, delta-reg=0.001)...
Solving ridge regression (iterative, delta-reg=0.001)...
Solving ridge regression (iterative, delta-reg=0.001)...
Solving ridge regression (iterative, delta-reg=0.001)...
Solving ridge regression (iterative, delta-reg=0.001)...
Solving ridge regression (iterative, delta-reg=0.001)...
Solving ridge regression (iterative, delta-reg=0.001)...
Solving ridge regression (iterative, delta-reg=0.001)...
Solving ridge regression (iterative, delta-reg=0.001)...
Solving ridge regression (iterative, delta-reg=0.001)...
Solving ridge regression (iterative, delta-reg=0.001)...
Solving ridge regression (iterative, delta-reg=0.001)...
Solving ridge regression (iterative, delta-reg=0.001)...
Solving ridge regression (iterative, delta-reg=0.001)...
Solving ridge regression (iterative, delta-reg=0.001)...
Solving ridge regression (iterative, delta-reg=0.001)...
Solving ridge regression (iterative, delta-reg=0.001)...
Solving ridge regression (iterative, delta-reg=0.001)...
Solving ridge regression (iterative, delta-reg=0.001)...
Solving ridge regression (iterative, delta-reg=0.001)...
Solving ridge regression (iterative, delta-reg=0.001)...
Solving ridge regression (iterative, delta-reg=0.001)...
Solving ridge regression (iterative, delta-reg=0.001)...
Solving ridge regression (iterative, delta-reg=0.001)...
Solving ridge regression (iterative, delta-reg=0.001)...
Solving ridge regression (iterative, delta-reg=0.001)...
Solving ridge regression (iterative, delta-reg=0.001)...
Solving ridge regression (iterative, delta-reg=0.001)...
Solving ridge regression (iterative, delta-reg=0.001)...
Solving ridge regression (iterative, delta-reg=0.001)...
Solving ridge regression (iterative, delta-reg=0.001)...
Solving ridge regression (iterative, delta-reg=0.001)...
Solving ridge regression (iterative, delta-reg=0.001)...
Solving ridge regression (iterative, delta-reg=0.001)...
Solving ridge regression (iterative, delta-reg=0.001)...
Solving ridge regression (iterative, delta-reg=0.001)...
Solving ridge regression (iterative, delta-reg=0.001)...
Solving ridge regression (iterative, delta-reg=0.001)...
Solving ridge regression (iterative, delta-reg=0.001)...
Solving ridge regression (iterative, delta-reg=0.001)...
Solving ridge regression (iterative, delta-reg=0.001)...
Solving ridge regression (iterative, delta-reg=0.001)...
Solving ridge regression (iterative, delta-reg=0.001)...
Solving ridge regression (iterative, delta-reg=0.001)...
Solving ridge regression (iterative, delta-reg=0.001)...
[PnC diagnostic | calib] perturbation_scale=100.0
  Uncorrected shift (mean±std, 50 members): 29.2771 ± 0.5101
  Corrected   shift (mean±std, 50 members): 2219.9831 ± 3478.8363
  Correction reduction: -7482.7%
[grid] (43/162) seed0 s3b0 ps100 bf0.05: ok nll=3.0961 (44s) [elapsed 2305s]
Solving ridge regression (iterative, delta-reg=0.001)...
Solving ridge regression (iterative, delta-reg=0.001)...
Solving ridge regression (iterative, delta-reg=0.001)...
Solving ridge regression (iterative, delta-reg=0.001)...
Solving ridge regression (iterative, delta-reg=0.001)...
Solving ridge regression (iterative, delta-reg=0.001)...
Solving ridge regression (iterative, delta-reg=0.001)...
Solving ridge regression (iterative, delta-reg=0.001)...
Solving ridge regression (iterative, delta-reg=0.001)...
Solving ridge regression (iterative, delta-reg=0.001)...
Solving ridge regression (iterative, delta-reg=0.001)...
Solving ridge regression (iterative, delta-reg=0.001)...
Solving ridge regression (iterative, delta-reg=0.001)...
Solving ridge regression (iterative, delta-reg=0.001)...
Solving ridge regression (iterative, delta-reg=0.001)...
Solving ridge regression (iterative, delta-reg=0.001)...
Solving ridge regression (iterative, delta-reg=0.001)...
Solving ridge regression (iterative, delta-reg=0.001)...
Solving ridge regression (iterative, delta-reg=0.001)...
Solving ridge regression (iterative, delta-reg=0.001)...
Solving ridge regression (iterative, delta-reg=0.001)...
Solving ridge regression (iterative, delta-reg=0.001)...
Solving ridge regression (iterative, delta-reg=0.001)...
Solving ridge regression (iterative, delta-reg=0.001)...
Solving ridge regression (iterative, delta-reg=0.001)...
Solving ridge regression (iterative, delta-reg=0.001)...
Solving ridge regression (iterative, delta-reg=0.001)...
Solving ridge regression (iterative, delta-reg=0.001)...
Solving ridge regression (iterative, delta-reg=0.001)...
Solving ridge regression (iterative, delta-reg=0.001)...
Solving ridge regression (iterative, delta-reg=0.001)...
Solving ridge regression (iterative, delta-reg=0.001)...
Solving ridge regression (iterative, delta-reg=0.001)...
Solving ridge regression (iterative, delta-reg=0.001)...
Solving ridge regression (iterative, delta-reg=0.001)...
Solving ridge regression (iterative, delta-reg=0.001)...
Solving ridge regression (iterative, delta-reg=0.001)...
Solving ridge regression (iterative, delta-reg=0.001)...
Solving ridge regression (iterative, delta-reg=0.001)...
Solving ridge regression (iterative, delta-reg=0.001)...
Solving ridge regression (iterative, delta-reg=0.001)...
Solving ridge regression (iterative, delta-reg=0.001)...
Solving ridge regression (iterative, delta-reg=0.001)...
Solving ridge regression (iterative, delta-reg=0.001)...
Solving ridge regression (iterative, delta-reg=0.001)...
Solving ridge regression (iterative, delta-reg=0.001)...
Solving ridge regression (iterative, delta-reg=0.001)...
Solving ridge regression (iterative, delta-reg=0.001)...
Solving ridge regression (iterative, delta-reg=0.001)...
Solving ridge regression (iterative, delta-reg=0.001)...
[PnC diagnostic | calib] perturbation_scale=100.0
  Uncorrected shift (mean±std, 50 members): 29.2771 ± 0.5101
  Corrected   shift (mean±std, 50 members): 16327.4365 ± 69989.7754
  Correction reduction: -55668.6%
[grid] (44/162) seed0 s3b0 ps100 bf0.1: ok nll=4.3452 (45s) [elapsed 2350s]
Solving ridge regression (iterative, delta-reg=0.001)...
Solving ridge regression (iterative, delta-reg=0.001)...
Solving ridge regression (iterative, delta-reg=0.001)...
Solving ridge regression (iterative, delta-reg=0.001)...
Solving ridge regression (iterative, delta-reg=0.001)...
Solving ridge regression (iterative, delta-reg=0.001)...
Solving ridge regression (iterative, delta-reg=0.001)...
Solving ridge regression (iterative, delta-reg=0.001)...
Solving ridge regression (iterative, delta-reg=0.001)...
Solving ridge regression (iterative, delta-reg=0.001)...
Solving ridge regression (iterative, delta-reg=0.001)...
Solving ridge regression (iterative, delta-reg=0.001)...
Solving ridge regression (iterative, delta-reg=0.001)...
Solving ridge regression (iterative, delta-reg=0.001)...
Solving ridge regression (iterative, delta-reg=0.001)...
Solving ridge regression (iterative, delta-reg=0.001)...
Solving ridge regression (iterative, delta-reg=0.001)...
Solving ridge regression (iterative, delta-reg=0.001)...
Solving ridge regression (iterative, delta-reg=0.001)...
Solving ridge regression (iterative, delta-reg=0.001)...
Solving ridge regression (iterative, delta-reg=0.001)...
Solving ridge regression (iterative, delta-reg=0.001)...
Solving ridge regression (iterative, delta-reg=0.001)...
Solving ridge regression (iterative, delta-reg=0.001)...
Solving ridge regression (iterative, delta-reg=0.001)...
Solving ridge regression (iterative, delta-reg=0.001)...
Solving ridge regression (iterative, delta-reg=0.001)...
Solving ridge regression (iterative, delta-reg=0.001)...
Solving ridge regression (iterative, delta-reg=0.001)...
Solving ridge regression (iterative, delta-reg=0.001)...
Solving ridge regression (iterative, delta-reg=0.001)...
Solving ridge regression (iterative, delta-reg=0.001)...
Solving ridge regression (iterative, delta-reg=0.001)...
Solving ridge regression (iterative, delta-reg=0.001)...
Solving ridge regression (iterative, delta-reg=0.001)...
Solving ridge regression (iterative, delta-reg=0.001)...
Solving ridge regression (iterative, delta-reg=0.001)...
Solving ridge regression (iterative, delta-reg=0.001)...
Solving ridge regression (iterative, delta-reg=0.001)...
Solving ridge regression (iterative, delta-reg=0.001)...
Solving ridge regression (iterative, delta-reg=0.001)...
Solving ridge regression (iterative, delta-reg=0.001)...
Solving ridge regression (iterative, delta-reg=0.001)...
Solving ridge regression (iterative, delta-reg=0.001)...
Solving ridge regression (iterative, delta-reg=0.001)...
Solving ridge regression (iterative, delta-reg=0.001)...
Solving ridge regression (iterative, delta-reg=0.001)...
Solving ridge regression (iterative, delta-reg=0.001)...
Solving ridge regression (iterative, delta-reg=0.001)...
Solving ridge regression (iterative, delta-reg=0.001)...
[PnC diagnostic | calib] perturbation_scale=100.0
  Uncorrected shift (mean±std, 50 members): 29.2771 ± 0.5101
  Corrected   shift (mean±std, 50 members): 8320.3595 ± 18307.5314
  Correction reduction: -28319.3%
[grid] (45/162) seed0 s3b0 ps100 bf0.2: ok nll=4.2057 (44s) [elapsed 2394s]
[grid] (46/162) seed0 s3b1 ps25 bf0.05: cached [elapsed 2394s]
Solving ridge regression (iterative, delta-reg=0.001)...
Solving ridge regression (iterative, delta-reg=0.001)...
Solving ridge regression (iterative, delta-reg=0.001)...
Solving ridge regression (iterative, delta-reg=0.001)...
Solving ridge regression (iterative, delta-reg=0.001)...
Solving ridge regression (iterative, delta-reg=0.001)...
Solving ridge regression (iterative, delta-reg=0.001)...
Solving ridge regression (iterative, delta-reg=0.001)...
Solving ridge regression (iterative, delta-reg=0.001)...
Solving ridge regression (iterative, delta-reg=0.001)...
Solving ridge regression (iterative, delta-reg=0.001)...
Solving ridge regression (iterative, delta-reg=0.001)...
Solving ridge regression (iterative, delta-reg=0.001)...
Solving ridge regression (iterative, delta-reg=0.001)...
Solving ridge regression (iterative, delta-reg=0.001)...
Solving ridge regression (iterative, delta-reg=0.001)...
Solving ridge regression (iterative, delta-reg=0.001)...
Solving ridge regression (iterative, delta-reg=0.001)...
Solving ridge regression (iterative, delta-reg=0.001)...
Solving ridge regression (iterative, delta-reg=0.001)...
Solving ridge regression (iterative, delta-reg=0.001)...
Solving ridge regression (iterative, delta-reg=0.001)...
Solving ridge regression (iterative, delta-reg=0.001)...
Solving ridge regression (iterative, delta-reg=0.001)...
Solving ridge regression (iterative, delta-reg=0.001)...
Solving ridge regression (iterative, delta-reg=0.001)...
Solving ridge regression (iterative, delta-reg=0.001)...
Solving ridge regression (iterative, delta-reg=0.001)...
Solving ridge regression (iterative, delta-reg=0.001)...
Solving ridge regression (iterative, delta-reg=0.001)...
Solving ridge regression (iterative, delta-reg=0.001)...
Solving ridge regression (iterative, delta-reg=0.001)...
Solving ridge regression (iterative, delta-reg=0.001)...
Solving ridge regression (iterative, delta-reg=0.001)...
Solving ridge regression (iterative, delta-reg=0.001)...
Solving ridge regression (iterative, delta-reg=0.001)...
Solving ridge regression (iterative, delta-reg=0.001)...
Solving ridge regression (iterative, delta-reg=0.001)...
Solving ridge regression (iterative, delta-reg=0.001)...
Solving ridge regression (iterative, delta-reg=0.001)...
Solving ridge regression (iterative, delta-reg=0.001)...
Solving ridge regression (iterative, delta-reg=0.001)...
Solving ridge regression (iterative, delta-reg=0.001)...
Solving ridge regression (iterative, delta-reg=0.001)...
Solving ridge regression (iterative, delta-reg=0.001)...
Solving ridge regression (iterative, delta-reg=0.001)...
Solving ridge regression (iterative, delta-reg=0.001)...
Solving ridge regression (iterative, delta-reg=0.001)...
Solving ridge regression (iterative, delta-reg=0.001)...
Solving ridge regression (iterative, delta-reg=0.001)...
[PnC diagnostic | calib] perturbation_scale=25.0
  Uncorrected shift (mean±std, 50 members): 1.7406 ± 0.0883
  Corrected   shift (mean±std, 50 members): 9.9594 ± 37.7383
  Correction reduction: -472.2%
[grid] (47/162) seed0 s3b1 ps25 bf0.1: ok nll=0.2832 (46s) [elapsed 2440s]
[grid] (48/162) seed0 s3b1 ps25 bf0.2: cached [elapsed 2440s]
Solving ridge regression (iterative, delta-reg=0.001)...
Solving ridge regression (iterative, delta-reg=0.001)...
Solving ridge regression (iterative, delta-reg=0.001)...
Solving ridge regression (iterative, delta-reg=0.001)...
Solving ridge regression (iterative, delta-reg=0.001)...
Solving ridge regression (iterative, delta-reg=0.001)...
Solving ridge regression (iterative, delta-reg=0.001)...
Solving ridge regression (iterative, delta-reg=0.001)...
Solving ridge regression (iterative, delta-reg=0.001)...
Solving ridge regression (iterative, delta-reg=0.001)...
Solving ridge regression (iterative, delta-reg=0.001)...
Solving ridge regression (iterative, delta-reg=0.001)...
Solving ridge regression (iterative, delta-reg=0.001)...
Solving ridge regression (iterative, delta-reg=0.001)...
Solving ridge regression (iterative, delta-reg=0.001)...
Solving ridge regression (iterative, delta-reg=0.001)...
Solving ridge regression (iterative, delta-reg=0.001)...
Solving ridge regression (iterative, delta-reg=0.001)...
Solving ridge regression (iterative, delta-reg=0.001)...
Solving ridge regression (iterative, delta-reg=0.001)...
Solving ridge regression (iterative, delta-reg=0.001)...
Solving ridge regression (iterative, delta-reg=0.001)...
Solving ridge regression (iterative, delta-reg=0.001)...
Solving ridge regression (iterative, delta-reg=0.001)...
Solving ridge regression (iterative, delta-reg=0.001)...
Solving ridge regression (iterative, delta-reg=0.001)...
Solving ridge regression (iterative, delta-reg=0.001)...
Solving ridge regression (iterative, delta-reg=0.001)...
Solving ridge regression (iterative, delta-reg=0.001)...
Solving ridge regression (iterative, delta-reg=0.001)...
Solving ridge regression (iterative, delta-reg=0.001)...
Solving ridge regression (iterative, delta-reg=0.001)...
Solving ridge regression (iterative, delta-reg=0.001)...
Solving ridge regression (iterative, delta-reg=0.001)...
Solving ridge regression (iterative, delta-reg=0.001)...
Solving ridge regression (iterative, delta-reg=0.001)...
Solving ridge regression (iterative, delta-reg=0.001)...
Solving ridge regression (iterative, delta-reg=0.001)...
Solving ridge regression (iterative, delta-reg=0.001)...
Solving ridge regression (iterative, delta-reg=0.001)...
Solving ridge regression (iterative, delta-reg=0.001)...
Solving ridge regression (iterative, delta-reg=0.001)...
Solving ridge regression (iterative, delta-reg=0.001)...
Solving ridge regression (iterative, delta-reg=0.001)...
Solving ridge regression (iterative, delta-reg=0.001)...
Solving ridge regression (iterative, delta-reg=0.001)...
Solving ridge regression (iterative, delta-reg=0.001)...
Solving ridge regression (iterative, delta-reg=0.001)...
Solving ridge regression (iterative, delta-reg=0.001)...
Solving ridge regression (iterative, delta-reg=0.001)...
[PnC diagnostic | calib] perturbation_scale=50.0
  Uncorrected shift (mean±std, 50 members): 4.0317 ± 0.2107
  Corrected   shift (mean±std, 50 members): 1.7418 ± 0.1946
  Correction reduction: 56.8%
[grid] (49/162) seed0 s3b1 ps50 bf0.05: ok nll=0.1474 (46s) [elapsed 2486s]
Solving ridge regression (iterative, delta-reg=0.001)...
Solving ridge regression (iterative, delta-reg=0.001)...
Solving ridge regression (iterative, delta-reg=0.001)...
Solving ridge regression (iterative, delta-reg=0.001)...
Solving ridge regression (iterative, delta-reg=0.001)...
Solving ridge regression (iterative, delta-reg=0.001)...
Solving ridge regression (iterative, delta-reg=0.001)...
Solving ridge regression (iterative, delta-reg=0.001)...
Solving ridge regression (iterative, delta-reg=0.001)...
Solving ridge regression (iterative, delta-reg=0.001)...
Solving ridge regression (iterative, delta-reg=0.001)...
Solving ridge regression (iterative, delta-reg=0.001)...
Solving ridge regression (iterative, delta-reg=0.001)...
Solving ridge regression (iterative, delta-reg=0.001)...
Solving ridge regression (iterative, delta-reg=0.001)...
Solving ridge regression (iterative, delta-reg=0.001)...
Solving ridge regression (iterative, delta-reg=0.001)...
Solving ridge regression (iterative, delta-reg=0.001)...
Solving ridge regression (iterative, delta-reg=0.001)...
Solving ridge regression (iterative, delta-reg=0.001)...
Solving ridge regression (iterative, delta-reg=0.001)...
Solving ridge regression (iterative, delta-reg=0.001)...
Solving ridge regression (iterative, delta-reg=0.001)...
Solving ridge regression (iterative, delta-reg=0.001)...
Solving ridge regression (iterative, delta-reg=0.001)...
Solving ridge regression (iterative, delta-reg=0.001)...
Solving ridge regression (iterative, delta-reg=0.001)...
Solving ridge regression (iterative, delta-reg=0.001)...
Solving ridge regression (iterative, delta-reg=0.001)...
Solving ridge regression (iterative, delta-reg=0.001)...
Solving ridge regression (iterative, delta-reg=0.001)...
Solving ridge regression (iterative, delta-reg=0.001)...
Solving ridge regression (iterative, delta-reg=0.001)...
Solving ridge regression (iterative, delta-reg=0.001)...
Solving ridge regression (iterative, delta-reg=0.001)...
Solving ridge regression (iterative, delta-reg=0.001)...
Solving ridge regression (iterative, delta-reg=0.001)...
Solving ridge regression (iterative, delta-reg=0.001)...
Solving ridge regression (iterative, delta-reg=0.001)...
Solving ridge regression (iterative, delta-reg=0.001)...
Solving ridge regression (iterative, delta-reg=0.001)...
Solving ridge regression (iterative, delta-reg=0.001)...
Solving ridge regression (iterative, delta-reg=0.001)...
Solving ridge regression (iterative, delta-reg=0.001)...
Solving ridge regression (iterative, delta-reg=0.001)...
Solving ridge regression (iterative, delta-reg=0.001)...
Solving ridge regression (iterative, delta-reg=0.001)...
Solving ridge regression (iterative, delta-reg=0.001)...
Solving ridge regression (iterative, delta-reg=0.001)...
Solving ridge regression (iterative, delta-reg=0.001)...
[PnC diagnostic | calib] perturbation_scale=50.0
  Uncorrected shift (mean±std, 50 members): 4.0317 ± 0.2107
  Corrected   shift (mean±std, 50 members): 12.0565 ± 45.8381
  Correction reduction: -199.0%
[grid] (50/162) seed0 s3b1 ps50 bf0.1: ok nll=0.3328 (46s) [elapsed 2532s]
Solving ridge regression (iterative, delta-reg=0.001)...
Solving ridge regression (iterative, delta-reg=0.001)...
Solving ridge regression (iterative, delta-reg=0.001)...
Solving ridge regression (iterative, delta-reg=0.001)...
Solving ridge regression (iterative, delta-reg=0.001)...
Solving ridge regression (iterative, delta-reg=0.001)...
Solving ridge regression (iterative, delta-reg=0.001)...
Solving ridge regression (iterative, delta-reg=0.001)...
Solving ridge regression (iterative, delta-reg=0.001)...
Solving ridge regression (iterative, delta-reg=0.001)...
Solving ridge regression (iterative, delta-reg=0.001)...
Solving ridge regression (iterative, delta-reg=0.001)...
Solving ridge regression (iterative, delta-reg=0.001)...
Solving ridge regression (iterative, delta-reg=0.001)...
Solving ridge regression (iterative, delta-reg=0.001)...
Solving ridge regression (iterative, delta-reg=0.001)...
Solving ridge regression (iterative, delta-reg=0.001)...
Solving ridge regression (iterative, delta-reg=0.001)...
Solving ridge regression (iterative, delta-reg=0.001)...
Solving ridge regression (iterative, delta-reg=0.001)...
Solving ridge regression (iterative, delta-reg=0.001)...
Solving ridge regression (iterative, delta-reg=0.001)...
Solving ridge regression (iterative, delta-reg=0.001)...
Solving ridge regression (iterative, delta-reg=0.001)...
Solving ridge regression (iterative, delta-reg=0.001)...
Solving ridge regression (iterative, delta-reg=0.001)...
Solving ridge regression (iterative, delta-reg=0.001)...
Solving ridge regression (iterative, delta-reg=0.001)...
Solving ridge regression (iterative, delta-reg=0.001)...
Solving ridge regression (iterative, delta-reg=0.001)...
Solving ridge regression (iterative, delta-reg=0.001)...
Solving ridge regression (iterative, delta-reg=0.001)...
Solving ridge regression (iterative, delta-reg=0.001)...
Solving ridge regression (iterative, delta-reg=0.001)...
Solving ridge regression (iterative, delta-reg=0.001)...
Solving ridge regression (iterative, delta-reg=0.001)...
Solving ridge regression (iterative, delta-reg=0.001)...
Solving ridge regression (iterative, delta-reg=0.001)...
Solving ridge regression (iterative, delta-reg=0.001)...
Solving ridge regression (iterative, delta-reg=0.001)...
Solving ridge regression (iterative, delta-reg=0.001)...
Solving ridge regression (iterative, delta-reg=0.001)...
Solving ridge regression (iterative, delta-reg=0.001)...
Solving ridge regression (iterative, delta-reg=0.001)...
Solving ridge regression (iterative, delta-reg=0.001)...
Solving ridge regression (iterative, delta-reg=0.001)...
Solving ridge regression (iterative, delta-reg=0.001)...
Solving ridge regression (iterative, delta-reg=0.001)...
Solving ridge regression (iterative, delta-reg=0.001)...
Solving ridge regression (iterative, delta-reg=0.001)...
[PnC diagnostic | calib] perturbation_scale=50.0
  Uncorrected shift (mean±std, 50 members): 4.0317 ± 0.2107
  Corrected   shift (mean±std, 50 members): 47.7800 ± 114.3542
  Correction reduction: -1085.1%
[grid] (51/162) seed0 s3b1 ps50 bf0.2: ok nll=1.4229 (46s) [elapsed 2578s]
[grid] (52/162) seed0 s3b1 ps100 bf0.05: cached [elapsed 2578s]
Solving ridge regression (iterative, delta-reg=0.001)...
Solving ridge regression (iterative, delta-reg=0.001)...
Solving ridge regression (iterative, delta-reg=0.001)...
Solving ridge regression (iterative, delta-reg=0.001)...
Solving ridge regression (iterative, delta-reg=0.001)...
Solving ridge regression (iterative, delta-reg=0.001)...
Solving ridge regression (iterative, delta-reg=0.001)...
Solving ridge regression (iterative, delta-reg=0.001)...
Solving ridge regression (iterative, delta-reg=0.001)...
Solving ridge regression (iterative, delta-reg=0.001)...
Solving ridge regression (iterative, delta-reg=0.001)...
Solving ridge regression (iterative, delta-reg=0.001)...
Solving ridge regression (iterative, delta-reg=0.001)...
Solving ridge regression (iterative, delta-reg=0.001)...
Solving ridge regression (iterative, delta-reg=0.001)...
Solving ridge regression (iterative, delta-reg=0.001)...
Solving ridge regression (iterative, delta-reg=0.001)...
Solving ridge regression (iterative, delta-reg=0.001)...
Solving ridge regression (iterative, delta-reg=0.001)...
Solving ridge regression (iterative, delta-reg=0.001)...
Solving ridge regression (iterative, delta-reg=0.001)...
Solving ridge regression (iterative, delta-reg=0.001)...
Solving ridge regression (iterative, delta-reg=0.001)...
Solving ridge regression (iterative, delta-reg=0.001)...
Solving ridge regression (iterative, delta-reg=0.001)...
Solving ridge regression (iterative, delta-reg=0.001)...
Solving ridge regression (iterative, delta-reg=0.001)...
Solving ridge regression (iterative, delta-reg=0.001)...
Solving ridge regression (iterative, delta-reg=0.001)...
Solving ridge regression (iterative, delta-reg=0.001)...
Solving ridge regression (iterative, delta-reg=0.001)...
Solving ridge regression (iterative, delta-reg=0.001)...
Solving ridge regression (iterative, delta-reg=0.001)...
Solving ridge regression (iterative, delta-reg=0.001)...
Solving ridge regression (iterative, delta-reg=0.001)...
Solving ridge regression (iterative, delta-reg=0.001)...
Solving ridge regression (iterative, delta-reg=0.001)...
Solving ridge regression (iterative, delta-reg=0.001)...
Solving ridge regression (iterative, delta-reg=0.001)...
Solving ridge regression (iterative, delta-reg=0.001)...
Solving ridge regression (iterative, delta-reg=0.001)...
Solving ridge regression (iterative, delta-reg=0.001)...
Solving ridge regression (iterative, delta-reg=0.001)...
Solving ridge regression (iterative, delta-reg=0.001)...
Solving ridge regression (iterative, delta-reg=0.001)...
Solving ridge regression (iterative, delta-reg=0.001)...
Solving ridge regression (iterative, delta-reg=0.001)...
Solving ridge regression (iterative, delta-reg=0.001)...
Solving ridge regression (iterative, delta-reg=0.001)...
Solving ridge regression (iterative, delta-reg=0.001)...
[PnC diagnostic | calib] perturbation_scale=100.0
  Uncorrected shift (mean±std, 50 members): 8.7065 ± 0.4626
  Corrected   shift (mean±std, 50 members): 1186.5333 ± 1910.4099
  Correction reduction: -13528.2%
[grid] (53/162) seed0 s3b1 ps100 bf0.1: ok nll=3.3138 (45s) [elapsed 2623s]
[grid] (54/162) seed0 s3b1 ps100 bf0.2: cached [elapsed 2623s]
CIFAR-10 loaded: train=(50000, 32, 32, 3), test=(10000, 32, 32, 3)
Solving ridge regression (iterative, delta-reg=0.001)...
Solving ridge regression (iterative, delta-reg=0.001)...
Solving ridge regression (iterative, delta-reg=0.001)...
Solving ridge regression (iterative, delta-reg=0.001)...
Solving ridge regression (iterative, delta-reg=0.001)...
Solving ridge regression (iterative, delta-reg=0.001)...
Solving ridge regression (iterative, delta-reg=0.001)...
Solving ridge regression (iterative, delta-reg=0.001)...
Solving ridge regression (iterative, delta-reg=0.001)...
Solving ridge regression (iterative, delta-reg=0.001)...
Solving ridge regression (iterative, delta-reg=0.001)...
Solving ridge regression (iterative, delta-reg=0.001)...
Solving ridge regression (iterative, delta-reg=0.001)...
Solving ridge regression (iterative, delta-reg=0.001)...
Solving ridge regression (iterative, delta-reg=0.001)...
Solving ridge regression (iterative, delta-reg=0.001)...
Solving ridge regression (iterative, delta-reg=0.001)...
Solving ridge regression (iterative, delta-reg=0.001)...
Solving ridge regression (iterative, delta-reg=0.001)...
Solving ridge regression (iterative, delta-reg=0.001)...
Solving ridge regression (iterative, delta-reg=0.001)...
Solving ridge regression (iterative, delta-reg=0.001)...
Solving ridge regression (iterative, delta-reg=0.001)...
Solving ridge regression (iterative, delta-reg=0.001)...
Solving ridge regression (iterative, delta-reg=0.001)...
Solving ridge regression (iterative, delta-reg=0.001)...
Solving ridge regression (iterative, delta-reg=0.001)...
Solving ridge regression (iterative, delta-reg=0.001)...
Solving ridge regression (iterative, delta-reg=0.001)...
Solving ridge regression (iterative, delta-reg=0.001)...
Solving ridge regression (iterative, delta-reg=0.001)...
Solving ridge regression (iterative, delta-reg=0.001)...
Solving ridge regression (iterative, delta-reg=0.001)...
Solving ridge regression (iterative, delta-reg=0.001)...
Solving ridge regression (iterative, delta-reg=0.001)...
Solving ridge regression (iterative, delta-reg=0.001)...
Solving ridge regression (iterative, delta-reg=0.001)...
Solving ridge regression (iterative, delta-reg=0.001)...
Solving ridge regression (iterative, delta-reg=0.001)...
Solving ridge regression (iterative, delta-reg=0.001)...
Solving ridge regression (iterative, delta-reg=0.001)...
Solving ridge regression (iterative, delta-reg=0.001)...
Solving ridge regression (iterative, delta-reg=0.001)...
Solving ridge regression (iterative, delta-reg=0.001)...
Solving ridge regression (iterative, delta-reg=0.001)...
Solving ridge regression (iterative, delta-reg=0.001)...
Solving ridge regression (iterative, delta-reg=0.001)...
Solving ridge regression (iterative, delta-reg=0.001)...
Solving ridge regression (iterative, delta-reg=0.001)...
Solving ridge regression (iterative, delta-reg=0.001)...
[PnC diagnostic | calib] perturbation_scale=25.0
  Uncorrected shift (mean±std, 50 members): 43.0817 ± 3.7710
  Corrected   shift (mean±std, 50 members): 5.6526 ± 0.0826
  Correction reduction: 86.9%
[grid] (55/162) seed1 s1b0 ps25 bf0.05: ok nll=0.1475 (61s) [elapsed 2686s]
Solving ridge regression (iterative, delta-reg=0.001)...
Solving ridge regression (iterative, delta-reg=0.001)...
Solving ridge regression (iterative, delta-reg=0.001)...
Solving ridge regression (iterative, delta-reg=0.001)...
Solving ridge regression (iterative, delta-reg=0.001)...
Solving ridge regression (iterative, delta-reg=0.001)...
Solving ridge regression (iterative, delta-reg=0.001)...
Solving ridge regression (iterative, delta-reg=0.001)...
Solving ridge regression (iterative, delta-reg=0.001)...
Solving ridge regression (iterative, delta-reg=0.001)...
Solving ridge regression (iterative, delta-reg=0.001)...
Solving ridge regression (iterative, delta-reg=0.001)...
Solving ridge regression (iterative, delta-reg=0.001)...
Solving ridge regression (iterative, delta-reg=0.001)...
Solving ridge regression (iterative, delta-reg=0.001)...
Solving ridge regression (iterative, delta-reg=0.001)...
Solving ridge regression (iterative, delta-reg=0.001)...
Solving ridge regression (iterative, delta-reg=0.001)...
Solving ridge regression (iterative, delta-reg=0.001)...
Solving ridge regression (iterative, delta-reg=0.001)...
Solving ridge regression (iterative, delta-reg=0.001)...
Solving ridge regression (iterative, delta-reg=0.001)...
Solving ridge regression (iterative, delta-reg=0.001)...
Solving ridge regression (iterative, delta-reg=0.001)...
Solving ridge regression (iterative, delta-reg=0.001)...
Solving ridge regression (iterative, delta-reg=0.001)...
Solving ridge regression (iterative, delta-reg=0.001)...
Solving ridge regression (iterative, delta-reg=0.001)...
Solving ridge regression (iterative, delta-reg=0.001)...
Solving ridge regression (iterative, delta-reg=0.001)...
Solving ridge regression (iterative, delta-reg=0.001)...
Solving ridge regression (iterative, delta-reg=0.001)...
Solving ridge regression (iterative, delta-reg=0.001)...
Solving ridge regression (iterative, delta-reg=0.001)...
Solving ridge regression (iterative, delta-reg=0.001)...
Solving ridge regression (iterative, delta-reg=0.001)...
Solving ridge regression (iterative, delta-reg=0.001)...
Solving ridge regression (iterative, delta-reg=0.001)...
Solving ridge regression (iterative, delta-reg=0.001)...
Solving ridge regression (iterative, delta-reg=0.001)...
Solving ridge regression (iterative, delta-reg=0.001)...
Solving ridge regression (iterative, delta-reg=0.001)...
Solving ridge regression (iterative, delta-reg=0.001)...
Solving ridge regression (iterative, delta-reg=0.001)...
Solving ridge regression (iterative, delta-reg=0.001)...
Solving ridge regression (iterative, delta-reg=0.001)...
Solving ridge regression (iterative, delta-reg=0.001)...
Solving ridge regression (iterative, delta-reg=0.001)...
Solving ridge regression (iterative, delta-reg=0.001)...
Solving ridge regression (iterative, delta-reg=0.001)...
[PnC diagnostic | calib] perturbation_scale=25.0
  Uncorrected shift (mean±std, 50 members): 43.0817 ± 3.7710
  Corrected   shift (mean±std, 50 members): 5.4398 ± 0.0661
  Correction reduction: 87.4%
[grid] (56/162) seed1 s1b0 ps25 bf0.1: ok nll=0.1480 (62s) [elapsed 2748s]
Solving ridge regression (iterative, delta-reg=0.001)...
Solving ridge regression (iterative, delta-reg=0.001)...
Solving ridge regression (iterative, delta-reg=0.001)...
Solving ridge regression (iterative, delta-reg=0.001)...
Solving ridge regression (iterative, delta-reg=0.001)...
Solving ridge regression (iterative, delta-reg=0.001)...
Solving ridge regression (iterative, delta-reg=0.001)...
Solving ridge regression (iterative, delta-reg=0.001)...
Solving ridge regression (iterative, delta-reg=0.001)...
Solving ridge regression (iterative, delta-reg=0.001)...
Solving ridge regression (iterative, delta-reg=0.001)...
Solving ridge regression (iterative, delta-reg=0.001)...
Solving ridge regression (iterative, delta-reg=0.001)...
Solving ridge regression (iterative, delta-reg=0.001)...
Solving ridge regression (iterative, delta-reg=0.001)...
Solving ridge regression (iterative, delta-reg=0.001)...
Solving ridge regression (iterative, delta-reg=0.001)...
Solving ridge regression (iterative, delta-reg=0.001)...
Solving ridge regression (iterative, delta-reg=0.001)...
Solving ridge regression (iterative, delta-reg=0.001)...
Solving ridge regression (iterative, delta-reg=0.001)...
Solving ridge regression (iterative, delta-reg=0.001)...
Solving ridge regression (iterative, delta-reg=0.001)...
Solving ridge regression (iterative, delta-reg=0.001)...
Solving ridge regression (iterative, delta-reg=0.001)...
Solving ridge regression (iterative, delta-reg=0.001)...
Solving ridge regression (iterative, delta-reg=0.001)...
Solving ridge regression (iterative, delta-reg=0.001)...
Solving ridge regression (iterative, delta-reg=0.001)...
Solving ridge regression (iterative, delta-reg=0.001)...
Solving ridge regression (iterative, delta-reg=0.001)...
Solving ridge regression (iterative, delta-reg=0.001)...
Solving ridge regression (iterative, delta-reg=0.001)...
Solving ridge regression (iterative, delta-reg=0.001)...
Solving ridge regression (iterative, delta-reg=0.001)...
Solving ridge regression (iterative, delta-reg=0.001)...
Solving ridge regression (iterative, delta-reg=0.001)...
Solving ridge regression (iterative, delta-reg=0.001)...
Solving ridge regression (iterative, delta-reg=0.001)...
Solving ridge regression (iterative, delta-reg=0.001)...
Solving ridge regression (iterative, delta-reg=0.001)...
Solving ridge regression (iterative, delta-reg=0.001)...
Solving ridge regression (iterative, delta-reg=0.001)...
Solving ridge regression (iterative, delta-reg=0.001)...
Solving ridge regression (iterative, delta-reg=0.001)...
Solving ridge regression (iterative, delta-reg=0.001)...
Solving ridge regression (iterative, delta-reg=0.001)...
Solving ridge regression (iterative, delta-reg=0.001)...
Solving ridge regression (iterative, delta-reg=0.001)...
Solving ridge regression (iterative, delta-reg=0.001)...
[PnC diagnostic | calib] perturbation_scale=25.0
  Uncorrected shift (mean±std, 50 members): 43.0817 ± 3.7710
  Corrected   shift (mean±std, 50 members): 5.3368 ± 0.0671
  Correction reduction: 87.6%
[grid] (57/162) seed1 s1b0 ps25 bf0.2: ok nll=0.1485 (61s) [elapsed 2809s]
Solving ridge regression (iterative, delta-reg=0.001)...
Solving ridge regression (iterative, delta-reg=0.001)...
Solving ridge regression (iterative, delta-reg=0.001)...
Solving ridge regression (iterative, delta-reg=0.001)...
Solving ridge regression (iterative, delta-reg=0.001)...
Solving ridge regression (iterative, delta-reg=0.001)...
Solving ridge regression (iterative, delta-reg=0.001)...
Solving ridge regression (iterative, delta-reg=0.001)...
Solving ridge regression (iterative, delta-reg=0.001)...
Solving ridge regression (iterative, delta-reg=0.001)...
Solving ridge regression (iterative, delta-reg=0.001)...
Solving ridge regression (iterative, delta-reg=0.001)...
Solving ridge regression (iterative, delta-reg=0.001)...
Solving ridge regression (iterative, delta-reg=0.001)...
Solving ridge regression (iterative, delta-reg=0.001)...
Solving ridge regression (iterative, delta-reg=0.001)...
Solving ridge regression (iterative, delta-reg=0.001)...
Solving ridge regression (iterative, delta-reg=0.001)...
Solving ridge regression (iterative, delta-reg=0.001)...
Solving ridge regression (iterative, delta-reg=0.001)...
Solving ridge regression (iterative, delta-reg=0.001)...
Solving ridge regression (iterative, delta-reg=0.001)...
Solving ridge regression (iterative, delta-reg=0.001)...
Solving ridge regression (iterative, delta-reg=0.001)...
Solving ridge regression (iterative, delta-reg=0.001)...
Solving ridge regression (iterative, delta-reg=0.001)...
Solving ridge regression (iterative, delta-reg=0.001)...
Solving ridge regression (iterative, delta-reg=0.001)...
Solving ridge regression (iterative, delta-reg=0.001)...
Solving ridge regression (iterative, delta-reg=0.001)...
Solving ridge regression (iterative, delta-reg=0.001)...
Solving ridge regression (iterative, delta-reg=0.001)...
Solving ridge regression (iterative, delta-reg=0.001)...
Solving ridge regression (iterative, delta-reg=0.001)...
Solving ridge regression (iterative, delta-reg=0.001)...
Solving ridge regression (iterative, delta-reg=0.001)...
Solving ridge regression (iterative, delta-reg=0.001)...
Solving ridge regression (iterative, delta-reg=0.001)...
Solving ridge regression (iterative, delta-reg=0.001)...
Solving ridge regression (iterative, delta-reg=0.001)...
Solving ridge regression (iterative, delta-reg=0.001)...
Solving ridge regression (iterative, delta-reg=0.001)...
Solving ridge regression (iterative, delta-reg=0.001)...
Solving ridge regression (iterative, delta-reg=0.001)...
Solving ridge regression (iterative, delta-reg=0.001)...
Solving ridge regression (iterative, delta-reg=0.001)...
Solving ridge regression (iterative, delta-reg=0.001)...
Solving ridge regression (iterative, delta-reg=0.001)...
Solving ridge regression (iterative, delta-reg=0.001)...
Solving ridge regression (iterative, delta-reg=0.001)...
[PnC diagnostic | calib] perturbation_scale=50.0
  Uncorrected shift (mean±std, 50 members): 101.1526 ± 8.2140
  Corrected   shift (mean±std, 50 members): 6.2039 ± 0.0936
  Correction reduction: 93.9%
[grid] (58/162) seed1 s1b0 ps50 bf0.05: ok nll=0.1543 (61s) [elapsed 2870s]
Solving ridge regression (iterative, delta-reg=0.001)...
Solving ridge regression (iterative, delta-reg=0.001)...
Solving ridge regression (iterative, delta-reg=0.001)...
Solving ridge regression (iterative, delta-reg=0.001)...
Solving ridge regression (iterative, delta-reg=0.001)...
Solving ridge regression (iterative, delta-reg=0.001)...
Solving ridge regression (iterative, delta-reg=0.001)...
Solving ridge regression (iterative, delta-reg=0.001)...
Solving ridge regression (iterative, delta-reg=0.001)...
Solving ridge regression (iterative, delta-reg=0.001)...
Solving ridge regression (iterative, delta-reg=0.001)...
Solving ridge regression (iterative, delta-reg=0.001)...
Solving ridge regression (iterative, delta-reg=0.001)...
Solving ridge regression (iterative, delta-reg=0.001)...
Solving ridge regression (iterative, delta-reg=0.001)...
Solving ridge regression (iterative, delta-reg=0.001)...
Solving ridge regression (iterative, delta-reg=0.001)...
Solving ridge regression (iterative, delta-reg=0.001)...
Solving ridge regression (iterative, delta-reg=0.001)...
Solving ridge regression (iterative, delta-reg=0.001)...
Solving ridge regression (iterative, delta-reg=0.001)...
Solving ridge regression (iterative, delta-reg=0.001)...
Solving ridge regression (iterative, delta-reg=0.001)...
Solving ridge regression (iterative, delta-reg=0.001)...
Solving ridge regression (iterative, delta-reg=0.001)...
Solving ridge regression (iterative, delta-reg=0.001)...
Solving ridge regression (iterative, delta-reg=0.001)...
Solving ridge regression (iterative, delta-reg=0.001)...
Solving ridge regression (iterative, delta-reg=0.001)...
Solving ridge regression (iterative, delta-reg=0.001)...
Solving ridge regression (iterative, delta-reg=0.001)...
Solving ridge regression (iterative, delta-reg=0.001)...
Solving ridge regression (iterative, delta-reg=0.001)...
Solving ridge regression (iterative, delta-reg=0.001)...
Solving ridge regression (iterative, delta-reg=0.001)...
Solving ridge regression (iterative, delta-reg=0.001)...
Solving ridge regression (iterative, delta-reg=0.001)...
Solving ridge regression (iterative, delta-reg=0.001)...
Solving ridge regression (iterative, delta-reg=0.001)...
Solving ridge regression (iterative, delta-reg=0.001)...
Solving ridge regression (iterative, delta-reg=0.001)...
Solving ridge regression (iterative, delta-reg=0.001)...
Solving ridge regression (iterative, delta-reg=0.001)...
Solving ridge regression (iterative, delta-reg=0.001)...
Solving ridge regression (iterative, delta-reg=0.001)...
Solving ridge regression (iterative, delta-reg=0.001)...
Solving ridge regression (iterative, delta-reg=0.001)...
Solving ridge regression (iterative, delta-reg=0.001)...
Solving ridge regression (iterative, delta-reg=0.001)...
Solving ridge regression (iterative, delta-reg=0.001)...
[PnC diagnostic | calib] perturbation_scale=50.0
  Uncorrected shift (mean±std, 50 members): 101.1526 ± 8.2140
  Corrected   shift (mean±std, 50 members): 5.9710 ± 0.0760
  Correction reduction: 94.1%
[grid] (59/162) seed1 s1b0 ps50 bf0.1: ok nll=0.1555 (61s) [elapsed 2931s]
Solving ridge regression (iterative, delta-reg=0.001)...
Solving ridge regression (iterative, delta-reg=0.001)...
Solving ridge regression (iterative, delta-reg=0.001)...
Solving ridge regression (iterative, delta-reg=0.001)...
Solving ridge regression (iterative, delta-reg=0.001)...
Solving ridge regression (iterative, delta-reg=0.001)...
Solving ridge regression (iterative, delta-reg=0.001)...
Solving ridge regression (iterative, delta-reg=0.001)...
Solving ridge regression (iterative, delta-reg=0.001)...
Solving ridge regression (iterative, delta-reg=0.001)...
Solving ridge regression (iterative, delta-reg=0.001)...
Solving ridge regression (iterative, delta-reg=0.001)...
Solving ridge regression (iterative, delta-reg=0.001)...
Solving ridge regression (iterative, delta-reg=0.001)...
Solving ridge regression (iterative, delta-reg=0.001)...
Solving ridge regression (iterative, delta-reg=0.001)...
Solving ridge regression (iterative, delta-reg=0.001)...
Solving ridge regression (iterative, delta-reg=0.001)...
Solving ridge regression (iterative, delta-reg=0.001)...
Solving ridge regression (iterative, delta-reg=0.001)...
Solving ridge regression (iterative, delta-reg=0.001)...
Solving ridge regression (iterative, delta-reg=0.001)...
Solving ridge regression (iterative, delta-reg=0.001)...
Solving ridge regression (iterative, delta-reg=0.001)...
Solving ridge regression (iterative, delta-reg=0.001)...
Solving ridge regression (iterative, delta-reg=0.001)...
Solving ridge regression (iterative, delta-reg=0.001)...
Solving ridge regression (iterative, delta-reg=0.001)...
Solving ridge regression (iterative, delta-reg=0.001)...
Solving ridge regression (iterative, delta-reg=0.001)...
Solving ridge regression (iterative, delta-reg=0.001)...
Solving ridge regression (iterative, delta-reg=0.001)...
Solving ridge regression (iterative, delta-reg=0.001)...
Solving ridge regression (iterative, delta-reg=0.001)...
Solving ridge regression (iterative, delta-reg=0.001)...
Solving ridge regression (iterative, delta-reg=0.001)...
Solving ridge regression (iterative, delta-reg=0.001)...
Solving ridge regression (iterative, delta-reg=0.001)...
Solving ridge regression (iterative, delta-reg=0.001)...
Solving ridge regression (iterative, delta-reg=0.001)...
Solving ridge regression (iterative, delta-reg=0.001)...
Solving ridge regression (iterative, delta-reg=0.001)...
Solving ridge regression (iterative, delta-reg=0.001)...
Solving ridge regression (iterative, delta-reg=0.001)...
Solving ridge regression (iterative, delta-reg=0.001)...
Solving ridge regression (iterative, delta-reg=0.001)...
Solving ridge regression (iterative, delta-reg=0.001)...
Solving ridge regression (iterative, delta-reg=0.001)...
Solving ridge regression (iterative, delta-reg=0.001)...
Solving ridge regression (iterative, delta-reg=0.001)...
[PnC diagnostic | calib] perturbation_scale=50.0
  Uncorrected shift (mean±std, 50 members): 101.1526 ± 8.2140
  Corrected   shift (mean±std, 50 members): 5.8579 ± 0.0782
  Correction reduction: 94.2%
[grid] (60/162) seed1 s1b0 ps50 bf0.2: ok nll=0.1555 (62s) [elapsed 2992s]
Solving ridge regression (iterative, delta-reg=0.001)...
Solving ridge regression (iterative, delta-reg=0.001)...
Solving ridge regression (iterative, delta-reg=0.001)...
Solving ridge regression (iterative, delta-reg=0.001)...
Solving ridge regression (iterative, delta-reg=0.001)...
Solving ridge regression (iterative, delta-reg=0.001)...
Solving ridge regression (iterative, delta-reg=0.001)...
Solving ridge regression (iterative, delta-reg=0.001)...
Solving ridge regression (iterative, delta-reg=0.001)...
Solving ridge regression (iterative, delta-reg=0.001)...
Solving ridge regression (iterative, delta-reg=0.001)...
Solving ridge regression (iterative, delta-reg=0.001)...
Solving ridge regression (iterative, delta-reg=0.001)...
Solving ridge regression (iterative, delta-reg=0.001)...
Solving ridge regression (iterative, delta-reg=0.001)...
Solving ridge regression (iterative, delta-reg=0.001)...
Solving ridge regression (iterative, delta-reg=0.001)...
Solving ridge regression (iterative, delta-reg=0.001)...
Solving ridge regression (iterative, delta-reg=0.001)...
Solving ridge regression (iterative, delta-reg=0.001)...
Solving ridge regression (iterative, delta-reg=0.001)...
Solving ridge regression (iterative, delta-reg=0.001)...
Solving ridge regression (iterative, delta-reg=0.001)...
Solving ridge regression (iterative, delta-reg=0.001)...
Solving ridge regression (iterative, delta-reg=0.001)...
Solving ridge regression (iterative, delta-reg=0.001)...
Solving ridge regression (iterative, delta-reg=0.001)...
Solving ridge regression (iterative, delta-reg=0.001)...
Solving ridge regression (iterative, delta-reg=0.001)...
Solving ridge regression (iterative, delta-reg=0.001)...
Solving ridge regression (iterative, delta-reg=0.001)...
Solving ridge regression (iterative, delta-reg=0.001)...
Solving ridge regression (iterative, delta-reg=0.001)...
Solving ridge regression (iterative, delta-reg=0.001)...
Solving ridge regression (iterative, delta-reg=0.001)...
Solving ridge regression (iterative, delta-reg=0.001)...
Solving ridge regression (iterative, delta-reg=0.001)...
Solving ridge regression (iterative, delta-reg=0.001)...
Solving ridge regression (iterative, delta-reg=0.001)...
Solving ridge regression (iterative, delta-reg=0.001)...
Solving ridge regression (iterative, delta-reg=0.001)...
Solving ridge regression (iterative, delta-reg=0.001)...
Solving ridge regression (iterative, delta-reg=0.001)...
Solving ridge regression (iterative, delta-reg=0.001)...
Solving ridge regression (iterative, delta-reg=0.001)...
Solving ridge regression (iterative, delta-reg=0.001)...
Solving ridge regression (iterative, delta-reg=0.001)...
Solving ridge regression (iterative, delta-reg=0.001)...
Solving ridge regression (iterative, delta-reg=0.001)...
Solving ridge regression (iterative, delta-reg=0.001)...
[PnC diagnostic | calib] perturbation_scale=100.0
  Uncorrected shift (mean±std, 50 members): 220.7926 ± 17.1047
  Corrected   shift (mean±std, 50 members): 6.3570 ± 0.0936
  Correction reduction: 97.1%
[grid] (61/162) seed1 s1b0 ps100 bf0.05: ok nll=0.1565 (61s) [elapsed 3054s]
Solving ridge regression (iterative, delta-reg=0.001)...
Solving ridge regression (iterative, delta-reg=0.001)...
Solving ridge regression (iterative, delta-reg=0.001)...
Solving ridge regression (iterative, delta-reg=0.001)...
Solving ridge regression (iterative, delta-reg=0.001)...
Solving ridge regression (iterative, delta-reg=0.001)...
Solving ridge regression (iterative, delta-reg=0.001)...
Solving ridge regression (iterative, delta-reg=0.001)...
Solving ridge regression (iterative, delta-reg=0.001)...
Solving ridge regression (iterative, delta-reg=0.001)...
Solving ridge regression (iterative, delta-reg=0.001)...
Solving ridge regression (iterative, delta-reg=0.001)...
Solving ridge regression (iterative, delta-reg=0.001)...
Solving ridge regression (iterative, delta-reg=0.001)...
Solving ridge regression (iterative, delta-reg=0.001)...
Solving ridge regression (iterative, delta-reg=0.001)...
Solving ridge regression (iterative, delta-reg=0.001)...
Solving ridge regression (iterative, delta-reg=0.001)...
Solving ridge regression (iterative, delta-reg=0.001)...
Solving ridge regression (iterative, delta-reg=0.001)...
Solving ridge regression (iterative, delta-reg=0.001)...
Solving ridge regression (iterative, delta-reg=0.001)...
Solving ridge regression (iterative, delta-reg=0.001)...
Solving ridge regression (iterative, delta-reg=0.001)...
Solving ridge regression (iterative, delta-reg=0.001)...
Solving ridge regression (iterative, delta-reg=0.001)...
Solving ridge regression (iterative, delta-reg=0.001)...
Solving ridge regression (iterative, delta-reg=0.001)...
Solving ridge regression (iterative, delta-reg=0.001)...
Solving ridge regression (iterative, delta-reg=0.001)...
Solving ridge regression (iterative, delta-reg=0.001)...
Solving ridge regression (iterative, delta-reg=0.001)...
Solving ridge regression (iterative, delta-reg=0.001)...
Solving ridge regression (iterative, delta-reg=0.001)...
Solving ridge regression (iterative, delta-reg=0.001)...
Solving ridge regression (iterative, delta-reg=0.001)...
Solving ridge regression (iterative, delta-reg=0.001)...
Solving ridge regression (iterative, delta-reg=0.001)...
Solving ridge regression (iterative, delta-reg=0.001)...
Solving ridge regression (iterative, delta-reg=0.001)...
Solving ridge regression (iterative, delta-reg=0.001)...
Solving ridge regression (iterative, delta-reg=0.001)...
Solving ridge regression (iterative, delta-reg=0.001)...
Solving ridge regression (iterative, delta-reg=0.001)...
Solving ridge regression (iterative, delta-reg=0.001)...
Solving ridge regression (iterative, delta-reg=0.001)...
Solving ridge regression (iterative, delta-reg=0.001)...
Solving ridge regression (iterative, delta-reg=0.001)...
Solving ridge regression (iterative, delta-reg=0.001)...
Solving ridge regression (iterative, delta-reg=0.001)...
[PnC diagnostic | calib] perturbation_scale=100.0
  Uncorrected shift (mean±std, 50 members): 220.7926 ± 17.1047
  Corrected   shift (mean±std, 50 members): 6.1180 ± 0.0782
  Correction reduction: 97.2%
[grid] (62/162) seed1 s1b0 ps100 bf0.1: ok nll=0.1577 (61s) [elapsed 3114s]
Solving ridge regression (iterative, delta-reg=0.001)...
Solving ridge regression (iterative, delta-reg=0.001)...
Solving ridge regression (iterative, delta-reg=0.001)...
Solving ridge regression (iterative, delta-reg=0.001)...
Solving ridge regression (iterative, delta-reg=0.001)...
Solving ridge regression (iterative, delta-reg=0.001)...
Solving ridge regression (iterative, delta-reg=0.001)...
Solving ridge regression (iterative, delta-reg=0.001)...
Solving ridge regression (iterative, delta-reg=0.001)...
Solving ridge regression (iterative, delta-reg=0.001)...
Solving ridge regression (iterative, delta-reg=0.001)...
Solving ridge regression (iterative, delta-reg=0.001)...
Solving ridge regression (iterative, delta-reg=0.001)...
Solving ridge regression (iterative, delta-reg=0.001)...
Solving ridge regression (iterative, delta-reg=0.001)...
Solving ridge regression (iterative, delta-reg=0.001)...
Solving ridge regression (iterative, delta-reg=0.001)...
Solving ridge regression (iterative, delta-reg=0.001)...
Solving ridge regression (iterative, delta-reg=0.001)...
Solving ridge regression (iterative, delta-reg=0.001)...
Solving ridge regression (iterative, delta-reg=0.001)...
Solving ridge regression (iterative, delta-reg=0.001)...
Solving ridge regression (iterative, delta-reg=0.001)...
Solving ridge regression (iterative, delta-reg=0.001)...
Solving ridge regression (iterative, delta-reg=0.001)...
Solving ridge regression (iterative, delta-reg=0.001)...
Solving ridge regression (iterative, delta-reg=0.001)...
Solving ridge regression (iterative, delta-reg=0.001)...
Solving ridge regression (iterative, delta-reg=0.001)...
Solving ridge regression (iterative, delta-reg=0.001)...
Solving ridge regression (iterative, delta-reg=0.001)...
Solving ridge regression (iterative, delta-reg=0.001)...
Solving ridge regression (iterative, delta-reg=0.001)...
Solving ridge regression (iterative, delta-reg=0.001)...
Solving ridge regression (iterative, delta-reg=0.001)...
Solving ridge regression (iterative, delta-reg=0.001)...
Solving ridge regression (iterative, delta-reg=0.001)...
Solving ridge regression (iterative, delta-reg=0.001)...
Solving ridge regression (iterative, delta-reg=0.001)...
Solving ridge regression (iterative, delta-reg=0.001)...
Solving ridge regression (iterative, delta-reg=0.001)...
Solving ridge regression (iterative, delta-reg=0.001)...
Solving ridge regression (iterative, delta-reg=0.001)...
Solving ridge regression (iterative, delta-reg=0.001)...
Solving ridge regression (iterative, delta-reg=0.001)...
Solving ridge regression (iterative, delta-reg=0.001)...
Solving ridge regression (iterative, delta-reg=0.001)...
Solving ridge regression (iterative, delta-reg=0.001)...
Solving ridge regression (iterative, delta-reg=0.001)...
Solving ridge regression (iterative, delta-reg=0.001)...
[PnC diagnostic | calib] perturbation_scale=100.0
  Uncorrected shift (mean±std, 50 members): 220.7926 ± 17.1047
  Corrected   shift (mean±std, 50 members): 6.0023 ± 0.0801
  Correction reduction: 97.3%
[grid] (63/162) seed1 s1b0 ps100 bf0.2: ok nll=0.1577 (61s) [elapsed 3175s]
Solving ridge regression (iterative, delta-reg=0.001)...
Solving ridge regression (iterative, delta-reg=0.001)...
Solving ridge regression (iterative, delta-reg=0.001)...
Solving ridge regression (iterative, delta-reg=0.001)...
Solving ridge regression (iterative, delta-reg=0.001)...
Solving ridge regression (iterative, delta-reg=0.001)...
Solving ridge regression (iterative, delta-reg=0.001)...
Solving ridge regression (iterative, delta-reg=0.001)...
Solving ridge regression (iterative, delta-reg=0.001)...
Solving ridge regression (iterative, delta-reg=0.001)...
Solving ridge regression (iterative, delta-reg=0.001)...
Solving ridge regression (iterative, delta-reg=0.001)...
Solving ridge regression (iterative, delta-reg=0.001)...
Solving ridge regression (iterative, delta-reg=0.001)...
Solving ridge regression (iterative, delta-reg=0.001)...
Solving ridge regression (iterative, delta-reg=0.001)...
Solving ridge regression (iterative, delta-reg=0.001)...
Solving ridge regression (iterative, delta-reg=0.001)...
Solving ridge regression (iterative, delta-reg=0.001)...
Solving ridge regression (iterative, delta-reg=0.001)...
Solving ridge regression (iterative, delta-reg=0.001)...
Solving ridge regression (iterative, delta-reg=0.001)...
Solving ridge regression (iterative, delta-reg=0.001)...
Solving ridge regression (iterative, delta-reg=0.001)...
Solving ridge regression (iterative, delta-reg=0.001)...
Solving ridge regression (iterative, delta-reg=0.001)...
Solving ridge regression (iterative, delta-reg=0.001)...
Solving ridge regression (iterative, delta-reg=0.001)...
Solving ridge regression (iterative, delta-reg=0.001)...
Solving ridge regression (iterative, delta-reg=0.001)...
Solving ridge regression (iterative, delta-reg=0.001)...
Solving ridge regression (iterative, delta-reg=0.001)...
Solving ridge regression (iterative, delta-reg=0.001)...
Solving ridge regression (iterative, delta-reg=0.001)...
Solving ridge regression (iterative, delta-reg=0.001)...
Solving ridge regression (iterative, delta-reg=0.001)...
Solving ridge regression (iterative, delta-reg=0.001)...
Solving ridge regression (iterative, delta-reg=0.001)...
Solving ridge regression (iterative, delta-reg=0.001)...
Solving ridge regression (iterative, delta-reg=0.001)...
Solving ridge regression (iterative, delta-reg=0.001)...
Solving ridge regression (iterative, delta-reg=0.001)...
Solving ridge regression (iterative, delta-reg=0.001)...
Solving ridge regression (iterative, delta-reg=0.001)...
Solving ridge regression (iterative, delta-reg=0.001)...
Solving ridge regression (iterative, delta-reg=0.001)...
Solving ridge regression (iterative, delta-reg=0.001)...
Solving ridge regression (iterative, delta-reg=0.001)...
Solving ridge regression (iterative, delta-reg=0.001)...
Solving ridge regression (iterative, delta-reg=0.001)...
[PnC diagnostic | calib] perturbation_scale=25.0
  Uncorrected shift (mean±std, 50 members): 42.9363 ± 2.7039
  Corrected   shift (mean±std, 50 members): 4.3441 ± 0.0367
  Correction reduction: 89.9%
[grid] (64/162) seed1 s1b1 ps25 bf0.05: ok nll=0.1589 (60s) [elapsed 3235s]
Solving ridge regression (iterative, delta-reg=0.001)...
Solving ridge regression (iterative, delta-reg=0.001)...
Solving ridge regression (iterative, delta-reg=0.001)...
Solving ridge regression (iterative, delta-reg=0.001)...
Solving ridge regression (iterative, delta-reg=0.001)...
Solving ridge regression (iterative, delta-reg=0.001)...
Solving ridge regression (iterative, delta-reg=0.001)...
Solving ridge regression (iterative, delta-reg=0.001)...
Solving ridge regression (iterative, delta-reg=0.001)...
Solving ridge regression (iterative, delta-reg=0.001)...
Solving ridge regression (iterative, delta-reg=0.001)...
Solving ridge regression (iterative, delta-reg=0.001)...
Solving ridge regression (iterative, delta-reg=0.001)...
Solving ridge regression (iterative, delta-reg=0.001)...
Solving ridge regression (iterative, delta-reg=0.001)...
Solving ridge regression (iterative, delta-reg=0.001)...
Solving ridge regression (iterative, delta-reg=0.001)...
Solving ridge regression (iterative, delta-reg=0.001)...
Solving ridge regression (iterative, delta-reg=0.001)...
Solving ridge regression (iterative, delta-reg=0.001)...
Solving ridge regression (iterative, delta-reg=0.001)...
Solving ridge regression (iterative, delta-reg=0.001)...
Solving ridge regression (iterative, delta-reg=0.001)...
Solving ridge regression (iterative, delta-reg=0.001)...
Solving ridge regression (iterative, delta-reg=0.001)...
Solving ridge regression (iterative, delta-reg=0.001)...
Solving ridge regression (iterative, delta-reg=0.001)...
Solving ridge regression (iterative, delta-reg=0.001)...
Solving ridge regression (iterative, delta-reg=0.001)...
Solving ridge regression (iterative, delta-reg=0.001)...
Solving ridge regression (iterative, delta-reg=0.001)...
Solving ridge regression (iterative, delta-reg=0.001)...
Solving ridge regression (iterative, delta-reg=0.001)...
Solving ridge regression (iterative, delta-reg=0.001)...
Solving ridge regression (iterative, delta-reg=0.001)...
Solving ridge regression (iterative, delta-reg=0.001)...
Solving ridge regression (iterative, delta-reg=0.001)...
Solving ridge regression (iterative, delta-reg=0.001)...
Solving ridge regression (iterative, delta-reg=0.001)...
Solving ridge regression (iterative, delta-reg=0.001)...
Solving ridge regression (iterative, delta-reg=0.001)...
Solving ridge regression (iterative, delta-reg=0.001)...
Solving ridge regression (iterative, delta-reg=0.001)...
Solving ridge regression (iterative, delta-reg=0.001)...
Solving ridge regression (iterative, delta-reg=0.001)...
Solving ridge regression (iterative, delta-reg=0.001)...
Solving ridge regression (iterative, delta-reg=0.001)...
Solving ridge regression (iterative, delta-reg=0.001)...
Solving ridge regression (iterative, delta-reg=0.001)...
Solving ridge regression (iterative, delta-reg=0.001)...
[PnC diagnostic | calib] perturbation_scale=25.0
  Uncorrected shift (mean±std, 50 members): 42.9363 ± 2.7039
  Corrected   shift (mean±std, 50 members): 4.1828 ± 0.0312
  Correction reduction: 90.3%
[grid] (65/162) seed1 s1b1 ps25 bf0.1: ok nll=0.1596 (61s) [elapsed 3297s]
Solving ridge regression (iterative, delta-reg=0.001)...
Solving ridge regression (iterative, delta-reg=0.001)...
Solving ridge regression (iterative, delta-reg=0.001)...
Solving ridge regression (iterative, delta-reg=0.001)...
Solving ridge regression (iterative, delta-reg=0.001)...
Solving ridge regression (iterative, delta-reg=0.001)...
Solving ridge regression (iterative, delta-reg=0.001)...
Solving ridge regression (iterative, delta-reg=0.001)...
Solving ridge regression (iterative, delta-reg=0.001)...
Solving ridge regression (iterative, delta-reg=0.001)...
Solving ridge regression (iterative, delta-reg=0.001)...
Solving ridge regression (iterative, delta-reg=0.001)...
Solving ridge regression (iterative, delta-reg=0.001)...
Solving ridge regression (iterative, delta-reg=0.001)...
Solving ridge regression (iterative, delta-reg=0.001)...
Solving ridge regression (iterative, delta-reg=0.001)...
Solving ridge regression (iterative, delta-reg=0.001)...
Solving ridge regression (iterative, delta-reg=0.001)...
Solving ridge regression (iterative, delta-reg=0.001)...
Solving ridge regression (iterative, delta-reg=0.001)...
Solving ridge regression (iterative, delta-reg=0.001)...
Solving ridge regression (iterative, delta-reg=0.001)...
Solving ridge regression (iterative, delta-reg=0.001)...
Solving ridge regression (iterative, delta-reg=0.001)...
Solving ridge regression (iterative, delta-reg=0.001)...
Solving ridge regression (iterative, delta-reg=0.001)...
Solving ridge regression (iterative, delta-reg=0.001)...
Solving ridge regression (iterative, delta-reg=0.001)...
Solving ridge regression (iterative, delta-reg=0.001)...
Solving ridge regression (iterative, delta-reg=0.001)...
Solving ridge regression (iterative, delta-reg=0.001)...
Solving ridge regression (iterative, delta-reg=0.001)...
Solving ridge regression (iterative, delta-reg=0.001)...
Solving ridge regression (iterative, delta-reg=0.001)...
Solving ridge regression (iterative, delta-reg=0.001)...
Solving ridge regression (iterative, delta-reg=0.001)...
Solving ridge regression (iterative, delta-reg=0.001)...
Solving ridge regression (iterative, delta-reg=0.001)...
Solving ridge regression (iterative, delta-reg=0.001)...
Solving ridge regression (iterative, delta-reg=0.001)...
Solving ridge regression (iterative, delta-reg=0.001)...
Solving ridge regression (iterative, delta-reg=0.001)...
Solving ridge regression (iterative, delta-reg=0.001)...
Solving ridge regression (iterative, delta-reg=0.001)...
Solving ridge regression (iterative, delta-reg=0.001)...
Solving ridge regression (iterative, delta-reg=0.001)...
Solving ridge regression (iterative, delta-reg=0.001)...
Solving ridge regression (iterative, delta-reg=0.001)...
Solving ridge regression (iterative, delta-reg=0.001)...
Solving ridge regression (iterative, delta-reg=0.001)...
[PnC diagnostic | calib] perturbation_scale=25.0
  Uncorrected shift (mean±std, 50 members): 42.9363 ± 2.7039
  Corrected   shift (mean±std, 50 members): 4.1046 ± 0.0314
  Correction reduction: 90.4%
[grid] (66/162) seed1 s1b1 ps25 bf0.2: ok nll=0.1599 (61s) [elapsed 3358s]
Solving ridge regression (iterative, delta-reg=0.001)...
Solving ridge regression (iterative, delta-reg=0.001)...
Solving ridge regression (iterative, delta-reg=0.001)...
Solving ridge regression (iterative, delta-reg=0.001)...
Solving ridge regression (iterative, delta-reg=0.001)...
Solving ridge regression (iterative, delta-reg=0.001)...
Solving ridge regression (iterative, delta-reg=0.001)...
Solving ridge regression (iterative, delta-reg=0.001)...
Solving ridge regression (iterative, delta-reg=0.001)...
Solving ridge regression (iterative, delta-reg=0.001)...
Solving ridge regression (iterative, delta-reg=0.001)...
Solving ridge regression (iterative, delta-reg=0.001)...
Solving ridge regression (iterative, delta-reg=0.001)...
Solving ridge regression (iterative, delta-reg=0.001)...
Solving ridge regression (iterative, delta-reg=0.001)...
Solving ridge regression (iterative, delta-reg=0.001)...
Solving ridge regression (iterative, delta-reg=0.001)...
Solving ridge regression (iterative, delta-reg=0.001)...
Solving ridge regression (iterative, delta-reg=0.001)...
Solving ridge regression (iterative, delta-reg=0.001)...
Solving ridge regression (iterative, delta-reg=0.001)...
Solving ridge regression (iterative, delta-reg=0.001)...
Solving ridge regression (iterative, delta-reg=0.001)...
Solving ridge regression (iterative, delta-reg=0.001)...
Solving ridge regression (iterative, delta-reg=0.001)...
Solving ridge regression (iterative, delta-reg=0.001)...
Solving ridge regression (iterative, delta-reg=0.001)...
Solving ridge regression (iterative, delta-reg=0.001)...
Solving ridge regression (iterative, delta-reg=0.001)...
Solving ridge regression (iterative, delta-reg=0.001)...
Solving ridge regression (iterative, delta-reg=0.001)...
Solving ridge regression (iterative, delta-reg=0.001)...
Solving ridge regression (iterative, delta-reg=0.001)...
Solving ridge regression (iterative, delta-reg=0.001)...
Solving ridge regression (iterative, delta-reg=0.001)...
Solving ridge regression (iterative, delta-reg=0.001)...
Solving ridge regression (iterative, delta-reg=0.001)...
Solving ridge regression (iterative, delta-reg=0.001)...
Solving ridge regression (iterative, delta-reg=0.001)...
Solving ridge regression (iterative, delta-reg=0.001)...
Solving ridge regression (iterative, delta-reg=0.001)...
Solving ridge regression (iterative, delta-reg=0.001)...
Solving ridge regression (iterative, delta-reg=0.001)...
Solving ridge regression (iterative, delta-reg=0.001)...
Solving ridge regression (iterative, delta-reg=0.001)...
Solving ridge regression (iterative, delta-reg=0.001)...
Solving ridge regression (iterative, delta-reg=0.001)...
Solving ridge regression (iterative, delta-reg=0.001)...
Solving ridge regression (iterative, delta-reg=0.001)...
Solving ridge regression (iterative, delta-reg=0.001)...
[PnC diagnostic | calib] perturbation_scale=50.0
  Uncorrected shift (mean±std, 50 members): 101.1491 ± 5.8471
  Corrected   shift (mean±std, 50 members): 4.5060 ± 0.0400
  Correction reduction: 95.5%
[grid] (67/162) seed1 s1b1 ps50 bf0.05: ok nll=0.1607 (61s) [elapsed 3419s]
Solving ridge regression (iterative, delta-reg=0.001)...
Solving ridge regression (iterative, delta-reg=0.001)...
Solving ridge regression (iterative, delta-reg=0.001)...
Solving ridge regression (iterative, delta-reg=0.001)...
Solving ridge regression (iterative, delta-reg=0.001)...
Solving ridge regression (iterative, delta-reg=0.001)...
Solving ridge regression (iterative, delta-reg=0.001)...
Solving ridge regression (iterative, delta-reg=0.001)...
Solving ridge regression (iterative, delta-reg=0.001)...
Solving ridge regression (iterative, delta-reg=0.001)...
Solving ridge regression (iterative, delta-reg=0.001)...
Solving ridge regression (iterative, delta-reg=0.001)...
Solving ridge regression (iterative, delta-reg=0.001)...
Solving ridge regression (iterative, delta-reg=0.001)...
Solving ridge regression (iterative, delta-reg=0.001)...
Solving ridge regression (iterative, delta-reg=0.001)...
Solving ridge regression (iterative, delta-reg=0.001)...
Solving ridge regression (iterative, delta-reg=0.001)...
Solving ridge regression (iterative, delta-reg=0.001)...
Solving ridge regression (iterative, delta-reg=0.001)...
Solving ridge regression (iterative, delta-reg=0.001)...
Solving ridge regression (iterative, delta-reg=0.001)...
Solving ridge regression (iterative, delta-reg=0.001)...
Solving ridge regression (iterative, delta-reg=0.001)...
Solving ridge regression (iterative, delta-reg=0.001)...
Solving ridge regression (iterative, delta-reg=0.001)...
Solving ridge regression (iterative, delta-reg=0.001)...
Solving ridge regression (iterative, delta-reg=0.001)...
Solving ridge regression (iterative, delta-reg=0.001)...
Solving ridge regression (iterative, delta-reg=0.001)...
Solving ridge regression (iterative, delta-reg=0.001)...
Solving ridge regression (iterative, delta-reg=0.001)...
Solving ridge regression (iterative, delta-reg=0.001)...
Solving ridge regression (iterative, delta-reg=0.001)...
Solving ridge regression (iterative, delta-reg=0.001)...
Solving ridge regression (iterative, delta-reg=0.001)...
Solving ridge regression (iterative, delta-reg=0.001)...
Solving ridge regression (iterative, delta-reg=0.001)...
Solving ridge regression (iterative, delta-reg=0.001)...
Solving ridge regression (iterative, delta-reg=0.001)...
Solving ridge regression (iterative, delta-reg=0.001)...
Solving ridge regression (iterative, delta-reg=0.001)...
Solving ridge regression (iterative, delta-reg=0.001)...
Solving ridge regression (iterative, delta-reg=0.001)...
Solving ridge regression (iterative, delta-reg=0.001)...
Solving ridge regression (iterative, delta-reg=0.001)...
Solving ridge regression (iterative, delta-reg=0.001)...
Solving ridge regression (iterative, delta-reg=0.001)...
Solving ridge regression (iterative, delta-reg=0.001)...
Solving ridge regression (iterative, delta-reg=0.001)...
[PnC diagnostic | calib] perturbation_scale=50.0
  Uncorrected shift (mean±std, 50 members): 101.1491 ± 5.8471
  Corrected   shift (mean±std, 50 members): 4.3385 ± 0.0343
  Correction reduction: 95.7%
[grid] (68/162) seed1 s1b1 ps50 bf0.1: ok nll=0.1614 (62s) [elapsed 3481s]
Solving ridge regression (iterative, delta-reg=0.001)...
Solving ridge regression (iterative, delta-reg=0.001)...
Solving ridge regression (iterative, delta-reg=0.001)...
Solving ridge regression (iterative, delta-reg=0.001)...
Solving ridge regression (iterative, delta-reg=0.001)...
Solving ridge regression (iterative, delta-reg=0.001)...
Solving ridge regression (iterative, delta-reg=0.001)...
Solving ridge regression (iterative, delta-reg=0.001)...
Solving ridge regression (iterative, delta-reg=0.001)...
Solving ridge regression (iterative, delta-reg=0.001)...
Solving ridge regression (iterative, delta-reg=0.001)...
Solving ridge regression (iterative, delta-reg=0.001)...
Solving ridge regression (iterative, delta-reg=0.001)...
Solving ridge regression (iterative, delta-reg=0.001)...
Solving ridge regression (iterative, delta-reg=0.001)...
Solving ridge regression (iterative, delta-reg=0.001)...
Solving ridge regression (iterative, delta-reg=0.001)...
Solving ridge regression (iterative, delta-reg=0.001)...
Solving ridge regression (iterative, delta-reg=0.001)...
Solving ridge regression (iterative, delta-reg=0.001)...
Solving ridge regression (iterative, delta-reg=0.001)...
Solving ridge regression (iterative, delta-reg=0.001)...
Solving ridge regression (iterative, delta-reg=0.001)...
Solving ridge regression (iterative, delta-reg=0.001)...
Solving ridge regression (iterative, delta-reg=0.001)...
Solving ridge regression (iterative, delta-reg=0.001)...
Solving ridge regression (iterative, delta-reg=0.001)...
Solving ridge regression (iterative, delta-reg=0.001)...
Solving ridge regression (iterative, delta-reg=0.001)...
Solving ridge regression (iterative, delta-reg=0.001)...
Solving ridge regression (iterative, delta-reg=0.001)...
Solving ridge regression (iterative, delta-reg=0.001)...
Solving ridge regression (iterative, delta-reg=0.001)...
Solving ridge regression (iterative, delta-reg=0.001)...
Solving ridge regression (iterative, delta-reg=0.001)...
Solving ridge regression (iterative, delta-reg=0.001)...
Solving ridge regression (iterative, delta-reg=0.001)...
Solving ridge regression (iterative, delta-reg=0.001)...
Solving ridge regression (iterative, delta-reg=0.001)...
Solving ridge regression (iterative, delta-reg=0.001)...
Solving ridge regression (iterative, delta-reg=0.001)...
Solving ridge regression (iterative, delta-reg=0.001)...
Solving ridge regression (iterative, delta-reg=0.001)...
Solving ridge regression (iterative, delta-reg=0.001)...
Solving ridge regression (iterative, delta-reg=0.001)...
Solving ridge regression (iterative, delta-reg=0.001)...
Solving ridge regression (iterative, delta-reg=0.001)...
Solving ridge regression (iterative, delta-reg=0.001)...
Solving ridge regression (iterative, delta-reg=0.001)...
Solving ridge regression (iterative, delta-reg=0.001)...
[PnC diagnostic | calib] perturbation_scale=50.0
  Uncorrected shift (mean±std, 50 members): 101.1491 ± 5.8471
  Corrected   shift (mean±std, 50 members): 4.2572 ± 0.0348
  Correction reduction: 95.8%
[grid] (69/162) seed1 s1b1 ps50 bf0.2: ok nll=0.1617 (61s) [elapsed 3542s]
Solving ridge regression (iterative, delta-reg=0.001)...
Solving ridge regression (iterative, delta-reg=0.001)...
Solving ridge regression (iterative, delta-reg=0.001)...
Solving ridge regression (iterative, delta-reg=0.001)...
Solving ridge regression (iterative, delta-reg=0.001)...
Solving ridge regression (iterative, delta-reg=0.001)...
Solving ridge regression (iterative, delta-reg=0.001)...
Solving ridge regression (iterative, delta-reg=0.001)...
Solving ridge regression (iterative, delta-reg=0.001)...
Solving ridge regression (iterative, delta-reg=0.001)...
Solving ridge regression (iterative, delta-reg=0.001)...
Solving ridge regression (iterative, delta-reg=0.001)...
Solving ridge regression (iterative, delta-reg=0.001)...
Solving ridge regression (iterative, delta-reg=0.001)...
Solving ridge regression (iterative, delta-reg=0.001)...
Solving ridge regression (iterative, delta-reg=0.001)...
Solving ridge regression (iterative, delta-reg=0.001)...
Solving ridge regression (iterative, delta-reg=0.001)...
Solving ridge regression (iterative, delta-reg=0.001)...
Solving ridge regression (iterative, delta-reg=0.001)...
Solving ridge regression (iterative, delta-reg=0.001)...
Solving ridge regression (iterative, delta-reg=0.001)...
Solving ridge regression (iterative, delta-reg=0.001)...
Solving ridge regression (iterative, delta-reg=0.001)...
Solving ridge regression (iterative, delta-reg=0.001)...
Solving ridge regression (iterative, delta-reg=0.001)...
Solving ridge regression (iterative, delta-reg=0.001)...
Solving ridge regression (iterative, delta-reg=0.001)...
Solving ridge regression (iterative, delta-reg=0.001)...
Solving ridge regression (iterative, delta-reg=0.001)...
Solving ridge regression (iterative, delta-reg=0.001)...
Solving ridge regression (iterative, delta-reg=0.001)...
Solving ridge regression (iterative, delta-reg=0.001)...
Solving ridge regression (iterative, delta-reg=0.001)...
Solving ridge regression (iterative, delta-reg=0.001)...
Solving ridge regression (iterative, delta-reg=0.001)...
Solving ridge regression (iterative, delta-reg=0.001)...
Solving ridge regression (iterative, delta-reg=0.001)...
Solving ridge regression (iterative, delta-reg=0.001)...
Solving ridge regression (iterative, delta-reg=0.001)...
Solving ridge regression (iterative, delta-reg=0.001)...
Solving ridge regression (iterative, delta-reg=0.001)...
Solving ridge regression (iterative, delta-reg=0.001)...
Solving ridge regression (iterative, delta-reg=0.001)...
Solving ridge regression (iterative, delta-reg=0.001)...
Solving ridge regression (iterative, delta-reg=0.001)...
Solving ridge regression (iterative, delta-reg=0.001)...
Solving ridge regression (iterative, delta-reg=0.001)...
Solving ridge regression (iterative, delta-reg=0.001)...
Solving ridge regression (iterative, delta-reg=0.001)...
[PnC diagnostic | calib] perturbation_scale=100.0
  Uncorrected shift (mean±std, 50 members): 220.7473 ± 12.1206
  Corrected   shift (mean±std, 50 members): 4.5305 ± 0.0399
  Correction reduction: 97.9%
[grid] (70/162) seed1 s1b1 ps100 bf0.05: ok nll=0.1610 (61s) [elapsed 3603s]
Solving ridge regression (iterative, delta-reg=0.001)...
Solving ridge regression (iterative, delta-reg=0.001)...
Solving ridge regression (iterative, delta-reg=0.001)...
Solving ridge regression (iterative, delta-reg=0.001)...
Solving ridge regression (iterative, delta-reg=0.001)...
Solving ridge regression (iterative, delta-reg=0.001)...
Solving ridge regression (iterative, delta-reg=0.001)...
Solving ridge regression (iterative, delta-reg=0.001)...
Solving ridge regression (iterative, delta-reg=0.001)...
Solving ridge regression (iterative, delta-reg=0.001)...
Solving ridge regression (iterative, delta-reg=0.001)...
Solving ridge regression (iterative, delta-reg=0.001)...
Solving ridge regression (iterative, delta-reg=0.001)...
Solving ridge regression (iterative, delta-reg=0.001)...
Solving ridge regression (iterative, delta-reg=0.001)...
Solving ridge regression (iterative, delta-reg=0.001)...
Solving ridge regression (iterative, delta-reg=0.001)...
Solving ridge regression (iterative, delta-reg=0.001)...
Solving ridge regression (iterative, delta-reg=0.001)...
Solving ridge regression (iterative, delta-reg=0.001)...
Solving ridge regression (iterative, delta-reg=0.001)...
Solving ridge regression (iterative, delta-reg=0.001)...
Solving ridge regression (iterative, delta-reg=0.001)...
Solving ridge regression (iterative, delta-reg=0.001)...
Solving ridge regression (iterative, delta-reg=0.001)...
Solving ridge regression (iterative, delta-reg=0.001)...
Solving ridge regression (iterative, delta-reg=0.001)...
Solving ridge regression (iterative, delta-reg=0.001)...
Solving ridge regression (iterative, delta-reg=0.001)...
Solving ridge regression (iterative, delta-reg=0.001)...
Solving ridge regression (iterative, delta-reg=0.001)...
Solving ridge regression (iterative, delta-reg=0.001)...
Solving ridge regression (iterative, delta-reg=0.001)...
Solving ridge regression (iterative, delta-reg=0.001)...
Solving ridge regression (iterative, delta-reg=0.001)...
Solving ridge regression (iterative, delta-reg=0.001)...
Solving ridge regression (iterative, delta-reg=0.001)...
Solving ridge regression (iterative, delta-reg=0.001)...
Solving ridge regression (iterative, delta-reg=0.001)...
Solving ridge regression (iterative, delta-reg=0.001)...
Solving ridge regression (iterative, delta-reg=0.001)...
Solving ridge regression (iterative, delta-reg=0.001)...
Solving ridge regression (iterative, delta-reg=0.001)...
Solving ridge regression (iterative, delta-reg=0.001)...
Solving ridge regression (iterative, delta-reg=0.001)...
Solving ridge regression (iterative, delta-reg=0.001)...
Solving ridge regression (iterative, delta-reg=0.001)...
Solving ridge regression (iterative, delta-reg=0.001)...
Solving ridge regression (iterative, delta-reg=0.001)...
Solving ridge regression (iterative, delta-reg=0.001)...
[PnC diagnostic | calib] perturbation_scale=100.0
  Uncorrected shift (mean±std, 50 members): 220.7473 ± 12.1206
  Corrected   shift (mean±std, 50 members): 4.3619 ± 0.0344
  Correction reduction: 98.0%
[grid] (71/162) seed1 s1b1 ps100 bf0.1: ok nll=0.1616 (61s) [elapsed 3664s]
Solving ridge regression (iterative, delta-reg=0.001)...
Solving ridge regression (iterative, delta-reg=0.001)...
Solving ridge regression (iterative, delta-reg=0.001)...
Solving ridge regression (iterative, delta-reg=0.001)...
Solving ridge regression (iterative, delta-reg=0.001)...
Solving ridge regression (iterative, delta-reg=0.001)...
Solving ridge regression (iterative, delta-reg=0.001)...
Solving ridge regression (iterative, delta-reg=0.001)...
Solving ridge regression (iterative, delta-reg=0.001)...
Solving ridge regression (iterative, delta-reg=0.001)...
Solving ridge regression (iterative, delta-reg=0.001)...
Solving ridge regression (iterative, delta-reg=0.001)...
Solving ridge regression (iterative, delta-reg=0.001)...
Solving ridge regression (iterative, delta-reg=0.001)...
Solving ridge regression (iterative, delta-reg=0.001)...
Solving ridge regression (iterative, delta-reg=0.001)...
Solving ridge regression (iterative, delta-reg=0.001)...
Solving ridge regression (iterative, delta-reg=0.001)...
Solving ridge regression (iterative, delta-reg=0.001)...
Solving ridge regression (iterative, delta-reg=0.001)...
Solving ridge regression (iterative, delta-reg=0.001)...
Solving ridge regression (iterative, delta-reg=0.001)...
Solving ridge regression (iterative, delta-reg=0.001)...
Solving ridge regression (iterative, delta-reg=0.001)...
Solving ridge regression (iterative, delta-reg=0.001)...
Solving ridge regression (iterative, delta-reg=0.001)...
Solving ridge regression (iterative, delta-reg=0.001)...
Solving ridge regression (iterative, delta-reg=0.001)...
Solving ridge regression (iterative, delta-reg=0.001)...
Solving ridge regression (iterative, delta-reg=0.001)...
Solving ridge regression (iterative, delta-reg=0.001)...
Solving ridge regression (iterative, delta-reg=0.001)...
Solving ridge regression (iterative, delta-reg=0.001)...
Solving ridge regression (iterative, delta-reg=0.001)...
Solving ridge regression (iterative, delta-reg=0.001)...
Solving ridge regression (iterative, delta-reg=0.001)...
Solving ridge regression (iterative, delta-reg=0.001)...
Solving ridge regression (iterative, delta-reg=0.001)...
Solving ridge regression (iterative, delta-reg=0.001)...
Solving ridge regression (iterative, delta-reg=0.001)...
Solving ridge regression (iterative, delta-reg=0.001)...
Solving ridge regression (iterative, delta-reg=0.001)...
Solving ridge regression (iterative, delta-reg=0.001)...
Solving ridge regression (iterative, delta-reg=0.001)...
Solving ridge regression (iterative, delta-reg=0.001)...
Solving ridge regression (iterative, delta-reg=0.001)...
Solving ridge regression (iterative, delta-reg=0.001)...
Solving ridge regression (iterative, delta-reg=0.001)...
Solving ridge regression (iterative, delta-reg=0.001)...
Solving ridge regression (iterative, delta-reg=0.001)...
[PnC diagnostic | calib] perturbation_scale=100.0
  Uncorrected shift (mean±std, 50 members): 220.7473 ± 12.1206
  Corrected   shift (mean±std, 50 members): 4.2800 ± 0.0349
  Correction reduction: 98.1%
[grid] (72/162) seed1 s1b1 ps100 bf0.2: ok nll=0.1620 (62s) [elapsed 3726s]
Solving ridge regression (iterative, delta-reg=0.001)...
Solving ridge regression (iterative, delta-reg=0.001)...
Solving ridge regression (iterative, delta-reg=0.001)...
Solving ridge regression (iterative, delta-reg=0.001)...
Solving ridge regression (iterative, delta-reg=0.001)...
Solving ridge regression (iterative, delta-reg=0.001)...
Solving ridge regression (iterative, delta-reg=0.001)...
Solving ridge regression (iterative, delta-reg=0.001)...
Solving ridge regression (iterative, delta-reg=0.001)...
Solving ridge regression (iterative, delta-reg=0.001)...
Solving ridge regression (iterative, delta-reg=0.001)...
Solving ridge regression (iterative, delta-reg=0.001)...
Solving ridge regression (iterative, delta-reg=0.001)...
Solving ridge regression (iterative, delta-reg=0.001)...
Solving ridge regression (iterative, delta-reg=0.001)...
Solving ridge regression (iterative, delta-reg=0.001)...
Solving ridge regression (iterative, delta-reg=0.001)...
Solving ridge regression (iterative, delta-reg=0.001)...
Solving ridge regression (iterative, delta-reg=0.001)...
Solving ridge regression (iterative, delta-reg=0.001)...
Solving ridge regression (iterative, delta-reg=0.001)...
Solving ridge regression (iterative, delta-reg=0.001)...
Solving ridge regression (iterative, delta-reg=0.001)...
Solving ridge regression (iterative, delta-reg=0.001)...
Solving ridge regression (iterative, delta-reg=0.001)...
Solving ridge regression (iterative, delta-reg=0.001)...
Solving ridge regression (iterative, delta-reg=0.001)...
Solving ridge regression (iterative, delta-reg=0.001)...
Solving ridge regression (iterative, delta-reg=0.001)...
Solving ridge regression (iterative, delta-reg=0.001)...
Solving ridge regression (iterative, delta-reg=0.001)...
Solving ridge regression (iterative, delta-reg=0.001)...
Solving ridge regression (iterative, delta-reg=0.001)...
Solving ridge regression (iterative, delta-reg=0.001)...
Solving ridge regression (iterative, delta-reg=0.001)...
Solving ridge regression (iterative, delta-reg=0.001)...
Solving ridge regression (iterative, delta-reg=0.001)...
Solving ridge regression (iterative, delta-reg=0.001)...
Solving ridge regression (iterative, delta-reg=0.001)...
Solving ridge regression (iterative, delta-reg=0.001)...
Solving ridge regression (iterative, delta-reg=0.001)...
Solving ridge regression (iterative, delta-reg=0.001)...
Solving ridge regression (iterative, delta-reg=0.001)...
Solving ridge regression (iterative, delta-reg=0.001)...
Solving ridge regression (iterative, delta-reg=0.001)...
Solving ridge regression (iterative, delta-reg=0.001)...
Solving ridge regression (iterative, delta-reg=0.001)...
Solving ridge regression (iterative, delta-reg=0.001)...
Solving ridge regression (iterative, delta-reg=0.001)...
Solving ridge regression (iterative, delta-reg=0.001)...
[PnC diagnostic | calib] perturbation_scale=25.0
  Uncorrected shift (mean±std, 50 members): 16.0463 ± 0.5577
  Corrected   shift (mean±std, 50 members): 5.7038 ± 0.1861
  Correction reduction: 64.5%
[grid] (73/162) seed1 s2b0 ps25 bf0.05: ok nll=0.1884 (60s) [elapsed 3785s]
Solving ridge regression (iterative, delta-reg=0.001)...
Solving ridge regression (iterative, delta-reg=0.001)...
Solving ridge regression (iterative, delta-reg=0.001)...
Solving ridge regression (iterative, delta-reg=0.001)...
Solving ridge regression (iterative, delta-reg=0.001)...
Solving ridge regression (iterative, delta-reg=0.001)...
Solving ridge regression (iterative, delta-reg=0.001)...
Solving ridge regression (iterative, delta-reg=0.001)...
Solving ridge regression (iterative, delta-reg=0.001)...
Solving ridge regression (iterative, delta-reg=0.001)...
Solving ridge regression (iterative, delta-reg=0.001)...
Solving ridge regression (iterative, delta-reg=0.001)...
Solving ridge regression (iterative, delta-reg=0.001)...
Solving ridge regression (iterative, delta-reg=0.001)...
Solving ridge regression (iterative, delta-reg=0.001)...
Solving ridge regression (iterative, delta-reg=0.001)...
Solving ridge regression (iterative, delta-reg=0.001)...
Solving ridge regression (iterative, delta-reg=0.001)...
Solving ridge regression (iterative, delta-reg=0.001)...
Solving ridge regression (iterative, delta-reg=0.001)...
Solving ridge regression (iterative, delta-reg=0.001)...
Solving ridge regression (iterative, delta-reg=0.001)...
Solving ridge regression (iterative, delta-reg=0.001)...
Solving ridge regression (iterative, delta-reg=0.001)...
Solving ridge regression (iterative, delta-reg=0.001)...
Solving ridge regression (iterative, delta-reg=0.001)...
Solving ridge regression (iterative, delta-reg=0.001)...
Solving ridge regression (iterative, delta-reg=0.001)...
Solving ridge regression (iterative, delta-reg=0.001)...
Solving ridge regression (iterative, delta-reg=0.001)...
Solving ridge regression (iterative, delta-reg=0.001)...
Solving ridge regression (iterative, delta-reg=0.001)...
Solving ridge regression (iterative, delta-reg=0.001)...
Solving ridge regression (iterative, delta-reg=0.001)...
Solving ridge regression (iterative, delta-reg=0.001)...
Solving ridge regression (iterative, delta-reg=0.001)...
Solving ridge regression (iterative, delta-reg=0.001)...
Solving ridge regression (iterative, delta-reg=0.001)...
Solving ridge regression (iterative, delta-reg=0.001)...
Solving ridge regression (iterative, delta-reg=0.001)...
Solving ridge regression (iterative, delta-reg=0.001)...
Solving ridge regression (iterative, delta-reg=0.001)...
Solving ridge regression (iterative, delta-reg=0.001)...
Solving ridge regression (iterative, delta-reg=0.001)...
Solving ridge regression (iterative, delta-reg=0.001)...
Solving ridge regression (iterative, delta-reg=0.001)...
Solving ridge regression (iterative, delta-reg=0.001)...
Solving ridge regression (iterative, delta-reg=0.001)...
Solving ridge regression (iterative, delta-reg=0.001)...
Solving ridge regression (iterative, delta-reg=0.001)...
[PnC diagnostic | calib] perturbation_scale=25.0
  Uncorrected shift (mean±std, 50 members): 16.0463 ± 0.5577
  Corrected   shift (mean±std, 50 members): 3.6667 ± 0.0349
  Correction reduction: 77.1%
[grid] (74/162) seed1 s2b0 ps25 bf0.1: ok nll=0.1504 (60s) [elapsed 3845s]
Solving ridge regression (iterative, delta-reg=0.001)...
Solving ridge regression (iterative, delta-reg=0.001)...
Solving ridge regression (iterative, delta-reg=0.001)...
Solving ridge regression (iterative, delta-reg=0.001)...
Solving ridge regression (iterative, delta-reg=0.001)...
Solving ridge regression (iterative, delta-reg=0.001)...
Solving ridge regression (iterative, delta-reg=0.001)...
Solving ridge regression (iterative, delta-reg=0.001)...
Solving ridge regression (iterative, delta-reg=0.001)...
Solving ridge regression (iterative, delta-reg=0.001)...
Solving ridge regression (iterative, delta-reg=0.001)...
Solving ridge regression (iterative, delta-reg=0.001)...
Solving ridge regression (iterative, delta-reg=0.001)...
Solving ridge regression (iterative, delta-reg=0.001)...
Solving ridge regression (iterative, delta-reg=0.001)...
Solving ridge regression (iterative, delta-reg=0.001)...
Solving ridge regression (iterative, delta-reg=0.001)...
Solving ridge regression (iterative, delta-reg=0.001)...
Solving ridge regression (iterative, delta-reg=0.001)...
Solving ridge regression (iterative, delta-reg=0.001)...
Solving ridge regression (iterative, delta-reg=0.001)...
Solving ridge regression (iterative, delta-reg=0.001)...
Solving ridge regression (iterative, delta-reg=0.001)...
Solving ridge regression (iterative, delta-reg=0.001)...
Solving ridge regression (iterative, delta-reg=0.001)...
Solving ridge regression (iterative, delta-reg=0.001)...
Solving ridge regression (iterative, delta-reg=0.001)...
Solving ridge regression (iterative, delta-reg=0.001)...
Solving ridge regression (iterative, delta-reg=0.001)...
Solving ridge regression (iterative, delta-reg=0.001)...
Solving ridge regression (iterative, delta-reg=0.001)...
Solving ridge regression (iterative, delta-reg=0.001)...
Solving ridge regression (iterative, delta-reg=0.001)...
Solving ridge regression (iterative, delta-reg=0.001)...
Solving ridge regression (iterative, delta-reg=0.001)...
Solving ridge regression (iterative, delta-reg=0.001)...
Solving ridge regression (iterative, delta-reg=0.001)...
Solving ridge regression (iterative, delta-reg=0.001)...
Solving ridge regression (iterative, delta-reg=0.001)...
Solving ridge regression (iterative, delta-reg=0.001)...
Solving ridge regression (iterative, delta-reg=0.001)...
Solving ridge regression (iterative, delta-reg=0.001)...
Solving ridge regression (iterative, delta-reg=0.001)...
Solving ridge regression (iterative, delta-reg=0.001)...
Solving ridge regression (iterative, delta-reg=0.001)...
Solving ridge regression (iterative, delta-reg=0.001)...
Solving ridge regression (iterative, delta-reg=0.001)...
Solving ridge regression (iterative, delta-reg=0.001)...
Solving ridge regression (iterative, delta-reg=0.001)...
Solving ridge regression (iterative, delta-reg=0.001)...
[PnC diagnostic | calib] perturbation_scale=25.0
  Uncorrected shift (mean±std, 50 members): 16.0463 ± 0.5577
  Corrected   shift (mean±std, 50 members): 3.1745 ± 0.0233
  Correction reduction: 80.2%
[grid] (75/162) seed1 s2b0 ps25 bf0.2: ok nll=0.1510 (60s) [elapsed 3905s]
Solving ridge regression (iterative, delta-reg=0.001)...
Solving ridge regression (iterative, delta-reg=0.001)...
Solving ridge regression (iterative, delta-reg=0.001)...
Solving ridge regression (iterative, delta-reg=0.001)...
Solving ridge regression (iterative, delta-reg=0.001)...
Solving ridge regression (iterative, delta-reg=0.001)...
Solving ridge regression (iterative, delta-reg=0.001)...
Solving ridge regression (iterative, delta-reg=0.001)...
Solving ridge regression (iterative, delta-reg=0.001)...
Solving ridge regression (iterative, delta-reg=0.001)...
Solving ridge regression (iterative, delta-reg=0.001)...
Solving ridge regression (iterative, delta-reg=0.001)...
Solving ridge regression (iterative, delta-reg=0.001)...
Solving ridge regression (iterative, delta-reg=0.001)...
Solving ridge regression (iterative, delta-reg=0.001)...
Solving ridge regression (iterative, delta-reg=0.001)...
Solving ridge regression (iterative, delta-reg=0.001)...
Solving ridge regression (iterative, delta-reg=0.001)...
Solving ridge regression (iterative, delta-reg=0.001)...
Solving ridge regression (iterative, delta-reg=0.001)...
Solving ridge regression (iterative, delta-reg=0.001)...
Solving ridge regression (iterative, delta-reg=0.001)...
Solving ridge regression (iterative, delta-reg=0.001)...
Solving ridge regression (iterative, delta-reg=0.001)...
Solving ridge regression (iterative, delta-reg=0.001)...
Solving ridge regression (iterative, delta-reg=0.001)...
Solving ridge regression (iterative, delta-reg=0.001)...
Solving ridge regression (iterative, delta-reg=0.001)...
Solving ridge regression (iterative, delta-reg=0.001)...
Solving ridge regression (iterative, delta-reg=0.001)...
Solving ridge regression (iterative, delta-reg=0.001)...
Solving ridge regression (iterative, delta-reg=0.001)...
Solving ridge regression (iterative, delta-reg=0.001)...
Solving ridge regression (iterative, delta-reg=0.001)...
Solving ridge regression (iterative, delta-reg=0.001)...
Solving ridge regression (iterative, delta-reg=0.001)...
Solving ridge regression (iterative, delta-reg=0.001)...
Solving ridge regression (iterative, delta-reg=0.001)...
Solving ridge regression (iterative, delta-reg=0.001)...
Solving ridge regression (iterative, delta-reg=0.001)...
Solving ridge regression (iterative, delta-reg=0.001)...
Solving ridge regression (iterative, delta-reg=0.001)...
Solving ridge regression (iterative, delta-reg=0.001)...
Solving ridge regression (iterative, delta-reg=0.001)...
Solving ridge regression (iterative, delta-reg=0.001)...
Solving ridge regression (iterative, delta-reg=0.001)...
Solving ridge regression (iterative, delta-reg=0.001)...
Solving ridge regression (iterative, delta-reg=0.001)...
Solving ridge regression (iterative, delta-reg=0.001)...
Solving ridge regression (iterative, delta-reg=0.001)...
[PnC diagnostic | calib] perturbation_scale=50.0
  Uncorrected shift (mean±std, 50 members): 41.9141 ± 1.2913
  Corrected   shift (mean±std, 50 members): 6.3126 ± 0.2053
  Correction reduction: 84.9%
[grid] (76/162) seed1 s2b0 ps50 bf0.05: ok nll=0.2346 (60s) [elapsed 3965s]
Solving ridge regression (iterative, delta-reg=0.001)...
Solving ridge regression (iterative, delta-reg=0.001)...
Solving ridge regression (iterative, delta-reg=0.001)...
Solving ridge regression (iterative, delta-reg=0.001)...
Solving ridge regression (iterative, delta-reg=0.001)...
Solving ridge regression (iterative, delta-reg=0.001)...
Solving ridge regression (iterative, delta-reg=0.001)...
Solving ridge regression (iterative, delta-reg=0.001)...
Solving ridge regression (iterative, delta-reg=0.001)...
Solving ridge regression (iterative, delta-reg=0.001)...
Solving ridge regression (iterative, delta-reg=0.001)...
Solving ridge regression (iterative, delta-reg=0.001)...
Solving ridge regression (iterative, delta-reg=0.001)...
Solving ridge regression (iterative, delta-reg=0.001)...
Solving ridge regression (iterative, delta-reg=0.001)...
Solving ridge regression (iterative, delta-reg=0.001)...
Solving ridge regression (iterative, delta-reg=0.001)...
Solving ridge regression (iterative, delta-reg=0.001)...
Solving ridge regression (iterative, delta-reg=0.001)...
Solving ridge regression (iterative, delta-reg=0.001)...
Solving ridge regression (iterative, delta-reg=0.001)...
Solving ridge regression (iterative, delta-reg=0.001)...
Solving ridge regression (iterative, delta-reg=0.001)...
Solving ridge regression (iterative, delta-reg=0.001)...
Solving ridge regression (iterative, delta-reg=0.001)...
Solving ridge regression (iterative, delta-reg=0.001)...
Solving ridge regression (iterative, delta-reg=0.001)...
Solving ridge regression (iterative, delta-reg=0.001)...
Solving ridge regression (iterative, delta-reg=0.001)...
Solving ridge regression (iterative, delta-reg=0.001)...
Solving ridge regression (iterative, delta-reg=0.001)...
Solving ridge regression (iterative, delta-reg=0.001)...
Solving ridge regression (iterative, delta-reg=0.001)...
Solving ridge regression (iterative, delta-reg=0.001)...
Solving ridge regression (iterative, delta-reg=0.001)...
Solving ridge regression (iterative, delta-reg=0.001)...
Solving ridge regression (iterative, delta-reg=0.001)...
Solving ridge regression (iterative, delta-reg=0.001)...
Solving ridge regression (iterative, delta-reg=0.001)...
Solving ridge regression (iterative, delta-reg=0.001)...
Solving ridge regression (iterative, delta-reg=0.001)...
Solving ridge regression (iterative, delta-reg=0.001)...
Solving ridge regression (iterative, delta-reg=0.001)...
Solving ridge regression (iterative, delta-reg=0.001)...
Solving ridge regression (iterative, delta-reg=0.001)...
Solving ridge regression (iterative, delta-reg=0.001)...
Solving ridge regression (iterative, delta-reg=0.001)...
Solving ridge regression (iterative, delta-reg=0.001)...
Solving ridge regression (iterative, delta-reg=0.001)...
Solving ridge regression (iterative, delta-reg=0.001)...
[PnC diagnostic | calib] perturbation_scale=50.0
  Uncorrected shift (mean±std, 50 members): 41.9141 ± 1.2913
  Corrected   shift (mean±std, 50 members): 4.0624 ± 0.0370
  Correction reduction: 90.3%
[grid] (77/162) seed1 s2b0 ps50 bf0.1: ok nll=0.1623 (60s) [elapsed 4026s]
Solving ridge regression (iterative, delta-reg=0.001)...
Solving ridge regression (iterative, delta-reg=0.001)...
Solving ridge regression (iterative, delta-reg=0.001)...
Solving ridge regression (iterative, delta-reg=0.001)...
Solving ridge regression (iterative, delta-reg=0.001)...
Solving ridge regression (iterative, delta-reg=0.001)...
Solving ridge regression (iterative, delta-reg=0.001)...
Solving ridge regression (iterative, delta-reg=0.001)...
Solving ridge regression (iterative, delta-reg=0.001)...
Solving ridge regression (iterative, delta-reg=0.001)...
Solving ridge regression (iterative, delta-reg=0.001)...
Solving ridge regression (iterative, delta-reg=0.001)...
Solving ridge regression (iterative, delta-reg=0.001)...
Solving ridge regression (iterative, delta-reg=0.001)...
Solving ridge regression (iterative, delta-reg=0.001)...
Solving ridge regression (iterative, delta-reg=0.001)...
Solving ridge regression (iterative, delta-reg=0.001)...
Solving ridge regression (iterative, delta-reg=0.001)...
Solving ridge regression (iterative, delta-reg=0.001)...
Solving ridge regression (iterative, delta-reg=0.001)...
Solving ridge regression (iterative, delta-reg=0.001)...
Solving ridge regression (iterative, delta-reg=0.001)...
Solving ridge regression (iterative, delta-reg=0.001)...
Solving ridge regression (iterative, delta-reg=0.001)...
Solving ridge regression (iterative, delta-reg=0.001)...
Solving ridge regression (iterative, delta-reg=0.001)...
Solving ridge regression (iterative, delta-reg=0.001)...
Solving ridge regression (iterative, delta-reg=0.001)...
Solving ridge regression (iterative, delta-reg=0.001)...
Solving ridge regression (iterative, delta-reg=0.001)...
Solving ridge regression (iterative, delta-reg=0.001)...
Solving ridge regression (iterative, delta-reg=0.001)...
Solving ridge regression (iterative, delta-reg=0.001)...
Solving ridge regression (iterative, delta-reg=0.001)...
Solving ridge regression (iterative, delta-reg=0.001)...
Solving ridge regression (iterative, delta-reg=0.001)...
Solving ridge regression (iterative, delta-reg=0.001)...
Solving ridge regression (iterative, delta-reg=0.001)...
Solving ridge regression (iterative, delta-reg=0.001)...
Solving ridge regression (iterative, delta-reg=0.001)...
Solving ridge regression (iterative, delta-reg=0.001)...
Solving ridge regression (iterative, delta-reg=0.001)...
Solving ridge regression (iterative, delta-reg=0.001)...
Solving ridge regression (iterative, delta-reg=0.001)...
Solving ridge regression (iterative, delta-reg=0.001)...
Solving ridge regression (iterative, delta-reg=0.001)...
Solving ridge regression (iterative, delta-reg=0.001)...
Solving ridge regression (iterative, delta-reg=0.001)...
Solving ridge regression (iterative, delta-reg=0.001)...
Solving ridge regression (iterative, delta-reg=0.001)...
[PnC diagnostic | calib] perturbation_scale=50.0
  Uncorrected shift (mean±std, 50 members): 41.9141 ± 1.2913
  Corrected   shift (mean±std, 50 members): 3.5213 ± 0.0233
  Correction reduction: 91.6%
[grid] (78/162) seed1 s2b0 ps50 bf0.2: ok nll=0.1615 (60s) [elapsed 4086s]
Solving ridge regression (iterative, delta-reg=0.001)...
Solving ridge regression (iterative, delta-reg=0.001)...
Solving ridge regression (iterative, delta-reg=0.001)...
Solving ridge regression (iterative, delta-reg=0.001)...
Solving ridge regression (iterative, delta-reg=0.001)...
Solving ridge regression (iterative, delta-reg=0.001)...
Solving ridge regression (iterative, delta-reg=0.001)...
Solving ridge regression (iterative, delta-reg=0.001)...
Solving ridge regression (iterative, delta-reg=0.001)...
Solving ridge regression (iterative, delta-reg=0.001)...
Solving ridge regression (iterative, delta-reg=0.001)...
Solving ridge regression (iterative, delta-reg=0.001)...
Solving ridge regression (iterative, delta-reg=0.001)...
Solving ridge regression (iterative, delta-reg=0.001)...
Solving ridge regression (iterative, delta-reg=0.001)...
Solving ridge regression (iterative, delta-reg=0.001)...
Solving ridge regression (iterative, delta-reg=0.001)...
Solving ridge regression (iterative, delta-reg=0.001)...
Solving ridge regression (iterative, delta-reg=0.001)...
Solving ridge regression (iterative, delta-reg=0.001)...
Solving ridge regression (iterative, delta-reg=0.001)...
Solving ridge regression (iterative, delta-reg=0.001)...
Solving ridge regression (iterative, delta-reg=0.001)...
Solving ridge regression (iterative, delta-reg=0.001)...
Solving ridge regression (iterative, delta-reg=0.001)...
Solving ridge regression (iterative, delta-reg=0.001)...
Solving ridge regression (iterative, delta-reg=0.001)...
Solving ridge regression (iterative, delta-reg=0.001)...
Solving ridge regression (iterative, delta-reg=0.001)...
Solving ridge regression (iterative, delta-reg=0.001)...
Solving ridge regression (iterative, delta-reg=0.001)...
Solving ridge regression (iterative, delta-reg=0.001)...
Solving ridge regression (iterative, delta-reg=0.001)...
Solving ridge regression (iterative, delta-reg=0.001)...
Solving ridge regression (iterative, delta-reg=0.001)...
Solving ridge regression (iterative, delta-reg=0.001)...
Solving ridge regression (iterative, delta-reg=0.001)...
Solving ridge regression (iterative, delta-reg=0.001)...
Solving ridge regression (iterative, delta-reg=0.001)...
Solving ridge regression (iterative, delta-reg=0.001)...
Solving ridge regression (iterative, delta-reg=0.001)...
Solving ridge regression (iterative, delta-reg=0.001)...
Solving ridge regression (iterative, delta-reg=0.001)...
Solving ridge regression (iterative, delta-reg=0.001)...
Solving ridge regression (iterative, delta-reg=0.001)...
Solving ridge regression (iterative, delta-reg=0.001)...
Solving ridge regression (iterative, delta-reg=0.001)...
Solving ridge regression (iterative, delta-reg=0.001)...
Solving ridge regression (iterative, delta-reg=0.001)...
Solving ridge regression (iterative, delta-reg=0.001)...
[PnC diagnostic | calib] perturbation_scale=100.0
  Uncorrected shift (mean±std, 50 members): 97.5904 ± 2.7724
  Corrected   shift (mean±std, 50 members): 6.4303 ± 0.2079
  Correction reduction: 93.4%
[grid] (79/162) seed1 s2b0 ps100 bf0.05: ok nll=0.2503 (60s) [elapsed 4147s]
Solving ridge regression (iterative, delta-reg=0.001)...
Solving ridge regression (iterative, delta-reg=0.001)...
Solving ridge regression (iterative, delta-reg=0.001)...
Solving ridge regression (iterative, delta-reg=0.001)...
Solving ridge regression (iterative, delta-reg=0.001)...
Solving ridge regression (iterative, delta-reg=0.001)...
Solving ridge regression (iterative, delta-reg=0.001)...
Solving ridge regression (iterative, delta-reg=0.001)...
Solving ridge regression (iterative, delta-reg=0.001)...
Solving ridge regression (iterative, delta-reg=0.001)...
Solving ridge regression (iterative, delta-reg=0.001)...
Solving ridge regression (iterative, delta-reg=0.001)...
Solving ridge regression (iterative, delta-reg=0.001)...
Solving ridge regression (iterative, delta-reg=0.001)...
Solving ridge regression (iterative, delta-reg=0.001)...
Solving ridge regression (iterative, delta-reg=0.001)...
Solving ridge regression (iterative, delta-reg=0.001)...
Solving ridge regression (iterative, delta-reg=0.001)...
Solving ridge regression (iterative, delta-reg=0.001)...
Solving ridge regression (iterative, delta-reg=0.001)...
Solving ridge regression (iterative, delta-reg=0.001)...
Solving ridge regression (iterative, delta-reg=0.001)...
Solving ridge regression (iterative, delta-reg=0.001)...
Solving ridge regression (iterative, delta-reg=0.001)...
Solving ridge regression (iterative, delta-reg=0.001)...
Solving ridge regression (iterative, delta-reg=0.001)...
Solving ridge regression (iterative, delta-reg=0.001)...
Solving ridge regression (iterative, delta-reg=0.001)...
Solving ridge regression (iterative, delta-reg=0.001)...
Solving ridge regression (iterative, delta-reg=0.001)...
Solving ridge regression (iterative, delta-reg=0.001)...
Solving ridge regression (iterative, delta-reg=0.001)...
Solving ridge regression (iterative, delta-reg=0.001)...
Solving ridge regression (iterative, delta-reg=0.001)...
Solving ridge regression (iterative, delta-reg=0.001)...
Solving ridge regression (iterative, delta-reg=0.001)...
Solving ridge regression (iterative, delta-reg=0.001)...
Solving ridge regression (iterative, delta-reg=0.001)...
Solving ridge regression (iterative, delta-reg=0.001)...
Solving ridge regression (iterative, delta-reg=0.001)...
Solving ridge regression (iterative, delta-reg=0.001)...
Solving ridge regression (iterative, delta-reg=0.001)...
Solving ridge regression (iterative, delta-reg=0.001)...
Solving ridge regression (iterative, delta-reg=0.001)...
Solving ridge regression (iterative, delta-reg=0.001)...
Solving ridge regression (iterative, delta-reg=0.001)...
Solving ridge regression (iterative, delta-reg=0.001)...
Solving ridge regression (iterative, delta-reg=0.001)...
Solving ridge regression (iterative, delta-reg=0.001)...
Solving ridge regression (iterative, delta-reg=0.001)...
[PnC diagnostic | calib] perturbation_scale=100.0
  Uncorrected shift (mean±std, 50 members): 97.5904 ± 2.7724
  Corrected   shift (mean±std, 50 members): 4.1404 ± 0.0362
  Correction reduction: 95.8%
[grid] (80/162) seed1 s2b0 ps100 bf0.1: ok nll=0.1651 (61s) [elapsed 4208s]
Solving ridge regression (iterative, delta-reg=0.001)...
Solving ridge regression (iterative, delta-reg=0.001)...
Solving ridge regression (iterative, delta-reg=0.001)...
Solving ridge regression (iterative, delta-reg=0.001)...
Solving ridge regression (iterative, delta-reg=0.001)...
Solving ridge regression (iterative, delta-reg=0.001)...
Solving ridge regression (iterative, delta-reg=0.001)...
Solving ridge regression (iterative, delta-reg=0.001)...
Solving ridge regression (iterative, delta-reg=0.001)...
Solving ridge regression (iterative, delta-reg=0.001)...
Solving ridge regression (iterative, delta-reg=0.001)...
Solving ridge regression (iterative, delta-reg=0.001)...
Solving ridge regression (iterative, delta-reg=0.001)...
Solving ridge regression (iterative, delta-reg=0.001)...
Solving ridge regression (iterative, delta-reg=0.001)...
Solving ridge regression (iterative, delta-reg=0.001)...
Solving ridge regression (iterative, delta-reg=0.001)...
Solving ridge regression (iterative, delta-reg=0.001)...
Solving ridge regression (iterative, delta-reg=0.001)...
Solving ridge regression (iterative, delta-reg=0.001)...
Solving ridge regression (iterative, delta-reg=0.001)...
Solving ridge regression (iterative, delta-reg=0.001)...
Solving ridge regression (iterative, delta-reg=0.001)...
Solving ridge regression (iterative, delta-reg=0.001)...
Solving ridge regression (iterative, delta-reg=0.001)...
Solving ridge regression (iterative, delta-reg=0.001)...
Solving ridge regression (iterative, delta-reg=0.001)...
Solving ridge regression (iterative, delta-reg=0.001)...
Solving ridge regression (iterative, delta-reg=0.001)...
Solving ridge regression (iterative, delta-reg=0.001)...
Solving ridge regression (iterative, delta-reg=0.001)...
Solving ridge regression (iterative, delta-reg=0.001)...
Solving ridge regression (iterative, delta-reg=0.001)...
Solving ridge regression (iterative, delta-reg=0.001)...
Solving ridge regression (iterative, delta-reg=0.001)...
Solving ridge regression (iterative, delta-reg=0.001)...
Solving ridge regression (iterative, delta-reg=0.001)...
Solving ridge regression (iterative, delta-reg=0.001)...
Solving ridge regression (iterative, delta-reg=0.001)...
Solving ridge regression (iterative, delta-reg=0.001)...
Solving ridge regression (iterative, delta-reg=0.001)...
Solving ridge regression (iterative, delta-reg=0.001)...
Solving ridge regression (iterative, delta-reg=0.001)...
Solving ridge regression (iterative, delta-reg=0.001)...
Solving ridge regression (iterative, delta-reg=0.001)...
Solving ridge regression (iterative, delta-reg=0.001)...
Solving ridge regression (iterative, delta-reg=0.001)...
Solving ridge regression (iterative, delta-reg=0.001)...
Solving ridge regression (iterative, delta-reg=0.001)...
Solving ridge regression (iterative, delta-reg=0.001)...
[PnC diagnostic | calib] perturbation_scale=100.0
  Uncorrected shift (mean±std, 50 members): 97.5904 ± 2.7724
  Corrected   shift (mean±std, 50 members): 3.5904 ± 0.0219
  Correction reduction: 96.3%
[grid] (81/162) seed1 s2b0 ps100 bf0.2: ok nll=0.1648 (61s) [elapsed 4269s]
Solving ridge regression (iterative, delta-reg=0.001)...
Solving ridge regression (iterative, delta-reg=0.001)...
Solving ridge regression (iterative, delta-reg=0.001)...
Solving ridge regression (iterative, delta-reg=0.001)...
Solving ridge regression (iterative, delta-reg=0.001)...
Solving ridge regression (iterative, delta-reg=0.001)...
Solving ridge regression (iterative, delta-reg=0.001)...
Solving ridge regression (iterative, delta-reg=0.001)...
Solving ridge regression (iterative, delta-reg=0.001)...
Solving ridge regression (iterative, delta-reg=0.001)...
Solving ridge regression (iterative, delta-reg=0.001)...
Solving ridge regression (iterative, delta-reg=0.001)...
Solving ridge regression (iterative, delta-reg=0.001)...
Solving ridge regression (iterative, delta-reg=0.001)...
Solving ridge regression (iterative, delta-reg=0.001)...
Solving ridge regression (iterative, delta-reg=0.001)...
Solving ridge regression (iterative, delta-reg=0.001)...
Solving ridge regression (iterative, delta-reg=0.001)...
Solving ridge regression (iterative, delta-reg=0.001)...
Solving ridge regression (iterative, delta-reg=0.001)...
Solving ridge regression (iterative, delta-reg=0.001)...
Solving ridge regression (iterative, delta-reg=0.001)...
Solving ridge regression (iterative, delta-reg=0.001)...
Solving ridge regression (iterative, delta-reg=0.001)...
Solving ridge regression (iterative, delta-reg=0.001)...
Solving ridge regression (iterative, delta-reg=0.001)...
Solving ridge regression (iterative, delta-reg=0.001)...
Solving ridge regression (iterative, delta-reg=0.001)...
Solving ridge regression (iterative, delta-reg=0.001)...
Solving ridge regression (iterative, delta-reg=0.001)...
Solving ridge regression (iterative, delta-reg=0.001)...
Solving ridge regression (iterative, delta-reg=0.001)...
Solving ridge regression (iterative, delta-reg=0.001)...
Solving ridge regression (iterative, delta-reg=0.001)...
Solving ridge regression (iterative, delta-reg=0.001)...
Solving ridge regression (iterative, delta-reg=0.001)...
Solving ridge regression (iterative, delta-reg=0.001)...
Solving ridge regression (iterative, delta-reg=0.001)...
Solving ridge regression (iterative, delta-reg=0.001)...
Solving ridge regression (iterative, delta-reg=0.001)...
Solving ridge regression (iterative, delta-reg=0.001)...
Solving ridge regression (iterative, delta-reg=0.001)...
Solving ridge regression (iterative, delta-reg=0.001)...
Solving ridge regression (iterative, delta-reg=0.001)...
Solving ridge regression (iterative, delta-reg=0.001)...
Solving ridge regression (iterative, delta-reg=0.001)...
Solving ridge regression (iterative, delta-reg=0.001)...
Solving ridge regression (iterative, delta-reg=0.001)...
Solving ridge regression (iterative, delta-reg=0.001)...
Solving ridge regression (iterative, delta-reg=0.001)...
[PnC diagnostic | calib] perturbation_scale=25.0
  Uncorrected shift (mean±std, 50 members): 20.5722 ± 1.0432
  Corrected   shift (mean±std, 50 members): 4.6822 ± 0.1422
  Correction reduction: 77.2%
[grid] (82/162) seed1 s2b1 ps25 bf0.05: ok nll=0.1560 (60s) [elapsed 4329s]
Solving ridge regression (iterative, delta-reg=0.001)...
Solving ridge regression (iterative, delta-reg=0.001)...
Solving ridge regression (iterative, delta-reg=0.001)...
Solving ridge regression (iterative, delta-reg=0.001)...
Solving ridge regression (iterative, delta-reg=0.001)...
Solving ridge regression (iterative, delta-reg=0.001)...
Solving ridge regression (iterative, delta-reg=0.001)...
Solving ridge regression (iterative, delta-reg=0.001)...
Solving ridge regression (iterative, delta-reg=0.001)...
Solving ridge regression (iterative, delta-reg=0.001)...
Solving ridge regression (iterative, delta-reg=0.001)...
Solving ridge regression (iterative, delta-reg=0.001)...
Solving ridge regression (iterative, delta-reg=0.001)...
Solving ridge regression (iterative, delta-reg=0.001)...
Solving ridge regression (iterative, delta-reg=0.001)...
Solving ridge regression (iterative, delta-reg=0.001)...
Solving ridge regression (iterative, delta-reg=0.001)...
Solving ridge regression (iterative, delta-reg=0.001)...
Solving ridge regression (iterative, delta-reg=0.001)...
Solving ridge regression (iterative, delta-reg=0.001)...
Solving ridge regression (iterative, delta-reg=0.001)...
Solving ridge regression (iterative, delta-reg=0.001)...
Solving ridge regression (iterative, delta-reg=0.001)...
Solving ridge regression (iterative, delta-reg=0.001)...
Solving ridge regression (iterative, delta-reg=0.001)...
Solving ridge regression (iterative, delta-reg=0.001)...
Solving ridge regression (iterative, delta-reg=0.001)...
Solving ridge regression (iterative, delta-reg=0.001)...
Solving ridge regression (iterative, delta-reg=0.001)...
Solving ridge regression (iterative, delta-reg=0.001)...
Solving ridge regression (iterative, delta-reg=0.001)...
Solving ridge regression (iterative, delta-reg=0.001)...
Solving ridge regression (iterative, delta-reg=0.001)...
Solving ridge regression (iterative, delta-reg=0.001)...
Solving ridge regression (iterative, delta-reg=0.001)...
Solving ridge regression (iterative, delta-reg=0.001)...
Solving ridge regression (iterative, delta-reg=0.001)...
Solving ridge regression (iterative, delta-reg=0.001)...
Solving ridge regression (iterative, delta-reg=0.001)...
Solving ridge regression (iterative, delta-reg=0.001)...
Solving ridge regression (iterative, delta-reg=0.001)...
Solving ridge regression (iterative, delta-reg=0.001)...
Solving ridge regression (iterative, delta-reg=0.001)...
Solving ridge regression (iterative, delta-reg=0.001)...
Solving ridge regression (iterative, delta-reg=0.001)...
Solving ridge regression (iterative, delta-reg=0.001)...
Solving ridge regression (iterative, delta-reg=0.001)...
Solving ridge regression (iterative, delta-reg=0.001)...
Solving ridge regression (iterative, delta-reg=0.001)...
Solving ridge regression (iterative, delta-reg=0.001)...
[PnC diagnostic | calib] perturbation_scale=25.0
  Uncorrected shift (mean±std, 50 members): 20.5722 ± 1.0432
  Corrected   shift (mean±std, 50 members): 3.1099 ± 0.0251
  Correction reduction: 84.9%
[grid] (83/162) seed1 s2b1 ps25 bf0.1: ok nll=0.1614 (61s) [elapsed 4390s]
Solving ridge regression (iterative, delta-reg=0.001)...
Solving ridge regression (iterative, delta-reg=0.001)...
Solving ridge regression (iterative, delta-reg=0.001)...
Solving ridge regression (iterative, delta-reg=0.001)...
Solving ridge regression (iterative, delta-reg=0.001)...
Solving ridge regression (iterative, delta-reg=0.001)...
Solving ridge regression (iterative, delta-reg=0.001)...
Solving ridge regression (iterative, delta-reg=0.001)...
Solving ridge regression (iterative, delta-reg=0.001)...
Solving ridge regression (iterative, delta-reg=0.001)...
Solving ridge regression (iterative, delta-reg=0.001)...
Solving ridge regression (iterative, delta-reg=0.001)...
Solving ridge regression (iterative, delta-reg=0.001)...
Solving ridge regression (iterative, delta-reg=0.001)...
Solving ridge regression (iterative, delta-reg=0.001)...
Solving ridge regression (iterative, delta-reg=0.001)...
Solving ridge regression (iterative, delta-reg=0.001)...
Solving ridge regression (iterative, delta-reg=0.001)...
Solving ridge regression (iterative, delta-reg=0.001)...
Solving ridge regression (iterative, delta-reg=0.001)...
Solving ridge regression (iterative, delta-reg=0.001)...
Solving ridge regression (iterative, delta-reg=0.001)...
Solving ridge regression (iterative, delta-reg=0.001)...
Solving ridge regression (iterative, delta-reg=0.001)...
Solving ridge regression (iterative, delta-reg=0.001)...
Solving ridge regression (iterative, delta-reg=0.001)...
Solving ridge regression (iterative, delta-reg=0.001)...
Solving ridge regression (iterative, delta-reg=0.001)...
Solving ridge regression (iterative, delta-reg=0.001)...
Solving ridge regression (iterative, delta-reg=0.001)...
Solving ridge regression (iterative, delta-reg=0.001)...
Solving ridge regression (iterative, delta-reg=0.001)...
Solving ridge regression (iterative, delta-reg=0.001)...
Solving ridge regression (iterative, delta-reg=0.001)...
Solving ridge regression (iterative, delta-reg=0.001)...
Solving ridge regression (iterative, delta-reg=0.001)...
Solving ridge regression (iterative, delta-reg=0.001)...
Solving ridge regression (iterative, delta-reg=0.001)...
Solving ridge regression (iterative, delta-reg=0.001)...
Solving ridge regression (iterative, delta-reg=0.001)...
Solving ridge regression (iterative, delta-reg=0.001)...
Solving ridge regression (iterative, delta-reg=0.001)...
Solving ridge regression (iterative, delta-reg=0.001)...
Solving ridge regression (iterative, delta-reg=0.001)...
Solving ridge regression (iterative, delta-reg=0.001)...
Solving ridge regression (iterative, delta-reg=0.001)...
Solving ridge regression (iterative, delta-reg=0.001)...
Solving ridge regression (iterative, delta-reg=0.001)...
Solving ridge regression (iterative, delta-reg=0.001)...
Solving ridge regression (iterative, delta-reg=0.001)...
[PnC diagnostic | calib] perturbation_scale=25.0
  Uncorrected shift (mean±std, 50 members): 20.5722 ± 1.0432
  Corrected   shift (mean±std, 50 members): 2.6789 ± 0.0152
  Correction reduction: 87.0%
[grid] (84/162) seed1 s2b1 ps25 bf0.2: ok nll=0.1643 (61s) [elapsed 4451s]
Solving ridge regression (iterative, delta-reg=0.001)...
Solving ridge regression (iterative, delta-reg=0.001)...
Solving ridge regression (iterative, delta-reg=0.001)...
Solving ridge regression (iterative, delta-reg=0.001)...
Solving ridge regression (iterative, delta-reg=0.001)...
Solving ridge regression (iterative, delta-reg=0.001)...
Solving ridge regression (iterative, delta-reg=0.001)...
Solving ridge regression (iterative, delta-reg=0.001)...
Solving ridge regression (iterative, delta-reg=0.001)...
Solving ridge regression (iterative, delta-reg=0.001)...
Solving ridge regression (iterative, delta-reg=0.001)...
Solving ridge regression (iterative, delta-reg=0.001)...
Solving ridge regression (iterative, delta-reg=0.001)...
Solving ridge regression (iterative, delta-reg=0.001)...
Solving ridge regression (iterative, delta-reg=0.001)...
Solving ridge regression (iterative, delta-reg=0.001)...
Solving ridge regression (iterative, delta-reg=0.001)...
Solving ridge regression (iterative, delta-reg=0.001)...
Solving ridge regression (iterative, delta-reg=0.001)...
Solving ridge regression (iterative, delta-reg=0.001)...
Solving ridge regression (iterative, delta-reg=0.001)...
Solving ridge regression (iterative, delta-reg=0.001)...
Solving ridge regression (iterative, delta-reg=0.001)...
Solving ridge regression (iterative, delta-reg=0.001)...
Solving ridge regression (iterative, delta-reg=0.001)...
Solving ridge regression (iterative, delta-reg=0.001)...
Solving ridge regression (iterative, delta-reg=0.001)...
Solving ridge regression (iterative, delta-reg=0.001)...
Solving ridge regression (iterative, delta-reg=0.001)...
Solving ridge regression (iterative, delta-reg=0.001)...
Solving ridge regression (iterative, delta-reg=0.001)...
Solving ridge regression (iterative, delta-reg=0.001)...
Solving ridge regression (iterative, delta-reg=0.001)...
Solving ridge regression (iterative, delta-reg=0.001)...
Solving ridge regression (iterative, delta-reg=0.001)...
Solving ridge regression (iterative, delta-reg=0.001)...
Solving ridge regression (iterative, delta-reg=0.001)...
Solving ridge regression (iterative, delta-reg=0.001)...
Solving ridge regression (iterative, delta-reg=0.001)...
Solving ridge regression (iterative, delta-reg=0.001)...
Solving ridge regression (iterative, delta-reg=0.001)...
Solving ridge regression (iterative, delta-reg=0.001)...
Solving ridge regression (iterative, delta-reg=0.001)...
Solving ridge regression (iterative, delta-reg=0.001)...
Solving ridge regression (iterative, delta-reg=0.001)...
Solving ridge regression (iterative, delta-reg=0.001)...
Solving ridge regression (iterative, delta-reg=0.001)...
Solving ridge regression (iterative, delta-reg=0.001)...
Solving ridge regression (iterative, delta-reg=0.001)...
Solving ridge regression (iterative, delta-reg=0.001)...
[PnC diagnostic | calib] perturbation_scale=50.0
  Uncorrected shift (mean±std, 50 members): 54.1114 ± 2.3875
  Corrected   shift (mean±std, 50 members): 5.0923 ± 0.1559
  Correction reduction: 90.6%
[grid] (85/162) seed1 s2b1 ps50 bf0.05: ok nll=0.1668 (60s) [elapsed 4511s]
Solving ridge regression (iterative, delta-reg=0.001)...
Solving ridge regression (iterative, delta-reg=0.001)...
Solving ridge regression (iterative, delta-reg=0.001)...
Solving ridge regression (iterative, delta-reg=0.001)...
Solving ridge regression (iterative, delta-reg=0.001)...
Solving ridge regression (iterative, delta-reg=0.001)...
Solving ridge regression (iterative, delta-reg=0.001)...
Solving ridge regression (iterative, delta-reg=0.001)...
Solving ridge regression (iterative, delta-reg=0.001)...
Solving ridge regression (iterative, delta-reg=0.001)...
Solving ridge regression (iterative, delta-reg=0.001)...
Solving ridge regression (iterative, delta-reg=0.001)...
Solving ridge regression (iterative, delta-reg=0.001)...
Solving ridge regression (iterative, delta-reg=0.001)...
Solving ridge regression (iterative, delta-reg=0.001)...
Solving ridge regression (iterative, delta-reg=0.001)...
Solving ridge regression (iterative, delta-reg=0.001)...
Solving ridge regression (iterative, delta-reg=0.001)...
Solving ridge regression (iterative, delta-reg=0.001)...
Solving ridge regression (iterative, delta-reg=0.001)...
Solving ridge regression (iterative, delta-reg=0.001)...
Solving ridge regression (iterative, delta-reg=0.001)...
Solving ridge regression (iterative, delta-reg=0.001)...
Solving ridge regression (iterative, delta-reg=0.001)...
Solving ridge regression (iterative, delta-reg=0.001)...
Solving ridge regression (iterative, delta-reg=0.001)...
Solving ridge regression (iterative, delta-reg=0.001)...
Solving ridge regression (iterative, delta-reg=0.001)...
Solving ridge regression (iterative, delta-reg=0.001)...
Solving ridge regression (iterative, delta-reg=0.001)...
Solving ridge regression (iterative, delta-reg=0.001)...
Solving ridge regression (iterative, delta-reg=0.001)...
Solving ridge regression (iterative, delta-reg=0.001)...
Solving ridge regression (iterative, delta-reg=0.001)...
Solving ridge regression (iterative, delta-reg=0.001)...
Solving ridge regression (iterative, delta-reg=0.001)...
Solving ridge regression (iterative, delta-reg=0.001)...
Solving ridge regression (iterative, delta-reg=0.001)...
Solving ridge regression (iterative, delta-reg=0.001)...
Solving ridge regression (iterative, delta-reg=0.001)...
Solving ridge regression (iterative, delta-reg=0.001)...
Solving ridge regression (iterative, delta-reg=0.001)...
Solving ridge regression (iterative, delta-reg=0.001)...
Solving ridge regression (iterative, delta-reg=0.001)...
Solving ridge regression (iterative, delta-reg=0.001)...
Solving ridge regression (iterative, delta-reg=0.001)...
Solving ridge regression (iterative, delta-reg=0.001)...
Solving ridge regression (iterative, delta-reg=0.001)...
Solving ridge regression (iterative, delta-reg=0.001)...
Solving ridge regression (iterative, delta-reg=0.001)...
[PnC diagnostic | calib] perturbation_scale=50.0
  Uncorrected shift (mean±std, 50 members): 54.1114 ± 2.3875
  Corrected   shift (mean±std, 50 members): 3.3847 ± 0.0286
  Correction reduction: 93.7%
[grid] (86/162) seed1 s2b1 ps50 bf0.1: ok nll=0.1710 (61s) [elapsed 4572s]
Solving ridge regression (iterative, delta-reg=0.001)...
Solving ridge regression (iterative, delta-reg=0.001)...
Solving ridge regression (iterative, delta-reg=0.001)...
Solving ridge regression (iterative, delta-reg=0.001)...
Solving ridge regression (iterative, delta-reg=0.001)...
Solving ridge regression (iterative, delta-reg=0.001)...
Solving ridge regression (iterative, delta-reg=0.001)...
Solving ridge regression (iterative, delta-reg=0.001)...
Solving ridge regression (iterative, delta-reg=0.001)...
Solving ridge regression (iterative, delta-reg=0.001)...
Solving ridge regression (iterative, delta-reg=0.001)...
Solving ridge regression (iterative, delta-reg=0.001)...
Solving ridge regression (iterative, delta-reg=0.001)...
Solving ridge regression (iterative, delta-reg=0.001)...
Solving ridge regression (iterative, delta-reg=0.001)...
Solving ridge regression (iterative, delta-reg=0.001)...
Solving ridge regression (iterative, delta-reg=0.001)...
Solving ridge regression (iterative, delta-reg=0.001)...
Solving ridge regression (iterative, delta-reg=0.001)...
Solving ridge regression (iterative, delta-reg=0.001)...
Solving ridge regression (iterative, delta-reg=0.001)...
Solving ridge regression (iterative, delta-reg=0.001)...
Solving ridge regression (iterative, delta-reg=0.001)...
Solving ridge regression (iterative, delta-reg=0.001)...
Solving ridge regression (iterative, delta-reg=0.001)...
Solving ridge regression (iterative, delta-reg=0.001)...
Solving ridge regression (iterative, delta-reg=0.001)...
Solving ridge regression (iterative, delta-reg=0.001)...
Solving ridge regression (iterative, delta-reg=0.001)...
Solving ridge regression (iterative, delta-reg=0.001)...
Solving ridge regression (iterative, delta-reg=0.001)...
Solving ridge regression (iterative, delta-reg=0.001)...
Solving ridge regression (iterative, delta-reg=0.001)...
Solving ridge regression (iterative, delta-reg=0.001)...
Solving ridge regression (iterative, delta-reg=0.001)...
Solving ridge regression (iterative, delta-reg=0.001)...
Solving ridge regression (iterative, delta-reg=0.001)...
Solving ridge regression (iterative, delta-reg=0.001)...
Solving ridge regression (iterative, delta-reg=0.001)...
Solving ridge regression (iterative, delta-reg=0.001)...
Solving ridge regression (iterative, delta-reg=0.001)...
Solving ridge regression (iterative, delta-reg=0.001)...
Solving ridge regression (iterative, delta-reg=0.001)...
Solving ridge regression (iterative, delta-reg=0.001)...
Solving ridge regression (iterative, delta-reg=0.001)...
Solving ridge regression (iterative, delta-reg=0.001)...
Solving ridge regression (iterative, delta-reg=0.001)...
Solving ridge regression (iterative, delta-reg=0.001)...
Solving ridge regression (iterative, delta-reg=0.001)...
Solving ridge regression (iterative, delta-reg=0.001)...
[PnC diagnostic | calib] perturbation_scale=50.0
  Uncorrected shift (mean±std, 50 members): 54.1114 ± 2.3875
  Corrected   shift (mean±std, 50 members): 2.9188 ± 0.0168
  Correction reduction: 94.6%
[grid] (87/162) seed1 s2b1 ps50 bf0.2: ok nll=0.1744 (61s) [elapsed 4633s]
Solving ridge regression (iterative, delta-reg=0.001)...
Solving ridge regression (iterative, delta-reg=0.001)...
Solving ridge regression (iterative, delta-reg=0.001)...
Solving ridge regression (iterative, delta-reg=0.001)...
Solving ridge regression (iterative, delta-reg=0.001)...
Solving ridge regression (iterative, delta-reg=0.001)...
Solving ridge regression (iterative, delta-reg=0.001)...
Solving ridge regression (iterative, delta-reg=0.001)...
Solving ridge regression (iterative, delta-reg=0.001)...
Solving ridge regression (iterative, delta-reg=0.001)...
Solving ridge regression (iterative, delta-reg=0.001)...
Solving ridge regression (iterative, delta-reg=0.001)...
Solving ridge regression (iterative, delta-reg=0.001)...
Solving ridge regression (iterative, delta-reg=0.001)...
Solving ridge regression (iterative, delta-reg=0.001)...
Solving ridge regression (iterative, delta-reg=0.001)...
Solving ridge regression (iterative, delta-reg=0.001)...
Solving ridge regression (iterative, delta-reg=0.001)...
Solving ridge regression (iterative, delta-reg=0.001)...
Solving ridge regression (iterative, delta-reg=0.001)...
Solving ridge regression (iterative, delta-reg=0.001)...
Solving ridge regression (iterative, delta-reg=0.001)...
Solving ridge regression (iterative, delta-reg=0.001)...
Solving ridge regression (iterative, delta-reg=0.001)...
Solving ridge regression (iterative, delta-reg=0.001)...
Solving ridge regression (iterative, delta-reg=0.001)...
Solving ridge regression (iterative, delta-reg=0.001)...
Solving ridge regression (iterative, delta-reg=0.001)...
Solving ridge regression (iterative, delta-reg=0.001)...
Solving ridge regression (iterative, delta-reg=0.001)...
Solving ridge regression (iterative, delta-reg=0.001)...
Solving ridge regression (iterative, delta-reg=0.001)...
Solving ridge regression (iterative, delta-reg=0.001)...
Solving ridge regression (iterative, delta-reg=0.001)...
Solving ridge regression (iterative, delta-reg=0.001)...
Solving ridge regression (iterative, delta-reg=0.001)...
Solving ridge regression (iterative, delta-reg=0.001)...
Solving ridge regression (iterative, delta-reg=0.001)...
Solving ridge regression (iterative, delta-reg=0.001)...
Solving ridge regression (iterative, delta-reg=0.001)...
Solving ridge regression (iterative, delta-reg=0.001)...
Solving ridge regression (iterative, delta-reg=0.001)...
Solving ridge regression (iterative, delta-reg=0.001)...
Solving ridge regression (iterative, delta-reg=0.001)...
Solving ridge regression (iterative, delta-reg=0.001)...
Solving ridge regression (iterative, delta-reg=0.001)...
Solving ridge regression (iterative, delta-reg=0.001)...
Solving ridge regression (iterative, delta-reg=0.001)...
Solving ridge regression (iterative, delta-reg=0.001)...
Solving ridge regression (iterative, delta-reg=0.001)...
[PnC diagnostic | calib] perturbation_scale=100.0
  Uncorrected shift (mean±std, 50 members): 125.7647 ± 5.1177
  Corrected   shift (mean±std, 50 members): 5.1801 ± 0.1586
  Correction reduction: 95.9%
[grid] (88/162) seed1 s2b1 ps100 bf0.05: ok nll=0.1691 (60s) [elapsed 4693s]
Solving ridge regression (iterative, delta-reg=0.001)...
Solving ridge regression (iterative, delta-reg=0.001)...
Solving ridge regression (iterative, delta-reg=0.001)...
Solving ridge regression (iterative, delta-reg=0.001)...
Solving ridge regression (iterative, delta-reg=0.001)...
Solving ridge regression (iterative, delta-reg=0.001)...
Solving ridge regression (iterative, delta-reg=0.001)...
Solving ridge regression (iterative, delta-reg=0.001)...
Solving ridge regression (iterative, delta-reg=0.001)...
Solving ridge regression (iterative, delta-reg=0.001)...
Solving ridge regression (iterative, delta-reg=0.001)...
Solving ridge regression (iterative, delta-reg=0.001)...
Solving ridge regression (iterative, delta-reg=0.001)...
Solving ridge regression (iterative, delta-reg=0.001)...
Solving ridge regression (iterative, delta-reg=0.001)...
Solving ridge regression (iterative, delta-reg=0.001)...
Solving ridge regression (iterative, delta-reg=0.001)...
Solving ridge regression (iterative, delta-reg=0.001)...
Solving ridge regression (iterative, delta-reg=0.001)...
Solving ridge regression (iterative, delta-reg=0.001)...
Solving ridge regression (iterative, delta-reg=0.001)...
Solving ridge regression (iterative, delta-reg=0.001)...
Solving ridge regression (iterative, delta-reg=0.001)...
Solving ridge regression (iterative, delta-reg=0.001)...
Solving ridge regression (iterative, delta-reg=0.001)...
Solving ridge regression (iterative, delta-reg=0.001)...
Solving ridge regression (iterative, delta-reg=0.001)...
Solving ridge regression (iterative, delta-reg=0.001)...
Solving ridge regression (iterative, delta-reg=0.001)...
Solving ridge regression (iterative, delta-reg=0.001)...
Solving ridge regression (iterative, delta-reg=0.001)...
Solving ridge regression (iterative, delta-reg=0.001)...
Solving ridge regression (iterative, delta-reg=0.001)...
Solving ridge regression (iterative, delta-reg=0.001)...
Solving ridge regression (iterative, delta-reg=0.001)...
Solving ridge regression (iterative, delta-reg=0.001)...
Solving ridge regression (iterative, delta-reg=0.001)...
Solving ridge regression (iterative, delta-reg=0.001)...
Solving ridge regression (iterative, delta-reg=0.001)...
Solving ridge regression (iterative, delta-reg=0.001)...
Solving ridge regression (iterative, delta-reg=0.001)...
Solving ridge regression (iterative, delta-reg=0.001)...
Solving ridge regression (iterative, delta-reg=0.001)...
Solving ridge regression (iterative, delta-reg=0.001)...
Solving ridge regression (iterative, delta-reg=0.001)...
Solving ridge regression (iterative, delta-reg=0.001)...
Solving ridge regression (iterative, delta-reg=0.001)...
Solving ridge regression (iterative, delta-reg=0.001)...
Solving ridge regression (iterative, delta-reg=0.001)...
Solving ridge regression (iterative, delta-reg=0.001)...
[PnC diagnostic | calib] perturbation_scale=100.0
  Uncorrected shift (mean±std, 50 members): 125.7647 ± 5.1177
  Corrected   shift (mean±std, 50 members): 3.4432 ± 0.0293
  Correction reduction: 97.3%
[grid] (89/162) seed1 s2b1 ps100 bf0.1: ok nll=0.1732 (61s) [elapsed 4754s]
Solving ridge regression (iterative, delta-reg=0.001)...
Solving ridge regression (iterative, delta-reg=0.001)...
Solving ridge regression (iterative, delta-reg=0.001)...
Solving ridge regression (iterative, delta-reg=0.001)...
Solving ridge regression (iterative, delta-reg=0.001)...
Solving ridge regression (iterative, delta-reg=0.001)...
Solving ridge regression (iterative, delta-reg=0.001)...
Solving ridge regression (iterative, delta-reg=0.001)...
Solving ridge regression (iterative, delta-reg=0.001)...
Solving ridge regression (iterative, delta-reg=0.001)...
Solving ridge regression (iterative, delta-reg=0.001)...
Solving ridge regression (iterative, delta-reg=0.001)...
Solving ridge regression (iterative, delta-reg=0.001)...
Solving ridge regression (iterative, delta-reg=0.001)...
Solving ridge regression (iterative, delta-reg=0.001)...
Solving ridge regression (iterative, delta-reg=0.001)...
Solving ridge regression (iterative, delta-reg=0.001)...
Solving ridge regression (iterative, delta-reg=0.001)...
Solving ridge regression (iterative, delta-reg=0.001)...
Solving ridge regression (iterative, delta-reg=0.001)...
Solving ridge regression (iterative, delta-reg=0.001)...
Solving ridge regression (iterative, delta-reg=0.001)...
Solving ridge regression (iterative, delta-reg=0.001)...
Solving ridge regression (iterative, delta-reg=0.001)...
Solving ridge regression (iterative, delta-reg=0.001)...
Solving ridge regression (iterative, delta-reg=0.001)...
Solving ridge regression (iterative, delta-reg=0.001)...
Solving ridge regression (iterative, delta-reg=0.001)...
Solving ridge regression (iterative, delta-reg=0.001)...
Solving ridge regression (iterative, delta-reg=0.001)...
Solving ridge regression (iterative, delta-reg=0.001)...
Solving ridge regression (iterative, delta-reg=0.001)...
Solving ridge regression (iterative, delta-reg=0.001)...
Solving ridge regression (iterative, delta-reg=0.001)...
Solving ridge regression (iterative, delta-reg=0.001)...
Solving ridge regression (iterative, delta-reg=0.001)...
Solving ridge regression (iterative, delta-reg=0.001)...
Solving ridge regression (iterative, delta-reg=0.001)...
Solving ridge regression (iterative, delta-reg=0.001)...
Solving ridge regression (iterative, delta-reg=0.001)...
Solving ridge regression (iterative, delta-reg=0.001)...
Solving ridge regression (iterative, delta-reg=0.001)...
Solving ridge regression (iterative, delta-reg=0.001)...
Solving ridge regression (iterative, delta-reg=0.001)...
Solving ridge regression (iterative, delta-reg=0.001)...
Solving ridge regression (iterative, delta-reg=0.001)...
Solving ridge regression (iterative, delta-reg=0.001)...
Solving ridge regression (iterative, delta-reg=0.001)...
Solving ridge regression (iterative, delta-reg=0.001)...
Solving ridge regression (iterative, delta-reg=0.001)...
[PnC diagnostic | calib] perturbation_scale=100.0
  Uncorrected shift (mean±std, 50 members): 125.7647 ± 5.1177
  Corrected   shift (mean±std, 50 members): 2.9698 ± 0.0168
  Correction reduction: 97.6%
[grid] (90/162) seed1 s2b1 ps100 bf0.2: ok nll=0.1765 (61s) [elapsed 4815s]
Solving ridge regression (iterative, delta-reg=0.001)...
Solving ridge regression (iterative, delta-reg=0.001)...
Solving ridge regression (iterative, delta-reg=0.001)...
Solving ridge regression (iterative, delta-reg=0.001)...
Solving ridge regression (iterative, delta-reg=0.001)...
Solving ridge regression (iterative, delta-reg=0.001)...
Solving ridge regression (iterative, delta-reg=0.001)...
Solving ridge regression (iterative, delta-reg=0.001)...
Solving ridge regression (iterative, delta-reg=0.001)...
Solving ridge regression (iterative, delta-reg=0.001)...
Solving ridge regression (iterative, delta-reg=0.001)...
Solving ridge regression (iterative, delta-reg=0.001)...
Solving ridge regression (iterative, delta-reg=0.001)...
Solving ridge regression (iterative, delta-reg=0.001)...
Solving ridge regression (iterative, delta-reg=0.001)...
Solving ridge regression (iterative, delta-reg=0.001)...
Solving ridge regression (iterative, delta-reg=0.001)...
Solving ridge regression (iterative, delta-reg=0.001)...
Solving ridge regression (iterative, delta-reg=0.001)...
Solving ridge regression (iterative, delta-reg=0.001)...
Solving ridge regression (iterative, delta-reg=0.001)...
Solving ridge regression (iterative, delta-reg=0.001)...
Solving ridge regression (iterative, delta-reg=0.001)...
Solving ridge regression (iterative, delta-reg=0.001)...
Solving ridge regression (iterative, delta-reg=0.001)...
Solving ridge regression (iterative, delta-reg=0.001)...
Solving ridge regression (iterative, delta-reg=0.001)...
Solving ridge regression (iterative, delta-reg=0.001)...
Solving ridge regression (iterative, delta-reg=0.001)...
Solving ridge regression (iterative, delta-reg=0.001)...
Solving ridge regression (iterative, delta-reg=0.001)...
Solving ridge regression (iterative, delta-reg=0.001)...
Solving ridge regression (iterative, delta-reg=0.001)...
Solving ridge regression (iterative, delta-reg=0.001)...
Solving ridge regression (iterative, delta-reg=0.001)...
Solving ridge regression (iterative, delta-reg=0.001)...
Solving ridge regression (iterative, delta-reg=0.001)...
Solving ridge regression (iterative, delta-reg=0.001)...
Solving ridge regression (iterative, delta-reg=0.001)...
Solving ridge regression (iterative, delta-reg=0.001)...
Solving ridge regression (iterative, delta-reg=0.001)...
Solving ridge regression (iterative, delta-reg=0.001)...
Solving ridge regression (iterative, delta-reg=0.001)...
Solving ridge regression (iterative, delta-reg=0.001)...
Solving ridge regression (iterative, delta-reg=0.001)...
Solving ridge regression (iterative, delta-reg=0.001)...
Solving ridge regression (iterative, delta-reg=0.001)...
Solving ridge regression (iterative, delta-reg=0.001)...
Solving ridge regression (iterative, delta-reg=0.001)...
Solving ridge regression (iterative, delta-reg=0.001)...
[PnC diagnostic | calib] perturbation_scale=25.0
  Uncorrected shift (mean±std, 50 members): 4.4944 ± 0.1020
  Corrected   shift (mean±std, 50 members): 1.2758 ± 0.0231
  Correction reduction: 71.6%
[grid] (91/162) seed1 s3b0 ps25 bf0.05: ok nll=0.1343 (44s) [elapsed 4859s]
Solving ridge regression (iterative, delta-reg=0.001)...
Solving ridge regression (iterative, delta-reg=0.001)...
Solving ridge regression (iterative, delta-reg=0.001)...
Solving ridge regression (iterative, delta-reg=0.001)...
Solving ridge regression (iterative, delta-reg=0.001)...
Solving ridge regression (iterative, delta-reg=0.001)...
Solving ridge regression (iterative, delta-reg=0.001)...
Solving ridge regression (iterative, delta-reg=0.001)...
Solving ridge regression (iterative, delta-reg=0.001)...
Solving ridge regression (iterative, delta-reg=0.001)...
Solving ridge regression (iterative, delta-reg=0.001)...
Solving ridge regression (iterative, delta-reg=0.001)...
Solving ridge regression (iterative, delta-reg=0.001)...
Solving ridge regression (iterative, delta-reg=0.001)...
Solving ridge regression (iterative, delta-reg=0.001)...
Solving ridge regression (iterative, delta-reg=0.001)...
Solving ridge regression (iterative, delta-reg=0.001)...
Solving ridge regression (iterative, delta-reg=0.001)...
Solving ridge regression (iterative, delta-reg=0.001)...
Solving ridge regression (iterative, delta-reg=0.001)...
Solving ridge regression (iterative, delta-reg=0.001)...
Solving ridge regression (iterative, delta-reg=0.001)...
Solving ridge regression (iterative, delta-reg=0.001)...
Solving ridge regression (iterative, delta-reg=0.001)...
Solving ridge regression (iterative, delta-reg=0.001)...
Solving ridge regression (iterative, delta-reg=0.001)...
Solving ridge regression (iterative, delta-reg=0.001)...
Solving ridge regression (iterative, delta-reg=0.001)...
Solving ridge regression (iterative, delta-reg=0.001)...
Solving ridge regression (iterative, delta-reg=0.001)...
Solving ridge regression (iterative, delta-reg=0.001)...
Solving ridge regression (iterative, delta-reg=0.001)...
Solving ridge regression (iterative, delta-reg=0.001)...
Solving ridge regression (iterative, delta-reg=0.001)...
Solving ridge regression (iterative, delta-reg=0.001)...
Solving ridge regression (iterative, delta-reg=0.001)...
Solving ridge regression (iterative, delta-reg=0.001)...
Solving ridge regression (iterative, delta-reg=0.001)...
Solving ridge regression (iterative, delta-reg=0.001)...
Solving ridge regression (iterative, delta-reg=0.001)...
Solving ridge regression (iterative, delta-reg=0.001)...
Solving ridge regression (iterative, delta-reg=0.001)...
Solving ridge regression (iterative, delta-reg=0.001)...
Solving ridge regression (iterative, delta-reg=0.001)...
Solving ridge regression (iterative, delta-reg=0.001)...
Solving ridge regression (iterative, delta-reg=0.001)...
Solving ridge regression (iterative, delta-reg=0.001)...
Solving ridge regression (iterative, delta-reg=0.001)...
Solving ridge regression (iterative, delta-reg=0.001)...
Solving ridge regression (iterative, delta-reg=0.001)...
[PnC diagnostic | calib] perturbation_scale=25.0
  Uncorrected shift (mean±std, 50 members): 4.4944 ± 0.1020
  Corrected   shift (mean±std, 50 members): 1.4050 ± 0.0730
  Correction reduction: 68.7%
[grid] (92/162) seed1 s3b0 ps25 bf0.1: ok nll=0.1386 (44s) [elapsed 4903s]
Solving ridge regression (iterative, delta-reg=0.001)...
Solving ridge regression (iterative, delta-reg=0.001)...
Solving ridge regression (iterative, delta-reg=0.001)...
Solving ridge regression (iterative, delta-reg=0.001)...
Solving ridge regression (iterative, delta-reg=0.001)...
Solving ridge regression (iterative, delta-reg=0.001)...
Solving ridge regression (iterative, delta-reg=0.001)...
Solving ridge regression (iterative, delta-reg=0.001)...
Solving ridge regression (iterative, delta-reg=0.001)...
Solving ridge regression (iterative, delta-reg=0.001)...
Solving ridge regression (iterative, delta-reg=0.001)...
Solving ridge regression (iterative, delta-reg=0.001)...
Solving ridge regression (iterative, delta-reg=0.001)...
Solving ridge regression (iterative, delta-reg=0.001)...
Solving ridge regression (iterative, delta-reg=0.001)...
Solving ridge regression (iterative, delta-reg=0.001)...
Solving ridge regression (iterative, delta-reg=0.001)...
Solving ridge regression (iterative, delta-reg=0.001)...
Solving ridge regression (iterative, delta-reg=0.001)...
Solving ridge regression (iterative, delta-reg=0.001)...
Solving ridge regression (iterative, delta-reg=0.001)...
Solving ridge regression (iterative, delta-reg=0.001)...
Solving ridge regression (iterative, delta-reg=0.001)...
Solving ridge regression (iterative, delta-reg=0.001)...
Solving ridge regression (iterative, delta-reg=0.001)...
Solving ridge regression (iterative, delta-reg=0.001)...
Solving ridge regression (iterative, delta-reg=0.001)...
Solving ridge regression (iterative, delta-reg=0.001)...
Solving ridge regression (iterative, delta-reg=0.001)...
Solving ridge regression (iterative, delta-reg=0.001)...
Solving ridge regression (iterative, delta-reg=0.001)...
Solving ridge regression (iterative, delta-reg=0.001)...
Solving ridge regression (iterative, delta-reg=0.001)...
Solving ridge regression (iterative, delta-reg=0.001)...
Solving ridge regression (iterative, delta-reg=0.001)...
Solving ridge regression (iterative, delta-reg=0.001)...
Solving ridge regression (iterative, delta-reg=0.001)...
Solving ridge regression (iterative, delta-reg=0.001)...
Solving ridge regression (iterative, delta-reg=0.001)...
Solving ridge regression (iterative, delta-reg=0.001)...
Solving ridge regression (iterative, delta-reg=0.001)...
Solving ridge regression (iterative, delta-reg=0.001)...
Solving ridge regression (iterative, delta-reg=0.001)...
Solving ridge regression (iterative, delta-reg=0.001)...
Solving ridge regression (iterative, delta-reg=0.001)...
Solving ridge regression (iterative, delta-reg=0.001)...
Solving ridge regression (iterative, delta-reg=0.001)...
Solving ridge regression (iterative, delta-reg=0.001)...
Solving ridge regression (iterative, delta-reg=0.001)...
Solving ridge regression (iterative, delta-reg=0.001)...
[PnC diagnostic | calib] perturbation_scale=25.0
  Uncorrected shift (mean±std, 50 members): 4.4944 ± 0.1020
  Corrected   shift (mean±std, 50 members): 1.5307 ± 0.1027
  Correction reduction: 65.9%
[grid] (93/162) seed1 s3b0 ps25 bf0.2: ok nll=0.1461 (44s) [elapsed 4948s]
Solving ridge regression (iterative, delta-reg=0.001)...
Solving ridge regression (iterative, delta-reg=0.001)...
Solving ridge regression (iterative, delta-reg=0.001)...
Solving ridge regression (iterative, delta-reg=0.001)...
Solving ridge regression (iterative, delta-reg=0.001)...
Solving ridge regression (iterative, delta-reg=0.001)...
Solving ridge regression (iterative, delta-reg=0.001)...
Solving ridge regression (iterative, delta-reg=0.001)...
Solving ridge regression (iterative, delta-reg=0.001)...
Solving ridge regression (iterative, delta-reg=0.001)...
Solving ridge regression (iterative, delta-reg=0.001)...
Solving ridge regression (iterative, delta-reg=0.001)...
Solving ridge regression (iterative, delta-reg=0.001)...
Solving ridge regression (iterative, delta-reg=0.001)...
Solving ridge regression (iterative, delta-reg=0.001)...
Solving ridge regression (iterative, delta-reg=0.001)...
Solving ridge regression (iterative, delta-reg=0.001)...
Solving ridge regression (iterative, delta-reg=0.001)...
Solving ridge regression (iterative, delta-reg=0.001)...
Solving ridge regression (iterative, delta-reg=0.001)...
Solving ridge regression (iterative, delta-reg=0.001)...
Solving ridge regression (iterative, delta-reg=0.001)...
Solving ridge regression (iterative, delta-reg=0.001)...
Solving ridge regression (iterative, delta-reg=0.001)...
Solving ridge regression (iterative, delta-reg=0.001)...
Solving ridge regression (iterative, delta-reg=0.001)...
Solving ridge regression (iterative, delta-reg=0.001)...
Solving ridge regression (iterative, delta-reg=0.001)...
Solving ridge regression (iterative, delta-reg=0.001)...
Solving ridge regression (iterative, delta-reg=0.001)...
Solving ridge regression (iterative, delta-reg=0.001)...
Solving ridge regression (iterative, delta-reg=0.001)...
Solving ridge regression (iterative, delta-reg=0.001)...
Solving ridge regression (iterative, delta-reg=0.001)...
Solving ridge regression (iterative, delta-reg=0.001)...
Solving ridge regression (iterative, delta-reg=0.001)...
Solving ridge regression (iterative, delta-reg=0.001)...
Solving ridge regression (iterative, delta-reg=0.001)...
Solving ridge regression (iterative, delta-reg=0.001)...
Solving ridge regression (iterative, delta-reg=0.001)...
Solving ridge regression (iterative, delta-reg=0.001)...
Solving ridge regression (iterative, delta-reg=0.001)...
Solving ridge regression (iterative, delta-reg=0.001)...
Solving ridge regression (iterative, delta-reg=0.001)...
Solving ridge regression (iterative, delta-reg=0.001)...
Solving ridge regression (iterative, delta-reg=0.001)...
Solving ridge regression (iterative, delta-reg=0.001)...
Solving ridge regression (iterative, delta-reg=0.001)...
Solving ridge regression (iterative, delta-reg=0.001)...
Solving ridge regression (iterative, delta-reg=0.001)...
[PnC diagnostic | calib] perturbation_scale=50.0
  Uncorrected shift (mean±std, 50 members): 12.5943 ± 0.2451
  Corrected   shift (mean±std, 50 members): 5.2263 ± 0.2841
  Correction reduction: 58.5%
[grid] (94/162) seed1 s3b0 ps50 bf0.05: ok nll=1.7619 (44s) [elapsed 4992s]
Solving ridge regression (iterative, delta-reg=0.001)...
Solving ridge regression (iterative, delta-reg=0.001)...
Solving ridge regression (iterative, delta-reg=0.001)...
Solving ridge regression (iterative, delta-reg=0.001)...
Solving ridge regression (iterative, delta-reg=0.001)...
Solving ridge regression (iterative, delta-reg=0.001)...
Solving ridge regression (iterative, delta-reg=0.001)...
Solving ridge regression (iterative, delta-reg=0.001)...
Solving ridge regression (iterative, delta-reg=0.001)...
Solving ridge regression (iterative, delta-reg=0.001)...
Solving ridge regression (iterative, delta-reg=0.001)...
Solving ridge regression (iterative, delta-reg=0.001)...
Solving ridge regression (iterative, delta-reg=0.001)...
Solving ridge regression (iterative, delta-reg=0.001)...
Solving ridge regression (iterative, delta-reg=0.001)...
Solving ridge regression (iterative, delta-reg=0.001)...
Solving ridge regression (iterative, delta-reg=0.001)...
Solving ridge regression (iterative, delta-reg=0.001)...
Solving ridge regression (iterative, delta-reg=0.001)...
Solving ridge regression (iterative, delta-reg=0.001)...
Solving ridge regression (iterative, delta-reg=0.001)...
Solving ridge regression (iterative, delta-reg=0.001)...
Solving ridge regression (iterative, delta-reg=0.001)...
Solving ridge regression (iterative, delta-reg=0.001)...
Solving ridge regression (iterative, delta-reg=0.001)...
Solving ridge regression (iterative, delta-reg=0.001)...
Solving ridge regression (iterative, delta-reg=0.001)...
Solving ridge regression (iterative, delta-reg=0.001)...
Solving ridge regression (iterative, delta-reg=0.001)...
Solving ridge regression (iterative, delta-reg=0.001)...
Solving ridge regression (iterative, delta-reg=0.001)...
Solving ridge regression (iterative, delta-reg=0.001)...
Solving ridge regression (iterative, delta-reg=0.001)...
Solving ridge regression (iterative, delta-reg=0.001)...
Solving ridge regression (iterative, delta-reg=0.001)...
Solving ridge regression (iterative, delta-reg=0.001)...
Solving ridge regression (iterative, delta-reg=0.001)...
Solving ridge regression (iterative, delta-reg=0.001)...
Solving ridge regression (iterative, delta-reg=0.001)...
Solving ridge regression (iterative, delta-reg=0.001)...
Solving ridge regression (iterative, delta-reg=0.001)...
Solving ridge regression (iterative, delta-reg=0.001)...
Solving ridge regression (iterative, delta-reg=0.001)...
Solving ridge regression (iterative, delta-reg=0.001)...
Solving ridge regression (iterative, delta-reg=0.001)...
Solving ridge regression (iterative, delta-reg=0.001)...
Solving ridge regression (iterative, delta-reg=0.001)...
Solving ridge regression (iterative, delta-reg=0.001)...
Solving ridge regression (iterative, delta-reg=0.001)...
Solving ridge regression (iterative, delta-reg=0.001)...
[PnC diagnostic | calib] perturbation_scale=50.0
  Uncorrected shift (mean±std, 50 members): 12.5943 ± 0.2451
  Corrected   shift (mean±std, 50 members): 5.0941 ± 0.1781
  Correction reduction: 59.6%
[grid] (95/162) seed1 s3b0 ps50 bf0.1: ok nll=2.1499 (44s) [elapsed 5036s]
Solving ridge regression (iterative, delta-reg=0.001)...
Solving ridge regression (iterative, delta-reg=0.001)...
Solving ridge regression (iterative, delta-reg=0.001)...
Solving ridge regression (iterative, delta-reg=0.001)...
Solving ridge regression (iterative, delta-reg=0.001)...
Solving ridge regression (iterative, delta-reg=0.001)...
Solving ridge regression (iterative, delta-reg=0.001)...
Solving ridge regression (iterative, delta-reg=0.001)...
Solving ridge regression (iterative, delta-reg=0.001)...
Solving ridge regression (iterative, delta-reg=0.001)...
Solving ridge regression (iterative, delta-reg=0.001)...
Solving ridge regression (iterative, delta-reg=0.001)...
Solving ridge regression (iterative, delta-reg=0.001)...
Solving ridge regression (iterative, delta-reg=0.001)...
Solving ridge regression (iterative, delta-reg=0.001)...
Solving ridge regression (iterative, delta-reg=0.001)...
Solving ridge regression (iterative, delta-reg=0.001)...
Solving ridge regression (iterative, delta-reg=0.001)...
Solving ridge regression (iterative, delta-reg=0.001)...
Solving ridge regression (iterative, delta-reg=0.001)...
Solving ridge regression (iterative, delta-reg=0.001)...
Solving ridge regression (iterative, delta-reg=0.001)...
Solving ridge regression (iterative, delta-reg=0.001)...
Solving ridge regression (iterative, delta-reg=0.001)...
Solving ridge regression (iterative, delta-reg=0.001)...
Solving ridge regression (iterative, delta-reg=0.001)...
Solving ridge regression (iterative, delta-reg=0.001)...
Solving ridge regression (iterative, delta-reg=0.001)...
Solving ridge regression (iterative, delta-reg=0.001)...
Solving ridge regression (iterative, delta-reg=0.001)...
Solving ridge regression (iterative, delta-reg=0.001)...
Solving ridge regression (iterative, delta-reg=0.001)...
Solving ridge regression (iterative, delta-reg=0.001)...
Solving ridge regression (iterative, delta-reg=0.001)...
Solving ridge regression (iterative, delta-reg=0.001)...
Solving ridge regression (iterative, delta-reg=0.001)...
Solving ridge regression (iterative, delta-reg=0.001)...
Solving ridge regression (iterative, delta-reg=0.001)...
Solving ridge regression (iterative, delta-reg=0.001)...
Solving ridge regression (iterative, delta-reg=0.001)...
Solving ridge regression (iterative, delta-reg=0.001)...
Solving ridge regression (iterative, delta-reg=0.001)...
Solving ridge regression (iterative, delta-reg=0.001)...
Solving ridge regression (iterative, delta-reg=0.001)...
Solving ridge regression (iterative, delta-reg=0.001)...
Solving ridge regression (iterative, delta-reg=0.001)...
Solving ridge regression (iterative, delta-reg=0.001)...
Solving ridge regression (iterative, delta-reg=0.001)...
Solving ridge regression (iterative, delta-reg=0.001)...
Solving ridge regression (iterative, delta-reg=0.001)...
[PnC diagnostic | calib] perturbation_scale=50.0
  Uncorrected shift (mean±std, 50 members): 12.5943 ± 0.2451
  Corrected   shift (mean±std, 50 members): 6.1134 ± 0.2856
  Correction reduction: 51.5%
[grid] (96/162) seed1 s3b0 ps50 bf0.2: ok nll=2.2976 (45s) [elapsed 5080s]
Solving ridge regression (iterative, delta-reg=0.001)...
Solving ridge regression (iterative, delta-reg=0.001)...
Solving ridge regression (iterative, delta-reg=0.001)...
Solving ridge regression (iterative, delta-reg=0.001)...
Solving ridge regression (iterative, delta-reg=0.001)...
Solving ridge regression (iterative, delta-reg=0.001)...
Solving ridge regression (iterative, delta-reg=0.001)...
Solving ridge regression (iterative, delta-reg=0.001)...
Solving ridge regression (iterative, delta-reg=0.001)...
Solving ridge regression (iterative, delta-reg=0.001)...
Solving ridge regression (iterative, delta-reg=0.001)...
Solving ridge regression (iterative, delta-reg=0.001)...
Solving ridge regression (iterative, delta-reg=0.001)...
Solving ridge regression (iterative, delta-reg=0.001)...
Solving ridge regression (iterative, delta-reg=0.001)...
Solving ridge regression (iterative, delta-reg=0.001)...
Solving ridge regression (iterative, delta-reg=0.001)...
Solving ridge regression (iterative, delta-reg=0.001)...
Solving ridge regression (iterative, delta-reg=0.001)...
Solving ridge regression (iterative, delta-reg=0.001)...
Solving ridge regression (iterative, delta-reg=0.001)...
Solving ridge regression (iterative, delta-reg=0.001)...
Solving ridge regression (iterative, delta-reg=0.001)...
Solving ridge regression (iterative, delta-reg=0.001)...
Solving ridge regression (iterative, delta-reg=0.001)...
Solving ridge regression (iterative, delta-reg=0.001)...
Solving ridge regression (iterative, delta-reg=0.001)...
Solving ridge regression (iterative, delta-reg=0.001)...
Solving ridge regression (iterative, delta-reg=0.001)...
Solving ridge regression (iterative, delta-reg=0.001)...
Solving ridge regression (iterative, delta-reg=0.001)...
Solving ridge regression (iterative, delta-reg=0.001)...
Solving ridge regression (iterative, delta-reg=0.001)...
Solving ridge regression (iterative, delta-reg=0.001)...
Solving ridge regression (iterative, delta-reg=0.001)...
Solving ridge regression (iterative, delta-reg=0.001)...
Solving ridge regression (iterative, delta-reg=0.001)...
Solving ridge regression (iterative, delta-reg=0.001)...
Solving ridge regression (iterative, delta-reg=0.001)...
Solving ridge regression (iterative, delta-reg=0.001)...
Solving ridge regression (iterative, delta-reg=0.001)...
Solving ridge regression (iterative, delta-reg=0.001)...
Solving ridge regression (iterative, delta-reg=0.001)...
Solving ridge regression (iterative, delta-reg=0.001)...
Solving ridge regression (iterative, delta-reg=0.001)...
Solving ridge regression (iterative, delta-reg=0.001)...
Solving ridge regression (iterative, delta-reg=0.001)...
Solving ridge regression (iterative, delta-reg=0.001)...
Solving ridge regression (iterative, delta-reg=0.001)...
Solving ridge regression (iterative, delta-reg=0.001)...
[PnC diagnostic | calib] perturbation_scale=100.0
  Uncorrected shift (mean±std, 50 members): 30.4011 ± 0.5411
  Corrected   shift (mean±std, 50 members): 3515.6193 ± 8832.4587
  Correction reduction: -11464.1%
[grid] (97/162) seed1 s3b0 ps100 bf0.05: ok nll=4.8234 (44s) [elapsed 5124s]
Solving ridge regression (iterative, delta-reg=0.001)...
Solving ridge regression (iterative, delta-reg=0.001)...
Solving ridge regression (iterative, delta-reg=0.001)...
Solving ridge regression (iterative, delta-reg=0.001)...
Solving ridge regression (iterative, delta-reg=0.001)...
Solving ridge regression (iterative, delta-reg=0.001)...
Solving ridge regression (iterative, delta-reg=0.001)...
Solving ridge regression (iterative, delta-reg=0.001)...
Solving ridge regression (iterative, delta-reg=0.001)...
Solving ridge regression (iterative, delta-reg=0.001)...
Solving ridge regression (iterative, delta-reg=0.001)...
Solving ridge regression (iterative, delta-reg=0.001)...
Solving ridge regression (iterative, delta-reg=0.001)...
Solving ridge regression (iterative, delta-reg=0.001)...
Solving ridge regression (iterative, delta-reg=0.001)...
Solving ridge regression (iterative, delta-reg=0.001)...
Solving ridge regression (iterative, delta-reg=0.001)...
Solving ridge regression (iterative, delta-reg=0.001)...
Solving ridge regression (iterative, delta-reg=0.001)...
Solving ridge regression (iterative, delta-reg=0.001)...
Solving ridge regression (iterative, delta-reg=0.001)...
Solving ridge regression (iterative, delta-reg=0.001)...
Solving ridge regression (iterative, delta-reg=0.001)...
Solving ridge regression (iterative, delta-reg=0.001)...
Solving ridge regression (iterative, delta-reg=0.001)...
Solving ridge regression (iterative, delta-reg=0.001)...
Solving ridge regression (iterative, delta-reg=0.001)...
Solving ridge regression (iterative, delta-reg=0.001)...
Solving ridge regression (iterative, delta-reg=0.001)...
Solving ridge regression (iterative, delta-reg=0.001)...
Solving ridge regression (iterative, delta-reg=0.001)...
Solving ridge regression (iterative, delta-reg=0.001)...
Solving ridge regression (iterative, delta-reg=0.001)...
Solving ridge regression (iterative, delta-reg=0.001)...
Solving ridge regression (iterative, delta-reg=0.001)...
Solving ridge regression (iterative, delta-reg=0.001)...
Solving ridge regression (iterative, delta-reg=0.001)...
Solving ridge regression (iterative, delta-reg=0.001)...
Solving ridge regression (iterative, delta-reg=0.001)...
Solving ridge regression (iterative, delta-reg=0.001)...
Solving ridge regression (iterative, delta-reg=0.001)...
Solving ridge regression (iterative, delta-reg=0.001)...
Solving ridge regression (iterative, delta-reg=0.001)...
Solving ridge regression (iterative, delta-reg=0.001)...
Solving ridge regression (iterative, delta-reg=0.001)...
Solving ridge regression (iterative, delta-reg=0.001)...
Solving ridge regression (iterative, delta-reg=0.001)...
Solving ridge regression (iterative, delta-reg=0.001)...
Solving ridge regression (iterative, delta-reg=0.001)...
Solving ridge regression (iterative, delta-reg=0.001)...
[PnC diagnostic | calib] perturbation_scale=100.0
  Uncorrected shift (mean±std, 50 members): 30.4011 ± 0.5411
  Corrected   shift (mean±std, 50 members): 9134.8950 ± 16191.7142
  Correction reduction: -29947.9%
[grid] (98/162) seed1 s3b0 ps100 bf0.1: ok nll=6.8762 (44s) [elapsed 5168s]
Solving ridge regression (iterative, delta-reg=0.001)...
Solving ridge regression (iterative, delta-reg=0.001)...
Solving ridge regression (iterative, delta-reg=0.001)...
Solving ridge regression (iterative, delta-reg=0.001)...
Solving ridge regression (iterative, delta-reg=0.001)...
Solving ridge regression (iterative, delta-reg=0.001)...
Solving ridge regression (iterative, delta-reg=0.001)...
Solving ridge regression (iterative, delta-reg=0.001)...
Solving ridge regression (iterative, delta-reg=0.001)...
Solving ridge regression (iterative, delta-reg=0.001)...
Solving ridge regression (iterative, delta-reg=0.001)...
Solving ridge regression (iterative, delta-reg=0.001)...
Solving ridge regression (iterative, delta-reg=0.001)...
Solving ridge regression (iterative, delta-reg=0.001)...
Solving ridge regression (iterative, delta-reg=0.001)...
Solving ridge regression (iterative, delta-reg=0.001)...
Solving ridge regression (iterative, delta-reg=0.001)...
Solving ridge regression (iterative, delta-reg=0.001)...
Solving ridge regression (iterative, delta-reg=0.001)...
Solving ridge regression (iterative, delta-reg=0.001)...
Solving ridge regression (iterative, delta-reg=0.001)...
Solving ridge regression (iterative, delta-reg=0.001)...
Solving ridge regression (iterative, delta-reg=0.001)...
Solving ridge regression (iterative, delta-reg=0.001)...
Solving ridge regression (iterative, delta-reg=0.001)...
Solving ridge regression (iterative, delta-reg=0.001)...
Solving ridge regression (iterative, delta-reg=0.001)...
Solving ridge regression (iterative, delta-reg=0.001)...
Solving ridge regression (iterative, delta-reg=0.001)...
Solving ridge regression (iterative, delta-reg=0.001)...
Solving ridge regression (iterative, delta-reg=0.001)...
Solving ridge regression (iterative, delta-reg=0.001)...
Solving ridge regression (iterative, delta-reg=0.001)...
Solving ridge regression (iterative, delta-reg=0.001)...
Solving ridge regression (iterative, delta-reg=0.001)...
Solving ridge regression (iterative, delta-reg=0.001)...
Solving ridge regression (iterative, delta-reg=0.001)...
Solving ridge regression (iterative, delta-reg=0.001)...
Solving ridge regression (iterative, delta-reg=0.001)...
Solving ridge regression (iterative, delta-reg=0.001)...
Solving ridge regression (iterative, delta-reg=0.001)...
Solving ridge regression (iterative, delta-reg=0.001)...
Solving ridge regression (iterative, delta-reg=0.001)...
Solving ridge regression (iterative, delta-reg=0.001)...
Solving ridge regression (iterative, delta-reg=0.001)...
Solving ridge regression (iterative, delta-reg=0.001)...
Solving ridge regression (iterative, delta-reg=0.001)...
Solving ridge regression (iterative, delta-reg=0.001)...
Solving ridge regression (iterative, delta-reg=0.001)...
Solving ridge regression (iterative, delta-reg=0.001)...
[PnC diagnostic | calib] perturbation_scale=100.0
  Uncorrected shift (mean±std, 50 members): 30.4011 ± 0.5411
  Corrected   shift (mean±std, 50 members): 4108.5188 ± 4739.6341
  Correction reduction: -13414.4%
[grid] (99/162) seed1 s3b0 ps100 bf0.2: ok nll=6.5135 (45s) [elapsed 5213s]
Solving ridge regression (iterative, delta-reg=0.001)...
Solving ridge regression (iterative, delta-reg=0.001)...
Solving ridge regression (iterative, delta-reg=0.001)...
Solving ridge regression (iterative, delta-reg=0.001)...
Solving ridge regression (iterative, delta-reg=0.001)...
Solving ridge regression (iterative, delta-reg=0.001)...
Solving ridge regression (iterative, delta-reg=0.001)...
Solving ridge regression (iterative, delta-reg=0.001)...
Solving ridge regression (iterative, delta-reg=0.001)...
Solving ridge regression (iterative, delta-reg=0.001)...
Solving ridge regression (iterative, delta-reg=0.001)...
Solving ridge regression (iterative, delta-reg=0.001)...
Solving ridge regression (iterative, delta-reg=0.001)...
Solving ridge regression (iterative, delta-reg=0.001)...
Solving ridge regression (iterative, delta-reg=0.001)...
Solving ridge regression (iterative, delta-reg=0.001)...
Solving ridge regression (iterative, delta-reg=0.001)...
Solving ridge regression (iterative, delta-reg=0.001)...
Solving ridge regression (iterative, delta-reg=0.001)...
Solving ridge regression (iterative, delta-reg=0.001)...
Solving ridge regression (iterative, delta-reg=0.001)...
Solving ridge regression (iterative, delta-reg=0.001)...
Solving ridge regression (iterative, delta-reg=0.001)...
Solving ridge regression (iterative, delta-reg=0.001)...
Solving ridge regression (iterative, delta-reg=0.001)...
Solving ridge regression (iterative, delta-reg=0.001)...
Solving ridge regression (iterative, delta-reg=0.001)...
Solving ridge regression (iterative, delta-reg=0.001)...
Solving ridge regression (iterative, delta-reg=0.001)...
Solving ridge regression (iterative, delta-reg=0.001)...
Solving ridge regression (iterative, delta-reg=0.001)...
Solving ridge regression (iterative, delta-reg=0.001)...
Solving ridge regression (iterative, delta-reg=0.001)...
Solving ridge regression (iterative, delta-reg=0.001)...
Solving ridge regression (iterative, delta-reg=0.001)...
Solving ridge regression (iterative, delta-reg=0.001)...
Solving ridge regression (iterative, delta-reg=0.001)...
Solving ridge regression (iterative, delta-reg=0.001)...
Solving ridge regression (iterative, delta-reg=0.001)...
Solving ridge regression (iterative, delta-reg=0.001)...
Solving ridge regression (iterative, delta-reg=0.001)...
Solving ridge regression (iterative, delta-reg=0.001)...
Solving ridge regression (iterative, delta-reg=0.001)...
Solving ridge regression (iterative, delta-reg=0.001)...
Solving ridge regression (iterative, delta-reg=0.001)...
Solving ridge regression (iterative, delta-reg=0.001)...
Solving ridge regression (iterative, delta-reg=0.001)...
Solving ridge regression (iterative, delta-reg=0.001)...
Solving ridge regression (iterative, delta-reg=0.001)...
Solving ridge regression (iterative, delta-reg=0.001)...
[PnC diagnostic | calib] perturbation_scale=25.0
  Uncorrected shift (mean±std, 50 members): 1.5567 ± 0.0824
  Corrected   shift (mean±std, 50 members): 0.6741 ± 0.0281
  Correction reduction: 56.7%
[grid] (100/162) seed1 s3b1 ps25 bf0.05: ok nll=0.1410 (45s) [elapsed 5259s]
Solving ridge regression (iterative, delta-reg=0.001)...
Solving ridge regression (iterative, delta-reg=0.001)...
Solving ridge regression (iterative, delta-reg=0.001)...
Solving ridge regression (iterative, delta-reg=0.001)...
Solving ridge regression (iterative, delta-reg=0.001)...
Solving ridge regression (iterative, delta-reg=0.001)...
Solving ridge regression (iterative, delta-reg=0.001)...
Solving ridge regression (iterative, delta-reg=0.001)...
Solving ridge regression (iterative, delta-reg=0.001)...
Solving ridge regression (iterative, delta-reg=0.001)...
Solving ridge regression (iterative, delta-reg=0.001)...
Solving ridge regression (iterative, delta-reg=0.001)...
Solving ridge regression (iterative, delta-reg=0.001)...
Solving ridge regression (iterative, delta-reg=0.001)...
Solving ridge regression (iterative, delta-reg=0.001)...
Solving ridge regression (iterative, delta-reg=0.001)...
Solving ridge regression (iterative, delta-reg=0.001)...
Solving ridge regression (iterative, delta-reg=0.001)...
Solving ridge regression (iterative, delta-reg=0.001)...
Solving ridge regression (iterative, delta-reg=0.001)...
Solving ridge regression (iterative, delta-reg=0.001)...
Solving ridge regression (iterative, delta-reg=0.001)...
Solving ridge regression (iterative, delta-reg=0.001)...
Solving ridge regression (iterative, delta-reg=0.001)...
Solving ridge regression (iterative, delta-reg=0.001)...
Solving ridge regression (iterative, delta-reg=0.001)...
Solving ridge regression (iterative, delta-reg=0.001)...
Solving ridge regression (iterative, delta-reg=0.001)...
Solving ridge regression (iterative, delta-reg=0.001)...
Solving ridge regression (iterative, delta-reg=0.001)...
Solving ridge regression (iterative, delta-reg=0.001)...
Solving ridge regression (iterative, delta-reg=0.001)...
Solving ridge regression (iterative, delta-reg=0.001)...
Solving ridge regression (iterative, delta-reg=0.001)...
Solving ridge regression (iterative, delta-reg=0.001)...
Solving ridge regression (iterative, delta-reg=0.001)...
Solving ridge regression (iterative, delta-reg=0.001)...
Solving ridge regression (iterative, delta-reg=0.001)...
Solving ridge regression (iterative, delta-reg=0.001)...
Solving ridge regression (iterative, delta-reg=0.001)...
Solving ridge regression (iterative, delta-reg=0.001)...
Solving ridge regression (iterative, delta-reg=0.001)...
Solving ridge regression (iterative, delta-reg=0.001)...
Solving ridge regression (iterative, delta-reg=0.001)...
Solving ridge regression (iterative, delta-reg=0.001)...
Solving ridge regression (iterative, delta-reg=0.001)...
Solving ridge regression (iterative, delta-reg=0.001)...
Solving ridge regression (iterative, delta-reg=0.001)...
Solving ridge regression (iterative, delta-reg=0.001)...
Solving ridge regression (iterative, delta-reg=0.001)...
[PnC diagnostic | calib] perturbation_scale=25.0
  Uncorrected shift (mean±std, 50 members): 1.5567 ± 0.0824
  Corrected   shift (mean±std, 50 members): 4.1437 ± 7.0250
  Correction reduction: -166.2%
[grid] (101/162) seed1 s3b1 ps25 bf0.1: ok nll=0.2758 (46s) [elapsed 5304s]
Solving ridge regression (iterative, delta-reg=0.001)...
Solving ridge regression (iterative, delta-reg=0.001)...
Solving ridge regression (iterative, delta-reg=0.001)...
Solving ridge regression (iterative, delta-reg=0.001)...
Solving ridge regression (iterative, delta-reg=0.001)...
Solving ridge regression (iterative, delta-reg=0.001)...
Solving ridge regression (iterative, delta-reg=0.001)...
Solving ridge regression (iterative, delta-reg=0.001)...
Solving ridge regression (iterative, delta-reg=0.001)...
Solving ridge regression (iterative, delta-reg=0.001)...
Solving ridge regression (iterative, delta-reg=0.001)...
Solving ridge regression (iterative, delta-reg=0.001)...
Solving ridge regression (iterative, delta-reg=0.001)...
Solving ridge regression (iterative, delta-reg=0.001)...
Solving ridge regression (iterative, delta-reg=0.001)...
Solving ridge regression (iterative, delta-reg=0.001)...
Solving ridge regression (iterative, delta-reg=0.001)...
Solving ridge regression (iterative, delta-reg=0.001)...
Solving ridge regression (iterative, delta-reg=0.001)...
Solving ridge regression (iterative, delta-reg=0.001)...
Solving ridge regression (iterative, delta-reg=0.001)...
Solving ridge regression (iterative, delta-reg=0.001)...
Solving ridge regression (iterative, delta-reg=0.001)...
Solving ridge regression (iterative, delta-reg=0.001)...
Solving ridge regression (iterative, delta-reg=0.001)...
Solving ridge regression (iterative, delta-reg=0.001)...
Solving ridge regression (iterative, delta-reg=0.001)...
Solving ridge regression (iterative, delta-reg=0.001)...
Solving ridge regression (iterative, delta-reg=0.001)...
Solving ridge regression (iterative, delta-reg=0.001)...
Solving ridge regression (iterative, delta-reg=0.001)...
Solving ridge regression (iterative, delta-reg=0.001)...
Solving ridge regression (iterative, delta-reg=0.001)...
Solving ridge regression (iterative, delta-reg=0.001)...
Solving ridge regression (iterative, delta-reg=0.001)...
Solving ridge regression (iterative, delta-reg=0.001)...
Solving ridge regression (iterative, delta-reg=0.001)...
Solving ridge regression (iterative, delta-reg=0.001)...
Solving ridge regression (iterative, delta-reg=0.001)...
Solving ridge regression (iterative, delta-reg=0.001)...
Solving ridge regression (iterative, delta-reg=0.001)...
Solving ridge regression (iterative, delta-reg=0.001)...
Solving ridge regression (iterative, delta-reg=0.001)...
Solving ridge regression (iterative, delta-reg=0.001)...
Solving ridge regression (iterative, delta-reg=0.001)...
Solving ridge regression (iterative, delta-reg=0.001)...
Solving ridge regression (iterative, delta-reg=0.001)...
Solving ridge regression (iterative, delta-reg=0.001)...
Solving ridge regression (iterative, delta-reg=0.001)...
Solving ridge regression (iterative, delta-reg=0.001)...
[PnC diagnostic | calib] perturbation_scale=25.0
  Uncorrected shift (mean±std, 50 members): 1.5567 ± 0.0824
  Corrected   shift (mean±std, 50 members): 6.0186 ± 19.3422
  Correction reduction: -286.6%
[grid] (102/162) seed1 s3b1 ps25 bf0.2: ok nll=0.2801 (46s) [elapsed 5350s]
Solving ridge regression (iterative, delta-reg=0.001)...
Solving ridge regression (iterative, delta-reg=0.001)...
Solving ridge regression (iterative, delta-reg=0.001)...
Solving ridge regression (iterative, delta-reg=0.001)...
Solving ridge regression (iterative, delta-reg=0.001)...
Solving ridge regression (iterative, delta-reg=0.001)...
Solving ridge regression (iterative, delta-reg=0.001)...
Solving ridge regression (iterative, delta-reg=0.001)...
Solving ridge regression (iterative, delta-reg=0.001)...
Solving ridge regression (iterative, delta-reg=0.001)...
Solving ridge regression (iterative, delta-reg=0.001)...
Solving ridge regression (iterative, delta-reg=0.001)...
Solving ridge regression (iterative, delta-reg=0.001)...
Solving ridge regression (iterative, delta-reg=0.001)...
Solving ridge regression (iterative, delta-reg=0.001)...
Solving ridge regression (iterative, delta-reg=0.001)...
Solving ridge regression (iterative, delta-reg=0.001)...
Solving ridge regression (iterative, delta-reg=0.001)...
Solving ridge regression (iterative, delta-reg=0.001)...
Solving ridge regression (iterative, delta-reg=0.001)...
Solving ridge regression (iterative, delta-reg=0.001)...
Solving ridge regression (iterative, delta-reg=0.001)...
Solving ridge regression (iterative, delta-reg=0.001)...
Solving ridge regression (iterative, delta-reg=0.001)...
Solving ridge regression (iterative, delta-reg=0.001)...
Solving ridge regression (iterative, delta-reg=0.001)...
Solving ridge regression (iterative, delta-reg=0.001)...
Solving ridge regression (iterative, delta-reg=0.001)...
Solving ridge regression (iterative, delta-reg=0.001)...
Solving ridge regression (iterative, delta-reg=0.001)...
Solving ridge regression (iterative, delta-reg=0.001)...
Solving ridge regression (iterative, delta-reg=0.001)...
Solving ridge regression (iterative, delta-reg=0.001)...
Solving ridge regression (iterative, delta-reg=0.001)...
Solving ridge regression (iterative, delta-reg=0.001)...
Solving ridge regression (iterative, delta-reg=0.001)...
Solving ridge regression (iterative, delta-reg=0.001)...
Solving ridge regression (iterative, delta-reg=0.001)...
Solving ridge regression (iterative, delta-reg=0.001)...
Solving ridge regression (iterative, delta-reg=0.001)...
Solving ridge regression (iterative, delta-reg=0.001)...
Solving ridge regression (iterative, delta-reg=0.001)...
Solving ridge regression (iterative, delta-reg=0.001)...
Solving ridge regression (iterative, delta-reg=0.001)...
Solving ridge regression (iterative, delta-reg=0.001)...
Solving ridge regression (iterative, delta-reg=0.001)...
Solving ridge regression (iterative, delta-reg=0.001)...
Solving ridge regression (iterative, delta-reg=0.001)...
Solving ridge regression (iterative, delta-reg=0.001)...
Solving ridge regression (iterative, delta-reg=0.001)...
[PnC diagnostic | calib] perturbation_scale=50.0
  Uncorrected shift (mean±std, 50 members): 3.5932 ± 0.2009
  Corrected   shift (mean±std, 50 members): 1.6339 ± 0.1924
  Correction reduction: 54.5%
[grid] (103/162) seed1 s3b1 ps50 bf0.05: ok nll=0.1522 (46s) [elapsed 5396s]
Solving ridge regression (iterative, delta-reg=0.001)...
Solving ridge regression (iterative, delta-reg=0.001)...
Solving ridge regression (iterative, delta-reg=0.001)...
Solving ridge regression (iterative, delta-reg=0.001)...
Solving ridge regression (iterative, delta-reg=0.001)...
Solving ridge regression (iterative, delta-reg=0.001)...
Solving ridge regression (iterative, delta-reg=0.001)...
Solving ridge regression (iterative, delta-reg=0.001)...
Solving ridge regression (iterative, delta-reg=0.001)...
Solving ridge regression (iterative, delta-reg=0.001)...
Solving ridge regression (iterative, delta-reg=0.001)...
Solving ridge regression (iterative, delta-reg=0.001)...
Solving ridge regression (iterative, delta-reg=0.001)...
Solving ridge regression (iterative, delta-reg=0.001)...
Solving ridge regression (iterative, delta-reg=0.001)...
Solving ridge regression (iterative, delta-reg=0.001)...
Solving ridge regression (iterative, delta-reg=0.001)...
Solving ridge regression (iterative, delta-reg=0.001)...
Solving ridge regression (iterative, delta-reg=0.001)...
Solving ridge regression (iterative, delta-reg=0.001)...
Solving ridge regression (iterative, delta-reg=0.001)...
Solving ridge regression (iterative, delta-reg=0.001)...
Solving ridge regression (iterative, delta-reg=0.001)...
Solving ridge regression (iterative, delta-reg=0.001)...
Solving ridge regression (iterative, delta-reg=0.001)...
Solving ridge regression (iterative, delta-reg=0.001)...
Solving ridge regression (iterative, delta-reg=0.001)...
Solving ridge regression (iterative, delta-reg=0.001)...
Solving ridge regression (iterative, delta-reg=0.001)...
Solving ridge regression (iterative, delta-reg=0.001)...
Solving ridge regression (iterative, delta-reg=0.001)...
Solving ridge regression (iterative, delta-reg=0.001)...
Solving ridge regression (iterative, delta-reg=0.001)...
Solving ridge regression (iterative, delta-reg=0.001)...
Solving ridge regression (iterative, delta-reg=0.001)...
Solving ridge regression (iterative, delta-reg=0.001)...
Solving ridge regression (iterative, delta-reg=0.001)...
Solving ridge regression (iterative, delta-reg=0.001)...
Solving ridge regression (iterative, delta-reg=0.001)...
Solving ridge regression (iterative, delta-reg=0.001)...
Solving ridge regression (iterative, delta-reg=0.001)...
Solving ridge regression (iterative, delta-reg=0.001)...
Solving ridge regression (iterative, delta-reg=0.001)...
Solving ridge regression (iterative, delta-reg=0.001)...
Solving ridge regression (iterative, delta-reg=0.001)...
Solving ridge regression (iterative, delta-reg=0.001)...
Solving ridge regression (iterative, delta-reg=0.001)...
Solving ridge regression (iterative, delta-reg=0.001)...
Solving ridge regression (iterative, delta-reg=0.001)...
Solving ridge regression (iterative, delta-reg=0.001)...
[PnC diagnostic | calib] perturbation_scale=50.0
  Uncorrected shift (mean±std, 50 members): 3.5932 ± 0.2009
  Corrected   shift (mean±std, 50 members): 6.1624 ± 8.6031
  Correction reduction: -71.5%
[grid] (104/162) seed1 s3b1 ps50 bf0.1: ok nll=0.3316 (46s) [elapsed 5442s]
Solving ridge regression (iterative, delta-reg=0.001)...
Solving ridge regression (iterative, delta-reg=0.001)...
Solving ridge regression (iterative, delta-reg=0.001)...
Solving ridge regression (iterative, delta-reg=0.001)...
Solving ridge regression (iterative, delta-reg=0.001)...
Solving ridge regression (iterative, delta-reg=0.001)...
Solving ridge regression (iterative, delta-reg=0.001)...
Solving ridge regression (iterative, delta-reg=0.001)...
Solving ridge regression (iterative, delta-reg=0.001)...
Solving ridge regression (iterative, delta-reg=0.001)...
Solving ridge regression (iterative, delta-reg=0.001)...
Solving ridge regression (iterative, delta-reg=0.001)...
Solving ridge regression (iterative, delta-reg=0.001)...
Solving ridge regression (iterative, delta-reg=0.001)...
Solving ridge regression (iterative, delta-reg=0.001)...
Solving ridge regression (iterative, delta-reg=0.001)...
Solving ridge regression (iterative, delta-reg=0.001)...
Solving ridge regression (iterative, delta-reg=0.001)...
Solving ridge regression (iterative, delta-reg=0.001)...
Solving ridge regression (iterative, delta-reg=0.001)...
Solving ridge regression (iterative, delta-reg=0.001)...
Solving ridge regression (iterative, delta-reg=0.001)...
Solving ridge regression (iterative, delta-reg=0.001)...
Solving ridge regression (iterative, delta-reg=0.001)...
Solving ridge regression (iterative, delta-reg=0.001)...
Solving ridge regression (iterative, delta-reg=0.001)...
Solving ridge regression (iterative, delta-reg=0.001)...
Solving ridge regression (iterative, delta-reg=0.001)...
Solving ridge regression (iterative, delta-reg=0.001)...
Solving ridge regression (iterative, delta-reg=0.001)...
Solving ridge regression (iterative, delta-reg=0.001)...
Solving ridge regression (iterative, delta-reg=0.001)...
Solving ridge regression (iterative, delta-reg=0.001)...
Solving ridge regression (iterative, delta-reg=0.001)...
Solving ridge regression (iterative, delta-reg=0.001)...
Solving ridge regression (iterative, delta-reg=0.001)...
Solving ridge regression (iterative, delta-reg=0.001)...
Solving ridge regression (iterative, delta-reg=0.001)...
Solving ridge regression (iterative, delta-reg=0.001)...
Solving ridge regression (iterative, delta-reg=0.001)...
Solving ridge regression (iterative, delta-reg=0.001)...
Solving ridge regression (iterative, delta-reg=0.001)...
Solving ridge regression (iterative, delta-reg=0.001)...
Solving ridge regression (iterative, delta-reg=0.001)...
Solving ridge regression (iterative, delta-reg=0.001)...
Solving ridge regression (iterative, delta-reg=0.001)...
Solving ridge regression (iterative, delta-reg=0.001)...
Solving ridge regression (iterative, delta-reg=0.001)...
Solving ridge regression (iterative, delta-reg=0.001)...
Solving ridge regression (iterative, delta-reg=0.001)...
[PnC diagnostic | calib] perturbation_scale=50.0
  Uncorrected shift (mean±std, 50 members): 3.5932 ± 0.2009
  Corrected   shift (mean±std, 50 members): 241.3814 ± 1210.3615
  Correction reduction: -6617.8%
[grid] (105/162) seed1 s3b1 ps50 bf0.2: ok nll=1.1061 (46s) [elapsed 5488s]
Solving ridge regression (iterative, delta-reg=0.001)...
Solving ridge regression (iterative, delta-reg=0.001)...
Solving ridge regression (iterative, delta-reg=0.001)...
Solving ridge regression (iterative, delta-reg=0.001)...
Solving ridge regression (iterative, delta-reg=0.001)...
Solving ridge regression (iterative, delta-reg=0.001)...
Solving ridge regression (iterative, delta-reg=0.001)...
Solving ridge regression (iterative, delta-reg=0.001)...
Solving ridge regression (iterative, delta-reg=0.001)...
Solving ridge regression (iterative, delta-reg=0.001)...
Solving ridge regression (iterative, delta-reg=0.001)...
Solving ridge regression (iterative, delta-reg=0.001)...
Solving ridge regression (iterative, delta-reg=0.001)...
Solving ridge regression (iterative, delta-reg=0.001)...
Solving ridge regression (iterative, delta-reg=0.001)...
Solving ridge regression (iterative, delta-reg=0.001)...
Solving ridge regression (iterative, delta-reg=0.001)...
Solving ridge regression (iterative, delta-reg=0.001)...
Solving ridge regression (iterative, delta-reg=0.001)...
Solving ridge regression (iterative, delta-reg=0.001)...
Solving ridge regression (iterative, delta-reg=0.001)...
Solving ridge regression (iterative, delta-reg=0.001)...
Solving ridge regression (iterative, delta-reg=0.001)...
Solving ridge regression (iterative, delta-reg=0.001)...
Solving ridge regression (iterative, delta-reg=0.001)...
Solving ridge regression (iterative, delta-reg=0.001)...
Solving ridge regression (iterative, delta-reg=0.001)...
Solving ridge regression (iterative, delta-reg=0.001)...
Solving ridge regression (iterative, delta-reg=0.001)...
Solving ridge regression (iterative, delta-reg=0.001)...
Solving ridge regression (iterative, delta-reg=0.001)...
Solving ridge regression (iterative, delta-reg=0.001)...
Solving ridge regression (iterative, delta-reg=0.001)...
Solving ridge regression (iterative, delta-reg=0.001)...
Solving ridge regression (iterative, delta-reg=0.001)...
Solving ridge regression (iterative, delta-reg=0.001)...
Solving ridge regression (iterative, delta-reg=0.001)...
Solving ridge regression (iterative, delta-reg=0.001)...
Solving ridge regression (iterative, delta-reg=0.001)...
Solving ridge regression (iterative, delta-reg=0.001)...
Solving ridge regression (iterative, delta-reg=0.001)...
Solving ridge regression (iterative, delta-reg=0.001)...
Solving ridge regression (iterative, delta-reg=0.001)...
Solving ridge regression (iterative, delta-reg=0.001)...
Solving ridge regression (iterative, delta-reg=0.001)...
Solving ridge regression (iterative, delta-reg=0.001)...
Solving ridge regression (iterative, delta-reg=0.001)...
Solving ridge regression (iterative, delta-reg=0.001)...
Solving ridge regression (iterative, delta-reg=0.001)...
Solving ridge regression (iterative, delta-reg=0.001)...
[PnC diagnostic | calib] perturbation_scale=100.0
  Uncorrected shift (mean±std, 50 members): 7.8096 ± 0.4494
  Corrected   shift (mean±std, 50 members): 2307.8215 ± 7270.4218
  Correction reduction: -29451.2%
[grid] (106/162) seed1 s3b1 ps100 bf0.05: ok nll=2.8791 (45s) [elapsed 5533s]
Solving ridge regression (iterative, delta-reg=0.001)...
Solving ridge regression (iterative, delta-reg=0.001)...
Solving ridge regression (iterative, delta-reg=0.001)...
Solving ridge regression (iterative, delta-reg=0.001)...
Solving ridge regression (iterative, delta-reg=0.001)...
Solving ridge regression (iterative, delta-reg=0.001)...
Solving ridge regression (iterative, delta-reg=0.001)...
Solving ridge regression (iterative, delta-reg=0.001)...
Solving ridge regression (iterative, delta-reg=0.001)...
Solving ridge regression (iterative, delta-reg=0.001)...
Solving ridge regression (iterative, delta-reg=0.001)...
Solving ridge regression (iterative, delta-reg=0.001)...
Solving ridge regression (iterative, delta-reg=0.001)...
Solving ridge regression (iterative, delta-reg=0.001)...
Solving ridge regression (iterative, delta-reg=0.001)...
Solving ridge regression (iterative, delta-reg=0.001)...
Solving ridge regression (iterative, delta-reg=0.001)...
Solving ridge regression (iterative, delta-reg=0.001)...
Solving ridge regression (iterative, delta-reg=0.001)...
Solving ridge regression (iterative, delta-reg=0.001)...
Solving ridge regression (iterative, delta-reg=0.001)...
Solving ridge regression (iterative, delta-reg=0.001)...
Solving ridge regression (iterative, delta-reg=0.001)...
Solving ridge regression (iterative, delta-reg=0.001)...
Solving ridge regression (iterative, delta-reg=0.001)...
Solving ridge regression (iterative, delta-reg=0.001)...
Solving ridge regression (iterative, delta-reg=0.001)...
Solving ridge regression (iterative, delta-reg=0.001)...
Solving ridge regression (iterative, delta-reg=0.001)...
Solving ridge regression (iterative, delta-reg=0.001)...
Solving ridge regression (iterative, delta-reg=0.001)...
Solving ridge regression (iterative, delta-reg=0.001)...
Solving ridge regression (iterative, delta-reg=0.001)...
Solving ridge regression (iterative, delta-reg=0.001)...
Solving ridge regression (iterative, delta-reg=0.001)...
Solving ridge regression (iterative, delta-reg=0.001)...
Solving ridge regression (iterative, delta-reg=0.001)...
Solving ridge regression (iterative, delta-reg=0.001)...
Solving ridge regression (iterative, delta-reg=0.001)...
Solving ridge regression (iterative, delta-reg=0.001)...
Solving ridge regression (iterative, delta-reg=0.001)...
Solving ridge regression (iterative, delta-reg=0.001)...
Solving ridge regression (iterative, delta-reg=0.001)...
Solving ridge regression (iterative, delta-reg=0.001)...
Solving ridge regression (iterative, delta-reg=0.001)...
Solving ridge regression (iterative, delta-reg=0.001)...
Solving ridge regression (iterative, delta-reg=0.001)...
Solving ridge regression (iterative, delta-reg=0.001)...
Solving ridge regression (iterative, delta-reg=0.001)...
Solving ridge regression (iterative, delta-reg=0.001)...
[PnC diagnostic | calib] perturbation_scale=100.0
  Uncorrected shift (mean±std, 50 members): 7.8096 ± 0.4494
  Corrected   shift (mean±std, 50 members): 1376.8896 ± 2804.2949
  Correction reduction: -17530.8%
[grid] (107/162) seed1 s3b1 ps100 bf0.1: ok nll=3.0758 (46s) [elapsed 5579s]
Solving ridge regression (iterative, delta-reg=0.001)...
Solving ridge regression (iterative, delta-reg=0.001)...
Solving ridge regression (iterative, delta-reg=0.001)...
Solving ridge regression (iterative, delta-reg=0.001)...
Solving ridge regression (iterative, delta-reg=0.001)...
Solving ridge regression (iterative, delta-reg=0.001)...
Solving ridge regression (iterative, delta-reg=0.001)...
Solving ridge regression (iterative, delta-reg=0.001)...
Solving ridge regression (iterative, delta-reg=0.001)...
Solving ridge regression (iterative, delta-reg=0.001)...
Solving ridge regression (iterative, delta-reg=0.001)...
Solving ridge regression (iterative, delta-reg=0.001)...
Solving ridge regression (iterative, delta-reg=0.001)...
Solving ridge regression (iterative, delta-reg=0.001)...
Solving ridge regression (iterative, delta-reg=0.001)...
Solving ridge regression (iterative, delta-reg=0.001)...
Solving ridge regression (iterative, delta-reg=0.001)...
Solving ridge regression (iterative, delta-reg=0.001)...
Solving ridge regression (iterative, delta-reg=0.001)...
Solving ridge regression (iterative, delta-reg=0.001)...
Solving ridge regression (iterative, delta-reg=0.001)...
Solving ridge regression (iterative, delta-reg=0.001)...
Solving ridge regression (iterative, delta-reg=0.001)...
Solving ridge regression (iterative, delta-reg=0.001)...
Solving ridge regression (iterative, delta-reg=0.001)...
Solving ridge regression (iterative, delta-reg=0.001)...
Solving ridge regression (iterative, delta-reg=0.001)...
Solving ridge regression (iterative, delta-reg=0.001)...
Solving ridge regression (iterative, delta-reg=0.001)...
Solving ridge regression (iterative, delta-reg=0.001)...
Solving ridge regression (iterative, delta-reg=0.001)...
Solving ridge regression (iterative, delta-reg=0.001)...
Solving ridge regression (iterative, delta-reg=0.001)...
Solving ridge regression (iterative, delta-reg=0.001)...
Solving ridge regression (iterative, delta-reg=0.001)...
Solving ridge regression (iterative, delta-reg=0.001)...
Solving ridge regression (iterative, delta-reg=0.001)...
Solving ridge regression (iterative, delta-reg=0.001)...
Solving ridge regression (iterative, delta-reg=0.001)...
Solving ridge regression (iterative, delta-reg=0.001)...
Solving ridge regression (iterative, delta-reg=0.001)...
Solving ridge regression (iterative, delta-reg=0.001)...
Solving ridge regression (iterative, delta-reg=0.001)...
Solving ridge regression (iterative, delta-reg=0.001)...
Solving ridge regression (iterative, delta-reg=0.001)...
Solving ridge regression (iterative, delta-reg=0.001)...
Solving ridge regression (iterative, delta-reg=0.001)...
Solving ridge regression (iterative, delta-reg=0.001)...
Solving ridge regression (iterative, delta-reg=0.001)...
Solving ridge regression (iterative, delta-reg=0.001)...
[PnC diagnostic | calib] perturbation_scale=100.0
  Uncorrected shift (mean±std, 50 members): 7.8096 ± 0.4494
  Corrected   shift (mean±std, 50 members): 1328.5963 ± 3557.7467
  Correction reduction: -16912.4%
[grid] (108/162) seed1 s3b1 ps100 bf0.2: ok nll=2.7902 (46s) [elapsed 5626s]
CIFAR-10 loaded: train=(50000, 32, 32, 3), test=(10000, 32, 32, 3)
Solving ridge regression (iterative, delta-reg=0.001)...
Solving ridge regression (iterative, delta-reg=0.001)...
Solving ridge regression (iterative, delta-reg=0.001)...
Solving ridge regression (iterative, delta-reg=0.001)...
Solving ridge regression (iterative, delta-reg=0.001)...
Solving ridge regression (iterative, delta-reg=0.001)...
Solving ridge regression (iterative, delta-reg=0.001)...
Solving ridge regression (iterative, delta-reg=0.001)...
Solving ridge regression (iterative, delta-reg=0.001)...
Solving ridge regression (iterative, delta-reg=0.001)...
Solving ridge regression (iterative, delta-reg=0.001)...
Solving ridge regression (iterative, delta-reg=0.001)...
Solving ridge regression (iterative, delta-reg=0.001)...
Solving ridge regression (iterative, delta-reg=0.001)...
Solving ridge regression (iterative, delta-reg=0.001)...
Solving ridge regression (iterative, delta-reg=0.001)...
Solving ridge regression (iterative, delta-reg=0.001)...
Solving ridge regression (iterative, delta-reg=0.001)...
Solving ridge regression (iterative, delta-reg=0.001)...
Solving ridge regression (iterative, delta-reg=0.001)...
Solving ridge regression (iterative, delta-reg=0.001)...
Solving ridge regression (iterative, delta-reg=0.001)...
Solving ridge regression (iterative, delta-reg=0.001)...
Solving ridge regression (iterative, delta-reg=0.001)...
Solving ridge regression (iterative, delta-reg=0.001)...
Solving ridge regression (iterative, delta-reg=0.001)...
Solving ridge regression (iterative, delta-reg=0.001)...
Solving ridge regression (iterative, delta-reg=0.001)...
Solving ridge regression (iterative, delta-reg=0.001)...
Solving ridge regression (iterative, delta-reg=0.001)...
Solving ridge regression (iterative, delta-reg=0.001)...
Solving ridge regression (iterative, delta-reg=0.001)...
Solving ridge regression (iterative, delta-reg=0.001)...
Solving ridge regression (iterative, delta-reg=0.001)...
Solving ridge regression (iterative, delta-reg=0.001)...
Solving ridge regression (iterative, delta-reg=0.001)...
Solving ridge regression (iterative, delta-reg=0.001)...
Solving ridge regression (iterative, delta-reg=0.001)...
Solving ridge regression (iterative, delta-reg=0.001)...
Solving ridge regression (iterative, delta-reg=0.001)...
Solving ridge regression (iterative, delta-reg=0.001)...
Solving ridge regression (iterative, delta-reg=0.001)...
Solving ridge regression (iterative, delta-reg=0.001)...
Solving ridge regression (iterative, delta-reg=0.001)...
Solving ridge regression (iterative, delta-reg=0.001)...
Solving ridge regression (iterative, delta-reg=0.001)...
Solving ridge regression (iterative, delta-reg=0.001)...
Solving ridge regression (iterative, delta-reg=0.001)...
Solving ridge regression (iterative, delta-reg=0.001)...
Solving ridge regression (iterative, delta-reg=0.001)...
[PnC diagnostic | calib] perturbation_scale=25.0
  Uncorrected shift (mean±std, 50 members): 39.3535 ± 2.7160
  Corrected   shift (mean±std, 50 members): 5.5658 ± 0.0726
  Correction reduction: 85.9%
[grid] (109/162) seed2 s1b0 ps25 bf0.05: ok nll=0.1534 (60s) [elapsed 5688s]
Solving ridge regression (iterative, delta-reg=0.001)...
Solving ridge regression (iterative, delta-reg=0.001)...
Solving ridge regression (iterative, delta-reg=0.001)...
Solving ridge regression (iterative, delta-reg=0.001)...
Solving ridge regression (iterative, delta-reg=0.001)...
Solving ridge regression (iterative, delta-reg=0.001)...
Solving ridge regression (iterative, delta-reg=0.001)...
Solving ridge regression (iterative, delta-reg=0.001)...
Solving ridge regression (iterative, delta-reg=0.001)...
Solving ridge regression (iterative, delta-reg=0.001)...
Solving ridge regression (iterative, delta-reg=0.001)...
Solving ridge regression (iterative, delta-reg=0.001)...
Solving ridge regression (iterative, delta-reg=0.001)...
Solving ridge regression (iterative, delta-reg=0.001)...
Solving ridge regression (iterative, delta-reg=0.001)...
Solving ridge regression (iterative, delta-reg=0.001)...
Solving ridge regression (iterative, delta-reg=0.001)...
Solving ridge regression (iterative, delta-reg=0.001)...
Solving ridge regression (iterative, delta-reg=0.001)...
Solving ridge regression (iterative, delta-reg=0.001)...
Solving ridge regression (iterative, delta-reg=0.001)...
Solving ridge regression (iterative, delta-reg=0.001)...
Solving ridge regression (iterative, delta-reg=0.001)...
Solving ridge regression (iterative, delta-reg=0.001)...
Solving ridge regression (iterative, delta-reg=0.001)...
Solving ridge regression (iterative, delta-reg=0.001)...
Solving ridge regression (iterative, delta-reg=0.001)...
Solving ridge regression (iterative, delta-reg=0.001)...
Solving ridge regression (iterative, delta-reg=0.001)...
Solving ridge regression (iterative, delta-reg=0.001)...
Solving ridge regression (iterative, delta-reg=0.001)...
Solving ridge regression (iterative, delta-reg=0.001)...
Solving ridge regression (iterative, delta-reg=0.001)...
Solving ridge regression (iterative, delta-reg=0.001)...
Solving ridge regression (iterative, delta-reg=0.001)...
Solving ridge regression (iterative, delta-reg=0.001)...
Solving ridge regression (iterative, delta-reg=0.001)...
Solving ridge regression (iterative, delta-reg=0.001)...
Solving ridge regression (iterative, delta-reg=0.001)...
Solving ridge regression (iterative, delta-reg=0.001)...
Solving ridge regression (iterative, delta-reg=0.001)...
Solving ridge regression (iterative, delta-reg=0.001)...
Solving ridge regression (iterative, delta-reg=0.001)...
Solving ridge regression (iterative, delta-reg=0.001)...
Solving ridge regression (iterative, delta-reg=0.001)...
Solving ridge regression (iterative, delta-reg=0.001)...
Solving ridge regression (iterative, delta-reg=0.001)...
Solving ridge regression (iterative, delta-reg=0.001)...
Solving ridge regression (iterative, delta-reg=0.001)...
Solving ridge regression (iterative, delta-reg=0.001)...
[PnC diagnostic | calib] perturbation_scale=25.0
  Uncorrected shift (mean±std, 50 members): 39.3535 ± 2.7160
  Corrected   shift (mean±std, 50 members): 5.3686 ± 0.0712
  Correction reduction: 86.4%
[grid] (110/162) seed2 s1b0 ps25 bf0.1: ok nll=0.1537 (61s) [elapsed 5749s]
Solving ridge regression (iterative, delta-reg=0.001)...
Solving ridge regression (iterative, delta-reg=0.001)...
Solving ridge regression (iterative, delta-reg=0.001)...
Solving ridge regression (iterative, delta-reg=0.001)...
Solving ridge regression (iterative, delta-reg=0.001)...
Solving ridge regression (iterative, delta-reg=0.001)...
Solving ridge regression (iterative, delta-reg=0.001)...
Solving ridge regression (iterative, delta-reg=0.001)...
Solving ridge regression (iterative, delta-reg=0.001)...
Solving ridge regression (iterative, delta-reg=0.001)...
Solving ridge regression (iterative, delta-reg=0.001)...
Solving ridge regression (iterative, delta-reg=0.001)...
Solving ridge regression (iterative, delta-reg=0.001)...
Solving ridge regression (iterative, delta-reg=0.001)...
Solving ridge regression (iterative, delta-reg=0.001)...
Solving ridge regression (iterative, delta-reg=0.001)...
Solving ridge regression (iterative, delta-reg=0.001)...
Solving ridge regression (iterative, delta-reg=0.001)...
Solving ridge regression (iterative, delta-reg=0.001)...
Solving ridge regression (iterative, delta-reg=0.001)...
Solving ridge regression (iterative, delta-reg=0.001)...
Solving ridge regression (iterative, delta-reg=0.001)...
Solving ridge regression (iterative, delta-reg=0.001)...
Solving ridge regression (iterative, delta-reg=0.001)...
Solving ridge regression (iterative, delta-reg=0.001)...
Solving ridge regression (iterative, delta-reg=0.001)...
Solving ridge regression (iterative, delta-reg=0.001)...
Solving ridge regression (iterative, delta-reg=0.001)...
Solving ridge regression (iterative, delta-reg=0.001)...
Solving ridge regression (iterative, delta-reg=0.001)...
Solving ridge regression (iterative, delta-reg=0.001)...
Solving ridge regression (iterative, delta-reg=0.001)...
Solving ridge regression (iterative, delta-reg=0.001)...
Solving ridge regression (iterative, delta-reg=0.001)...
Solving ridge regression (iterative, delta-reg=0.001)...
Solving ridge regression (iterative, delta-reg=0.001)...
Solving ridge regression (iterative, delta-reg=0.001)...
Solving ridge regression (iterative, delta-reg=0.001)...
Solving ridge regression (iterative, delta-reg=0.001)...
Solving ridge regression (iterative, delta-reg=0.001)...
Solving ridge regression (iterative, delta-reg=0.001)...
Solving ridge regression (iterative, delta-reg=0.001)...
Solving ridge regression (iterative, delta-reg=0.001)...
Solving ridge regression (iterative, delta-reg=0.001)...
Solving ridge regression (iterative, delta-reg=0.001)...
Solving ridge regression (iterative, delta-reg=0.001)...
Solving ridge regression (iterative, delta-reg=0.001)...
Solving ridge regression (iterative, delta-reg=0.001)...
Solving ridge regression (iterative, delta-reg=0.001)...
Solving ridge regression (iterative, delta-reg=0.001)...
[PnC diagnostic | calib] perturbation_scale=25.0
  Uncorrected shift (mean±std, 50 members): 39.3535 ± 2.7160
  Corrected   shift (mean±std, 50 members): 5.2674 ± 0.0693
  Correction reduction: 86.6%
[grid] (111/162) seed2 s1b0 ps25 bf0.2: ok nll=0.1535 (62s) [elapsed 5811s]
Solving ridge regression (iterative, delta-reg=0.001)...
Solving ridge regression (iterative, delta-reg=0.001)...
Solving ridge regression (iterative, delta-reg=0.001)...
Solving ridge regression (iterative, delta-reg=0.001)...
Solving ridge regression (iterative, delta-reg=0.001)...
Solving ridge regression (iterative, delta-reg=0.001)...
Solving ridge regression (iterative, delta-reg=0.001)...
Solving ridge regression (iterative, delta-reg=0.001)...
Solving ridge regression (iterative, delta-reg=0.001)...
Solving ridge regression (iterative, delta-reg=0.001)...
Solving ridge regression (iterative, delta-reg=0.001)...
Solving ridge regression (iterative, delta-reg=0.001)...
Solving ridge regression (iterative, delta-reg=0.001)...
Solving ridge regression (iterative, delta-reg=0.001)...
Solving ridge regression (iterative, delta-reg=0.001)...
Solving ridge regression (iterative, delta-reg=0.001)...
Solving ridge regression (iterative, delta-reg=0.001)...
Solving ridge regression (iterative, delta-reg=0.001)...
Solving ridge regression (iterative, delta-reg=0.001)...
Solving ridge regression (iterative, delta-reg=0.001)...
Solving ridge regression (iterative, delta-reg=0.001)...
Solving ridge regression (iterative, delta-reg=0.001)...
Solving ridge regression (iterative, delta-reg=0.001)...
Solving ridge regression (iterative, delta-reg=0.001)...
Solving ridge regression (iterative, delta-reg=0.001)...
Solving ridge regression (iterative, delta-reg=0.001)...
Solving ridge regression (iterative, delta-reg=0.001)...
Solving ridge regression (iterative, delta-reg=0.001)...
Solving ridge regression (iterative, delta-reg=0.001)...
Solving ridge regression (iterative, delta-reg=0.001)...
Solving ridge regression (iterative, delta-reg=0.001)...
Solving ridge regression (iterative, delta-reg=0.001)...
Solving ridge regression (iterative, delta-reg=0.001)...
Solving ridge regression (iterative, delta-reg=0.001)...
Solving ridge regression (iterative, delta-reg=0.001)...
Solving ridge regression (iterative, delta-reg=0.001)...
Solving ridge regression (iterative, delta-reg=0.001)...
Solving ridge regression (iterative, delta-reg=0.001)...
Solving ridge regression (iterative, delta-reg=0.001)...
Solving ridge regression (iterative, delta-reg=0.001)...
Solving ridge regression (iterative, delta-reg=0.001)...
Solving ridge regression (iterative, delta-reg=0.001)...
Solving ridge regression (iterative, delta-reg=0.001)...
Solving ridge regression (iterative, delta-reg=0.001)...
Solving ridge regression (iterative, delta-reg=0.001)...
Solving ridge regression (iterative, delta-reg=0.001)...
Solving ridge regression (iterative, delta-reg=0.001)...
Solving ridge regression (iterative, delta-reg=0.001)...
Solving ridge regression (iterative, delta-reg=0.001)...
Solving ridge regression (iterative, delta-reg=0.001)...
[PnC diagnostic | calib] perturbation_scale=50.0
  Uncorrected shift (mean±std, 50 members): 92.6837 ± 5.8299
  Corrected   shift (mean±std, 50 members): 6.1795 ± 0.0836
  Correction reduction: 93.3%
[grid] (112/162) seed2 s1b0 ps50 bf0.05: ok nll=0.1612 (61s) [elapsed 5872s]
Solving ridge regression (iterative, delta-reg=0.001)...
Solving ridge regression (iterative, delta-reg=0.001)...
Solving ridge regression (iterative, delta-reg=0.001)...
Solving ridge regression (iterative, delta-reg=0.001)...
Solving ridge regression (iterative, delta-reg=0.001)...
Solving ridge regression (iterative, delta-reg=0.001)...
Solving ridge regression (iterative, delta-reg=0.001)...
Solving ridge regression (iterative, delta-reg=0.001)...
Solving ridge regression (iterative, delta-reg=0.001)...
Solving ridge regression (iterative, delta-reg=0.001)...
Solving ridge regression (iterative, delta-reg=0.001)...
Solving ridge regression (iterative, delta-reg=0.001)...
Solving ridge regression (iterative, delta-reg=0.001)...
Solving ridge regression (iterative, delta-reg=0.001)...
Solving ridge regression (iterative, delta-reg=0.001)...
Solving ridge regression (iterative, delta-reg=0.001)...
Solving ridge regression (iterative, delta-reg=0.001)...
Solving ridge regression (iterative, delta-reg=0.001)...
Solving ridge regression (iterative, delta-reg=0.001)...
Solving ridge regression (iterative, delta-reg=0.001)...
Solving ridge regression (iterative, delta-reg=0.001)...
Solving ridge regression (iterative, delta-reg=0.001)...
Solving ridge regression (iterative, delta-reg=0.001)...
Solving ridge regression (iterative, delta-reg=0.001)...
Solving ridge regression (iterative, delta-reg=0.001)...
Solving ridge regression (iterative, delta-reg=0.001)...
Solving ridge regression (iterative, delta-reg=0.001)...
Solving ridge regression (iterative, delta-reg=0.001)...
Solving ridge regression (iterative, delta-reg=0.001)...
Solving ridge regression (iterative, delta-reg=0.001)...
Solving ridge regression (iterative, delta-reg=0.001)...
Solving ridge regression (iterative, delta-reg=0.001)...
Solving ridge regression (iterative, delta-reg=0.001)...
Solving ridge regression (iterative, delta-reg=0.001)...
Solving ridge regression (iterative, delta-reg=0.001)...
Solving ridge regression (iterative, delta-reg=0.001)...
Solving ridge regression (iterative, delta-reg=0.001)...
Solving ridge regression (iterative, delta-reg=0.001)...
Solving ridge regression (iterative, delta-reg=0.001)...
Solving ridge regression (iterative, delta-reg=0.001)...
Solving ridge regression (iterative, delta-reg=0.001)...
Solving ridge regression (iterative, delta-reg=0.001)...
Solving ridge regression (iterative, delta-reg=0.001)...
Solving ridge regression (iterative, delta-reg=0.001)...
Solving ridge regression (iterative, delta-reg=0.001)...
Solving ridge regression (iterative, delta-reg=0.001)...
Solving ridge regression (iterative, delta-reg=0.001)...
Solving ridge regression (iterative, delta-reg=0.001)...
Solving ridge regression (iterative, delta-reg=0.001)...
Solving ridge regression (iterative, delta-reg=0.001)...
[PnC diagnostic | calib] perturbation_scale=50.0
  Uncorrected shift (mean±std, 50 members): 92.6837 ± 5.8299
  Corrected   shift (mean±std, 50 members): 5.9615 ± 0.0847
  Correction reduction: 93.6%
[grid] (113/162) seed2 s1b0 ps50 bf0.1: ok nll=0.1617 (60s) [elapsed 5933s]
Solving ridge regression (iterative, delta-reg=0.001)...
Solving ridge regression (iterative, delta-reg=0.001)...
Solving ridge regression (iterative, delta-reg=0.001)...
Solving ridge regression (iterative, delta-reg=0.001)...
Solving ridge regression (iterative, delta-reg=0.001)...
Solving ridge regression (iterative, delta-reg=0.001)...
Solving ridge regression (iterative, delta-reg=0.001)...
Solving ridge regression (iterative, delta-reg=0.001)...
Solving ridge regression (iterative, delta-reg=0.001)...
Solving ridge regression (iterative, delta-reg=0.001)...
Solving ridge regression (iterative, delta-reg=0.001)...
Solving ridge regression (iterative, delta-reg=0.001)...
Solving ridge regression (iterative, delta-reg=0.001)...
Solving ridge regression (iterative, delta-reg=0.001)...
Solving ridge regression (iterative, delta-reg=0.001)...
Solving ridge regression (iterative, delta-reg=0.001)...
Solving ridge regression (iterative, delta-reg=0.001)...
Solving ridge regression (iterative, delta-reg=0.001)...
Solving ridge regression (iterative, delta-reg=0.001)...
Solving ridge regression (iterative, delta-reg=0.001)...
Solving ridge regression (iterative, delta-reg=0.001)...
Solving ridge regression (iterative, delta-reg=0.001)...
Solving ridge regression (iterative, delta-reg=0.001)...
Solving ridge regression (iterative, delta-reg=0.001)...
Solving ridge regression (iterative, delta-reg=0.001)...
Solving ridge regression (iterative, delta-reg=0.001)...
Solving ridge regression (iterative, delta-reg=0.001)...
Solving ridge regression (iterative, delta-reg=0.001)...
Solving ridge regression (iterative, delta-reg=0.001)...
Solving ridge regression (iterative, delta-reg=0.001)...
Solving ridge regression (iterative, delta-reg=0.001)...
Solving ridge regression (iterative, delta-reg=0.001)...
Solving ridge regression (iterative, delta-reg=0.001)...
Solving ridge regression (iterative, delta-reg=0.001)...
Solving ridge regression (iterative, delta-reg=0.001)...
Solving ridge regression (iterative, delta-reg=0.001)...
Solving ridge regression (iterative, delta-reg=0.001)...
Solving ridge regression (iterative, delta-reg=0.001)...
Solving ridge regression (iterative, delta-reg=0.001)...
Solving ridge regression (iterative, delta-reg=0.001)...
Solving ridge regression (iterative, delta-reg=0.001)...
Solving ridge regression (iterative, delta-reg=0.001)...
Solving ridge regression (iterative, delta-reg=0.001)...
Solving ridge regression (iterative, delta-reg=0.001)...
Solving ridge regression (iterative, delta-reg=0.001)...
Solving ridge regression (iterative, delta-reg=0.001)...
Solving ridge regression (iterative, delta-reg=0.001)...
Solving ridge regression (iterative, delta-reg=0.001)...
Solving ridge regression (iterative, delta-reg=0.001)...
Solving ridge regression (iterative, delta-reg=0.001)...
[PnC diagnostic | calib] perturbation_scale=50.0
  Uncorrected shift (mean±std, 50 members): 92.6837 ± 5.8299
  Corrected   shift (mean±std, 50 members): 5.8490 ± 0.0824
  Correction reduction: 93.7%
[grid] (114/162) seed2 s1b0 ps50 bf0.2: ok nll=0.1617 (61s) [elapsed 5994s]
Solving ridge regression (iterative, delta-reg=0.001)...
Solving ridge regression (iterative, delta-reg=0.001)...
Solving ridge regression (iterative, delta-reg=0.001)...
Solving ridge regression (iterative, delta-reg=0.001)...
Solving ridge regression (iterative, delta-reg=0.001)...
Solving ridge regression (iterative, delta-reg=0.001)...
Solving ridge regression (iterative, delta-reg=0.001)...
Solving ridge regression (iterative, delta-reg=0.001)...
Solving ridge regression (iterative, delta-reg=0.001)...
Solving ridge regression (iterative, delta-reg=0.001)...
Solving ridge regression (iterative, delta-reg=0.001)...
Solving ridge regression (iterative, delta-reg=0.001)...
Solving ridge regression (iterative, delta-reg=0.001)...
Solving ridge regression (iterative, delta-reg=0.001)...
Solving ridge regression (iterative, delta-reg=0.001)...
Solving ridge regression (iterative, delta-reg=0.001)...
Solving ridge regression (iterative, delta-reg=0.001)...
Solving ridge regression (iterative, delta-reg=0.001)...
Solving ridge regression (iterative, delta-reg=0.001)...
Solving ridge regression (iterative, delta-reg=0.001)...
Solving ridge regression (iterative, delta-reg=0.001)...
Solving ridge regression (iterative, delta-reg=0.001)...
Solving ridge regression (iterative, delta-reg=0.001)...
Solving ridge regression (iterative, delta-reg=0.001)...
Solving ridge regression (iterative, delta-reg=0.001)...
Solving ridge regression (iterative, delta-reg=0.001)...
Solving ridge regression (iterative, delta-reg=0.001)...
Solving ridge regression (iterative, delta-reg=0.001)...
Solving ridge regression (iterative, delta-reg=0.001)...
Solving ridge regression (iterative, delta-reg=0.001)...
Solving ridge regression (iterative, delta-reg=0.001)...
Solving ridge regression (iterative, delta-reg=0.001)...
Solving ridge regression (iterative, delta-reg=0.001)...
Solving ridge regression (iterative, delta-reg=0.001)...
Solving ridge regression (iterative, delta-reg=0.001)...
Solving ridge regression (iterative, delta-reg=0.001)...
Solving ridge regression (iterative, delta-reg=0.001)...
Solving ridge regression (iterative, delta-reg=0.001)...
Solving ridge regression (iterative, delta-reg=0.001)...
Solving ridge regression (iterative, delta-reg=0.001)...
Solving ridge regression (iterative, delta-reg=0.001)...
Solving ridge regression (iterative, delta-reg=0.001)...
Solving ridge regression (iterative, delta-reg=0.001)...
Solving ridge regression (iterative, delta-reg=0.001)...
Solving ridge regression (iterative, delta-reg=0.001)...
Solving ridge regression (iterative, delta-reg=0.001)...
Solving ridge regression (iterative, delta-reg=0.001)...
Solving ridge regression (iterative, delta-reg=0.001)...
Solving ridge regression (iterative, delta-reg=0.001)...
Solving ridge regression (iterative, delta-reg=0.001)...
[PnC diagnostic | calib] perturbation_scale=100.0
  Uncorrected shift (mean±std, 50 members): 202.7330 ± 12.0366
  Corrected   shift (mean±std, 50 members): 6.3676 ± 0.0852
  Correction reduction: 96.9%
[grid] (115/162) seed2 s1b0 ps100 bf0.05: ok nll=0.1642 (60s) [elapsed 6054s]
Solving ridge regression (iterative, delta-reg=0.001)...
Solving ridge regression (iterative, delta-reg=0.001)...
Solving ridge regression (iterative, delta-reg=0.001)...
Solving ridge regression (iterative, delta-reg=0.001)...
Solving ridge regression (iterative, delta-reg=0.001)...
Solving ridge regression (iterative, delta-reg=0.001)...
Solving ridge regression (iterative, delta-reg=0.001)...
Solving ridge regression (iterative, delta-reg=0.001)...
Solving ridge regression (iterative, delta-reg=0.001)...
Solving ridge regression (iterative, delta-reg=0.001)...
Solving ridge regression (iterative, delta-reg=0.001)...
Solving ridge regression (iterative, delta-reg=0.001)...
Solving ridge regression (iterative, delta-reg=0.001)...
Solving ridge regression (iterative, delta-reg=0.001)...
Solving ridge regression (iterative, delta-reg=0.001)...
Solving ridge regression (iterative, delta-reg=0.001)...
Solving ridge regression (iterative, delta-reg=0.001)...
Solving ridge regression (iterative, delta-reg=0.001)...
Solving ridge regression (iterative, delta-reg=0.001)...
Solving ridge regression (iterative, delta-reg=0.001)...
Solving ridge regression (iterative, delta-reg=0.001)...
Solving ridge regression (iterative, delta-reg=0.001)...
Solving ridge regression (iterative, delta-reg=0.001)...
Solving ridge regression (iterative, delta-reg=0.001)...
Solving ridge regression (iterative, delta-reg=0.001)...
Solving ridge regression (iterative, delta-reg=0.001)...
Solving ridge regression (iterative, delta-reg=0.001)...
Solving ridge regression (iterative, delta-reg=0.001)...
Solving ridge regression (iterative, delta-reg=0.001)...
Solving ridge regression (iterative, delta-reg=0.001)...
Solving ridge regression (iterative, delta-reg=0.001)...
Solving ridge regression (iterative, delta-reg=0.001)...
Solving ridge regression (iterative, delta-reg=0.001)...
Solving ridge regression (iterative, delta-reg=0.001)...
Solving ridge regression (iterative, delta-reg=0.001)...
Solving ridge regression (iterative, delta-reg=0.001)...
Solving ridge regression (iterative, delta-reg=0.001)...
Solving ridge regression (iterative, delta-reg=0.001)...
Solving ridge regression (iterative, delta-reg=0.001)...
Solving ridge regression (iterative, delta-reg=0.001)...
Solving ridge regression (iterative, delta-reg=0.001)...
Solving ridge regression (iterative, delta-reg=0.001)...
Solving ridge regression (iterative, delta-reg=0.001)...
Solving ridge regression (iterative, delta-reg=0.001)...
Solving ridge regression (iterative, delta-reg=0.001)...
Solving ridge regression (iterative, delta-reg=0.001)...
Solving ridge regression (iterative, delta-reg=0.001)...
Solving ridge regression (iterative, delta-reg=0.001)...
Solving ridge regression (iterative, delta-reg=0.001)...
Solving ridge regression (iterative, delta-reg=0.001)...
[PnC diagnostic | calib] perturbation_scale=100.0
  Uncorrected shift (mean±std, 50 members): 202.7330 ± 12.0366
  Corrected   shift (mean±std, 50 members): 6.1432 ± 0.0861
  Correction reduction: 97.0%
[grid] (116/162) seed2 s1b0 ps100 bf0.1: ok nll=0.1648 (62s) [elapsed 6116s]
Solving ridge regression (iterative, delta-reg=0.001)...
Solving ridge regression (iterative, delta-reg=0.001)...
Solving ridge regression (iterative, delta-reg=0.001)...
Solving ridge regression (iterative, delta-reg=0.001)...
Solving ridge regression (iterative, delta-reg=0.001)...
Solving ridge regression (iterative, delta-reg=0.001)...
Solving ridge regression (iterative, delta-reg=0.001)...
Solving ridge regression (iterative, delta-reg=0.001)...
Solving ridge regression (iterative, delta-reg=0.001)...
Solving ridge regression (iterative, delta-reg=0.001)...
Solving ridge regression (iterative, delta-reg=0.001)...
Solving ridge regression (iterative, delta-reg=0.001)...
Solving ridge regression (iterative, delta-reg=0.001)...
Solving ridge regression (iterative, delta-reg=0.001)...
Solving ridge regression (iterative, delta-reg=0.001)...
Solving ridge regression (iterative, delta-reg=0.001)...
Solving ridge regression (iterative, delta-reg=0.001)...
Solving ridge regression (iterative, delta-reg=0.001)...
Solving ridge regression (iterative, delta-reg=0.001)...
Solving ridge regression (iterative, delta-reg=0.001)...
Solving ridge regression (iterative, delta-reg=0.001)...
Solving ridge regression (iterative, delta-reg=0.001)...
Solving ridge regression (iterative, delta-reg=0.001)...
Solving ridge regression (iterative, delta-reg=0.001)...
Solving ridge regression (iterative, delta-reg=0.001)...
Solving ridge regression (iterative, delta-reg=0.001)...
Solving ridge regression (iterative, delta-reg=0.001)...
Solving ridge regression (iterative, delta-reg=0.001)...
Solving ridge regression (iterative, delta-reg=0.001)...
Solving ridge regression (iterative, delta-reg=0.001)...
Solving ridge regression (iterative, delta-reg=0.001)...
Solving ridge regression (iterative, delta-reg=0.001)...
Solving ridge regression (iterative, delta-reg=0.001)...
Solving ridge regression (iterative, delta-reg=0.001)...
Solving ridge regression (iterative, delta-reg=0.001)...
Solving ridge regression (iterative, delta-reg=0.001)...
Solving ridge regression (iterative, delta-reg=0.001)...
Solving ridge regression (iterative, delta-reg=0.001)...
Solving ridge regression (iterative, delta-reg=0.001)...
Solving ridge regression (iterative, delta-reg=0.001)...
Solving ridge regression (iterative, delta-reg=0.001)...
Solving ridge regression (iterative, delta-reg=0.001)...
Solving ridge regression (iterative, delta-reg=0.001)...
Solving ridge regression (iterative, delta-reg=0.001)...
Solving ridge regression (iterative, delta-reg=0.001)...
Solving ridge regression (iterative, delta-reg=0.001)...
Solving ridge regression (iterative, delta-reg=0.001)...
Solving ridge regression (iterative, delta-reg=0.001)...
Solving ridge regression (iterative, delta-reg=0.001)...
Solving ridge regression (iterative, delta-reg=0.001)...
[PnC diagnostic | calib] perturbation_scale=100.0
  Uncorrected shift (mean±std, 50 members): 202.7330 ± 12.0366
  Corrected   shift (mean±std, 50 members): 6.0273 ± 0.0829
  Correction reduction: 97.0%
[grid] (117/162) seed2 s1b0 ps100 bf0.2: ok nll=0.1649 (61s) [elapsed 6177s]
Solving ridge regression (iterative, delta-reg=0.001)...
Solving ridge regression (iterative, delta-reg=0.001)...
Solving ridge regression (iterative, delta-reg=0.001)...
Solving ridge regression (iterative, delta-reg=0.001)...
Solving ridge regression (iterative, delta-reg=0.001)...
Solving ridge regression (iterative, delta-reg=0.001)...
Solving ridge regression (iterative, delta-reg=0.001)...
Solving ridge regression (iterative, delta-reg=0.001)...
Solving ridge regression (iterative, delta-reg=0.001)...
Solving ridge regression (iterative, delta-reg=0.001)...
Solving ridge regression (iterative, delta-reg=0.001)...
Solving ridge regression (iterative, delta-reg=0.001)...
Solving ridge regression (iterative, delta-reg=0.001)...
Solving ridge regression (iterative, delta-reg=0.001)...
Solving ridge regression (iterative, delta-reg=0.001)...
Solving ridge regression (iterative, delta-reg=0.001)...
Solving ridge regression (iterative, delta-reg=0.001)...
Solving ridge regression (iterative, delta-reg=0.001)...
Solving ridge regression (iterative, delta-reg=0.001)...
Solving ridge regression (iterative, delta-reg=0.001)...
Solving ridge regression (iterative, delta-reg=0.001)...
Solving ridge regression (iterative, delta-reg=0.001)...
Solving ridge regression (iterative, delta-reg=0.001)...
Solving ridge regression (iterative, delta-reg=0.001)...
Solving ridge regression (iterative, delta-reg=0.001)...
Solving ridge regression (iterative, delta-reg=0.001)...
Solving ridge regression (iterative, delta-reg=0.001)...
Solving ridge regression (iterative, delta-reg=0.001)...
Solving ridge regression (iterative, delta-reg=0.001)...
Solving ridge regression (iterative, delta-reg=0.001)...
Solving ridge regression (iterative, delta-reg=0.001)...
Solving ridge regression (iterative, delta-reg=0.001)...
Solving ridge regression (iterative, delta-reg=0.001)...
Solving ridge regression (iterative, delta-reg=0.001)...
Solving ridge regression (iterative, delta-reg=0.001)...
Solving ridge regression (iterative, delta-reg=0.001)...
Solving ridge regression (iterative, delta-reg=0.001)...
Solving ridge regression (iterative, delta-reg=0.001)...
Solving ridge regression (iterative, delta-reg=0.001)...
Solving ridge regression (iterative, delta-reg=0.001)...
Solving ridge regression (iterative, delta-reg=0.001)...
Solving ridge regression (iterative, delta-reg=0.001)...
Solving ridge regression (iterative, delta-reg=0.001)...
Solving ridge regression (iterative, delta-reg=0.001)...
Solving ridge regression (iterative, delta-reg=0.001)...
Solving ridge regression (iterative, delta-reg=0.001)...
Solving ridge regression (iterative, delta-reg=0.001)...
Solving ridge regression (iterative, delta-reg=0.001)...
Solving ridge regression (iterative, delta-reg=0.001)...
Solving ridge regression (iterative, delta-reg=0.001)...
[PnC diagnostic | calib] perturbation_scale=25.0
  Uncorrected shift (mean±std, 50 members): 40.5837 ± 3.0120
  Corrected   shift (mean±std, 50 members): 4.1150 ± 0.0350
  Correction reduction: 89.9%
[grid] (118/162) seed2 s1b1 ps25 bf0.05: ok nll=0.1583 (60s) [elapsed 6237s]
Solving ridge regression (iterative, delta-reg=0.001)...
Solving ridge regression (iterative, delta-reg=0.001)...
Solving ridge regression (iterative, delta-reg=0.001)...
Solving ridge regression (iterative, delta-reg=0.001)...
Solving ridge regression (iterative, delta-reg=0.001)...
Solving ridge regression (iterative, delta-reg=0.001)...
Solving ridge regression (iterative, delta-reg=0.001)...
Solving ridge regression (iterative, delta-reg=0.001)...
Solving ridge regression (iterative, delta-reg=0.001)...
Solving ridge regression (iterative, delta-reg=0.001)...
Solving ridge regression (iterative, delta-reg=0.001)...
Solving ridge regression (iterative, delta-reg=0.001)...
Solving ridge regression (iterative, delta-reg=0.001)...
Solving ridge regression (iterative, delta-reg=0.001)...
Solving ridge regression (iterative, delta-reg=0.001)...
Solving ridge regression (iterative, delta-reg=0.001)...
Solving ridge regression (iterative, delta-reg=0.001)...
Solving ridge regression (iterative, delta-reg=0.001)...
Solving ridge regression (iterative, delta-reg=0.001)...
Solving ridge regression (iterative, delta-reg=0.001)...
Solving ridge regression (iterative, delta-reg=0.001)...
Solving ridge regression (iterative, delta-reg=0.001)...
Solving ridge regression (iterative, delta-reg=0.001)...
Solving ridge regression (iterative, delta-reg=0.001)...
Solving ridge regression (iterative, delta-reg=0.001)...
Solving ridge regression (iterative, delta-reg=0.001)...
Solving ridge regression (iterative, delta-reg=0.001)...
Solving ridge regression (iterative, delta-reg=0.001)...
Solving ridge regression (iterative, delta-reg=0.001)...
Solving ridge regression (iterative, delta-reg=0.001)...
Solving ridge regression (iterative, delta-reg=0.001)...
Solving ridge regression (iterative, delta-reg=0.001)...
Solving ridge regression (iterative, delta-reg=0.001)...
Solving ridge regression (iterative, delta-reg=0.001)...
Solving ridge regression (iterative, delta-reg=0.001)...
Solving ridge regression (iterative, delta-reg=0.001)...
Solving ridge regression (iterative, delta-reg=0.001)...
Solving ridge regression (iterative, delta-reg=0.001)...
Solving ridge regression (iterative, delta-reg=0.001)...
Solving ridge regression (iterative, delta-reg=0.001)...
Solving ridge regression (iterative, delta-reg=0.001)...
Solving ridge regression (iterative, delta-reg=0.001)...
Solving ridge regression (iterative, delta-reg=0.001)...
Solving ridge regression (iterative, delta-reg=0.001)...
Solving ridge regression (iterative, delta-reg=0.001)...
Solving ridge regression (iterative, delta-reg=0.001)...
Solving ridge regression (iterative, delta-reg=0.001)...
Solving ridge regression (iterative, delta-reg=0.001)...
Solving ridge regression (iterative, delta-reg=0.001)...
Solving ridge regression (iterative, delta-reg=0.001)...
[PnC diagnostic | calib] perturbation_scale=25.0
  Uncorrected shift (mean±std, 50 members): 40.5837 ± 3.0120
  Corrected   shift (mean±std, 50 members): 3.9680 ± 0.0335
  Correction reduction: 90.2%
[grid] (119/162) seed2 s1b1 ps25 bf0.1: ok nll=0.1587 (61s) [elapsed 6298s]
Solving ridge regression (iterative, delta-reg=0.001)...
Solving ridge regression (iterative, delta-reg=0.001)...
Solving ridge regression (iterative, delta-reg=0.001)...
Solving ridge regression (iterative, delta-reg=0.001)...
Solving ridge regression (iterative, delta-reg=0.001)...
Solving ridge regression (iterative, delta-reg=0.001)...
Solving ridge regression (iterative, delta-reg=0.001)...
Solving ridge regression (iterative, delta-reg=0.001)...
Solving ridge regression (iterative, delta-reg=0.001)...
Solving ridge regression (iterative, delta-reg=0.001)...
Solving ridge regression (iterative, delta-reg=0.001)...
Solving ridge regression (iterative, delta-reg=0.001)...
Solving ridge regression (iterative, delta-reg=0.001)...
Solving ridge regression (iterative, delta-reg=0.001)...
Solving ridge regression (iterative, delta-reg=0.001)...
Solving ridge regression (iterative, delta-reg=0.001)...
Solving ridge regression (iterative, delta-reg=0.001)...
Solving ridge regression (iterative, delta-reg=0.001)...
Solving ridge regression (iterative, delta-reg=0.001)...
Solving ridge regression (iterative, delta-reg=0.001)...
Solving ridge regression (iterative, delta-reg=0.001)...
Solving ridge regression (iterative, delta-reg=0.001)...
Solving ridge regression (iterative, delta-reg=0.001)...
Solving ridge regression (iterative, delta-reg=0.001)...
Solving ridge regression (iterative, delta-reg=0.001)...
Solving ridge regression (iterative, delta-reg=0.001)...
Solving ridge regression (iterative, delta-reg=0.001)...
Solving ridge regression (iterative, delta-reg=0.001)...
Solving ridge regression (iterative, delta-reg=0.001)...
Solving ridge regression (iterative, delta-reg=0.001)...
Solving ridge regression (iterative, delta-reg=0.001)...
Solving ridge regression (iterative, delta-reg=0.001)...
Solving ridge regression (iterative, delta-reg=0.001)...
Solving ridge regression (iterative, delta-reg=0.001)...
Solving ridge regression (iterative, delta-reg=0.001)...
Solving ridge regression (iterative, delta-reg=0.001)...
Solving ridge regression (iterative, delta-reg=0.001)...
Solving ridge regression (iterative, delta-reg=0.001)...
Solving ridge regression (iterative, delta-reg=0.001)...
Solving ridge regression (iterative, delta-reg=0.001)...
Solving ridge regression (iterative, delta-reg=0.001)...
Solving ridge regression (iterative, delta-reg=0.001)...
Solving ridge regression (iterative, delta-reg=0.001)...
Solving ridge regression (iterative, delta-reg=0.001)...
Solving ridge regression (iterative, delta-reg=0.001)...
Solving ridge regression (iterative, delta-reg=0.001)...
Solving ridge regression (iterative, delta-reg=0.001)...
Solving ridge regression (iterative, delta-reg=0.001)...
Solving ridge regression (iterative, delta-reg=0.001)...
Solving ridge regression (iterative, delta-reg=0.001)...
[PnC diagnostic | calib] perturbation_scale=25.0
  Uncorrected shift (mean±std, 50 members): 40.5837 ± 3.0120
  Corrected   shift (mean±std, 50 members): 3.8944 ± 0.0324
  Correction reduction: 90.4%
[grid] (120/162) seed2 s1b1 ps25 bf0.2: ok nll=0.1589 (62s) [elapsed 6360s]
Solving ridge regression (iterative, delta-reg=0.001)...
Solving ridge regression (iterative, delta-reg=0.001)...
Solving ridge regression (iterative, delta-reg=0.001)...
Solving ridge regression (iterative, delta-reg=0.001)...
Solving ridge regression (iterative, delta-reg=0.001)...
Solving ridge regression (iterative, delta-reg=0.001)...
Solving ridge regression (iterative, delta-reg=0.001)...
Solving ridge regression (iterative, delta-reg=0.001)...
Solving ridge regression (iterative, delta-reg=0.001)...
Solving ridge regression (iterative, delta-reg=0.001)...
Solving ridge regression (iterative, delta-reg=0.001)...
Solving ridge regression (iterative, delta-reg=0.001)...
Solving ridge regression (iterative, delta-reg=0.001)...
Solving ridge regression (iterative, delta-reg=0.001)...
Solving ridge regression (iterative, delta-reg=0.001)...
Solving ridge regression (iterative, delta-reg=0.001)...
Solving ridge regression (iterative, delta-reg=0.001)...
Solving ridge regression (iterative, delta-reg=0.001)...
Solving ridge regression (iterative, delta-reg=0.001)...
Solving ridge regression (iterative, delta-reg=0.001)...
Solving ridge regression (iterative, delta-reg=0.001)...
Solving ridge regression (iterative, delta-reg=0.001)...
Solving ridge regression (iterative, delta-reg=0.001)...
Solving ridge regression (iterative, delta-reg=0.001)...
Solving ridge regression (iterative, delta-reg=0.001)...
Solving ridge regression (iterative, delta-reg=0.001)...
Solving ridge regression (iterative, delta-reg=0.001)...
Solving ridge regression (iterative, delta-reg=0.001)...
Solving ridge regression (iterative, delta-reg=0.001)...
Solving ridge regression (iterative, delta-reg=0.001)...
Solving ridge regression (iterative, delta-reg=0.001)...
Solving ridge regression (iterative, delta-reg=0.001)...
Solving ridge regression (iterative, delta-reg=0.001)...
Solving ridge regression (iterative, delta-reg=0.001)...
Solving ridge regression (iterative, delta-reg=0.001)...
Solving ridge regression (iterative, delta-reg=0.001)...
Solving ridge regression (iterative, delta-reg=0.001)...
Solving ridge regression (iterative, delta-reg=0.001)...
Solving ridge regression (iterative, delta-reg=0.001)...
Solving ridge regression (iterative, delta-reg=0.001)...
Solving ridge regression (iterative, delta-reg=0.001)...
Solving ridge regression (iterative, delta-reg=0.001)...
Solving ridge regression (iterative, delta-reg=0.001)...
Solving ridge regression (iterative, delta-reg=0.001)...
Solving ridge regression (iterative, delta-reg=0.001)...
Solving ridge regression (iterative, delta-reg=0.001)...
Solving ridge regression (iterative, delta-reg=0.001)...
Solving ridge regression (iterative, delta-reg=0.001)...
Solving ridge regression (iterative, delta-reg=0.001)...
Solving ridge regression (iterative, delta-reg=0.001)...
[PnC diagnostic | calib] perturbation_scale=50.0
  Uncorrected shift (mean±std, 50 members): 95.3919 ± 6.6742
  Corrected   shift (mean±std, 50 members): 4.2508 ± 0.0367
  Correction reduction: 95.5%
[grid] (121/162) seed2 s1b1 ps50 bf0.05: ok nll=0.1601 (60s) [elapsed 6420s]
Solving ridge regression (iterative, delta-reg=0.001)...
Solving ridge regression (iterative, delta-reg=0.001)...
Solving ridge regression (iterative, delta-reg=0.001)...
Solving ridge regression (iterative, delta-reg=0.001)...
Solving ridge regression (iterative, delta-reg=0.001)...
Solving ridge regression (iterative, delta-reg=0.001)...
Solving ridge regression (iterative, delta-reg=0.001)...
Solving ridge regression (iterative, delta-reg=0.001)...
Solving ridge regression (iterative, delta-reg=0.001)...
Solving ridge regression (iterative, delta-reg=0.001)...
Solving ridge regression (iterative, delta-reg=0.001)...
Solving ridge regression (iterative, delta-reg=0.001)...
Solving ridge regression (iterative, delta-reg=0.001)...
Solving ridge regression (iterative, delta-reg=0.001)...
Solving ridge regression (iterative, delta-reg=0.001)...
Solving ridge regression (iterative, delta-reg=0.001)...
Solving ridge regression (iterative, delta-reg=0.001)...
Solving ridge regression (iterative, delta-reg=0.001)...
Solving ridge regression (iterative, delta-reg=0.001)...
Solving ridge regression (iterative, delta-reg=0.001)...
Solving ridge regression (iterative, delta-reg=0.001)...
Solving ridge regression (iterative, delta-reg=0.001)...
Solving ridge regression (iterative, delta-reg=0.001)...
Solving ridge regression (iterative, delta-reg=0.001)...
Solving ridge regression (iterative, delta-reg=0.001)...
Solving ridge regression (iterative, delta-reg=0.001)...
Solving ridge regression (iterative, delta-reg=0.001)...
Solving ridge regression (iterative, delta-reg=0.001)...
Solving ridge regression (iterative, delta-reg=0.001)...
Solving ridge regression (iterative, delta-reg=0.001)...
Solving ridge regression (iterative, delta-reg=0.001)...
Solving ridge regression (iterative, delta-reg=0.001)...
Solving ridge regression (iterative, delta-reg=0.001)...
Solving ridge regression (iterative, delta-reg=0.001)...
Solving ridge regression (iterative, delta-reg=0.001)...
Solving ridge regression (iterative, delta-reg=0.001)...
Solving ridge regression (iterative, delta-reg=0.001)...
Solving ridge regression (iterative, delta-reg=0.001)...
Solving ridge regression (iterative, delta-reg=0.001)...
Solving ridge regression (iterative, delta-reg=0.001)...
Solving ridge regression (iterative, delta-reg=0.001)...
Solving ridge regression (iterative, delta-reg=0.001)...
Solving ridge regression (iterative, delta-reg=0.001)...
Solving ridge regression (iterative, delta-reg=0.001)...
Solving ridge regression (iterative, delta-reg=0.001)...
Solving ridge regression (iterative, delta-reg=0.001)...
Solving ridge regression (iterative, delta-reg=0.001)...
Solving ridge regression (iterative, delta-reg=0.001)...
Solving ridge regression (iterative, delta-reg=0.001)...
Solving ridge regression (iterative, delta-reg=0.001)...
[PnC diagnostic | calib] perturbation_scale=50.0
  Uncorrected shift (mean±std, 50 members): 95.3919 ± 6.6742
  Corrected   shift (mean±std, 50 members): 4.0985 ± 0.0352
  Correction reduction: 95.7%
[grid] (122/162) seed2 s1b1 ps50 bf0.1: ok nll=0.1607 (61s) [elapsed 6481s]
Solving ridge regression (iterative, delta-reg=0.001)...
Solving ridge regression (iterative, delta-reg=0.001)...
Solving ridge regression (iterative, delta-reg=0.001)...
Solving ridge regression (iterative, delta-reg=0.001)...
Solving ridge regression (iterative, delta-reg=0.001)...
Solving ridge regression (iterative, delta-reg=0.001)...
Solving ridge regression (iterative, delta-reg=0.001)...
Solving ridge regression (iterative, delta-reg=0.001)...
Solving ridge regression (iterative, delta-reg=0.001)...
Solving ridge regression (iterative, delta-reg=0.001)...
Solving ridge regression (iterative, delta-reg=0.001)...
Solving ridge regression (iterative, delta-reg=0.001)...
Solving ridge regression (iterative, delta-reg=0.001)...
Solving ridge regression (iterative, delta-reg=0.001)...
Solving ridge regression (iterative, delta-reg=0.001)...
Solving ridge regression (iterative, delta-reg=0.001)...
Solving ridge regression (iterative, delta-reg=0.001)...
Solving ridge regression (iterative, delta-reg=0.001)...
Solving ridge regression (iterative, delta-reg=0.001)...
Solving ridge regression (iterative, delta-reg=0.001)...
Solving ridge regression (iterative, delta-reg=0.001)...
Solving ridge regression (iterative, delta-reg=0.001)...
Solving ridge regression (iterative, delta-reg=0.001)...
Solving ridge regression (iterative, delta-reg=0.001)...
Solving ridge regression (iterative, delta-reg=0.001)...
Solving ridge regression (iterative, delta-reg=0.001)...
Solving ridge regression (iterative, delta-reg=0.001)...
Solving ridge regression (iterative, delta-reg=0.001)...
Solving ridge regression (iterative, delta-reg=0.001)...
Solving ridge regression (iterative, delta-reg=0.001)...
Solving ridge regression (iterative, delta-reg=0.001)...
Solving ridge regression (iterative, delta-reg=0.001)...
Solving ridge regression (iterative, delta-reg=0.001)...
Solving ridge regression (iterative, delta-reg=0.001)...
Solving ridge regression (iterative, delta-reg=0.001)...
Solving ridge regression (iterative, delta-reg=0.001)...
Solving ridge regression (iterative, delta-reg=0.001)...
Solving ridge regression (iterative, delta-reg=0.001)...
Solving ridge regression (iterative, delta-reg=0.001)...
Solving ridge regression (iterative, delta-reg=0.001)...
Solving ridge regression (iterative, delta-reg=0.001)...
Solving ridge regression (iterative, delta-reg=0.001)...
Solving ridge regression (iterative, delta-reg=0.001)...
Solving ridge regression (iterative, delta-reg=0.001)...
Solving ridge regression (iterative, delta-reg=0.001)...
Solving ridge regression (iterative, delta-reg=0.001)...
Solving ridge regression (iterative, delta-reg=0.001)...
Solving ridge regression (iterative, delta-reg=0.001)...
Solving ridge regression (iterative, delta-reg=0.001)...
Solving ridge regression (iterative, delta-reg=0.001)...
[PnC diagnostic | calib] perturbation_scale=50.0
  Uncorrected shift (mean±std, 50 members): 95.3919 ± 6.6742
  Corrected   shift (mean±std, 50 members): 4.0222 ± 0.0344
  Correction reduction: 95.8%
[grid] (123/162) seed2 s1b1 ps50 bf0.2: ok nll=0.1609 (62s) [elapsed 6543s]
Solving ridge regression (iterative, delta-reg=0.001)...
Solving ridge regression (iterative, delta-reg=0.001)...
Solving ridge regression (iterative, delta-reg=0.001)...
Solving ridge regression (iterative, delta-reg=0.001)...
Solving ridge regression (iterative, delta-reg=0.001)...
Solving ridge regression (iterative, delta-reg=0.001)...
Solving ridge regression (iterative, delta-reg=0.001)...
Solving ridge regression (iterative, delta-reg=0.001)...
Solving ridge regression (iterative, delta-reg=0.001)...
Solving ridge regression (iterative, delta-reg=0.001)...
Solving ridge regression (iterative, delta-reg=0.001)...
Solving ridge regression (iterative, delta-reg=0.001)...
Solving ridge regression (iterative, delta-reg=0.001)...
Solving ridge regression (iterative, delta-reg=0.001)...
Solving ridge regression (iterative, delta-reg=0.001)...
Solving ridge regression (iterative, delta-reg=0.001)...
Solving ridge regression (iterative, delta-reg=0.001)...
Solving ridge regression (iterative, delta-reg=0.001)...
Solving ridge regression (iterative, delta-reg=0.001)...
Solving ridge regression (iterative, delta-reg=0.001)...
Solving ridge regression (iterative, delta-reg=0.001)...
Solving ridge regression (iterative, delta-reg=0.001)...
Solving ridge regression (iterative, delta-reg=0.001)...
Solving ridge regression (iterative, delta-reg=0.001)...
Solving ridge regression (iterative, delta-reg=0.001)...
Solving ridge regression (iterative, delta-reg=0.001)...
Solving ridge regression (iterative, delta-reg=0.001)...
Solving ridge regression (iterative, delta-reg=0.001)...
Solving ridge regression (iterative, delta-reg=0.001)...
Solving ridge regression (iterative, delta-reg=0.001)...
Solving ridge regression (iterative, delta-reg=0.001)...
Solving ridge regression (iterative, delta-reg=0.001)...
Solving ridge regression (iterative, delta-reg=0.001)...
Solving ridge regression (iterative, delta-reg=0.001)...
Solving ridge regression (iterative, delta-reg=0.001)...
Solving ridge regression (iterative, delta-reg=0.001)...
Solving ridge regression (iterative, delta-reg=0.001)...
Solving ridge regression (iterative, delta-reg=0.001)...
Solving ridge regression (iterative, delta-reg=0.001)...
Solving ridge regression (iterative, delta-reg=0.001)...
Solving ridge regression (iterative, delta-reg=0.001)...
Solving ridge regression (iterative, delta-reg=0.001)...
Solving ridge regression (iterative, delta-reg=0.001)...
Solving ridge regression (iterative, delta-reg=0.001)...
Solving ridge regression (iterative, delta-reg=0.001)...
Solving ridge regression (iterative, delta-reg=0.001)...
Solving ridge regression (iterative, delta-reg=0.001)...
Solving ridge regression (iterative, delta-reg=0.001)...
Solving ridge regression (iterative, delta-reg=0.001)...
Solving ridge regression (iterative, delta-reg=0.001)...
[PnC diagnostic | calib] perturbation_scale=100.0
  Uncorrected shift (mean±std, 50 members): 207.9688 ± 14.0117
  Corrected   shift (mean±std, 50 members): 4.2683 ± 0.0364
  Correction reduction: 97.9%
[grid] (124/162) seed2 s1b1 ps100 bf0.05: ok nll=0.1603 (60s) [elapsed 6603s]
Solving ridge regression (iterative, delta-reg=0.001)...
Solving ridge regression (iterative, delta-reg=0.001)...
Solving ridge regression (iterative, delta-reg=0.001)...
Solving ridge regression (iterative, delta-reg=0.001)...
Solving ridge regression (iterative, delta-reg=0.001)...
Solving ridge regression (iterative, delta-reg=0.001)...
Solving ridge regression (iterative, delta-reg=0.001)...
Solving ridge regression (iterative, delta-reg=0.001)...
Solving ridge regression (iterative, delta-reg=0.001)...
Solving ridge regression (iterative, delta-reg=0.001)...
Solving ridge regression (iterative, delta-reg=0.001)...
Solving ridge regression (iterative, delta-reg=0.001)...
Solving ridge regression (iterative, delta-reg=0.001)...
Solving ridge regression (iterative, delta-reg=0.001)...
Solving ridge regression (iterative, delta-reg=0.001)...
Solving ridge regression (iterative, delta-reg=0.001)...
Solving ridge regression (iterative, delta-reg=0.001)...
Solving ridge regression (iterative, delta-reg=0.001)...
Solving ridge regression (iterative, delta-reg=0.001)...
Solving ridge regression (iterative, delta-reg=0.001)...
Solving ridge regression (iterative, delta-reg=0.001)...
Solving ridge regression (iterative, delta-reg=0.001)...
Solving ridge regression (iterative, delta-reg=0.001)...
Solving ridge regression (iterative, delta-reg=0.001)...
Solving ridge regression (iterative, delta-reg=0.001)...
Solving ridge regression (iterative, delta-reg=0.001)...
Solving ridge regression (iterative, delta-reg=0.001)...
Solving ridge regression (iterative, delta-reg=0.001)...
Solving ridge regression (iterative, delta-reg=0.001)...
Solving ridge regression (iterative, delta-reg=0.001)...
Solving ridge regression (iterative, delta-reg=0.001)...
Solving ridge regression (iterative, delta-reg=0.001)...
Solving ridge regression (iterative, delta-reg=0.001)...
Solving ridge regression (iterative, delta-reg=0.001)...
Solving ridge regression (iterative, delta-reg=0.001)...
Solving ridge regression (iterative, delta-reg=0.001)...
Solving ridge regression (iterative, delta-reg=0.001)...
Solving ridge regression (iterative, delta-reg=0.001)...
Solving ridge regression (iterative, delta-reg=0.001)...
Solving ridge regression (iterative, delta-reg=0.001)...
Solving ridge regression (iterative, delta-reg=0.001)...
Solving ridge regression (iterative, delta-reg=0.001)...
Solving ridge regression (iterative, delta-reg=0.001)...
Solving ridge regression (iterative, delta-reg=0.001)...
Solving ridge regression (iterative, delta-reg=0.001)...
Solving ridge regression (iterative, delta-reg=0.001)...
Solving ridge regression (iterative, delta-reg=0.001)...
Solving ridge regression (iterative, delta-reg=0.001)...
Solving ridge regression (iterative, delta-reg=0.001)...
Solving ridge regression (iterative, delta-reg=0.001)...
[PnC diagnostic | calib] perturbation_scale=100.0
  Uncorrected shift (mean±std, 50 members): 207.9688 ± 14.0117
  Corrected   shift (mean±std, 50 members): 4.1151 ± 0.0347
  Correction reduction: 98.0%
[grid] (125/162) seed2 s1b1 ps100 bf0.1: ok nll=0.1609 (62s) [elapsed 6665s]
Solving ridge regression (iterative, delta-reg=0.001)...
Solving ridge regression (iterative, delta-reg=0.001)...
Solving ridge regression (iterative, delta-reg=0.001)...
Solving ridge regression (iterative, delta-reg=0.001)...
Solving ridge regression (iterative, delta-reg=0.001)...
Solving ridge regression (iterative, delta-reg=0.001)...
Solving ridge regression (iterative, delta-reg=0.001)...
Solving ridge regression (iterative, delta-reg=0.001)...
Solving ridge regression (iterative, delta-reg=0.001)...
Solving ridge regression (iterative, delta-reg=0.001)...
Solving ridge regression (iterative, delta-reg=0.001)...
Solving ridge regression (iterative, delta-reg=0.001)...
Solving ridge regression (iterative, delta-reg=0.001)...
Solving ridge regression (iterative, delta-reg=0.001)...
Solving ridge regression (iterative, delta-reg=0.001)...
Solving ridge regression (iterative, delta-reg=0.001)...
Solving ridge regression (iterative, delta-reg=0.001)...
Solving ridge regression (iterative, delta-reg=0.001)...
Solving ridge regression (iterative, delta-reg=0.001)...
Solving ridge regression (iterative, delta-reg=0.001)...
Solving ridge regression (iterative, delta-reg=0.001)...
Solving ridge regression (iterative, delta-reg=0.001)...
Solving ridge regression (iterative, delta-reg=0.001)...
Solving ridge regression (iterative, delta-reg=0.001)...
Solving ridge regression (iterative, delta-reg=0.001)...
Solving ridge regression (iterative, delta-reg=0.001)...
Solving ridge regression (iterative, delta-reg=0.001)...
Solving ridge regression (iterative, delta-reg=0.001)...
Solving ridge regression (iterative, delta-reg=0.001)...
Solving ridge regression (iterative, delta-reg=0.001)...
Solving ridge regression (iterative, delta-reg=0.001)...
Solving ridge regression (iterative, delta-reg=0.001)...
Solving ridge regression (iterative, delta-reg=0.001)...
Solving ridge regression (iterative, delta-reg=0.001)...
Solving ridge regression (iterative, delta-reg=0.001)...
Solving ridge regression (iterative, delta-reg=0.001)...
Solving ridge regression (iterative, delta-reg=0.001)...
Solving ridge regression (iterative, delta-reg=0.001)...
Solving ridge regression (iterative, delta-reg=0.001)...
Solving ridge regression (iterative, delta-reg=0.001)...
Solving ridge regression (iterative, delta-reg=0.001)...
Solving ridge regression (iterative, delta-reg=0.001)...
Solving ridge regression (iterative, delta-reg=0.001)...
Solving ridge regression (iterative, delta-reg=0.001)...
Solving ridge regression (iterative, delta-reg=0.001)...
Solving ridge regression (iterative, delta-reg=0.001)...
Solving ridge regression (iterative, delta-reg=0.001)...
Solving ridge regression (iterative, delta-reg=0.001)...
Solving ridge regression (iterative, delta-reg=0.001)...
Solving ridge regression (iterative, delta-reg=0.001)...
[PnC diagnostic | calib] perturbation_scale=100.0
  Uncorrected shift (mean±std, 50 members): 207.9688 ± 14.0117
  Corrected   shift (mean±std, 50 members): 4.0385 ± 0.0339
  Correction reduction: 98.1%
[grid] (126/162) seed2 s1b1 ps100 bf0.2: ok nll=0.1611 (62s) [elapsed 6727s]
Solving ridge regression (iterative, delta-reg=0.001)...
Solving ridge regression (iterative, delta-reg=0.001)...
Solving ridge regression (iterative, delta-reg=0.001)...
Solving ridge regression (iterative, delta-reg=0.001)...
Solving ridge regression (iterative, delta-reg=0.001)...
Solving ridge regression (iterative, delta-reg=0.001)...
Solving ridge regression (iterative, delta-reg=0.001)...
Solving ridge regression (iterative, delta-reg=0.001)...
Solving ridge regression (iterative, delta-reg=0.001)...
Solving ridge regression (iterative, delta-reg=0.001)...
Solving ridge regression (iterative, delta-reg=0.001)...
Solving ridge regression (iterative, delta-reg=0.001)...
Solving ridge regression (iterative, delta-reg=0.001)...
Solving ridge regression (iterative, delta-reg=0.001)...
Solving ridge regression (iterative, delta-reg=0.001)...
Solving ridge regression (iterative, delta-reg=0.001)...
Solving ridge regression (iterative, delta-reg=0.001)...
Solving ridge regression (iterative, delta-reg=0.001)...
Solving ridge regression (iterative, delta-reg=0.001)...
Solving ridge regression (iterative, delta-reg=0.001)...
Solving ridge regression (iterative, delta-reg=0.001)...
Solving ridge regression (iterative, delta-reg=0.001)...
Solving ridge regression (iterative, delta-reg=0.001)...
Solving ridge regression (iterative, delta-reg=0.001)...
Solving ridge regression (iterative, delta-reg=0.001)...
Solving ridge regression (iterative, delta-reg=0.001)...
Solving ridge regression (iterative, delta-reg=0.001)...
Solving ridge regression (iterative, delta-reg=0.001)...
Solving ridge regression (iterative, delta-reg=0.001)...
Solving ridge regression (iterative, delta-reg=0.001)...
Solving ridge regression (iterative, delta-reg=0.001)...
Solving ridge regression (iterative, delta-reg=0.001)...
Solving ridge regression (iterative, delta-reg=0.001)...
Solving ridge regression (iterative, delta-reg=0.001)...
Solving ridge regression (iterative, delta-reg=0.001)...
Solving ridge regression (iterative, delta-reg=0.001)...
Solving ridge regression (iterative, delta-reg=0.001)...
Solving ridge regression (iterative, delta-reg=0.001)...
Solving ridge regression (iterative, delta-reg=0.001)...
Solving ridge regression (iterative, delta-reg=0.001)...
Solving ridge regression (iterative, delta-reg=0.001)...
Solving ridge regression (iterative, delta-reg=0.001)...
Solving ridge regression (iterative, delta-reg=0.001)...
Solving ridge regression (iterative, delta-reg=0.001)...
Solving ridge regression (iterative, delta-reg=0.001)...
Solving ridge regression (iterative, delta-reg=0.001)...
Solving ridge regression (iterative, delta-reg=0.001)...
Solving ridge regression (iterative, delta-reg=0.001)...
Solving ridge regression (iterative, delta-reg=0.001)...
Solving ridge regression (iterative, delta-reg=0.001)...
[PnC diagnostic | calib] perturbation_scale=25.0
  Uncorrected shift (mean±std, 50 members): 15.4990 ± 0.9811
  Corrected   shift (mean±std, 50 members): 5.6307 ± 0.1875
  Correction reduction: 63.7%
[grid] (127/162) seed2 s2b0 ps25 bf0.05: ok nll=0.1825 (59s) [elapsed 6786s]
Solving ridge regression (iterative, delta-reg=0.001)...
Solving ridge regression (iterative, delta-reg=0.001)...
Solving ridge regression (iterative, delta-reg=0.001)...
Solving ridge regression (iterative, delta-reg=0.001)...
Solving ridge regression (iterative, delta-reg=0.001)...
Solving ridge regression (iterative, delta-reg=0.001)...
Solving ridge regression (iterative, delta-reg=0.001)...
Solving ridge regression (iterative, delta-reg=0.001)...
Solving ridge regression (iterative, delta-reg=0.001)...
Solving ridge regression (iterative, delta-reg=0.001)...
Solving ridge regression (iterative, delta-reg=0.001)...
Solving ridge regression (iterative, delta-reg=0.001)...
Solving ridge regression (iterative, delta-reg=0.001)...
Solving ridge regression (iterative, delta-reg=0.001)...
Solving ridge regression (iterative, delta-reg=0.001)...
Solving ridge regression (iterative, delta-reg=0.001)...
Solving ridge regression (iterative, delta-reg=0.001)...
Solving ridge regression (iterative, delta-reg=0.001)...
Solving ridge regression (iterative, delta-reg=0.001)...
Solving ridge regression (iterative, delta-reg=0.001)...
Solving ridge regression (iterative, delta-reg=0.001)...
Solving ridge regression (iterative, delta-reg=0.001)...
Solving ridge regression (iterative, delta-reg=0.001)...
Solving ridge regression (iterative, delta-reg=0.001)...
Solving ridge regression (iterative, delta-reg=0.001)...
Solving ridge regression (iterative, delta-reg=0.001)...
Solving ridge regression (iterative, delta-reg=0.001)...
Solving ridge regression (iterative, delta-reg=0.001)...
Solving ridge regression (iterative, delta-reg=0.001)...
Solving ridge regression (iterative, delta-reg=0.001)...
Solving ridge regression (iterative, delta-reg=0.001)...
Solving ridge regression (iterative, delta-reg=0.001)...
Solving ridge regression (iterative, delta-reg=0.001)...
Solving ridge regression (iterative, delta-reg=0.001)...
Solving ridge regression (iterative, delta-reg=0.001)...
Solving ridge regression (iterative, delta-reg=0.001)...
Solving ridge regression (iterative, delta-reg=0.001)...
Solving ridge regression (iterative, delta-reg=0.001)...
Solving ridge regression (iterative, delta-reg=0.001)...
Solving ridge regression (iterative, delta-reg=0.001)...
Solving ridge regression (iterative, delta-reg=0.001)...
Solving ridge regression (iterative, delta-reg=0.001)...
Solving ridge regression (iterative, delta-reg=0.001)...
Solving ridge regression (iterative, delta-reg=0.001)...
Solving ridge regression (iterative, delta-reg=0.001)...
Solving ridge regression (iterative, delta-reg=0.001)...
Solving ridge regression (iterative, delta-reg=0.001)...
Solving ridge regression (iterative, delta-reg=0.001)...
Solving ridge regression (iterative, delta-reg=0.001)...
Solving ridge regression (iterative, delta-reg=0.001)...
[PnC diagnostic | calib] perturbation_scale=25.0
  Uncorrected shift (mean±std, 50 members): 15.4990 ± 0.9811
  Corrected   shift (mean±std, 50 members): 3.6979 ± 0.0450
  Correction reduction: 76.1%
[grid] (128/162) seed2 s2b0 ps25 bf0.1: ok nll=0.1499 (60s) [elapsed 6846s]
Solving ridge regression (iterative, delta-reg=0.001)...
Solving ridge regression (iterative, delta-reg=0.001)...
Solving ridge regression (iterative, delta-reg=0.001)...
Solving ridge regression (iterative, delta-reg=0.001)...
Solving ridge regression (iterative, delta-reg=0.001)...
Solving ridge regression (iterative, delta-reg=0.001)...
Solving ridge regression (iterative, delta-reg=0.001)...
Solving ridge regression (iterative, delta-reg=0.001)...
Solving ridge regression (iterative, delta-reg=0.001)...
Solving ridge regression (iterative, delta-reg=0.001)...
Solving ridge regression (iterative, delta-reg=0.001)...
Solving ridge regression (iterative, delta-reg=0.001)...
Solving ridge regression (iterative, delta-reg=0.001)...
Solving ridge regression (iterative, delta-reg=0.001)...
Solving ridge regression (iterative, delta-reg=0.001)...
Solving ridge regression (iterative, delta-reg=0.001)...
Solving ridge regression (iterative, delta-reg=0.001)...
Solving ridge regression (iterative, delta-reg=0.001)...
Solving ridge regression (iterative, delta-reg=0.001)...
Solving ridge regression (iterative, delta-reg=0.001)...
Solving ridge regression (iterative, delta-reg=0.001)...
Solving ridge regression (iterative, delta-reg=0.001)...
Solving ridge regression (iterative, delta-reg=0.001)...
Solving ridge regression (iterative, delta-reg=0.001)...
Solving ridge regression (iterative, delta-reg=0.001)...
Solving ridge regression (iterative, delta-reg=0.001)...
Solving ridge regression (iterative, delta-reg=0.001)...
Solving ridge regression (iterative, delta-reg=0.001)...
Solving ridge regression (iterative, delta-reg=0.001)...
Solving ridge regression (iterative, delta-reg=0.001)...
Solving ridge regression (iterative, delta-reg=0.001)...
Solving ridge regression (iterative, delta-reg=0.001)...
Solving ridge regression (iterative, delta-reg=0.001)...
Solving ridge regression (iterative, delta-reg=0.001)...
Solving ridge regression (iterative, delta-reg=0.001)...
Solving ridge regression (iterative, delta-reg=0.001)...
Solving ridge regression (iterative, delta-reg=0.001)...
Solving ridge regression (iterative, delta-reg=0.001)...
Solving ridge regression (iterative, delta-reg=0.001)...
Solving ridge regression (iterative, delta-reg=0.001)...
Solving ridge regression (iterative, delta-reg=0.001)...
Solving ridge regression (iterative, delta-reg=0.001)...
Solving ridge regression (iterative, delta-reg=0.001)...
Solving ridge regression (iterative, delta-reg=0.001)...
Solving ridge regression (iterative, delta-reg=0.001)...
Solving ridge regression (iterative, delta-reg=0.001)...
Solving ridge regression (iterative, delta-reg=0.001)...
Solving ridge regression (iterative, delta-reg=0.001)...
Solving ridge regression (iterative, delta-reg=0.001)...
Solving ridge regression (iterative, delta-reg=0.001)...
[PnC diagnostic | calib] perturbation_scale=25.0
  Uncorrected shift (mean±std, 50 members): 15.4990 ± 0.9811
  Corrected   shift (mean±std, 50 members): 3.2047 ± 0.0256
  Correction reduction: 79.3%
[grid] (129/162) seed2 s2b0 ps25 bf0.2: ok nll=0.1507 (61s) [elapsed 6907s]
Solving ridge regression (iterative, delta-reg=0.001)...
Solving ridge regression (iterative, delta-reg=0.001)...
Solving ridge regression (iterative, delta-reg=0.001)...
Solving ridge regression (iterative, delta-reg=0.001)...
Solving ridge regression (iterative, delta-reg=0.001)...
Solving ridge regression (iterative, delta-reg=0.001)...
Solving ridge regression (iterative, delta-reg=0.001)...
Solving ridge regression (iterative, delta-reg=0.001)...
Solving ridge regression (iterative, delta-reg=0.001)...
Solving ridge regression (iterative, delta-reg=0.001)...
Solving ridge regression (iterative, delta-reg=0.001)...
Solving ridge regression (iterative, delta-reg=0.001)...
Solving ridge regression (iterative, delta-reg=0.001)...
Solving ridge regression (iterative, delta-reg=0.001)...
Solving ridge regression (iterative, delta-reg=0.001)...
Solving ridge regression (iterative, delta-reg=0.001)...
Solving ridge regression (iterative, delta-reg=0.001)...
Solving ridge regression (iterative, delta-reg=0.001)...
Solving ridge regression (iterative, delta-reg=0.001)...
Solving ridge regression (iterative, delta-reg=0.001)...
Solving ridge regression (iterative, delta-reg=0.001)...
Solving ridge regression (iterative, delta-reg=0.001)...
Solving ridge regression (iterative, delta-reg=0.001)...
Solving ridge regression (iterative, delta-reg=0.001)...
Solving ridge regression (iterative, delta-reg=0.001)...
Solving ridge regression (iterative, delta-reg=0.001)...
Solving ridge regression (iterative, delta-reg=0.001)...
Solving ridge regression (iterative, delta-reg=0.001)...
Solving ridge regression (iterative, delta-reg=0.001)...
Solving ridge regression (iterative, delta-reg=0.001)...
Solving ridge regression (iterative, delta-reg=0.001)...
Solving ridge regression (iterative, delta-reg=0.001)...
Solving ridge regression (iterative, delta-reg=0.001)...
Solving ridge regression (iterative, delta-reg=0.001)...
Solving ridge regression (iterative, delta-reg=0.001)...
Solving ridge regression (iterative, delta-reg=0.001)...
Solving ridge regression (iterative, delta-reg=0.001)...
Solving ridge regression (iterative, delta-reg=0.001)...
Solving ridge regression (iterative, delta-reg=0.001)...
Solving ridge regression (iterative, delta-reg=0.001)...
Solving ridge regression (iterative, delta-reg=0.001)...
Solving ridge regression (iterative, delta-reg=0.001)...
Solving ridge regression (iterative, delta-reg=0.001)...
Solving ridge regression (iterative, delta-reg=0.001)...
Solving ridge regression (iterative, delta-reg=0.001)...
Solving ridge regression (iterative, delta-reg=0.001)...
Solving ridge regression (iterative, delta-reg=0.001)...
Solving ridge regression (iterative, delta-reg=0.001)...
Solving ridge regression (iterative, delta-reg=0.001)...
Solving ridge regression (iterative, delta-reg=0.001)...
[PnC diagnostic | calib] perturbation_scale=50.0
  Uncorrected shift (mean±std, 50 members): 40.5060 ± 2.2991
  Corrected   shift (mean±std, 50 members): 6.2434 ± 0.2046
  Correction reduction: 84.6%
[grid] (130/162) seed2 s2b0 ps50 bf0.05: ok nll=0.2248 (60s) [elapsed 6966s]
Solving ridge regression (iterative, delta-reg=0.001)...
Solving ridge regression (iterative, delta-reg=0.001)...
Solving ridge regression (iterative, delta-reg=0.001)...
Solving ridge regression (iterative, delta-reg=0.001)...
Solving ridge regression (iterative, delta-reg=0.001)...
Solving ridge regression (iterative, delta-reg=0.001)...
Solving ridge regression (iterative, delta-reg=0.001)...
Solving ridge regression (iterative, delta-reg=0.001)...
Solving ridge regression (iterative, delta-reg=0.001)...
Solving ridge regression (iterative, delta-reg=0.001)...
Solving ridge regression (iterative, delta-reg=0.001)...
Solving ridge regression (iterative, delta-reg=0.001)...
Solving ridge regression (iterative, delta-reg=0.001)...
Solving ridge regression (iterative, delta-reg=0.001)...
Solving ridge regression (iterative, delta-reg=0.001)...
Solving ridge regression (iterative, delta-reg=0.001)...
Solving ridge regression (iterative, delta-reg=0.001)...
Solving ridge regression (iterative, delta-reg=0.001)...
Solving ridge regression (iterative, delta-reg=0.001)...
Solving ridge regression (iterative, delta-reg=0.001)...
Solving ridge regression (iterative, delta-reg=0.001)...
Solving ridge regression (iterative, delta-reg=0.001)...
Solving ridge regression (iterative, delta-reg=0.001)...
Solving ridge regression (iterative, delta-reg=0.001)...
Solving ridge regression (iterative, delta-reg=0.001)...
Solving ridge regression (iterative, delta-reg=0.001)...
Solving ridge regression (iterative, delta-reg=0.001)...
Solving ridge regression (iterative, delta-reg=0.001)...
Solving ridge regression (iterative, delta-reg=0.001)...
Solving ridge regression (iterative, delta-reg=0.001)...
Solving ridge regression (iterative, delta-reg=0.001)...
Solving ridge regression (iterative, delta-reg=0.001)...
Solving ridge regression (iterative, delta-reg=0.001)...
Solving ridge regression (iterative, delta-reg=0.001)...
Solving ridge regression (iterative, delta-reg=0.001)...
Solving ridge regression (iterative, delta-reg=0.001)...
Solving ridge regression (iterative, delta-reg=0.001)...
Solving ridge regression (iterative, delta-reg=0.001)...
Solving ridge regression (iterative, delta-reg=0.001)...
Solving ridge regression (iterative, delta-reg=0.001)...
Solving ridge regression (iterative, delta-reg=0.001)...
Solving ridge regression (iterative, delta-reg=0.001)...
Solving ridge regression (iterative, delta-reg=0.001)...
Solving ridge regression (iterative, delta-reg=0.001)...
Solving ridge regression (iterative, delta-reg=0.001)...
Solving ridge regression (iterative, delta-reg=0.001)...
Solving ridge regression (iterative, delta-reg=0.001)...
Solving ridge regression (iterative, delta-reg=0.001)...
Solving ridge regression (iterative, delta-reg=0.001)...
Solving ridge regression (iterative, delta-reg=0.001)...
[PnC diagnostic | calib] perturbation_scale=50.0
  Uncorrected shift (mean±std, 50 members): 40.5060 ± 2.2991
  Corrected   shift (mean±std, 50 members): 4.1054 ± 0.0512
  Correction reduction: 89.9%
[grid] (131/162) seed2 s2b0 ps50 bf0.1: ok nll=0.1612 (60s) [elapsed 7027s]
Solving ridge regression (iterative, delta-reg=0.001)...
Solving ridge regression (iterative, delta-reg=0.001)...
Solving ridge regression (iterative, delta-reg=0.001)...
Solving ridge regression (iterative, delta-reg=0.001)...
Solving ridge regression (iterative, delta-reg=0.001)...
Solving ridge regression (iterative, delta-reg=0.001)...
Solving ridge regression (iterative, delta-reg=0.001)...
Solving ridge regression (iterative, delta-reg=0.001)...
Solving ridge regression (iterative, delta-reg=0.001)...
Solving ridge regression (iterative, delta-reg=0.001)...
Solving ridge regression (iterative, delta-reg=0.001)...
Solving ridge regression (iterative, delta-reg=0.001)...
Solving ridge regression (iterative, delta-reg=0.001)...
Solving ridge regression (iterative, delta-reg=0.001)...
Solving ridge regression (iterative, delta-reg=0.001)...
Solving ridge regression (iterative, delta-reg=0.001)...
Solving ridge regression (iterative, delta-reg=0.001)...
Solving ridge regression (iterative, delta-reg=0.001)...
Solving ridge regression (iterative, delta-reg=0.001)...
Solving ridge regression (iterative, delta-reg=0.001)...
Solving ridge regression (iterative, delta-reg=0.001)...
Solving ridge regression (iterative, delta-reg=0.001)...
Solving ridge regression (iterative, delta-reg=0.001)...
Solving ridge regression (iterative, delta-reg=0.001)...
Solving ridge regression (iterative, delta-reg=0.001)...
Solving ridge regression (iterative, delta-reg=0.001)...
Solving ridge regression (iterative, delta-reg=0.001)...
Solving ridge regression (iterative, delta-reg=0.001)...
Solving ridge regression (iterative, delta-reg=0.001)...
Solving ridge regression (iterative, delta-reg=0.001)...
Solving ridge regression (iterative, delta-reg=0.001)...
Solving ridge regression (iterative, delta-reg=0.001)...
Solving ridge regression (iterative, delta-reg=0.001)...
Solving ridge regression (iterative, delta-reg=0.001)...
Solving ridge regression (iterative, delta-reg=0.001)...
Solving ridge regression (iterative, delta-reg=0.001)...
Solving ridge regression (iterative, delta-reg=0.001)...
Solving ridge regression (iterative, delta-reg=0.001)...
Solving ridge regression (iterative, delta-reg=0.001)...
Solving ridge regression (iterative, delta-reg=0.001)...
Solving ridge regression (iterative, delta-reg=0.001)...
Solving ridge regression (iterative, delta-reg=0.001)...
Solving ridge regression (iterative, delta-reg=0.001)...
Solving ridge regression (iterative, delta-reg=0.001)...
Solving ridge regression (iterative, delta-reg=0.001)...
Solving ridge regression (iterative, delta-reg=0.001)...
Solving ridge regression (iterative, delta-reg=0.001)...
Solving ridge regression (iterative, delta-reg=0.001)...
Solving ridge regression (iterative, delta-reg=0.001)...
Solving ridge regression (iterative, delta-reg=0.001)...
[PnC diagnostic | calib] perturbation_scale=50.0
  Uncorrected shift (mean±std, 50 members): 40.5060 ± 2.2991
  Corrected   shift (mean±std, 50 members): 3.5606 ± 0.0299
  Correction reduction: 91.2%
[grid] (132/162) seed2 s2b0 ps50 bf0.2: ok nll=0.1617 (61s) [elapsed 7088s]
Solving ridge regression (iterative, delta-reg=0.001)...
Solving ridge regression (iterative, delta-reg=0.001)...
Solving ridge regression (iterative, delta-reg=0.001)...
Solving ridge regression (iterative, delta-reg=0.001)...
Solving ridge regression (iterative, delta-reg=0.001)...
Solving ridge regression (iterative, delta-reg=0.001)...
Solving ridge regression (iterative, delta-reg=0.001)...
Solving ridge regression (iterative, delta-reg=0.001)...
Solving ridge regression (iterative, delta-reg=0.001)...
Solving ridge regression (iterative, delta-reg=0.001)...
Solving ridge regression (iterative, delta-reg=0.001)...
Solving ridge regression (iterative, delta-reg=0.001)...
Solving ridge regression (iterative, delta-reg=0.001)...
Solving ridge regression (iterative, delta-reg=0.001)...
Solving ridge regression (iterative, delta-reg=0.001)...
Solving ridge regression (iterative, delta-reg=0.001)...
Solving ridge regression (iterative, delta-reg=0.001)...
Solving ridge regression (iterative, delta-reg=0.001)...
Solving ridge regression (iterative, delta-reg=0.001)...
Solving ridge regression (iterative, delta-reg=0.001)...
Solving ridge regression (iterative, delta-reg=0.001)...
Solving ridge regression (iterative, delta-reg=0.001)...
Solving ridge regression (iterative, delta-reg=0.001)...
Solving ridge regression (iterative, delta-reg=0.001)...
Solving ridge regression (iterative, delta-reg=0.001)...
Solving ridge regression (iterative, delta-reg=0.001)...
Solving ridge regression (iterative, delta-reg=0.001)...
Solving ridge regression (iterative, delta-reg=0.001)...
Solving ridge regression (iterative, delta-reg=0.001)...
Solving ridge regression (iterative, delta-reg=0.001)...
Solving ridge regression (iterative, delta-reg=0.001)...
Solving ridge regression (iterative, delta-reg=0.001)...
Solving ridge regression (iterative, delta-reg=0.001)...
Solving ridge regression (iterative, delta-reg=0.001)...
Solving ridge regression (iterative, delta-reg=0.001)...
Solving ridge regression (iterative, delta-reg=0.001)...
Solving ridge regression (iterative, delta-reg=0.001)...
Solving ridge regression (iterative, delta-reg=0.001)...
Solving ridge regression (iterative, delta-reg=0.001)...
Solving ridge regression (iterative, delta-reg=0.001)...
Solving ridge regression (iterative, delta-reg=0.001)...
Solving ridge regression (iterative, delta-reg=0.001)...
Solving ridge regression (iterative, delta-reg=0.001)...
Solving ridge regression (iterative, delta-reg=0.001)...
Solving ridge regression (iterative, delta-reg=0.001)...
Solving ridge regression (iterative, delta-reg=0.001)...
Solving ridge regression (iterative, delta-reg=0.001)...
Solving ridge regression (iterative, delta-reg=0.001)...
Solving ridge regression (iterative, delta-reg=0.001)...
Solving ridge regression (iterative, delta-reg=0.001)...
[PnC diagnostic | calib] perturbation_scale=100.0
  Uncorrected shift (mean±std, 50 members): 94.4024 ± 4.9542
  Corrected   shift (mean±std, 50 members): 6.3611 ± 0.2091
  Correction reduction: 93.3%
[grid] (133/162) seed2 s2b0 ps100 bf0.05: ok nll=0.2363 (60s) [elapsed 7147s]
Solving ridge regression (iterative, delta-reg=0.001)...
Solving ridge regression (iterative, delta-reg=0.001)...
Solving ridge regression (iterative, delta-reg=0.001)...
Solving ridge regression (iterative, delta-reg=0.001)...
Solving ridge regression (iterative, delta-reg=0.001)...
Solving ridge regression (iterative, delta-reg=0.001)...
Solving ridge regression (iterative, delta-reg=0.001)...
Solving ridge regression (iterative, delta-reg=0.001)...
Solving ridge regression (iterative, delta-reg=0.001)...
Solving ridge regression (iterative, delta-reg=0.001)...
Solving ridge regression (iterative, delta-reg=0.001)...
Solving ridge regression (iterative, delta-reg=0.001)...
Solving ridge regression (iterative, delta-reg=0.001)...
Solving ridge regression (iterative, delta-reg=0.001)...
Solving ridge regression (iterative, delta-reg=0.001)...
Solving ridge regression (iterative, delta-reg=0.001)...
Solving ridge regression (iterative, delta-reg=0.001)...
Solving ridge regression (iterative, delta-reg=0.001)...
Solving ridge regression (iterative, delta-reg=0.001)...
Solving ridge regression (iterative, delta-reg=0.001)...
Solving ridge regression (iterative, delta-reg=0.001)...
Solving ridge regression (iterative, delta-reg=0.001)...
Solving ridge regression (iterative, delta-reg=0.001)...
Solving ridge regression (iterative, delta-reg=0.001)...
Solving ridge regression (iterative, delta-reg=0.001)...
Solving ridge regression (iterative, delta-reg=0.001)...
Solving ridge regression (iterative, delta-reg=0.001)...
Solving ridge regression (iterative, delta-reg=0.001)...
Solving ridge regression (iterative, delta-reg=0.001)...
Solving ridge regression (iterative, delta-reg=0.001)...
Solving ridge regression (iterative, delta-reg=0.001)...
Solving ridge regression (iterative, delta-reg=0.001)...
Solving ridge regression (iterative, delta-reg=0.001)...
Solving ridge regression (iterative, delta-reg=0.001)...
Solving ridge regression (iterative, delta-reg=0.001)...
Solving ridge regression (iterative, delta-reg=0.001)...
Solving ridge regression (iterative, delta-reg=0.001)...
Solving ridge regression (iterative, delta-reg=0.001)...
Solving ridge regression (iterative, delta-reg=0.001)...
Solving ridge regression (iterative, delta-reg=0.001)...
Solving ridge regression (iterative, delta-reg=0.001)...
Solving ridge regression (iterative, delta-reg=0.001)...
Solving ridge regression (iterative, delta-reg=0.001)...
Solving ridge regression (iterative, delta-reg=0.001)...
Solving ridge regression (iterative, delta-reg=0.001)...
Solving ridge regression (iterative, delta-reg=0.001)...
Solving ridge regression (iterative, delta-reg=0.001)...
Solving ridge regression (iterative, delta-reg=0.001)...
Solving ridge regression (iterative, delta-reg=0.001)...
Solving ridge regression (iterative, delta-reg=0.001)...
[PnC diagnostic | calib] perturbation_scale=100.0
  Uncorrected shift (mean±std, 50 members): 94.4024 ± 4.9542
  Corrected   shift (mean±std, 50 members): 4.1844 ± 0.0517
  Correction reduction: 95.6%
[grid] (134/162) seed2 s2b0 ps100 bf0.1: ok nll=0.1648 (60s) [elapsed 7208s]
Solving ridge regression (iterative, delta-reg=0.001)...
Solving ridge regression (iterative, delta-reg=0.001)...
Solving ridge regression (iterative, delta-reg=0.001)...
Solving ridge regression (iterative, delta-reg=0.001)...
Solving ridge regression (iterative, delta-reg=0.001)...
Solving ridge regression (iterative, delta-reg=0.001)...
Solving ridge regression (iterative, delta-reg=0.001)...
Solving ridge regression (iterative, delta-reg=0.001)...
Solving ridge regression (iterative, delta-reg=0.001)...
Solving ridge regression (iterative, delta-reg=0.001)...
Solving ridge regression (iterative, delta-reg=0.001)...
Solving ridge regression (iterative, delta-reg=0.001)...
Solving ridge regression (iterative, delta-reg=0.001)...
Solving ridge regression (iterative, delta-reg=0.001)...
Solving ridge regression (iterative, delta-reg=0.001)...
Solving ridge regression (iterative, delta-reg=0.001)...
Solving ridge regression (iterative, delta-reg=0.001)...
Solving ridge regression (iterative, delta-reg=0.001)...
Solving ridge regression (iterative, delta-reg=0.001)...
Solving ridge regression (iterative, delta-reg=0.001)...
Solving ridge regression (iterative, delta-reg=0.001)...
Solving ridge regression (iterative, delta-reg=0.001)...
Solving ridge regression (iterative, delta-reg=0.001)...
Solving ridge regression (iterative, delta-reg=0.001)...
Solving ridge regression (iterative, delta-reg=0.001)...
Solving ridge regression (iterative, delta-reg=0.001)...
Solving ridge regression (iterative, delta-reg=0.001)...
Solving ridge regression (iterative, delta-reg=0.001)...
Solving ridge regression (iterative, delta-reg=0.001)...
Solving ridge regression (iterative, delta-reg=0.001)...
Solving ridge regression (iterative, delta-reg=0.001)...
Solving ridge regression (iterative, delta-reg=0.001)...
Solving ridge regression (iterative, delta-reg=0.001)...
Solving ridge regression (iterative, delta-reg=0.001)...
Solving ridge regression (iterative, delta-reg=0.001)...
Solving ridge regression (iterative, delta-reg=0.001)...
Solving ridge regression (iterative, delta-reg=0.001)...
Solving ridge regression (iterative, delta-reg=0.001)...
Solving ridge regression (iterative, delta-reg=0.001)...
Solving ridge regression (iterative, delta-reg=0.001)...
Solving ridge regression (iterative, delta-reg=0.001)...
Solving ridge regression (iterative, delta-reg=0.001)...
Solving ridge regression (iterative, delta-reg=0.001)...
Solving ridge regression (iterative, delta-reg=0.001)...
Solving ridge regression (iterative, delta-reg=0.001)...
Solving ridge regression (iterative, delta-reg=0.001)...
Solving ridge regression (iterative, delta-reg=0.001)...
Solving ridge regression (iterative, delta-reg=0.001)...
Solving ridge regression (iterative, delta-reg=0.001)...
Solving ridge regression (iterative, delta-reg=0.001)...
[PnC diagnostic | calib] perturbation_scale=100.0
  Uncorrected shift (mean±std, 50 members): 94.4024 ± 4.9542
  Corrected   shift (mean±std, 50 members): 3.6294 ± 0.0298
  Correction reduction: 96.2%
[grid] (135/162) seed2 s2b0 ps100 bf0.2: ok nll=0.1648 (61s) [elapsed 7269s]
Solving ridge regression (iterative, delta-reg=0.001)...
Solving ridge regression (iterative, delta-reg=0.001)...
Solving ridge regression (iterative, delta-reg=0.001)...
Solving ridge regression (iterative, delta-reg=0.001)...
Solving ridge regression (iterative, delta-reg=0.001)...
Solving ridge regression (iterative, delta-reg=0.001)...
Solving ridge regression (iterative, delta-reg=0.001)...
Solving ridge regression (iterative, delta-reg=0.001)...
Solving ridge regression (iterative, delta-reg=0.001)...
Solving ridge regression (iterative, delta-reg=0.001)...
Solving ridge regression (iterative, delta-reg=0.001)...
Solving ridge regression (iterative, delta-reg=0.001)...
Solving ridge regression (iterative, delta-reg=0.001)...
Solving ridge regression (iterative, delta-reg=0.001)...
Solving ridge regression (iterative, delta-reg=0.001)...
Solving ridge regression (iterative, delta-reg=0.001)...
Solving ridge regression (iterative, delta-reg=0.001)...
Solving ridge regression (iterative, delta-reg=0.001)...
Solving ridge regression (iterative, delta-reg=0.001)...
Solving ridge regression (iterative, delta-reg=0.001)...
Solving ridge regression (iterative, delta-reg=0.001)...
Solving ridge regression (iterative, delta-reg=0.001)...
Solving ridge regression (iterative, delta-reg=0.001)...
Solving ridge regression (iterative, delta-reg=0.001)...
Solving ridge regression (iterative, delta-reg=0.001)...
Solving ridge regression (iterative, delta-reg=0.001)...
Solving ridge regression (iterative, delta-reg=0.001)...
Solving ridge regression (iterative, delta-reg=0.001)...
Solving ridge regression (iterative, delta-reg=0.001)...
Solving ridge regression (iterative, delta-reg=0.001)...
Solving ridge regression (iterative, delta-reg=0.001)...
Solving ridge regression (iterative, delta-reg=0.001)...
Solving ridge regression (iterative, delta-reg=0.001)...
Solving ridge regression (iterative, delta-reg=0.001)...
Solving ridge regression (iterative, delta-reg=0.001)...
Solving ridge regression (iterative, delta-reg=0.001)...
Solving ridge regression (iterative, delta-reg=0.001)...
Solving ridge regression (iterative, delta-reg=0.001)...
Solving ridge regression (iterative, delta-reg=0.001)...
Solving ridge regression (iterative, delta-reg=0.001)...
Solving ridge regression (iterative, delta-reg=0.001)...
Solving ridge regression (iterative, delta-reg=0.001)...
Solving ridge regression (iterative, delta-reg=0.001)...
Solving ridge regression (iterative, delta-reg=0.001)...
Solving ridge regression (iterative, delta-reg=0.001)...
Solving ridge regression (iterative, delta-reg=0.001)...
Solving ridge regression (iterative, delta-reg=0.001)...
Solving ridge regression (iterative, delta-reg=0.001)...
Solving ridge regression (iterative, delta-reg=0.001)...
Solving ridge regression (iterative, delta-reg=0.001)...
[PnC diagnostic | calib] perturbation_scale=25.0
  Uncorrected shift (mean±std, 50 members): 21.1172 ± 0.7243
  Corrected   shift (mean±std, 50 members): 4.5930 ± 0.1409
  Correction reduction: 78.3%
[grid] (136/162) seed2 s2b1 ps25 bf0.05: ok nll=0.1545 (60s) [elapsed 7329s]
Solving ridge regression (iterative, delta-reg=0.001)...
Solving ridge regression (iterative, delta-reg=0.001)...
Solving ridge regression (iterative, delta-reg=0.001)...
Solving ridge regression (iterative, delta-reg=0.001)...
Solving ridge regression (iterative, delta-reg=0.001)...
Solving ridge regression (iterative, delta-reg=0.001)...
Solving ridge regression (iterative, delta-reg=0.001)...
Solving ridge regression (iterative, delta-reg=0.001)...
Solving ridge regression (iterative, delta-reg=0.001)...
Solving ridge regression (iterative, delta-reg=0.001)...
Solving ridge regression (iterative, delta-reg=0.001)...
Solving ridge regression (iterative, delta-reg=0.001)...
Solving ridge regression (iterative, delta-reg=0.001)...
Solving ridge regression (iterative, delta-reg=0.001)...
Solving ridge regression (iterative, delta-reg=0.001)...
Solving ridge regression (iterative, delta-reg=0.001)...
Solving ridge regression (iterative, delta-reg=0.001)...
Solving ridge regression (iterative, delta-reg=0.001)...
Solving ridge regression (iterative, delta-reg=0.001)...
Solving ridge regression (iterative, delta-reg=0.001)...
Solving ridge regression (iterative, delta-reg=0.001)...
Solving ridge regression (iterative, delta-reg=0.001)...
Solving ridge regression (iterative, delta-reg=0.001)...
Solving ridge regression (iterative, delta-reg=0.001)...
Solving ridge regression (iterative, delta-reg=0.001)...
Solving ridge regression (iterative, delta-reg=0.001)...
Solving ridge regression (iterative, delta-reg=0.001)...
Solving ridge regression (iterative, delta-reg=0.001)...
Solving ridge regression (iterative, delta-reg=0.001)...
Solving ridge regression (iterative, delta-reg=0.001)...
Solving ridge regression (iterative, delta-reg=0.001)...
Solving ridge regression (iterative, delta-reg=0.001)...
Solving ridge regression (iterative, delta-reg=0.001)...
Solving ridge regression (iterative, delta-reg=0.001)...
Solving ridge regression (iterative, delta-reg=0.001)...
Solving ridge regression (iterative, delta-reg=0.001)...
Solving ridge regression (iterative, delta-reg=0.001)...
Solving ridge regression (iterative, delta-reg=0.001)...
Solving ridge regression (iterative, delta-reg=0.001)...
Solving ridge regression (iterative, delta-reg=0.001)...
Solving ridge regression (iterative, delta-reg=0.001)...
Solving ridge regression (iterative, delta-reg=0.001)...
Solving ridge regression (iterative, delta-reg=0.001)...
Solving ridge regression (iterative, delta-reg=0.001)...
Solving ridge regression (iterative, delta-reg=0.001)...
Solving ridge regression (iterative, delta-reg=0.001)...
Solving ridge regression (iterative, delta-reg=0.001)...
Solving ridge regression (iterative, delta-reg=0.001)...
Solving ridge regression (iterative, delta-reg=0.001)...
Solving ridge regression (iterative, delta-reg=0.001)...
[PnC diagnostic | calib] perturbation_scale=25.0
  Uncorrected shift (mean±std, 50 members): 21.1172 ± 0.7243
  Corrected   shift (mean±std, 50 members): 3.0900 ± 0.0340
  Correction reduction: 85.4%
[grid] (137/162) seed2 s2b1 ps25 bf0.1: ok nll=0.1579 (61s) [elapsed 7390s]
Solving ridge regression (iterative, delta-reg=0.001)...
Solving ridge regression (iterative, delta-reg=0.001)...
Solving ridge regression (iterative, delta-reg=0.001)...
Solving ridge regression (iterative, delta-reg=0.001)...
Solving ridge regression (iterative, delta-reg=0.001)...
Solving ridge regression (iterative, delta-reg=0.001)...
Solving ridge regression (iterative, delta-reg=0.001)...
Solving ridge regression (iterative, delta-reg=0.001)...
Solving ridge regression (iterative, delta-reg=0.001)...
Solving ridge regression (iterative, delta-reg=0.001)...
Solving ridge regression (iterative, delta-reg=0.001)...
Solving ridge regression (iterative, delta-reg=0.001)...
Solving ridge regression (iterative, delta-reg=0.001)...
Solving ridge regression (iterative, delta-reg=0.001)...
Solving ridge regression (iterative, delta-reg=0.001)...
Solving ridge regression (iterative, delta-reg=0.001)...
Solving ridge regression (iterative, delta-reg=0.001)...
Solving ridge regression (iterative, delta-reg=0.001)...
Solving ridge regression (iterative, delta-reg=0.001)...
Solving ridge regression (iterative, delta-reg=0.001)...
Solving ridge regression (iterative, delta-reg=0.001)...
Solving ridge regression (iterative, delta-reg=0.001)...
Solving ridge regression (iterative, delta-reg=0.001)...
Solving ridge regression (iterative, delta-reg=0.001)...
Solving ridge regression (iterative, delta-reg=0.001)...
Solving ridge regression (iterative, delta-reg=0.001)...
Solving ridge regression (iterative, delta-reg=0.001)...
Solving ridge regression (iterative, delta-reg=0.001)...
Solving ridge regression (iterative, delta-reg=0.001)...
Solving ridge regression (iterative, delta-reg=0.001)...
Solving ridge regression (iterative, delta-reg=0.001)...
Solving ridge regression (iterative, delta-reg=0.001)...
Solving ridge regression (iterative, delta-reg=0.001)...
Solving ridge regression (iterative, delta-reg=0.001)...
Solving ridge regression (iterative, delta-reg=0.001)...
Solving ridge regression (iterative, delta-reg=0.001)...
Solving ridge regression (iterative, delta-reg=0.001)...
Solving ridge regression (iterative, delta-reg=0.001)...
Solving ridge regression (iterative, delta-reg=0.001)...
Solving ridge regression (iterative, delta-reg=0.001)...
Solving ridge regression (iterative, delta-reg=0.001)...
Solving ridge regression (iterative, delta-reg=0.001)...
Solving ridge regression (iterative, delta-reg=0.001)...
Solving ridge regression (iterative, delta-reg=0.001)...
Solving ridge regression (iterative, delta-reg=0.001)...
Solving ridge regression (iterative, delta-reg=0.001)...
Solving ridge regression (iterative, delta-reg=0.001)...
Solving ridge regression (iterative, delta-reg=0.001)...
Solving ridge regression (iterative, delta-reg=0.001)...
Solving ridge regression (iterative, delta-reg=0.001)...
[PnC diagnostic | calib] perturbation_scale=25.0
  Uncorrected shift (mean±std, 50 members): 21.1172 ± 0.7243
  Corrected   shift (mean±std, 50 members): 2.6575 ± 0.0158
  Correction reduction: 87.4%
[grid] (138/162) seed2 s2b1 ps25 bf0.2: ok nll=0.1600 (62s) [elapsed 7452s]
Solving ridge regression (iterative, delta-reg=0.001)...
Solving ridge regression (iterative, delta-reg=0.001)...
Solving ridge regression (iterative, delta-reg=0.001)...
Solving ridge regression (iterative, delta-reg=0.001)...
Solving ridge regression (iterative, delta-reg=0.001)...
Solving ridge regression (iterative, delta-reg=0.001)...
Solving ridge regression (iterative, delta-reg=0.001)...
Solving ridge regression (iterative, delta-reg=0.001)...
Solving ridge regression (iterative, delta-reg=0.001)...
Solving ridge regression (iterative, delta-reg=0.001)...
Solving ridge regression (iterative, delta-reg=0.001)...
Solving ridge regression (iterative, delta-reg=0.001)...
Solving ridge regression (iterative, delta-reg=0.001)...
Solving ridge regression (iterative, delta-reg=0.001)...
Solving ridge regression (iterative, delta-reg=0.001)...
Solving ridge regression (iterative, delta-reg=0.001)...
Solving ridge regression (iterative, delta-reg=0.001)...
Solving ridge regression (iterative, delta-reg=0.001)...
Solving ridge regression (iterative, delta-reg=0.001)...
Solving ridge regression (iterative, delta-reg=0.001)...
Solving ridge regression (iterative, delta-reg=0.001)...
Solving ridge regression (iterative, delta-reg=0.001)...
Solving ridge regression (iterative, delta-reg=0.001)...
Solving ridge regression (iterative, delta-reg=0.001)...
Solving ridge regression (iterative, delta-reg=0.001)...
Solving ridge regression (iterative, delta-reg=0.001)...
Solving ridge regression (iterative, delta-reg=0.001)...
Solving ridge regression (iterative, delta-reg=0.001)...
Solving ridge regression (iterative, delta-reg=0.001)...
Solving ridge regression (iterative, delta-reg=0.001)...
Solving ridge regression (iterative, delta-reg=0.001)...
Solving ridge regression (iterative, delta-reg=0.001)...
Solving ridge regression (iterative, delta-reg=0.001)...
Solving ridge regression (iterative, delta-reg=0.001)...
Solving ridge regression (iterative, delta-reg=0.001)...
Solving ridge regression (iterative, delta-reg=0.001)...
Solving ridge regression (iterative, delta-reg=0.001)...
Solving ridge regression (iterative, delta-reg=0.001)...
Solving ridge regression (iterative, delta-reg=0.001)...
Solving ridge regression (iterative, delta-reg=0.001)...
Solving ridge regression (iterative, delta-reg=0.001)...
Solving ridge regression (iterative, delta-reg=0.001)...
Solving ridge regression (iterative, delta-reg=0.001)...
Solving ridge regression (iterative, delta-reg=0.001)...
Solving ridge regression (iterative, delta-reg=0.001)...
Solving ridge regression (iterative, delta-reg=0.001)...
Solving ridge regression (iterative, delta-reg=0.001)...
Solving ridge regression (iterative, delta-reg=0.001)...
Solving ridge regression (iterative, delta-reg=0.001)...
Solving ridge regression (iterative, delta-reg=0.001)...
[PnC diagnostic | calib] perturbation_scale=50.0
  Uncorrected shift (mean±std, 50 members): 55.6543 ± 1.6887
  Corrected   shift (mean±std, 50 members): 4.9990 ± 0.1532
  Correction reduction: 91.0%
[grid] (139/162) seed2 s2b1 ps50 bf0.05: ok nll=0.1634 (60s) [elapsed 7512s]
Solving ridge regression (iterative, delta-reg=0.001)...
Solving ridge regression (iterative, delta-reg=0.001)...
Solving ridge regression (iterative, delta-reg=0.001)...
Solving ridge regression (iterative, delta-reg=0.001)...
Solving ridge regression (iterative, delta-reg=0.001)...
Solving ridge regression (iterative, delta-reg=0.001)...
Solving ridge regression (iterative, delta-reg=0.001)...
Solving ridge regression (iterative, delta-reg=0.001)...
Solving ridge regression (iterative, delta-reg=0.001)...
Solving ridge regression (iterative, delta-reg=0.001)...
Solving ridge regression (iterative, delta-reg=0.001)...
Solving ridge regression (iterative, delta-reg=0.001)...
Solving ridge regression (iterative, delta-reg=0.001)...
Solving ridge regression (iterative, delta-reg=0.001)...
Solving ridge regression (iterative, delta-reg=0.001)...
Solving ridge regression (iterative, delta-reg=0.001)...
Solving ridge regression (iterative, delta-reg=0.001)...
Solving ridge regression (iterative, delta-reg=0.001)...
Solving ridge regression (iterative, delta-reg=0.001)...
Solving ridge regression (iterative, delta-reg=0.001)...
Solving ridge regression (iterative, delta-reg=0.001)...
Solving ridge regression (iterative, delta-reg=0.001)...
Solving ridge regression (iterative, delta-reg=0.001)...
Solving ridge regression (iterative, delta-reg=0.001)...
Solving ridge regression (iterative, delta-reg=0.001)...
Solving ridge regression (iterative, delta-reg=0.001)...
Solving ridge regression (iterative, delta-reg=0.001)...
Solving ridge regression (iterative, delta-reg=0.001)...
Solving ridge regression (iterative, delta-reg=0.001)...
Solving ridge regression (iterative, delta-reg=0.001)...
Solving ridge regression (iterative, delta-reg=0.001)...
Solving ridge regression (iterative, delta-reg=0.001)...
Solving ridge regression (iterative, delta-reg=0.001)...
Solving ridge regression (iterative, delta-reg=0.001)...
Solving ridge regression (iterative, delta-reg=0.001)...
Solving ridge regression (iterative, delta-reg=0.001)...
Solving ridge regression (iterative, delta-reg=0.001)...
Solving ridge regression (iterative, delta-reg=0.001)...
Solving ridge regression (iterative, delta-reg=0.001)...
Solving ridge regression (iterative, delta-reg=0.001)...
Solving ridge regression (iterative, delta-reg=0.001)...
Solving ridge regression (iterative, delta-reg=0.001)...
Solving ridge regression (iterative, delta-reg=0.001)...
Solving ridge regression (iterative, delta-reg=0.001)...
Solving ridge regression (iterative, delta-reg=0.001)...
Solving ridge regression (iterative, delta-reg=0.001)...
Solving ridge regression (iterative, delta-reg=0.001)...
Solving ridge regression (iterative, delta-reg=0.001)...
Solving ridge regression (iterative, delta-reg=0.001)...
Solving ridge regression (iterative, delta-reg=0.001)...
[PnC diagnostic | calib] perturbation_scale=50.0
  Uncorrected shift (mean±std, 50 members): 55.6543 ± 1.6887
  Corrected   shift (mean±std, 50 members): 3.3663 ± 0.0388
  Correction reduction: 94.0%
[grid] (140/162) seed2 s2b1 ps50 bf0.1: ok nll=0.1668 (61s) [elapsed 7573s]
Solving ridge regression (iterative, delta-reg=0.001)...
Solving ridge regression (iterative, delta-reg=0.001)...
Solving ridge regression (iterative, delta-reg=0.001)...
Solving ridge regression (iterative, delta-reg=0.001)...
Solving ridge regression (iterative, delta-reg=0.001)...
Solving ridge regression (iterative, delta-reg=0.001)...
Solving ridge regression (iterative, delta-reg=0.001)...
Solving ridge regression (iterative, delta-reg=0.001)...
Solving ridge regression (iterative, delta-reg=0.001)...
Solving ridge regression (iterative, delta-reg=0.001)...
Solving ridge regression (iterative, delta-reg=0.001)...
Solving ridge regression (iterative, delta-reg=0.001)...
Solving ridge regression (iterative, delta-reg=0.001)...
Solving ridge regression (iterative, delta-reg=0.001)...
Solving ridge regression (iterative, delta-reg=0.001)...
Solving ridge regression (iterative, delta-reg=0.001)...
Solving ridge regression (iterative, delta-reg=0.001)...
Solving ridge regression (iterative, delta-reg=0.001)...
Solving ridge regression (iterative, delta-reg=0.001)...
Solving ridge regression (iterative, delta-reg=0.001)...
Solving ridge regression (iterative, delta-reg=0.001)...
Solving ridge regression (iterative, delta-reg=0.001)...
Solving ridge regression (iterative, delta-reg=0.001)...
Solving ridge regression (iterative, delta-reg=0.001)...
Solving ridge regression (iterative, delta-reg=0.001)...
Solving ridge regression (iterative, delta-reg=0.001)...
Solving ridge regression (iterative, delta-reg=0.001)...
Solving ridge regression (iterative, delta-reg=0.001)...
Solving ridge regression (iterative, delta-reg=0.001)...
Solving ridge regression (iterative, delta-reg=0.001)...
Solving ridge regression (iterative, delta-reg=0.001)...
Solving ridge regression (iterative, delta-reg=0.001)...
Solving ridge regression (iterative, delta-reg=0.001)...
Solving ridge regression (iterative, delta-reg=0.001)...
Solving ridge regression (iterative, delta-reg=0.001)...
Solving ridge regression (iterative, delta-reg=0.001)...
Solving ridge regression (iterative, delta-reg=0.001)...
Solving ridge regression (iterative, delta-reg=0.001)...
Solving ridge regression (iterative, delta-reg=0.001)...
Solving ridge regression (iterative, delta-reg=0.001)...
Solving ridge regression (iterative, delta-reg=0.001)...
Solving ridge regression (iterative, delta-reg=0.001)...
Solving ridge regression (iterative, delta-reg=0.001)...
Solving ridge regression (iterative, delta-reg=0.001)...
Solving ridge regression (iterative, delta-reg=0.001)...
Solving ridge regression (iterative, delta-reg=0.001)...
Solving ridge regression (iterative, delta-reg=0.001)...
Solving ridge regression (iterative, delta-reg=0.001)...
Solving ridge regression (iterative, delta-reg=0.001)...
Solving ridge regression (iterative, delta-reg=0.001)...
[PnC diagnostic | calib] perturbation_scale=50.0
  Uncorrected shift (mean±std, 50 members): 55.6543 ± 1.6887
  Corrected   shift (mean±std, 50 members): 2.8989 ± 0.0177
  Correction reduction: 94.8%
[grid] (141/162) seed2 s2b1 ps50 bf0.2: ok nll=0.1693 (62s) [elapsed 7635s]
Solving ridge regression (iterative, delta-reg=0.001)...
Solving ridge regression (iterative, delta-reg=0.001)...
Solving ridge regression (iterative, delta-reg=0.001)...
Solving ridge regression (iterative, delta-reg=0.001)...
Solving ridge regression (iterative, delta-reg=0.001)...
Solving ridge regression (iterative, delta-reg=0.001)...
Solving ridge regression (iterative, delta-reg=0.001)...
Solving ridge regression (iterative, delta-reg=0.001)...
Solving ridge regression (iterative, delta-reg=0.001)...
Solving ridge regression (iterative, delta-reg=0.001)...
Solving ridge regression (iterative, delta-reg=0.001)...
Solving ridge regression (iterative, delta-reg=0.001)...
Solving ridge regression (iterative, delta-reg=0.001)...
Solving ridge regression (iterative, delta-reg=0.001)...
Solving ridge regression (iterative, delta-reg=0.001)...
Solving ridge regression (iterative, delta-reg=0.001)...
Solving ridge regression (iterative, delta-reg=0.001)...
Solving ridge regression (iterative, delta-reg=0.001)...
Solving ridge regression (iterative, delta-reg=0.001)...
Solving ridge regression (iterative, delta-reg=0.001)...
Solving ridge regression (iterative, delta-reg=0.001)...
Solving ridge regression (iterative, delta-reg=0.001)...
Solving ridge regression (iterative, delta-reg=0.001)...
Solving ridge regression (iterative, delta-reg=0.001)...
Solving ridge regression (iterative, delta-reg=0.001)...
Solving ridge regression (iterative, delta-reg=0.001)...
Solving ridge regression (iterative, delta-reg=0.001)...
Solving ridge regression (iterative, delta-reg=0.001)...
Solving ridge regression (iterative, delta-reg=0.001)...
Solving ridge regression (iterative, delta-reg=0.001)...
Solving ridge regression (iterative, delta-reg=0.001)...
Solving ridge regression (iterative, delta-reg=0.001)...
Solving ridge regression (iterative, delta-reg=0.001)...
Solving ridge regression (iterative, delta-reg=0.001)...
Solving ridge regression (iterative, delta-reg=0.001)...
Solving ridge regression (iterative, delta-reg=0.001)...
Solving ridge regression (iterative, delta-reg=0.001)...
Solving ridge regression (iterative, delta-reg=0.001)...
Solving ridge regression (iterative, delta-reg=0.001)...
Solving ridge regression (iterative, delta-reg=0.001)...
Solving ridge regression (iterative, delta-reg=0.001)...
Solving ridge regression (iterative, delta-reg=0.001)...
Solving ridge regression (iterative, delta-reg=0.001)...
Solving ridge regression (iterative, delta-reg=0.001)...
Solving ridge regression (iterative, delta-reg=0.001)...
Solving ridge regression (iterative, delta-reg=0.001)...
Solving ridge regression (iterative, delta-reg=0.001)...
Solving ridge regression (iterative, delta-reg=0.001)...
Solving ridge regression (iterative, delta-reg=0.001)...
Solving ridge regression (iterative, delta-reg=0.001)...
[PnC diagnostic | calib] perturbation_scale=100.0
  Uncorrected shift (mean±std, 50 members): 129.3811 ± 3.6642
  Corrected   shift (mean±std, 50 members): 5.0857 ± 0.1495
  Correction reduction: 96.1%
[grid] (142/162) seed2 s2b1 ps100 bf0.05: ok nll=0.1655 (60s) [elapsed 7695s]
Solving ridge regression (iterative, delta-reg=0.001)...
Solving ridge regression (iterative, delta-reg=0.001)...
Solving ridge regression (iterative, delta-reg=0.001)...
Solving ridge regression (iterative, delta-reg=0.001)...
Solving ridge regression (iterative, delta-reg=0.001)...
Solving ridge regression (iterative, delta-reg=0.001)...
Solving ridge regression (iterative, delta-reg=0.001)...
Solving ridge regression (iterative, delta-reg=0.001)...
Solving ridge regression (iterative, delta-reg=0.001)...
Solving ridge regression (iterative, delta-reg=0.001)...
Solving ridge regression (iterative, delta-reg=0.001)...
Solving ridge regression (iterative, delta-reg=0.001)...
Solving ridge regression (iterative, delta-reg=0.001)...
Solving ridge regression (iterative, delta-reg=0.001)...
Solving ridge regression (iterative, delta-reg=0.001)...
Solving ridge regression (iterative, delta-reg=0.001)...
Solving ridge regression (iterative, delta-reg=0.001)...
Solving ridge regression (iterative, delta-reg=0.001)...
Solving ridge regression (iterative, delta-reg=0.001)...
Solving ridge regression (iterative, delta-reg=0.001)...
Solving ridge regression (iterative, delta-reg=0.001)...
Solving ridge regression (iterative, delta-reg=0.001)...
Solving ridge regression (iterative, delta-reg=0.001)...
Solving ridge regression (iterative, delta-reg=0.001)...
Solving ridge regression (iterative, delta-reg=0.001)...
Solving ridge regression (iterative, delta-reg=0.001)...
Solving ridge regression (iterative, delta-reg=0.001)...
Solving ridge regression (iterative, delta-reg=0.001)...
Solving ridge regression (iterative, delta-reg=0.001)...
Solving ridge regression (iterative, delta-reg=0.001)...
Solving ridge regression (iterative, delta-reg=0.001)...
Solving ridge regression (iterative, delta-reg=0.001)...
Solving ridge regression (iterative, delta-reg=0.001)...
Solving ridge regression (iterative, delta-reg=0.001)...
Solving ridge regression (iterative, delta-reg=0.001)...
Solving ridge regression (iterative, delta-reg=0.001)...
Solving ridge regression (iterative, delta-reg=0.001)...
Solving ridge regression (iterative, delta-reg=0.001)...
Solving ridge regression (iterative, delta-reg=0.001)...
Solving ridge regression (iterative, delta-reg=0.001)...
Solving ridge regression (iterative, delta-reg=0.001)...
Solving ridge regression (iterative, delta-reg=0.001)...
Solving ridge regression (iterative, delta-reg=0.001)...
Solving ridge regression (iterative, delta-reg=0.001)...
Solving ridge regression (iterative, delta-reg=0.001)...
Solving ridge regression (iterative, delta-reg=0.001)...
Solving ridge regression (iterative, delta-reg=0.001)...
Solving ridge regression (iterative, delta-reg=0.001)...
Solving ridge regression (iterative, delta-reg=0.001)...
Solving ridge regression (iterative, delta-reg=0.001)...
[PnC diagnostic | calib] perturbation_scale=100.0
  Uncorrected shift (mean±std, 50 members): 129.3811 ± 3.6642
  Corrected   shift (mean±std, 50 members): 3.4260 ± 0.0408
  Correction reduction: 97.4%
[grid] (143/162) seed2 s2b1 ps100 bf0.1: ok nll=0.1688 (61s) [elapsed 7756s]
Solving ridge regression (iterative, delta-reg=0.001)...
Solving ridge regression (iterative, delta-reg=0.001)...
Solving ridge regression (iterative, delta-reg=0.001)...
Solving ridge regression (iterative, delta-reg=0.001)...
Solving ridge regression (iterative, delta-reg=0.001)...
Solving ridge regression (iterative, delta-reg=0.001)...
Solving ridge regression (iterative, delta-reg=0.001)...
Solving ridge regression (iterative, delta-reg=0.001)...
Solving ridge regression (iterative, delta-reg=0.001)...
Solving ridge regression (iterative, delta-reg=0.001)...
Solving ridge regression (iterative, delta-reg=0.001)...
Solving ridge regression (iterative, delta-reg=0.001)...
Solving ridge regression (iterative, delta-reg=0.001)...
Solving ridge regression (iterative, delta-reg=0.001)...
Solving ridge regression (iterative, delta-reg=0.001)...
Solving ridge regression (iterative, delta-reg=0.001)...
Solving ridge regression (iterative, delta-reg=0.001)...
Solving ridge regression (iterative, delta-reg=0.001)...
Solving ridge regression (iterative, delta-reg=0.001)...
Solving ridge regression (iterative, delta-reg=0.001)...
Solving ridge regression (iterative, delta-reg=0.001)...
Solving ridge regression (iterative, delta-reg=0.001)...
Solving ridge regression (iterative, delta-reg=0.001)...
Solving ridge regression (iterative, delta-reg=0.001)...
Solving ridge regression (iterative, delta-reg=0.001)...
Solving ridge regression (iterative, delta-reg=0.001)...
Solving ridge regression (iterative, delta-reg=0.001)...
Solving ridge regression (iterative, delta-reg=0.001)...
Solving ridge regression (iterative, delta-reg=0.001)...
Solving ridge regression (iterative, delta-reg=0.001)...
Solving ridge regression (iterative, delta-reg=0.001)...
Solving ridge regression (iterative, delta-reg=0.001)...
Solving ridge regression (iterative, delta-reg=0.001)...
Solving ridge regression (iterative, delta-reg=0.001)...
Solving ridge regression (iterative, delta-reg=0.001)...
Solving ridge regression (iterative, delta-reg=0.001)...
Solving ridge regression (iterative, delta-reg=0.001)...
Solving ridge regression (iterative, delta-reg=0.001)...
Solving ridge regression (iterative, delta-reg=0.001)...
Solving ridge regression (iterative, delta-reg=0.001)...
Solving ridge regression (iterative, delta-reg=0.001)...
Solving ridge regression (iterative, delta-reg=0.001)...
Solving ridge regression (iterative, delta-reg=0.001)...
Solving ridge regression (iterative, delta-reg=0.001)...
Solving ridge regression (iterative, delta-reg=0.001)...
Solving ridge regression (iterative, delta-reg=0.001)...
Solving ridge regression (iterative, delta-reg=0.001)...
Solving ridge regression (iterative, delta-reg=0.001)...
Solving ridge regression (iterative, delta-reg=0.001)...
Solving ridge regression (iterative, delta-reg=0.001)...
[PnC diagnostic | calib] perturbation_scale=100.0
  Uncorrected shift (mean±std, 50 members): 129.3811 ± 3.6642
  Corrected   shift (mean±std, 50 members): 2.9511 ± 0.0179
  Correction reduction: 97.7%
[grid] (144/162) seed2 s2b1 ps100 bf0.2: ok nll=0.1713 (62s) [elapsed 7818s]
Solving ridge regression (iterative, delta-reg=0.001)...
Solving ridge regression (iterative, delta-reg=0.001)...
Solving ridge regression (iterative, delta-reg=0.001)...
Solving ridge regression (iterative, delta-reg=0.001)...
Solving ridge regression (iterative, delta-reg=0.001)...
Solving ridge regression (iterative, delta-reg=0.001)...
Solving ridge regression (iterative, delta-reg=0.001)...
Solving ridge regression (iterative, delta-reg=0.001)...
Solving ridge regression (iterative, delta-reg=0.001)...
Solving ridge regression (iterative, delta-reg=0.001)...
Solving ridge regression (iterative, delta-reg=0.001)...
Solving ridge regression (iterative, delta-reg=0.001)...
Solving ridge regression (iterative, delta-reg=0.001)...
Solving ridge regression (iterative, delta-reg=0.001)...
Solving ridge regression (iterative, delta-reg=0.001)...
Solving ridge regression (iterative, delta-reg=0.001)...
Solving ridge regression (iterative, delta-reg=0.001)...
Solving ridge regression (iterative, delta-reg=0.001)...
Solving ridge regression (iterative, delta-reg=0.001)...
Solving ridge regression (iterative, delta-reg=0.001)...
Solving ridge regression (iterative, delta-reg=0.001)...
Solving ridge regression (iterative, delta-reg=0.001)...
Solving ridge regression (iterative, delta-reg=0.001)...
Solving ridge regression (iterative, delta-reg=0.001)...
Solving ridge regression (iterative, delta-reg=0.001)...
Solving ridge regression (iterative, delta-reg=0.001)...
Solving ridge regression (iterative, delta-reg=0.001)...
Solving ridge regression (iterative, delta-reg=0.001)...
Solving ridge regression (iterative, delta-reg=0.001)...
Solving ridge regression (iterative, delta-reg=0.001)...
Solving ridge regression (iterative, delta-reg=0.001)...
Solving ridge regression (iterative, delta-reg=0.001)...
Solving ridge regression (iterative, delta-reg=0.001)...
Solving ridge regression (iterative, delta-reg=0.001)...
Solving ridge regression (iterative, delta-reg=0.001)...
Solving ridge regression (iterative, delta-reg=0.001)...
Solving ridge regression (iterative, delta-reg=0.001)...
Solving ridge regression (iterative, delta-reg=0.001)...
Solving ridge regression (iterative, delta-reg=0.001)...
Solving ridge regression (iterative, delta-reg=0.001)...
Solving ridge regression (iterative, delta-reg=0.001)...
Solving ridge regression (iterative, delta-reg=0.001)...
Solving ridge regression (iterative, delta-reg=0.001)...
Solving ridge regression (iterative, delta-reg=0.001)...
Solving ridge regression (iterative, delta-reg=0.001)...
Solving ridge regression (iterative, delta-reg=0.001)...
Solving ridge regression (iterative, delta-reg=0.001)...
Solving ridge regression (iterative, delta-reg=0.001)...
Solving ridge regression (iterative, delta-reg=0.001)...
Solving ridge regression (iterative, delta-reg=0.001)...
[PnC diagnostic | calib] perturbation_scale=25.0
  Uncorrected shift (mean±std, 50 members): 4.4771 ± 0.1238
  Corrected   shift (mean±std, 50 members): 1.2884 ± 0.0247
  Correction reduction: 71.2%
[grid] (145/162) seed2 s3b0 ps25 bf0.05: ok nll=0.1322 (44s) [elapsed 7862s]
Solving ridge regression (iterative, delta-reg=0.001)...
Solving ridge regression (iterative, delta-reg=0.001)...
Solving ridge regression (iterative, delta-reg=0.001)...
Solving ridge regression (iterative, delta-reg=0.001)...
Solving ridge regression (iterative, delta-reg=0.001)...
Solving ridge regression (iterative, delta-reg=0.001)...
Solving ridge regression (iterative, delta-reg=0.001)...
Solving ridge regression (iterative, delta-reg=0.001)...
Solving ridge regression (iterative, delta-reg=0.001)...
Solving ridge regression (iterative, delta-reg=0.001)...
Solving ridge regression (iterative, delta-reg=0.001)...
Solving ridge regression (iterative, delta-reg=0.001)...
Solving ridge regression (iterative, delta-reg=0.001)...
Solving ridge regression (iterative, delta-reg=0.001)...
Solving ridge regression (iterative, delta-reg=0.001)...
Solving ridge regression (iterative, delta-reg=0.001)...
Solving ridge regression (iterative, delta-reg=0.001)...
Solving ridge regression (iterative, delta-reg=0.001)...
Solving ridge regression (iterative, delta-reg=0.001)...
Solving ridge regression (iterative, delta-reg=0.001)...
Solving ridge regression (iterative, delta-reg=0.001)...
Solving ridge regression (iterative, delta-reg=0.001)...
Solving ridge regression (iterative, delta-reg=0.001)...
Solving ridge regression (iterative, delta-reg=0.001)...
Solving ridge regression (iterative, delta-reg=0.001)...
Solving ridge regression (iterative, delta-reg=0.001)...
Solving ridge regression (iterative, delta-reg=0.001)...
Solving ridge regression (iterative, delta-reg=0.001)...
Solving ridge regression (iterative, delta-reg=0.001)...
Solving ridge regression (iterative, delta-reg=0.001)...
Solving ridge regression (iterative, delta-reg=0.001)...
Solving ridge regression (iterative, delta-reg=0.001)...
Solving ridge regression (iterative, delta-reg=0.001)...
Solving ridge regression (iterative, delta-reg=0.001)...
Solving ridge regression (iterative, delta-reg=0.001)...
Solving ridge regression (iterative, delta-reg=0.001)...
Solving ridge regression (iterative, delta-reg=0.001)...
Solving ridge regression (iterative, delta-reg=0.001)...
Solving ridge regression (iterative, delta-reg=0.001)...
Solving ridge regression (iterative, delta-reg=0.001)...
Solving ridge regression (iterative, delta-reg=0.001)...
Solving ridge regression (iterative, delta-reg=0.001)...
Solving ridge regression (iterative, delta-reg=0.001)...
Solving ridge regression (iterative, delta-reg=0.001)...
Solving ridge regression (iterative, delta-reg=0.001)...
Solving ridge regression (iterative, delta-reg=0.001)...
Solving ridge regression (iterative, delta-reg=0.001)...
Solving ridge regression (iterative, delta-reg=0.001)...
Solving ridge regression (iterative, delta-reg=0.001)...
Solving ridge regression (iterative, delta-reg=0.001)...
[PnC diagnostic | calib] perturbation_scale=25.0
  Uncorrected shift (mean±std, 50 members): 4.4771 ± 0.1238
  Corrected   shift (mean±std, 50 members): 1.4498 ± 0.1242
  Correction reduction: 67.6%
[grid] (146/162) seed2 s3b0 ps25 bf0.1: ok nll=0.1382 (45s) [elapsed 7906s]
Solving ridge regression (iterative, delta-reg=0.001)...
Solving ridge regression (iterative, delta-reg=0.001)...
Solving ridge regression (iterative, delta-reg=0.001)...
Solving ridge regression (iterative, delta-reg=0.001)...
Solving ridge regression (iterative, delta-reg=0.001)...
Solving ridge regression (iterative, delta-reg=0.001)...
Solving ridge regression (iterative, delta-reg=0.001)...
Solving ridge regression (iterative, delta-reg=0.001)...
Solving ridge regression (iterative, delta-reg=0.001)...
Solving ridge regression (iterative, delta-reg=0.001)...
Solving ridge regression (iterative, delta-reg=0.001)...
Solving ridge regression (iterative, delta-reg=0.001)...
Solving ridge regression (iterative, delta-reg=0.001)...
Solving ridge regression (iterative, delta-reg=0.001)...
Solving ridge regression (iterative, delta-reg=0.001)...
Solving ridge regression (iterative, delta-reg=0.001)...
Solving ridge regression (iterative, delta-reg=0.001)...
Solving ridge regression (iterative, delta-reg=0.001)...
Solving ridge regression (iterative, delta-reg=0.001)...
Solving ridge regression (iterative, delta-reg=0.001)...
Solving ridge regression (iterative, delta-reg=0.001)...
Solving ridge regression (iterative, delta-reg=0.001)...
Solving ridge regression (iterative, delta-reg=0.001)...
Solving ridge regression (iterative, delta-reg=0.001)...
Solving ridge regression (iterative, delta-reg=0.001)...
Solving ridge regression (iterative, delta-reg=0.001)...
Solving ridge regression (iterative, delta-reg=0.001)...
Solving ridge regression (iterative, delta-reg=0.001)...
Solving ridge regression (iterative, delta-reg=0.001)...
Solving ridge regression (iterative, delta-reg=0.001)...
Solving ridge regression (iterative, delta-reg=0.001)...
Solving ridge regression (iterative, delta-reg=0.001)...
Solving ridge regression (iterative, delta-reg=0.001)...
Solving ridge regression (iterative, delta-reg=0.001)...
Solving ridge regression (iterative, delta-reg=0.001)...
Solving ridge regression (iterative, delta-reg=0.001)...
Solving ridge regression (iterative, delta-reg=0.001)...
Solving ridge regression (iterative, delta-reg=0.001)...
Solving ridge regression (iterative, delta-reg=0.001)...
Solving ridge regression (iterative, delta-reg=0.001)...
Solving ridge regression (iterative, delta-reg=0.001)...
Solving ridge regression (iterative, delta-reg=0.001)...
Solving ridge regression (iterative, delta-reg=0.001)...
Solving ridge regression (iterative, delta-reg=0.001)...
Solving ridge regression (iterative, delta-reg=0.001)...
Solving ridge regression (iterative, delta-reg=0.001)...
Solving ridge regression (iterative, delta-reg=0.001)...
Solving ridge regression (iterative, delta-reg=0.001)...
Solving ridge regression (iterative, delta-reg=0.001)...
Solving ridge regression (iterative, delta-reg=0.001)...
[PnC diagnostic | calib] perturbation_scale=25.0
  Uncorrected shift (mean±std, 50 members): 4.4771 ± 0.1238
  Corrected   shift (mean±std, 50 members): 1.5782 ± 0.1765
  Correction reduction: 64.7%
[grid] (147/162) seed2 s3b0 ps25 bf0.2: ok nll=0.1486 (45s) [elapsed 7951s]
Solving ridge regression (iterative, delta-reg=0.001)...
Solving ridge regression (iterative, delta-reg=0.001)...
Solving ridge regression (iterative, delta-reg=0.001)...
Solving ridge regression (iterative, delta-reg=0.001)...
Solving ridge regression (iterative, delta-reg=0.001)...
Solving ridge regression (iterative, delta-reg=0.001)...
Solving ridge regression (iterative, delta-reg=0.001)...
Solving ridge regression (iterative, delta-reg=0.001)...
Solving ridge regression (iterative, delta-reg=0.001)...
Solving ridge regression (iterative, delta-reg=0.001)...
Solving ridge regression (iterative, delta-reg=0.001)...
Solving ridge regression (iterative, delta-reg=0.001)...
Solving ridge regression (iterative, delta-reg=0.001)...
Solving ridge regression (iterative, delta-reg=0.001)...
Solving ridge regression (iterative, delta-reg=0.001)...
Solving ridge regression (iterative, delta-reg=0.001)...
Solving ridge regression (iterative, delta-reg=0.001)...
Solving ridge regression (iterative, delta-reg=0.001)...
Solving ridge regression (iterative, delta-reg=0.001)...
Solving ridge regression (iterative, delta-reg=0.001)...
Solving ridge regression (iterative, delta-reg=0.001)...
Solving ridge regression (iterative, delta-reg=0.001)...
Solving ridge regression (iterative, delta-reg=0.001)...
Solving ridge regression (iterative, delta-reg=0.001)...
Solving ridge regression (iterative, delta-reg=0.001)...
Solving ridge regression (iterative, delta-reg=0.001)...
Solving ridge regression (iterative, delta-reg=0.001)...
Solving ridge regression (iterative, delta-reg=0.001)...
Solving ridge regression (iterative, delta-reg=0.001)...
Solving ridge regression (iterative, delta-reg=0.001)...
Solving ridge regression (iterative, delta-reg=0.001)...
Solving ridge regression (iterative, delta-reg=0.001)...
Solving ridge regression (iterative, delta-reg=0.001)...
Solving ridge regression (iterative, delta-reg=0.001)...
Solving ridge regression (iterative, delta-reg=0.001)...
Solving ridge regression (iterative, delta-reg=0.001)...
Solving ridge regression (iterative, delta-reg=0.001)...
Solving ridge regression (iterative, delta-reg=0.001)...
Solving ridge regression (iterative, delta-reg=0.001)...
Solving ridge regression (iterative, delta-reg=0.001)...
Solving ridge regression (iterative, delta-reg=0.001)...
Solving ridge regression (iterative, delta-reg=0.001)...
Solving ridge regression (iterative, delta-reg=0.001)...
Solving ridge regression (iterative, delta-reg=0.001)...
Solving ridge regression (iterative, delta-reg=0.001)...
Solving ridge regression (iterative, delta-reg=0.001)...
Solving ridge regression (iterative, delta-reg=0.001)...
Solving ridge regression (iterative, delta-reg=0.001)...
Solving ridge regression (iterative, delta-reg=0.001)...
Solving ridge regression (iterative, delta-reg=0.001)...
[PnC diagnostic | calib] perturbation_scale=50.0
  Uncorrected shift (mean±std, 50 members): 12.5778 ± 0.2896
  Corrected   shift (mean±std, 50 members): 5.3389 ± 0.4038
  Correction reduction: 57.6%
[grid] (148/162) seed2 s3b0 ps50 bf0.05: ok nll=1.7115 (44s) [elapsed 7995s]
Solving ridge regression (iterative, delta-reg=0.001)...
Solving ridge regression (iterative, delta-reg=0.001)...
Solving ridge regression (iterative, delta-reg=0.001)...
Solving ridge regression (iterative, delta-reg=0.001)...
Solving ridge regression (iterative, delta-reg=0.001)...
Solving ridge regression (iterative, delta-reg=0.001)...
Solving ridge regression (iterative, delta-reg=0.001)...
Solving ridge regression (iterative, delta-reg=0.001)...
Solving ridge regression (iterative, delta-reg=0.001)...
Solving ridge regression (iterative, delta-reg=0.001)...
Solving ridge regression (iterative, delta-reg=0.001)...
Solving ridge regression (iterative, delta-reg=0.001)...
Solving ridge regression (iterative, delta-reg=0.001)...
Solving ridge regression (iterative, delta-reg=0.001)...
Solving ridge regression (iterative, delta-reg=0.001)...
Solving ridge regression (iterative, delta-reg=0.001)...
Solving ridge regression (iterative, delta-reg=0.001)...
Solving ridge regression (iterative, delta-reg=0.001)...
Solving ridge regression (iterative, delta-reg=0.001)...
Solving ridge regression (iterative, delta-reg=0.001)...
Solving ridge regression (iterative, delta-reg=0.001)...
Solving ridge regression (iterative, delta-reg=0.001)...
Solving ridge regression (iterative, delta-reg=0.001)...
Solving ridge regression (iterative, delta-reg=0.001)...
Solving ridge regression (iterative, delta-reg=0.001)...
Solving ridge regression (iterative, delta-reg=0.001)...
Solving ridge regression (iterative, delta-reg=0.001)...
Solving ridge regression (iterative, delta-reg=0.001)...
Solving ridge regression (iterative, delta-reg=0.001)...
Solving ridge regression (iterative, delta-reg=0.001)...
Solving ridge regression (iterative, delta-reg=0.001)...
Solving ridge regression (iterative, delta-reg=0.001)...
Solving ridge regression (iterative, delta-reg=0.001)...
Solving ridge regression (iterative, delta-reg=0.001)...
Solving ridge regression (iterative, delta-reg=0.001)...
Solving ridge regression (iterative, delta-reg=0.001)...
Solving ridge regression (iterative, delta-reg=0.001)...
Solving ridge regression (iterative, delta-reg=0.001)...
Solving ridge regression (iterative, delta-reg=0.001)...
Solving ridge regression (iterative, delta-reg=0.001)...
Solving ridge regression (iterative, delta-reg=0.001)...
Solving ridge regression (iterative, delta-reg=0.001)...
Solving ridge regression (iterative, delta-reg=0.001)...
Solving ridge regression (iterative, delta-reg=0.001)...
Solving ridge regression (iterative, delta-reg=0.001)...
Solving ridge regression (iterative, delta-reg=0.001)...
Solving ridge regression (iterative, delta-reg=0.001)...
Solving ridge regression (iterative, delta-reg=0.001)...
Solving ridge regression (iterative, delta-reg=0.001)...
Solving ridge regression (iterative, delta-reg=0.001)...
[PnC diagnostic | calib] perturbation_scale=50.0
  Uncorrected shift (mean±std, 50 members): 12.5778 ± 0.2896
  Corrected   shift (mean±std, 50 members): 5.0968 ± 0.1965
  Correction reduction: 59.5%
[grid] (149/162) seed2 s3b0 ps50 bf0.1: ok nll=1.9924 (44s) [elapsed 8039s]
Solving ridge regression (iterative, delta-reg=0.001)...
Solving ridge regression (iterative, delta-reg=0.001)...
Solving ridge regression (iterative, delta-reg=0.001)...
Solving ridge regression (iterative, delta-reg=0.001)...
Solving ridge regression (iterative, delta-reg=0.001)...
Solving ridge regression (iterative, delta-reg=0.001)...
Solving ridge regression (iterative, delta-reg=0.001)...
Solving ridge regression (iterative, delta-reg=0.001)...
Solving ridge regression (iterative, delta-reg=0.001)...
Solving ridge regression (iterative, delta-reg=0.001)...
Solving ridge regression (iterative, delta-reg=0.001)...
Solving ridge regression (iterative, delta-reg=0.001)...
Solving ridge regression (iterative, delta-reg=0.001)...
Solving ridge regression (iterative, delta-reg=0.001)...
Solving ridge regression (iterative, delta-reg=0.001)...
Solving ridge regression (iterative, delta-reg=0.001)...
Solving ridge regression (iterative, delta-reg=0.001)...
Solving ridge regression (iterative, delta-reg=0.001)...
Solving ridge regression (iterative, delta-reg=0.001)...
Solving ridge regression (iterative, delta-reg=0.001)...
Solving ridge regression (iterative, delta-reg=0.001)...
Solving ridge regression (iterative, delta-reg=0.001)...
Solving ridge regression (iterative, delta-reg=0.001)...
Solving ridge regression (iterative, delta-reg=0.001)...
Solving ridge regression (iterative, delta-reg=0.001)...
Solving ridge regression (iterative, delta-reg=0.001)...
Solving ridge regression (iterative, delta-reg=0.001)...
Solving ridge regression (iterative, delta-reg=0.001)...
Solving ridge regression (iterative, delta-reg=0.001)...
Solving ridge regression (iterative, delta-reg=0.001)...
Solving ridge regression (iterative, delta-reg=0.001)...
Solving ridge regression (iterative, delta-reg=0.001)...
Solving ridge regression (iterative, delta-reg=0.001)...
Solving ridge regression (iterative, delta-reg=0.001)...
Solving ridge regression (iterative, delta-reg=0.001)...
Solving ridge regression (iterative, delta-reg=0.001)...
Solving ridge regression (iterative, delta-reg=0.001)...
Solving ridge regression (iterative, delta-reg=0.001)...
Solving ridge regression (iterative, delta-reg=0.001)...
Solving ridge regression (iterative, delta-reg=0.001)...
Solving ridge regression (iterative, delta-reg=0.001)...
Solving ridge regression (iterative, delta-reg=0.001)...
Solving ridge regression (iterative, delta-reg=0.001)...
Solving ridge regression (iterative, delta-reg=0.001)...
Solving ridge regression (iterative, delta-reg=0.001)...
Solving ridge regression (iterative, delta-reg=0.001)...
Solving ridge regression (iterative, delta-reg=0.001)...
Solving ridge regression (iterative, delta-reg=0.001)...
Solving ridge regression (iterative, delta-reg=0.001)...
Solving ridge regression (iterative, delta-reg=0.001)...
[PnC diagnostic | calib] perturbation_scale=50.0
  Uncorrected shift (mean±std, 50 members): 12.5778 ± 0.2896
  Corrected   shift (mean±std, 50 members): 6.0327 ± 0.2862
  Correction reduction: 52.0%
[grid] (150/162) seed2 s3b0 ps50 bf0.2: ok nll=2.2608 (45s) [elapsed 8084s]
Solving ridge regression (iterative, delta-reg=0.001)...
Solving ridge regression (iterative, delta-reg=0.001)...
Solving ridge regression (iterative, delta-reg=0.001)...
Solving ridge regression (iterative, delta-reg=0.001)...
Solving ridge regression (iterative, delta-reg=0.001)...
Solving ridge regression (iterative, delta-reg=0.001)...
Solving ridge regression (iterative, delta-reg=0.001)...
Solving ridge regression (iterative, delta-reg=0.001)...
Solving ridge regression (iterative, delta-reg=0.001)...
Solving ridge regression (iterative, delta-reg=0.001)...
Solving ridge regression (iterative, delta-reg=0.001)...
Solving ridge regression (iterative, delta-reg=0.001)...
Solving ridge regression (iterative, delta-reg=0.001)...
Solving ridge regression (iterative, delta-reg=0.001)...
Solving ridge regression (iterative, delta-reg=0.001)...
Solving ridge regression (iterative, delta-reg=0.001)...
Solving ridge regression (iterative, delta-reg=0.001)...
Solving ridge regression (iterative, delta-reg=0.001)...
Solving ridge regression (iterative, delta-reg=0.001)...
Solving ridge regression (iterative, delta-reg=0.001)...
Solving ridge regression (iterative, delta-reg=0.001)...
Solving ridge regression (iterative, delta-reg=0.001)...
Solving ridge regression (iterative, delta-reg=0.001)...
Solving ridge regression (iterative, delta-reg=0.001)...
Solving ridge regression (iterative, delta-reg=0.001)...
Solving ridge regression (iterative, delta-reg=0.001)...
Solving ridge regression (iterative, delta-reg=0.001)...
Solving ridge regression (iterative, delta-reg=0.001)...
Solving ridge regression (iterative, delta-reg=0.001)...
Solving ridge regression (iterative, delta-reg=0.001)...
Solving ridge regression (iterative, delta-reg=0.001)...
Solving ridge regression (iterative, delta-reg=0.001)...
Solving ridge regression (iterative, delta-reg=0.001)...
Solving ridge regression (iterative, delta-reg=0.001)...
Solving ridge regression (iterative, delta-reg=0.001)...
Solving ridge regression (iterative, delta-reg=0.001)...
Solving ridge regression (iterative, delta-reg=0.001)...
Solving ridge regression (iterative, delta-reg=0.001)...
Solving ridge regression (iterative, delta-reg=0.001)...
Solving ridge regression (iterative, delta-reg=0.001)...
Solving ridge regression (iterative, delta-reg=0.001)...
Solving ridge regression (iterative, delta-reg=0.001)...
Solving ridge regression (iterative, delta-reg=0.001)...
Solving ridge regression (iterative, delta-reg=0.001)...
Solving ridge regression (iterative, delta-reg=0.001)...
Solving ridge regression (iterative, delta-reg=0.001)...
Solving ridge regression (iterative, delta-reg=0.001)...
Solving ridge regression (iterative, delta-reg=0.001)...
Solving ridge regression (iterative, delta-reg=0.001)...
Solving ridge regression (iterative, delta-reg=0.001)...
[PnC diagnostic | calib] perturbation_scale=100.0
  Uncorrected shift (mean±std, 50 members): 30.4247 ± 0.6303
  Corrected   shift (mean±std, 50 members): 2416.0136 ± 5422.6747
  Correction reduction: -7841.0%
[grid] (151/162) seed2 s3b0 ps100 bf0.05: ok nll=3.7885 (44s) [elapsed 8128s]
Solving ridge regression (iterative, delta-reg=0.001)...
Solving ridge regression (iterative, delta-reg=0.001)...
Solving ridge regression (iterative, delta-reg=0.001)...
Solving ridge regression (iterative, delta-reg=0.001)...
Solving ridge regression (iterative, delta-reg=0.001)...
Solving ridge regression (iterative, delta-reg=0.001)...
Solving ridge regression (iterative, delta-reg=0.001)...
Solving ridge regression (iterative, delta-reg=0.001)...
Solving ridge regression (iterative, delta-reg=0.001)...
Solving ridge regression (iterative, delta-reg=0.001)...
Solving ridge regression (iterative, delta-reg=0.001)...
Solving ridge regression (iterative, delta-reg=0.001)...
Solving ridge regression (iterative, delta-reg=0.001)...
Solving ridge regression (iterative, delta-reg=0.001)...
Solving ridge regression (iterative, delta-reg=0.001)...
Solving ridge regression (iterative, delta-reg=0.001)...
Solving ridge regression (iterative, delta-reg=0.001)...
Solving ridge regression (iterative, delta-reg=0.001)...
Solving ridge regression (iterative, delta-reg=0.001)...
Solving ridge regression (iterative, delta-reg=0.001)...
Solving ridge regression (iterative, delta-reg=0.001)...
Solving ridge regression (iterative, delta-reg=0.001)...
Solving ridge regression (iterative, delta-reg=0.001)...
Solving ridge regression (iterative, delta-reg=0.001)...
Solving ridge regression (iterative, delta-reg=0.001)...
Solving ridge regression (iterative, delta-reg=0.001)...
Solving ridge regression (iterative, delta-reg=0.001)...
Solving ridge regression (iterative, delta-reg=0.001)...
Solving ridge regression (iterative, delta-reg=0.001)...
Solving ridge regression (iterative, delta-reg=0.001)...
Solving ridge regression (iterative, delta-reg=0.001)...
Solving ridge regression (iterative, delta-reg=0.001)...
Solving ridge regression (iterative, delta-reg=0.001)...
Solving ridge regression (iterative, delta-reg=0.001)...
Solving ridge regression (iterative, delta-reg=0.001)...
Solving ridge regression (iterative, delta-reg=0.001)...
Solving ridge regression (iterative, delta-reg=0.001)...
Solving ridge regression (iterative, delta-reg=0.001)...
Solving ridge regression (iterative, delta-reg=0.001)...
Solving ridge regression (iterative, delta-reg=0.001)...
Solving ridge regression (iterative, delta-reg=0.001)...
Solving ridge regression (iterative, delta-reg=0.001)...
Solving ridge regression (iterative, delta-reg=0.001)...
Solving ridge regression (iterative, delta-reg=0.001)...
Solving ridge regression (iterative, delta-reg=0.001)...
Solving ridge regression (iterative, delta-reg=0.001)...
Solving ridge regression (iterative, delta-reg=0.001)...
Solving ridge regression (iterative, delta-reg=0.001)...
Solving ridge regression (iterative, delta-reg=0.001)...
Solving ridge regression (iterative, delta-reg=0.001)...
[PnC diagnostic | calib] perturbation_scale=100.0
  Uncorrected shift (mean±std, 50 members): 30.4247 ± 0.6303
  Corrected   shift (mean±std, 50 members): 5364.5938 ± 8433.0282
  Correction reduction: -17532.4%
[grid] (152/162) seed2 s3b0 ps100 bf0.1: ok nll=5.7275 (44s) [elapsed 8172s]
Solving ridge regression (iterative, delta-reg=0.001)...
Solving ridge regression (iterative, delta-reg=0.001)...
Solving ridge regression (iterative, delta-reg=0.001)...
Solving ridge regression (iterative, delta-reg=0.001)...
Solving ridge regression (iterative, delta-reg=0.001)...
Solving ridge regression (iterative, delta-reg=0.001)...
Solving ridge regression (iterative, delta-reg=0.001)...
Solving ridge regression (iterative, delta-reg=0.001)...
Solving ridge regression (iterative, delta-reg=0.001)...
Solving ridge regression (iterative, delta-reg=0.001)...
Solving ridge regression (iterative, delta-reg=0.001)...
Solving ridge regression (iterative, delta-reg=0.001)...
Solving ridge regression (iterative, delta-reg=0.001)...
Solving ridge regression (iterative, delta-reg=0.001)...
Solving ridge regression (iterative, delta-reg=0.001)...
Solving ridge regression (iterative, delta-reg=0.001)...
Solving ridge regression (iterative, delta-reg=0.001)...
Solving ridge regression (iterative, delta-reg=0.001)...
Solving ridge regression (iterative, delta-reg=0.001)...
Solving ridge regression (iterative, delta-reg=0.001)...
Solving ridge regression (iterative, delta-reg=0.001)...
Solving ridge regression (iterative, delta-reg=0.001)...
Solving ridge regression (iterative, delta-reg=0.001)...
Solving ridge regression (iterative, delta-reg=0.001)...
Solving ridge regression (iterative, delta-reg=0.001)...
Solving ridge regression (iterative, delta-reg=0.001)...
Solving ridge regression (iterative, delta-reg=0.001)...
Solving ridge regression (iterative, delta-reg=0.001)...
Solving ridge regression (iterative, delta-reg=0.001)...
Solving ridge regression (iterative, delta-reg=0.001)...
Solving ridge regression (iterative, delta-reg=0.001)...
Solving ridge regression (iterative, delta-reg=0.001)...
Solving ridge regression (iterative, delta-reg=0.001)...
Solving ridge regression (iterative, delta-reg=0.001)...
Solving ridge regression (iterative, delta-reg=0.001)...
Solving ridge regression (iterative, delta-reg=0.001)...
Solving ridge regression (iterative, delta-reg=0.001)...
Solving ridge regression (iterative, delta-reg=0.001)...
Solving ridge regression (iterative, delta-reg=0.001)...
Solving ridge regression (iterative, delta-reg=0.001)...
Solving ridge regression (iterative, delta-reg=0.001)...
Solving ridge regression (iterative, delta-reg=0.001)...
Solving ridge regression (iterative, delta-reg=0.001)...
Solving ridge regression (iterative, delta-reg=0.001)...
Solving ridge regression (iterative, delta-reg=0.001)...
Solving ridge regression (iterative, delta-reg=0.001)...
Solving ridge regression (iterative, delta-reg=0.001)...
Solving ridge regression (iterative, delta-reg=0.001)...
Solving ridge regression (iterative, delta-reg=0.001)...
Solving ridge regression (iterative, delta-reg=0.001)...
[PnC diagnostic | calib] perturbation_scale=100.0
  Uncorrected shift (mean±std, 50 members): 30.4247 ± 0.6303
  Corrected   shift (mean±std, 50 members): 7166.6005 ± 15546.1619
  Correction reduction: -23455.2%
[grid] (153/162) seed2 s3b0 ps100 bf0.2: ok nll=5.6802 (44s) [elapsed 8216s]
Solving ridge regression (iterative, delta-reg=0.001)...
Solving ridge regression (iterative, delta-reg=0.001)...
Solving ridge regression (iterative, delta-reg=0.001)...
Solving ridge regression (iterative, delta-reg=0.001)...
Solving ridge regression (iterative, delta-reg=0.001)...
Solving ridge regression (iterative, delta-reg=0.001)...
Solving ridge regression (iterative, delta-reg=0.001)...
Solving ridge regression (iterative, delta-reg=0.001)...
Solving ridge regression (iterative, delta-reg=0.001)...
Solving ridge regression (iterative, delta-reg=0.001)...
Solving ridge regression (iterative, delta-reg=0.001)...
Solving ridge regression (iterative, delta-reg=0.001)...
Solving ridge regression (iterative, delta-reg=0.001)...
Solving ridge regression (iterative, delta-reg=0.001)...
Solving ridge regression (iterative, delta-reg=0.001)...
Solving ridge regression (iterative, delta-reg=0.001)...
Solving ridge regression (iterative, delta-reg=0.001)...
Solving ridge regression (iterative, delta-reg=0.001)...
Solving ridge regression (iterative, delta-reg=0.001)...
Solving ridge regression (iterative, delta-reg=0.001)...
Solving ridge regression (iterative, delta-reg=0.001)...
Solving ridge regression (iterative, delta-reg=0.001)...
Solving ridge regression (iterative, delta-reg=0.001)...
Solving ridge regression (iterative, delta-reg=0.001)...
Solving ridge regression (iterative, delta-reg=0.001)...
Solving ridge regression (iterative, delta-reg=0.001)...
Solving ridge regression (iterative, delta-reg=0.001)...
Solving ridge regression (iterative, delta-reg=0.001)...
Solving ridge regression (iterative, delta-reg=0.001)...
Solving ridge regression (iterative, delta-reg=0.001)...
Solving ridge regression (iterative, delta-reg=0.001)...
Solving ridge regression (iterative, delta-reg=0.001)...
Solving ridge regression (iterative, delta-reg=0.001)...
Solving ridge regression (iterative, delta-reg=0.001)...
Solving ridge regression (iterative, delta-reg=0.001)...
Solving ridge regression (iterative, delta-reg=0.001)...
Solving ridge regression (iterative, delta-reg=0.001)...
Solving ridge regression (iterative, delta-reg=0.001)...
Solving ridge regression (iterative, delta-reg=0.001)...
Solving ridge regression (iterative, delta-reg=0.001)...
Solving ridge regression (iterative, delta-reg=0.001)...
Solving ridge regression (iterative, delta-reg=0.001)...
Solving ridge regression (iterative, delta-reg=0.001)...
Solving ridge regression (iterative, delta-reg=0.001)...
Solving ridge regression (iterative, delta-reg=0.001)...
Solving ridge regression (iterative, delta-reg=0.001)...
Solving ridge regression (iterative, delta-reg=0.001)...
Solving ridge regression (iterative, delta-reg=0.001)...
Solving ridge regression (iterative, delta-reg=0.001)...
Solving ridge regression (iterative, delta-reg=0.001)...
[PnC diagnostic | calib] perturbation_scale=25.0
  Uncorrected shift (mean±std, 50 members): 1.7228 ± 0.0937
  Corrected   shift (mean±std, 50 members): 0.7028 ± 0.0316
  Correction reduction: 59.2%
[grid] (154/162) seed2 s3b1 ps25 bf0.05: ok nll=0.1362 (46s) [elapsed 8262s]
Solving ridge regression (iterative, delta-reg=0.001)...
Solving ridge regression (iterative, delta-reg=0.001)...
Solving ridge regression (iterative, delta-reg=0.001)...
Solving ridge regression (iterative, delta-reg=0.001)...
Solving ridge regression (iterative, delta-reg=0.001)...
Solving ridge regression (iterative, delta-reg=0.001)...
Solving ridge regression (iterative, delta-reg=0.001)...
Solving ridge regression (iterative, delta-reg=0.001)...
Solving ridge regression (iterative, delta-reg=0.001)...
Solving ridge regression (iterative, delta-reg=0.001)...
Solving ridge regression (iterative, delta-reg=0.001)...
Solving ridge regression (iterative, delta-reg=0.001)...
Solving ridge regression (iterative, delta-reg=0.001)...
Solving ridge regression (iterative, delta-reg=0.001)...
Solving ridge regression (iterative, delta-reg=0.001)...
Solving ridge regression (iterative, delta-reg=0.001)...
Solving ridge regression (iterative, delta-reg=0.001)...
Solving ridge regression (iterative, delta-reg=0.001)...
Solving ridge regression (iterative, delta-reg=0.001)...
Solving ridge regression (iterative, delta-reg=0.001)...
Solving ridge regression (iterative, delta-reg=0.001)...
Solving ridge regression (iterative, delta-reg=0.001)...
Solving ridge regression (iterative, delta-reg=0.001)...
Solving ridge regression (iterative, delta-reg=0.001)...
Solving ridge regression (iterative, delta-reg=0.001)...
Solving ridge regression (iterative, delta-reg=0.001)...
Solving ridge regression (iterative, delta-reg=0.001)...
Solving ridge regression (iterative, delta-reg=0.001)...
Solving ridge regression (iterative, delta-reg=0.001)...
Solving ridge regression (iterative, delta-reg=0.001)...
Solving ridge regression (iterative, delta-reg=0.001)...
Solving ridge regression (iterative, delta-reg=0.001)...
Solving ridge regression (iterative, delta-reg=0.001)...
Solving ridge regression (iterative, delta-reg=0.001)...
Solving ridge regression (iterative, delta-reg=0.001)...
Solving ridge regression (iterative, delta-reg=0.001)...
Solving ridge regression (iterative, delta-reg=0.001)...
Solving ridge regression (iterative, delta-reg=0.001)...
Solving ridge regression (iterative, delta-reg=0.001)...
Solving ridge regression (iterative, delta-reg=0.001)...
Solving ridge regression (iterative, delta-reg=0.001)...
Solving ridge regression (iterative, delta-reg=0.001)...
Solving ridge regression (iterative, delta-reg=0.001)...
Solving ridge regression (iterative, delta-reg=0.001)...
Solving ridge regression (iterative, delta-reg=0.001)...
Solving ridge regression (iterative, delta-reg=0.001)...
Solving ridge regression (iterative, delta-reg=0.001)...
Solving ridge regression (iterative, delta-reg=0.001)...
Solving ridge regression (iterative, delta-reg=0.001)...
Solving ridge regression (iterative, delta-reg=0.001)...
[PnC diagnostic | calib] perturbation_scale=25.0
  Uncorrected shift (mean±std, 50 members): 1.7228 ± 0.0937
  Corrected   shift (mean±std, 50 members): 8.0793 ± 16.3223
  Correction reduction: -369.0%
[grid] (155/162) seed2 s3b1 ps25 bf0.1: ok nll=0.4805 (46s) [elapsed 8308s]
Solving ridge regression (iterative, delta-reg=0.001)...
Solving ridge regression (iterative, delta-reg=0.001)...
Solving ridge regression (iterative, delta-reg=0.001)...
Solving ridge regression (iterative, delta-reg=0.001)...
Solving ridge regression (iterative, delta-reg=0.001)...
Solving ridge regression (iterative, delta-reg=0.001)...
Solving ridge regression (iterative, delta-reg=0.001)...
Solving ridge regression (iterative, delta-reg=0.001)...
Solving ridge regression (iterative, delta-reg=0.001)...
Solving ridge regression (iterative, delta-reg=0.001)...
Solving ridge regression (iterative, delta-reg=0.001)...
Solving ridge regression (iterative, delta-reg=0.001)...
Solving ridge regression (iterative, delta-reg=0.001)...
Solving ridge regression (iterative, delta-reg=0.001)...
Solving ridge regression (iterative, delta-reg=0.001)...
Solving ridge regression (iterative, delta-reg=0.001)...
Solving ridge regression (iterative, delta-reg=0.001)...
Solving ridge regression (iterative, delta-reg=0.001)...
Solving ridge regression (iterative, delta-reg=0.001)...
Solving ridge regression (iterative, delta-reg=0.001)...
Solving ridge regression (iterative, delta-reg=0.001)...
Solving ridge regression (iterative, delta-reg=0.001)...
Solving ridge regression (iterative, delta-reg=0.001)...
Solving ridge regression (iterative, delta-reg=0.001)...
Solving ridge regression (iterative, delta-reg=0.001)...
Solving ridge regression (iterative, delta-reg=0.001)...
Solving ridge regression (iterative, delta-reg=0.001)...
Solving ridge regression (iterative, delta-reg=0.001)...
Solving ridge regression (iterative, delta-reg=0.001)...
Solving ridge regression (iterative, delta-reg=0.001)...
Solving ridge regression (iterative, delta-reg=0.001)...
Solving ridge regression (iterative, delta-reg=0.001)...
Solving ridge regression (iterative, delta-reg=0.001)...
Solving ridge regression (iterative, delta-reg=0.001)...
Solving ridge regression (iterative, delta-reg=0.001)...
Solving ridge regression (iterative, delta-reg=0.001)...
Solving ridge regression (iterative, delta-reg=0.001)...
Solving ridge regression (iterative, delta-reg=0.001)...
Solving ridge regression (iterative, delta-reg=0.001)...
Solving ridge regression (iterative, delta-reg=0.001)...
Solving ridge regression (iterative, delta-reg=0.001)...
Solving ridge regression (iterative, delta-reg=0.001)...
Solving ridge regression (iterative, delta-reg=0.001)...
Solving ridge regression (iterative, delta-reg=0.001)...
Solving ridge regression (iterative, delta-reg=0.001)...
Solving ridge regression (iterative, delta-reg=0.001)...
Solving ridge regression (iterative, delta-reg=0.001)...
Solving ridge regression (iterative, delta-reg=0.001)...
Solving ridge regression (iterative, delta-reg=0.001)...
Solving ridge regression (iterative, delta-reg=0.001)...
[PnC diagnostic | calib] perturbation_scale=25.0
  Uncorrected shift (mean±std, 50 members): 1.7228 ± 0.0937
  Corrected   shift (mean±std, 50 members): 3.1492 ± 3.1904
  Correction reduction: -82.8%
[grid] (156/162) seed2 s3b1 ps25 bf0.2: ok nll=0.3086 (46s) [elapsed 8353s]
Solving ridge regression (iterative, delta-reg=0.001)...
Solving ridge regression (iterative, delta-reg=0.001)...
Solving ridge regression (iterative, delta-reg=0.001)...
Solving ridge regression (iterative, delta-reg=0.001)...
Solving ridge regression (iterative, delta-reg=0.001)...
Solving ridge regression (iterative, delta-reg=0.001)...
Solving ridge regression (iterative, delta-reg=0.001)...
Solving ridge regression (iterative, delta-reg=0.001)...
Solving ridge regression (iterative, delta-reg=0.001)...
Solving ridge regression (iterative, delta-reg=0.001)...
Solving ridge regression (iterative, delta-reg=0.001)...
Solving ridge regression (iterative, delta-reg=0.001)...
Solving ridge regression (iterative, delta-reg=0.001)...
Solving ridge regression (iterative, delta-reg=0.001)...
Solving ridge regression (iterative, delta-reg=0.001)...
Solving ridge regression (iterative, delta-reg=0.001)...
Solving ridge regression (iterative, delta-reg=0.001)...
Solving ridge regression (iterative, delta-reg=0.001)...
Solving ridge regression (iterative, delta-reg=0.001)...
Solving ridge regression (iterative, delta-reg=0.001)...
Solving ridge regression (iterative, delta-reg=0.001)...
Solving ridge regression (iterative, delta-reg=0.001)...
Solving ridge regression (iterative, delta-reg=0.001)...
Solving ridge regression (iterative, delta-reg=0.001)...
Solving ridge regression (iterative, delta-reg=0.001)...
Solving ridge regression (iterative, delta-reg=0.001)...
Solving ridge regression (iterative, delta-reg=0.001)...
Solving ridge regression (iterative, delta-reg=0.001)...
Solving ridge regression (iterative, delta-reg=0.001)...
Solving ridge regression (iterative, delta-reg=0.001)...
Solving ridge regression (iterative, delta-reg=0.001)...
Solving ridge regression (iterative, delta-reg=0.001)...
Solving ridge regression (iterative, delta-reg=0.001)...
Solving ridge regression (iterative, delta-reg=0.001)...
Solving ridge regression (iterative, delta-reg=0.001)...
Solving ridge regression (iterative, delta-reg=0.001)...
Solving ridge regression (iterative, delta-reg=0.001)...
Solving ridge regression (iterative, delta-reg=0.001)...
Solving ridge regression (iterative, delta-reg=0.001)...
Solving ridge regression (iterative, delta-reg=0.001)...
Solving ridge regression (iterative, delta-reg=0.001)...
Solving ridge regression (iterative, delta-reg=0.001)...
Solving ridge regression (iterative, delta-reg=0.001)...
Solving ridge regression (iterative, delta-reg=0.001)...
Solving ridge regression (iterative, delta-reg=0.001)...
Solving ridge regression (iterative, delta-reg=0.001)...
Solving ridge regression (iterative, delta-reg=0.001)...
Solving ridge regression (iterative, delta-reg=0.001)...
Solving ridge regression (iterative, delta-reg=0.001)...
Solving ridge regression (iterative, delta-reg=0.001)...
[PnC diagnostic | calib] perturbation_scale=50.0
  Uncorrected shift (mean±std, 50 members): 4.0229 ± 0.2215
  Corrected   shift (mean±std, 50 members): 6.5877 ± 33.2126
  Correction reduction: -63.8%
[grid] (157/162) seed2 s3b1 ps50 bf0.05: ok nll=0.1704 (45s) [elapsed 8399s]
Solving ridge regression (iterative, delta-reg=0.001)...
Solving ridge regression (iterative, delta-reg=0.001)...
Solving ridge regression (iterative, delta-reg=0.001)...
Solving ridge regression (iterative, delta-reg=0.001)...
Solving ridge regression (iterative, delta-reg=0.001)...
Solving ridge regression (iterative, delta-reg=0.001)...
Solving ridge regression (iterative, delta-reg=0.001)...
Solving ridge regression (iterative, delta-reg=0.001)...
Solving ridge regression (iterative, delta-reg=0.001)...
Solving ridge regression (iterative, delta-reg=0.001)...
Solving ridge regression (iterative, delta-reg=0.001)...
Solving ridge regression (iterative, delta-reg=0.001)...
Solving ridge regression (iterative, delta-reg=0.001)...
Solving ridge regression (iterative, delta-reg=0.001)...
Solving ridge regression (iterative, delta-reg=0.001)...
Solving ridge regression (iterative, delta-reg=0.001)...
Solving ridge regression (iterative, delta-reg=0.001)...
Solving ridge regression (iterative, delta-reg=0.001)...
Solving ridge regression (iterative, delta-reg=0.001)...
Solving ridge regression (iterative, delta-reg=0.001)...
Solving ridge regression (iterative, delta-reg=0.001)...
Solving ridge regression (iterative, delta-reg=0.001)...
Solving ridge regression (iterative, delta-reg=0.001)...
Solving ridge regression (iterative, delta-reg=0.001)...
Solving ridge regression (iterative, delta-reg=0.001)...
Solving ridge regression (iterative, delta-reg=0.001)...
Solving ridge regression (iterative, delta-reg=0.001)...
Solving ridge regression (iterative, delta-reg=0.001)...
Solving ridge regression (iterative, delta-reg=0.001)...
Solving ridge regression (iterative, delta-reg=0.001)...
Solving ridge regression (iterative, delta-reg=0.001)...
Solving ridge regression (iterative, delta-reg=0.001)...
Solving ridge regression (iterative, delta-reg=0.001)...
Solving ridge regression (iterative, delta-reg=0.001)...
Solving ridge regression (iterative, delta-reg=0.001)...
Solving ridge regression (iterative, delta-reg=0.001)...
Solving ridge regression (iterative, delta-reg=0.001)...
Solving ridge regression (iterative, delta-reg=0.001)...
Solving ridge regression (iterative, delta-reg=0.001)...
Solving ridge regression (iterative, delta-reg=0.001)...
Solving ridge regression (iterative, delta-reg=0.001)...
Solving ridge regression (iterative, delta-reg=0.001)...
Solving ridge regression (iterative, delta-reg=0.001)...
Solving ridge regression (iterative, delta-reg=0.001)...
Solving ridge regression (iterative, delta-reg=0.001)...
Solving ridge regression (iterative, delta-reg=0.001)...
Solving ridge regression (iterative, delta-reg=0.001)...
Solving ridge regression (iterative, delta-reg=0.001)...
Solving ridge regression (iterative, delta-reg=0.001)...
Solving ridge regression (iterative, delta-reg=0.001)...
[PnC diagnostic | calib] perturbation_scale=50.0
  Uncorrected shift (mean±std, 50 members): 4.0229 ± 0.2215
  Corrected   shift (mean±std, 50 members): 14.1955 ± 29.9053
  Correction reduction: -252.9%
[grid] (158/162) seed2 s3b1 ps50 bf0.1: ok nll=0.5319 (46s) [elapsed 8445s]
Solving ridge regression (iterative, delta-reg=0.001)...
Solving ridge regression (iterative, delta-reg=0.001)...
Solving ridge regression (iterative, delta-reg=0.001)...
Solving ridge regression (iterative, delta-reg=0.001)...
Solving ridge regression (iterative, delta-reg=0.001)...
Solving ridge regression (iterative, delta-reg=0.001)...
Solving ridge regression (iterative, delta-reg=0.001)...
Solving ridge regression (iterative, delta-reg=0.001)...
Solving ridge regression (iterative, delta-reg=0.001)...
Solving ridge regression (iterative, delta-reg=0.001)...
Solving ridge regression (iterative, delta-reg=0.001)...
Solving ridge regression (iterative, delta-reg=0.001)...
Solving ridge regression (iterative, delta-reg=0.001)...
Solving ridge regression (iterative, delta-reg=0.001)...
Solving ridge regression (iterative, delta-reg=0.001)...
Solving ridge regression (iterative, delta-reg=0.001)...
Solving ridge regression (iterative, delta-reg=0.001)...
Solving ridge regression (iterative, delta-reg=0.001)...
Solving ridge regression (iterative, delta-reg=0.001)...
Solving ridge regression (iterative, delta-reg=0.001)...
Solving ridge regression (iterative, delta-reg=0.001)...
Solving ridge regression (iterative, delta-reg=0.001)...
Solving ridge regression (iterative, delta-reg=0.001)...
Solving ridge regression (iterative, delta-reg=0.001)...
Solving ridge regression (iterative, delta-reg=0.001)...
Solving ridge regression (iterative, delta-reg=0.001)...
Solving ridge regression (iterative, delta-reg=0.001)...
Solving ridge regression (iterative, delta-reg=0.001)...
Solving ridge regression (iterative, delta-reg=0.001)...
Solving ridge regression (iterative, delta-reg=0.001)...
Solving ridge regression (iterative, delta-reg=0.001)...
Solving ridge regression (iterative, delta-reg=0.001)...
Solving ridge regression (iterative, delta-reg=0.001)...
Solving ridge regression (iterative, delta-reg=0.001)...
Solving ridge regression (iterative, delta-reg=0.001)...
Solving ridge regression (iterative, delta-reg=0.001)...
Solving ridge regression (iterative, delta-reg=0.001)...
Solving ridge regression (iterative, delta-reg=0.001)...
Solving ridge regression (iterative, delta-reg=0.001)...
Solving ridge regression (iterative, delta-reg=0.001)...
Solving ridge regression (iterative, delta-reg=0.001)...
Solving ridge regression (iterative, delta-reg=0.001)...
Solving ridge regression (iterative, delta-reg=0.001)...
Solving ridge regression (iterative, delta-reg=0.001)...
Solving ridge regression (iterative, delta-reg=0.001)...
Solving ridge regression (iterative, delta-reg=0.001)...
Solving ridge regression (iterative, delta-reg=0.001)...
Solving ridge regression (iterative, delta-reg=0.001)...
Solving ridge regression (iterative, delta-reg=0.001)...
Solving ridge regression (iterative, delta-reg=0.001)...
[PnC diagnostic | calib] perturbation_scale=50.0
  Uncorrected shift (mean±std, 50 members): 4.0229 ± 0.2215
  Corrected   shift (mean±std, 50 members): 44.5486 ± 95.2859
  Correction reduction: -1007.4%
[grid] (159/162) seed2 s3b1 ps50 bf0.2: ok nll=1.2369 (46s) [elapsed 8491s]
Solving ridge regression (iterative, delta-reg=0.001)...
Solving ridge regression (iterative, delta-reg=0.001)...
Solving ridge regression (iterative, delta-reg=0.001)...
Solving ridge regression (iterative, delta-reg=0.001)...
Solving ridge regression (iterative, delta-reg=0.001)...
Solving ridge regression (iterative, delta-reg=0.001)...
Solving ridge regression (iterative, delta-reg=0.001)...
Solving ridge regression (iterative, delta-reg=0.001)...
Solving ridge regression (iterative, delta-reg=0.001)...
Solving ridge regression (iterative, delta-reg=0.001)...
Solving ridge regression (iterative, delta-reg=0.001)...
Solving ridge regression (iterative, delta-reg=0.001)...
Solving ridge regression (iterative, delta-reg=0.001)...
Solving ridge regression (iterative, delta-reg=0.001)...
Solving ridge regression (iterative, delta-reg=0.001)...
Solving ridge regression (iterative, delta-reg=0.001)...
Solving ridge regression (iterative, delta-reg=0.001)...
Solving ridge regression (iterative, delta-reg=0.001)...
Solving ridge regression (iterative, delta-reg=0.001)...
Solving ridge regression (iterative, delta-reg=0.001)...
Solving ridge regression (iterative, delta-reg=0.001)...
Solving ridge regression (iterative, delta-reg=0.001)...
Solving ridge regression (iterative, delta-reg=0.001)...
Solving ridge regression (iterative, delta-reg=0.001)...
Solving ridge regression (iterative, delta-reg=0.001)...
Solving ridge regression (iterative, delta-reg=0.001)...
Solving ridge regression (iterative, delta-reg=0.001)...
Solving ridge regression (iterative, delta-reg=0.001)...
Solving ridge regression (iterative, delta-reg=0.001)...
Solving ridge regression (iterative, delta-reg=0.001)...
Solving ridge regression (iterative, delta-reg=0.001)...
Solving ridge regression (iterative, delta-reg=0.001)...
Solving ridge regression (iterative, delta-reg=0.001)...
Solving ridge regression (iterative, delta-reg=0.001)...
Solving ridge regression (iterative, delta-reg=0.001)...
Solving ridge regression (iterative, delta-reg=0.001)...
Solving ridge regression (iterative, delta-reg=0.001)...
Solving ridge regression (iterative, delta-reg=0.001)...
Solving ridge regression (iterative, delta-reg=0.001)...
Solving ridge regression (iterative, delta-reg=0.001)...
Solving ridge regression (iterative, delta-reg=0.001)...
Solving ridge regression (iterative, delta-reg=0.001)...
Solving ridge regression (iterative, delta-reg=0.001)...
Solving ridge regression (iterative, delta-reg=0.001)...
Solving ridge regression (iterative, delta-reg=0.001)...
Solving ridge regression (iterative, delta-reg=0.001)...
Solving ridge regression (iterative, delta-reg=0.001)...
Solving ridge regression (iterative, delta-reg=0.001)...
Solving ridge regression (iterative, delta-reg=0.001)...
Solving ridge regression (iterative, delta-reg=0.001)...
[PnC diagnostic | calib] perturbation_scale=100.0
  Uncorrected shift (mean±std, 50 members): 8.7611 ± 0.4868
  Corrected   shift (mean±std, 50 members): 2479.9660 ± 5571.3950
  Correction reduction: -28206.6%
[grid] (160/162) seed2 s3b1 ps100 bf0.05: ok nll=3.3285 (46s) [elapsed 8536s]
Solving ridge regression (iterative, delta-reg=0.001)...
Solving ridge regression (iterative, delta-reg=0.001)...
Solving ridge regression (iterative, delta-reg=0.001)...
Solving ridge regression (iterative, delta-reg=0.001)...
Solving ridge regression (iterative, delta-reg=0.001)...
Solving ridge regression (iterative, delta-reg=0.001)...
Solving ridge regression (iterative, delta-reg=0.001)...
Solving ridge regression (iterative, delta-reg=0.001)...
Solving ridge regression (iterative, delta-reg=0.001)...
Solving ridge regression (iterative, delta-reg=0.001)...
Solving ridge regression (iterative, delta-reg=0.001)...
Solving ridge regression (iterative, delta-reg=0.001)...
Solving ridge regression (iterative, delta-reg=0.001)...
Solving ridge regression (iterative, delta-reg=0.001)...
Solving ridge regression (iterative, delta-reg=0.001)...
Solving ridge regression (iterative, delta-reg=0.001)...
Solving ridge regression (iterative, delta-reg=0.001)...
Solving ridge regression (iterative, delta-reg=0.001)...
Solving ridge regression (iterative, delta-reg=0.001)...
Solving ridge regression (iterative, delta-reg=0.001)...
Solving ridge regression (iterative, delta-reg=0.001)...
Solving ridge regression (iterative, delta-reg=0.001)...
Solving ridge regression (iterative, delta-reg=0.001)...
Solving ridge regression (iterative, delta-reg=0.001)...
Solving ridge regression (iterative, delta-reg=0.001)...
Solving ridge regression (iterative, delta-reg=0.001)...
Solving ridge regression (iterative, delta-reg=0.001)...
Solving ridge regression (iterative, delta-reg=0.001)...
Solving ridge regression (iterative, delta-reg=0.001)...
Solving ridge regression (iterative, delta-reg=0.001)...
Solving ridge regression (iterative, delta-reg=0.001)...
Solving ridge regression (iterative, delta-reg=0.001)...
Solving ridge regression (iterative, delta-reg=0.001)...
Solving ridge regression (iterative, delta-reg=0.001)...
Solving ridge regression (iterative, delta-reg=0.001)...
Solving ridge regression (iterative, delta-reg=0.001)...
Solving ridge regression (iterative, delta-reg=0.001)...
Solving ridge regression (iterative, delta-reg=0.001)...
Solving ridge regression (iterative, delta-reg=0.001)...
Solving ridge regression (iterative, delta-reg=0.001)...
Solving ridge regression (iterative, delta-reg=0.001)...
Solving ridge regression (iterative, delta-reg=0.001)...
Solving ridge regression (iterative, delta-reg=0.001)...
Solving ridge regression (iterative, delta-reg=0.001)...
Solving ridge regression (iterative, delta-reg=0.001)...
Solving ridge regression (iterative, delta-reg=0.001)...
Solving ridge regression (iterative, delta-reg=0.001)...
Solving ridge regression (iterative, delta-reg=0.001)...
Solving ridge regression (iterative, delta-reg=0.001)...
Solving ridge regression (iterative, delta-reg=0.001)...
[PnC diagnostic | calib] perturbation_scale=100.0
  Uncorrected shift (mean±std, 50 members): 8.7611 ± 0.4868
  Corrected   shift (mean±std, 50 members): 6300.2766 ± 30637.9789
  Correction reduction: -71812.2%
[grid] (161/162) seed2 s3b1 ps100 bf0.1: ok nll=3.5857 (46s) [elapsed 8582s]
Solving ridge regression (iterative, delta-reg=0.001)...
Solving ridge regression (iterative, delta-reg=0.001)...
Solving ridge regression (iterative, delta-reg=0.001)...
Solving ridge regression (iterative, delta-reg=0.001)...
Solving ridge regression (iterative, delta-reg=0.001)...
Solving ridge regression (iterative, delta-reg=0.001)...
Solving ridge regression (iterative, delta-reg=0.001)...
Solving ridge regression (iterative, delta-reg=0.001)...
Solving ridge regression (iterative, delta-reg=0.001)...
Solving ridge regression (iterative, delta-reg=0.001)...
Solving ridge regression (iterative, delta-reg=0.001)...
Solving ridge regression (iterative, delta-reg=0.001)...
Solving ridge regression (iterative, delta-reg=0.001)...
Solving ridge regression (iterative, delta-reg=0.001)...
Solving ridge regression (iterative, delta-reg=0.001)...
Solving ridge regression (iterative, delta-reg=0.001)...
Solving ridge regression (iterative, delta-reg=0.001)...
Solving ridge regression (iterative, delta-reg=0.001)...
Solving ridge regression (iterative, delta-reg=0.001)...
Solving ridge regression (iterative, delta-reg=0.001)...
Solving ridge regression (iterative, delta-reg=0.001)...
Solving ridge regression (iterative, delta-reg=0.001)...
Solving ridge regression (iterative, delta-reg=0.001)...
Solving ridge regression (iterative, delta-reg=0.001)...
Solving ridge regression (iterative, delta-reg=0.001)...
Solving ridge regression (iterative, delta-reg=0.001)...
Solving ridge regression (iterative, delta-reg=0.001)...
Solving ridge regression (iterative, delta-reg=0.001)...
Solving ridge regression (iterative, delta-reg=0.001)...
Solving ridge regression (iterative, delta-reg=0.001)...
Solving ridge regression (iterative, delta-reg=0.001)...
Solving ridge regression (iterative, delta-reg=0.001)...
Solving ridge regression (iterative, delta-reg=0.001)...
Solving ridge regression (iterative, delta-reg=0.001)...
Solving ridge regression (iterative, delta-reg=0.001)...
Solving ridge regression (iterative, delta-reg=0.001)...
Solving ridge regression (iterative, delta-reg=0.001)...
Solving ridge regression (iterative, delta-reg=0.001)...
Solving ridge regression (iterative, delta-reg=0.001)...
Solving ridge regression (iterative, delta-reg=0.001)...
Solving ridge regression (iterative, delta-reg=0.001)...
Solving ridge regression (iterative, delta-reg=0.001)...
Solving ridge regression (iterative, delta-reg=0.001)...
Solving ridge regression (iterative, delta-reg=0.001)...
Solving ridge regression (iterative, delta-reg=0.001)...
Solving ridge regression (iterative, delta-reg=0.001)...
Solving ridge regression (iterative, delta-reg=0.001)...
Solving ridge regression (iterative, delta-reg=0.001)...
Solving ridge regression (iterative, delta-reg=0.001)...
Solving ridge regression (iterative, delta-reg=0.001)...
[PnC diagnostic | calib] perturbation_scale=100.0
  Uncorrected shift (mean±std, 50 members): 8.7611 ± 0.4868
  Corrected   shift (mean±std, 50 members): 5219.0923 ± 27471.6377
  Correction reduction: -59471.4%
[grid] (162/162) seed2 s3b1 ps100 bf0.2: ok nll=3.3739 (46s) [elapsed 8628s]
[grid] DONE 162/162 (8628s)
