role,tier,sample_index,distance_mahal,distance_mahal_recovered,disagreement,sem_lo,sem_hi
scatter,id,9527,16.21430778503418,16.214298735041872,0.38098907452907554,,
scatter,id,8229,6.673818588256836,6.673810481825174,0.08120949466822315,,
scatter,id,1453,11.738360404968262,11.738352843651128,0.11514170310238242,,
scatter,id,3492,7.1772541999816895,7.177248803817348,0.08452218209360982,,
scatter,id,9793,9.049391746520996,9.049386817060716,0.11727002545352594,,
scatter,id,6225,9.167874336242676,9.16787172628874,0.12226556746031203,,
scatter,id,9728,28.127094268798828,28.12710905271385,0.5090067589608642,,
scatter,id,2132,19.697519302368164,19.697523625728035,0.35532932182473864,,
scatter,id,1292,12.346200942993164,12.346199693874144,0.23017949586470593,,
scatter,id,6662,16.020658493041992,16.020658060586747,0.482230994506418,,
scatter,id,5969,9.512907028198242,9.512905030986142,0.1367155879454145,,
scatter,id,9227,14.583930015563965,14.583935530055639,0.32029962730775857,,
scatter,id,2553,17.308034896850586,17.30804861856504,0.2735044305528863,,
scatter,id,5696,18.90224838256836,18.902268616596785,0.402022308001467,,
scatter,id,1666,17.595001220703125,17.595023237495187,0.3349602441715785,,
scatter,id,4917,10.701712608337402,10.701720055784769,0.13618451881647484,,
scatter,id,1781,29.576004028320312,29.57605522898035,0.31356160788232246,,
scatter,id,6808,15.079656600952148,15.079678251680413,0.4054125051152795,,
scatter,id,2437,14.074947357177734,14.07496946596513,0.24356908160156482,,
scatter,id,6748,12.524508476257324,12.52452847496708,0.21244915463729572,,
scatter,id,1244,17.873916625976562,17.8739453765453,0.4448114889092094,,
scatter,id,9541,7.319104194641113,7.319110854743714,0.08782102850320615,,
scatter,id,9415,21.263927459716797,21.263962534266543,0.4436531023569112,,
scatter,id,8090,12.440913200378418,12.440926207896243,0.23584281364869925,,
scatter,id,1293,19.75468635559082,19.754708483582775,0.5270807832572836,,
scatter,id,6228,9.633011817932129,9.633017869078712,0.15579659937525628,,
scatter,id,6847,15.4352445602417,15.435255825874323,0.2839833571383914,,
scatter,id,6017,15.387622833251953,15.387633900256455,0.2883381665834375,,
scatter,id,1933,21.21062660217285,21.2106467695139,0.3505198882456564,,
scatter,id,7305,20.962255477905273,20.962274674950017,0.2931356755950697,,
scatter,id,3160,8.651345252990723,8.651345757361707,0.09605323881788433,,
scatter,id,1758,6.3047637939453125,6.304764596085637,0.08759041588626884,,
scatter,id,3722,15.807806015014648,15.80781806417564,0.3064354011986437,,
scatter,id,320,13.04463005065918,13.044641787351301,0.28445160934951347,,
scatter,id,5980,16.681955337524414,16.681969499115734,0.4643831111141422,,
scatter,id,3664,9.845839500427246,9.845842647888091,0.12594238007033656,,
scatter,id,2584,16.135316848754883,16.13532793341458,0.21446312890414068,,
scatter,id,9658,11.428333282470703,11.428339438318636,0.15441015547047435,,
scatter,id,2203,6.80679178237915,6.806793387789141,0.07607149666814891,,
scatter,id,9069,14.5479154586792,14.547924792658298,0.35186693849011197,,
scatter,id,4803,21.770404815673828,21.770418798523053,0.35635206642229167,,
scatter,id,5215,8.668252944946289,8.668254828190243,0.08835678228364408,,
scatter,id,1826,14.252381324768066,14.252391635397032,0.19816288401592805,,
scatter,id,6135,16.467809677124023,16.46781951659192,0.3010007795832475,,
scatter,id,421,17.895978927612305,17.895992300553008,0.419269704247147,,
scatter,id,766,9.004523277282715,9.00452638697346,0.09979180365220416,,
scatter,id,4588,9.91816234588623,9.918165384232882,0.1839204787676805,,
scatter,id,8132,7.625805854797363,7.625808853623241,0.10680706927085581,,
scatter,id,629,11.011982917785645,11.01199261375023,0.19912387638918577,,
scatter,id,9427,17.324655532836914,17.32467301223625,0.2835310753301044,,
scatter,id,806,15.355552673339844,15.35556758897994,0.23697820282091508,,
scatter,id,26,13.549491882324219,13.549505916390748,0.2377950356912489,,
scatter,id,6176,16.312192916870117,16.312209022405376,0.3244906868890699,,
scatter,id,8127,19.91864585876465,19.918669348656834,0.6971214951381439,,
scatter,id,2698,9.610511779785156,9.61052018814023,0.15666837043134246,,
scatter,id,9596,15.448796272277832,15.448812345407147,0.26815179033870973,,
scatter,id,5810,9.888286590576172,9.888292782557043,0.1661894987241569,,
scatter,id,4420,14.95836353302002,14.958373700654095,0.22544075793550655,,
scatter,id,5538,9.976714134216309,9.976718887686895,0.14538027676886434,,
scatter,id,79,7.404099464416504,7.4040996863828035,0.08978730450025059,,
scatter,id,5195,17.946752548217773,17.946769699173515,0.29197707610406703,,
scatter,id,3230,12.50078296661377,12.500788688148218,0.2229915369567319,,
scatter,id,7613,16.48418426513672,16.484191645324103,0.36813545551135907,,
scatter,id,6732,29.501171112060547,29.501208331585637,0.5635728343271879,,
scatter,id,9672,8.338969230651855,8.338973888313744,0.11515341473112808,,
scatter,id,2225,7.459018230438232,7.459022670472593,0.09281955165185476,,
scatter,id,3578,12.765156745910645,12.765170099288335,0.1816824929837367,,
scatter,id,1967,7.163708686828613,7.1637140594005055,0.08190261015126188,,
scatter,id,5057,16.268226623535156,16.26824626307321,0.3094131360419044,,
scatter,id,4791,8.428949356079102,8.428955673386525,0.11054329177942653,,
scatter,id,2298,18.08925437927246,18.08927461045295,0.38320832170702634,,
scatter,id,5724,10.332535743713379,10.332541520474878,0.13698559422267814,,
scatter,id,7596,5.306252956390381,5.306252273727662,0.049495894595901216,,
scatter,id,8069,9.645042419433594,9.645042927142269,0.16699014825295125,,
scatter,id,9236,8.495357513427734,8.49535689756755,0.13894803732304217,,
scatter,id,8670,6.840692043304443,6.840689132800023,0.07518332933181879,,
scatter,id,6581,13.17053508758545,13.170538714034873,0.28210119192961125,,
scatter,id,5704,7.172131538391113,7.172128856797809,0.08318705641660432,,
scatter,id,4222,14.50224781036377,14.502246334163337,0.24358590375921768,,
scatter,id,5587,15.797039031982422,15.797037038603023,0.23615178770888026,,
scatter,id,4234,20.37320899963379,20.373213036708176,0.2938168665106583,,
scatter,id,3755,6.304357051849365,6.304354614159308,0.07480429843786826,,
scatter,id,5771,13.329398155212402,13.329403221112209,0.23550317641507504,,
scatter,id,1266,13.066971778869629,13.066976751629696,0.2558696988037816,,
scatter,id,5410,10.375988006591797,10.37598908905529,0.13846487940260752,,
scatter,id,1393,21.35359001159668,21.353607349389947,0.48875926930795455,,
scatter,id,8687,11.309408187866211,11.30940866286832,0.16523532038944214,,
scatter,id,389,15.109768867492676,15.109772073947182,0.3962301623012714,,
scatter,id,8910,14.159974098205566,14.15997753592906,0.2899652312242667,,
scatter,id,7977,9.726648330688477,9.726648643558965,0.13760311646563123,,
scatter,id,7423,11.860772132873535,11.86077275802686,0.19906233710359492,,
scatter,id,2531,10.999167442321777,10.999166758165071,0.15401941294777816,,
scatter,id,210,14.508211135864258,14.508212082926622,0.23866084446361002,,
scatter,id,8167,8.863363265991211,8.863358902368041,0.14207972684963224,,
scatter,id,3584,7.050929546356201,7.05092304362478,0.07938929462244278,,
scatter,id,5116,8.690288543701172,8.690281576383803,0.13322232849864019,,
scatter,id,9867,13.685407638549805,13.68540339077702,0.2272833165452559,,
scatter,id,4009,25.985366821289062,25.98537040998866,0.4705647217048072,,
scatter,id,3593,12.23588752746582,12.235885837824693,0.15138770349927563,,
scatter,id,4247,11.464876174926758,11.464872120075718,0.17448495183406165,,
scatter,id,7367,19.840625762939453,19.84062743415875,0.3883231093883137,,
scatter,id,2679,8.584453582763672,8.584450000950598,0.15229354474807646,,
scatter,id,9125,8.877156257629395,8.87715216484348,0.11202342871417376,,
scatter,id,6254,16.93353271484375,16.933536653012837,0.3013016619726588,,
scatter,id,1155,15.01297378540039,15.01297183290354,0.24396152763389672,,
scatter,id,5025,28.112831115722656,28.11283293990088,0.5031973652256069,,
scatter,id,7418,7.583178520202637,7.583172169192603,0.08747095727306309,,
scatter,id,8941,11.141753196716309,11.141743949706319,0.20283603682415174,,
scatter,id,1628,11.174637794494629,11.174625534465857,0.1936177073690888,,
scatter,id,7710,13.945367813110352,13.945358269686613,0.27055799769918215,,
scatter,id,8766,19.525707244873047,19.525701702823852,0.3286640725579105,,
scatter,id,9214,11.211540222167969,11.211530268247497,0.16122568458433634,,
scatter,id,4823,11.97641372680664,11.976405224562942,0.25972516698685355,,
scatter,id,9807,21.762279510498047,21.762273735039926,0.3750808772349457,,
scatter,id,1444,10.087794303894043,10.08778456618067,0.20649943429579487,,
scatter,id,1186,7.514284133911133,7.514275913088871,0.07899195099990812,,
scatter,id,5652,10.429883003234863,10.429871332289464,0.2013903959595281,,
scatter,id,1374,10.15567398071289,10.155660761192378,0.1444290795760121,,
scatter,id,9377,25.10591697692871,25.105914889698386,0.4277478587654841,,
scatter,id,6196,12.256871223449707,12.256864021469228,0.2211281103539448,,
scatter,id,468,12.135473251342773,12.135463598546862,0.16375049880319661,,
scatter,id,7432,11.118824005126953,11.118817407630662,0.19641274080391719,,
scatter,id,9244,9.241914749145508,9.241907301836283,0.1404684196729336,,
scatter,id,9859,15.97890853881836,15.978902916976246,0.2857366944309693,,
scatter,id,5830,11.842827796936035,11.842823198820996,0.16682384312476284,,
scatter,id,8577,9.719864845275879,9.719859763347928,0.13255902443422676,,
scatter,id,9082,8.455531120300293,8.455524074467359,0.09442702593187302,,
scatter,id,6882,21.244876861572266,21.244878988177632,0.46872706068526054,,
scatter,id,868,9.239075660705566,9.239071457749068,0.10280360868817955,,
scatter,id,2691,10.771743774414062,10.771742271428211,0.16630810558254477,,
scatter,id,8822,12.679840087890625,12.679838567703097,0.15005619778024606,,
scatter,id,9724,11.020734786987305,11.020733801708076,0.13415414826938596,,
scatter,id,8192,9.941730499267578,9.941729175935953,0.1628966145982856,,
scatter,id,8490,7.071098804473877,7.071094436091667,0.0891685046250707,,
scatter,id,4141,11.436386108398438,11.436380327031246,0.16100763535096255,,
scatter,id,8380,25.74164390563965,25.74164580986062,0.6714819716107313,,
scatter,id,9977,19.223188400268555,19.223185999120954,0.44329025480450013,,
scatter,id,1423,7.287777900695801,7.287773281863714,0.09549363590254614,,
scatter,id,8066,6.6829752922058105,6.68297251779948,0.08131191818507157,,
scatter,id,3754,8.106106758117676,8.106105755642893,0.10903696338402989,,
scatter,id,362,12.173410415649414,12.17340951375191,0.16056855574235243,,
scatter,id,1649,10.080756187438965,10.080755125793388,0.16658109300167095,,
scatter,id,4444,17.18084716796875,17.180849362880384,0.21374403489915703,,
scatter,id,1002,41.96440887451172,41.96442724995129,1.0155631295278,,
scatter,id,5513,12.377959251403809,12.377953679730068,0.19513766384157127,,
scatter,id,4818,15.270270347595215,15.270261787983786,0.33793031322147843,,
scatter,id,4852,15.9384183883667,15.938411218572458,0.21852727701758992,,
scatter,id,4441,10.22141170501709,10.221404536019708,0.13896613711292186,,
scatter,id,4958,11.598456382751465,11.598451033534621,0.21023075921416284,,
scatter,id,8989,11.90855598449707,11.90855398534219,0.17958483380603638,,
scatter,id,3239,17.373706817626953,17.373710444546564,0.2626128287581249,,
scatter,id,851,10.177511215209961,10.177506946118863,0.11942539102013672,,
scatter,id,5280,9.18444538116455,9.184438557573774,0.14821321329308776,,
scatter,id,2523,14.982542037963867,14.982532363990405,0.20951890512513105,,
scatter,id,5721,9.907891273498535,9.907879447379875,0.14766638670001758,,
scatter,id,270,5.70491361618042,5.704904847843469,0.057397836979951725,,
scatter,id,3555,15.65774917602539,15.657738546667497,0.28004867575725784,,
scatter,id,9608,8.092046737670898,8.092037911629456,0.1136443181325734,,
scatter,id,8677,12.678478240966797,12.678471603243795,0.23455666387372107,,
scatter,id,5378,14.919440269470215,14.919438285297472,0.2840810960037416,,
scatter,id,6023,26.696575164794922,26.69658750492896,0.5069157008830024,,
scatter,id,879,21.537546157836914,21.537558070055486,0.5174088943617068,,
scatter,id,6333,23.920772552490234,23.92078662785535,0.5606039364401625,,
scatter,id,9372,13.875057220458984,13.875063567050564,0.24772053458384535,,
scatter,id,4574,21.94236183166504,21.942383875340035,0.42522815507553097,,
scatter,id,6533,9.319321632385254,9.319325952576992,0.12638486669821813,,
scatter,id,2876,21.325021743774414,21.325038104500234,0.4974001089965041,,
scatter,id,469,13.776229858398438,13.776236808609589,0.1962113007894918,,
scatter,id,3165,13.728872299194336,13.728877069226494,0.24305313112064228,,
scatter,id,698,6.349969387054443,6.34996780726323,0.06717151057626351,,
scatter,id,751,15.01422119140625,15.014222214911522,0.3138279942016101,,
scatter,id,8478,8.93418025970459,8.934181077710322,0.13396953041261342,,
scatter,id,7993,9.01158618927002,9.011586683137292,0.12352999748743462,,
scatter,id,2686,5.637815475463867,5.6378154124795214,0.0647838288830797,,
scatter,id,1281,12.384390830993652,12.384394805355218,0.19063869489360127,,
scatter,id,4104,6.505801200866699,6.5058014683123435,0.07573398882156937,,
scatter,id,9902,13.960855484008789,13.960863029809396,0.23283122155142832,,
scatter,id,6450,6.76773738861084,6.767735948593363,0.0766291831351469,,
scatter,id,8979,10.154496192932129,10.154496408770251,0.14545225005097404,,
scatter,id,1016,37.85378646850586,37.85383843453244,0.5484452961191488,,
scatter,id,8059,9.969077110290527,9.96907872670854,0.15328200621421037,,
scatter,id,5015,32.28347396850586,32.28350150819781,0.70781357336682,,
scatter,id,9043,14.714961051940918,14.714965185459645,0.24592610012130545,,
scatter,id,4423,7.703282356262207,7.70328205983634,0.07944295517596835,,
scatter,id,9522,7.126658916473389,7.126656479536685,0.06984197486897896,,
scatter,id,4806,10.328692436218262,10.328693436308095,0.18146806370833884,,
scatter,id,9100,10.558591842651367,10.558592321666636,0.1536016272096147,,
scatter,id,275,16.914230346679688,16.91423840057955,0.41639929051093744,,
scatter,id,8366,27.012361526489258,27.012394270116893,0.4588460659818976,,
scatter,id,3848,13.251611709594727,13.251618749605463,0.19528991501526488,,
scatter,id,4034,10.243836402893066,10.243842078968795,0.15984030537307672,,
scatter,id,4680,22.427827835083008,22.427853534942656,0.3494845802645398,,
scatter,id,1117,22.950546264648438,22.95057270855356,0.5668823276720075,,
scatter,id,7828,14.424422264099121,14.424437223426926,0.24773437559963568,,
scatter,id,5329,10.93176555633545,10.931774812990092,0.1754259279690995,,
scatter,id,9614,13.717013359069824,13.717025428597188,0.24674804352054647,,
scatter,id,9045,6.6743998527526855,6.674400587611321,0.08000830743632714,,
scatter,id,802,10.819557189941406,10.819560635032838,0.1322166189974445,,
scatter,id,3847,13.50161361694336,13.501616263699967,0.3281549361155309,,
scatter,id,6693,16.292747497558594,16.292754505216816,0.2840086968442229,,
scatter,id,3427,14.195516586303711,14.195521925748054,0.2137889649657995,,
scatter,id,9277,17.587133407592773,17.587146119080934,0.282638223342276,,
scatter,id,2669,10.306474685668945,10.306475693722206,0.16646078263364733,,
scatter,id,1075,10.688738822937012,10.68873730409967,0.1413472177062672,,
scatter,id,5174,9.327062606811523,9.327058705441033,0.11115932345144836,,
scatter,id,2814,11.3845853805542,11.384582414164385,0.192905853280057,,
scatter,id,9446,11.479352951049805,11.479347616555248,0.18127173422282067,,
scatter,id,4329,12.567363739013672,12.567360854893357,0.17468681772589598,,
scatter,id,3110,13.38902759552002,13.389026266841686,0.2654153150476097,,
scatter,id,699,7.892810344696045,7.892804445970842,0.07543480994179382,,
scatter,id,6879,22.479286193847656,22.47929153446436,0.4281605339747403,,
scatter,id,624,6.746438503265381,6.746432322215756,0.08508625672174179,,
scatter,id,7997,6.629691123962402,6.629685790527797,0.0927492818793808,,
scatter,id,5405,8.99901294708252,8.999006358811533,0.16022380797982105,,
scatter,id,2754,14.316709518432617,14.31670674491833,0.3080628917168818,,
scatter,id,8438,14.571125984191895,14.571121326656234,0.19819652833123377,,
scatter,id,4061,6.223841667175293,6.223836095604565,0.07085343371519524,,
scatter,id,1035,24.14281463623047,24.142808644356393,0.4773538464193153,,
scatter,id,5839,8.87476921081543,8.874762360732145,0.10931910716744812,,
scatter,id,9590,7.306695938110352,7.3066880603626965,0.07021823755977141,,
scatter,id,480,10.441268920898438,10.441259032027501,0.1957715823647683,,
scatter,id,5163,21.573535919189453,21.573523876424755,0.3022664872425969,,
scatter,id,9373,13.70522689819336,13.705215290684523,0.2891115599580602,,
scatter,id,4192,16.741802215576172,16.74178912085512,0.3543532108034638,,
scatter,id,8419,11.902276992797852,11.902265291890446,0.17414084288764364,,
scatter,id,4396,7.629354000091553,7.629341886140824,0.08949323614938225,,
scatter,id,7293,23.830156326293945,23.830136239116364,0.4013726320141394,,
scatter,id,4942,9.851249694824219,9.851235868033408,0.12672173572868425,,
scatter,id,6400,14.801145553588867,14.801128143072887,0.225874514076505,,
scatter,id,731,15.247901916503906,15.247883068178576,0.22618987629782,,
scatter,id,7871,12.901198387145996,12.901183256904426,0.22132529159428085,,
scatter,id,6852,16.987592697143555,16.987580445757878,0.2739102917235996,,
scatter,id,9980,14.918661117553711,14.918646825231987,0.20802876007127388,,
scatter,id,1674,15.407191276550293,15.407176511892747,0.24790706888895808,,
scatter,id,6466,13.589479446411133,13.58946229581738,0.23382096064978902,,
scatter,id,8061,11.46932315826416,11.469307062637634,0.14281244893170178,,
scatter,id,7738,19.656309127807617,19.656285314150747,0.3925028832182883,,
scatter,id,8946,18.99608039855957,18.99606020268163,0.38285825047688327,,
scatter,id,8645,14.013463020324707,14.013442878584092,0.19896970876715195,,
scatter,id,6382,19.828304290771484,19.828283598671657,0.41624916872428847,,
scatter,id,5549,6.159564018249512,6.159551646017953,0.06586172460508954,,
scatter,id,4656,18.103761672973633,18.103736929672326,0.34461893086747836,,
scatter,id,5999,17.147817611694336,17.14779459879228,0.30940525730983914,,
scatter,id,9164,7.790501594543457,7.790487330673651,0.13816974635821683,,
scatter,id,4835,14.568370819091797,14.568353741032933,0.21838716335005093,,
scatter,id,8668,16.829072952270508,16.82905519119869,0.2834544173964964,,
scatter,id,4069,16.28146743774414,16.28144771176571,0.2947186619240743,,
scatter,id,2537,8.04819393157959,8.048180840752922,0.11696147727075386,,
scatter,id,3086,9.580672264099121,9.580655999962577,0.15641092753764238,,
scatter,id,6953,16.830842971801758,16.830821657899623,0.3493306255812105,,
scatter,id,8825,10.845871925354004,10.845853714881748,0.17591994576346198,,
scatter,id,7604,6.943352699279785,6.9433370264492105,0.08195605776608299,,
scatter,id,9507,16.18999481201172,16.1899731563508,0.26665802532687666,,
scatter,id,1888,19.462249755859375,19.462228725098424,0.3004207345522805,,
scatter,id,2098,7.755129814147949,7.755114002905046,0.1411338531243917,,
scatter,id,1445,11.278600692749023,11.278581442208283,0.16274968689220368,,
scatter,id,7557,7.448143482208252,7.44812963678785,0.10520087262306436,,
scatter,id,5484,13.442936897277832,13.442918067018715,0.18715118479184753,,
scatter,id,7907,17.288291931152344,17.288274245600167,0.2850795655889854,,
scatter,id,2241,12.223857879638672,12.223844699806891,0.1955071124938208,,
scatter,id,7288,18.106794357299805,18.106783645110294,0.2364918508199134,,
scatter,id,1215,16.778141021728516,16.778128353305547,0.37303751742688435,,
scatter,id,251,9.366045951843262,9.366032526157692,0.14482365499538866,,
scatter,id,6310,13.880332946777344,13.880319991386543,0.24104682264715813,,
scatter,id,7297,8.268033027648926,8.268020145381309,0.10821565880090228,,
scatter,id,7053,11.082358360290527,11.082344288730685,0.1749644897965204,,
scatter,id,3375,10.788275718688965,10.788259220121347,0.2177474954818333,,
scatter,id,63,7.437354564666748,7.437341603278062,0.09269796365160435,,
scatter,id,2925,8.394889831542969,8.394877200172466,0.09392470352803635,,
scatter,id,561,10.949634552001953,10.949617658891878,0.11652324941696163,,
scatter,id,8901,16.38035011291504,16.380333446777193,0.3200700793843436,,
scatter,id,6582,11.575592041015625,11.575575140288725,0.2298681794787758,,
scatter,id,9828,9.911147117614746,9.911129758172954,0.1651729293490334,,
scatter,id,5480,10.608211517333984,10.608193232925492,0.12409833088965594,,
scatter,id,6472,8.09256649017334,8.092550300564293,0.11869373363158954,,
scatter,id,2204,7.5814208984375,7.5814074904762725,0.11459977409951497,,
scatter,id,3937,13.665534019470215,13.66551879153123,0.24375476415185968,,
scatter,id,2439,13.96160888671875,13.961595713619161,0.23399088573595336,,
scatter,id,7374,14.398241996765137,14.398229610578177,0.2351090268731074,,
scatter,id,643,10.345069885253906,10.345056222650769,0.13601800074958198,,
scatter,id,6281,11.262564659118652,11.262553672366673,0.15030682663540323,,
scatter,id,6896,9.187911033630371,9.18790226385733,0.14574461489220664,,
scatter,id,8489,18.395523071289062,18.39551823552791,0.35116104668480524,,
scatter,id,6445,16.4335994720459,16.433595947523006,0.32396600592126423,,
scatter,id,1223,12.058517456054688,12.058509174250164,0.18049365619669974,,
scatter,id,6612,19.607858657836914,19.607850566059497,0.4689410640832494,,
scatter,id,3030,32.66032409667969,32.66033066162393,0.6477289785355405,,
scatter,id,2456,9.232793807983398,9.2327861563394,0.15355776183649458,,
scatter,id,3147,16.897125244140625,16.89712106901446,0.2037016326578084,,
scatter,id,5742,16.18844223022461,16.188440168333273,0.3358375516339808,,
scatter,id,3128,15.648387908935547,15.648389848450748,0.4793752735408166,,
scatter,id,7462,9.158445358276367,9.158442268342432,0.14944847071769843,,
scatter,id,1799,8.414434432983398,8.41443313198732,0.1115413354872614,,
scatter,id,8663,7.639619827270508,7.639619600579376,0.08642372472449641,,
scatter,id,9122,5.103745937347412,5.103743251443671,0.0418609773472518,,
scatter,id,3924,20.787076950073242,20.78709078876224,0.36621943304856874,,
scatter,id,2591,12.33326244354248,12.33326905350452,0.18177384368795285,,
scatter,id,2640,9.104582786560059,9.104587370029593,0.1147748097145865,,
scatter,id,6944,8.86340045928955,8.863404406105102,0.12351445296200855,,
scatter,id,155,10.8558349609375,10.855843871959566,0.21316015697150967,,
scatter,id,8426,8.949508666992188,8.949513869310264,0.14471122335943032,,
scatter,id,9324,10.173948287963867,10.173954543921665,0.13759353422393023,,
scatter,id,1857,12.400346755981445,12.400356667502527,0.20000565556438188,,
scatter,id,2653,15.002274513244629,15.002287884490157,0.29436198959409277,,
scatter,id,9018,9.987409591674805,9.98741811439163,0.13342078737120303,,
scatter,id,2858,20.326723098754883,20.32675657914942,0.29814803975950865,,
scatter,id,8517,18.48123550415039,18.481259812646744,0.3943986765041543,,
scatter,id,716,19.992950439453125,19.99298057618075,0.2759095732198364,,
scatter,id,6388,6.483108997344971,6.483114171839904,0.07606170148774345,,
scatter,id,2179,8.275386810302734,8.275395097920848,0.12340755773236634,,
scatter,id,5470,8.308248519897461,8.308258655301485,0.09980032120038283,,
scatter,id,7338,5.859403133392334,5.859409539234018,0.057993000658935825,,
scatter,id,9484,11.204251289367676,11.20426740906149,0.21041367356129964,,
scatter,id,97,11.072129249572754,11.072145693251539,0.16242090953250726,,
scatter,id,6995,10.338138580322266,10.338154159876256,0.13221576724262663,,
scatter,id,8655,10.740273475646973,10.740291241779866,0.1876752269435398,,
scatter,id,3017,34.33278274536133,34.33285180324952,0.6376025719752797,,
scatter,id,431,16.49736976623535,16.497398937655163,0.27606885137077736,,
scatter,id,2564,23.75072479248047,23.750773834980606,0.3053377021771185,,
scatter,id,7369,11.873141288757324,11.873160606338049,0.18099704329405877,,
scatter,id,6547,17.718564987182617,17.71859656479845,0.4008681802232581,,
scatter,id,2356,15.457505226135254,15.457530388396961,0.23682722927944827,,
scatter,id,2969,8.302268028259277,8.302279798430373,0.11502543856974368,,
scatter,id,6724,34.971744537353516,34.97181709129644,0.5843787557325613,,
scatter,id,9393,23.187698364257812,23.18774289920728,0.3720447971866611,,
scatter,id,8682,9.298511505126953,9.298520900163549,0.11642295528715788,,
scatter,id,7597,6.302454471588135,6.302459693295033,0.10235963148936672,,
scatter,id,8003,9.955388069152832,9.955400238353013,0.12805558377346296,,
scatter,id,408,12.702839851379395,12.702860401268767,0.1878562248423364,,
scatter,id,8965,7.824967384338379,7.824977447303504,0.09383079755936659,,
scatter,id,7691,19.67444610595703,19.674480576934616,0.2841172955835009,,
scatter,id,4300,9.687573432922363,9.687583290343685,0.1225894472298057,,
scatter,id,157,12.46950912475586,12.469523332567608,0.20668703329442994,,
scatter,id,142,6.500361919403076,6.500366937164735,0.07193558821129442,,
scatter,id,7103,21.51974105834961,21.51977565347283,0.4405069329984174,,
scatter,id,465,6.395827770233154,6.395830755177148,0.055310611798770254,,
scatter,id,6903,7.380636215209961,7.380641332866549,0.07356946689066654,,
scatter,id,1910,14.560649871826172,14.560668760999446,0.41668271192658246,,
scatter,id,5192,14.927135467529297,14.927150835514562,0.2603952850898099,,
scatter,id,5234,5.476432800292969,5.476434036767255,0.04964282230198316,,
scatter,id,8267,6.791718006134033,6.791721446018814,0.08754718932926212,,
scatter,id,4692,12.966484069824219,12.966499647820724,0.1867052911446945,,
scatter,id,9110,10.26037311553955,10.260386493288742,0.16644843218878827,,
scatter,id,5089,11.289958000183105,11.289974809987994,0.1551871688030729,,
scatter,id,8747,59.86185836791992,59.86204746852692,0.7783098061529934,,
scatter,id,9133,9.02811050415039,9.028128592772822,0.12288181207103833,,
scatter,id,8034,13.642992973327637,13.643024582004461,0.43950037174240386,,
scatter,id,2254,21.326936721801758,21.32699668190649,0.45851664980608775,,
scatter,id,7381,9.418756484985352,9.418779377441885,0.12031930770148745,,
scatter,id,4048,16.056921005249023,16.056961579324916,0.30296471325454283,,
scatter,id,8510,22.740253448486328,22.74031896819292,0.31275201492794047,,
scatter,id,398,15.762057304382324,15.762094415346771,0.3542282157839419,,
scatter,id,4983,17.615436553955078,17.615480066873946,0.3866943412378488,,
scatter,id,5961,8.143637657165527,8.143651424445524,0.09765964840438025,,
scatter,id,583,21.574495315551758,21.574545320441043,0.30667453136375966,,
scatter,id,393,6.641871929168701,6.641881940368988,0.07588091652765132,,
scatter,id,7247,6.631515979766846,6.631527780822622,0.07784868309562704,,
scatter,id,7657,5.89928674697876,5.899295896421132,0.08645651728498427,,
scatter,id,3171,14.640532493591309,14.640565615299277,0.23322089938060217,,
scatter,id,3627,8.02132511138916,8.02134107443793,0.10888215694588269,,
scatter,id,6894,8.133259773254395,8.133275543180618,0.11709648040938568,,
scatter,id,8488,15.344461441040039,15.34449978411627,0.31372450599123936,,
scatter,id,5027,23.155092239379883,23.155161089236127,0.4373875939166864,,
scatter,id,5582,23.232318878173828,23.232387495271997,0.5391228396376018,,
scatter,id,3039,11.654555320739746,11.654585499425671,0.1619707571112649,,
scatter,id,4651,9.677412033081055,9.677437119158691,0.09794094043298061,,
scatter,id,596,8.162017822265625,8.162040115359844,0.08797604788005782,,
scatter,id,2218,12.78738784790039,12.78742773819899,0.18583692710787977,,
scatter,id,5018,19.488187789916992,19.488257889203773,0.38495165088049427,,
scatter,id,8301,10.929586410522461,10.929623655813693,0.13719320945953306,,
scatter,id,7914,11.243365287780762,11.243405567980677,0.1604599570030745,,
scatter,id,888,8.957310676574707,8.957343415839091,0.12564107180351633,,
scatter,id,5505,11.447813034057617,11.447854736512678,0.18509973331301646,,
scatter,id,5812,12.557320594787598,12.557364294041626,0.20080673097058518,,
scatter,id,2264,12.737585067749023,12.73763139889371,0.22444974120491906,,
scatter,id,7996,5.691357135772705,5.691373397106371,0.05699580870591881,,
scatter,id,9209,8.515533447265625,8.515559780337526,0.1128751835320401,,
scatter,id,3892,10.770416259765625,10.770451990309938,0.16516696706530834,,
scatter,id,8370,15.295625686645508,15.295683240244289,0.17882911434388446,,
scatter,id,771,12.167844772338867,12.167890188410873,0.2407851209793687,,
scatter,id,1922,16.35419273376465,16.354256732900645,0.23501490796573316,,
scatter,id,562,11.445082664489746,11.445125421139819,0.22554978255219343,,
scatter,id,1918,12.271883964538574,12.27193345792873,0.1702749407080528,,
scatter,id,3167,18.706947326660156,18.70703180198748,0.26252360744095343,,
scatter,id,9262,11.488040924072266,11.488086247390454,0.12485021745512745,,
scatter,id,7918,10.406702041625977,10.406687945191202,0.201521779140184,,
scatter,id,7783,10.576009750366211,10.576055308138343,0.13765273118377194,,
scatter,id,5141,16.795820236206055,16.79590118013102,0.26948052785458126,,
scatter,id,3739,8.770779609680176,8.770815793559358,0.10062439398666852,,
scatter,id,4440,10.626262664794922,10.626301968784974,0.1684822097551486,,
scatter,id,4877,11.087450981140137,11.087497706001733,0.22591688887869385,,
scatter,id,3851,9.823278427124023,9.823318606825053,0.16100784828966702,,
scatter,id,3612,15.000983238220215,15.001047053470254,0.23294706020665815,,
scatter,id,6179,8.399703025817871,8.399734366956796,0.1026566809820976,,
scatter,id,6941,6.561952114105225,6.56197672614948,0.06990010713529834,,
scatter,id,1442,13.60692024230957,13.606977332057028,0.20236437759375825,,
scatter,id,4990,17.2412052154541,17.24127766946279,0.31273817391215014,,
scatter,id,652,13.494126319885254,13.49417839784637,0.20021476137216807,,
scatter,id,9857,10.063610076904297,10.063644967111758,0.18886576724021248,,
scatter,id,2608,10.043977737426758,10.04401392384931,0.1499712352371639,,
scatter,id,9830,9.251219749450684,9.251253821928096,0.13449697958357715,,
scatter,id,6065,7.703761577606201,7.703787410675036,0.0932373373900182,,
scatter,id,5538,9.976714134216309,9.976713196632756,0.15810315142203832,,
scatter,id,500,23.37237548828125,23.3724632974302,0.43839032227601954,,
scatter,id,7331,8.109274864196777,8.109301566103255,0.11976928702785025,,
scatter,id,6783,27.636310577392578,27.63642996213975,0.4844274572429908,,
scatter,id,5876,10.068251609802246,10.068290217702327,0.17013993756942097,,
scatter,id,9562,12.593416213989258,12.59346819312397,0.19874271610819058,,
scatter,id,649,17.49691390991211,17.49698699269985,0.2848889854484878,,
scatter,id,7040,12.550156593322754,12.550203194068757,0.16867896511807573,,
scatter,id,8944,18.234569549560547,18.234637662936173,0.33245565912964253,,
scatter,id,5474,6.450059413909912,6.4500776764391,0.06437456069309493,,
scatter,id,1786,10.99785327911377,10.997886876580028,0.15570056401954185,,
scatter,id,9987,26.51077651977539,26.510868524947913,0.5015160012151387,,
scatter,id,8630,12.955339431762695,12.955380041543606,0.22468184439278766,,
scatter,id,5905,12.27066707611084,12.27070846249692,0.20050308037801584,,
scatter,id,8068,15.261262893676758,15.261318549226232,0.2775377025541879,,
scatter,id,5199,13.937397003173828,13.937445388960565,0.269131734256665,,
scatter,id,4807,10.66328239440918,10.663317802505548,0.150932866426535,,
scatter,id,8605,17.922882080078125,17.922952755024223,0.44233416002144516,,
scatter,id,4032,7.655468940734863,7.655494454194756,0.08887294570327108,,
scatter,id,3905,21.126644134521484,21.126735391415227,0.4915398229108792,,
scatter,id,3354,11.999451637268066,11.999498259777415,0.16295559861942285,,
scatter,id,2658,6.423837184906006,6.423860607018189,0.08191581235093881,,
scatter,id,924,14.883964538574219,14.884025432746276,0.26170783926414193,,
scatter,id,7377,20.420499801635742,20.42059105483535,0.5021083966909647,,
scatter,id,873,17.74247169494629,17.742546783081874,0.2692771713918157,,
scatter,id,354,20.003231048583984,20.003315875924233,0.33112117226875043,,
scatter,id,1111,9.472582817077637,9.472617565215916,0.12679307019468056,,
scatter,id,6218,9.497822761535645,9.497858459061346,0.12416306425581378,,
scatter,id,6717,18.85280418395996,18.852884743127913,0.36103607910444313,,
scatter,id,2633,14.090466499328613,14.090521877887488,0.2181776316648558,,
scatter,id,27,18.1306209564209,18.130669052545816,0.3285806005857596,,
scatter,id,3084,7.589010715484619,7.5890357534356445,0.08898452558441157,,
scatter,id,8390,13.16901969909668,13.169028704099238,0.23012008596615977,,
scatter,id,1342,9.44691276550293,9.446947962117804,0.16449940422680562,,
scatter,id,7625,15.059601783752441,15.059666190416477,0.25132878093103167,,
scatter,id,7115,7.637597560882568,7.637628301773326,0.12136675318875857,,
scatter,id,2873,16.81447410583496,16.814517687896817,0.3851518132626928,,
scatter,id,6470,8.37710189819336,8.377134613282577,0.11144700364118271,,
scatter,id,4586,8.960365295410156,8.960399459746531,0.17251143592106535,,
scatter,id,3979,11.866692543029785,11.86674168041732,0.18953588534316881,,
scatter,id,7971,12.412705421447754,12.412706210350935,0.1459417961325427,,
scatter,id,3518,12.756265640258789,12.756318644166043,0.26693505858138766,,
scatter,id,243,12.526936531066895,12.526986393837417,0.2222649900970919,,
scatter,id,6052,10.718866348266602,10.718906139039023,0.2241015864231162,,
scatter,id,5545,9.648509979248047,9.648542742789504,0.10748698255421762,,
scatter,id,7768,13.985404014587402,13.985452814676027,0.26341305240951035,,
scatter,id,9197,16.24911880493164,16.249177860777596,0.3303311696751794,,
scatter,id,7734,23.032995223999023,23.033081040126334,0.38523954400893307,,
scatter,id,8102,6.100275039672852,6.10029329876627,0.06509152531103392,,
scatter,id,6709,25.22628402709961,25.22638700848621,0.5739386904606213,,
scatter,id,4004,46.313453674316406,46.31364238998556,1.058558435101466,,
scatter,id,1112,9.088088035583496,9.08811273200652,0.11217631870398076,,
scatter,id,3719,14.875046730041504,14.875096265736545,0.24156980010532805,,
scatter,id,8539,13.576744079589844,13.576786126093989,0.17632048346656362,,
scatter,id,9711,7.843925476074219,7.843948517049192,0.09886040975886733,,
scatter,id,7125,11.359246253967285,11.359257468132013,0.2003337941079649,,
scatter,id,3388,13.829503059387207,13.829549118465549,0.21311948567895653,,
scatter,id,2227,11.094234466552734,11.094267180737043,0.19192228940412584,,
scatter,id,8081,10.388287544250488,10.388319378058195,0.1593298912984703,,
scatter,id,5476,12.844882011413574,12.84492691296152,0.20142957668114994,,
scatter,id,797,7.246088981628418,7.246113044386711,0.09153425363169446,,
scatter,id,8557,8.557711601257324,8.557715692639654,0.15675397179053804,,
scatter,id,4403,16.99464988708496,16.994713994224718,0.27839116088168997,,
scatter,id,2817,10.588540077209473,10.588575024749971,0.13574075455636647,,
scatter,id,2044,8.568502426147461,8.568530401910909,0.0996374230914659,,
scatter,id,3560,9.173294067382812,9.173322654087402,0.10864707261615159,,
scatter,id,9430,17.191410064697266,17.19146662032632,0.2798923787481794,,
scatter,id,4830,8.282052040100098,8.282077391750066,0.09946387804732562,,
scatter,id,2725,13.36474323272705,13.364791365998759,0.26836962663337904,,
scatter,id,5011,36.39649963378906,36.39667510687704,0.7144832394681224,,
scatter,id,761,15.274799346923828,15.27486171471834,0.23593948782052707,,
scatter,id,1617,12.20156478881836,12.201614440415494,0.1825536252237095,,
scatter,id,7019,14.095683097839355,14.095739315608524,0.18613291190708833,,
scatter,id,9788,10.826399803161621,10.82643825093331,0.1438381746711173,,
scatter,id,5987,10.172359466552734,10.17239350454437,0.14089429708186677,,
scatter,id,3036,27.24772071838379,27.247843616602044,0.5183353906648409,,
scatter,id,7730,38.396636962890625,38.39683263907736,0.9138104760677945,,
scatter,id,2144,11.703570365905762,11.703565460147857,0.18518703818184776,,
scatter,id,5713,34.89927673339844,34.899476781343395,0.5724448189794359,,
scatter,id,6174,14.011465072631836,14.011420608599174,0.2748919391511906,,
scatter,id,5651,10.923941612243652,10.923995239467365,0.19590509493246885,,
scatter,id,7646,7.6036295890808105,7.603664677583341,0.09590609817309792,,
scatter,id,8349,11.223639488220215,11.22369458192348,0.14001315672278405,,
scatter,id,9971,11.199427604675293,11.199481354836935,0.17647337345637062,,
scatter,id,7206,14.275339126586914,14.275410095702103,0.2141158258771557,,
scatter,id,715,33.009159088134766,33.0093439610215,0.43272955975647986,,
scatter,id,1355,26.46576690673828,26.465901577269378,0.6215837255850196,,
scatter,id,4857,16.298450469970703,16.298527061070487,0.3587925569141832,,
scatter,id,7072,10.66806697845459,10.668093802912345,0.15977855314878142,,
scatter,id,6552,8.497414588928223,8.497450643559826,0.10897414646621226,,
scatter,id,3291,11.045027732849121,11.045020500748373,0.19635567323112016,,
scatter,id,7056,20.00737953186035,20.00746975233468,0.3106671320725081,,
scatter,id,7631,10.052111625671387,10.052153029023335,0.19060398588477323,,
scatter,id,6395,12.034110069274902,12.034073739210944,0.23319023620715898,,
scatter,id,7321,11.77940845489502,11.77946415172724,0.16996383726082712,,
scatter,id,8662,7.888934135437012,7.888969400552511,0.09076298964411648,,
scatter,id,8018,9.51084041595459,9.51088659431276,0.11300507614176471,,
scatter,id,51,18.970129013061523,18.970233935821057,0.3675767043508388,,
scatter,near,7232,21.549219131469727,21.549220400304254,0.3475830376336532,,
scatter,near,2972,20.33583641052246,20.335837542986464,0.44098136043196895,,
scatter,near,9973,29.83575439453125,29.835756431477975,0.6142958984246508,,
scatter,near,4425,27.44519805908203,27.445206075971353,0.4768089362745853,,
scatter,near,9532,30.16095542907715,30.160951009435365,0.5880763298662712,,
scatter,near,8065,10.245061874389648,10.245051740769641,0.1657732035569247,,
scatter,near,4385,23.477977752685547,23.47797367109635,0.3950881720292171,,
scatter,near,7945,33.426002502441406,33.42601559373286,0.8730080132727254,,
scatter,near,2577,23.922407150268555,23.922403641153288,0.4629872979063637,,
scatter,near,1636,20.029287338256836,20.029291759544453,0.36360923040921733,,
scatter,near,401,22.116918563842773,22.116931050055204,0.4030237587285733,,
scatter,near,3673,20.035655975341797,20.035668136997458,0.4027022212848288,,
scatter,near,6398,15.369083404541016,15.369089187845862,0.35257964433396166,,
scatter,near,8416,21.051958084106445,21.051968552632857,0.45857605970463394,,
scatter,near,5536,20.028310775756836,20.028320625687705,0.3617042807590593,,
scatter,near,7891,16.822782516479492,16.822787650855897,0.33563994451623586,,
scatter,near,9741,17.557024002075195,17.557024883468078,0.3923678800796565,,
scatter,near,470,17.63174819946289,17.631745983429475,0.2599014802341519,,
scatter,near,701,16.231212615966797,16.23120579721585,0.2528987779990638,,
scatter,near,1864,38.39408493041992,38.39407297993269,0.9360357404077899,,
scatter,near,5868,20.920574188232422,20.9205603449668,0.43937324733583727,,
scatter,near,3934,28.456432342529297,28.45642911493544,0.49421901769047777,,
scatter,near,4184,21.61897850036621,21.61896948043042,0.42487723209057005,,
scatter,near,9315,25.972999572753906,25.972981395946793,0.6416461715037479,,
scatter,near,3831,20.69668197631836,20.696660004328407,0.3872269009377197,,
scatter,near,3746,59.539337158203125,59.539340399233176,0.9474914168306833,,
scatter,near,9558,25.325231552124023,25.325208983248825,0.443112663924975,,
scatter,near,5750,32.957950592041016,32.95794145058673,0.3719368372634966,,
scatter,near,7119,42.06348419189453,42.06350338331824,0.7579124076521392,,
scatter,near,1472,28.91100311279297,28.91099293023946,0.5313080424183542,,
scatter,near,9235,24.301733016967773,24.301733479866783,0.5140150772899184,,
scatter,near,4921,27.572063446044922,27.572058754175973,0.5321187000662585,,
scatter,near,8498,18.90849494934082,18.908491136909916,0.3973223249164805,,
scatter,near,274,20.33342742919922,20.333424835121686,0.498990974057574,,
scatter,near,131,18.545454025268555,18.545447312715726,0.3214978333977921,,
scatter,near,4008,28.917638778686523,28.917623394858843,0.5202288416249577,,
scatter,near,8584,24.238683700561523,24.238657812577497,0.5001016623400717,,
scatter,near,7067,17.49647331237793,17.496448034051234,0.3298829337022773,,
scatter,near,411,9.615272521972656,9.615252460141885,0.22442823439576795,,
scatter,near,1598,24.250614166259766,24.25057922513351,0.34072832779816936,,
scatter,near,8316,32.35209274291992,32.352043346256956,0.9209741599634594,,
scatter,near,6926,33.38432693481445,33.384360403033334,0.580725366380028,,
scatter,near,7870,20.025405883789062,20.02537323715773,0.4093721003248356,,
scatter,near,6431,28.054227828979492,28.054200559768265,0.576423578672394,,
scatter,near,8630,26.115846633911133,26.115812383739286,0.38829862143730004,,
scatter,near,5474,15.385178565979004,15.38515003328904,0.3042265880172118,,
scatter,near,2176,30.34789276123047,30.34785594733148,0.612345912238498,,
scatter,near,2170,19.7085018157959,19.708470656666815,0.4085324830131239,,
scatter,near,6238,24.549043655395508,24.54901521794011,0.4739489565348946,,
scatter,near,9838,33.01362991333008,33.013599733798706,0.6813348584051047,,
scatter,near,3325,13.787613868713379,13.78759691905702,0.394011979816843,,
scatter,near,4394,22.771013259887695,22.77099209939659,0.4142249733996291,,
scatter,near,5681,33.48430633544922,33.48429794951193,0.8417562772503915,,
scatter,near,2369,18.077266693115234,18.07725728330143,0.39553704681823265,,
scatter,near,8444,21.869617462158203,21.869607726081856,0.42733113772084297,,
scatter,near,4594,19.30607032775879,19.30605533118899,0.4582626139316591,,
scatter,near,4533,15.766590118408203,15.766572683144858,0.38029915312660384,,
scatter,near,9458,28.896286010742188,28.896253017978424,0.46482815300647734,,
scatter,near,9491,24.143152236938477,24.1431185134079,0.33087395043286477,,
scatter,near,3097,23.10759925842285,23.107567074699325,0.4426424952655128,,
scatter,near,8282,21.67034149169922,21.670307572462946,0.3356925403762391,,
scatter,near,2150,28.568004608154297,28.56796965726279,0.4050243178570369,,
scatter,near,6502,11.761948585510254,11.761926141878222,0.23257526922865948,,
scatter,near,2223,37.895450592041016,37.89540636867462,0.5872457624494993,,
scatter,near,9533,29.335844039916992,29.33581220563549,0.5198010477676844,,
scatter,near,2938,24.505407333374023,24.50539085197523,0.417807028286166,,
scatter,near,1333,27.208572387695312,27.208547972102597,0.58781931284998,,
scatter,near,5287,14.912361145019531,14.91234217550227,0.34178556846584596,,
scatter,near,4627,29.670249938964844,29.670210976907594,0.6546296831311891,,
scatter,near,4195,19.488754272460938,19.48872479860265,0.43025308262353346,,
scatter,near,5454,15.235631942749023,15.235606571094484,0.30996805430574437,,
scatter,near,8318,25.864891052246094,25.8648439246553,0.5009700263768864,,
scatter,near,5519,33.33245849609375,33.33241194073929,0.8233916980917275,,
scatter,near,819,26.88045310974121,26.880417962908982,0.4661583810932801,,
scatter,near,7785,20.51545524597168,20.515420420135865,0.3778961398466984,,
scatter,near,1749,37.1540641784668,37.154034378655254,0.604412241987482,,
scatter,near,9887,28.567367553710938,28.567350411033146,0.5631570715067169,,
scatter,near,8238,34.0020866394043,34.00206557933068,0.6762323146993241,,
scatter,near,6998,10.58314037322998,10.583122237844366,0.15798560925717275,,
scatter,near,7098,26.638471603393555,26.638447080002866,0.5099077026194624,,
scatter,near,4844,15.297097206115723,15.297079331440237,0.23019653096106327,,
scatter,near,9803,28.456281661987305,28.456266790362847,0.7143238548478292,,
scatter,near,3421,10.193310737609863,10.193298784195825,0.2599551407876775,,
scatter,near,9822,22.119596481323242,22.119580619316903,0.4674304769137635,,
scatter,near,6897,24.818531036376953,24.818512324169618,0.5599014516541272,,
scatter,near,9683,25.017704010009766,25.017679504585818,0.4779006730123855,,
scatter,near,4696,17.58852767944336,17.588510564701913,0.20930617935936893,,
scatter,near,5080,27.588428497314453,27.588420757223513,0.7342269161462642,,
scatter,near,9632,19.05159568786621,19.051588971815473,0.3455954677661621,,
scatter,near,5482,28.589736938476562,28.589749585165126,0.5051248863784384,,
scatter,near,7843,30.21441650390625,30.214436548729676,0.7860896281900323,,
scatter,near,4541,25.815107345581055,25.815111208152103,0.45425212637173545,,
scatter,near,9910,18.731334686279297,18.731335043460735,0.4746459049146137,,
scatter,near,5920,22.13599395751953,22.13600240776156,0.40412507770807454,,
scatter,near,1777,24.20357894897461,24.203591431221277,0.4048235166587249,,
scatter,near,5166,25.71378517150879,25.71379084958016,0.6673488313570348,,
scatter,near,8161,33.21440505981445,33.214430657586846,0.507089884743256,,
scatter,near,4060,70.15626525878906,70.15632226694021,1.2174489311309904,,
scatter,near,772,16.57839584350586,16.57839714956288,0.28410260281289273,,
scatter,near,4672,22.363758087158203,22.363759794129592,0.3810678618497282,,
scatter,near,7933,23.732099533081055,23.73209139010054,0.33857211047674074,,
scatter,near,2139,26.818323135375977,26.81832779952513,0.4483784251477292,,
scatter,near,4930,27.75370979309082,27.753715626057854,0.6092360489291158,,
scatter,near,3098,31.18408966064453,31.18409449823105,0.5557168867033021,,
scatter,near,873,16.816675186157227,16.81666633595359,0.2631304827486832,,
scatter,near,6562,15.22488784790039,15.224877086900868,0.34716546483419425,,
scatter,near,2788,21.756690979003906,21.756675771664543,0.38280075702667726,,
scatter,near,8518,17.267881393432617,17.267862490830773,0.2866930021527287,,
scatter,near,8290,29.874221801757812,29.874210812067826,0.47541674302478276,,
scatter,near,4564,32.281097412109375,32.281070741269716,1.0086063155835245,,
scatter,near,9712,20.69192123413086,20.69190270476951,0.4529994079733585,,
scatter,near,3719,27.745891571044922,27.745864237352375,0.7427929078801938,,
scatter,near,8542,26.742786407470703,26.742770155991906,0.5738708694832486,,
scatter,near,4309,26.49964714050293,26.49961963048253,0.4839849706151092,,
scatter,near,6047,15.993621826171875,15.993602898595261,0.39758466540038334,,
scatter,near,5626,22.54728889465332,22.54726593995762,0.40864214644592417,,
scatter,near,8714,19.549150466918945,19.549128065585226,0.3879264045818924,,
scatter,near,7472,32.47233963012695,32.47229560453196,0.6310645019933376,,
scatter,near,8906,25.394495010375977,25.394443681718286,0.6196697260399218,,
scatter,near,3028,11.704408645629883,11.704379973553825,0.27483338100746224,,
scatter,near,5694,16.639484405517578,16.639449392962604,0.3013378615524181,,
scatter,near,2043,21.112674713134766,21.11263995773621,0.37690959482890474,,
scatter,near,663,19.16642951965332,19.166391748152016,0.3425800427722108,,
scatter,near,9347,14.014750480651855,14.014721935159749,0.27547901115940493,,
scatter,near,217,62.83929443359375,62.83924263524372,0.5199303015612956,,
scatter,near,9146,19.361270904541016,19.361242223200176,0.3627421440046294,,
scatter,near,1994,41.02322769165039,41.023180517002594,0.7706390087326414,,
scatter,near,7157,32.536659240722656,32.53659795252631,0.6803121138075516,,
scatter,near,2513,13.928449630737305,13.928416674694924,0.27756772691151765,,
scatter,near,5788,10.129660606384277,10.129636662195033,0.20868354658750862,,
scatter,near,391,26.31767463684082,26.317642751324712,0.596827684742439,,
scatter,near,5148,21.477598190307617,21.47756447990483,0.4058833125908551,,
scatter,near,2840,21.842321395874023,21.84229172573811,0.40078257886406254,,
scatter,near,9163,32.56963348388672,32.569614317675246,0.5176840111678775,,
scatter,near,5147,16.50780487060547,16.50779159032234,0.27341307984867014,,
scatter,near,3551,25.757722854614258,25.757715009878318,0.46352816221570886,,
scatter,near,5633,31.656110763549805,31.65610790112154,0.9631011015003108,,
scatter,near,4778,24.57698631286621,24.57698228872949,0.5599562833705274,,
scatter,near,5215,26.979644775390625,26.979655065160696,0.5757279079249017,,
scatter,near,9902,26.647214889526367,26.647231507144408,0.4919326948206201,,
scatter,near,2824,22.72374153137207,22.723746995174196,0.5161672487759621,,
scatter,near,9942,23.83514976501465,23.835145974295273,0.5024774194658054,,
scatter,near,7317,29.257055282592773,29.25706684643806,0.8947955821056897,,
scatter,near,7441,14.529431343078613,14.529430623772656,0.31479218065543485,,
scatter,near,9575,20.763633728027344,20.76363772951615,0.3714952023904329,,
scatter,near,6029,21.911237716674805,21.91123948268247,0.5045774209692548,,
scatter,near,7115,13.460807800292969,13.460804745445357,0.31106341100152046,,
scatter,near,1960,18.210922241210938,18.2109165398409,0.3013883280253767,,
scatter,near,7312,18.132217407226562,18.13221012714046,0.40116799791914703,,
scatter,near,863,24.59669303894043,24.596701664040104,0.4154583143758996,,
scatter,near,8352,16.822402954101562,16.82240380389621,0.28662251944155026,,
scatter,near,9425,55.443115234375,55.4431502083464,0.7348914978429044,,
scatter,near,6724,28.378793716430664,28.37878155240925,0.6127381453321255,,
scatter,near,7540,20.56808853149414,20.56807975593523,0.3834925948774892,,
scatter,near,9891,25.793424606323242,25.793414491343377,0.6109261434264671,,
scatter,near,4132,17.919612884521484,17.919599644404883,0.345204299366057,,
scatter,near,6515,16.553422927856445,16.553412018637516,0.373058811297331,,
scatter,near,3116,11.133652687072754,11.133643473668796,0.20586849691446038,,
scatter,near,8818,24.255889892578125,24.255891811607768,0.34904975943001904,,
scatter,near,9019,14.820599555969238,14.820593744299686,0.2789256370299011,,
scatter,near,1236,35.00959777832031,35.009621104457885,0.6446839550616682,,
scatter,near,7117,27.09772491455078,27.097739349631027,0.6422091814383576,,
scatter,near,6446,15.197009086608887,15.197007108398575,0.22426001281923935,,
scatter,near,4138,22.435266494750977,22.435275051415914,0.38459029389901445,,
scatter,near,1967,29.435894012451172,29.4359188656107,0.6269427539603303,,
scatter,near,3935,24.274953842163086,24.27496583326078,0.4243402006779053,,
scatter,near,4540,27.177560806274414,27.177586343930656,0.4798475715873235,,
scatter,near,8368,20.222043991088867,20.222057028686343,0.4151171865713441,,
scatter,near,8071,22.235883712768555,22.23590565449136,0.49313090091065354,,
scatter,near,1907,18.41400909423828,18.414027443818163,0.4154966433427036,,
scatter,near,6962,20.72677993774414,20.726799213681037,0.4458201795522676,,
scatter,near,1696,15.398693084716797,15.398706465402492,0.2946562708836656,,
scatter,near,1322,32.20847702026367,32.20852674115304,0.8565044119217472,,
scatter,near,3587,39.85923767089844,39.85928939995071,0.6670481619063281,,
scatter,near,144,21.27063751220703,21.270659171274254,0.3555871905958477,,
scatter,near,2915,24.557403564453125,24.557418805972894,0.4488324104656519,,
scatter,near,2036,14.514471054077148,14.514478346408502,0.2329577071418815,,
scatter,near,9499,33.77876281738281,33.7788175993668,0.668214640129396,,
scatter,near,2672,12.622706413269043,12.622718369985138,0.32645078766368485,,
scatter,near,5582,14.518634796142578,14.518651837633683,0.33233513582291446,,
scatter,near,1400,20.42753028869629,20.42755810075312,0.47267771246922907,,
scatter,near,4832,16.62353515625,16.623558386455002,0.276711713319562,,
scatter,near,7480,30.9517879486084,30.951828304378573,0.522378031969139,,
scatter,near,741,18.40433120727539,18.40434532046843,0.4001160807190821,,
scatter,near,9061,28.671001434326172,28.671016232258715,0.6052036286826321,,
scatter,near,4300,17.8728084564209,17.87281366756697,0.32016654061746697,,
scatter,near,5413,19.67538070678711,19.675389659718327,0.335097376697255,,
scatter,near,4351,26.584583282470703,26.584588089340993,0.5489931874057413,,
scatter,near,2544,18.76288414001465,18.76288227952694,0.36524502553692967,,
scatter,near,631,12.993642807006836,12.993636276535815,0.31532601798753257,,
scatter,near,3679,23.526031494140625,23.526035359058696,0.3731073613219494,,
scatter,near,7422,15.813048362731934,15.813048969664958,0.2726264842743706,,
scatter,near,4870,21.34755516052246,21.34755434225466,0.3714134339279177,,
scatter,near,1805,25.869667053222656,25.869683747226816,0.48723505406138273,,
scatter,near,8814,19.443065643310547,19.4430762595296,0.36518689327061027,,
scatter,near,7143,15.83459758758545,15.834604110975842,0.271174029371204,,
scatter,near,4631,29.053497314453125,29.053535492067223,0.7788588686024605,,
scatter,near,6167,20.496171951293945,20.49619022386703,0.4253974413455819,,
scatter,near,1365,38.59963607788086,38.599705175987275,0.40249780012854086,,
scatter,near,4229,19.0411319732666,19.04115886793617,0.33794628362431345,,
scatter,near,2352,24.386762619018555,24.386803862928737,0.5926293852451757,,
scatter,near,5892,16.438629150390625,16.438649458833357,0.274430288039907,,
scatter,near,5205,15.535687446594238,15.535709350094644,0.33064695777390335,,
scatter,near,3782,20.715410232543945,20.715440171778184,0.468937657063978,,
scatter,near,7677,26.943265914916992,26.943297383784387,0.5228831225761338,,
scatter,near,7377,15.184296607971191,15.18431249899752,0.295412203284522,,
scatter,near,9311,21.266878128051758,21.266910250531218,0.32736450764455094,,
scatter,near,7176,28.18149185180664,28.18155303464126,0.7398516920247491,,
scatter,near,8319,16.939302444458008,16.93933331999547,0.26503671003106805,,
scatter,near,5143,30.468400955200195,30.468478765015377,0.7073735355340398,,
scatter,near,5686,15.871092796325684,15.871128803425218,0.47050978351905476,,
scatter,near,6754,16.729755401611328,16.729798517328938,0.31874240656199443,,
scatter,near,1442,15.89622688293457,15.896262885781471,0.22995654904112942,,
scatter,near,7012,19.456817626953125,19.456867241503183,0.44490731132621936,,
scatter,near,8080,14.314702033996582,14.314738698101646,0.28022222080139814,,
scatter,near,8545,32.376888275146484,32.3770037147888,0.5761332367488539,,
scatter,near,2005,28.797222137451172,28.797324585746765,0.51458724358882,,
scatter,near,6254,19.83343505859375,19.83349852595672,0.41024962072594245,,
scatter,near,7399,29.433679580688477,29.433769665682924,0.5485443126167258,,
scatter,near,6010,30.762794494628906,30.762888229803202,0.6342541108475427,,
scatter,near,4702,20.871591567993164,20.871653257144246,0.479299254423322,,
scatter,near,9312,21.76125144958496,21.76121857637143,0.3999499885295982,,
scatter,near,1115,17.74441909790039,17.744469866842927,0.33447623449632596,,
scatter,near,1157,25.714710235595703,25.714788293640158,0.45296874479991533,,
scatter,near,64,15.477211952209473,15.477250057195493,0.25775420633831087,,
scatter,near,9976,23.85451889038086,23.854589909387933,0.4036408550941175,,
scatter,near,4415,25.940702438354492,25.940791676743597,0.41431589822643633,,
scatter,near,5372,20.40228843688965,20.402357505839504,0.34695252612972766,,
scatter,near,7281,31.98004913330078,31.98015756193412,0.7209298522764961,,
scatter,near,736,29.96894073486328,29.969042215254586,0.5983208109381586,,
scatter,near,6068,25.64373779296875,25.64383177257367,0.6065572800269261,,
scatter,near,9782,63.061729431152344,63.06202281033512,0.5020242859027004,,
scatter,near,3752,30.18990135192871,30.190041175145073,0.4871036708807268,,
scatter,near,3433,17.859182357788086,17.85925912268461,0.37250091189162854,,
scatter,near,7604,13.875293731689453,13.87534850286927,0.32469957975815167,,
scatter,near,5040,23.789308547973633,23.78941772180083,0.39718135949412364,,
scatter,near,6839,24.094362258911133,24.094469638136733,0.43738972330373105,,
scatter,near,8861,14.508025169372559,14.50808794388106,0.28933301621070545,,
scatter,near,6164,26.26576805114746,26.265660941612914,0.4872491080158775,,
scatter,near,8334,24.920560836791992,24.920683024728984,0.517314562515628,,
scatter,near,4069,36.94453430175781,36.94472171530207,0.6567821740252895,,
scatter,near,5682,31.61972427368164,31.619868782369604,0.5206148994961557,,
scatter,near,6510,15.2722806930542,15.272343780162698,0.26328550212553486,,
scatter,near,6947,23.782377243041992,23.78247753438083,0.5095765829340169,,
scatter,near,3469,19.276065826416016,19.276145671308548,0.31065627219858033,,
scatter,near,4052,14.246415138244629,14.246474192719859,0.2596287057537302,,
scatter,near,9892,28.110891342163086,28.111004837800063,0.6203737013968883,,
scatter,near,9427,30.542688369750977,30.54281770988525,0.5940809883935244,,
scatter,near,8795,26.35729217529297,26.35739573485722,0.6312792506767922,,
scatter,near,6381,22.047409057617188,22.04748696566485,0.38742216572971555,,
scatter,near,4453,19.81572151184082,19.81578919197315,0.4260946026640055,,
scatter,near,5926,22.97968864440918,22.979772841754407,0.35400122312498056,,
scatter,near,3078,24.527372360229492,24.527459169119165,0.45562536807684045,,
scatter,near,9958,24.09772300720215,24.097795987179925,0.6095894207091781,,
scatter,near,3859,18.837154388427734,18.837211464480067,0.5343781926593534,,
scatter,near,9355,13.052931785583496,13.052971038653515,0.18038931623151114,,
scatter,near,8930,14.41884708404541,14.418892493523305,0.23155848691483155,,
scatter,near,9715,44.036441802978516,44.036623826123495,1.1357730969522646,,
scatter,near,1516,21.904661178588867,21.904741014680116,0.5927745029722697,,
scatter,near,9982,22.755508422851562,22.755591953053074,0.4671123464892904,,
scatter,near,62,16.972816467285156,16.97287695729171,0.3165231593840437,,
scatter,near,1822,23.53418731689453,23.534276707555083,0.43845910147756223,,
scatter,near,7224,30.804630279541016,30.804751562497017,0.39992337119153987,,
scatter,near,8674,21.174009323120117,21.17409012878782,0.4232804047457751,,
scatter,near,6216,14.644887924194336,14.644942440035742,0.3035588122400046,,
scatter,near,5201,17.671192169189453,17.67125676072458,0.31298752513508055,,
scatter,near,2363,24.812734603881836,24.812821736612534,0.48123614487915006,,
scatter,near,2248,17.42247200012207,17.422528891223518,0.3398825352640281,,
scatter,near,810,24.12950325012207,24.12959126902506,0.48205446832041515,,
scatter,near,560,57.59939956665039,57.59966553748202,0.42399822111853197,,
scatter,near,651,25.38231658935547,25.382423276882708,0.47353010610320884,,
scatter,near,9471,22.1755428314209,22.17563649500924,0.35597580373149923,,
scatter,near,3941,23.43023681640625,23.43033093763396,0.4308333405932049,,
scatter,near,9969,29.146671295166016,29.146792591997166,0.525898547570085,,
scatter,near,472,19.151592254638672,19.151670446150977,0.39426473805904483,,
scatter,near,7695,32.00482177734375,32.004977065149,0.5268112028574289,,
scatter,near,2712,20.453237533569336,20.45332651009315,0.40410591322467254,,
scatter,near,6856,29.024944305419922,29.02507683084756,0.5060156089792222,,
scatter,near,6133,19.964685440063477,19.96470560744932,0.4482144623452899,,
scatter,near,7151,27.872549057006836,27.872675575114275,0.5335230308222156,,
scatter,near,2694,21.510726928710938,21.510816328606303,0.4082022150824962,,
scatter,near,4633,26.793384552001953,26.79349522891891,0.40940638345625474,,
scatter,near,2482,16.277942657470703,16.278002419417177,0.3182754319830992,,
scatter,near,3988,24.20138931274414,24.201492927813465,0.5533068996808255,,
scatter,near,4772,18.383955001831055,18.384031526411277,0.3077253838703023,,
scatter,near,5570,35.36259841918945,35.36275406991404,0.7952236339181264,,
scatter,near,55,24.301841735839844,24.30195528128749,0.5201334450853567,,
scatter,near,1276,17.26125717163086,17.26133306348891,0.3814326258504795,,
scatter,near,4917,12.416173934936523,12.416225779761787,0.240136296746859,,
scatter,near,1935,30.083219528198242,30.083354032563896,0.8605138347881485,,
scatter,near,9794,22.255748748779297,22.255841319369857,0.5043423366395237,,
scatter,near,1947,26.63443374633789,26.634557324853034,0.5706028991858,,
scatter,near,9727,27.578279495239258,27.578413610110985,0.48897135625760324,,
scatter,near,4945,37.21542739868164,37.21563249882003,0.5692181587906537,,
scatter,near,8322,24.88928985595703,24.889428331089952,0.5198664199499556,,
scatter,near,1610,17.996051788330078,17.996151264320176,0.3672019322309776,,
scatter,near,6616,26.21211814880371,26.212256620506007,0.4545317148907001,,
scatter,near,5258,25.313888549804688,25.314029976106724,0.49693334735631334,,
scatter,near,7177,27.712888717651367,27.71305808953887,0.4422127849598992,,
scatter,near,3553,14.227751731872559,14.227835693287116,0.21378981672061734,,
scatter,near,4092,28.59430694580078,28.594479457045708,0.5281365333540289,,
scatter,near,1449,18.563838958740234,18.56394853350981,0.3647343985236188,,
scatter,near,8640,30.088619232177734,30.0888115844179,0.5133142960135189,,
scatter,near,8548,14.785944938659668,14.786031211608341,0.2357608322474796,,
scatter,near,4577,21.95674705505371,21.95688297118166,0.35076583244931525,,
scatter,near,6815,11.651021957397461,11.651089088015114,0.24440294956825598,,
scatter,near,4761,35.11758041381836,35.11778921654157,0.9085998659694973,,
scatter,near,3707,36.091026306152344,36.0912278914591,0.8483994324829878,,
scatter,near,4483,25.93108367919922,25.931234253185433,0.3611661846528722,,
scatter,near,1738,18.955739974975586,18.955847119503566,0.3464206052459701,,
scatter,near,1220,23.433645248413086,23.43377947703651,0.255780903364019,,
scatter,near,3612,15.833209037780762,15.833294439536386,0.25965063844029024,,
scatter,near,566,20.763856887817383,20.763874616403527,0.42869756538740506,,
scatter,near,5274,17.915624618530273,17.91572594717708,0.2825208941161149,,
scatter,near,4050,20.11881446838379,20.118918150409066,0.413789513748995,,
scatter,near,6339,21.408981323242188,21.40910204536173,0.3148449894541425,,
scatter,near,5547,22.215869903564453,22.21600051972996,0.6127617815283213,,
scatter,near,2720,15.765952110290527,15.766042058879712,0.3081369943860362,,
scatter,near,1356,14.49561595916748,14.495695939532933,0.304757444207447,,
scatter,near,343,18.624086380004883,18.624194441969966,0.3736363010638444,,
scatter,near,6445,24.661518096923828,24.66141243499428,0.43629905125945323,,
scatter,near,3272,18.793880462646484,18.79397876685616,0.4138578670731287,,
scatter,near,1759,49.0942497253418,49.09452071214433,1.2717130594143804,,
scatter,near,8981,14.514012336730957,14.514080933628543,0.33599278394953697,,
scatter,near,1174,23.64876365661621,23.64887320390972,0.6112360757108182,,
scatter,near,669,29.40580177307129,29.4059449867616,0.8287298584740004,,
scatter,near,5466,28.0389404296875,28.039065750043353,0.6576926999255887,,
scatter,near,9753,30.324073791503906,30.324217735189656,0.6137142563534003,,
scatter,near,5649,20.642189025878906,20.642281968683957,0.402876192206378,,
scatter,near,9216,14.95254135131836,14.952606667499815,0.32557369313998696,,
scatter,near,8009,23.26253890991211,23.262649471508425,0.3955238446185557,,
scatter,near,115,18.26121711730957,18.26129575642429,0.35630692341694475,,
scatter,near,8424,25.05564308166504,25.05575473579907,0.39470509529988174,,
scatter,near,7805,47.03580856323242,47.03601450868336,1.3189901364574605,,
scatter,near,1145,22.149763107299805,22.14984605803897,0.500523068036211,,
scatter,near,3692,18.43889045715332,18.438959748440986,0.36187527053874596,,
scatter,near,6417,14.548861503601074,14.548912362580646,0.401037466493309,,
scatter,near,4185,29.559911727905273,29.560031953847925,0.8775396683118311,,
scatter,near,9647,21.990201950073242,21.990287331240772,0.41323310491422377,,
scatter,near,7118,48.221534729003906,48.221721778690934,1.1698530848473239,,
scatter,near,4028,14.871710777282715,14.871753450991399,0.2546110181216796,,
scatter,near,8353,27.96532440185547,27.96542831321941,0.6912298005936102,,
scatter,near,4144,38.37790298461914,38.37804459719446,1.0970133551491434,,
scatter,near,5937,17.46257972717285,17.462606776419726,0.321919026155227,,
scatter,near,9821,18.023761749267578,18.023817795651908,0.37297874634445155,,
scatter,near,1669,18.64540672302246,18.64546493589682,0.3583247305804701,,
scatter,near,2467,16.56852149963379,16.568574367697835,0.32922985069567823,,
scatter,near,7388,20.764123916625977,20.764194417988463,0.4148648542065512,,
scatter,near,8283,14.977350234985352,14.9773967738149,0.25351012501958736,,
scatter,near,9080,27.989425659179688,27.989526844921453,0.6746684928537215,,
scatter,near,8724,14.949990272521973,14.950039517611865,0.24290428696622013,,
scatter,near,2428,23.108592987060547,23.10867433318899,0.6060798714515121,,
scatter,near,1030,29.731170654296875,29.73127100774674,0.7221504169304985,,
scatter,near,3628,12.036009788513184,12.036044052203437,0.24219094230625707,,
scatter,near,9917,28.48637580871582,28.486475097524266,0.5782165225640027,,
scatter,near,9137,19.989879608154297,19.9899471646195,0.36751708151358814,,
scatter,near,9247,24.159393310546875,24.159478358671354,0.4531016185515025,,
scatter,near,6567,25.218063354492188,25.21815728321197,0.48339236220057874,,
scatter,near,6330,25.111461639404297,25.111558099341437,0.5879797621637957,,
scatter,near,654,35.05533218383789,35.05546379660594,0.9479680801206317,,
scatter,near,3502,26.626174926757812,26.626263103890633,0.5586889786708945,,
scatter,near,3727,13.187685012817383,13.187724447183019,0.22335331981562062,,
scatter,near,2406,22.750598907470703,22.750672854679518,0.4315611650850717,,
scatter,near,92,30.7508544921875,30.750957777792184,0.8067881220190022,,
scatter,near,4906,18.01571273803711,18.01576926373077,0.24753016738205225,,
scatter,near,3434,25.072120666503906,25.072196669441215,0.4881304613136647,,
scatter,near,9312,21.76125144958496,21.761317883241603,0.3427033342820969,,
scatter,near,3332,17.285470962524414,17.285434276839453,0.3158509118940427,,
scatter,near,26,21.69162368774414,21.69169110046475,0.4202458152684218,,
scatter,near,1267,18.526453018188477,18.52651009486071,0.427646499942158,,
scatter,near,1698,25.905990600585938,25.90607040576284,0.4570024426786259,,
scatter,near,3048,23.28059959411621,23.280663557419803,0.4816187957310765,,
scatter,near,2262,23.54096794128418,23.54103032183492,0.4031896379793528,,
scatter,near,7178,33.495033264160156,33.49514883044174,0.6736765178989639,,
scatter,near,9804,33.599735260009766,33.599864358830914,0.6105815021332879,,
scatter,near,8627,34.66814041137695,34.668279892322275,0.7257802765561882,,
scatter,near,7780,26.260887145996094,26.260986719055467,0.4221328780674047,,
scatter,near,2483,17.349157333374023,17.349218937407393,0.33637777712721256,,
scatter,near,2490,26.171125411987305,26.17122960249088,0.4408797886699384,,
scatter,near,6128,13.975011825561523,13.975061639569384,0.2825070531003246,,
scatter,near,3983,18.222888946533203,18.222960350420067,0.30822600276450324,,
scatter,near,8163,16.18891143798828,16.18897577415373,0.2925256062067729,,
scatter,near,2230,21.95218849182129,21.95228679785493,0.5168820840068564,,
scatter,near,6657,31.38823699951172,31.38836730222943,0.6543629774038446,,
scatter,near,1729,21.694337844848633,21.694425853830737,0.40349414032674,,
scatter,near,1216,26.68600845336914,26.68611226265062,0.5296769319421402,,
scatter,near,7973,24.3492374420166,24.349328489154594,0.5821685584495503,,
scatter,near,1592,26.457178115844727,26.45726747920996,0.40467658895264297,,
scatter,near,4101,22.04633140563965,22.046304794369142,0.4141736551718527,,
scatter,near,9364,21.63967514038086,21.63974686085603,0.3246850999262479,,
scatter,near,6870,28.84804344177246,28.848128659170936,0.5393711261670098,,
scatter,near,9769,18.70439338684082,18.704438899621465,0.2855957290086124,,
scatter,near,7585,15.953227996826172,15.95326505407747,0.3634642191514756,,
scatter,near,4904,19.71772575378418,19.717770293373583,0.2877745178327145,,
scatter,near,8506,19.13248062133789,19.13251800626175,0.334303754145708,,
scatter,near,4432,17.356306076049805,17.356336036090777,0.3642103563719265,,
scatter,near,59,21.453704833984375,21.453748478814234,0.38153739169307704,,
scatter,near,3564,12.578279495239258,12.578298100056216,0.2000999874104606,,
scatter,near,1890,23.97676658630371,23.97677015114041,0.4032439373489918,,
scatter,near,9728,23.236238479614258,23.236284067190137,0.45822300733262833,,
scatter,near,2944,20.80759620666504,20.8076383963544,0.4614547780503177,,
scatter,near,1263,16.84827995300293,16.848313919058718,0.2638832210689726,,
scatter,near,300,14.521470069885254,14.52150110005461,0.3828275873034401,,
scatter,near,2608,17.56275177001953,17.56279453871366,0.36172770401655063,,
scatter,near,9143,21.460819244384766,21.46087214184671,0.3975505952076687,,
scatter,near,6451,12.497655868530273,12.497680015419132,0.20313649333615408,,
scatter,near,3283,29.88922119140625,29.889279079372645,0.6317586821698987,,
scatter,near,2697,39.53022384643555,39.53033009463723,0.7067379135012071,,
scatter,near,4632,26.148515701293945,26.14857726693112,0.4885205650202475,,
scatter,near,4095,25.2874698638916,25.28753206307196,0.4096240068122196,,
scatter,near,8899,31.31099510192871,31.311077295312973,0.7556919893113139,,
scatter,near,9955,21.875825881958008,21.875883631514117,0.3464093194946334,,
scatter,near,6470,18.757423400878906,18.757467353846614,0.4160407017326157,,
scatter,near,4192,26.1707820892334,26.170841452696497,0.5940308413286226,,
scatter,near,476,25.258651733398438,25.258612346994713,0.4292678152379666,,
scatter,near,8169,28.3447322845459,28.344806663276906,0.5939286307504786,,
scatter,near,1119,14.000043869018555,14.000075732964907,0.2586555758743179,,
scatter,near,3948,19.989776611328125,19.989821732698292,0.3618399227138045,,
scatter,near,3127,24.041772842407227,24.041824734735417,0.5164298021985694,,
scatter,near,7304,12.762043952941895,12.762068479605023,0.2662270373890363,,
scatter,near,9502,29.666536331176758,29.66662311812385,0.680577861310726,,
scatter,near,7484,25.813068389892578,25.813138025421296,0.4066185899373782,,
scatter,near,7181,18.720754623413086,18.720802612421817,0.3956075295294111,,
scatter,near,4087,18.83863067626953,18.838683638861085,0.38564348873130616,,
scatter,near,2396,46.32316207885742,46.32331270151889,0.8874529232289207,,
scatter,near,4244,35.323822021484375,35.32392393308519,0.6951624590570513,,
scatter,near,5987,24.29973602294922,24.29979280378514,0.45182419926340744,,
scatter,near,5904,20.665746688842773,20.6657865679847,0.4386309430120668,,
scatter,near,2962,23.498971939086914,23.499022915611327,0.3832032111781191,,
scatter,near,7365,20.172679901123047,20.1726654388613,0.4948152460629842,,
scatter,near,8257,12.574812889099121,12.57481866565898,0.21007765628565137,,
scatter,near,5319,21.159650802612305,21.159697554630327,0.4058260320793536,,
scatter,near,5064,21.998258590698242,21.998304407630613,0.3883659100679115,,
scatter,near,1248,23.640962600708008,23.641016518990156,0.47062455748076226,,
scatter,near,9574,19.145782470703125,19.145826593193522,0.3507170694859924,,
scatter,near,4208,27.454208374023438,27.454287865661456,0.5106902523583771,,
scatter,near,1835,19.920015335083008,19.920066957935088,0.2954126291619309,,
scatter,near,7263,30.69785499572754,30.697958370104097,0.7844982307822013,,
scatter,near,3075,20.633258819580078,20.633323099231543,0.3735986109131538,,
scatter,near,304,15.636982917785645,15.637021787531076,0.3318705035697684,,
scatter,near,2088,14.052495002746582,14.052538734053638,0.2248445295630001,,
scatter,near,2904,28.961650848388672,28.96173320355718,0.5531201524370083,,
scatter,near,2002,29.994199752807617,29.994319795217443,0.6430247366764646,,
scatter,near,8952,24.155786514282227,24.15587479698724,0.44372401094549857,,
scatter,near,1970,28.345361709594727,28.345485762286973,0.5451864821859922,,
scatter,near,7154,24.634620666503906,24.634726392116114,0.6216896625904919,,
scatter,near,2793,31.38438606262207,31.38453587044819,0.6802619667426497,,
scatter,near,1414,19.00164222717285,19.00172827152195,0.31055895921063914,,
scatter,near,2283,20.428462982177734,20.428560245983476,0.3893017756740421,,
scatter,near,246,28.540433883666992,28.54057271191537,0.5027048380021757,,
scatter,near,9852,25.726430892944336,25.72655518579014,0.5443653905415691,,
scatter,near,3599,18.393333435058594,18.393419670868255,0.3537772116078817,,
scatter,near,2874,30.479772567749023,30.47991711229618,0.6783956654673524,,
scatter,near,6179,11.135824203491211,11.13586654713127,0.28264056566802515,,
scatter,near,787,23.728296279907227,23.7284026855579,0.4797773018148495,,
scatter,near,1237,21.147092819213867,21.147184455854276,0.3868506382469273,,
scatter,near,5583,12.828980445861816,12.829029455317524,0.27445754419407875,,
scatter,near,5429,26.94411277770996,26.94421956130734,0.6575916605103193,,
scatter,near,4001,61.43264389038086,61.432935265029684,1.3211219722972278,,
scatter,near,6928,23.971193313598633,23.971279401990497,0.4326716404288649,,
scatter,near,4125,23.94634437561035,23.946432913143653,0.5425443387409709,,
scatter,near,4022,19.065614700317383,19.065689550995277,0.38804884433696074,,
scatter,near,1408,19.69245719909668,19.692535415949767,0.45828795363749064,,
scatter,near,865,21.721628189086914,21.721718012686598,0.4824160382405994,,
scatter,near,2420,22.282987594604492,22.283077079645114,0.42322056896982,,
scatter,near,8719,29.622011184692383,29.62214942080182,0.4409477161166632,,
scatter,near,4565,29.5483341217041,29.548466860311297,0.46912142316593264,,
scatter,near,9467,34.25984573364258,34.25999611695166,0.7092992467078834,,
scatter,near,6477,17.838464736938477,17.83853954446398,0.37023971578889786,,
scatter,near,1597,14.9220609664917,14.922119349108586,0.26827614654211823,,
scatter,near,9240,20.353567123413086,20.3536517174156,0.36477464393876297,,
scatter,near,4330,18.198156356811523,18.198226681986107,0.4013098150963218,,
scatter,near,2896,21.991268157958984,21.991353597002448,0.3892587620557399,,
scatter,near,9754,38.19447326660156,38.19463418366423,1.0512981835033257,,
scatter,near,6133,19.964685440063477,19.96472838454046,0.4130201662097572,,
scatter,near,9710,24.61540985107422,24.615453937838527,0.6491418268396763,,
scatter,near,2496,18.113588333129883,18.113653545467074,0.34442089787232444,,
scatter,near,8948,16.944976806640625,16.94503531083371,0.4113217671029317,,
scatter,near,607,32.202877044677734,32.20294188625802,0.8603217640767197,,
scatter,near,8587,13.324962615966797,13.32500149863557,0.33040867936360524,,
scatter,near,4280,24.356889724731445,24.356969009083514,0.40380566965137465,,
scatter,near,2792,84.62738800048828,84.62770377016444,0.5613732839794002,,
scatter,near,6377,37.3267707824707,37.326868785892685,0.7888056613655036,,
scatter,near,3744,39.56449890136719,39.56462009008028,0.9503809950502948,,
scatter,near,3905,19.016998291015625,19.01705026975697,0.3335160938778861,,
scatter,near,4153,22.990694046020508,22.990760336009245,0.5179437963873268,,
scatter,near,9497,20.02996826171875,20.030022997288015,0.4546524511361327,,
scatter,near,2423,9.6986083984375,9.698630778654943,0.20269954311458865,,
scatter,near,7335,21.546199798583984,21.546258135632176,0.4331986637224197,,
scatter,near,7946,27.821971893310547,27.822065736453332,0.6690625620505819,,
scatter,near,3627,17.263643264770508,17.263696371942,0.3350794898460798,,
scatter,near,1979,34.13511276245117,34.13522649747893,0.6699865030892624,,
scatter,near,9863,32.33683776855469,32.33695092895723,0.6960446641096564,,
scatter,near,7279,16.955215454101562,16.955265044110718,0.3140660596732038,,
scatter,near,7733,16.49736976623535,16.49741775900753,0.3152270014899556,,
scatter,near,8478,18.879859924316406,18.879918957096475,0.3435714853802072,,
scatter,near,8618,16.11551856994629,16.115569562343413,0.3708120950265041,,
scatter,near,6048,16.609933853149414,16.609984795747312,0.39567375346650024,,
scatter,near,8263,20.520719528198242,20.520780950219308,0.33497238167773313,,
scatter,near,9099,37.751155853271484,37.75128082437873,0.97164228587517,,
scatter,mid,6726,25.4860897064209,25.486101288966182,0.5470370792318352,,
scatter,mid,8886,27.013702392578125,27.01371945749097,0.6429082592051214,,
scatter,mid,934,23.387237548828125,23.387253649600616,0.4283894430820419,,
scatter,mid,98,25.8804874420166,25.880517606931367,0.4104287021763988,,
scatter,mid,5323,28.338029861450195,28.33804889788353,0.46476618784347756,,
scatter,mid,3892,26.683517456054688,26.683524536717798,0.4121758642465472,,
scatter,mid,8418,20.252227783203125,20.252232902219397,0.431361854457691,,
scatter,mid,9654,49.489227294921875,49.48929195271452,0.6070280875025018,,
scatter,mid,7967,49.73923873901367,49.739308325929024,0.763142395172543,,
scatter,mid,5449,21.60161018371582,21.601625054877346,0.5261176614969811,,
scatter,mid,4692,29.94371795654297,29.943751775995864,0.6116572684682531,,
scatter,mid,8532,27.388368606567383,27.388403552450995,0.454095829362657,,
scatter,mid,7927,57.55219650268555,57.55230553440419,1.0896642016418883,,
scatter,mid,7788,22.435775756835938,22.435799768783404,0.5632402240708111,,
scatter,mid,3454,20.45932388305664,20.459347704865923,0.4425168614298775,,
scatter,mid,5365,18.674657821655273,18.67467297276168,0.36304515578108537,,
scatter,mid,3060,15.491791725158691,15.491806667737118,0.3998019961299939,,
scatter,mid,9465,18.176891326904297,18.1769064719884,0.35746914286592335,,
scatter,mid,6485,21.097421646118164,21.09744670753593,0.4254419455348154,,
scatter,mid,5367,15.082735061645508,15.08274946242525,0.4009018245385638,,
scatter,mid,1430,23.39398956298828,23.394018451656983,0.523404396524668,,
scatter,mid,1878,17.716707229614258,17.71672681610565,0.3323694189543336,,
scatter,mid,9051,25.942873001098633,25.942922604177966,0.5476367146236131,,
scatter,mid,8403,33.54153823852539,33.54161044794295,0.579705389985633,,
scatter,mid,9111,18.842891693115234,18.842928873340835,0.4404068518073181,,
scatter,mid,5809,23.15576171875,23.155808313904643,0.48951115587342603,,
scatter,mid,5282,23.166030883789062,23.166073866184753,0.4103999554512959,,
scatter,mid,7327,29.200565338134766,29.20061170583087,0.48664393621778346,,
scatter,mid,1295,15.747489929199219,15.747508404656942,0.3485065527949248,,
scatter,mid,6355,17.01816749572754,17.01819053619381,0.3180222478634885,,
scatter,mid,2154,40.6109733581543,40.61106679099675,0.6994919287962659,,
scatter,mid,6109,62.837562561035156,62.83773713740802,0.8279464569802678,,
scatter,mid,3644,19.084579467773438,19.08461179458524,0.42064060362650285,,
scatter,mid,6857,21.840211868286133,21.840248450638256,0.4071343274795963,,
scatter,mid,5850,36.86144256591797,36.86152905613804,0.5986375572610527,,
scatter,mid,4390,16.9852294921875,16.98526462507339,0.40148910948548266,,
scatter,mid,4799,50.503353118896484,50.50347177746796,0.7046469618926975,,
scatter,mid,5972,21.117517471313477,21.11753012790501,0.3311175523107745,,
scatter,mid,2940,17.185176849365234,17.185201351031257,0.31445616337978655,,
scatter,mid,9780,35.8250846862793,35.825150559354604,0.6555683169404778,,
scatter,mid,9786,17.477001190185547,17.477026666859445,0.44420014188868584,,
scatter,mid,9259,17.959041595458984,17.95906907795858,0.34830873273847535,,
scatter,mid,2914,17.768484115600586,17.768515872503773,0.3195967166443144,,
scatter,mid,8150,31.90968132019043,31.909745950449324,0.46847323774953636,,
scatter,mid,8335,23.82533073425293,23.825378985313428,0.4124516198688314,,
scatter,mid,5204,17.758451461791992,17.758484304282067,0.37768511759057205,,
scatter,mid,5867,26.748661041259766,26.748720258032694,0.48475602166398274,,
scatter,mid,2769,25.61886978149414,25.61891759468789,0.627893312337069,,
scatter,mid,1306,19.761926651000977,19.76195561861305,0.35169573577172086,,
scatter,mid,2458,27.420455932617188,27.420512547481966,0.4304798623437904,,
scatter,mid,4364,19.78276824951172,19.782798891778814,0.5192154663304013,,
scatter,mid,132,23.880950927734375,23.880982559849826,0.42691377786008844,,
scatter,mid,6518,17.575098037719727,17.575121504887612,0.40225888290212936,,
scatter,mid,1812,22.17209243774414,22.172120149345496,0.3850453439104595,,
scatter,mid,233,24.440431594848633,24.44047603561794,0.35606332153903497,,
scatter,mid,9258,16.330249786376953,16.330270777092355,0.3382373708333193,,
scatter,mid,4752,17.678239822387695,17.678263943380543,0.3595214460995723,,
scatter,mid,3830,24.641157150268555,24.641135154598185,0.5185689844236407,,
scatter,mid,397,18.734542846679688,18.734572873132066,0.32970385225182086,,
scatter,mid,3766,16.148988723754883,16.149011074100546,0.3450582234147929,,
scatter,mid,3261,53.786258697509766,53.78637778846293,0.9800465506630571,,
scatter,mid,4399,37.36894989013672,37.369009121198594,0.6101564764791726,,
scatter,mid,4994,39.428043365478516,39.42808813626847,0.8064524241514107,,
scatter,mid,560,32.67179870605469,32.671846371387964,0.6368733633818339,,
scatter,mid,6365,17.78829574584961,17.78831189261312,0.3474818917490316,,
scatter,mid,9404,20.09026527404785,20.090281711531507,0.4941979367587356,,
scatter,mid,9889,19.23029899597168,19.230314929065383,0.4442489048520087,,
scatter,mid,9651,32.718048095703125,32.71809913570359,0.6226461832509557,,
scatter,mid,5373,21.869707107543945,21.86973247803028,0.4150694883015436,,
scatter,mid,7440,17.196550369262695,17.196566803691685,0.34867115441347746,,
scatter,mid,4238,21.384599685668945,21.38461783903126,0.41171293550303684,,
scatter,mid,4209,29.957557678222656,29.95759051999062,0.6005928669148171,,
scatter,mid,6026,22.539161682128906,22.539177370345485,0.3840236640064289,,
scatter,mid,4228,16.078598022460938,16.078601563862517,0.34932977382639263,,
scatter,mid,3130,16.978252410888672,16.978260947140676,0.31108300136233136,,
scatter,mid,434,19.60124397277832,19.601252540016215,0.3548389239883521,,
scatter,mid,2684,18.055702209472656,18.05570800673444,0.38864336919983145,,
scatter,mid,3368,43.176856994628906,43.17688057519753,0.9299565533339734,,
scatter,mid,2773,38.87715148925781,38.877162770034246,0.5738073072799653,,
scatter,mid,6395,34.02507019042969,34.02507692471708,0.8303778975772195,,
scatter,mid,4817,18.35758399963379,18.35758171336932,0.4546967423866617,,
scatter,mid,5868,24.011425018310547,24.01142573009619,0.4035605772025336,,
scatter,mid,6579,28.53380012512207,28.533800826644956,0.7471003384634961,,
scatter,mid,6767,30.221712112426758,30.221710733521213,0.577166521812278,,
scatter,mid,2083,20.504255294799805,20.50424739927211,0.3368087650650529,,
scatter,mid,4993,29.97945213317871,29.97943799003634,0.6180002865969038,,
scatter,mid,7756,27.49171257019043,27.491711455234174,0.5417089802033485,,
scatter,mid,1760,20.117868423461914,20.117862339461578,0.3771284958170964,,
scatter,mid,5706,32.01006317138672,32.010052834248356,0.7747666125800217,,
scatter,mid,209,24.96770668029785,24.967695639840525,0.4528671730378848,,
scatter,mid,2503,28.397493362426758,28.397468897729173,0.5648623911214375,,
scatter,mid,9683,24.64492416381836,24.644902485841975,0.450052336303541,,
scatter,mid,8265,27.446340560913086,27.446333307211987,0.7618829692049753,,
scatter,mid,1755,23.285053253173828,23.285046393993678,0.52184270406611,,
scatter,mid,2453,16.4372615814209,16.437252321646348,0.38791852584982717,,
scatter,mid,4322,22.618759155273438,22.618748688482256,0.611198066152071,,
scatter,mid,954,30.87447166442871,30.87445081894166,0.5791726173470577,,
scatter,mid,2283,24.045434951782227,24.045418140642923,0.5448985890575534,,
scatter,mid,1310,35.224361419677734,35.22436253599805,0.7072502440241537,,
scatter,mid,6238,31.0225772857666,31.02256818323674,0.5669266189225366,,
scatter,mid,1813,17.554325103759766,17.554310996514932,0.33190308319155176,,
scatter,mid,7794,27.584716796875,27.584706989676576,0.4337146142033423,,
scatter,mid,9827,26.42009735107422,26.42007648889423,0.6502879694164676,,
scatter,mid,5167,38.12974548339844,38.12971907668233,0.5778076802514268,,
scatter,mid,9535,17.473726272583008,17.47370714417777,0.34600643946578263,,
scatter,mid,2112,39.085269927978516,39.08524854027184,0.7755180732680842,,
scatter,mid,6376,12.260205268859863,12.260185541851394,0.321004454419543,,
scatter,mid,2313,27.16486930847168,27.164845858029224,0.48400775505648713,,
scatter,mid,25,80.60982513427734,80.60984648714118,1.046035403422434,,
scatter,mid,5148,17.35165786743164,17.35164376835092,0.35031461533455055,,
scatter,mid,5419,30.107437133789062,30.10742275554302,0.4523556942697561,,
scatter,mid,4167,13.695944786071777,13.695930753471272,0.31036369441864325,,
scatter,mid,2538,19.694469451904297,19.69445640121065,0.36417458266957614,,
scatter,mid,7053,27.83456802368164,27.83454285748438,0.5156227645086411,,
scatter,mid,6588,25.332839965820312,25.332808903650676,0.7029226907332793,,
scatter,mid,2487,29.521312713623047,29.521274701983977,0.6774675721239347,,
scatter,mid,9616,17.022491455078125,17.022462481332752,0.3457958430870652,,
scatter,mid,6890,23.938339233398438,23.93829302622683,0.6051331459714536,,
scatter,mid,1078,22.65764045715332,22.65760563242907,0.3949799991673481,,
scatter,mid,4574,20.50305938720703,20.503031018921764,0.5652938049366868,,
scatter,mid,6566,19.303789138793945,19.30376479993171,0.46898876235305,,
scatter,mid,3375,34.8662109375,34.866166972802766,0.5131430932951276,,
scatter,mid,7980,29.36581802368164,29.365781602027564,0.4594207875452529,,
scatter,mid,2846,26.018360137939453,26.018327839804584,0.36431320576618387,,
scatter,mid,5860,23.56826400756836,23.568238938169284,0.45246663533478315,,
scatter,mid,4963,28.45490264892578,28.454870837261204,0.5326668042915554,,
scatter,mid,165,20.442142486572266,20.442117341205773,0.36627884294711494,,
scatter,mid,4665,38.607444763183594,38.60741244454128,0.8823225910222072,,
scatter,mid,514,22.63384437561035,22.633810912373676,0.37240892237129897,,
scatter,mid,4826,29.124202728271484,29.124156352190106,0.7298655056013796,,
scatter,mid,881,33.35243606567383,33.35238254533204,0.6576842888467622,,
scatter,mid,7547,29.213359832763672,29.21337376373629,0.6714251169766386,,
scatter,mid,5668,41.53098678588867,41.530916083089885,0.6045210536654645,,
scatter,mid,6719,101.26481628417969,101.26474732659425,1.0333382943525005,,
scatter,mid,6032,41.437503814697266,41.43744343965332,0.8856369819572296,,
scatter,mid,3227,31.481304168701172,31.481252259554402,0.6750455008299796,,
scatter,mid,8712,27.11358642578125,27.113541480770568,0.5374436050141782,,
scatter,mid,9045,40.74040222167969,40.740352638559095,0.9058563637011497,,
scatter,mid,5378,19.07489013671875,19.074859979348165,0.32786150658077595,,
scatter,mid,5971,22.994651794433594,22.994616381847003,0.44958238058278327,,
scatter,mid,1621,17.62320899963379,17.623178870546628,0.3884847298650038,,
scatter,mid,7779,22.047765731811523,22.047725922883384,0.5159636793744921,,
scatter,mid,1180,18.257564544677734,18.257525243560487,0.29015006201974375,,
scatter,mid,7528,18.316329956054688,18.316285637977913,0.3966541232618644,,
scatter,mid,9602,19.51836585998535,19.518318527828384,0.42634821266102524,,
scatter,mid,2548,37.41568374633789,37.415593453781916,0.4911656896071314,,
scatter,mid,833,36.729957580566406,36.72988300624515,0.6713785898697128,,
scatter,mid,3995,24.505207061767578,24.50513923669324,0.5169757770368217,,
scatter,mid,8032,33.41623306274414,33.41614017965849,0.732075489945686,,
scatter,mid,9246,34.07622528076172,34.07612215272857,0.7805585453415127,,
scatter,mid,3859,31.23244857788086,31.232481020932525,0.5033585598248881,,
scatter,mid,9774,16.355106353759766,16.355040389161434,0.33641248613604063,,
scatter,mid,3520,21.595151901245117,21.595070589628033,0.47919257213238425,,
scatter,mid,3170,43.768367767333984,43.76820935166225,0.853548396826342,,
scatter,mid,9984,18.24405860900879,18.243980737576535,0.4604780282129295,,
scatter,mid,8059,17.395967483520508,17.39589449228232,0.2725608991533949,,
scatter,mid,8509,33.203758239746094,33.203632835419576,0.48686390189949746,,
scatter,mid,4950,17.53755760192871,17.537486254971355,0.3888490679883462,,
scatter,mid,3049,20.838729858398438,20.838652428229576,0.5339633880630525,,
scatter,mid,895,18.726665496826172,18.726591511715366,0.48968874675295115,,
scatter,mid,8437,39.31043243408203,39.31032100260971,0.8337093236085992,,
scatter,mid,1280,29.185710906982422,29.18562424408149,0.44558104938715165,,
scatter,mid,4034,20.39150047302246,20.391432171301034,0.4721085273121899,,
scatter,mid,9507,24.90911865234375,24.909028962540393,0.5417185624450495,,
scatter,mid,5375,17.909500122070312,17.909431698060118,0.3631586521105661,,
scatter,mid,509,17.758405685424805,17.758342484340282,0.44283520479305505,,
scatter,mid,690,66.25582122802734,66.25563801921082,1.0747173951592652,,
scatter,mid,673,21.557315826416016,21.55723653541823,0.47673334303449966,,
scatter,mid,596,36.385459899902344,36.38534088187188,0.8265999390825733,,
scatter,mid,839,28.905746459960938,28.90565008012928,0.5147814436872936,,
scatter,mid,6188,19.658105850219727,19.658034558480313,0.3642946800988953,,
scatter,mid,472,37.732730865478516,37.73259341892052,0.5499098352937939,,
scatter,mid,5012,19.492124557495117,19.492049072150625,0.3120401608389087,,
scatter,mid,1302,25.570138931274414,25.570036976787076,0.5501809594992559,,
scatter,mid,2450,21.253246307373047,21.253157736412653,0.3702395028501934,,
scatter,mid,593,27.603038787841797,27.602934421694844,0.6065864526294381,,
scatter,mid,6465,22.152318954467773,22.152234204914077,0.45804243531124067,,
scatter,mid,4719,17.476638793945312,17.476568076639975,0.3474327029082998,,
scatter,mid,6210,26.649660110473633,26.64957248333781,0.49853485935260655,,
scatter,mid,7776,20.250558853149414,20.250488541646288,0.40539248887705964,,
scatter,mid,1842,47.39799499511719,47.39784575790778,0.5920378415241676,,
scatter,mid,4285,42.24922561645508,42.24910069686699,0.8628299690766316,,
scatter,mid,8273,37.35725021362305,37.357116385424966,0.6810857201208788,,
scatter,mid,7710,40.076446533203125,40.076289466849374,0.6171738714848689,,
scatter,mid,4803,28.840747833251953,28.840625725419347,0.5369938784703449,,
scatter,mid,9944,21.653532028198242,21.653440730983366,0.4365109252703975,,
scatter,mid,8039,20.67662811279297,20.676540439817714,0.3567087387522732,,
scatter,mid,9365,29.64708709716797,29.6469652950864,0.44313459661153504,,
scatter,mid,3025,23.772079467773438,23.771972736748644,0.4791772405456627,,
scatter,mid,2532,24.313934326171875,24.313824609055178,0.48895985756756205,,
scatter,mid,4365,21.60639762878418,21.606295708767558,0.5365329194098508,,
scatter,mid,3751,18.260326385498047,18.260233267936712,0.34307555113750454,,
scatter,mid,4336,36.570655822753906,36.57049211093949,0.6645309070114763,,
scatter,mid,9518,23.991230010986328,23.991114938090035,0.5325290329497656,,
scatter,mid,1529,32.78474807739258,32.78464611969773,0.6978943561660054,,
scatter,mid,5823,29.67116928100586,29.671023382534944,0.8186494466739045,,
scatter,mid,4531,23.70775032043457,23.70762805809246,0.4479116635075384,,
scatter,mid,9733,28.689697265625,28.689568701516126,0.5062566555926783,,
scatter,mid,8594,27.427461624145508,27.427333125338716,0.5937933082037901,,
scatter,mid,7875,24.61676788330078,24.616661534930405,0.6576226430918192,,
scatter,mid,20,34.84120559692383,34.8410762972926,0.5693367656490417,,
scatter,mid,2939,33.087764739990234,33.08765502785133,0.5364715930629644,,
scatter,mid,3048,19.747880935668945,19.747813212452666,0.4416380633965439,,
scatter,mid,9351,24.184696197509766,24.184711449237234,0.4517852314804901,,
scatter,mid,407,14.767410278320312,14.76736070442419,0.3291753383873348,,
scatter,mid,2033,31.758224487304688,31.758153612136358,0.5806608459525746,,
scatter,mid,7941,38.4460334777832,38.44597022954251,0.9593761647430767,,
scatter,mid,9805,21.294389724731445,21.29434480519623,0.40506477621088555,,
scatter,mid,7984,20.45672607421875,20.45668695839957,0.4054335860470217,,
scatter,mid,6001,34.88633346557617,34.88626048235458,0.6347870964248226,,
scatter,mid,3846,24.908056259155273,24.90800593934432,0.3580310881070107,,
scatter,mid,7045,33.11924362182617,33.1191901445064,0.6766954563815389,,
scatter,mid,5285,18.635639190673828,18.63559734002992,0.37066750964617123,,
scatter,mid,8217,16.62732696533203,16.627285480316836,0.3391221311503779,,
scatter,mid,4166,24.160795211791992,24.16074627875682,0.5741223500932237,,
scatter,mid,5392,20.561664581298828,20.561616040885777,0.44308562070950774,,
scatter,mid,2635,24.825992584228516,24.82593186529372,0.4750000219801417,,
scatter,mid,4409,22.104461669921875,22.104406670436354,0.568711258204671,,
scatter,mid,9657,29.929960250854492,29.92988527868825,0.5749474875730317,,
scatter,mid,7184,41.95191192626953,41.95183779301338,0.9145604461849258,,
scatter,mid,6413,14.739747047424316,14.739714436072147,0.34399352989246,,
scatter,mid,8860,26.049335479736328,26.049276394230734,0.4451609213232391,,
scatter,mid,2655,18.589656829833984,18.589614028408732,0.3019828528882474,,
scatter,mid,8653,36.88959503173828,36.889505650608804,0.6945038396441361,,
scatter,mid,6009,27.612733840942383,27.612666943533927,0.4174480136304354,,
scatter,mid,7115,23.400957107543945,23.400891999442152,0.5403776874230233,,
scatter,mid,8497,33.86559295654297,33.865521652339794,0.5594700378388779,,
scatter,mid,4777,19.62711524963379,19.62706457940122,0.3214167037513903,,
scatter,mid,7818,24.640880584716797,24.640825921642147,0.4562313916297524,,
scatter,mid,6946,26.02086639404297,26.020821369696638,0.4360497000365228,,
scatter,mid,8710,47.95375442504883,47.95366832936263,0.9835670662640031,,
scatter,mid,1164,26.288843154907227,26.288774607518008,0.4483505301774441,,
scatter,mid,2648,17.227914810180664,17.227867941214026,0.36513408447190254,,
scatter,mid,3778,26.017059326171875,26.01699211851383,0.6302749252771755,,
scatter,mid,7383,26.268978118896484,26.26889742920321,0.46346385472695995,,
scatter,mid,7868,18.05596160888672,18.05590369986586,0.3193060553127175,,
scatter,mid,5268,18.03972053527832,18.039658095034895,0.35677922146345165,,
scatter,mid,9521,29.524555206298828,29.524575512248774,0.5696216776356179,,
scatter,mid,3461,27.690458297729492,27.690366436470256,0.412571930236855,,
scatter,mid,8930,29.156888961791992,29.156803349423658,0.6675484613924723,,
scatter,mid,3147,16.809459686279297,16.80940616031152,0.3617328145454578,,
scatter,mid,6027,27.686443328857422,27.68635466613277,0.4494776147401857,,
scatter,mid,5440,18.595317840576172,18.595256287304892,0.42481036933736754,,
scatter,mid,7864,15.749893188476562,15.749835149717308,0.3664302423659907,,
scatter,mid,6777,21.390735626220703,21.39076676927698,0.5407273327757575,,
scatter,mid,8748,20.48586654663086,20.485798923574528,0.4017744473494679,,
scatter,mid,5978,20.39968490600586,20.399622714396173,0.46788808218966216,,
scatter,mid,161,33.32929229736328,33.329293802395966,0.5057818022817178,,
scatter,mid,392,20.704421997070312,20.704358993893727,0.580571092288642,,
scatter,mid,2558,14.935730934143066,14.935685252729165,0.32647037802449574,,
scatter,mid,7839,40.404659271240234,40.4045828653091,0.8268537620182975,,
scatter,mid,7816,22.83356285095215,22.83350451346547,0.48254273676975706,,
scatter,mid,3124,16.21883773803711,16.218794460128425,0.35208392302996344,,
scatter,mid,5517,31.1745548248291,31.17459690956965,0.44208310528887906,,
scatter,mid,808,23.55345916748047,23.553401307107546,0.5831250791100142,,
scatter,mid,6459,24.31702995300293,24.316959300644406,0.5826988822930244,,
scatter,mid,1041,30.69459342956543,30.69452637711729,0.518959726946337,,
scatter,mid,2696,28.123762130737305,28.12370779293329,0.46179633173228213,,
scatter,mid,3142,19.99500274658203,19.994953681112104,0.4083463745854201,,
scatter,mid,4485,19.668212890625,19.668163050906408,0.5191773503023017,,
scatter,mid,4147,19.371536254882812,19.37148299971764,0.4934260339550442,,
scatter,mid,8196,16.934904098510742,16.93486005052778,0.3347734969277613,,
scatter,mid,2277,25.611814498901367,25.611757788467845,0.4601115607025425,,
scatter,mid,3301,15.659098625183105,15.659060494114323,0.3835520047760354,,
scatter,mid,1958,24.833219528198242,24.833155304382114,0.5976165161731354,,
scatter,mid,8894,21.072711944580078,21.07265778052918,0.33147635402780073,,
scatter,mid,826,29.88075828552246,29.880687190445215,0.596732288202838,,
scatter,mid,5426,26.688886642456055,26.68882203286767,0.6191004344135304,,
scatter,mid,8993,19.61856460571289,19.61851274694638,0.3939546993053415,,
scatter,mid,2592,21.41769790649414,21.417640264953434,0.5472170656717856,,
scatter,mid,907,26.394977569580078,26.394920070803167,0.6266321828598657,,
scatter,mid,8105,25.00450325012207,25.004439590658905,0.5748404858740372,,
scatter,mid,3631,19.90989875793457,19.90984281453067,0.3325348723277041,,
scatter,mid,200,43.88803482055664,43.88791406243713,0.8551154127525116,,
scatter,mid,1426,24.61310386657715,24.61303892137182,0.4034643289081147,,
scatter,mid,2607,18.006025314331055,18.00597813464857,0.3010244157794433,,
scatter,mid,6040,94.68553924560547,94.685372114244,0.705229988065527,,
scatter,mid,317,19.186168670654297,19.18611436537821,0.46779332446617455,,
scatter,mid,8311,32.4349365234375,32.43486310641927,0.6771608339201507,,
scatter,mid,3389,41.44157028198242,41.44146197726559,0.6558572747624389,,
scatter,mid,3052,23.56955337524414,23.56951616375759,0.4310820530000219,,
scatter,mid,1758,23.92871856689453,23.928647566309454,0.5687446895812723,,
scatter,mid,1572,31.905927658081055,31.905850876405232,0.6142657675979688,,
scatter,mid,8963,46.47727584838867,46.4771990556004,1.0944927997043725,,
scatter,mid,2949,27.950639724731445,27.950596496946133,0.6226449056187289,,
scatter,mid,9871,26.012435913085938,26.012391825591376,0.43771402895063366,,
scatter,mid,1420,20.157371520996094,20.1573322164569,0.3915678693669755,,
scatter,mid,4664,23.94496726989746,23.944923547272662,0.5377998514667508,,
scatter,mid,8363,24.64452362060547,24.64448074103064,0.5399149716182174,,
scatter,mid,1627,23.20916175842285,23.209114456574827,0.5379429462761524,,
scatter,mid,8456,66.93659210205078,66.93654060647411,1.1323827933691,,
scatter,mid,5987,22.14762306213379,22.147635040489913,0.48835191756630997,,
scatter,mid,87,17.93850326538086,17.938479287725563,0.3164394744731883,,
scatter,mid,4958,23.856138229370117,23.856113993572134,0.5209711459487283,,
scatter,mid,3098,28.84998893737793,28.84997178356755,0.45571629290364774,,
scatter,mid,3185,44.00874710083008,44.00874948482772,0.8215543564802376,,
scatter,mid,5802,27.135143280029297,27.135141279406582,0.4787089883345406,,
scatter,mid,9809,27.743091583251953,27.743078794648046,0.6252184828009121,,
scatter,mid,4525,26.6435546875,26.643553245735163,0.6567737629464631,,
scatter,mid,5382,34.723812103271484,34.723815648103724,0.5074331419348562,,
scatter,mid,3422,23.0886173248291,23.08860691950833,0.5797567082134095,,
scatter,mid,3037,30.30399513244629,30.30398588241944,0.6610241259569684,,
scatter,mid,1339,15.679459571838379,15.679448683841192,0.3512125778512862,,
scatter,mid,9230,21.77321434020996,21.773200737851607,0.5001089022560236,,
scatter,mid,3308,18.936248779296875,18.936231585706064,0.3460456201874045,,
scatter,mid,9392,19.356637954711914,19.356615213104686,0.38926536315557836,,
scatter,mid,8699,16.02644920349121,16.026425631977464,0.33380718108689195,,
scatter,mid,5538,17.798215866088867,17.798187713631762,0.3678443683023533,,
scatter,mid,5616,18.34671974182129,18.346694290323875,0.3384045277163255,,
scatter,mid,2499,20.890241622924805,20.890210882836477,0.5032195108508714,,
scatter,mid,3347,20.091751098632812,20.091725745085167,0.4719224188844861,,
scatter,mid,9864,21.20639419555664,21.20636406185169,0.4335913226934561,,
scatter,mid,7401,27.648115158081055,27.648066795784516,0.6090154444312884,,
scatter,mid,167,20.230924606323242,20.230883490242437,0.3957265622652079,,
scatter,mid,1232,23.294963836669922,23.294917437454217,0.4593360379408752,,
scatter,mid,8981,38.695472717285156,38.6954282988077,0.6232518873958109,,
scatter,mid,116,51.84606170654297,51.845983328520916,0.9203930502389701,,
scatter,mid,9950,23.26872444152832,23.26867473955687,0.5339269755445887,,
scatter,mid,2221,18.12950325012207,18.129459038796174,0.41217991008193205,,
scatter,mid,6386,18.262453079223633,18.26241039412282,0.3143978181747627,,
scatter,mid,4011,27.03996467590332,27.039897521282835,0.5887281352406435,,
scatter,mid,9238,18.386552810668945,18.386506594197577,0.3580702688286325,,
scatter,mid,3425,15.975920677185059,15.975877055628455,0.3206629007375786,,
scatter,mid,184,21.20955467224121,21.209594159510146,0.5338469105917093,,
scatter,mid,5933,24.68733024597168,24.687282424247265,0.3741652408057394,,
scatter,mid,7182,20.752742767333984,20.752696501456555,0.4849804590584905,,
scatter,mid,3486,21.341474533081055,21.341430007598333,0.45315187208575664,,
scatter,mid,6885,25.56987953186035,25.56983277348384,0.4629474783686285,,
scatter,mid,7829,17.726673126220703,17.726633677026896,0.39332759482068735,,
scatter,mid,6335,24.55522346496582,24.55517756792691,0.5496062379359007,,
scatter,mid,8990,43.348114013671875,43.348049485019594,0.6101724468820076,,
scatter,mid,9723,18.118078231811523,18.118035113304717,0.40284382552329906,,
scatter,mid,9586,17.544452667236328,17.544410369824977,0.3622681424484868,,
scatter,mid,2974,19.52695083618164,19.526904656459422,0.5204813869284551,,
scatter,mid,6529,22.05860710144043,22.05855717620431,0.4409313198364193,,
scatter,mid,9416,18.9085693359375,18.908523495054123,0.3294640832705915,,
scatter,mid,8789,21.396936416625977,21.396880851054085,0.5343079228868794,,
scatter,mid,6093,16.2050724029541,16.205024459922722,0.34732985351404244,,
scatter,mid,2036,21.33626937866211,21.336208056796938,0.3784191173048684,,
scatter,mid,1305,17.805503845214844,17.80544836357745,0.3343904201984259,,
scatter,mid,6633,41.79548645019531,41.79538392202951,0.6078844205025141,,
scatter,mid,9069,30.352975845336914,30.352876679326826,0.735348570772042,,
scatter,mid,6920,26.401758193969727,26.401666266958227,0.6136017182480897,,
scatter,mid,7240,28.332555770874023,28.332456368276404,0.5721388260611174,,
scatter,mid,6703,24.33582878112793,24.335748175158912,0.3294619538835468,,
scatter,mid,3290,23.64128303527832,23.64120531856925,0.5635705984707909,,
scatter,mid,2567,28.116302490234375,28.11620080761491,0.540643647864902,,
scatter,mid,1634,27.967145919799805,27.96705550741771,0.6530104972224251,,
scatter,mid,5366,17.2526912689209,17.252631000787847,0.4496771383062709,,
scatter,mid,1869,23.614328384399414,23.61437045558092,0.4299187688575209,,
scatter,mid,4090,27.76377296447754,27.76369135932067,0.6512665292328438,,
scatter,mid,9267,19.114051818847656,19.113995292687374,0.37923169140111285,,
scatter,mid,1753,20.56351661682129,20.563457582131488,0.33494789372671946,,
scatter,mid,7698,23.062715530395508,23.062649261811327,0.49620105115165275,,
scatter,mid,5795,15.955367088317871,15.955321849607998,0.3874343032358702,,
scatter,mid,5765,18.72502899169922,18.724978557328583,0.38028637680433586,,
scatter,mid,4429,18.80715560913086,18.807105506710794,0.35324039313392147,,
scatter,mid,5452,18.662267684936523,18.662213517503314,0.38629252590252033,,
scatter,mid,3463,19.88772964477539,19.887674468685677,0.3530909101633859,,
scatter,mid,3373,55.96179962158203,55.96170691279978,0.9072508992767014,,
scatter,mid,1805,30.525909423828125,30.525852762363346,0.5260744349399744,,
scatter,mid,7380,24.490083694458008,24.490047046666977,0.4165396171171809,,
scatter,mid,8953,20.847871780395508,20.847843157724583,0.34674618852509953,,
scatter,mid,610,30.94560432434082,30.945578724453974,0.6899261898448658,,
scatter,mid,6925,20.583389282226562,20.58336143672124,0.35535487446927466,,
scatter,mid,8556,19.765583038330078,19.76555199570508,0.4447833810002198,,
scatter,mid,7931,41.17939376831055,41.1793276035233,0.8558255633319076,,
scatter,mid,290,18.099838256835938,18.09987505112067,0.3879012778147654,,
scatter,mid,1377,46.43888473510742,46.43882530345478,1.0572883621986753,,
scatter,mid,3818,27.62512969970703,27.625081673832682,0.44869911083665587,,
scatter,mid,5408,22.070419311523438,22.070375724041522,0.35149898040879374,,
scatter,mid,425,32.055118560791016,32.05507614700241,0.701955949015001,,
scatter,mid,2695,37.63713073730469,37.637105108319346,0.6853291626234889,,
scatter,mid,9181,31.962438583374023,31.96243071171064,0.8036401426815205,,
scatter,mid,8908,37.169883728027344,37.16989080587758,0.68887757319472,,
scatter,mid,1043,40.832820892333984,40.83281183119805,0.7451065933735754,,
scatter,mid,5130,38.3492431640625,38.34924536974923,0.538378618865491,,
scatter,mid,360,29.827037811279297,29.827043812925318,0.5004589734861666,,
scatter,mid,2515,15.22651195526123,15.226509913390197,0.35297592326297395,,
scatter,mid,1652,24.550912857055664,24.550919779151275,0.5933647690610511,,
scatter,mid,9840,15.432129859924316,15.432130442352786,0.35515662853541624,,
scatter,mid,7114,29.826801300048828,29.82680561300101,0.5826012498970264,,
scatter,mid,5875,16.794462203979492,16.794454519510932,0.290597446237828,,
scatter,mid,2251,22.523662567138672,22.52365133834604,0.46666411051638823,,
scatter,mid,4172,34.4806022644043,34.48060177530425,0.7002824637365981,,
scatter,mid,3865,38.18885803222656,38.18883914752799,0.5977864412592997,,
scatter,mid,709,38.24333953857422,38.24333849195476,0.811737882204328,,
scatter,mid,1513,28.461467742919922,28.461461635986694,0.6944993679313424,,
scatter,mid,8076,31.553272247314453,31.553274123996697,0.5189618563333815,,
scatter,mid,172,30.402713775634766,30.402713478090188,0.6369211681209866,,
scatter,mid,5302,27.023658752441406,27.02364502006481,0.5711051151202844,,
scatter,mid,8381,20.3479061126709,20.347893770142445,0.3843737352365719,,
scatter,mid,4691,36.968746185302734,36.96875447110849,0.8651297070848707,,
scatter,mid,925,18.02008056640625,18.020075757678374,0.3646209021941381,,
scatter,mid,3819,25.488554000854492,25.488543811628947,0.44177242771906233,,
scatter,mid,7644,17.502756118774414,17.50274690222124,0.29349383849598254,,
scatter,mid,7683,34.36399459838867,34.364005463103766,0.6677570348534974,,
scatter,mid,2835,45.499290466308594,45.49931292854338,0.7716119256733491,,
scatter,mid,4456,19.779922485351562,19.779921483850032,0.35811285656952585,,
scatter,mid,7619,19.890756607055664,19.890760438720303,0.39234403094475623,,
scatter,mid,715,29.54391098022461,29.543916242337442,0.6912277776759177,,
scatter,mid,6164,36.80488586425781,36.80488368403312,0.5932773577228676,,
scatter,mid,5947,34.39780807495117,34.39781659519781,0.5680897965956853,,
scatter,mid,1219,38.67351150512695,38.67353790552009,0.6873839146522391,,
scatter,mid,7715,58.64388656616211,58.64394198836431,1.107755367504017,,
scatter,mid,6253,30.903518676757812,30.90352400913138,0.4640656195057825,,
scatter,mid,1084,19.319490432739258,19.31948463075117,0.38442909929973323,,
scatter,mid,2223,17.46014404296875,17.460136559215957,0.34689332916988597,,
scatter,mid,7791,33.135372161865234,33.13536590150518,0.6453770705447069,,
scatter,mid,1375,56.21629333496094,56.21632315721675,0.8133034075595663,,
scatter,mid,6262,20.149869918823242,20.1498711232069,0.4355267225783529,,
scatter,mid,6468,14.442066192626953,14.442064526812294,0.31447724431152874,,
scatter,mid,1056,29.6552734375,29.655286982486967,0.6195340840851765,,
scatter,mid,2555,16.6572265625,16.657227347969815,0.32291579223083505,,
scatter,mid,5726,33.23075485229492,33.2307666665253,0.6704532647294532,,
scatter,mid,8739,26.197481155395508,26.197487858731442,0.5987009065256315,,
scatter,mid,6202,29.74470329284668,29.74470613764853,0.6492567072707359,,
scatter,mid,1963,23.225072860717773,23.225073247762055,0.5175424069294073,,
scatter,mid,1261,20.262868881225586,20.262864041539963,0.4154849317139579,,
scatter,mid,2371,17.429279327392578,17.429278369163942,0.3229911725322162,,
scatter,mid,5904,22.447566986083984,22.447564337533947,0.5542352591976236,,
scatter,mid,4869,26.765583038330078,26.765570802775162,0.4998557181364128,,
scatter,mid,2354,18.0758056640625,18.07579305633868,0.3917412014724113,,
scatter,mid,5991,28.28374481201172,28.28372206189409,0.43094768867750344,,
scatter,mid,6927,14.968278884887695,14.968257899889364,0.3328048786049677,,
scatter,mid,4792,32.99489974975586,32.99488596531703,0.6338246134806336,,
scatter,mid,7360,20.56585693359375,20.565838927732546,0.4930295420873274,,
scatter,mid,8086,20.938695907592773,20.938683684840882,0.3700325264294519,,
scatter,mid,9341,19.693737030029297,19.69372618005869,0.38123587048755236,,
scatter,mid,8646,26.852651596069336,26.852648026424056,0.5484286336655243,,
scatter,mid,4754,18.153255462646484,18.15325009516875,0.3160695999435299,,
scatter,mid,1582,19.71474838256836,19.714744899882042,0.4853628969717125,,
scatter,mid,3199,37.61073684692383,37.61074983144537,0.6427484487074192,,
scatter,mid,6914,22.845718383789062,22.84571219914248,0.4377845116618121,,
scatter,mid,5088,26.03068733215332,26.030679088764305,0.5313934308388453,,
scatter,mid,143,17.767433166503906,17.767421244289853,0.3410679650317936,,
scatter,mid,7409,20.357572555541992,20.357564800682017,0.5453623163212055,,
scatter,mid,6964,24.935192108154297,24.93518715093504,0.5817823941090001,,
scatter,mid,1670,23.108362197875977,23.108357968206636,0.40373987159169444,,
scatter,mid,7841,18.511674880981445,18.511667801061307,0.35407639048765727,,
scatter,mid,9191,19.02084732055664,19.02083658628823,0.4446741434448285,,
scatter,mid,8621,26.75151824951172,26.75149742535518,0.3877483878249584,,
scatter,mid,5054,28.970365524291992,28.970358317035867,0.4873072402821969,,
scatter,mid,7617,42.06373977661133,42.06374332836299,0.6681041249417778,,
scatter,mid,1157,16.631563186645508,16.63155417127806,0.4090313983976891,,
scatter,mid,9611,23.104724884033203,23.104720082194945,0.6204276813584706,,
scatter,mid,6757,56.3802375793457,56.38023509490223,1.0847885441257168,,
scatter,mid,5206,38.64524459838867,38.64522235589573,0.7207540713759589,,
scatter,mid,1048,22.096721649169922,22.096703854920936,0.554205341309646,,
scatter,mid,5798,34.56740951538086,34.56741135490019,0.5861078180128299,,
scatter,mid,125,33.56540298461914,33.565420672843366,0.6638886838788051,,
scatter,mid,2698,29.024364471435547,29.024381450245915,0.6212723027297373,,
scatter,mid,8994,19.064456939697266,19.064460635362,0.3982411554262538,,
scatter,mid,248,30.679391860961914,30.679402164752393,0.6382562937979921,,
scatter,mid,3612,41.37002182006836,41.370037439714764,0.7593148219597561,,
scatter,mid,8050,21.85254669189453,21.85254836524114,0.35199193350963387,,
scatter,mid,2651,25.92680549621582,25.92679701860659,0.6213692963096218,,
scatter,mid,5505,26.950061798095703,26.950060751960397,0.41857658876410825,,
scatter,mid,872,21.78902244567871,21.789017350517927,0.424087229496999,,
scatter,mid,5311,26.695087432861328,26.69509514082861,0.5176789006389704,,
scatter,mid,3539,16.75493621826172,16.75493518842709,0.44623477120986405,,
scatter,mid,753,17.236337661743164,17.236341204163477,0.34198828611249815,,
scatter,mid,9129,50.87223815917969,50.87229806691893,0.7369344317735569,,
scatter,mid,3545,18.542404174804688,18.54241140360529,0.2929167746068781,,
scatter,mid,6690,29.6035099029541,29.603534260827697,0.5313461584464537,,
scatter,mid,995,31.720783233642578,31.72082054936748,0.4426748619485917,,
scatter,mid,9419,21.712112426757812,21.712129651897033,0.4943550855226319,,
scatter,mid,4895,26.619726181030273,26.6197632128108,0.48706598073003626,,
scatter,mid,2820,22.212261199951172,22.212287713279974,0.4354969111597276,,
scatter,mid,4909,25.953210830688477,25.953254163909588,0.5140195490027122,,
scatter,mid,7959,16.398971557617188,16.398994478227646,0.3386017089566616,,
scatter,mid,6763,25.857086181640625,25.857143391181847,0.6493000402970949,,
scatter,mid,1576,23.206300735473633,23.206347616396048,0.5390042327792138,,
scatter,mid,5252,18.660747528076172,18.66078706781132,0.3957380609552491,,
scatter,mid,196,50.38172149658203,50.38187208661549,0.925413612543531,,
scatter,mid,8111,20.410091400146484,20.41013329842955,0.46396851945654577,,
scatter,mid,5284,35.288265228271484,35.288357033162846,0.47588094940051995,,
scatter,mid,2438,26.503414154052734,26.503489679106544,0.4855788168180416,,
scatter,mid,4542,20.345895767211914,20.345955473013547,0.4177557100583896,,
scatter,mid,1055,36.53082275390625,36.530960964432154,0.6896162575605146,,
scatter,mid,5950,22.553842544555664,22.553813505062227,0.4223553990135723,,
scatter,mid,1255,32.916202545166016,32.916343820859275,0.6270004603492406,,
scatter,mid,7180,16.17412757873535,16.174188484878048,0.32015951364021955,,
scatter,mid,8306,65.85260009765625,65.852919907759,0.677394214740246,,
scatter,mid,7025,21.611326217651367,21.611411171488687,0.3794559158569162,,
scatter,mid,9174,23.43171501159668,23.431814549357377,0.46867446482525726,,
scatter,mid,7363,39.419803619384766,39.41999216919564,0.6967682298274338,,
scatter,mid,631,45.65497589111328,45.65520157741703,0.9482243518514573,,
scatter,mid,347,20.163026809692383,20.16311675143082,0.3713116492271827,,
scatter,mid,3629,18.390657424926758,18.390733857439535,0.38101015546081773,,
scatter,mid,2217,20.168479919433594,20.168569303565405,0.5277587800923051,,
scatter,mid,4303,26.024003982543945,26.023938618120905,0.5964206524088511,,
scatter,mid,8089,21.10244369506836,21.102537996755775,0.3020669636765117,,
scatter,mid,8812,24.79546546936035,24.79558807002359,0.6029855526675559,,
scatter,mid,8396,24.64354133605957,24.64366538819354,0.5054276852161899,,
scatter,mid,2370,20.151290893554688,20.151388409938935,0.3672355765462833,,
scatter,mid,2343,28.732425689697266,28.732576693375613,0.5365846635150362,,
scatter,mid,335,21.327634811401367,21.327738798594726,0.4701908013397638,,
scatter,mid,9059,34.95600128173828,34.95618049378575,0.7090939737967776,,
scatter,mid,9982,22.16307830810547,22.163180012411967,0.48616354650050686,,
scatter,far,1139,51.77946853637695,51.779482957848316,1.015489559205407,,
scatter,far,2400,54.77266311645508,54.77270397401186,1.2662393635467146,,
scatter,far,6528,41.63821792602539,41.638230905759855,0.8901935508247578,,
scatter,far,1606,61.8589973449707,61.85906242747335,0.6931062164573697,,
scatter,far,2195,32.93229293823242,32.93230779123943,0.6345154931072754,,
scatter,far,7195,53.448917388916016,53.448961642499086,1.119875732092903,,
scatter,far,1815,48.188568115234375,48.18861437100661,1.0874281323062847,,
scatter,far,2884,58.55989074707031,58.55996954763109,1.302117618800994,,
scatter,far,5189,29.390583038330078,29.39061741948264,0.7520598938292273,,
scatter,far,7308,151.4217529296875,151.42203571010762,1.6645819880133677,,
scatter,far,2904,77.41707611083984,77.41720233657158,1.3611153744846762,,
scatter,far,3790,61.477882385253906,61.477947487007505,1.3675728471669777,,
scatter,far,1921,53.584991455078125,53.58505494816917,1.0554334531440668,,
scatter,far,6286,61.27111053466797,61.27117795336892,1.2860920648415433,,
scatter,far,3203,46.98992919921875,46.98999517095871,1.080620056047079,,
scatter,far,3608,54.14936447143555,54.14945604897553,1.0734232601828695,,
scatter,far,6976,58.49652099609375,58.49660197440664,1.3785694277430411,,
scatter,far,7027,120.09642791748047,120.0966525126099,1.4668800593102127,,
scatter,far,616,165.83804321289062,165.83842419480158,1.2545148520094322,,
scatter,far,1696,81.11194610595703,81.1120626499482,1.7592175911539865,,
scatter,far,9133,46.746524810791016,46.74659798775699,0.8990697942510952,,
scatter,far,2282,62.48556137084961,62.48544247309512,1.2684872509804161,,
scatter,far,1398,119.90568542480469,119.90594312607493,1.2845410193182087,,
scatter,far,5848,46.14459228515625,46.1446593800318,0.873548664643366,,
scatter,far,2360,64.5843505859375,64.58448842392433,1.2351709677489264,,
scatter,far,4013,70.45365142822266,70.45381607185095,1.394154198584246,,
scatter,far,5012,107.75130462646484,107.75163527719977,1.197668416056976,,
scatter,far,5995,188.1663818359375,188.16695808016706,1.5647363603558888,,
scatter,far,7404,47.72787857055664,47.72798033149045,1.2139514129101268,,
scatter,far,5999,49.28765106201172,49.287743517494924,0.9428448813605179,,
scatter,far,6206,42.519039154052734,42.51911207968852,0.66489865215409,,
scatter,far,714,72.07417297363281,72.07435613546573,1.3873456964476314,,
scatter,far,5555,46.93509292602539,46.935184801971666,0.7189575075263743,,
scatter,far,8919,49.568817138671875,49.5689090686603,0.9283112824339123,,
scatter,far,462,99.92964935302734,99.92989812178413,1.82343330332127,,
scatter,far,7595,50.13335037231445,50.13343004327287,1.3879574693455639,,
scatter,far,5157,92.83135223388672,92.83149909573679,1.4156412044358557,,
scatter,far,6635,67.7564926147461,67.75657420209757,1.7225430516143543,,
scatter,far,3597,63.580135345458984,63.58020448786564,1.6555616383187826,,
scatter,far,2726,45.52711868286133,45.52714448680468,0.7685548711626746,,
scatter,far,8475,60.288116455078125,60.288144610875996,1.4020420870138017,,
scatter,far,9402,52.974544525146484,52.97453536429584,1.0558879708087507,,
scatter,far,6092,154.0660400390625,154.06620241928655,1.6052053611397632,,
scatter,far,3873,60.699039459228516,60.699059337480335,1.1141845193386244,,
scatter,far,7959,52.02714920043945,52.02717803071038,1.2750432078135334,,
scatter,far,8027,52.271270751953125,52.27128700527986,0.9281161241112686,,
scatter,far,35,33.58433151245117,33.58434308649058,0.7106890976319368,,
scatter,far,8684,65.828857421875,65.82888287570776,1.4422441957489653,,
scatter,far,9177,78.3445053100586,78.34453689690726,1.3265518027917735,,
scatter,far,3108,77.53791809082031,77.53794527061993,1.6379166855118634,,
scatter,far,4694,77.93983459472656,77.93988646116878,0.8102694568983264,,
scatter,far,4593,61.864341735839844,61.864355627160535,1.2420761440573689,,
scatter,far,6656,50.44761657714844,50.44761346804146,1.1805550647257577,,
scatter,far,467,85.7010269165039,85.70102971663191,1.415095016658899,,
scatter,far,94,71.85629272460938,71.85629105697932,1.5334662583702945,,
scatter,far,3957,63.42976760864258,63.42972438770401,1.0188697482001094,,
scatter,far,4982,174.35635375976562,174.3563964028376,1.5518732123311474,,
scatter,far,6968,34.11139678955078,34.111362317754484,0.6644736264999748,,
scatter,far,9531,81.890380859375,81.89031637196385,1.772187687643046,,
scatter,far,9174,107.95108032226562,107.95096652249704,0.848731297453899,,
scatter,far,6148,74.76608276367188,74.76619038597963,1.434953467298748,,
scatter,far,8730,75.17451477050781,75.17434388292848,1.2830403337984804,,
scatter,far,9011,49.88443374633789,49.88433500054872,1.0477788390652543,,
scatter,far,8314,58.42667007446289,58.426570230336516,1.1498430218498943,,
scatter,far,8689,69.73706817626953,69.73697537094442,1.4059299218799526,,
scatter,far,2233,47.44367980957031,47.443614994552306,1.099997371684186,,
scatter,far,3283,46.2758674621582,46.27582603253851,0.7345271597195621,,
scatter,far,4744,60.85908126831055,60.85902851398939,1.0035521089636579,,
scatter,far,2435,58.08735275268555,58.08727546354877,1.2914242629400912,,
scatter,far,1787,70.84435272216797,70.84424711718988,1.5930838786226789,,
scatter,far,4412,18.297636032104492,18.297592860371857,0.31873154668806664,,
scatter,far,9038,35.7910270690918,35.79095724139893,0.6455055790528526,,
scatter,far,6840,108.96891784667969,108.96883065942609,1.20856491544194,,
scatter,far,2422,41.016807556152344,41.01672234914994,0.861791041137539,,
scatter,far,6153,62.52219772338867,62.5220950414405,1.3296893481327363,,
scatter,far,2836,46.12944412231445,46.12934224837011,0.6621026604950916,,
scatter,far,6772,54.72045135498047,54.7203637334059,1.1926162323548017,,
scatter,far,4864,54.21845626831055,54.218381611935776,1.1901955451624255,,
scatter,far,4111,52.292057037353516,52.2919843072732,0.8870021319915649,,
scatter,far,6291,71.57051849365234,71.57042835392426,1.1846416778725282,,
scatter,far,1720,122.58837890625,122.5882679558111,1.4854395306181398,,
scatter,far,4884,73.96980285644531,73.96968308130076,1.449523159335761,,
scatter,far,6863,33.16071701049805,33.160627965593406,0.5687145587545903,,
scatter,far,3433,89.193359375,89.19315691635651,1.3611582816336263,,
scatter,far,3414,61.51862716674805,61.51850072146902,1.7118419234907383,,
scatter,far,5156,51.95689010620117,51.95677002216193,1.0755361444779392,,
scatter,far,7883,62.879737854003906,62.87961776406549,1.5097439284685468,,
scatter,far,8803,64.73761749267578,64.73748650475562,1.3327930362196891,,
scatter,far,3538,55.869991302490234,55.869845767747485,1.0247196002892154,,
scatter,far,8438,78.43746948242188,78.43727954730393,1.4782267111164193,,
scatter,far,4591,57.7186279296875,57.71846659240112,0.9817283405509343,,
scatter,far,3567,55.434898376464844,55.434738161318535,0.926277504867552,,
scatter,far,2002,42.55097961425781,42.55084858231256,1.096097292842528,,
scatter,far,9134,54.147579193115234,54.14741743515527,1.28951249925139,,
scatter,far,4888,73.3802719116211,73.38005273880441,1.242965269617869,,
scatter,far,395,60.380271911621094,60.38031243982022,1.205651381618076,,
scatter,far,3383,91.93314361572266,91.93290138732554,1.5920318017185857,,
scatter,far,32,53.422508239746094,53.422320824570804,1.135638519691042,,
scatter,far,8313,51.70185470581055,51.7016825729572,1.0210189385442907,,
scatter,far,8881,41.597320556640625,41.59716048012723,0.8274735201176475,,
scatter,far,588,76.16020965576172,76.15991557801668,1.275925732274195,,
scatter,far,5319,68.65457916259766,68.65429378840511,1.19160498644729,,
scatter,far,4258,54.69027328491211,54.69003180992497,1.1132797427833458,,
scatter,far,6870,81.30707550048828,81.30671838187293,1.79360266697787,,
scatter,far,1667,67.68984985351562,67.68950992480531,1.3709216277027714,,
scatter,far,7246,73.84774017333984,73.84733508649646,1.5934222914587526,,
scatter,far,8993,52.38786315917969,52.38758438408134,1.2313299793977581,,
scatter,far,4290,48.34353256225586,48.343291946378095,0.7961339468797212,,
scatter,far,7234,38.44499206542969,38.4447859806105,0.659593710209714,,
scatter,far,7405,39.62154006958008,39.62130882598359,1.0309099413667635,,
scatter,far,5456,77.45369720458984,77.45324640599091,1.6868372767106927,,
scatter,far,5086,79.45236206054688,79.45194145310731,1.2399912612019366,,
scatter,far,6246,74.15849304199219,74.15811145116281,1.6993979985404155,,
scatter,far,1251,73.39396667480469,73.39361612941399,0.9612508770972006,,
scatter,far,7472,59.971702575683594,59.97141869668124,1.165812359991366,,
scatter,far,5809,184.57315063476562,184.57246349334042,1.027842878736979,,
scatter,far,2232,93.16650390625,93.16613593382695,1.5771290735477872,,
scatter,far,8866,74.32894897460938,74.32870093881202,1.357816102197671,,
scatter,far,5955,43.36347961425781,43.363284107021734,0.6572152913501745,,
scatter,far,9912,61.40037536621094,61.40014338735518,1.3900668401520098,,
scatter,far,9479,141.08004760742188,141.07964085279858,1.423069784079877,,
scatter,far,8791,108.00642395019531,108.00603206244942,0.9116437182804948,,
scatter,far,6600,52.386314392089844,52.38638905216558,1.1310709844802336,,
scatter,far,7468,63.32307434082031,63.322786956085096,1.3304453870029451,,
scatter,far,9139,38.337646484375,38.337478049738394,0.8977678870119865,,
scatter,far,7720,48.9110221862793,48.91081533095643,1.166743008599237,,
scatter,far,4115,80.13817596435547,80.13788898997718,1.636649646985611,,
scatter,far,4333,75.54694366455078,75.5467067094655,1.3730489918297448,,
scatter,far,5815,93.40387725830078,93.40357138944903,1.6209570226905938,,
scatter,far,9376,71.89960479736328,71.8995887375182,0.9429492213257066,,
scatter,far,5530,56.06298828125,56.06280071024008,1.145922181484551,,
scatter,far,5383,56.637367248535156,56.63720787826445,1.2427888499012185,,
scatter,far,8697,142.62049865722656,142.62026598367862,1.1356584294599095,,
scatter,far,6284,62.148475646972656,62.148593085766386,1.43818726093413,,
scatter,far,7204,71.36567687988281,71.3655298468944,1.2154651941601797,,
scatter,far,426,51.23568344116211,51.2355753563451,1.2115761881311542,,
scatter,far,2672,53.146018981933594,53.14590886037838,0.9393027524810685,,
scatter,far,2703,128.28298950195312,128.28273557850116,1.096289789431366,,
scatter,far,2157,61.28368377685547,61.28376165549383,1.0495097113245109,,
scatter,far,6652,128.1486053466797,128.14830713337187,1.7812675004708536,,
scatter,far,5852,49.69682693481445,49.6966536743189,1.2582739654287332,,
scatter,far,1152,68.94699096679688,68.94675552051343,1.264950658507283,,
scatter,far,980,47.86692428588867,47.86676023651831,1.2182450024776388,,
scatter,far,1109,100.93355560302734,100.93325891614971,1.1366122883865675,,
scatter,far,3532,70.51921081542969,70.5189527074745,1.3052987101070204,,
scatter,far,9233,59.78199768066406,59.78178681629159,1.3217680283265794,,
scatter,far,4721,47.29973220825195,47.29953200137545,1.1469998642678565,,
scatter,far,1812,63.286888122558594,63.28660360902532,1.121457547259033,,
scatter,far,2835,53.41618728637695,53.415921691532,1.0040723182186697,,
scatter,far,8117,44.7657356262207,44.765492493621615,0.9062310293516587,,
scatter,far,253,68.20127868652344,68.20150598345603,1.1255919651449562,,
scatter,far,8158,95.92195129394531,95.92148978453855,1.3903681484188302,,
scatter,far,9347,64.16210174560547,64.16176246184935,1.3837262708184606,,
scatter,far,5459,72.56968688964844,72.56932941109837,0.8373719757947767,,
scatter,far,5450,72.9687271118164,72.96840369699622,1.4971612739522642,,
scatter,far,2251,45.80708312988281,45.806868461883475,0.809456882802082,,
scatter,far,1482,51.07067108154297,51.0704201574,1.225217573886045,,
scatter,far,4770,38.428714752197266,38.428517216901014,0.991574093898708,,
scatter,far,4515,43.384918212890625,43.38471066634398,0.9336157985008794,,
scatter,far,2687,103.02616119384766,103.02576817380753,1.1372247001006135,,
scatter,far,3238,48.97666931152344,48.97648104870905,1.1306096527770066,,
scatter,far,292,86.3944091796875,86.39409801395753,1.1256081484864955,,
scatter,far,8929,65.70616912841797,65.70590568621216,1.4916588313594954,,
scatter,far,6924,66.82300567626953,66.82277612653242,1.0033187281435625,,
scatter,far,5030,71.15255737304688,71.1522880977061,1.3243042347661287,,
scatter,far,3384,44.692440032958984,44.69226487414191,0.9587987814459157,,
scatter,far,8022,123.73328399658203,123.73285292279374,1.7042546512772132,,
scatter,far,8686,82.78428649902344,82.7840125301293,1.5081886241711229,,
scatter,far,6587,41.979862213134766,41.97975031543188,1.148654930348323,,
scatter,far,9104,46.84735107421875,46.84718289701091,0.9555901145776609,,
scatter,far,4941,35.63801574707031,35.63787697908186,0.7407524227446427,,
scatter,far,911,65.3107681274414,65.31055243563368,1.1893058872551643,,
scatter,far,6135,69.39207458496094,69.39182316220858,1.422367938109955,,
scatter,far,7412,54.246543884277344,54.24634772231892,0.9529326395459179,,
scatter,far,364,54.056182861328125,54.05600588751896,0.8169235784742027,,
scatter,far,3556,67.24987030029297,67.24968289919728,1.3325589101141282,,
scatter,far,4617,80.27287292480469,80.27267372600426,1.7778034136265912,,
scatter,far,8573,66.37112426757812,66.37093568450717,1.3499343889905449,,
scatter,far,1086,87.31474304199219,87.31452934271208,1.1731472466054218,,
scatter,far,1584,62.241905212402344,62.241758870631244,1.188975406385832,,
scatter,far,7781,38.603721618652344,38.603624680276376,0.896310428049265,,
scatter,far,1803,52.47237777709961,52.47228324496013,1.0338514766302649,,
scatter,far,8142,47.186702728271484,47.18661558975246,0.9422154345501147,,
scatter,far,5295,197.93411254882812,197.93406099194306,1.2156897380240397,,
scatter,far,4457,49.232513427734375,49.23244348508993,1.1516221247257126,,
scatter,far,5705,54.7602424621582,54.76014524915232,1.1401579307546406,,
scatter,far,2369,49.0849494934082,49.08483188135644,1.1278894672967983,,
scatter,far,2582,108.89664459228516,108.89650103636298,0.9266604751275351,,
scatter,far,460,64.2220687866211,64.2219611266558,1.3296820017474322,,
scatter,far,4418,150.2701416015625,150.27003539162578,1.773449136528306,,
scatter,far,9370,62.80624008178711,62.80613001337461,1.0847538351168888,,
scatter,far,6235,84.7928695678711,84.79277018805504,1.4654551267345985,,
scatter,far,335,39.077674865722656,39.07762420953644,1.0766159566482894,,
scatter,far,6480,48.12343978881836,48.12340106325102,0.9153908006629933,,
scatter,far,8491,51.137306213378906,51.13729336183036,0.8550952900449396,,
scatter,far,1201,45.969295501708984,45.96926478857955,0.911481778395748,,
scatter,far,1557,60.327091217041016,60.32708709728798,1.4612947835614065,,
scatter,far,337,51.35741424560547,51.35741912760242,0.8935652222712818,,
scatter,far,4293,43.08106994628906,43.081079570868944,0.8452575218985833,,
scatter,far,5826,40.51256561279297,40.512592231507156,0.847094331163312,,
scatter,far,8078,79.08065032958984,79.08071730746857,1.2939030823987865,,
scatter,far,3176,82.20052337646484,82.20060987834582,1.254320332502902,,
scatter,far,999,104.20372772216797,104.20384367125132,1.0765781600282465,,
scatter,far,3164,97.34696197509766,97.34706633447963,1.1715532939331372,,
scatter,far,673,58.967689514160156,58.967715784665984,1.449482062165799,,
scatter,far,1751,64.53730773925781,64.53734894717999,1.4399849959465891,,
scatter,far,9456,60.99428176879883,60.99429342038549,1.0781840372679812,,
scatter,far,7904,76.05101776123047,76.05103548894623,1.707306382320276,,
scatter,far,5242,64.94287109375,64.94291229170146,1.090334532683549,,
scatter,far,8155,47.56782913208008,47.567836109344384,0.9594098090583825,,
scatter,far,9821,42.7484130859375,42.74839791060641,0.8573268876677493,,
scatter,far,8870,52.6153678894043,52.615373139233974,1.1335531044888483,,
scatter,far,2698,50.4794807434082,50.4795084781961,1.1670089690411158,,
scatter,far,9669,49.9453239440918,49.94532436552679,1.1261849994368955,,
scatter,far,9179,52.556671142578125,52.55669932153374,1.2552899488936906,,
scatter,far,6031,71.54613494873047,71.54618171241529,1.0499490038718253,,
scatter,far,7939,62.95810317993164,62.95814736088029,1.0721970526531988,,
scatter,far,1083,62.81844711303711,62.81845561688465,1.0375311639127998,,
scatter,far,3079,63.380531311035156,63.380535342976565,1.390885270062627,,
scatter,far,7012,46.55298614501953,46.55297948665437,1.0005821463831102,,
scatter,far,9371,64.37618255615234,64.3761568120267,1.0827903273230024,,
scatter,far,3963,47.425987243652344,47.4259729174954,1.198470769095406,,
scatter,far,3342,54.159114837646484,54.15909417155049,1.1244676487853724,,
scatter,far,322,65.7945785522461,65.79457020078338,1.2465378487320573,,
scatter,far,4425,68.81693267822266,68.81693307605431,1.1843607052519844,,
scatter,far,3158,64.45684814453125,64.45684956457794,1.4768628919489868,,
scatter,far,5130,54.820457458496094,54.82046591033155,1.0764535908861335,,
scatter,far,2767,109.35617065429688,109.35627412253372,1.7761828436162481,,
scatter,far,2702,257.7081298828125,257.7084963326883,1.6776192666636864,,
scatter,far,6559,70.8812026977539,70.88119326052932,1.260909081896507,,
scatter,far,2543,54.628082275390625,54.62804726243757,1.155757926713215,,
scatter,far,3716,64.34561157226562,64.34561108799298,1.2214861424983248,,
scatter,far,3754,55.514923095703125,55.514925839008505,1.0281462099214917,,
scatter,far,3899,79.70372772216797,79.7037865343632,1.2417597171425316,,
scatter,far,4673,58.64165115356445,58.64166726415024,1.2936357378553287,,
scatter,far,68,41.9339714050293,41.93398926022334,0.8872314669762754,,
scatter,far,1091,81.60090637207031,81.60102119545951,1.767612433404201,,
scatter,far,2154,177.48782348632812,177.488097735616,1.1192074239689345,,
scatter,far,9720,54.92789840698242,54.92795726866178,0.9927345033686986,,
scatter,far,4429,52.357208251953125,52.35729113626357,0.927538953752812,,
scatter,far,7925,45.13521957397461,45.135287986592594,1.0167769866126117,,
scatter,far,9564,78.62565612792969,78.625785339961,1.3207763727798785,,
scatter,far,4400,62.773780822753906,62.77389423418328,1.0023599716267018,,
scatter,far,7384,56.5742073059082,56.574178215142744,1.0574465756560938,,
scatter,far,2031,198.33692932128906,198.3375541183399,1.6056902225698337,,
scatter,far,8895,58.561767578125,58.56190704501869,1.4230449767208067,,
scatter,far,4498,112.64141845703125,112.64170880942628,1.2940307391521142,,
scatter,far,4427,69.2972412109375,69.29736228755719,1.3561696601347353,,
scatter,far,1544,116.90571594238281,116.90599006756777,1.8087199308934185,,
scatter,far,2995,63.34869384765625,63.34879973864514,1.08818353236038,,
scatter,far,6823,76.60396575927734,76.60407564693583,1.7451184936538449,,
scatter,far,9672,49.81336212158203,49.813416939801435,1.0809961057991668,,
scatter,far,6402,80.04230499267578,80.04240502804419,1.6974016981860411,,
scatter,far,2844,60.83614730834961,60.83618964927887,0.913151217838766,,
scatter,far,1389,60.27420425415039,60.27425249659387,1.3039799807102588,,
scatter,far,4724,107.64053344726562,107.64068636851627,1.0850163885394961,,
scatter,far,859,124.85369110107422,124.85393397398508,1.6666174158546876,,
scatter,far,1966,31.723915100097656,31.72393297706115,0.7499245445008365,,
scatter,far,8880,86.71745300292969,86.71759847614052,1.6802560866410963,,
scatter,far,4741,46.588932037353516,46.589002517743026,1.0208519945999888,,
scatter,far,2399,79.97848510742188,79.97859936145596,1.540670826497217,,
scatter,far,336,52.981998443603516,52.98203007134894,1.3193924841395501,,
scatter,far,5675,62.79715347290039,62.79717397014143,1.4433692307766766,,
scatter,far,9391,45.96763610839844,45.967639027684704,1.119848475938731,,
scatter,far,3024,190.3518829345703,190.35204380574055,0.9878382972675462,,
scatter,far,2713,45.46852111816406,45.46854149466951,0.7950547735254845,,
scatter,far,5665,48.4785041809082,48.47855118979686,1.0961539345379163,,
scatter,far,9348,28.361263275146484,28.3612713126431,0.6457798441042055,,
scatter,far,7736,62.51722717285156,62.5173161537094,1.3393985013015948,,
scatter,far,1839,69.9099349975586,69.9100750954204,1.6439733543176824,,
scatter,far,836,68.31291198730469,68.31301934049625,1.2851432099744402,,
scatter,far,3781,59.4482421875,59.44832063081778,1.2010144283896116,,
scatter,far,2082,58.030216217041016,58.03031132639703,1.570976475855606,,
scatter,far,8680,39.74706268310547,39.747126341856365,0.82381086793147,,
scatter,far,4991,90.79926300048828,90.79944634645949,1.470601056701414,,
scatter,far,21,53.47754669189453,53.47762906669658,1.3355983971816843,,
scatter,far,708,38.483089447021484,38.48313908484222,0.7991242451065453,,
scatter,far,8550,71.81901550292969,71.81916439702273,1.2727072702255349,,
scatter,far,743,85.46954345703125,85.46971703303375,1.6321754853967114,,
scatter,far,5178,57.547882080078125,57.547972167997386,1.1379997969848719,,
scatter,far,2288,93.49853515625,93.49867224789318,1.813333727037772,,
scatter,far,4027,49.55728530883789,49.5573173578414,0.9207175688245772,,
scatter,far,1467,69.72516632080078,69.72520139187766,1.0969600140036746,,
scatter,far,8539,46.89393997192383,46.89397186018846,0.8037346874663036,,
scatter,far,647,57.17219161987305,57.17221559210582,1.2448256086094414,,
scatter,far,2452,68.13128662109375,68.13135848884156,1.5004490475492283,,
scatter,far,303,41.75616455078125,41.75620688253959,0.6476364566684497,,
scatter,far,441,74.70532989501953,74.70539743021618,1.1888422132261882,,
scatter,far,4330,48.47719192504883,48.47722382581333,1.0815701885464089,,
scatter,far,9151,57.35101318359375,57.351083342879576,1.2155510084580798,,
scatter,far,3119,117.9070816040039,117.90722549064127,1.357427702000724,,
scatter,far,518,144.75601196289062,144.7562242356028,1.397663747841912,,
scatter,far,410,52.29996871948242,52.29997911859359,1.407964231793074,,
scatter,far,3044,55.19388961791992,55.19392487222372,1.2766088396381239,,
scatter,far,6365,36.97345733642578,36.97347853420266,0.8176390525212105,,
scatter,far,217,63.02201843261719,63.022105755077675,0.9526487922528639,,
scatter,far,7862,49.77793884277344,49.77802412118637,1.2588432570551245,,
scatter,far,2094,167.62232971191406,167.62283763312033,1.4724692211903756,,
scatter,far,798,79.07678985595703,79.07701834946397,1.3981544650863553,,
scatter,far,2076,111.62135314941406,111.62162322077613,1.4641641858387697,,
scatter,far,5354,63.64749526977539,63.64762668525521,1.3752343817536854,,
scatter,far,3814,59.732337951660156,59.732428173414576,0.9976962945908268,,
scatter,far,6481,51.12417984008789,51.12422667852451,1.2609714729369157,,
scatter,far,3518,118.8912353515625,118.89139735240013,1.0896612205000256,,
scatter,far,4487,57.61189270019531,57.61195528601859,1.070248024691216,,
scatter,far,1997,113.80707550048828,113.80723632229055,1.235521251917774,,
scatter,far,5948,63.9504280090332,63.95048971953506,1.4823453183035358,,
scatter,far,3510,67.2671127319336,67.26717800906111,1.5524057187963423,,
scatter,far,8782,77.26261138916016,77.26270357365406,1.271691872013286,,
scatter,far,7231,59.13934326171875,59.13938017459318,1.2796485396443844,,
scatter,far,4369,50.10858154296875,50.1086133029194,0.9658141535339195,,
scatter,far,4651,87.5077896118164,87.50789523723238,1.4304702558149087,,
scatter,far,5978,45.8786506652832,45.87867705651761,1.1077945482256388,,
scatter,far,5043,75.22322845458984,75.22333104952322,1.2001115682826733,,
scatter,far,6542,146.01712036132812,146.0174696597549,1.0739195138336288,,
scatter,far,2097,50.19340896606445,50.193521394319255,1.2454659152937724,,
scatter,far,8388,61.060340881347656,61.06050598978093,1.0718897821026534,,
scatter,far,8750,68.8277587890625,68.8279254915105,1.128567996478581,,
scatter,far,5850,53.488162994384766,53.48830703553,1.3287879785967294,,
scatter,far,1699,107.18053436279297,107.18091151503303,1.5792598979287082,,
scatter,far,7647,53.73218536376953,53.73234404329839,1.0931946188925918,,
scatter,far,6341,84.9540023803711,84.9542816174953,1.1932747452983647,,
scatter,far,9144,56.657833099365234,56.658017902285344,1.3887629099952088,,
scatter,far,4547,88.33735656738281,88.33763852965618,1.7918910124366914,,
scatter,far,8708,76.22452545166016,76.22476187886872,1.5468383831333872,,
scatter,far,4772,51.63140106201172,51.63153834059677,1.0056383759206693,,
scatter,far,9142,44.70858383178711,44.708686006828714,0.8207424212001065,,
scatter,far,3029,50.338623046875,50.338723825076215,0.9688989965455269,,
scatter,far,1582,66.53527069091797,66.53545256790524,1.4319229236567796,,
scatter,far,2462,62.46293640136719,62.463133439932754,1.6416096282287511,,
scatter,far,9449,35.426753997802734,35.42683832275611,0.7030696184393612,,
scatter,far,1910,63.32504653930664,63.325243262044864,1.017192855902435,,
scatter,far,2905,55.49764633178711,55.49782797957776,1.1531788131247156,,
scatter,far,8764,44.7620964050293,44.76222403804279,0.8538703601474955,,
scatter,far,253,68.20127868652344,68.20150598345603,1.7635684612329998,,
scatter,far,1448,75.06241607666016,75.06267648331293,1.1385736667934092,,
scatter,far,3220,39.76253128051758,39.76263776591633,0.6249863796130435,,
scatter,far,1954,67.7402114868164,67.74018831784157,1.3556248564593576,,
scatter,far,4674,52.251468658447266,52.2516112920615,0.7028214383793054,,
scatter,far,4130,51.92094039916992,51.92109825633452,1.028677491989136,,
scatter,far,7600,79.4309310913086,79.43118666198214,1.822060487493574,,
scatter,far,5539,67.94157409667969,67.94180884270048,1.525997805953862,,
scatter,far,9027,47.16546630859375,47.16562513131596,0.8886446346884679,,
scatter,far,9249,86.22136688232422,86.22168437895553,1.4663941864212962,,
scatter,far,6692,47.544586181640625,47.54472330917559,1.1985167638555707,,
scatter,far,506,115.07144927978516,115.0718306375387,1.4946331591834845,,
scatter,far,4351,43.75138854980469,43.75148475325351,1.1462177404063507,,
scatter,far,6580,66.45118713378906,66.45132369858682,1.3083039140431574,,
scatter,far,3787,73.78193664550781,73.78207019055823,1.3429394590181696,,
scatter,far,5171,37.298587799072266,37.298645605547925,0.7031712966707441,,
scatter,far,1144,74.52017974853516,74.52033930662809,1.8078294744660153,,
scatter,far,662,55.998443603515625,55.998557534446114,1.3619879972955804,,
scatter,far,2787,69.78325653076172,69.78337464665775,1.6319080343839014,,
scatter,far,6641,57.476619720458984,57.47671542994924,1.2298918978571431,,
scatter,far,9702,56.8860969543457,56.886200325806875,1.1686405053947388,,
scatter,far,4516,58.85099411010742,58.851110258262665,0.791638597889727,,
scatter,far,8725,56.00497055053711,56.005074379307466,1.3526716095671105,,
scatter,far,2405,104.40643310546875,104.4066169114814,1.1139341034221717,,
scatter,far,7522,65.22212982177734,65.22216813134803,1.533076261133064,,
scatter,far,3850,51.59073257446289,51.590792353970734,1.051809023455341,,
scatter,far,9814,59.222381591796875,59.222426750769095,1.1902102379330337,,
scatter,far,6109,58.558311462402344,58.558366149993454,1.137372373092161,,
scatter,far,8184,64.77369689941406,64.77376038967799,1.320440249034878,,
scatter,far,8398,89.10990142822266,89.11005973198009,1.0518027417635591,,
scatter,far,837,68.94149017333984,68.94156421581322,1.3035236530665868,,
scatter,far,2373,78.35452270507812,78.35463756863713,1.6708202402994206,,
scatter,far,6265,51.80738830566406,51.80743227075365,0.7580813745141334,,
scatter,far,7148,93.92072296142578,93.92086070562564,1.5295947665497114,,
scatter,far,9406,50.85540008544922,50.85546967514433,0.8294169052039618,,
scatter,far,3327,44.75595474243164,44.75599420561635,0.9057353080476604,,
scatter,far,9870,37.517723083496094,37.51775274334079,0.6607987303382905,,
scatter,far,2284,90.67501831054688,90.67511981666861,1.2157445697404399,,
scatter,far,1795,52.71741485595703,52.71745817997146,1.1293329787743773,,
scatter,far,9155,59.88161087036133,59.88165124162026,1.408705790831379,,
scatter,far,4461,22.442777633666992,22.442775836265465,0.29779051567470927,,
scatter,far,7383,58.95400619506836,58.95406067618947,1.4073309520859905,,
scatter,far,8970,73.41990661621094,73.41999656609372,1.660135242282668,,
scatter,far,9434,71.02803802490234,71.02811716779688,1.0336796350957604,,
scatter,far,1100,67.80191040039062,67.80196523561672,1.3288799681170589,,
scatter,far,1133,109.14653015136719,109.1466273543289,1.2028130151568885,,
scatter,far,318,73.23802947998047,73.23803904669249,1.5517661041628006,,
scatter,far,8211,45.50981140136719,45.50979968912158,1.049607024312452,,
scatter,far,3449,72.82816314697266,72.82818371705648,1.1800657315828935,,
scatter,far,7365,210.8852996826172,210.88563432053536,1.4628454564420084,,
scatter,far,1155,48.42863464355469,48.42868940361682,1.2681059842300688,,
scatter,far,6538,46.87345886230469,46.8734859146371,0.9067780688834334,,
scatter,far,1713,55.9976921081543,55.99772701066397,1.3847929872584859,,
scatter,far,3572,84.68940734863281,84.68951767697777,1.6858372633198415,,
scatter,far,7493,45.57746887207031,45.57750259056876,0.8995706260840006,,
scatter,far,5838,74.37875366210938,74.37883415248123,1.3485660448756425,,
scatter,far,7274,54.56538772583008,54.56544819141184,1.2142378154676343,,
scatter,far,6890,65.93795776367188,65.93802137184969,1.7582602719733806,,
scatter,far,8753,62.254920959472656,62.254968054388655,1.4049833028692464,,
scatter,far,8426,75.55260467529297,75.55265396806223,1.5376426251809976,,
scatter,far,6705,62.122283935546875,62.122293530443095,1.205074956545085,,
scatter,far,8537,70.5897216796875,70.58970615536873,1.4244798641808547,,
scatter,far,1039,44.68953323364258,44.68951161019875,0.9130641259086392,,
scatter,far,7583,53.66532516479492,53.66532206932814,1.079680357544268,,
scatter,far,6146,46.80164337158203,46.801615280711076,0.9435490696561889,,
scatter,far,4908,48.09817123413086,48.09815258010306,1.2158293193448175,,
scatter,far,71,45.76589584350586,45.765863076094405,0.8222668493853827,,
scatter,far,640,54.95999526977539,54.95998867810105,1.5680431387322264,,
scatter,far,3295,46.43894577026367,46.438931264642534,1.1670530473529404,,
scatter,far,9356,69.32495880126953,69.32495940329629,1.4354094755343634,,
scatter,far,6400,56.398921966552734,56.39889166597673,1.1633428033663147,,
scatter,far,2227,55.12468338012695,55.12463959336852,1.0128876611755298,,
scatter,far,4244,68.75637817382812,68.75634928068179,1.7178332733489623,,
scatter,far,7664,67.93257904052734,67.93258547150235,1.1916226603597606,,
scatter,far,6233,61.07332992553711,61.07332513027292,1.2096984946351679,,
scatter,far,5940,52.15096664428711,52.15096381652357,1.1003089010088205,,
scatter,far,5832,61.70587921142578,61.705897284281605,1.404596073835174,,
scatter,far,80,49.974037170410156,49.97405103917283,1.2541165501627274,,
scatter,far,3937,49.84807205200195,49.8480956069296,0.9110062862686741,,
scatter,far,3658,55.32099533081055,55.32101635271718,1.1589131459666484,,
scatter,far,139,57.368125915527344,57.36816310804696,1.1410939028301235,,
scatter,far,9397,56.87826156616211,56.878283125466155,1.3296099219959703,,
scatter,far,807,58.99699401855469,58.996987382705065,1.1051427160695644,,
scatter,far,7074,60.68645477294922,60.686457224677504,1.19965087539556,,
scatter,far,1030,122.36193084716797,122.36204856125663,1.3103450379948218,,
scatter,far,6150,64.41500091552734,64.41502075662791,1.3859728806199352,,
scatter,far,5637,30.173933029174805,30.17392623398311,0.7284771452482575,,
scatter,far,392,47.3480224609375,47.34801514455772,0.8751586941878379,,
scatter,far,8903,303.4977111816406,303.49824418499765,1.354398861868391,,
scatter,far,4076,52.638572692871094,52.63860877704683,1.1898280129585164,,
scatter,far,299,87.60104370117188,87.60109077987856,1.031505637392509,,
scatter,far,9481,74.51496124267578,74.51498337694073,1.2128002662737805,,
scatter,far,6433,67.05846405029297,67.05845479468123,0.8715947390911807,,
scatter,far,5191,57.51752853393555,57.51751649771697,1.0484512994939597,,
scatter,far,88,105.12020874023438,105.12027512462826,1.053509871357268,,
scatter,far,1419,49.12971878051758,49.12970780256611,0.745864016345363,,
scatter,far,8878,62.0244026184082,62.02442382097347,1.2401882295035682,,
scatter,far,894,52.84499740600586,52.84499639366705,1.1541599282055455,,
scatter,far,7582,50.05879211425781,50.058788227776105,1.242783100556198,,
scatter,far,7587,62.852333068847656,62.85236350031596,1.3089607234770844,,
scatter,far,3363,162.5288848876953,162.5291099882644,1.8126187321028495,,
scatter,far,9898,66.52039337158203,66.5204244582327,1.4273669936053648,,
scatter,far,4265,41.60021209716797,41.60019782856459,0.7804211998771318,,
scatter,far,5858,225.67355346679688,225.67373980163478,1.266705912248201,,
scatter,far,4959,30.334522247314453,30.33449446022049,0.5411363880270378,,
scatter,far,1299,61.75423049926758,61.75420937663915,1.3334500585923208,,
scatter,far,5954,45.89208221435547,45.89207843197411,0.6429541474959339,,
scatter,far,7630,65.9615707397461,65.96157147932001,1.0693555985807965,,
scatter,far,9345,19.90802574157715,19.90800302609422,0.2904136801358734,,
scatter,far,3668,79.46544647216797,79.46544857430212,1.7288691411159998,,
scatter,far,2309,66.87139892578125,66.87135605435688,1.4334074258349685,,
scatter,far,3274,56.91038131713867,56.910348101243834,1.2283178549537261,,
scatter,far,9847,58.8087272644043,58.808692249252296,1.2960966704628492,,
scatter,far,4629,49.66875076293945,49.668709773017945,1.2375135064367633,,
scatter,far,4919,42.21261215209961,42.21258042470541,0.8613900775570285,,
scatter,far,2005,40.87698745727539,40.8769514923388,0.8683302822823556,,
scatter,far,131,130.40921020507812,130.4092701578198,1.0763837469910684,,
scatter,far,231,80.3848876953125,80.38493822193196,1.4471708787021946,,
scatter,far,7998,62.69989776611328,62.699957781933165,1.2038409767527012,,
scatter,far,4437,64.35464477539062,64.35471454688962,1.60699654828706,,
scatter,far,8908,62.65495681762695,62.65505156973299,1.1320456049305772,,
scatter,far,6547,69.81417083740234,69.81419189876306,1.3709719877063777,,
scatter,far,304,45.06460952758789,45.0646943458182,0.8316536133556788,,
scatter,far,5062,56.04548645019531,56.045598053178665,1.052457528279794,,
scatter,far,9776,37.283111572265625,37.28315960130715,0.7327135607736202,,
scatter,far,3398,55.15932083129883,55.15942867792209,1.1867254960344382,,
scatter,far,5986,53.734737396240234,53.73485746234546,1.2659723384113135,,
scatter,far,314,52.74854278564453,52.74868196171844,1.1467626505510806,,
scatter,far,3167,46.83754348754883,46.83767040100688,0.9209293363661692,,
scatter,far,156,57.11594772338867,57.11608365990999,1.0046015773686214,,
scatter,far,1108,43.77315902709961,43.77325294747611,0.8286903583443218,,
scatter,far,6208,53.67912673950195,53.67922194564145,0.930593027121624,,
scatter,far,2967,67.24797821044922,67.24807173636634,1.084570069014934,,
scatter,far,1706,73.06578826904297,73.06586802480324,1.5691746950077619,,
scatter,far,5755,61.7068977355957,61.70695326684751,1.5994901927812324,,
scatter,far,3200,73.27434539794922,73.27439443898841,1.1403195512313307,,
scatter,far,672,50.33849334716797,50.33849410640116,1.5412814282322749,,
scatter,far,8942,90.4004898071289,90.40057079560388,0.8338696664530626,,
scatter,far,4402,57.940406799316406,57.940408607029774,1.532387564128143,,
scatter,far,3202,74.32394409179688,74.32395233652237,1.6127141654406922,,
scatter,far,7407,123.04536437988281,123.04547161520254,1.6286886673457472,,
scatter,far,9520,57.98966979980469,57.9896757642918,1.2911876880394286,,
scatter,far,9418,40.189579010009766,40.18956479909448,0.8599633882371024,,
scatter,far,5990,47.54701614379883,47.5470015368381,0.7897092667579075,,
scatter,far,8462,78.35655975341797,78.3566042225398,1.3148499692265168,,
scatter,far,9026,105.5924301147461,105.59253096529432,0.927507438824551,,
scatter,far,7546,126.41275024414062,126.41292592658779,1.010202504112206,,
scatter,far,5998,79.32306671142578,79.32315001927378,1.6198687462067412,,
scatter,far,8341,51.02326583862305,51.0233058674416,1.0143181833921362,,
scatter,far,5192,69.49929809570312,69.49933578784848,1.3566571832986116,,
scatter,far,9112,46.231990814208984,46.23202727725715,1.1656004859804217,,
scatter,far,1384,43.9709587097168,43.97100915549359,0.7583905615130189,,
scatter,far,9312,82.70775604248047,82.70792439224962,1.577423301602684,,
scatter,far,8174,63.82871627807617,63.82883697637845,1.1470777998336912,,
scatter,far,2098,59.47945785522461,59.47959509145522,1.3497040957816642,,
scatter,far,5505,43.94129180908203,43.9413715842361,0.8007730294952301,,
scatter,far,119,76.8421401977539,76.84233480941334,0.9854888380718141,,
scatter,far,7396,204.73333740234375,204.73400615319537,1.640983854611,,
scatter,far,2938,42.80527114868164,42.805350692274835,0.8984322557699223,,
scatter,far,9638,134.94944763183594,134.94976698724903,1.4124613907620562,,
scatter,far,8324,78.37146759033203,78.37162393469417,1.6531399396675601,,
scatter,far,3169,57.506248474121094,57.50636220509055,1.2180517606033354,,
scatter,far,4470,82.40740966796875,82.40756103402951,1.634168272262462,,
scatter,far,5549,70.67267608642578,70.67278502549549,1.543720321683883,,
scatter,far,600,56.29666519165039,56.29674222965173,1.3953396283520114,,
scatter,far,9235,51.74421691894531,51.74428711029242,1.2802260294108978,,
tier_bin_mean,id,,8.10574509204407,,0.10642335372540702,,
tier_bin_mean,id,,11.465768128014501,,0.1843455044217958,,
tier_bin_mean,id,,14.67027684902791,,0.26004265859521325,,
tier_bin_mean,id,,17.12646425416006,,0.3296250649311682,,
tier_bin_mean,id,,19.52919938463787,,0.37831222207522613,,
tier_bin_mean,id,,21.960953955329956,,0.4171607593181099,,
tier_bin_mean,id,,25.075715214121328,,0.48327758823887124,,
tier_bin_mean,id,,29.214040342950064,,0.5669637234917899,,
tier_bin_mean,id,,36.814080530171424,,0.8158857152286326,,
tier_bin_mean,id,,48.490222495969036,,1.0062314102126086,,
tier_bin_mean,id,,5.70645246285117,,1.7117600485588709,,
tier_bin_mean,near,,9.370884954075493,,0.17630174486057057,,
tier_bin_mean,near,,12.553153072466205,,0.24536862659301192,,
tier_bin_mean,near,,15.013656960832511,,0.29997335033419625,,
tier_bin_mean,near,,17.411947713869477,,0.34119743176410927,,
tier_bin_mean,near,,19.723901231320074,,0.38460669017925836,,
tier_bin_mean,near,,22.218801374763274,,0.4400099340621924,,
tier_bin_mean,near,,25.285512663563708,,0.505057597747827,,
tier_bin_mean,near,,29.589183916871132,,0.6035727311451226,,
tier_bin_mean,near,,35.955892011880174,,0.7435437297521429,,
tier_bin_mean,near,,46.74793129830082,,0.8709972330864474,,
tier_bin_mean,near,,62.8168072856269,,0.910948260471707,,
tier_bin_mean,near,,84.62741412374125,,0.8462698324996174,,
tier_bin_mean,near,,5.70645246285117,,1.594667610237149,,
tier_bin_mean,mid,,12.974734596460028,,0.29146261619407576,,
tier_bin_mean,mid,,15.409822159177459,,0.3301716785855339,,
tier_bin_mean,mid,,17.48125423904685,,0.36303812880383796,,
tier_bin_mean,mid,,19.782776322244953,,0.4064288615516985,,
tier_bin_mean,mid,,22.228042898074662,,0.4568125013542417,,
tier_bin_mean,mid,,25.359614646930183,,0.5145250654871159,,
tier_bin_mean,mid,,29.705672862380013,,0.5920546636818205,,
tier_bin_mean,mid,,36.88045826430339,,0.6880833118270596,,
tier_bin_mean,mid,,47.51170127249344,,0.8669853614249448,,
tier_bin_mean,mid,,62.67757216086572,,1.1527749748716947,,
tier_bin_mean,mid,,90.01926189139809,,1.1051917984409438,,
tier_bin_mean,mid,,5.70645246285117,,1.4775751719154275,,
tier_bin_mean,far,,20.092493646466295,,0.3095873199021581,,
tier_bin_mean,far,,22.331800751719054,,0.3336887871672085,,
tier_bin_mean,far,,24.761071889866958,,0.3860355088862292,,
tier_bin_mean,far,,30.849522544646927,,0.6644360428186364,,
tier_bin_mean,far,,39.92468935754559,,0.850212712020873,,
tier_bin_mean,far,,50.7445418180368,,1.0714818980142478,,
tier_bin_mean,far,,63.95048971953506,,1.3196936859370183,,
tier_bin_mean,far,,90.63674862897699,,1.530033154107532,,
tier_bin_mean,far,,5.70645246285117,,1.360482733593706,,
pooled_trend,,,7.27629186008673,,0.10690544695231938,,
pooled_trend,,,11.64178816048732,,0.19135970534692512,,
pooled_trend,,,14.771918682878463,,0.28452848022182586,,
pooled_trend,,,17.368428925216385,,0.3454794161722278,,
pooled_trend,,,19.71459870303404,,0.39251608541796523,,
pooled_trend,,,22.26986154337741,,0.4446822351155982,,
pooled_trend,,,25.41826957964389,,0.5075210856198009,,
pooled_trend,,,29.993327445084425,,0.5981826137189599,,
pooled_trend,,,38.041167133067056,,0.7473657665586136,,
pooled_trend,,,49.91906303878958,,1.0305483714465793,,
pooled_trend,,,64.8888482030492,,1.305632597995624,,
pooled_trend,,,292.0024035014131,,1.5161271920123416,,
sem_band,,,7.276198487856324,,,0.10635287101422859,0.10745802289041016
sem_band,,,11.641768875424848,,,0.19058162732080422,0.19213778337304604
sem_band,,,14.772023305417507,,,0.28350339329852375,0.28555356714512803
sem_band,,,17.368268740919586,,,0.34447604899678125,0.34648299628637885
sem_band,,,19.714934642515523,,,0.39140497125805856,0.39362719957787184
sem_band,,,22.27016937617153,,,0.4433671256768126,0.4459977704317928
sem_band,,,25.418444501432603,,,0.5059847328670745,0.5090574383725273
sem_band,,,29.993292131712256,,,0.5963049202229734,0.6000604136842984
sem_band,,,38.04085951567427,,,0.7447771771977656,0.7499544623888139
sem_band,,,49.919148693201066,,,1.0271406068896483,1.033956029534158
sem_band,,,64.8897951960873,,,1.301286519037461,1.3099788898924913
sem_band,,,292.0013161476325,,,1.5099915761818414,1.5222630207815464
