env,seed,tier,example_index,sensitivity_sketch_s_hat,finite_disagreement_D,in_scatter_subsample
Ant-v5,0,id,0,np.float64(2513.37939453125),np.float64(269.73341661149976),0
Ant-v5,0,id,1,np.float64(553.468994140625),np.float64(103.51631929070398),1
Ant-v5,0,id,2,np.float64(1927.308349609375),np.float64(179.8525173172039),1
Ant-v5,0,id,3,np.float64(2722.210693359375),np.float64(311.53541309126524),0
Ant-v5,0,id,4,np.float64(933.8475341796875),np.float64(96.05971272913581),1
Ant-v5,0,id,5,np.float64(1628.505859375),np.float64(169.12015717944143),1
Ant-v5,0,id,6,np.float64(1383.8992919921875),np.float64(137.0457226907184),1
Ant-v5,0,id,7,np.float64(5899.203125),np.float64(571.630615045868),1
Ant-v5,0,id,8,np.float64(1060.4617919921875),np.float64(127.86525770027012),1
Ant-v5,0,id,9,np.float64(4344.263671875),np.float64(441.7742424929312),0
Ant-v5,0,id,10,np.float64(1733.543701171875),np.float64(173.90339329612866),1
Ant-v5,0,id,11,np.float64(2101.540283203125),np.float64(197.4292173519884),1
Ant-v5,0,id,12,np.float64(1485.564208984375),np.float64(146.33594325196887),0
Ant-v5,0,id,13,np.float64(766.57177734375),np.float64(82.71444871870463),0
Ant-v5,0,id,14,np.float64(819.2088623046875),np.float64(87.07656931984278),0
Ant-v5,0,id,15,np.float64(1715.4559326171875),np.float64(168.033986216629),1
Ant-v5,0,id,16,np.float64(1423.9007568359375),np.float64(140.95026697627495),0
Ant-v5,0,id,17,np.float64(785.4459228515625),np.float64(85.25881060777883),1
Ant-v5,0,id,18,np.float64(1209.641357421875),np.float64(123.29505060724142),0
Ant-v5,0,id,19,np.float64(1459.8927001953125),np.float64(149.48579294605454),0
Ant-v5,0,id,20,np.float64(1593.31103515625),np.float64(153.0312401617115),1
Ant-v5,0,id,21,np.float64(1677.9970703125),np.float64(166.61450168317026),0
Ant-v5,0,id,22,np.float64(591.7620849609375),np.float64(75.25098485117562),0
Ant-v5,0,id,23,np.float64(666.671142578125),np.float64(70.36153823943798),1
Ant-v5,0,id,24,np.float64(847.4596557617188),np.float64(89.07116009776519),0
Ant-v5,0,id,25,np.float64(808.0958862304688),np.float64(86.03174825475003),0
Ant-v5,0,id,26,np.float64(1635.705322265625),np.float64(173.4775321596631),0
Ant-v5,0,id,27,np.float64(1288.5281982421875),np.float64(128.86391423161925),0
Ant-v5,0,id,28,np.float64(1943.411376953125),np.float64(197.58893681658344),1
Ant-v5,0,id,29,np.float64(1098.60009765625),np.float64(115.24835869449612),1
Ant-v5,0,id,30,np.float64(892.51904296875),np.float64(108.74298499711216),1
Ant-v5,0,id,31,np.float64(793.0184326171875),np.float64(85.98331749632902),1
Ant-v5,0,id,32,np.float64(922.7216796875),np.float64(95.0084644720026),1
Ant-v5,0,id,33,np.float64(1612.268310546875),np.float64(218.84361832669018),0
Ant-v5,0,id,34,np.float64(772.4094848632812),np.float64(79.90604435793986),1
Ant-v5,0,id,35,np.float64(1780.99267578125),np.float64(188.89883264068675),1
Ant-v5,0,id,36,np.float64(954.4996948242188),np.float64(104.608370873562),0
Ant-v5,0,id,37,np.float64(2373.92431640625),np.float64(262.5897421952192),0
Ant-v5,0,id,38,np.float64(1273.4078369140625),np.float64(135.9751686938677),1
Ant-v5,0,id,39,np.float64(3872.00341796875),np.float64(414.1000688110911),0
Ant-v5,0,id,40,np.float64(1967.132080078125),np.float64(181.2550575381532),0
Ant-v5,0,id,41,np.float64(3401.3935546875),np.float64(324.88827855532065),1
Ant-v5,0,id,42,np.float64(1094.0675048828125),np.float64(116.92611933711842),1
Ant-v5,0,id,43,np.float64(915.14404296875),np.float64(99.68081209872702),1
Ant-v5,0,id,44,np.float64(5322.55322265625),np.float64(570.5644397107345),0
Ant-v5,0,id,45,np.float64(4737.36279296875),np.float64(456.828214485285),0
Ant-v5,0,id,46,np.float64(3618.349365234375),np.float64(369.238019366108),1
Ant-v5,0,id,47,np.float64(1839.816650390625),np.float64(177.23421376984402),1
Ant-v5,0,id,48,np.float64(1258.670654296875),np.float64(151.96937338548852),1
Ant-v5,0,id,49,np.float64(853.0387573242188),np.float64(86.95857825533884),1
Ant-v5,0,id,50,np.float64(1209.27880859375),np.float64(129.01855380535952),1
Ant-v5,0,id,51,np.float64(7296.53857421875),np.float64(741.3589487313656),1
Ant-v5,0,id,52,np.float64(1378.439208984375),np.float64(135.70920011862535),0
Ant-v5,0,id,53,np.float64(1163.5792236328125),np.float64(119.31999405845357),0
Ant-v5,0,id,54,np.float64(958.6099243164062),np.float64(98.15276901685687),1
Ant-v5,0,id,55,np.float64(5457.611328125),np.float64(569.132418686935),0
Ant-v5,0,id,56,np.float64(4962.486328125),np.float64(554.8850722277939),1
Ant-v5,0,id,57,np.float64(1174.3646240234375),np.float64(173.10439371578363),0
Ant-v5,0,id,58,np.float64(3177.07861328125),np.float64(306.90641390532767),1
Ant-v5,0,id,59,np.float64(2078.8876953125),np.float64(213.66062168147363),0
Ant-v5,0,id,60,np.float64(2335.781005859375),np.float64(235.6768664980688),0
Ant-v5,0,id,61,np.float64(1467.963623046875),np.float64(144.4634614499719),0
Ant-v5,0,id,62,np.float64(1136.6080322265625),np.float64(116.39087166911386),0
Ant-v5,0,id,63,np.float64(830.3068237304688),np.float64(93.28304696290897),1
Ant-v5,0,id,64,np.float64(3829.092041015625),np.float64(387.55834497532203),1
Ant-v5,0,id,65,np.float64(2206.88037109375),np.float64(328.79433895821967),1
Ant-v5,0,id,66,np.float64(610.6574096679688),np.float64(71.89383907146328),1
Ant-v5,0,id,67,np.float64(3647.272216796875),np.float64(389.3611819215676),1
Ant-v5,0,id,68,np.float64(1067.5439453125),np.float64(108.72148826961183),0
Ant-v5,0,id,69,np.float64(1290.1187744140625),np.float64(130.82075924015936),1
Ant-v5,0,id,70,np.float64(2838.66650390625),np.float64(292.36547420220415),0
Ant-v5,0,id,71,np.float64(3500.2744140625),np.float64(337.2771977615789),0
Ant-v5,0,id,72,np.float64(857.04296875),np.float64(96.24165037287014),0
Ant-v5,0,id,73,np.float64(1882.69970703125),np.float64(186.0506797557027),0
Ant-v5,0,id,74,np.float64(2703.108642578125),np.float64(278.80663134576923),0
Ant-v5,0,id,75,np.float64(2607.686767578125),np.float64(286.9957269260534),0
Ant-v5,0,id,76,np.float64(5882.0439453125),np.float64(537.1411979420203),1
Ant-v5,0,id,77,np.float64(1131.9376220703125),np.float64(139.08148283308262),1
Ant-v5,0,id,78,np.float64(2544.001220703125),np.float64(251.55944245750467),1
Ant-v5,0,id,79,np.float64(1215.3314208984375),np.float64(138.04310682209857),0
Ant-v5,0,id,80,np.float64(743.874755859375),np.float64(89.59859927006667),1
Ant-v5,0,id,81,np.float64(981.8923950195312),np.float64(107.2866878797229),1
Ant-v5,0,id,82,np.float64(1526.351806640625),np.float64(167.6098941649875),1
Ant-v5,0,id,83,np.float64(3339.533935546875),np.float64(383.56653248321123),0
Ant-v5,0,id,84,np.float64(4778.78662109375),np.float64(490.48372960936376),0
Ant-v5,0,id,85,np.float64(5014.990234375),np.float64(570.455023162933),0
Ant-v5,0,id,86,np.float64(787.4298095703125),np.float64(84.95198760213867),0
Ant-v5,0,id,87,np.float64(1061.0087890625),np.float64(109.37038674900211),0
Ant-v5,0,id,88,np.float64(1397.431640625),np.float64(138.5096334884275),1
Ant-v5,0,id,89,np.float64(1249.0054931640625),np.float64(140.33335526133527),1
Ant-v5,0,id,90,np.float64(4748.5537109375),np.float64(508.2501742598017),1
Ant-v5,0,id,91,np.float64(610.4996337890625),np.float64(68.01623364217133),1
Ant-v5,0,id,92,np.float64(1178.396728515625),np.float64(116.66731932168105),0
Ant-v5,0,id,93,np.float64(845.7251586914062),np.float64(101.30234026150217),1
Ant-v5,0,id,94,np.float64(870.5126953125),np.float64(91.05390753761202),1
Ant-v5,0,id,95,np.float64(711.9408569335938),np.float64(78.37176000998146),0
Ant-v5,0,id,96,np.float64(873.8115844726562),np.float64(86.34679744412827),0
Ant-v5,0,id,97,np.float64(2379.252197265625),np.float64(243.04688706239415),0
Ant-v5,0,id,98,np.float64(918.6129760742188),np.float64(103.2089051611024),1
Ant-v5,0,id,99,np.float64(1472.2216796875),np.float64(146.9476453849396),0
Ant-v5,0,id,100,np.float64(5977.26953125),np.float64(628.7674155059872),0
Ant-v5,0,id,101,np.float64(1029.480224609375),np.float64(124.54439757832833),0
Ant-v5,0,id,102,np.float64(2460.685302734375),np.float64(255.88099766588982),0
Ant-v5,0,id,103,np.float64(2598.83056640625),np.float64(265.84605590400804),1
Ant-v5,0,id,104,np.float64(1275.95654296875),np.float64(131.2528014983972),0
Ant-v5,0,id,105,np.float64(1029.68212890625),np.float64(114.07507877459153),1
Ant-v5,0,id,106,np.float64(6407.2529296875),np.float64(609.5889308402001),1
Ant-v5,0,id,107,np.float64(1476.366943359375),np.float64(154.19934329365614),1
Ant-v5,0,id,108,np.float64(904.1251220703125),np.float64(97.1932244370602),0
Ant-v5,0,id,109,np.float64(1062.1859130859375),np.float64(106.49419125286153),1
Ant-v5,0,id,110,np.float64(1487.987060546875),np.float64(145.6715546509909),0
Ant-v5,0,id,111,np.float64(1512.576416015625),np.float64(141.61078827182791),0
Ant-v5,0,id,112,np.float64(4796.1337890625),np.float64(527.5274767335568),0
Ant-v5,0,id,113,np.float64(913.015380859375),np.float64(99.16957151391804),0
Ant-v5,0,id,114,np.float64(989.2622680664062),np.float64(102.65534365579532),1
Ant-v5,0,id,115,np.float64(1316.32763671875),np.float64(135.2929215547411),0
Ant-v5,0,id,116,np.float64(2421.82470703125),np.float64(258.9256928089529),0
Ant-v5,0,id,117,np.float64(978.1031494140625),np.float64(109.01590243653354),0
Ant-v5,0,id,118,np.float64(1304.0858154296875),np.float64(132.24778983539977),0
Ant-v5,0,id,119,np.float64(4289.40380859375),np.float64(440.284486537048),0
Ant-v5,0,id,120,np.float64(1014.025634765625),np.float64(106.73839288717213),1
Ant-v5,0,id,121,np.float64(1017.8816528320312),np.float64(117.24289035601339),0
Ant-v5,0,id,122,np.float64(1200.0665283203125),np.float64(128.4730657413572),1
Ant-v5,0,id,123,np.float64(2034.528564453125),np.float64(211.7416905865622),1
Ant-v5,0,id,124,np.float64(2275.9404296875),np.float64(231.62506215546745),0
Ant-v5,0,id,125,np.float64(5228.126953125),np.float64(588.7702538812051),1
Ant-v5,0,id,126,np.float64(1002.5110473632812),np.float64(103.78469142932687),1
Ant-v5,0,id,127,np.float64(1098.326171875),np.float64(122.54861881054356),1
Ant-v5,0,id,128,np.float64(6486.6474609375),np.float64(647.0310771571556),0
Ant-v5,0,id,129,np.float64(1176.6654052734375),np.float64(127.43334925896855),0
Ant-v5,0,id,130,np.float64(2237.306884765625),np.float64(215.94662716618174),0
Ant-v5,0,id,131,np.float64(1906.32080078125),np.float64(196.57158635772052),0
Ant-v5,0,id,132,np.float64(1447.6903076171875),np.float64(147.3906605229153),1
Ant-v5,0,id,133,np.float64(1157.5850830078125),np.float64(120.72000263679675),0
Ant-v5,0,id,134,np.float64(1222.1932373046875),np.float64(126.07183183976423),1
Ant-v5,0,id,135,np.float64(1062.2926025390625),np.float64(113.69697241912701),1
Ant-v5,0,id,136,np.float64(5326.23388671875),np.float64(531.6184476734992),0
Ant-v5,0,id,137,np.float64(1180.6661376953125),np.float64(114.16260654879818),1
Ant-v5,0,id,138,np.float64(1546.708984375),np.float64(176.5475412908938),0
Ant-v5,0,id,139,np.float64(1103.028076171875),np.float64(127.58153949610988),0
Ant-v5,0,id,140,np.float64(6909.52294921875),np.float64(626.4522760862204),0
Ant-v5,0,id,141,np.float64(1663.593505859375),np.float64(165.9085917027915),1
Ant-v5,0,id,142,np.float64(1375.31396484375),np.float64(139.03581838275744),1
Ant-v5,0,id,143,np.float64(1302.183349609375),np.float64(139.9157514550159),0
Ant-v5,0,id,144,np.float64(1553.3204345703125),np.float64(160.6298024948539),1
Ant-v5,0,id,145,np.float64(3346.501953125),np.float64(390.7806579105091),1
Ant-v5,0,id,146,np.float64(1723.6346435546875),np.float64(172.61670334154977),0
Ant-v5,0,id,147,np.float64(1594.814453125),np.float64(152.59672951078514),0
Ant-v5,0,id,148,np.float64(950.714599609375),np.float64(103.91921639476476),1
Ant-v5,0,id,149,np.float64(4659.61181640625),np.float64(471.40914229004807),0
Ant-v5,0,id,150,np.float64(5856.05322265625),np.float64(548.6446094127065),0
Ant-v5,0,id,151,np.float64(5313.4931640625),np.float64(531.3281365548457),0
Ant-v5,0,id,152,np.float64(2254.46826171875),np.float64(220.75103226872557),0
Ant-v5,0,id,153,np.float64(1232.5628662109375),np.float64(137.6861798858429),1
Ant-v5,0,id,154,np.float64(5503.3876953125),np.float64(580.8372137712196),1
Ant-v5,0,id,155,np.float64(2962.400146484375),np.float64(294.7623501114359),1
Ant-v5,0,id,156,np.float64(1056.42431640625),np.float64(113.61306546318454),1
Ant-v5,0,id,157,np.float64(1304.1434326171875),np.float64(130.790502479805),1
Ant-v5,0,id,158,np.float64(1089.284423828125),np.float64(122.15736438451901),0
Ant-v5,0,id,159,np.float64(943.0389404296875),np.float64(102.96834187466882),0
Ant-v5,0,id,160,np.float64(1328.977294921875),np.float64(152.71187913411276),1
Ant-v5,0,id,161,np.float64(1989.407958984375),np.float64(198.80751746478032),1
Ant-v5,0,id,162,np.float64(1028.3721923828125),np.float64(102.09853209243195),0
Ant-v5,0,id,163,np.float64(892.5081176757812),np.float64(87.58019857202018),1
Ant-v5,0,id,164,np.float64(825.3403930664062),np.float64(92.62253242192847),0
Ant-v5,0,id,165,np.float64(3995.8046875),np.float64(413.28898484203535),1
Ant-v5,0,id,166,np.float64(3661.649169921875),np.float64(336.8883052585379),0
Ant-v5,0,id,167,np.float64(1409.08935546875),np.float64(145.36691218644998),0
Ant-v5,0,id,168,np.float64(1175.1571044921875),np.float64(137.92222988841982),1
Ant-v5,0,id,169,np.float64(736.5407104492188),np.float64(77.44856976519996),1
Ant-v5,0,id,170,np.float64(1038.710205078125),np.float64(109.67708214585667),1
Ant-v5,0,id,171,np.float64(6504.90576171875),np.float64(607.7505473985559),1
Ant-v5,0,id,172,np.float64(892.7112426757812),np.float64(99.24543665427655),0
Ant-v5,0,id,173,np.float64(1694.4066162109375),np.float64(166.51618818714275),0
Ant-v5,0,id,174,np.float64(1633.380615234375),np.float64(190.88171539861318),0
Ant-v5,0,id,175,np.float64(1246.61279296875),np.float64(144.6750650410882),0
Ant-v5,0,id,176,np.float64(1505.6243896484375),np.float64(147.88626698132677),0
Ant-v5,0,id,177,np.float64(1142.8939208984375),np.float64(122.82135648037851),1
Ant-v5,0,id,178,np.float64(5209.07958984375),np.float64(515.4166018792392),0
Ant-v5,0,id,179,np.float64(1176.489990234375),np.float64(191.81402976895288),1
Ant-v5,0,id,180,np.float64(1001.343017578125),np.float64(110.69152850221795),0
Ant-v5,0,id,181,np.float64(1018.43701171875),np.float64(124.54456493467984),1
Ant-v5,0,id,182,np.float64(1271.4134521484375),np.float64(127.77225330122741),0
Ant-v5,0,id,183,np.float64(466.9715270996094),np.float64(51.88364357623215),0
Ant-v5,0,id,184,np.float64(4987.93505859375),np.float64(548.2255364756568),0
Ant-v5,0,id,185,np.float64(877.392333984375),np.float64(90.28281296324911),0
Ant-v5,0,id,186,np.float64(3361.352294921875),np.float64(376.6006413338587),0
Ant-v5,0,id,187,np.float64(5529.51416015625),np.float64(594.5192094536268),1
Ant-v5,0,id,188,np.float64(1647.44970703125),np.float64(165.5773191513048),1
Ant-v5,0,id,189,np.float64(1079.0469970703125),np.float64(119.49849843239036),1
Ant-v5,0,id,190,np.float64(849.8170166015625),np.float64(87.52424955022664),1
Ant-v5,0,id,191,np.float64(1841.5556640625),np.float64(181.2786237744666),0
Ant-v5,0,id,192,np.float64(1898.58935546875),np.float64(181.04072541929287),1
Ant-v5,0,id,193,np.float64(853.8311157226562),np.float64(92.7876366207303),1
Ant-v5,0,id,194,np.float64(1025.88623046875),np.float64(102.04950491154119),1
Ant-v5,0,id,195,np.float64(825.723876953125),np.float64(85.0903284736903),0
Ant-v5,0,id,196,np.float64(1688.7542724609375),np.float64(160.84184924914086),1
Ant-v5,0,id,197,np.float64(2817.80517578125),np.float64(271.7267018940628),0
Ant-v5,0,id,198,np.float64(1070.6064453125),np.float64(117.33029803916423),1
Ant-v5,0,id,199,np.float64(1224.7569580078125),np.float64(119.66766455397143),0
Ant-v5,0,id,200,np.float64(1487.1170654296875),np.float64(145.02675262653395),1
Ant-v5,0,id,201,np.float64(1942.1416015625),np.float64(182.41947743825),0
Ant-v5,0,id,202,np.float64(825.4996948242188),np.float64(89.8490243063903),0
Ant-v5,0,id,203,np.float64(3428.030029296875),np.float64(366.1945782122698),0
Ant-v5,0,id,204,np.float64(1041.8355712890625),np.float64(114.43118471147915),1
Ant-v5,0,id,205,np.float64(710.1082763671875),np.float64(85.33746946018917),1
Ant-v5,0,id,206,np.float64(6483.84912109375),np.float64(711.1022354344749),1
Ant-v5,0,id,207,np.float64(1550.4661865234375),np.float64(176.785285404306),1
Ant-v5,0,id,208,np.float64(1408.390869140625),np.float64(185.18210253256063),1
Ant-v5,0,id,209,np.float64(5334.05029296875),np.float64(454.00648197436067),0
Ant-v5,0,id,210,np.float64(1823.2489013671875),np.float64(174.54041847435516),0
Ant-v5,0,id,211,np.float64(1756.0673828125),np.float64(186.88598947644977),1
Ant-v5,0,id,212,np.float64(1598.4105224609375),np.float64(173.3137081177618),0
Ant-v5,0,id,213,np.float64(5679.283203125),np.float64(573.5122181163526),1
Ant-v5,0,id,214,np.float64(1021.3700561523438),np.float64(119.85542127867262),1
Ant-v5,0,id,215,np.float64(961.3814086914062),np.float64(107.81845788314996),0
Ant-v5,0,id,216,np.float64(826.4577026367188),np.float64(88.07324301410915),1
Ant-v5,0,id,217,np.float64(1518.5185546875),np.float64(180.1170400613008),1
Ant-v5,0,id,218,np.float64(1276.099609375),np.float64(136.10720955700415),1
Ant-v5,0,id,219,np.float64(1423.55810546875),np.float64(136.8013634269267),1
Ant-v5,0,id,220,np.float64(1053.2696533203125),np.float64(107.29299075445059),0
Ant-v5,0,id,221,np.float64(925.5274658203125),np.float64(97.42005878590385),1
Ant-v5,0,id,222,np.float64(1168.36376953125),np.float64(111.72956523045994),1
Ant-v5,0,id,223,np.float64(4041.282958984375),np.float64(465.51625201548813),0
Ant-v5,0,id,224,np.float64(883.291015625),np.float64(97.63924253814932),0
Ant-v5,0,id,225,np.float64(1197.216552734375),np.float64(113.65759884664442),1
Ant-v5,0,id,226,np.float64(1243.2886962890625),np.float64(136.869798052547),0
Ant-v5,0,id,227,np.float64(4136.0693359375),np.float64(437.01826802055007),0
Ant-v5,0,id,228,np.float64(1401.0770263671875),np.float64(144.74837437763313),1
Ant-v5,0,id,229,np.float64(1066.903564453125),np.float64(166.59400777286237),1
Ant-v5,0,id,230,np.float64(747.0437622070312),np.float64(88.18109338201918),1
Ant-v5,0,id,231,np.float64(775.809814453125),np.float64(78.26011303504575),1
Ant-v5,0,id,232,np.float64(2109.97705078125),np.float64(230.5559501580708),1
Ant-v5,0,id,233,np.float64(2080.651123046875),np.float64(234.17075240956746),1
Ant-v5,0,id,234,np.float64(1092.31884765625),np.float64(112.07415047783664),0
Ant-v5,0,id,235,np.float64(1141.4237060546875),np.float64(126.62625182463958),0
Ant-v5,0,id,236,np.float64(1110.94921875),np.float64(110.456768963164),0
Ant-v5,0,id,237,np.float64(2233.44580078125),np.float64(231.33098655461953),0
Ant-v5,0,id,238,np.float64(1366.15966796875),np.float64(134.55582676106422),0
Ant-v5,0,id,239,np.float64(1425.5062255859375),np.float64(145.36230119730905),0
Ant-v5,0,id,240,np.float64(854.2259521484375),np.float64(97.8637086614354),1
Ant-v5,0,id,241,np.float64(1497.61572265625),np.float64(147.93896459019652),0
Ant-v5,0,id,242,np.float64(984.6647338867188),np.float64(111.69880622530962),1
Ant-v5,0,id,243,np.float64(2649.208740234375),np.float64(256.0076921955233),0
Ant-v5,0,id,244,np.float64(1110.4578857421875),np.float64(110.7022748807012),0
Ant-v5,0,id,245,np.float64(710.0999755859375),np.float64(79.2240390686074),0
Ant-v5,0,id,246,np.float64(1080.9970703125),np.float64(102.86697917837708),0
Ant-v5,0,id,247,np.float64(1960.0556640625),np.float64(237.19735714411908),0
Ant-v5,0,id,248,np.float64(2353.679931640625),np.float64(322.9249239125105),0
Ant-v5,0,id,249,np.float64(816.60986328125),np.float64(87.50913726505982),1
Ant-v5,0,id,250,np.float64(926.3028564453125),np.float64(96.7024286978558),0
Ant-v5,0,id,251,np.float64(5056.896484375),np.float64(530.1057619777414),1
Ant-v5,0,id,252,np.float64(1487.6029052734375),np.float64(149.3836581794555),0
Ant-v5,0,id,253,np.float64(1092.6832275390625),np.float64(106.70022827791726),0
Ant-v5,0,id,254,np.float64(2114.290283203125),np.float64(232.03181763137823),1
Ant-v5,0,id,255,np.float64(1585.5159912109375),np.float64(156.19314788291533),1
Ant-v5,0,id,256,np.float64(1123.287353515625),np.float64(120.85065684220902),1
Ant-v5,0,id,257,np.float64(5163.419921875),np.float64(523.3296604078453),1
Ant-v5,0,id,258,np.float64(2523.0390625),np.float64(246.54900312738704),1
Ant-v5,0,id,259,np.float64(2731.1904296875),np.float64(281.79634378634785),1
Ant-v5,0,id,260,np.float64(1797.9219970703125),np.float64(216.22436263189843),0
Ant-v5,0,id,261,np.float64(2938.435546875),np.float64(293.33777371257224),1
Ant-v5,0,id,262,np.float64(1149.6282958984375),np.float64(124.21813855758552),0
Ant-v5,0,id,263,np.float64(3639.098876953125),np.float64(463.0033858971118),0
Ant-v5,0,id,264,np.float64(1233.5301513671875),np.float64(126.75992581349877),1
Ant-v5,0,id,265,np.float64(1980.3802490234375),np.float64(196.8137098842735),0
Ant-v5,0,id,266,np.float64(1496.7900390625),np.float64(151.28361131341276),0
Ant-v5,0,id,267,np.float64(3047.6201171875),np.float64(324.9594290564215),1
Ant-v5,0,id,268,np.float64(1543.7032470703125),np.float64(170.32714050234327),1
Ant-v5,0,id,269,np.float64(2618.56982421875),np.float64(404.4329294024161),0
Ant-v5,0,id,270,np.float64(1398.3489990234375),np.float64(144.81526152311255),1
Ant-v5,0,id,271,np.float64(715.279052734375),np.float64(79.02251838723049),1
Ant-v5,0,id,272,np.float64(4825.22216796875),np.float64(500.28298473179063),0
Ant-v5,0,id,273,np.float64(1759.44873046875),np.float64(172.56330234485017),0
Ant-v5,0,id,274,np.float64(5942.86767578125),np.float64(667.6938180096774),0
Ant-v5,0,id,275,np.float64(1388.1405029296875),np.float64(156.16433997502904),0
Ant-v5,0,id,276,np.float64(3253.548583984375),np.float64(334.35906747502645),1
Ant-v5,0,id,277,np.float64(3235.805908203125),np.float64(353.7778613212952),1
Ant-v5,0,id,278,np.float64(950.0805053710938),np.float64(105.96165074926833),1
Ant-v5,0,id,279,np.float64(1234.1669921875),np.float64(127.2226354337071),1
Ant-v5,0,id,280,np.float64(1717.04541015625),np.float64(172.96189598978867),0
Ant-v5,0,id,281,np.float64(863.9280395507812),np.float64(97.65325120458218),1
Ant-v5,0,id,282,np.float64(4091.470703125),np.float64(440.35979230518467),0
Ant-v5,0,id,283,np.float64(805.3096313476562),np.float64(90.763656103946),0
Ant-v5,0,id,284,np.float64(830.47900390625),np.float64(86.37061671405178),1
Ant-v5,0,id,285,np.float64(2116.66015625),np.float64(226.1953279028219),0
Ant-v5,0,id,286,np.float64(1332.3096923828125),np.float64(131.7979818307298),0
Ant-v5,0,id,287,np.float64(3222.901611328125),np.float64(319.51484719258667),1
Ant-v5,0,id,288,np.float64(1280.1663818359375),np.float64(149.01610670546748),1
Ant-v5,0,id,289,np.float64(6412.60888671875),np.float64(591.9540746890034),1
Ant-v5,0,id,290,np.float64(1070.516845703125),np.float64(114.04309931866462),1
Ant-v5,0,id,291,np.float64(1995.427001953125),np.float64(196.62924093841534),0
Ant-v5,0,id,292,np.float64(6574.8896484375),np.float64(693.5113279117087),1
Ant-v5,0,id,293,np.float64(1140.1314697265625),np.float64(124.31712598463483),1
Ant-v5,0,id,294,np.float64(2047.255859375),np.float64(429.42301315335806),0
Ant-v5,0,id,295,np.float64(1499.4183349609375),np.float64(146.93907744452457),0
Ant-v5,0,id,296,np.float64(678.5570678710938),np.float64(78.01873139338198),1
Ant-v5,0,id,297,np.float64(2332.3330078125),np.float64(257.1656210520184),0
Ant-v5,0,id,298,np.float64(834.9713134765625),np.float64(116.51772454503188),0
Ant-v5,0,id,299,np.float64(664.5576171875),np.float64(75.08194324484793),1
Ant-v5,0,id,300,np.float64(1144.497802734375),np.float64(127.42498813810755),0
Ant-v5,0,id,301,np.float64(1661.1644287109375),np.float64(172.64409211646375),0
Ant-v5,0,id,302,np.float64(1072.2822265625),np.float64(110.7641728057151),0
Ant-v5,0,id,303,np.float64(1322.956787109375),np.float64(127.9504778340993),1
Ant-v5,0,id,304,np.float64(3610.138671875),np.float64(351.576695251999),0
Ant-v5,0,id,305,np.float64(1177.6435546875),np.float64(127.34427176910773),1
Ant-v5,0,id,306,np.float64(1709.7110595703125),np.float64(193.25040918832767),1
Ant-v5,0,id,307,np.float64(1021.19775390625),np.float64(107.21760811558329),1
Ant-v5,0,id,308,np.float64(1254.1590576171875),np.float64(124.3951058057115),0
Ant-v5,0,id,309,np.float64(5330.6005859375),np.float64(545.9990984869331),0
Ant-v5,0,id,310,np.float64(4996.92041015625),np.float64(478.90751714748205),0
Ant-v5,0,id,311,np.float64(1118.0765380859375),np.float64(124.58797457884674),1
Ant-v5,0,id,312,np.float64(967.0811767578125),np.float64(102.20696153401533),1
Ant-v5,0,id,313,np.float64(3203.81591796875),np.float64(338.4467809475632),0
Ant-v5,0,id,314,np.float64(3185.5107421875),np.float64(307.69269850567343),0
Ant-v5,0,id,315,np.float64(1319.3067626953125),np.float64(150.17498616124027),0
Ant-v5,0,id,316,np.float64(1170.2662353515625),np.float64(130.50721055218014),1
Ant-v5,0,id,317,np.float64(1576.0467529296875),np.float64(151.66763689232513),0
Ant-v5,0,id,318,np.float64(1532.3233642578125),np.float64(153.74795254670505),1
Ant-v5,0,id,319,np.float64(1683.497802734375),np.float64(157.95340823769536),1
Ant-v5,0,id,320,np.float64(1589.213623046875),np.float64(160.87889552110062),1
Ant-v5,0,id,321,np.float64(4612.90283203125),np.float64(493.2332542284929),1
Ant-v5,0,id,322,np.float64(1660.14599609375),np.float64(162.67613354959164),0
Ant-v5,0,id,323,np.float64(1038.443359375),np.float64(116.25255236668684),0
Ant-v5,0,id,324,np.float64(1727.217529296875),np.float64(187.46209176505675),1
Ant-v5,0,id,325,np.float64(1604.953857421875),np.float64(225.70178522441955),0
Ant-v5,0,id,326,np.float64(1930.62109375),np.float64(188.3334523568276),1
Ant-v5,0,id,327,np.float64(907.9649047851562),np.float64(97.31445771916285),1
Ant-v5,0,id,328,np.float64(909.80908203125),np.float64(105.55534723952266),1
Ant-v5,0,id,329,np.float64(1469.7952880859375),np.float64(146.95437105039224),0
Ant-v5,0,id,330,np.float64(1837.0701904296875),np.float64(203.8733015499973),1
Ant-v5,0,id,331,np.float64(1306.71435546875),np.float64(142.26118322002566),1
Ant-v5,0,id,332,np.float64(2290.56201171875),np.float64(237.97808923543943),1
Ant-v5,0,id,333,np.float64(1759.7193603515625),np.float64(223.95301375403528),0
Ant-v5,0,id,334,np.float64(999.3507690429688),np.float64(113.21930941367583),1
Ant-v5,0,id,335,np.float64(1796.7562255859375),np.float64(179.56037524439327),0
Ant-v5,0,id,336,np.float64(1544.599609375),np.float64(165.14086445454473),1
Ant-v5,0,id,337,np.float64(5352.0556640625),np.float64(605.9310417100608),0
Ant-v5,0,id,338,np.float64(3294.859375),np.float64(341.1901398300521),1
Ant-v5,0,id,339,np.float64(1840.67236328125),np.float64(186.0508080281369),0
Ant-v5,0,id,340,np.float64(1271.1910400390625),np.float64(133.9564956861497),0
Ant-v5,0,id,341,np.float64(1632.2554931640625),np.float64(167.33980305999074),0
Ant-v5,0,id,342,np.float64(1552.45751953125),np.float64(153.71468633211967),1
Ant-v5,0,id,343,np.float64(995.8471069335938),np.float64(101.57035336303329),0
Ant-v5,0,id,344,np.float64(6777.89111328125),np.float64(664.6867314277025),0
Ant-v5,0,id,345,np.float64(1117.018310546875),np.float64(116.94968478524467),1
Ant-v5,0,id,346,np.float64(2200.329345703125),np.float64(220.71286693300067),0
Ant-v5,0,id,347,np.float64(1321.692626953125),np.float64(139.34512033294604),0
Ant-v5,0,id,348,np.float64(6336.53515625),np.float64(640.133786551409),1
Ant-v5,0,id,349,np.float64(1188.7979736328125),np.float64(117.77756249728424),1
Ant-v5,0,id,350,np.float64(6783.5810546875),np.float64(609.8217827490006),1
Ant-v5,0,id,351,np.float64(1227.5247802734375),np.float64(124.30180266977084),0
Ant-v5,0,id,352,np.float64(899.01513671875),np.float64(97.63159426395913),1
Ant-v5,0,id,353,np.float64(1007.0427856445312),np.float64(120.78703655517987),0
Ant-v5,0,id,354,np.float64(1035.779052734375),np.float64(121.10486485497077),1
Ant-v5,0,id,355,np.float64(1990.1737060546875),np.float64(211.73428345213804),0
Ant-v5,0,id,356,np.float64(1146.66015625),np.float64(121.71360102591444),0
Ant-v5,0,id,357,np.float64(1131.5157470703125),np.float64(118.3289831664458),0
Ant-v5,0,id,358,np.float64(5358.26513671875),np.float64(567.7387509929822),1
Ant-v5,0,id,359,np.float64(945.98486328125),np.float64(96.04039112943352),1
Ant-v5,0,id,360,np.float64(1514.94189453125),np.float64(150.56006400479075),0
Ant-v5,0,id,361,np.float64(880.64111328125),np.float64(91.90398207399002),0
Ant-v5,0,id,362,np.float64(1324.086669921875),np.float64(132.6912084062014),1
Ant-v5,0,id,363,np.float64(2935.7568359375),np.float64(320.4640374634904),0
Ant-v5,0,id,364,np.float64(1060.2452392578125),np.float64(111.20545680916248),1
Ant-v5,0,id,365,np.float64(1172.9932861328125),np.float64(112.79948509105955),0
Ant-v5,0,id,366,np.float64(967.2128295898438),np.float64(110.22892938467325),1
Ant-v5,0,id,367,np.float64(1465.6492919921875),np.float64(145.58394783384483),0
Ant-v5,0,id,368,np.float64(753.364501953125),np.float64(87.0064148968629),1
Ant-v5,0,id,369,np.float64(3388.783203125),np.float64(364.92333299114193),0
Ant-v5,0,id,370,np.float64(2144.0302734375),np.float64(222.5315512662151),0
Ant-v5,0,id,371,np.float64(4726.6494140625),np.float64(510.13939377443626),1
Ant-v5,0,id,372,np.float64(968.9098510742188),np.float64(98.52018682510243),0
Ant-v5,0,id,373,np.float64(1172.716064453125),np.float64(127.73877790413465),0
Ant-v5,0,id,374,np.float64(873.9048461914062),np.float64(107.07330496895304),0
Ant-v5,0,id,375,np.float64(2814.00146484375),np.float64(335.542831899948),1
Ant-v5,0,id,376,np.float64(1232.7626953125),np.float64(119.36568383723503),1
Ant-v5,0,id,377,np.float64(1706.5694580078125),np.float64(175.9556817725289),0
Ant-v5,0,id,378,np.float64(3107.133544921875),np.float64(340.223080091784),0
Ant-v5,0,id,379,np.float64(1700.4482421875),np.float64(173.01651846995625),0
Ant-v5,0,id,380,np.float64(5521.87744140625),np.float64(672.1039767682404),1
Ant-v5,0,id,381,np.float64(2005.6627197265625),np.float64(210.32482548329725),0
Ant-v5,0,id,382,np.float64(1248.001953125),np.float64(133.03214898073512),1
Ant-v5,0,id,383,np.float64(1166.0087890625),np.float64(116.70873457950987),1
Ant-v5,0,id,384,np.float64(878.3069458007812),np.float64(92.04386601259719),0
Ant-v5,0,id,385,np.float64(2008.545166015625),np.float64(223.6862874407675),0
Ant-v5,0,id,386,np.float64(1796.9525146484375),np.float64(194.21170628932853),1
Ant-v5,0,id,387,np.float64(1710.4564208984375),np.float64(178.97391162522027),0
Ant-v5,0,id,388,np.float64(1871.4189453125),np.float64(195.57929892031072),0
Ant-v5,0,id,389,np.float64(717.2177734375),np.float64(75.49647746069243),0
Ant-v5,0,id,390,np.float64(2847.20068359375),np.float64(295.01169889080177),1
Ant-v5,0,id,391,np.float64(1423.487548828125),np.float64(142.0643603290432),1
Ant-v5,0,id,392,np.float64(2840.6630859375),np.float64(306.9788687315605),0
Ant-v5,0,id,393,np.float64(1470.3231201171875),np.float64(173.17669405223089),0
Ant-v5,0,id,394,np.float64(1473.3529052734375),np.float64(146.43715082893007),0
Ant-v5,0,id,395,np.float64(3028.6552734375),np.float64(318.39176282739334),0
Ant-v5,0,id,396,np.float64(1794.2974853515625),np.float64(185.80497869033266),1
Ant-v5,0,id,397,np.float64(1577.923583984375),np.float64(184.24165335991944),0
Ant-v5,0,id,398,np.float64(3379.410888671875),np.float64(403.3662106051845),0
Ant-v5,0,id,399,np.float64(1708.7266845703125),np.float64(205.09870751395044),1
Ant-v5,0,id,400,np.float64(3282.164306640625),np.float64(329.6445072003829),0
Ant-v5,0,id,401,np.float64(1042.0496826171875),np.float64(101.95188601132071),0
Ant-v5,0,id,402,np.float64(1525.3507080078125),np.float64(155.95770350452634),0
Ant-v5,0,id,403,np.float64(749.75537109375),np.float64(87.46242625139593),1
Ant-v5,0,id,404,np.float64(852.8428955078125),np.float64(115.92016814593575),1
Ant-v5,0,id,405,np.float64(5506.81591796875),np.float64(522.7373464175697),1
Ant-v5,0,id,406,np.float64(1868.5030517578125),np.float64(205.1817164966272),1
Ant-v5,0,id,407,np.float64(1229.6778564453125),np.float64(118.27124446012084),0
Ant-v5,0,id,408,np.float64(681.8534545898438),np.float64(76.30685163255801),1
Ant-v5,0,id,409,np.float64(2642.822265625),np.float64(264.75854228013657),1
Ant-v5,0,id,410,np.float64(1353.236083984375),np.float64(139.144988474386),0
Ant-v5,0,id,411,np.float64(942.5200805664062),np.float64(101.35865994683104),0
Ant-v5,0,id,412,np.float64(1982.6287841796875),np.float64(393.1020869591151),0
Ant-v5,0,id,413,np.float64(3041.56298828125),np.float64(344.30671181272544),1
Ant-v5,0,id,414,np.float64(1751.872802734375),np.float64(212.22700912833773),1
Ant-v5,0,id,415,np.float64(601.10205078125),np.float64(61.165570700653824),0
Ant-v5,0,id,416,np.float64(871.3056640625),np.float64(113.53896213458384),0
Ant-v5,0,id,417,np.float64(1245.740478515625),np.float64(121.47502519026756),0
Ant-v5,0,id,418,np.float64(5445.95654296875),np.float64(530.2312667780684),0
Ant-v5,0,id,419,np.float64(1735.271484375),np.float64(168.05504293817492),0
Ant-v5,0,id,420,np.float64(1146.5672607421875),np.float64(116.33504549774716),1
Ant-v5,0,id,421,np.float64(1263.9842529296875),np.float64(128.35178502466678),0
Ant-v5,0,id,422,np.float64(1407.6226806640625),np.float64(142.5248571114034),0
Ant-v5,0,id,423,np.float64(1019.8928833007812),np.float64(114.73176300982277),1
Ant-v5,0,id,424,np.float64(965.7183837890625),np.float64(109.14778161195713),1
Ant-v5,0,id,425,np.float64(1673.9432373046875),np.float64(174.51677043169346),1
Ant-v5,0,id,426,np.float64(2216.67529296875),np.float64(235.9715763830098),1
Ant-v5,0,id,427,np.float64(1585.9959716796875),np.float64(170.7277173645891),0
Ant-v5,0,id,428,np.float64(1158.8585205078125),np.float64(122.9093399647856),1
Ant-v5,0,id,429,np.float64(811.6627197265625),np.float64(85.27268381480138),0
Ant-v5,0,id,430,np.float64(1264.1331787109375),np.float64(178.55458716555273),1
Ant-v5,0,id,431,np.float64(5774.478515625),np.float64(588.5439353094561),0
Ant-v5,0,id,432,np.float64(1759.952880859375),np.float64(215.68463900462973),1
Ant-v5,0,id,433,np.float64(839.9944458007812),np.float64(87.3386104270192),0
Ant-v5,0,id,434,np.float64(1723.568115234375),np.float64(170.41449494004038),0
Ant-v5,0,id,435,np.float64(1473.880859375),np.float64(154.19058588506007),1
Ant-v5,0,id,436,np.float64(5182.822265625),np.float64(560.6667774854499),1
Ant-v5,0,id,437,np.float64(1689.3721923828125),np.float64(162.31061245926165),0
Ant-v5,0,id,438,np.float64(4106.4541015625),np.float64(427.6229337976239),0
Ant-v5,0,id,439,np.float64(1919.549560546875),np.float64(211.38604825799632),0
Ant-v5,0,id,440,np.float64(1944.6104736328125),np.float64(188.92213862567417),0
Ant-v5,0,id,441,np.float64(5880.12548828125),np.float64(668.1829324144204),0
Ant-v5,0,id,442,np.float64(754.275390625),np.float64(81.67063687994093),1
Ant-v5,0,id,443,np.float64(1508.3448486328125),np.float64(165.7862696721599),1
Ant-v5,0,id,444,np.float64(1014.455322265625),np.float64(112.1989113031255),0
Ant-v5,0,id,445,np.float64(1044.174072265625),np.float64(100.7581951282543),0
Ant-v5,0,id,446,np.float64(738.43994140625),np.float64(85.04982844755611),1
Ant-v5,0,id,447,np.float64(2881.772705078125),np.float64(293.09498379483637),0
Ant-v5,0,id,448,np.float64(3456.754638671875),np.float64(372.72570978666624),1
Ant-v5,0,id,449,np.float64(1320.654052734375),np.float64(130.5308412517266),1
Ant-v5,0,id,450,np.float64(1322.2225341796875),np.float64(136.71498219818503),1
Ant-v5,0,id,451,np.float64(1243.2183837890625),np.float64(145.96062827486378),0
Ant-v5,0,id,452,np.float64(1193.1051025390625),np.float64(117.35307992330863),0
Ant-v5,0,id,453,np.float64(670.7097778320312),np.float64(70.65875306117744),0
Ant-v5,0,id,454,np.float64(2503.7451171875),np.float64(250.41807277005583),0
Ant-v5,0,id,455,np.float64(908.1536254882812),np.float64(96.35264083015815),0
Ant-v5,0,id,456,np.float64(2804.255126953125),np.float64(310.48174784631055),1
Ant-v5,0,id,457,np.float64(974.3035888671875),np.float64(106.9728375672482),0
Ant-v5,0,id,458,np.float64(1235.4935302734375),np.float64(131.07120060772934),1
Ant-v5,0,id,459,np.float64(3261.093017578125),np.float64(338.6148231985428),0
Ant-v5,0,id,460,np.float64(1980.885986328125),np.float64(196.02581152402982),1
Ant-v5,0,id,461,np.float64(1181.841064453125),np.float64(126.6729246800021),1
Ant-v5,0,id,462,np.float64(1169.768310546875),np.float64(124.49445295689856),0
Ant-v5,0,id,463,np.float64(1019.8981323242188),np.float64(114.68120150485771),1
Ant-v5,0,id,464,np.float64(4159.689453125),np.float64(414.9915594175553),0
Ant-v5,0,id,465,np.float64(1386.5504150390625),np.float64(148.9522285420008),1
Ant-v5,0,id,466,np.float64(1548.263427734375),np.float64(185.40306869600192),0
Ant-v5,0,id,467,np.float64(5386.14599609375),np.float64(561.7898775236031),1
Ant-v5,0,id,468,np.float64(5758.16455078125),np.float64(585.8065161547953),1
Ant-v5,0,id,469,np.float64(770.268310546875),np.float64(80.65008710226451),0
Ant-v5,0,id,470,np.float64(2222.11669921875),np.float64(237.19582986550688),0
Ant-v5,0,id,471,np.float64(4000.2392578125),np.float64(381.44638316751013),1
Ant-v5,0,id,472,np.float64(1147.6396484375),np.float64(133.29741182281842),0
Ant-v5,0,id,473,np.float64(4272.39111328125),np.float64(447.99680735694585),1
Ant-v5,0,id,474,np.float64(987.75390625),np.float64(106.38218077955943),1
Ant-v5,0,id,475,np.float64(1031.338623046875),np.float64(105.05167193196533),1
Ant-v5,0,id,476,np.float64(1065.3106689453125),np.float64(106.6226096197118),0
Ant-v5,0,id,477,np.float64(2045.4945068359375),np.float64(230.60922673385048),0
Ant-v5,0,id,478,np.float64(4623.4013671875),np.float64(503.32724534034764),1
Ant-v5,0,id,479,np.float64(2824.892333984375),np.float64(301.06134470217717),1
Ant-v5,0,id,480,np.float64(6194.16455078125),np.float64(625.804781562217),0
Ant-v5,0,id,481,np.float64(840.1637573242188),np.float64(86.95693226531847),1
Ant-v5,0,id,482,np.float64(1004.4273681640625),np.float64(101.36041374469275),0
Ant-v5,0,id,483,np.float64(1511.674072265625),np.float64(145.56056868529487),1
Ant-v5,0,id,484,np.float64(2504.797119140625),np.float64(287.6961709300375),1
Ant-v5,0,id,485,np.float64(951.0859375),np.float64(95.20897573178078),1
Ant-v5,0,id,486,np.float64(880.6907958984375),np.float64(102.68872796636998),1
Ant-v5,0,id,487,np.float64(3262.99072265625),np.float64(375.14908352369775),0
Ant-v5,0,id,488,np.float64(1865.86279296875),np.float64(190.82985416203329),0
Ant-v5,0,id,489,np.float64(627.9340209960938),np.float64(67.61559402025513),0
Ant-v5,0,id,490,np.float64(1128.71826171875),np.float64(118.07240990632914),1
Ant-v5,0,id,491,np.float64(2576.607666015625),np.float64(252.62172025333305),1
Ant-v5,0,id,492,np.float64(1615.0838623046875),np.float64(176.25761998700142),1
Ant-v5,0,id,493,np.float64(2288.907958984375),np.float64(249.37181785098582),1
Ant-v5,0,id,494,np.float64(2051.958740234375),np.float64(211.03976194171918),1
Ant-v5,0,id,495,np.float64(1448.211181640625),np.float64(146.56306397223037),1
Ant-v5,0,id,496,np.float64(1658.7373046875),np.float64(161.54858320615864),1
Ant-v5,0,id,497,np.float64(4921.734375),np.float64(479.2633384766152),0
Ant-v5,0,id,498,np.float64(2486.794921875),np.float64(252.92565875215965),0
Ant-v5,0,id,499,np.float64(1215.4725341796875),np.float64(153.83269914121155),1
Ant-v5,0,id,500,np.float64(3326.465087890625),np.float64(355.1486802987805),0
Ant-v5,0,id,501,np.float64(1553.038330078125),np.float64(174.81917563544758),1
Ant-v5,0,id,502,np.float64(923.518798828125),np.float64(100.89366432919144),0
Ant-v5,0,id,503,np.float64(982.43505859375),np.float64(101.0440521658748),0
Ant-v5,0,id,504,np.float64(1115.381103515625),np.float64(134.51962772421652),1
Ant-v5,0,id,505,np.float64(1189.146484375),np.float64(112.598794381409),0
Ant-v5,0,id,506,np.float64(1317.89208984375),np.float64(128.34035277128754),1
Ant-v5,0,id,507,np.float64(917.3795776367188),np.float64(99.69083617619188),0
Ant-v5,0,id,508,np.float64(1229.1829833984375),np.float64(134.63649873145624),1
Ant-v5,0,id,509,np.float64(1435.813232421875),np.float64(157.42778611485414),1
Ant-v5,0,id,510,np.float64(1910.6796875),np.float64(194.73959408421268),1
Ant-v5,0,id,511,np.float64(5508.154296875),np.float64(509.7868370710254),1
Ant-v5,0,id,512,np.float64(1461.2227783203125),np.float64(154.21128747981302),1
Ant-v5,0,id,513,np.float64(1471.79736328125),np.float64(168.12613404855222),0
Ant-v5,0,id,514,np.float64(1160.167236328125),np.float64(125.7580747222184),0
Ant-v5,0,id,515,np.float64(2013.0196533203125),np.float64(205.04607921105284),1
Ant-v5,0,id,516,np.float64(1598.8779296875),np.float64(173.09403902544764),0
Ant-v5,0,id,517,np.float64(1495.22412109375),np.float64(156.97176039658254),0
Ant-v5,0,id,518,np.float64(750.482421875),np.float64(90.92683219037559),0
Ant-v5,0,id,519,np.float64(2053.318359375),np.float64(284.30838038212346),0
Ant-v5,0,id,520,np.float64(4343.57568359375),np.float64(452.1694532074513),0
Ant-v5,0,id,521,np.float64(1769.4678955078125),np.float64(227.55909789905868),0
Ant-v5,0,id,522,np.float64(858.9210205078125),np.float64(96.88007390334121),1
Ant-v5,0,id,523,np.float64(530.948486328125),np.float64(65.17990529597182),0
Ant-v5,0,id,524,np.float64(3331.262939453125),np.float64(330.4508255937551),1
Ant-v5,0,id,525,np.float64(496.4596252441406),np.float64(56.64467305105815),1
Ant-v5,0,id,526,np.float64(1488.8602294921875),np.float64(191.5825711592548),0
Ant-v5,0,id,527,np.float64(1248.9176025390625),np.float64(119.40501043444505),1
Ant-v5,0,id,528,np.float64(1272.3310546875),np.float64(122.79963844484817),0
Ant-v5,0,id,529,np.float64(934.5595092773438),np.float64(92.68185731612132),0
Ant-v5,0,id,530,np.float64(5424.0654296875),np.float64(548.5438541933792),1
Ant-v5,0,id,531,np.float64(1612.1259765625),np.float64(179.62991390150327),1
Ant-v5,0,id,532,np.float64(6341.0546875),np.float64(690.5470202650037),0
Ant-v5,0,id,533,np.float64(1686.0574951171875),np.float64(188.5698906357337),0
Ant-v5,0,id,534,np.float64(877.4921264648438),np.float64(93.7235549939831),1
Ant-v5,0,id,535,np.float64(2075.088623046875),np.float64(190.0174615806576),1
Ant-v5,0,id,536,np.float64(3388.6279296875),np.float64(355.9203436544989),0
Ant-v5,0,id,537,np.float64(4754.64013671875),np.float64(504.6686650272926),0
Ant-v5,0,id,538,np.float64(1316.9072265625),np.float64(134.57449444392998),0
Ant-v5,0,id,539,np.float64(1339.220703125),np.float64(140.40550518581995),1
Ant-v5,0,id,540,np.float64(2153.79736328125),np.float64(235.7184554710238),0
Ant-v5,0,id,541,np.float64(3074.339599609375),np.float64(321.59797924339614),1
Ant-v5,0,id,542,np.float64(1278.318359375),np.float64(128.13553438199676),0
Ant-v5,0,id,543,np.float64(1747.95263671875),np.float64(185.89084143969924),0
Ant-v5,0,id,544,np.float64(2916.033935546875),np.float64(298.48364552777264),0
Ant-v5,0,id,545,np.float64(1485.787109375),np.float64(174.30598643951544),1
Ant-v5,0,id,546,np.float64(1448.288818359375),np.float64(138.198713013668),1
Ant-v5,0,id,547,np.float64(1336.13232421875),np.float64(134.89296031899542),0
Ant-v5,0,id,548,np.float64(1221.2420654296875),np.float64(118.39621961455836),0
Ant-v5,0,id,549,np.float64(1332.100830078125),np.float64(129.20673680221776),1
Ant-v5,0,id,550,np.float64(892.5403442382812),np.float64(93.94899787863673),1
Ant-v5,0,id,551,np.float64(1011.0277099609375),np.float64(105.67550618461198),1
Ant-v5,0,id,552,np.float64(1831.1553955078125),np.float64(197.39874167689507),1
Ant-v5,0,id,553,np.float64(1018.8591918945312),np.float64(100.33511594396336),1
Ant-v5,0,id,554,np.float64(5780.990234375),np.float64(622.2311521643226),0
Ant-v5,0,id,555,np.float64(4460.1689453125),np.float64(440.1744566715922),0
Ant-v5,0,id,556,np.float64(950.7522583007812),np.float64(101.87238557153157),1
Ant-v5,0,id,557,np.float64(1471.2333984375),np.float64(152.87937598636177),0
Ant-v5,0,id,558,np.float64(1798.2034912109375),np.float64(169.50717779453848),0
Ant-v5,0,id,559,np.float64(1300.9151611328125),np.float64(134.52525445389728),0
Ant-v5,0,id,560,np.float64(2003.795654296875),np.float64(200.0866422612032),0
Ant-v5,0,id,561,np.float64(1626.0301513671875),np.float64(171.23245086575847),1
Ant-v5,0,id,562,np.float64(1935.9510498046875),np.float64(195.4883481513114),1
Ant-v5,0,id,563,np.float64(874.4074096679688),np.float64(93.5664714236853),1
Ant-v5,0,id,564,np.float64(1825.16259765625),np.float64(186.10127168648205),0
Ant-v5,0,id,565,np.float64(986.9473266601562),np.float64(105.86563788789226),1
Ant-v5,0,id,566,np.float64(1173.65380859375),np.float64(121.8653040523412),1
Ant-v5,0,id,567,np.float64(1623.966796875),np.float64(155.08115236755103),0
Ant-v5,0,id,568,np.float64(1487.344482421875),np.float64(156.92162592128432),0
Ant-v5,0,id,569,np.float64(993.0927734375),np.float64(104.32136259456178),1
Ant-v5,0,id,570,np.float64(1699.5897216796875),np.float64(170.66911385698927),1
Ant-v5,0,id,571,np.float64(1787.2236328125),np.float64(198.43950927693444),1
Ant-v5,0,id,572,np.float64(1210.377197265625),np.float64(125.27831682010842),0
Ant-v5,0,id,573,np.float64(1160.90087890625),np.float64(116.85555612997658),0
Ant-v5,0,id,574,np.float64(1760.0052490234375),np.float64(159.6263475551399),1
Ant-v5,0,id,575,np.float64(1412.79248046875),np.float64(141.6587464985833),1
Ant-v5,0,id,576,np.float64(1444.68505859375),np.float64(143.69499888620751),0
Ant-v5,0,id,577,np.float64(2431.12646484375),np.float64(321.5966175483918),0
Ant-v5,0,id,578,np.float64(1539.9185791015625),np.float64(155.36642257217875),0
Ant-v5,0,id,579,np.float64(1302.519287109375),np.float64(140.02881758887872),0
Ant-v5,0,id,580,np.float64(1836.0164794921875),np.float64(202.37224394494862),0
Ant-v5,0,id,581,np.float64(1387.2655029296875),np.float64(144.68323311172242),1
Ant-v5,0,id,582,np.float64(652.8930053710938),np.float64(70.20584049603283),0
Ant-v5,0,id,583,np.float64(2869.44580078125),np.float64(331.6352022492006),0
Ant-v5,0,id,584,np.float64(2976.783447265625),np.float64(299.4578965579277),1
Ant-v5,0,id,585,np.float64(1383.3597412109375),np.float64(148.3776464372901),1
Ant-v5,0,id,586,np.float64(799.0164794921875),np.float64(82.81707441312386),0
Ant-v5,0,id,587,np.float64(738.444091796875),np.float64(78.27438620348173),0
Ant-v5,0,id,588,np.float64(1786.5172119140625),np.float64(175.89093509419345),0
Ant-v5,0,id,589,np.float64(5029.77783203125),np.float64(492.5213647195559),0
Ant-v5,0,id,590,np.float64(1721.140625),np.float64(172.13290693935681),1
Ant-v5,0,id,591,np.float64(2071.251953125),np.float64(224.52548440565354),1
Ant-v5,0,id,592,np.float64(1321.084228515625),np.float64(182.7781681615567),0
Ant-v5,0,id,593,np.float64(1782.8831787109375),np.float64(187.1067536481222),1
Ant-v5,0,id,594,np.float64(897.4707641601562),np.float64(95.85984122460147),1
Ant-v5,0,id,595,np.float64(1231.8262939453125),np.float64(134.55913546058628),0
Ant-v5,0,id,596,np.float64(1839.26953125),np.float64(187.30440657482384),1
Ant-v5,0,id,597,np.float64(2532.486328125),np.float64(312.53974149074907),1
Ant-v5,0,id,598,np.float64(1767.324462890625),np.float64(176.71979688824524),1
Ant-v5,0,id,599,np.float64(788.0125732421875),np.float64(86.4570228229993),1
Ant-v5,0,id,600,np.float64(1068.381591796875),np.float64(118.84042367937639),0
Ant-v5,0,id,601,np.float64(1529.7957763671875),np.float64(151.24330203225765),0
Ant-v5,0,id,602,np.float64(5695.3369140625),np.float64(609.748148017435),0
Ant-v5,0,id,603,np.float64(1145.749755859375),np.float64(116.42577101944411),1
Ant-v5,0,id,604,np.float64(899.1715698242188),np.float64(95.7736064752749),0
Ant-v5,0,id,605,np.float64(960.3762817382812),np.float64(98.32697968754934),1
Ant-v5,0,id,606,np.float64(3312.75146484375),np.float64(341.1622164189746),0
Ant-v5,0,id,607,np.float64(5001.748046875),np.float64(532.8300398646982),0
Ant-v5,0,id,608,np.float64(6204.56689453125),np.float64(651.2676221732842),0
Ant-v5,0,id,609,np.float64(1166.4522705078125),np.float64(120.22201295516166),1
Ant-v5,0,id,610,np.float64(475.693359375),np.float64(95.10412624050954),1
Ant-v5,0,id,611,np.float64(996.7695922851562),np.float64(120.61049380454313),0
Ant-v5,0,id,612,np.float64(796.4352416992188),np.float64(79.95427105689939),1
Ant-v5,0,id,613,np.float64(440.5309753417969),np.float64(55.900426093305676),0
Ant-v5,0,id,614,np.float64(2075.96337890625),np.float64(245.02158737126686),0
Ant-v5,0,id,615,np.float64(1145.7691650390625),np.float64(112.73675378130804),0
Ant-v5,0,id,616,np.float64(1058.7957763671875),np.float64(108.238623552543),0
Ant-v5,0,id,617,np.float64(1052.85400390625),np.float64(122.7147684806624),1
Ant-v5,0,id,618,np.float64(1196.59228515625),np.float64(127.0334670988226),1
Ant-v5,0,id,619,np.float64(6119.4140625),np.float64(600.3908519138446),0
Ant-v5,0,id,620,np.float64(2126.70751953125),np.float64(222.18680785151327),1
Ant-v5,0,id,621,np.float64(1923.13232421875),np.float64(204.7421239778182),1
Ant-v5,0,id,622,np.float64(944.2865600585938),np.float64(103.41010537547018),1
Ant-v5,0,id,623,np.float64(1479.9329833984375),np.float64(139.44633504096547),0
Ant-v5,0,id,624,np.float64(1929.4327392578125),np.float64(264.13602747785853),1
Ant-v5,0,id,625,np.float64(1603.3331298828125),np.float64(157.11428157378143),0
Ant-v5,0,id,626,np.float64(1526.703369140625),np.float64(169.54044947766724),1
Ant-v5,0,id,627,np.float64(4763.61474609375),np.float64(481.8370895951358),1
Ant-v5,0,id,628,np.float64(1150.6451416015625),np.float64(121.69670433822154),0
Ant-v5,0,id,629,np.float64(1016.0692749023438),np.float64(102.04411737215847),1
Ant-v5,0,id,630,np.float64(718.0883178710938),np.float64(74.77577244045798),1
Ant-v5,0,id,631,np.float64(1362.006103515625),np.float64(136.0882460836558),1
Ant-v5,0,id,632,np.float64(973.774169921875),np.float64(104.43216167555579),1
Ant-v5,0,id,633,np.float64(1411.7674560546875),np.float64(143.84012730959694),1
Ant-v5,0,id,634,np.float64(796.6157836914062),np.float64(95.23605689136929),1
Ant-v5,0,id,635,np.float64(1032.053955078125),np.float64(117.03167959757351),1
Ant-v5,0,id,636,np.float64(2562.214599609375),np.float64(267.6355355571591),0
Ant-v5,0,id,637,np.float64(2223.2861328125),np.float64(219.86046478155575),0
Ant-v5,0,id,638,np.float64(2782.34326171875),np.float64(314.7424190459161),0
Ant-v5,0,id,639,np.float64(2646.719970703125),np.float64(276.9579218325489),1
Ant-v5,0,id,640,np.float64(2149.943603515625),np.float64(208.6911347222463),1
Ant-v5,0,id,641,np.float64(2613.161376953125),np.float64(259.672236543696),0
Ant-v5,0,id,642,np.float64(1047.2733154296875),np.float64(116.9934923686987),0
Ant-v5,0,id,643,np.float64(5677.8203125),np.float64(550.2299057391608),1
Ant-v5,0,id,644,np.float64(1098.4349365234375),np.float64(111.62881126272092),0
Ant-v5,0,id,645,np.float64(5436.3046875),np.float64(543.6397012612239),1
Ant-v5,0,id,646,np.float64(1201.7784423828125),np.float64(117.52093400752156),1
Ant-v5,0,id,647,np.float64(1324.6705322265625),np.float64(134.8991282797011),0
Ant-v5,0,id,648,np.float64(1013.6815185546875),np.float64(102.77683598869885),0
Ant-v5,0,id,649,np.float64(1427.1737060546875),np.float64(152.76644345326343),0
Ant-v5,0,id,650,np.float64(1010.7271728515625),np.float64(114.1392006706721),1
Ant-v5,0,id,651,np.float64(1632.053466796875),np.float64(209.11172372773407),1
Ant-v5,0,id,652,np.float64(1101.84521484375),np.float64(112.40722356123823),1
Ant-v5,0,id,653,np.float64(831.1328735351562),np.float64(88.14086099724628),1
Ant-v5,0,id,654,np.float64(1288.9791259765625),np.float64(137.6961393471377),1
Ant-v5,0,id,655,np.float64(4835.86865234375),np.float64(489.86580854671183),0
Ant-v5,0,id,656,np.float64(802.267822265625),np.float64(92.95066922691669),1
Ant-v5,0,id,657,np.float64(1536.107177734375),np.float64(163.62288173536567),1
Ant-v5,0,id,658,np.float64(6206.16845703125),np.float64(690.8091281183488),1
Ant-v5,0,id,659,np.float64(2175.594482421875),np.float64(230.59613174151525),0
Ant-v5,0,id,660,np.float64(1314.7177734375),np.float64(145.2134217598113),1
Ant-v5,0,id,661,np.float64(1766.4490966796875),np.float64(179.65514572349852),0
Ant-v5,0,id,662,np.float64(6687.24853515625),np.float64(632.9129254488416),1
Ant-v5,0,id,663,np.float64(2131.695068359375),np.float64(216.93303724900613),1
Ant-v5,0,id,664,np.float64(1936.1796875),np.float64(208.97929107941079),1
Ant-v5,0,id,665,np.float64(2155.16064453125),np.float64(259.8208246136631),1
Ant-v5,0,id,666,np.float64(2792.5927734375),np.float64(353.4371204803506),1
Ant-v5,0,id,667,np.float64(3035.012451171875),np.float64(349.1948623955835),0
Ant-v5,0,id,668,np.float64(668.2951049804688),np.float64(90.0657661699851),0
Ant-v5,0,id,669,np.float64(463.6892395019531),np.float64(54.275366509861726),1
Ant-v5,0,id,670,np.float64(712.76513671875),np.float64(74.10996128707487),0
Ant-v5,0,id,671,np.float64(602.2982177734375),np.float64(72.30972445230353),0
Ant-v5,0,id,672,np.float64(814.6903686523438),np.float64(85.5213490487283),1
Ant-v5,0,id,673,np.float64(1384.8980712890625),np.float64(129.98677815075376),1
Ant-v5,0,id,674,np.float64(2158.289306640625),np.float64(211.49271421985338),1
Ant-v5,0,id,675,np.float64(1502.158935546875),np.float64(186.92898373322234),0
Ant-v5,0,id,676,np.float64(3577.855712890625),np.float64(370.618514744739),1
Ant-v5,0,id,677,np.float64(3424.73583984375),np.float64(344.42934975106516),1
Ant-v5,0,id,678,np.float64(1465.47509765625),np.float64(147.78772410749966),1
Ant-v5,0,id,679,np.float64(1485.6925048828125),np.float64(138.40513719581875),0
Ant-v5,0,id,680,np.float64(925.3640747070312),np.float64(99.63624759802659),0
Ant-v5,0,id,681,np.float64(1335.356201171875),np.float64(147.44807890268072),1
Ant-v5,0,id,682,np.float64(1493.9541015625),np.float64(166.14639732414074),0
Ant-v5,0,id,683,np.float64(5552.84619140625),np.float64(521.8215870011592),1
Ant-v5,0,id,684,np.float64(1454.9593505859375),np.float64(152.90478391457282),1
Ant-v5,0,id,685,np.float64(1047.962158203125),np.float64(107.27346119473302),1
Ant-v5,0,id,686,np.float64(1747.9464111328125),np.float64(175.4145754541182),0
Ant-v5,0,id,687,np.float64(1875.4163818359375),np.float64(190.22440716903182),1
Ant-v5,0,id,688,np.float64(4021.541748046875),np.float64(475.4700782979198),1
Ant-v5,0,id,689,np.float64(1961.2447509765625),np.float64(200.54197126274335),0
Ant-v5,0,id,690,np.float64(2919.17578125),np.float64(395.1946606052246),1
Ant-v5,0,id,691,np.float64(971.4464111328125),np.float64(104.90446807945037),1
Ant-v5,0,id,692,np.float64(4737.14794921875),np.float64(502.802972813117),1
Ant-v5,0,id,693,np.float64(1243.5396728515625),np.float64(134.75701865867157),0
Ant-v5,0,id,694,np.float64(1284.10546875),np.float64(133.7619960461457),0
Ant-v5,0,id,695,np.float64(1677.428955078125),np.float64(164.09078351241854),0
Ant-v5,0,id,696,np.float64(1371.4276123046875),np.float64(136.8071344742322),0
Ant-v5,0,id,697,np.float64(5103.13037109375),np.float64(502.77119893756105),0
Ant-v5,0,id,698,np.float64(1271.8453369140625),np.float64(127.96043832995719),0
Ant-v5,0,id,699,np.float64(5244.27294921875),np.float64(610.3279884827306),0
Ant-v5,0,id,700,np.float64(893.4406127929688),np.float64(103.20295233016574),0
Ant-v5,0,id,701,np.float64(1923.665283203125),np.float64(183.59381589276546),0
Ant-v5,0,id,702,np.float64(1730.9609375),np.float64(169.07795960344396),0
Ant-v5,0,id,703,np.float64(941.179931640625),np.float64(113.25650218747109),0
Ant-v5,0,id,704,np.float64(1209.690673828125),np.float64(130.70559107005167),0
Ant-v5,0,id,705,np.float64(6626.291015625),np.float64(656.2634719283305),0
Ant-v5,0,id,706,np.float64(2069.39794921875),np.float64(212.48405939114753),0
Ant-v5,0,id,707,np.float64(2176.920654296875),np.float64(211.13381553817703),1
Ant-v5,0,id,708,np.float64(1248.9927978515625),np.float64(149.15593778128283),1
Ant-v5,0,id,709,np.float64(3562.484375),np.float64(424.7873700592096),1
Ant-v5,0,id,710,np.float64(1001.7699584960938),np.float64(103.53116303961869),1
Ant-v5,0,id,711,np.float64(4357.931640625),np.float64(448.3048750678746),0
Ant-v5,0,id,712,np.float64(1990.7864990234375),np.float64(204.67783889747946),0
Ant-v5,0,id,713,np.float64(1105.8616943359375),np.float64(108.55459914712858),0
Ant-v5,0,id,714,np.float64(2417.406005859375),np.float64(261.4527865769777),1
Ant-v5,0,id,715,np.float64(2203.11767578125),np.float64(205.16292786702869),0
Ant-v5,0,id,716,np.float64(4782.63818359375),np.float64(522.1837957729628),1
Ant-v5,0,id,717,np.float64(1027.1678466796875),np.float64(103.20727355039776),0
Ant-v5,0,id,718,np.float64(1244.4698486328125),np.float64(130.37358492521477),1
Ant-v5,0,id,719,np.float64(1463.79150390625),np.float64(141.6416912327971),1
Ant-v5,0,id,720,np.float64(1024.8739013671875),np.float64(124.13533886035063),1
Ant-v5,0,id,721,np.float64(1424.23828125),np.float64(156.59349598345975),1
Ant-v5,0,id,722,np.float64(5176.93701171875),np.float64(595.5805578110333),0
Ant-v5,0,id,723,np.float64(5780.98486328125),np.float64(592.3768583433614),1
Ant-v5,0,id,724,np.float64(1896.116943359375),np.float64(188.52645404588714),0
Ant-v5,0,id,725,np.float64(1178.179931640625),np.float64(135.00580424130115),0
Ant-v5,0,id,726,np.float64(1070.1195068359375),np.float64(115.02778626200958),1
Ant-v5,0,id,727,np.float64(2945.814453125),np.float64(306.38503484557316),1
Ant-v5,0,id,728,np.float64(1731.710693359375),np.float64(170.6190142563197),0
Ant-v5,0,id,729,np.float64(1385.1920166015625),np.float64(133.2359763973551),0
Ant-v5,0,id,730,np.float64(1375.642333984375),np.float64(172.3089964079248),0
Ant-v5,0,id,731,np.float64(1944.34765625),np.float64(197.44369645153867),0
Ant-v5,0,id,732,np.float64(2933.438232421875),np.float64(318.4101432995144),0
Ant-v5,0,id,733,np.float64(981.1621704101562),np.float64(129.57803067230952),0
Ant-v5,0,id,734,np.float64(1447.67724609375),np.float64(139.35587887078097),0
Ant-v5,0,id,735,np.float64(848.4246826171875),np.float64(87.77348989487786),1
Ant-v5,0,id,736,np.float64(898.0086669921875),np.float64(97.81901805706528),1
Ant-v5,0,id,737,np.float64(2469.235107421875),np.float64(254.51344179507655),1
Ant-v5,0,id,738,np.float64(1766.4229736328125),np.float64(165.29310896247256),1
Ant-v5,0,id,739,np.float64(928.0848388671875),np.float64(101.39759520751258),0
Ant-v5,0,id,740,np.float64(1220.59814453125),np.float64(120.70531699832739),1
Ant-v5,0,id,741,np.float64(1637.943359375),np.float64(176.01154217183208),1
Ant-v5,0,id,742,np.float64(1047.7459716796875),np.float64(133.50198553920595),0
Ant-v5,0,id,743,np.float64(1293.5836181640625),np.float64(125.05662293619767),1
Ant-v5,0,id,744,np.float64(3025.6591796875),np.float64(312.53207255710953),1
Ant-v5,0,id,745,np.float64(2096.051025390625),np.float64(201.75717632341906),0
Ant-v5,0,id,746,np.float64(1176.6744384765625),np.float64(124.97823942821691),1
Ant-v5,0,id,747,np.float64(863.7735595703125),np.float64(127.26998789482224),1
Ant-v5,0,id,748,np.float64(1282.614990234375),np.float64(133.6970692431792),1
Ant-v5,0,id,749,np.float64(1083.186767578125),np.float64(124.51171642895139),0
Ant-v5,0,id,750,np.float64(1220.8148193359375),np.float64(129.00646416742248),0
Ant-v5,0,id,751,np.float64(923.5724487304688),np.float64(98.7121902887938),0
Ant-v5,0,id,752,np.float64(1408.5762939453125),np.float64(148.14161743868212),0
Ant-v5,0,id,753,np.float64(1020.6925048828125),np.float64(108.77420154056264),1
Ant-v5,0,id,754,np.float64(906.3900146484375),np.float64(96.90161799386405),0
Ant-v5,0,id,755,np.float64(1459.8309326171875),np.float64(141.15327789446127),0
Ant-v5,0,id,756,np.float64(1080.8623046875),np.float64(133.03496405409854),0
Ant-v5,0,id,757,np.float64(1018.4776611328125),np.float64(112.3532557225731),1
Ant-v5,0,id,758,np.float64(993.7030639648438),np.float64(112.20454817436743),1
Ant-v5,0,id,759,np.float64(786.5820922851562),np.float64(83.34223639716478),1
Ant-v5,0,id,760,np.float64(5358.71240234375),np.float64(552.817496326554),1
Ant-v5,0,id,761,np.float64(1430.1793212890625),np.float64(139.19295978039045),1
Ant-v5,0,id,762,np.float64(1077.437744140625),np.float64(121.95986283925285),1
Ant-v5,0,id,763,np.float64(3718.94482421875),np.float64(375.76649004132526),0
Ant-v5,0,id,764,np.float64(939.638671875),np.float64(103.56448119995946),1
Ant-v5,0,id,765,np.float64(1053.0399169921875),np.float64(112.82733602336702),1
Ant-v5,0,id,766,np.float64(3296.57275390625),np.float64(330.9887128379504),0
Ant-v5,0,id,767,np.float64(671.746826171875),np.float64(71.8809827056156),0
Ant-v5,0,id,768,np.float64(1183.5765380859375),np.float64(124.2547614325685),1
Ant-v5,0,id,769,np.float64(2230.58544921875),np.float64(478.42768708446647),0
Ant-v5,0,id,770,np.float64(3035.046142578125),np.float64(443.62689218810544),1
Ant-v5,0,id,771,np.float64(705.1117553710938),np.float64(100.09593820071717),0
Ant-v5,0,id,772,np.float64(557.39892578125),np.float64(59.940322463553514),0
Ant-v5,0,id,773,np.float64(2808.826171875),np.float64(280.4205491190496),0
Ant-v5,0,id,774,np.float64(1682.98095703125),np.float64(183.090972685017),1
Ant-v5,0,id,775,np.float64(596.2449951171875),np.float64(66.74848670470456),1
Ant-v5,0,id,776,np.float64(715.9722900390625),np.float64(74.40417325375205),1
Ant-v5,0,id,777,np.float64(2499.484130859375),np.float64(283.01998092774875),0
Ant-v5,0,id,778,np.float64(1461.1357421875),np.float64(139.3498202508678),1
Ant-v5,0,id,779,np.float64(1356.9862060546875),np.float64(142.47351202307277),0
Ant-v5,0,id,780,np.float64(2277.1748046875),np.float64(225.83862385851532),0
Ant-v5,0,id,781,np.float64(2063.173583984375),np.float64(198.96463848451205),1
Ant-v5,0,id,782,np.float64(1233.67041015625),np.float64(124.38406102401186),1
Ant-v5,0,id,783,np.float64(2929.90771484375),np.float64(307.39355613383555),0
Ant-v5,0,id,784,np.float64(983.3851318359375),np.float64(96.2055280001158),1
Ant-v5,0,id,785,np.float64(810.4193725585938),np.float64(84.07982573003778),1
Ant-v5,0,id,786,np.float64(788.595947265625),np.float64(80.38658447439255),0
Ant-v5,0,id,787,np.float64(907.3629760742188),np.float64(93.87880932280729),0
Ant-v5,0,id,788,np.float64(1437.3062744140625),np.float64(147.11471255367508),1
Ant-v5,0,id,789,np.float64(1663.917236328125),np.float64(168.50658798233633),1
Ant-v5,0,id,790,np.float64(1602.807373046875),np.float64(158.39639123681894),1
Ant-v5,0,id,791,np.float64(856.8849487304688),np.float64(89.97065078901952),1
Ant-v5,0,id,792,np.float64(893.7711181640625),np.float64(100.2227910440796),1
Ant-v5,0,id,793,np.float64(1308.9111328125),np.float64(135.65060633670998),0
Ant-v5,0,id,794,np.float64(5345.51806640625),np.float64(595.5676060236464),1
Ant-v5,0,id,795,np.float64(1969.669677734375),np.float64(185.9946823178597),1
Ant-v5,0,id,796,np.float64(5424.279296875),np.float64(579.428806660981),1
Ant-v5,0,id,797,np.float64(1374.253173828125),np.float64(136.0694816743419),1
Ant-v5,0,id,798,np.float64(4774.31396484375),np.float64(461.40258877189797),0
Ant-v5,0,id,799,np.float64(1038.9263916015625),np.float64(131.4704054846535),0
Ant-v5,0,id,800,np.float64(1918.7388916015625),np.float64(211.78594632796495),0
Ant-v5,0,id,801,np.float64(2117.680419921875),np.float64(198.37660555293778),0
Ant-v5,0,id,802,np.float64(1877.0809326171875),np.float64(175.18457949394963),0
Ant-v5,0,id,803,np.float64(3104.957763671875),np.float64(317.0952474095651),0
Ant-v5,0,id,804,np.float64(4085.810546875),np.float64(413.85300175638406),0
Ant-v5,0,id,805,np.float64(5448.3544921875),np.float64(551.1969677922433),1
Ant-v5,0,id,806,np.float64(1439.0186767578125),np.float64(159.0515275761732),0
Ant-v5,0,id,807,np.float64(1529.439697265625),np.float64(152.58578109069867),1
Ant-v5,0,id,808,np.float64(912.7606811523438),np.float64(103.65287911040792),1
Ant-v5,0,id,809,np.float64(1529.082275390625),np.float64(164.43702750300466),0
Ant-v5,0,id,810,np.float64(1081.6209716796875),np.float64(115.17822589517698),1
Ant-v5,0,id,811,np.float64(5150.4580078125),np.float64(541.064048335862),1
Ant-v5,0,id,812,np.float64(1544.9127197265625),np.float64(151.81025256818825),0
Ant-v5,0,id,813,np.float64(3077.513671875),np.float64(323.0193051003114),0
Ant-v5,0,id,814,np.float64(1300.1005859375),np.float64(129.12082549927402),1
Ant-v5,0,id,815,np.float64(1670.292236328125),np.float64(158.87749677256727),1
Ant-v5,0,id,816,np.float64(771.9840698242188),np.float64(83.590058780705),1
Ant-v5,0,id,817,np.float64(3513.3232421875),np.float64(389.8387595462365),0
Ant-v5,0,id,818,np.float64(3154.36279296875),np.float64(340.3456539580003),0
Ant-v5,0,id,819,np.float64(5630.88134765625),np.float64(601.6247279853727),1
Ant-v5,0,id,820,np.float64(1973.738525390625),np.float64(236.94513002569457),1
Ant-v5,0,id,821,np.float64(803.9252319335938),np.float64(90.50264373956213),0
Ant-v5,0,id,822,np.float64(1007.4256591796875),np.float64(107.0208488581699),1
Ant-v5,0,id,823,np.float64(1620.3033447265625),np.float64(162.5179976123424),1
Ant-v5,0,id,824,np.float64(1238.145751953125),np.float64(147.36591356922284),1
Ant-v5,0,id,825,np.float64(4052.645263671875),np.float64(442.40999062877836),1
Ant-v5,0,id,826,np.float64(1117.1365966796875),np.float64(120.56842959822885),1
Ant-v5,0,id,827,np.float64(1592.115966796875),np.float64(161.03516880148985),1
Ant-v5,0,id,828,np.float64(1796.302490234375),np.float64(176.3114275724526),0
Ant-v5,0,id,829,np.float64(1066.925048828125),np.float64(106.65626873187387),0
Ant-v5,0,id,830,np.float64(1165.2747802734375),np.float64(122.67799990281478),0
Ant-v5,0,id,831,np.float64(1105.219970703125),np.float64(111.78600972603923),0
Ant-v5,0,id,832,np.float64(3379.1279296875),np.float64(331.60010541307463),1
Ant-v5,0,id,833,np.float64(1963.5445556640625),np.float64(185.38872583998798),1
Ant-v5,0,id,834,np.float64(2694.061767578125),np.float64(275.27822651764353),1
Ant-v5,0,id,835,np.float64(1119.3048095703125),np.float64(145.9589367746572),0
Ant-v5,0,id,836,np.float64(1069.48095703125),np.float64(147.04525399869976),0
Ant-v5,0,id,837,np.float64(1126.1885986328125),np.float64(112.80598493430463),0
Ant-v5,0,id,838,np.float64(1145.1380615234375),np.float64(117.92837563932534),1
Ant-v5,0,id,839,np.float64(6081.79443359375),np.float64(609.2781802129389),1
Ant-v5,0,id,840,np.float64(2107.6806640625),np.float64(198.8779400911574),1
Ant-v5,0,id,841,np.float64(1383.8934326171875),np.float64(173.6362216957635),0
Ant-v5,0,id,842,np.float64(1821.8492431640625),np.float64(200.25740796511977),0
Ant-v5,0,id,843,np.float64(1707.6298828125),np.float64(292.3053124697369),0
Ant-v5,0,id,844,np.float64(1247.9566650390625),np.float64(135.3300738175836),1
Ant-v5,0,id,845,np.float64(4501.80126953125),np.float64(454.9711606307967),0
Ant-v5,0,id,846,np.float64(2140.951904296875),np.float64(233.0637069583463),0
Ant-v5,0,id,847,np.float64(1515.98388671875),np.float64(156.49221006210647),0
Ant-v5,0,id,848,np.float64(1047.477294921875),np.float64(109.35590127023016),0
Ant-v5,0,id,849,np.float64(1725.6060791015625),np.float64(169.08954278651944),0
Ant-v5,0,id,850,np.float64(810.9852294921875),np.float64(86.52789962064622),1
Ant-v5,0,id,851,np.float64(758.000732421875),np.float64(87.36925218360562),0
Ant-v5,0,id,852,np.float64(1072.87451171875),np.float64(110.96703306838066),0
Ant-v5,0,id,853,np.float64(874.7920532226562),np.float64(101.09504560697405),1
Ant-v5,0,id,854,np.float64(1572.1068115234375),np.float64(175.68715163987838),1
Ant-v5,0,id,855,np.float64(1740.412841796875),np.float64(174.63382698967044),0
Ant-v5,0,id,856,np.float64(2373.441162109375),np.float64(220.88445833991705),1
Ant-v5,0,id,857,np.float64(5641.88720703125),np.float64(546.0123651323903),1
Ant-v5,0,id,858,np.float64(1313.1785888671875),np.float64(134.4286197627169),1
Ant-v5,0,id,859,np.float64(1361.721435546875),np.float64(128.9176604151228),1
Ant-v5,0,id,860,np.float64(1066.8094482421875),np.float64(105.01053805546118),0
Ant-v5,0,id,861,np.float64(1383.7982177734375),np.float64(142.5538831492957),1
Ant-v5,0,id,862,np.float64(3143.864501953125),np.float64(303.9006449148459),1
Ant-v5,0,id,863,np.float64(5784.34521484375),np.float64(586.0918470270464),0
Ant-v5,0,id,864,np.float64(1245.1505126953125),np.float64(131.6708335095742),1
Ant-v5,0,id,865,np.float64(1091.0828857421875),np.float64(119.91484555479374),0
Ant-v5,0,id,866,np.float64(3947.383056640625),np.float64(396.6120573109839),1
Ant-v5,0,id,867,np.float64(2078.628173828125),np.float64(230.1061570894819),0
Ant-v5,0,id,868,np.float64(1531.2867431640625),np.float64(162.82487336245256),0
Ant-v5,0,id,869,np.float64(1177.79541015625),np.float64(122.83925519396965),1
Ant-v5,0,id,870,np.float64(765.0501098632812),np.float64(93.05461466680481),1
Ant-v5,0,id,871,np.float64(1206.5308837890625),np.float64(120.9301288271001),0
Ant-v5,0,id,872,np.float64(1878.4334716796875),np.float64(176.7628761041003),0
Ant-v5,0,id,873,np.float64(6191.56298828125),np.float64(649.9030290717843),1
Ant-v5,0,id,874,np.float64(1889.4027099609375),np.float64(208.03406319415407),0
Ant-v5,0,id,875,np.float64(1225.3360595703125),np.float64(124.79900085009001),1
Ant-v5,0,id,876,np.float64(684.6107788085938),np.float64(76.12995243616194),0
Ant-v5,0,id,877,np.float64(791.8341674804688),np.float64(82.15406058572003),0
Ant-v5,0,id,878,np.float64(1481.7164306640625),np.float64(264.53275657105894),1
Ant-v5,0,id,879,np.float64(569.0916748046875),np.float64(85.01794471445979),1
Ant-v5,0,id,880,np.float64(796.1671752929688),np.float64(81.53197139076713),1
Ant-v5,0,id,881,np.float64(884.4446411132812),np.float64(91.9778273845289),0
Ant-v5,0,id,882,np.float64(751.5143432617188),np.float64(83.57773644326178),0
Ant-v5,0,id,883,np.float64(787.1417236328125),np.float64(80.02756025915988),1
Ant-v5,0,id,884,np.float64(1436.4744873046875),np.float64(137.83390120999098),0
Ant-v5,0,id,885,np.float64(899.5805053710938),np.float64(93.31365415206008),0
Ant-v5,0,id,886,np.float64(4750.3818359375),np.float64(473.3476561146315),0
Ant-v5,0,id,887,np.float64(1238.9910888671875),np.float64(140.96634635475917),0
Ant-v5,0,id,888,np.float64(6945.9853515625),np.float64(730.7554290080245),1
Ant-v5,0,id,889,np.float64(1147.4168701171875),np.float64(115.53951859049633),0
Ant-v5,0,id,890,np.float64(1289.67138671875),np.float64(130.38270924688598),0
Ant-v5,0,id,891,np.float64(1040.5625),np.float64(106.3574322422777),0
Ant-v5,0,id,892,np.float64(1372.597900390625),np.float64(138.7050043625573),0
Ant-v5,0,id,893,np.float64(1738.9874267578125),np.float64(192.78436700563427),0
Ant-v5,0,id,894,np.float64(1095.510498046875),np.float64(122.00898694766897),1
Ant-v5,0,id,895,np.float64(1400.69189453125),np.float64(162.8469147258367),1
Ant-v5,0,id,896,np.float64(2078.8056640625),np.float64(277.12623252347004),1
Ant-v5,0,id,897,np.float64(1624.8917236328125),np.float64(167.82624148765842),1
Ant-v5,0,id,898,np.float64(950.2177124023438),np.float64(106.67206373329643),0
Ant-v5,0,id,899,np.float64(886.811767578125),np.float64(110.50912098436689),0
Ant-v5,0,id,900,np.float64(874.7543334960938),np.float64(93.42660039824821),0
Ant-v5,0,id,901,np.float64(1873.37451171875),np.float64(202.79364254949633),1
Ant-v5,0,id,902,np.float64(5906.11083984375),np.float64(572.739502976538),1
Ant-v5,0,id,903,np.float64(782.5242919921875),np.float64(104.03369854628764),0
Ant-v5,0,id,904,np.float64(1127.29345703125),np.float64(123.91886892721175),0
Ant-v5,0,id,905,np.float64(4563.81884765625),np.float64(492.5786231499901),0
Ant-v5,0,id,906,np.float64(1021.1997680664062),np.float64(112.59780677521181),0
Ant-v5,0,id,907,np.float64(1026.9208984375),np.float64(118.41950987654147),1
Ant-v5,0,id,908,np.float64(1593.872314453125),np.float64(215.72099322261374),1
Ant-v5,0,id,909,np.float64(1276.734375),np.float64(131.20897441445112),1
Ant-v5,0,id,910,np.float64(1219.060302734375),np.float64(123.6762047438873),1
Ant-v5,0,id,911,np.float64(1538.0335693359375),np.float64(174.59249903756572),0
Ant-v5,0,id,912,np.float64(2784.550537109375),np.float64(357.7800860728215),1
Ant-v5,0,id,913,np.float64(5714.6533203125),np.float64(517.0979855267171),1
Ant-v5,0,id,914,np.float64(1563.5555419921875),np.float64(170.78999947436247),0
Ant-v5,0,id,915,np.float64(1299.9774169921875),np.float64(136.9142009748216),1
Ant-v5,0,id,916,np.float64(1401.1199951171875),np.float64(136.94242711021332),1
Ant-v5,0,id,917,np.float64(991.2644653320312),np.float64(117.81899107082566),0
Ant-v5,0,id,918,np.float64(1418.6884765625),np.float64(174.40355147316086),0
Ant-v5,0,id,919,np.float64(789.2144165039062),np.float64(83.37685692715209),0
Ant-v5,0,id,920,np.float64(1189.47021484375),np.float64(121.39212194659214),1
Ant-v5,0,id,921,np.float64(1601.781494140625),np.float64(157.39135365923406),1
Ant-v5,0,id,922,np.float64(3202.6103515625),np.float64(334.94100836994085),1
Ant-v5,0,id,923,np.float64(1771.6358642578125),np.float64(189.67340017898113),0
Ant-v5,0,id,924,np.float64(1503.9398193359375),np.float64(147.21605750233928),1
Ant-v5,0,id,925,np.float64(1371.5531005859375),np.float64(131.22777403912755),0
Ant-v5,0,id,926,np.float64(1305.3753662109375),np.float64(133.44884572500496),1
Ant-v5,0,id,927,np.float64(913.8450317382812),np.float64(94.29824006662932),0
Ant-v5,0,id,928,np.float64(5754.6923828125),np.float64(576.6046169837339),1
Ant-v5,0,id,929,np.float64(1375.1683349609375),np.float64(191.1850632967302),1
Ant-v5,0,id,930,np.float64(1160.77490234375),np.float64(133.75436228158972),1
Ant-v5,0,id,931,np.float64(6307.77490234375),np.float64(687.8677043614526),0
Ant-v5,0,id,932,np.float64(3774.697265625),np.float64(386.01992895302385),1
Ant-v5,0,id,933,np.float64(1054.5538330078125),np.float64(121.15307882801793),1
Ant-v5,0,id,934,np.float64(1079.806640625),np.float64(112.2324722833163),0
Ant-v5,0,id,935,np.float64(1095.025634765625),np.float64(114.88286104675265),0
Ant-v5,0,id,936,np.float64(2344.99755859375),np.float64(237.63137355490824),0
Ant-v5,0,id,937,np.float64(1425.58447265625),np.float64(142.08846216503275),0
Ant-v5,0,id,938,np.float64(2456.975341796875),np.float64(253.33285799639216),1
Ant-v5,0,id,939,np.float64(904.582763671875),np.float64(95.5001520531182),1
Ant-v5,0,id,940,np.float64(1071.7789306640625),np.float64(121.37285528992024),1
Ant-v5,0,id,941,np.float64(6417.9794921875),np.float64(659.9645235404984),1
Ant-v5,0,id,942,np.float64(3119.372314453125),np.float64(316.0651133019843),0
Ant-v5,0,id,943,np.float64(1479.7791748046875),np.float64(166.2618331242978),0
Ant-v5,0,id,944,np.float64(4593.4326171875),np.float64(454.453974391026),1
Ant-v5,0,id,945,np.float64(5342.82568359375),np.float64(606.5829305941052),0
Ant-v5,0,id,946,np.float64(6374.7626953125),np.float64(720.0916619272309),1
Ant-v5,0,id,947,np.float64(1206.83154296875),np.float64(128.55063344002255),1
Ant-v5,0,id,948,np.float64(598.2288818359375),np.float64(75.54022400564745),0
Ant-v5,0,id,949,np.float64(702.4196166992188),np.float64(98.13424530820106),1
Ant-v5,0,id,950,np.float64(591.2539672851562),np.float64(79.79585340960767),1
Ant-v5,0,id,951,np.float64(3106.37744140625),np.float64(298.4454170196362),1
Ant-v5,0,id,952,np.float64(1117.3812255859375),np.float64(119.32269949762133),1
Ant-v5,0,id,953,np.float64(5320.18408203125),np.float64(568.6271416218613),1
Ant-v5,0,id,954,np.float64(1103.178955078125),np.float64(119.21458208923008),1
Ant-v5,0,id,955,np.float64(1377.0155029296875),np.float64(136.8876273358865),1
Ant-v5,0,id,956,np.float64(3443.64990234375),np.float64(351.94462508647257),1
Ant-v5,0,id,957,np.float64(1035.5576171875),np.float64(103.59532828872469),0
Ant-v5,0,id,958,np.float64(1117.5147705078125),np.float64(122.0352783811237),0
Ant-v5,0,id,959,np.float64(5635.95068359375),np.float64(596.202305277753),0
Ant-v5,0,id,960,np.float64(907.5663452148438),np.float64(92.9466041847163),0
Ant-v5,0,id,961,np.float64(866.0967407226562),np.float64(91.76524431971995),0
Ant-v5,0,id,962,np.float64(1370.8463134765625),np.float64(138.77564653042387),0
Ant-v5,0,id,963,np.float64(1550.004638671875),np.float64(149.1830286567374),1
Ant-v5,0,id,964,np.float64(997.5206909179688),np.float64(103.26294387644992),0
Ant-v5,0,id,965,np.float64(1131.1722412109375),np.float64(122.6090133358596),1
Ant-v5,0,id,966,np.float64(1422.2781982421875),np.float64(143.86020283650655),0
Ant-v5,0,id,967,np.float64(3235.00927734375),np.float64(320.69274906213434),1
Ant-v5,0,id,968,np.float64(2037.7796630859375),np.float64(197.43291050133146),1
Ant-v5,0,id,969,np.float64(1336.2850341796875),np.float64(162.74038479473947),1
Ant-v5,0,id,970,np.float64(1665.50390625),np.float64(179.81060865079132),1
Ant-v5,0,id,971,np.float64(863.7186889648438),np.float64(89.29453535544911),1
Ant-v5,0,id,972,np.float64(1391.7391357421875),np.float64(142.59254073829896),1
Ant-v5,0,id,973,np.float64(1511.760009765625),np.float64(142.79307999022706),0
Ant-v5,0,id,974,np.float64(1164.8001708984375),np.float64(130.2653412040831),0
Ant-v5,0,id,975,np.float64(1966.62646484375),np.float64(193.57435117278672),0
Ant-v5,0,id,976,np.float64(1694.5218505859375),np.float64(188.86802871215266),0
Ant-v5,0,id,977,np.float64(1634.4205322265625),np.float64(159.40391492116382),1
Ant-v5,0,id,978,np.float64(1031.3763427734375),np.float64(117.1390215565036),0
Ant-v5,0,id,979,np.float64(1167.446044921875),np.float64(118.94036354186096),0
Ant-v5,0,id,980,np.float64(684.1563720703125),np.float64(93.05398539687292),1
Ant-v5,0,id,981,np.float64(326.0099792480469),np.float64(54.12925827983729),0
Ant-v5,0,id,982,np.float64(685.1456298828125),np.float64(76.6574357467886),1
Ant-v5,0,id,983,np.float64(1610.8271484375),np.float64(166.24311125373603),1
Ant-v5,0,id,984,np.float64(794.6414794921875),np.float64(86.22016279346437),1
Ant-v5,0,id,985,np.float64(942.9725952148438),np.float64(105.26511514982954),0
Ant-v5,0,id,986,np.float64(2023.2586669921875),np.float64(231.6970963691559),1
Ant-v5,0,id,987,np.float64(1279.6412353515625),np.float64(130.60652265919137),1
Ant-v5,0,id,988,np.float64(1326.6190185546875),np.float64(130.22659429151895),1
Ant-v5,0,id,989,np.float64(2382.056396484375),np.float64(256.6766868351375),0
Ant-v5,0,id,990,np.float64(1447.757080078125),np.float64(170.25946954624567),0
Ant-v5,0,id,991,np.float64(6348.47314453125),np.float64(657.3594395861813),0
Ant-v5,0,id,992,np.float64(2674.3056640625),np.float64(265.2729633811449),0
Ant-v5,0,id,993,np.float64(5057.7587890625),np.float64(489.2455456499147),0
Ant-v5,0,id,994,np.float64(1029.2845458984375),np.float64(114.68484880318482),0
Ant-v5,0,id,995,np.float64(713.4434814453125),np.float64(78.49474162078741),0
Ant-v5,0,id,996,np.float64(2555.324951171875),np.float64(266.6563886234169),0
Ant-v5,0,id,997,np.float64(1804.493408203125),np.float64(177.43769165395017),0
Ant-v5,0,id,998,np.float64(1158.22216796875),np.float64(129.28834520966518),0
Ant-v5,0,id,999,np.float64(1191.12158203125),np.float64(121.31535196730789),1
Ant-v5,0,near,0,np.float64(736.8052978515625),np.float64(181.8251629606294),0
Ant-v5,0,near,1,np.float64(760.6991577148438),np.float64(124.86257320589863),0
Ant-v5,0,near,2,np.float64(1086.693115234375),np.float64(176.0262798380789),1
Ant-v5,0,near,3,np.float64(1181.531494140625),np.float64(154.60002310207426),1
Ant-v5,0,near,4,np.float64(5832.9873046875),np.float64(669.6286572962547),1
Ant-v5,0,near,5,np.float64(1403.777587890625),np.float64(158.0273520475921),1
Ant-v5,0,near,6,np.float64(1278.3187255859375),np.float64(153.71272492256242),1
Ant-v5,0,near,7,np.float64(1095.455322265625),np.float64(135.1450720129127),1
Ant-v5,0,near,8,np.float64(2101.0458984375),np.float64(317.6675628059212),0
Ant-v5,0,near,9,np.float64(1785.37890625),np.float64(219.93162657235888),0
Ant-v5,0,near,10,np.float64(728.9122314453125),np.float64(141.28255610479894),0
Ant-v5,0,near,11,np.float64(1064.7183837890625),np.float64(140.74833846912327),0
Ant-v5,0,near,12,np.float64(872.174560546875),np.float64(114.5054825222577),0
Ant-v5,0,near,13,np.float64(957.5103149414062),np.float64(160.99108080646272),1
Ant-v5,0,near,14,np.float64(2636.793701171875),np.float64(315.7240281394596),1
Ant-v5,0,near,15,np.float64(2613.508544921875),np.float64(285.0144338461339),0
Ant-v5,0,near,16,np.float64(1452.697509765625),np.float64(147.3563535775266),0
Ant-v5,0,near,17,np.float64(1524.19677734375),np.float64(142.55580406049322),0
Ant-v5,0,near,18,np.float64(1970.6910400390625),np.float64(245.95319115678018),0
Ant-v5,0,near,19,np.float64(1114.9263916015625),np.float64(134.571796469692),1
Ant-v5,0,near,20,np.float64(1044.8402099609375),np.float64(144.02400400322819),0
Ant-v5,0,near,21,np.float64(2706.6943359375),np.float64(305.21975912029086),0
Ant-v5,0,near,22,np.float64(3506.810791015625),np.float64(408.0940627003117),1
Ant-v5,0,near,23,np.float64(807.4144287109375),np.float64(115.5265547407416),1
Ant-v5,0,near,24,np.float64(3633.74267578125),np.float64(435.43996626672254),0
Ant-v5,0,near,25,np.float64(3466.893798828125),np.float64(374.42633358963917),1
Ant-v5,0,near,26,np.float64(2157.915283203125),np.float64(240.6258586060579),0
Ant-v5,0,near,27,np.float64(2222.802001953125),np.float64(271.6537945501324),0
Ant-v5,0,near,28,np.float64(836.1769409179688),np.float64(130.67495299631406),1
Ant-v5,0,near,29,np.float64(1188.651611328125),np.float64(206.14670008130764),0
Ant-v5,0,near,30,np.float64(2245.064208984375),np.float64(244.3683116796419),0
Ant-v5,0,near,31,np.float64(1225.126220703125),np.float64(248.13090910292212),0
Ant-v5,0,near,32,np.float64(923.8402709960938),np.float64(112.7679915073779),0
Ant-v5,0,near,33,np.float64(830.5165405273438),np.float64(110.70899437863778),0
Ant-v5,0,near,34,np.float64(888.5131225585938),np.float64(116.25796697788297),1
Ant-v5,0,near,35,np.float64(1263.2626953125),np.float64(154.1370843626205),0
Ant-v5,0,near,36,np.float64(973.7362060546875),np.float64(122.56671903382335),1
Ant-v5,0,near,37,np.float64(1062.175537109375),np.float64(130.9293294152999),0
Ant-v5,0,near,38,np.float64(3092.52734375),np.float64(447.0494714330066),0
Ant-v5,0,near,39,np.float64(963.379150390625),np.float64(154.51814824868194),0
Ant-v5,0,near,40,np.float64(879.4730834960938),np.float64(90.22870222347103),1
Ant-v5,0,near,41,np.float64(947.5921630859375),np.float64(120.92000946579282),0
Ant-v5,0,near,42,np.float64(1178.4912109375),np.float64(134.56321943432133),1
Ant-v5,0,near,43,np.float64(1213.9664306640625),np.float64(201.7007815108872),0
Ant-v5,0,near,44,np.float64(3457.35888671875),np.float64(338.7503070311508),0
Ant-v5,0,near,45,np.float64(873.0761108398438),np.float64(108.37346625471696),1
Ant-v5,0,near,46,np.float64(853.2737426757812),np.float64(153.1990070701681),1
Ant-v5,0,near,47,np.float64(2073.564453125),np.float64(257.48410609774646),1
Ant-v5,0,near,48,np.float64(1637.474365234375),np.float64(191.64998951733665),1
Ant-v5,0,near,49,np.float64(1261.8272705078125),np.float64(144.89706939400753),0
Ant-v5,0,near,50,np.float64(1182.09765625),np.float64(152.6828353062023),0
Ant-v5,0,near,51,np.float64(1732.109130859375),np.float64(196.95517095941543),0
Ant-v5,0,near,52,np.float64(990.28076171875),np.float64(116.34494230915203),0
Ant-v5,0,near,53,np.float64(1685.843994140625),np.float64(169.3627407532812),0
Ant-v5,0,near,54,np.float64(736.2634887695312),np.float64(91.86667657111414),1
Ant-v5,0,near,55,np.float64(1103.4852294921875),np.float64(151.0992816207066),0
Ant-v5,0,near,56,np.float64(972.6550903320312),np.float64(113.9279304394098),1
Ant-v5,0,near,57,np.float64(2185.051025390625),np.float64(227.2481198928445),0
Ant-v5,0,near,58,np.float64(1674.7703857421875),np.float64(239.95007543054888),1
Ant-v5,0,near,59,np.float64(2071.934814453125),np.float64(201.10570624795383),1
Ant-v5,0,near,60,np.float64(750.2279663085938),np.float64(98.3055326393874),0
Ant-v5,0,near,61,np.float64(1081.992431640625),np.float64(253.3942881771802),1
Ant-v5,0,near,62,np.float64(1235.7437744140625),np.float64(191.91089515776017),0
Ant-v5,0,near,63,np.float64(5045.876953125),np.float64(677.6831948847009),0
Ant-v5,0,near,64,np.float64(2756.978515625),np.float64(312.16101278904245),1
Ant-v5,0,near,65,np.float64(929.1310424804688),np.float64(187.9400208558713),0
Ant-v5,0,near,66,np.float64(1270.927734375),np.float64(159.80932120285306),0
Ant-v5,0,near,67,np.float64(2766.730224609375),np.float64(375.30914722185),0
Ant-v5,0,near,68,np.float64(1024.97265625),np.float64(161.87194063078826),0
Ant-v5,0,near,69,np.float64(1624.543701171875),np.float64(225.77073162819636),0
Ant-v5,0,near,70,np.float64(1525.28369140625),np.float64(296.09539788220377),1
Ant-v5,0,near,71,np.float64(3203.182861328125),np.float64(334.8844897831184),0
Ant-v5,0,near,72,np.float64(2055.563720703125),np.float64(218.05117905411),0
Ant-v5,0,near,73,np.float64(1153.58203125),np.float64(184.22083059584432),0
Ant-v5,0,near,74,np.float64(2334.852294921875),np.float64(309.11195514318354),0
Ant-v5,0,near,75,np.float64(3379.937255859375),np.float64(368.06442542550053),0
Ant-v5,0,near,76,np.float64(1084.0345458984375),np.float64(177.92994476220727),1
Ant-v5,0,near,77,np.float64(3092.779541015625),np.float64(323.3277267395873),0
Ant-v5,0,near,78,np.float64(2056.9658203125),np.float64(259.0607352511437),1
Ant-v5,0,near,79,np.float64(2219.14501953125),np.float64(272.33333462056873),1
Ant-v5,0,near,80,np.float64(1333.996826171875),np.float64(166.67175052964055),1
Ant-v5,0,near,81,np.float64(1081.550537109375),np.float64(134.25225241423965),0
Ant-v5,0,near,82,np.float64(770.9705200195312),np.float64(139.1088478964909),1
Ant-v5,0,near,83,np.float64(3318.7939453125),np.float64(465.9739425474196),1
Ant-v5,0,near,84,np.float64(2097.936767578125),np.float64(212.1514688255606),0
Ant-v5,0,near,85,np.float64(998.5453491210938),np.float64(127.79165181174508),1
Ant-v5,0,near,86,np.float64(981.9240112304688),np.float64(124.07226891972445),1
Ant-v5,0,near,87,np.float64(2333.498779296875),np.float64(272.6440776276912),1
Ant-v5,0,near,88,np.float64(1003.601806640625),np.float64(173.7032858026099),1
Ant-v5,0,near,89,np.float64(1402.6414794921875),np.float64(182.65750362271473),1
Ant-v5,0,near,90,np.float64(3836.841796875),np.float64(372.14085890692434),0
Ant-v5,0,near,91,np.float64(5265.46533203125),np.float64(589.3453791266932),1
Ant-v5,0,near,92,np.float64(1291.6533203125),np.float64(215.15729406098586),0
Ant-v5,0,near,93,np.float64(745.6226196289062),np.float64(110.42360664142103),1
Ant-v5,0,near,94,np.float64(1838.3577880859375),np.float64(192.49243254426733),1
Ant-v5,0,near,95,np.float64(1621.1986083984375),np.float64(185.6442458187761),1
Ant-v5,0,near,96,np.float64(1154.17626953125),np.float64(191.5385226428806),0
Ant-v5,0,near,97,np.float64(1253.60009765625),np.float64(152.22193095541624),1
Ant-v5,0,near,98,np.float64(900.59765625),np.float64(123.38170133135529),0
Ant-v5,0,near,99,np.float64(1043.287841796875),np.float64(151.64297851897285),1
Ant-v5,0,near,100,np.float64(880.6149291992188),np.float64(98.08720933967581),0
Ant-v5,0,near,101,np.float64(655.64990234375),np.float64(82.28106023059803),0
Ant-v5,0,near,102,np.float64(894.6680908203125),np.float64(196.96444195062648),1
Ant-v5,0,near,103,np.float64(1939.72998046875),np.float64(214.43135645170003),0
Ant-v5,0,near,104,np.float64(1996.544189453125),np.float64(342.2706097020307),0
Ant-v5,0,near,105,np.float64(790.140869140625),np.float64(97.6801843947766),1
Ant-v5,0,near,106,np.float64(705.7771606445312),np.float64(170.32982614368552),1
Ant-v5,0,near,107,np.float64(3196.715576171875),np.float64(357.1359547740353),1
Ant-v5,0,near,108,np.float64(998.6978759765625),np.float64(172.9279682480485),0
Ant-v5,0,near,109,np.float64(730.4010009765625),np.float64(89.54292671405224),0
Ant-v5,0,near,110,np.float64(2017.64599609375),np.float64(213.01905869193052),1
Ant-v5,0,near,111,np.float64(1252.88623046875),np.float64(166.04858484526997),0
Ant-v5,0,near,112,np.float64(1540.30712890625),np.float64(180.95787735899737),1
Ant-v5,0,near,113,np.float64(939.6591186523438),np.float64(109.97079622068927),1
Ant-v5,0,near,114,np.float64(1132.54052734375),np.float64(149.9195387955285),1
Ant-v5,0,near,115,np.float64(4556.35009765625),np.float64(567.5733530324546),1
Ant-v5,0,near,116,np.float64(1586.7689208984375),np.float64(187.64072253727562),1
Ant-v5,0,near,117,np.float64(973.4090576171875),np.float64(116.64668718296792),1
Ant-v5,0,near,118,np.float64(4734.4560546875),np.float64(476.2879720090458),0
Ant-v5,0,near,119,np.float64(1205.8416748046875),np.float64(134.61881058550108),0
Ant-v5,0,near,120,np.float64(1822.683349609375),np.float64(211.7953471747164),1
Ant-v5,0,near,121,np.float64(971.2625732421875),np.float64(122.88221747801097),0
Ant-v5,0,near,122,np.float64(1811.6915283203125),np.float64(208.2620742179219),1
Ant-v5,0,near,123,np.float64(2650.70068359375),np.float64(528.6741058788195),1
Ant-v5,0,near,124,np.float64(1436.7059326171875),np.float64(146.21784012272744),1
Ant-v5,0,near,125,np.float64(2955.539794921875),np.float64(467.5550180385087),0
Ant-v5,0,near,126,np.float64(1159.42236328125),np.float64(164.5636398533372),0
Ant-v5,0,near,127,np.float64(1193.67431640625),np.float64(191.4522589453642),1
Ant-v5,0,near,128,np.float64(1437.229248046875),np.float64(202.38993661884612),0
Ant-v5,0,near,129,np.float64(2765.0087890625),np.float64(344.31945769124104),1
Ant-v5,0,near,130,np.float64(1111.4166259765625),np.float64(169.8005715845555),0
Ant-v5,0,near,131,np.float64(829.5571899414062),np.float64(99.01660305331052),1
Ant-v5,0,near,132,np.float64(1306.942138671875),np.float64(152.9408326192114),0
Ant-v5,0,near,133,np.float64(787.3489379882812),np.float64(149.30497377012722),1
Ant-v5,0,near,134,np.float64(3736.124267578125),np.float64(406.87500257281715),0
Ant-v5,0,near,135,np.float64(3202.61669921875),np.float64(380.024523536443),1
Ant-v5,0,near,136,np.float64(2135.7177734375),np.float64(302.93297297604454),0
Ant-v5,0,near,137,np.float64(4201.07861328125),np.float64(665.0143942126067),0
Ant-v5,0,near,138,np.float64(1417.8419189453125),np.float64(200.59994648351127),0
Ant-v5,0,near,139,np.float64(683.1525268554688),np.float64(102.43712350277826),0
Ant-v5,0,near,140,np.float64(1632.52392578125),np.float64(255.4719894318048),1
Ant-v5,0,near,141,np.float64(2947.714599609375),np.float64(311.8808975600451),1
Ant-v5,0,near,142,np.float64(4097.80126953125),np.float64(489.7831226314836),1
Ant-v5,0,near,143,np.float64(1096.6844482421875),np.float64(180.45999881221957),0
Ant-v5,0,near,144,np.float64(5282.51318359375),np.float64(539.0649924598224),1
Ant-v5,0,near,145,np.float64(2102.90380859375),np.float64(351.5346921801894),1
Ant-v5,0,near,146,np.float64(710.5690307617188),np.float64(98.57023215611585),0
Ant-v5,0,near,147,np.float64(3568.817626953125),np.float64(334.97971583217316),1
Ant-v5,0,near,148,np.float64(615.0975952148438),np.float64(76.11215453696224),0
Ant-v5,0,near,149,np.float64(1340.5623779296875),np.float64(141.62261412253707),1
Ant-v5,0,near,150,np.float64(1081.6328125),np.float64(148.21075897683062),0
Ant-v5,0,near,151,np.float64(767.0492553710938),np.float64(134.43049326968926),0
Ant-v5,0,near,152,np.float64(5588.875),np.float64(649.491324446671),0
Ant-v5,0,near,153,np.float64(1580.970947265625),np.float64(187.1275201230807),0
Ant-v5,0,near,154,np.float64(1335.4844970703125),np.float64(148.2102023025464),0
Ant-v5,0,near,155,np.float64(1485.806396484375),np.float64(171.06645830127468),0
Ant-v5,0,near,156,np.float64(1175.3909912109375),np.float64(152.2931163571956),1
Ant-v5,0,near,157,np.float64(1532.7791748046875),np.float64(230.6284215902522),0
Ant-v5,0,near,158,np.float64(2370.0361328125),np.float64(274.5057340152156),1
Ant-v5,0,near,159,np.float64(1380.9503173828125),np.float64(203.888355469674),0
Ant-v5,0,near,160,np.float64(867.7378540039062),np.float64(115.99959049671739),1
Ant-v5,0,near,161,np.float64(935.3731689453125),np.float64(112.21237930093494),0
Ant-v5,0,near,162,np.float64(3569.606201171875),np.float64(354.92490640082303),1
Ant-v5,0,near,163,np.float64(3124.618408203125),np.float64(324.6397283026266),0
Ant-v5,0,near,164,np.float64(1610.9696044921875),np.float64(176.5166998716442),0
Ant-v5,0,near,165,np.float64(1361.6993408203125),np.float64(158.0704369407556),1
Ant-v5,0,near,166,np.float64(1349.4722900390625),np.float64(219.46998674068482),1
Ant-v5,0,near,167,np.float64(2570.80712890625),np.float64(270.30259162663685),1
Ant-v5,0,near,168,np.float64(2067.740478515625),np.float64(233.8115955645996),1
Ant-v5,0,near,169,np.float64(1226.058349609375),np.float64(142.38859740923988),0
Ant-v5,0,near,170,np.float64(1850.4169921875),np.float64(211.96880532353967),1
Ant-v5,0,near,171,np.float64(1191.6934814453125),np.float64(147.0942331212204),1
Ant-v5,0,near,172,np.float64(2268.10595703125),np.float64(361.8146048119182),1
Ant-v5,0,near,173,np.float64(1890.012451171875),np.float64(202.04932560543182),1
Ant-v5,0,near,174,np.float64(3267.278564453125),np.float64(335.479026040234),1
Ant-v5,0,near,175,np.float64(3066.41455078125),np.float64(350.57126832948614),0
Ant-v5,0,near,176,np.float64(1258.27490234375),np.float64(143.53904082132505),0
Ant-v5,0,near,177,np.float64(3351.731689453125),np.float64(808.5565900590893),1
Ant-v5,0,near,178,np.float64(3634.325439453125),np.float64(451.1841378623635),1
Ant-v5,0,near,179,np.float64(646.9122314453125),np.float64(86.86231397888372),1
Ant-v5,0,near,180,np.float64(849.5015869140625),np.float64(107.30104713588804),1
Ant-v5,0,near,181,np.float64(4670.25732421875),np.float64(450.99985508293713),1
Ant-v5,0,near,182,np.float64(2983.832763671875),np.float64(454.1342342695258),0
Ant-v5,0,near,183,np.float64(2664.37939453125),np.float64(297.29092953224824),1
Ant-v5,0,near,184,np.float64(1775.294677734375),np.float64(296.26601802681853),1
Ant-v5,0,near,185,np.float64(865.0697021484375),np.float64(117.28436505779001),0
Ant-v5,0,near,186,np.float64(1484.309326171875),np.float64(181.63233340859017),1
Ant-v5,0,near,187,np.float64(4193.63916015625),np.float64(482.9428832355742),0
Ant-v5,0,near,188,np.float64(1408.638671875),np.float64(149.71967431635113),1
Ant-v5,0,near,189,np.float64(1855.2294921875),np.float64(203.95772317374372),0
Ant-v5,0,near,190,np.float64(3965.6552734375),np.float64(388.8386138389179),0
Ant-v5,0,near,191,np.float64(929.9505615234375),np.float64(146.50386862561686),0
Ant-v5,0,near,192,np.float64(1665.579833984375),np.float64(347.1259433134253),1
Ant-v5,0,near,193,np.float64(3503.216552734375),np.float64(406.50066926146974),0
Ant-v5,0,near,194,np.float64(2704.921630859375),np.float64(282.65816657059844),1
Ant-v5,0,near,195,np.float64(3258.9716796875),np.float64(436.3307925660361),1
Ant-v5,0,near,196,np.float64(699.9096069335938),np.float64(198.87388501367127),1
Ant-v5,0,near,197,np.float64(936.4114990234375),np.float64(109.98993514277007),1
Ant-v5,0,near,198,np.float64(941.2257080078125),np.float64(121.32081663032241),0
Ant-v5,0,near,199,np.float64(707.9031372070312),np.float64(93.910747861412),1
Ant-v5,0,near,200,np.float64(1628.169189453125),np.float64(221.66067231265086),1
Ant-v5,0,near,201,np.float64(1557.4443359375),np.float64(269.3673975227316),0
Ant-v5,0,near,202,np.float64(1197.2110595703125),np.float64(137.26922828760803),1
Ant-v5,0,near,203,np.float64(5225.236328125),np.float64(488.41016676169556),1
Ant-v5,0,near,204,np.float64(661.4715576171875),np.float64(128.63751582972654),0
Ant-v5,0,near,205,np.float64(502.702880859375),np.float64(113.35027722295075),0
Ant-v5,0,near,206,np.float64(484.02825927734375),np.float64(72.79140229218211),0
Ant-v5,0,near,207,np.float64(2398.96875),np.float64(245.91505121552103),0
Ant-v5,0,near,208,np.float64(1721.876953125),np.float64(268.90210818037747),1
Ant-v5,0,near,209,np.float64(2965.55126953125),np.float64(440.4201686846201),0
Ant-v5,0,near,210,np.float64(2450.603515625),np.float64(355.9636033887397),0
Ant-v5,0,near,211,np.float64(1084.5194091796875),np.float64(144.4953438446086),0
Ant-v5,0,near,212,np.float64(745.60302734375),np.float64(103.23388760613236),1
Ant-v5,0,near,213,np.float64(1765.0673828125),np.float64(190.14457968599723),1
Ant-v5,0,near,214,np.float64(880.4801635742188),np.float64(147.0181895445944),1
Ant-v5,0,near,215,np.float64(3414.47314453125),np.float64(346.89950234574553),0
Ant-v5,0,near,216,np.float64(6210.93896484375),np.float64(721.3164301975789),0
Ant-v5,0,near,217,np.float64(1133.0093994140625),np.float64(149.5166505466897),0
Ant-v5,0,near,218,np.float64(965.7490844726562),np.float64(137.17005802025687),0
Ant-v5,0,near,219,np.float64(3473.96728515625),np.float64(387.92142186418425),1
Ant-v5,0,near,220,np.float64(1284.116455078125),np.float64(150.49029833338108),0
Ant-v5,0,near,221,np.float64(645.4749145507812),np.float64(83.59806698091694),1
Ant-v5,0,near,222,np.float64(1129.9093017578125),np.float64(140.5258229323437),0
Ant-v5,0,near,223,np.float64(2045.9000244140625),np.float64(222.58019072991664),1
Ant-v5,0,near,224,np.float64(1538.4017333984375),np.float64(167.47861908932754),1
Ant-v5,0,near,225,np.float64(1068.238525390625),np.float64(140.28834499331256),0
Ant-v5,0,near,226,np.float64(1318.93896484375),np.float64(158.77533496067795),0
Ant-v5,0,near,227,np.float64(1418.452392578125),np.float64(176.1312410572835),1
Ant-v5,0,near,228,np.float64(989.163330078125),np.float64(129.86340350585843),1
Ant-v5,0,near,229,np.float64(1658.4857177734375),np.float64(189.12588309435975),0
Ant-v5,0,near,230,np.float64(1028.8045654296875),np.float64(236.8167325490665),1
Ant-v5,0,near,231,np.float64(1016.9989624023438),np.float64(121.79287997479668),0
Ant-v5,0,near,232,np.float64(4184.70703125),np.float64(541.8690394384562),0
Ant-v5,0,near,233,np.float64(903.9234008789062),np.float64(137.78821095915876),1
Ant-v5,0,near,234,np.float64(802.2947387695312),np.float64(143.02609947553876),1
Ant-v5,0,near,235,np.float64(1144.3282470703125),np.float64(130.16861386125768),1
Ant-v5,0,near,236,np.float64(717.7803955078125),np.float64(88.71890004040284),0
Ant-v5,0,near,237,np.float64(2522.245361328125),np.float64(281.87339771985296),0
Ant-v5,0,near,238,np.float64(3295.86328125),np.float64(351.1785416258464),0
Ant-v5,0,near,239,np.float64(1514.6827392578125),np.float64(186.23536584012183),1
Ant-v5,0,near,240,np.float64(1853.72314453125),np.float64(205.86016291036822),1
Ant-v5,0,near,241,np.float64(1700.4007568359375),np.float64(193.917808530175),1
Ant-v5,0,near,242,np.float64(1218.349365234375),np.float64(164.31966492712),1
Ant-v5,0,near,243,np.float64(1239.0189208984375),np.float64(164.36013880947527),0
Ant-v5,0,near,244,np.float64(892.4075317382812),np.float64(121.31042390730977),1
Ant-v5,0,near,245,np.float64(479.6136779785156),np.float64(99.61787486250103),0
Ant-v5,0,near,246,np.float64(1531.9139404296875),np.float64(310.4043340888354),1
Ant-v5,0,near,247,np.float64(1463.38134765625),np.float64(195.78640316682166),1
Ant-v5,0,near,248,np.float64(2102.662841796875),np.float64(235.02155125030936),1
Ant-v5,0,near,249,np.float64(1026.20068359375),np.float64(129.2215913838802),0
Ant-v5,0,near,250,np.float64(1722.3643798828125),np.float64(178.69943069244164),0
Ant-v5,0,near,251,np.float64(571.5626220703125),np.float64(180.66272852445488),0
Ant-v5,0,near,252,np.float64(509.1030578613281),np.float64(90.59780622475776),1
Ant-v5,0,near,253,np.float64(2393.059814453125),np.float64(299.9966194275396),0
Ant-v5,0,near,254,np.float64(762.6192016601562),np.float64(101.45171742518784),1
Ant-v5,0,near,255,np.float64(1344.42431640625),np.float64(162.66063109864407),1
Ant-v5,0,near,256,np.float64(1019.1840209960938),np.float64(105.32827070189734),1
Ant-v5,0,near,257,np.float64(989.9048461914062),np.float64(131.52017160823783),1
Ant-v5,0,near,258,np.float64(1709.900146484375),np.float64(181.02169769054498),1
Ant-v5,0,near,259,np.float64(1321.923828125),np.float64(173.5580279116608),1
Ant-v5,0,near,260,np.float64(1344.9246826171875),np.float64(167.08081948437103),1
Ant-v5,0,near,261,np.float64(928.71240234375),np.float64(125.90155674544462),0
Ant-v5,0,near,262,np.float64(1239.765869140625),np.float64(183.93472141345012),0
Ant-v5,0,near,263,np.float64(1059.9434814453125),np.float64(112.98609303766105),0
Ant-v5,0,near,264,np.float64(1620.9132080078125),np.float64(153.35826676767175),0
Ant-v5,0,near,265,np.float64(1919.235595703125),np.float64(239.6383688272821),1
Ant-v5,0,near,266,np.float64(2681.81689453125),np.float64(278.92711544650604),1
Ant-v5,0,near,267,np.float64(1316.6754150390625),np.float64(140.66426504861832),1
Ant-v5,0,near,268,np.float64(729.6845703125),np.float64(92.52542781263574),0
Ant-v5,0,near,269,np.float64(1341.5963134765625),np.float64(152.92036833161052),1
Ant-v5,0,near,270,np.float64(2386.06787109375),np.float64(281.4186108585345),1
Ant-v5,0,near,271,np.float64(2689.477294921875),np.float64(271.2341166585292),1
Ant-v5,0,near,272,np.float64(2261.30078125),np.float64(309.9114008922345),0
Ant-v5,0,near,273,np.float64(1144.574951171875),np.float64(130.4580181129729),0
Ant-v5,0,near,274,np.float64(942.837158203125),np.float64(124.28081072068395),1
Ant-v5,0,near,275,np.float64(730.3922729492188),np.float64(103.72575585285907),1
Ant-v5,0,near,276,np.float64(3183.050537109375),np.float64(316.7789821837164),1
Ant-v5,0,near,277,np.float64(1037.0040283203125),np.float64(136.0257937932513),1
Ant-v5,0,near,278,np.float64(2681.20166015625),np.float64(351.06639918854614),0
Ant-v5,0,near,279,np.float64(2096.336669921875),np.float64(344.48574262582986),1
Ant-v5,0,near,280,np.float64(1349.0667724609375),np.float64(213.15701947748548),0
Ant-v5,0,near,281,np.float64(3438.519287109375),np.float64(410.318029316991),0
Ant-v5,0,near,282,np.float64(1891.2513427734375),np.float64(221.17257780323717),0
Ant-v5,0,near,283,np.float64(3016.6611328125),np.float64(437.0282328636498),0
Ant-v5,0,near,284,np.float64(1874.525146484375),np.float64(221.742680650956),0
Ant-v5,0,near,285,np.float64(2162.510009765625),np.float64(250.95750635788008),1
Ant-v5,0,near,286,np.float64(691.8261108398438),np.float64(90.59614573514416),1
Ant-v5,0,near,287,np.float64(854.0641479492188),np.float64(102.19643867884417),1
Ant-v5,0,near,288,np.float64(3490.072265625),np.float64(372.6758800304274),1
Ant-v5,0,near,289,np.float64(3647.79736328125),np.float64(381.01906229093674),0
Ant-v5,0,near,290,np.float64(842.5699462890625),np.float64(119.29020730250727),1
Ant-v5,0,near,291,np.float64(1179.5313720703125),np.float64(168.93454139500832),1
Ant-v5,0,near,292,np.float64(1249.12353515625),np.float64(158.03557350119422),0
Ant-v5,0,near,293,np.float64(628.6234130859375),np.float64(120.28147196687786),0
Ant-v5,0,near,294,np.float64(1354.890625),np.float64(225.63435131092302),0
Ant-v5,0,near,295,np.float64(2102.843994140625),np.float64(204.9393470184054),1
Ant-v5,0,near,296,np.float64(714.3056640625),np.float64(96.46392422756492),0
Ant-v5,0,near,297,np.float64(2308.4453125),np.float64(288.2404019641781),0
Ant-v5,0,near,298,np.float64(932.7672729492188),np.float64(130.77261934885286),1
Ant-v5,0,near,299,np.float64(2249.03466796875),np.float64(250.13119858470606),1
Ant-v5,0,near,300,np.float64(937.3790283203125),np.float64(136.24568193881387),1
Ant-v5,0,near,301,np.float64(1118.48876953125),np.float64(183.43635574972305),1
Ant-v5,0,near,302,np.float64(1000.9137573242188),np.float64(132.59365411395254),0
Ant-v5,0,near,303,np.float64(583.366943359375),np.float64(92.25763372749452),0
Ant-v5,0,near,304,np.float64(4001.41357421875),np.float64(433.1630004824956),1
Ant-v5,0,near,305,np.float64(2213.70947265625),np.float64(333.1098042269673),1
Ant-v5,0,near,306,np.float64(1551.168212890625),np.float64(220.27562123345072),0
Ant-v5,0,near,307,np.float64(1355.50048828125),np.float64(168.05813613042955),0
Ant-v5,0,near,308,np.float64(3160.54345703125),np.float64(316.03045400570306),0
Ant-v5,0,near,309,np.float64(706.193359375),np.float64(109.34252632515651),0
Ant-v5,0,near,310,np.float64(3112.911376953125),np.float64(362.5211922319437),0
Ant-v5,0,near,311,np.float64(2160.39404296875),np.float64(379.60198988035154),1
Ant-v5,0,near,312,np.float64(1353.4833984375),np.float64(146.02708855639492),0
Ant-v5,0,near,313,np.float64(1067.1029052734375),np.float64(223.85920490591266),1
Ant-v5,0,near,314,np.float64(3525.51025390625),np.float64(373.50066593740246),1
Ant-v5,0,near,315,np.float64(1120.7896728515625),np.float64(134.40840890005367),1
Ant-v5,0,near,316,np.float64(1906.4884033203125),np.float64(208.99266939319526),1
Ant-v5,0,near,317,np.float64(958.5980224609375),np.float64(142.75697609490615),1
Ant-v5,0,near,318,np.float64(1100.775146484375),np.float64(121.98211647960522),1
Ant-v5,0,near,319,np.float64(1333.58935546875),np.float64(158.03893839385492),1
Ant-v5,0,near,320,np.float64(2072.99267578125),np.float64(235.6970698005296),0
Ant-v5,0,near,321,np.float64(1148.7744140625),np.float64(151.31639380119208),0
Ant-v5,0,near,322,np.float64(750.9174194335938),np.float64(146.9858326988205),0
Ant-v5,0,near,323,np.float64(858.0545043945312),np.float64(140.75192220219395),1
Ant-v5,0,near,324,np.float64(2455.24267578125),np.float64(272.39299805187807),0
Ant-v5,0,near,325,np.float64(1916.2952880859375),np.float64(260.6465115667464),0
Ant-v5,0,near,326,np.float64(1744.0980224609375),np.float64(265.30976666826234),0
Ant-v5,0,near,327,np.float64(4219.98291015625),np.float64(423.38243631067724),0
Ant-v5,0,near,328,np.float64(4736.9921875),np.float64(509.9586153348681),1
Ant-v5,0,near,329,np.float64(1871.9063720703125),np.float64(193.12009888466977),1
Ant-v5,0,near,330,np.float64(2879.728515625),np.float64(325.6944136831406),0
Ant-v5,0,near,331,np.float64(1925.316650390625),np.float64(215.1354749865441),1
Ant-v5,0,near,332,np.float64(1297.32421875),np.float64(171.68549361527008),1
Ant-v5,0,near,333,np.float64(5482.61669921875),np.float64(556.5830561026931),0
Ant-v5,0,near,334,np.float64(1019.5692138671875),np.float64(130.01243698777895),1
Ant-v5,0,near,335,np.float64(1498.763671875),np.float64(165.30431771752995),0
Ant-v5,0,near,336,np.float64(825.9136962890625),np.float64(104.71837073891655),1
Ant-v5,0,near,337,np.float64(2233.09716796875),np.float64(325.51462835880875),0
Ant-v5,0,near,338,np.float64(2405.526611328125),np.float64(265.56089682354275),0
Ant-v5,0,near,339,np.float64(2057.61572265625),np.float64(220.81032684298785),1
Ant-v5,0,near,340,np.float64(1004.668212890625),np.float64(159.12958814969198),1
Ant-v5,0,near,341,np.float64(1084.634521484375),np.float64(144.64563710837595),0
Ant-v5,0,near,342,np.float64(4849.57666015625),np.float64(489.87324717755473),1
Ant-v5,0,near,343,np.float64(2551.293212890625),np.float64(312.07732007077453),0
Ant-v5,0,near,344,np.float64(1468.956298828125),np.float64(168.95539281002516),1
Ant-v5,0,near,345,np.float64(1162.85888671875),np.float64(124.61810280522886),1
Ant-v5,0,near,346,np.float64(1436.4329833984375),np.float64(268.0838131102124),0
Ant-v5,0,near,347,np.float64(1291.6971435546875),np.float64(187.22532777590118),0
Ant-v5,0,near,348,np.float64(1328.1793212890625),np.float64(193.39711872211953),0
Ant-v5,0,near,349,np.float64(1426.172607421875),np.float64(217.05152766323195),1
Ant-v5,0,near,350,np.float64(1640.19189453125),np.float64(219.55381463194496),1
Ant-v5,0,near,351,np.float64(949.9883422851562),np.float64(131.28581308785525),0
Ant-v5,0,near,352,np.float64(3605.198974609375),np.float64(381.9372031161662),1
Ant-v5,0,near,353,np.float64(1631.498291015625),np.float64(178.1306136360603),1
Ant-v5,0,near,354,np.float64(3165.453369140625),np.float64(325.03194146609155),1
Ant-v5,0,near,355,np.float64(914.234375),np.float64(117.09799500686816),1
Ant-v5,0,near,356,np.float64(1465.427978515625),np.float64(165.37764815199756),0
Ant-v5,0,near,357,np.float64(2923.9287109375),np.float64(322.62097659587346),0
Ant-v5,0,near,358,np.float64(1366.3731689453125),np.float64(150.31026763434008),1
Ant-v5,0,near,359,np.float64(1217.4208984375),np.float64(129.4704054651836),0
Ant-v5,0,near,360,np.float64(3217.1865234375),np.float64(341.8721681999133),1
Ant-v5,0,near,361,np.float64(1292.095947265625),np.float64(158.5673536917745),0
Ant-v5,0,near,362,np.float64(1163.42919921875),np.float64(170.81658955756382),1
Ant-v5,0,near,363,np.float64(4035.833984375),np.float64(390.38598062410745),0
Ant-v5,0,near,364,np.float64(1732.542724609375),np.float64(189.9273015675649),1
Ant-v5,0,near,365,np.float64(1590.068603515625),np.float64(173.03790171070133),1
Ant-v5,0,near,366,np.float64(1357.011962890625),np.float64(158.36210918168288),0
Ant-v5,0,near,367,np.float64(1173.079345703125),np.float64(161.50735653094128),0
Ant-v5,0,near,368,np.float64(1529.9732666015625),np.float64(235.82393249969272),0
Ant-v5,0,near,369,np.float64(2001.6834716796875),np.float64(418.99700184446044),0
Ant-v5,0,near,370,np.float64(2875.618896484375),np.float64(285.0941224208673),0
Ant-v5,0,near,371,np.float64(1464.69921875),np.float64(225.52199931599796),0
Ant-v5,0,near,372,np.float64(697.0922241210938),np.float64(102.55634035367675),0
Ant-v5,0,near,373,np.float64(2752.2685546875),np.float64(287.5941386367009),0
Ant-v5,0,near,374,np.float64(4357.7607421875),np.float64(462.570918456501),1
Ant-v5,0,near,375,np.float64(3137.2900390625),np.float64(336.4824312957046),0
Ant-v5,0,near,376,np.float64(1511.4798583984375),np.float64(206.82596093488667),0
Ant-v5,0,near,377,np.float64(1308.6619873046875),np.float64(167.70912626218674),0
Ant-v5,0,near,378,np.float64(1059.1925048828125),np.float64(125.51681207679911),0
Ant-v5,0,near,379,np.float64(825.8626098632812),np.float64(112.54269327080004),1
Ant-v5,0,near,380,np.float64(1433.1590576171875),np.float64(176.64635874782113),1
Ant-v5,0,near,381,np.float64(1892.423583984375),np.float64(208.56753198319487),0
Ant-v5,0,near,382,np.float64(654.4638671875),np.float64(91.18448447926642),0
Ant-v5,0,near,383,np.float64(898.958251953125),np.float64(142.44323921729926),0
Ant-v5,0,near,384,np.float64(984.7907104492188),np.float64(121.03434539945945),0
Ant-v5,0,near,385,np.float64(642.0684814453125),np.float64(100.65201148541979),1
Ant-v5,0,near,386,np.float64(650.5159912109375),np.float64(85.26488098299149),1
Ant-v5,0,near,387,np.float64(1019.1621704101562),np.float64(270.4587154177741),1
Ant-v5,0,near,388,np.float64(761.2735595703125),np.float64(288.2228664984408),0
Ant-v5,0,near,389,np.float64(1351.8890380859375),np.float64(155.1477670030037),1
Ant-v5,0,near,390,np.float64(881.9013061523438),np.float64(134.23465051575076),1
Ant-v5,0,near,391,np.float64(940.4473266601562),np.float64(114.15220057460309),1
Ant-v5,0,near,392,np.float64(1439.15966796875),np.float64(210.1675553257882),1
Ant-v5,0,near,393,np.float64(1056.7071533203125),np.float64(161.13566345706684),0
Ant-v5,0,near,394,np.float64(1157.423828125),np.float64(197.8349604721427),1
Ant-v5,0,near,395,np.float64(2986.51220703125),np.float64(695.2498458474192),0
Ant-v5,0,near,396,np.float64(1105.0338134765625),np.float64(325.8889409051329),1
Ant-v5,0,near,397,np.float64(1853.28564453125),np.float64(265.4482023254494),1
Ant-v5,0,near,398,np.float64(1745.4283447265625),np.float64(188.90223594831457),0
Ant-v5,0,near,399,np.float64(1087.0938720703125),np.float64(110.10535515599045),1
Ant-v5,0,near,400,np.float64(851.4509887695312),np.float64(124.35796860754084),1
Ant-v5,0,near,401,np.float64(3502.238525390625),np.float64(414.6162147795982),1
Ant-v5,0,near,402,np.float64(3914.92431640625),np.float64(423.55633749269464),1
Ant-v5,0,near,403,np.float64(822.4708251953125),np.float64(109.9030380453612),1
Ant-v5,0,near,404,np.float64(1065.487548828125),np.float64(149.49263931407177),0
Ant-v5,0,near,405,np.float64(4798.4169921875),np.float64(489.90756909958577),1
Ant-v5,0,near,406,np.float64(827.34814453125),np.float64(239.34467036986368),0
Ant-v5,0,near,407,np.float64(627.678466796875),np.float64(152.22291311390936),1
Ant-v5,0,near,408,np.float64(802.7676391601562),np.float64(112.11787050121762),1
Ant-v5,0,near,409,np.float64(4853.314453125),np.float64(551.4644028833314),0
Ant-v5,0,near,410,np.float64(1901.9442138671875),np.float64(194.40675742013113),0
Ant-v5,0,near,411,np.float64(1201.5089111328125),np.float64(163.7186394439836),0
Ant-v5,0,near,412,np.float64(4902.14453125),np.float64(512.7998272544626),0
Ant-v5,0,near,413,np.float64(5801.3310546875),np.float64(722.4481105296846),1
Ant-v5,0,near,414,np.float64(1108.8321533203125),np.float64(139.5065065180021),0
Ant-v5,0,near,415,np.float64(5195.45556640625),np.float64(485.00851053608335),1
Ant-v5,0,near,416,np.float64(3325.1328125),np.float64(362.67429318152017),1
Ant-v5,0,near,417,np.float64(2292.1357421875),np.float64(299.3910802358092),0
Ant-v5,0,near,418,np.float64(1584.0257568359375),np.float64(163.74789693922222),1
Ant-v5,0,near,419,np.float64(949.3240356445312),np.float64(154.24890926170164),0
Ant-v5,0,near,420,np.float64(1765.1209716796875),np.float64(238.78549279187396),0
Ant-v5,0,near,421,np.float64(900.9554443359375),np.float64(136.06115296163384),1
Ant-v5,0,near,422,np.float64(1796.20458984375),np.float64(185.17347546945388),1
Ant-v5,0,near,423,np.float64(1447.049072265625),np.float64(213.70648144693538),1
Ant-v5,0,near,424,np.float64(1712.9527587890625),np.float64(310.8259013520378),0
Ant-v5,0,near,425,np.float64(1491.4161376953125),np.float64(207.5050246109031),1
Ant-v5,0,near,426,np.float64(4242.40576171875),np.float64(485.73873046589756),1
Ant-v5,0,near,427,np.float64(2618.068115234375),np.float64(329.7242134814831),0
Ant-v5,0,near,428,np.float64(4288.23486328125),np.float64(593.1534824133188),1
Ant-v5,0,near,429,np.float64(1029.662353515625),np.float64(143.3247037631863),0
Ant-v5,0,near,430,np.float64(1389.26123046875),np.float64(257.067162037022),0
Ant-v5,0,near,431,np.float64(1742.3369140625),np.float64(203.41460996369514),1
Ant-v5,0,near,432,np.float64(1055.5411376953125),np.float64(141.62701906301334),0
Ant-v5,0,near,433,np.float64(1862.4454345703125),np.float64(411.1107265832401),1
Ant-v5,0,near,434,np.float64(2690.124267578125),np.float64(316.7063669837837),0
Ant-v5,0,near,435,np.float64(485.00152587890625),np.float64(78.73285223713384),1
Ant-v5,0,near,436,np.float64(525.4183959960938),np.float64(74.09076539462814),1
Ant-v5,0,near,437,np.float64(1733.2286376953125),np.float64(196.16262462453105),1
Ant-v5,0,near,438,np.float64(1488.1431884765625),np.float64(222.75761424226863),1
Ant-v5,0,near,439,np.float64(3066.7763671875),np.float64(312.8976608393375),1
Ant-v5,0,near,440,np.float64(5724.38037109375),np.float64(510.3826458439238),1
Ant-v5,0,near,441,np.float64(968.1609497070312),np.float64(123.4572278418465),1
Ant-v5,0,near,442,np.float64(1467.138671875),np.float64(264.4251052592746),0
Ant-v5,0,near,443,np.float64(1000.810791015625),np.float64(131.58354280918783),0
Ant-v5,0,near,444,np.float64(830.8338012695312),np.float64(106.4173865423868),0
Ant-v5,0,near,445,np.float64(4483.3095703125),np.float64(530.4636559711059),1
Ant-v5,0,near,446,np.float64(1519.7415771484375),np.float64(155.18092230442272),1
Ant-v5,0,near,447,np.float64(6289.3681640625),np.float64(687.7015471245277),0
Ant-v5,0,near,448,np.float64(1816.4471435546875),np.float64(261.6571437653969),1
Ant-v5,0,near,449,np.float64(875.8914184570312),np.float64(119.85807146396172),1
Ant-v5,0,near,450,np.float64(681.8429565429688),np.float64(84.37577867202384),0
Ant-v5,0,near,451,np.float64(958.7486572265625),np.float64(118.6309654720886),0
Ant-v5,0,near,452,np.float64(562.8081665039062),np.float64(137.47918744866277),1
Ant-v5,0,near,453,np.float64(1609.2728271484375),np.float64(302.6975318733933),1
Ant-v5,0,near,454,np.float64(1644.63232421875),np.float64(179.2257187313472),1
Ant-v5,0,near,455,np.float64(958.261962890625),np.float64(106.65925411062051),1
Ant-v5,0,near,456,np.float64(850.1192626953125),np.float64(126.62565973460323),0
Ant-v5,0,near,457,np.float64(1263.0509033203125),np.float64(145.99549797135703),1
Ant-v5,0,near,458,np.float64(1161.476318359375),np.float64(177.9475357467314),0
Ant-v5,0,near,459,np.float64(5622.60302734375),np.float64(606.1214489328252),0
Ant-v5,0,near,460,np.float64(3773.534912109375),np.float64(509.5928319364267),0
Ant-v5,0,near,461,np.float64(684.0576171875),np.float64(87.26516470409294),0
Ant-v5,0,near,462,np.float64(809.8281860351562),np.float64(116.36628082046971),0
Ant-v5,0,near,463,np.float64(1296.7945556640625),np.float64(165.03319316065605),1
Ant-v5,0,near,464,np.float64(1669.589111328125),np.float64(199.03517925340898),1
Ant-v5,0,near,465,np.float64(950.6676635742188),np.float64(111.54038482303307),1
Ant-v5,0,near,466,np.float64(891.152099609375),np.float64(125.62158242204882),0
Ant-v5,0,near,467,np.float64(1574.3773193359375),np.float64(162.826136320101),0
Ant-v5,0,near,468,np.float64(1270.795166015625),np.float64(179.00670725232652),0
Ant-v5,0,near,469,np.float64(890.2919311523438),np.float64(116.64098661699711),0
Ant-v5,0,near,470,np.float64(3623.830078125),np.float64(386.3375651373217),1
Ant-v5,0,near,471,np.float64(3273.1298828125),np.float64(453.21344841137056),0
Ant-v5,0,near,472,np.float64(1096.0401611328125),np.float64(154.6803369986001),0
Ant-v5,0,near,473,np.float64(1564.11376953125),np.float64(205.6509486924067),0
Ant-v5,0,near,474,np.float64(1412.7711181640625),np.float64(169.68933930654808),1
Ant-v5,0,near,475,np.float64(3177.11962890625),np.float64(763.5813481390392),1
Ant-v5,0,near,476,np.float64(1011.3200073242188),np.float64(105.24636481991249),0
Ant-v5,0,near,477,np.float64(937.9909057617188),np.float64(185.99876472396386),1
Ant-v5,0,near,478,np.float64(1720.41259765625),np.float64(187.62618827241877),1
Ant-v5,0,near,479,np.float64(1222.2120361328125),np.float64(200.12035314884412),1
Ant-v5,0,near,480,np.float64(3503.15966796875),np.float64(383.09881449815475),0
Ant-v5,0,near,481,np.float64(1141.1148681640625),np.float64(130.39785915741174),1
Ant-v5,0,near,482,np.float64(900.6221923828125),np.float64(275.2103772235913),1
Ant-v5,0,near,483,np.float64(774.4063110351562),np.float64(121.21256859896869),0
Ant-v5,0,near,484,np.float64(1749.242919921875),np.float64(210.7845813816342),0
Ant-v5,0,near,485,np.float64(2122.463623046875),np.float64(253.4885349762988),1
Ant-v5,0,near,486,np.float64(1216.3052978515625),np.float64(187.4984457644862),1
Ant-v5,0,near,487,np.float64(5097.22998046875),np.float64(488.44089703365853),1
Ant-v5,0,near,488,np.float64(2199.2158203125),np.float64(312.3583024334737),1
Ant-v5,0,near,489,np.float64(1624.245849609375),np.float64(220.62826908253675),0
Ant-v5,0,near,490,np.float64(905.2486572265625),np.float64(241.23985418562313),0
Ant-v5,0,near,491,np.float64(917.08740234375),np.float64(186.71147999979905),0
Ant-v5,0,near,492,np.float64(1282.4432373046875),np.float64(163.77065072246853),1
Ant-v5,0,near,493,np.float64(2559.253173828125),np.float64(314.5920508776279),1
Ant-v5,0,near,494,np.float64(1098.578857421875),np.float64(178.8791046198616),0
Ant-v5,0,near,495,np.float64(866.451416015625),np.float64(105.6761931189543),1
Ant-v5,0,near,496,np.float64(2798.82177734375),np.float64(310.09399962503824),1
Ant-v5,0,near,497,np.float64(5890.865234375),np.float64(574.2072748613294),1
Ant-v5,0,near,498,np.float64(1270.444580078125),np.float64(173.85338463144717),0
Ant-v5,0,near,499,np.float64(927.423095703125),np.float64(122.42165370371185),0
Ant-v5,0,near,500,np.float64(1575.8587646484375),np.float64(259.5621671999926),1
Ant-v5,0,near,501,np.float64(882.6568603515625),np.float64(98.45115639679969),1
Ant-v5,0,near,502,np.float64(744.6792602539062),np.float64(99.23654631091992),1
Ant-v5,0,near,503,np.float64(1281.0989990234375),np.float64(142.33302212889686),0
Ant-v5,0,near,504,np.float64(2185.7138671875),np.float64(231.28028345409538),1
Ant-v5,0,near,505,np.float64(4788.5244140625),np.float64(541.332458734171),0
Ant-v5,0,near,506,np.float64(2980.497314453125),np.float64(331.4777394902876),1
Ant-v5,0,near,507,np.float64(1173.211669921875),np.float64(291.59868527676326),0
Ant-v5,0,near,508,np.float64(730.8402709960938),np.float64(94.29192427729294),1
Ant-v5,0,near,509,np.float64(1697.8609619140625),np.float64(260.4500940598225),0
Ant-v5,0,near,510,np.float64(807.692626953125),np.float64(99.91799829605088),0
Ant-v5,0,near,511,np.float64(2244.7392578125),np.float64(253.9625965338057),0
Ant-v5,0,near,512,np.float64(3613.7548828125),np.float64(429.34825530277783),0
Ant-v5,0,near,513,np.float64(2251.6982421875),np.float64(256.3169793051687),1
Ant-v5,0,near,514,np.float64(1225.995849609375),np.float64(186.5377722369299),0
Ant-v5,0,near,515,np.float64(616.7545776367188),np.float64(90.01109395629263),1
Ant-v5,0,near,516,np.float64(1788.8907470703125),np.float64(193.33824205688822),1
Ant-v5,0,near,517,np.float64(942.8967895507812),np.float64(109.16183989942857),0
Ant-v5,0,near,518,np.float64(1625.8970947265625),np.float64(201.05459116407934),1
Ant-v5,0,near,519,np.float64(752.332275390625),np.float64(113.26391534992601),0
Ant-v5,0,near,520,np.float64(802.1305541992188),np.float64(119.47457865316062),1
Ant-v5,0,near,521,np.float64(1435.28466796875),np.float64(165.77820271019033),1
Ant-v5,0,near,522,np.float64(1737.406982421875),np.float64(213.41140941270612),1
Ant-v5,0,near,523,np.float64(989.1597900390625),np.float64(122.85656076715176),1
Ant-v5,0,near,524,np.float64(1141.247802734375),np.float64(290.5220371928858),0
Ant-v5,0,near,525,np.float64(976.3475952148438),np.float64(125.371413248642),0
Ant-v5,0,near,526,np.float64(1509.135498046875),np.float64(257.5459318989315),0
Ant-v5,0,near,527,np.float64(3070.52587890625),np.float64(332.2810012876573),1
Ant-v5,0,near,528,np.float64(784.3090209960938),np.float64(166.333280961643),0
Ant-v5,0,near,529,np.float64(1784.855712890625),np.float64(193.87194380647),0
Ant-v5,0,near,530,np.float64(1807.634033203125),np.float64(215.65885182004104),1
Ant-v5,0,near,531,np.float64(1194.2191162109375),np.float64(132.50470922584012),0
Ant-v5,0,near,532,np.float64(1254.3902587890625),np.float64(148.08298947937362),0
Ant-v5,0,near,533,np.float64(4845.8466796875),np.float64(611.8586597156503),0
Ant-v5,0,near,534,np.float64(942.501220703125),np.float64(144.7109074598839),0
Ant-v5,0,near,535,np.float64(2064.614990234375),np.float64(266.10146168491667),1
Ant-v5,0,near,536,np.float64(3615.6943359375),np.float64(600.2511988082118),0
Ant-v5,0,near,537,np.float64(855.5542602539062),np.float64(104.67041830550446),1
Ant-v5,0,near,538,np.float64(1785.515869140625),np.float64(250.46346292401068),1
Ant-v5,0,near,539,np.float64(1800.5340576171875),np.float64(287.65245240939953),0
Ant-v5,0,near,540,np.float64(2341.7900390625),np.float64(264.7304311757117),1
Ant-v5,0,near,541,np.float64(1024.8177490234375),np.float64(163.15284928959582),0
Ant-v5,0,near,542,np.float64(1472.684814453125),np.float64(401.6201467768972),0
Ant-v5,0,near,543,np.float64(1213.648193359375),np.float64(141.49921469214456),0
Ant-v5,0,near,544,np.float64(2371.01220703125),np.float64(293.1460274583087),0
Ant-v5,0,near,545,np.float64(1104.8714599609375),np.float64(123.12461735433456),0
Ant-v5,0,near,546,np.float64(1853.030517578125),np.float64(217.00064233933432),0
Ant-v5,0,near,547,np.float64(2122.661376953125),np.float64(233.44348012660032),1
Ant-v5,0,near,548,np.float64(5631.55908203125),np.float64(741.4392440480813),1
Ant-v5,0,near,549,np.float64(936.1213989257812),np.float64(176.63977092799533),0
Ant-v5,0,near,550,np.float64(1596.318603515625),np.float64(180.4814229045299),1
Ant-v5,0,near,551,np.float64(1423.795166015625),np.float64(154.62413998518846),1
Ant-v5,0,near,552,np.float64(3084.202392578125),np.float64(383.42288224293884),0
Ant-v5,0,near,553,np.float64(2053.483154296875),np.float64(302.79492066356806),0
Ant-v5,0,near,554,np.float64(1562.568115234375),np.float64(230.40093249070742),1
Ant-v5,0,near,555,np.float64(1462.9140625),np.float64(167.72382176138004),0
Ant-v5,0,near,556,np.float64(1606.3504638671875),np.float64(180.0160387075664),1
Ant-v5,0,near,557,np.float64(1020.376708984375),np.float64(176.11043161664793),1
Ant-v5,0,near,558,np.float64(5031.92138671875),np.float64(558.0183652041436),0
Ant-v5,0,near,559,np.float64(791.46044921875),np.float64(115.71380130659466),1
Ant-v5,0,near,560,np.float64(3455.387451171875),np.float64(378.05075525957193),0
Ant-v5,0,near,561,np.float64(5775.24755859375),np.float64(585.6594438118577),0
Ant-v5,0,near,562,np.float64(1912.9439697265625),np.float64(228.83543573306633),1
Ant-v5,0,near,563,np.float64(1317.169921875),np.float64(209.89264580740405),1
Ant-v5,0,near,564,np.float64(2027.551513671875),np.float64(230.85062137896333),1
Ant-v5,0,near,565,np.float64(1105.8841552734375),np.float64(119.35595457050468),1
Ant-v5,0,near,566,np.float64(1090.80419921875),np.float64(143.91353451368832),0
Ant-v5,0,near,567,np.float64(1349.8067626953125),np.float64(160.57167693434923),0
Ant-v5,0,near,568,np.float64(1738.2833251953125),np.float64(242.01794037860884),0
Ant-v5,0,near,569,np.float64(3333.178466796875),np.float64(385.5134734389519),1
Ant-v5,0,near,570,np.float64(1247.96630859375),np.float64(382.15104232438625),0
Ant-v5,0,near,571,np.float64(1272.1888427734375),np.float64(162.22244948942387),1
Ant-v5,0,near,572,np.float64(732.62158203125),np.float64(98.18779507080504),0
Ant-v5,0,near,573,np.float64(696.9075317382812),np.float64(88.91656731438647),1
Ant-v5,0,near,574,np.float64(1053.970458984375),np.float64(145.5661280837336),0
Ant-v5,0,near,575,np.float64(1324.9906005859375),np.float64(152.7887641754554),0
Ant-v5,0,near,576,np.float64(1508.917236328125),np.float64(160.32090750936314),0
Ant-v5,0,near,577,np.float64(1215.4342041015625),np.float64(170.48577223987246),0
Ant-v5,0,near,578,np.float64(1893.410888671875),np.float64(201.06147849606447),1
Ant-v5,0,near,579,np.float64(2269.573974609375),np.float64(280.8354265225246),1
Ant-v5,0,near,580,np.float64(1280.7286376953125),np.float64(138.0520264868284),1
Ant-v5,0,near,581,np.float64(2912.41357421875),np.float64(344.89606274262536),0
Ant-v5,0,near,582,np.float64(2967.686279296875),np.float64(350.92624178034214),1
Ant-v5,0,near,583,np.float64(1639.1978759765625),np.float64(242.512578182342),0
Ant-v5,0,near,584,np.float64(1900.890625),np.float64(274.5764092137588),0
Ant-v5,0,near,585,np.float64(347.8850402832031),np.float64(64.87291189041916),1
Ant-v5,0,near,586,np.float64(778.7338256835938),np.float64(102.86032250976743),0
Ant-v5,0,near,587,np.float64(2630.019775390625),np.float64(310.33644344881446),0
Ant-v5,0,near,588,np.float64(2266.153564453125),np.float64(283.5115732388873),1
Ant-v5,0,near,589,np.float64(1641.529296875),np.float64(206.75361325714383),0
Ant-v5,0,near,590,np.float64(3101.197509765625),np.float64(344.8202847510288),1
Ant-v5,0,near,591,np.float64(1306.094970703125),np.float64(195.55153788536273),1
Ant-v5,0,near,592,np.float64(844.9486083984375),np.float64(128.0433778928437),0
Ant-v5,0,near,593,np.float64(1298.3260498046875),np.float64(150.4525244087311),0
Ant-v5,0,near,594,np.float64(4132.61767578125),np.float64(499.10780279414973),0
Ant-v5,0,near,595,np.float64(3034.275390625),np.float64(353.9463023981548),1
Ant-v5,0,near,596,np.float64(1267.19580078125),np.float64(207.29743620792638),0
Ant-v5,0,near,597,np.float64(2380.077880859375),np.float64(247.11856010497408),0
Ant-v5,0,near,598,np.float64(1191.23779296875),np.float64(218.64069669158226),1
Ant-v5,0,near,599,np.float64(1623.4283447265625),np.float64(174.01108912908649),0
Ant-v5,0,near,600,np.float64(2084.03076171875),np.float64(216.31171820489232),0
Ant-v5,0,near,601,np.float64(2037.532470703125),np.float64(270.23540809156134),0
Ant-v5,0,near,602,np.float64(1416.69091796875),np.float64(151.75902959373713),1
Ant-v5,0,near,603,np.float64(5386.93994140625),np.float64(493.5341046379225),1
Ant-v5,0,near,604,np.float64(1298.588623046875),np.float64(239.01848333186),0
Ant-v5,0,near,605,np.float64(1096.5020751953125),np.float64(155.2380804253452),0
Ant-v5,0,near,606,np.float64(1376.044189453125),np.float64(152.6777263560155),0
Ant-v5,0,near,607,np.float64(1648.9378662109375),np.float64(194.30068217945598),1
Ant-v5,0,near,608,np.float64(956.6976318359375),np.float64(123.50180678564405),0
Ant-v5,0,near,609,np.float64(1047.5322265625),np.float64(130.88212654713126),0
Ant-v5,0,near,610,np.float64(906.9692993164062),np.float64(155.53457330583112),0
Ant-v5,0,near,611,np.float64(1441.8114013671875),np.float64(156.28199689192917),1
Ant-v5,0,near,612,np.float64(4051.546630859375),np.float64(489.4748148511809),0
Ant-v5,0,near,613,np.float64(1418.959716796875),np.float64(204.68506240264378),1
Ant-v5,0,near,614,np.float64(1227.1126708984375),np.float64(151.3551792163974),0
Ant-v5,0,near,615,np.float64(1324.390380859375),np.float64(196.2256460199673),1
Ant-v5,0,near,616,np.float64(1507.4805908203125),np.float64(178.7467408402754),0
Ant-v5,0,near,617,np.float64(4429.98486328125),np.float64(490.5034485124438),1
Ant-v5,0,near,618,np.float64(3063.425048828125),np.float64(367.71246356565007),0
Ant-v5,0,near,619,np.float64(631.05224609375),np.float64(79.95776050152296),0
Ant-v5,0,near,620,np.float64(879.0582885742188),np.float64(163.28221991173),1
Ant-v5,0,near,621,np.float64(1293.974365234375),np.float64(187.36167671462982),0
Ant-v5,0,near,622,np.float64(634.8740234375),np.float64(97.55825957596656),1
Ant-v5,0,near,623,np.float64(1266.2728271484375),np.float64(167.52984402297315),0
Ant-v5,0,near,624,np.float64(918.3001098632812),np.float64(119.82595824366695),1
Ant-v5,0,near,625,np.float64(3013.960205078125),np.float64(318.0577737738429),0
Ant-v5,0,near,626,np.float64(1870.341552734375),np.float64(194.1584353501835),0
Ant-v5,0,near,627,np.float64(865.1478271484375),np.float64(91.4375592399156),1
Ant-v5,0,near,628,np.float64(1203.5706787109375),np.float64(142.2129659167099),1
Ant-v5,0,near,629,np.float64(1009.287109375),np.float64(167.63090983745164),1
Ant-v5,0,near,630,np.float64(3233.116943359375),np.float64(325.2657128814757),0
Ant-v5,0,near,631,np.float64(1399.0645751953125),np.float64(162.00628716055832),0
Ant-v5,0,near,632,np.float64(1122.9212646484375),np.float64(151.02421757403732),0
Ant-v5,0,near,633,np.float64(1645.3636474609375),np.float64(218.08823856035409),1
Ant-v5,0,near,634,np.float64(5605.38818359375),np.float64(666.8879654118548),1
Ant-v5,0,near,635,np.float64(4147.38134765625),np.float64(396.1513259233908),1
Ant-v5,0,near,636,np.float64(2580.70263671875),np.float64(275.9125903087481),0
Ant-v5,0,near,637,np.float64(974.8121337890625),np.float64(143.06171955291555),1
Ant-v5,0,near,638,np.float64(1737.164794921875),np.float64(222.6740616871172),0
Ant-v5,0,near,639,np.float64(765.1322631835938),np.float64(106.11835276434311),0
Ant-v5,0,near,640,np.float64(2371.01171875),np.float64(268.82802399043345),0
Ant-v5,0,near,641,np.float64(1792.52099609375),np.float64(187.51610870809924),0
Ant-v5,0,near,642,np.float64(955.280029296875),np.float64(160.40771535695777),0
Ant-v5,0,near,643,np.float64(1765.60009765625),np.float64(223.30997968176564),0
Ant-v5,0,near,644,np.float64(2262.59375),np.float64(353.01783610632424),0
Ant-v5,0,near,645,np.float64(1108.93505859375),np.float64(143.60877530429465),1
Ant-v5,0,near,646,np.float64(4639.189453125),np.float64(553.1241813838502),1
Ant-v5,0,near,647,np.float64(1469.1087646484375),np.float64(192.23742412205831),0
Ant-v5,0,near,648,np.float64(1445.7098388671875),np.float64(204.10501064150296),0
Ant-v5,0,near,649,np.float64(2968.94775390625),np.float64(339.12203427709176),0
Ant-v5,0,near,650,np.float64(1356.719970703125),np.float64(164.8854325421835),1
Ant-v5,0,near,651,np.float64(2755.853271484375),np.float64(291.23713800088035),1
Ant-v5,0,near,652,np.float64(2078.375),np.float64(245.33434573152098),1
Ant-v5,0,near,653,np.float64(1083.344970703125),np.float64(147.37959103785533),0
Ant-v5,0,near,654,np.float64(3489.66015625),np.float64(388.2369179995336),1
Ant-v5,0,near,655,np.float64(1504.627685546875),np.float64(149.87939080413943),1
Ant-v5,0,near,656,np.float64(1271.219482421875),np.float64(202.15492138781966),0
Ant-v5,0,near,657,np.float64(1124.2860107421875),np.float64(353.81560255515967),0
Ant-v5,0,near,658,np.float64(4675.76513671875),np.float64(616.5277682118574),0
Ant-v5,0,near,659,np.float64(1045.580322265625),np.float64(170.1869633570682),0
Ant-v5,0,near,660,np.float64(945.1807861328125),np.float64(110.79950811516227),0
Ant-v5,0,near,661,np.float64(896.1004028320312),np.float64(123.4978392144692),1
Ant-v5,0,near,662,np.float64(1418.7938232421875),np.float64(194.2390768086083),0
Ant-v5,0,near,663,np.float64(921.6685791015625),np.float64(122.06352840144831),1
Ant-v5,0,near,664,np.float64(3815.318359375),np.float64(446.96947924670815),0
Ant-v5,0,near,665,np.float64(1445.3228759765625),np.float64(163.0827770609667),0
Ant-v5,0,near,666,np.float64(5457.4365234375),np.float64(606.5317647109126),0
Ant-v5,0,near,667,np.float64(3197.41552734375),np.float64(333.90895638968584),1
Ant-v5,0,near,668,np.float64(1237.5693359375),np.float64(179.72712383760174),1
Ant-v5,0,near,669,np.float64(1215.351318359375),np.float64(215.99910263307552),1
Ant-v5,0,near,670,np.float64(3616.0185546875),np.float64(432.95453262546846),0
Ant-v5,0,near,671,np.float64(2464.552978515625),np.float64(252.98624894820634),0
Ant-v5,0,near,672,np.float64(1856.483154296875),np.float64(366.7517125202568),0
Ant-v5,0,near,673,np.float64(855.746826171875),np.float64(127.57529710072168),1
Ant-v5,0,near,674,np.float64(1671.1121826171875),np.float64(189.7187717282172),1
Ant-v5,0,near,675,np.float64(1420.1356201171875),np.float64(164.3151657271112),1
Ant-v5,0,near,676,np.float64(1470.6077880859375),np.float64(204.2381698084972),1
Ant-v5,0,near,677,np.float64(1146.709716796875),np.float64(219.25872252272538),1
Ant-v5,0,near,678,np.float64(1012.4150390625),np.float64(175.41672270238445),1
Ant-v5,0,near,679,np.float64(1124.4140625),np.float64(138.9084109732228),1
Ant-v5,0,near,680,np.float64(1243.8096923828125),np.float64(149.47305821924783),0
Ant-v5,0,near,681,np.float64(5049.6787109375),np.float64(633.2002728295482),0
Ant-v5,0,near,682,np.float64(1628.6431884765625),np.float64(250.71314290396452),1
Ant-v5,0,near,683,np.float64(1519.69580078125),np.float64(170.53424725686293),1
Ant-v5,0,near,684,np.float64(1498.385986328125),np.float64(174.27556593110376),1
Ant-v5,0,near,685,np.float64(2476.92822265625),np.float64(307.3114799641244),1
Ant-v5,0,near,686,np.float64(1637.458984375),np.float64(179.05157934056837),0
Ant-v5,0,near,687,np.float64(3439.55712890625),np.float64(483.259342889005),0
Ant-v5,0,near,688,np.float64(1767.2998046875),np.float64(181.17008477194054),1
Ant-v5,0,near,689,np.float64(1201.30419921875),np.float64(149.14126896522217),0
Ant-v5,0,near,690,np.float64(1207.426513671875),np.float64(204.62095759580058),1
Ant-v5,0,near,691,np.float64(648.2778930664062),np.float64(122.622310191069),1
Ant-v5,0,near,692,np.float64(2653.379150390625),np.float64(305.0538566287081),0
Ant-v5,0,near,693,np.float64(2874.89990234375),np.float64(384.39346566229835),1
Ant-v5,0,near,694,np.float64(1090.363525390625),np.float64(145.84629873217375),1
Ant-v5,0,near,695,np.float64(1766.9779052734375),np.float64(343.7596860398322),0
Ant-v5,0,near,696,np.float64(1749.47705078125),np.float64(166.8451006386334),1
Ant-v5,0,near,697,np.float64(1227.7862548828125),np.float64(174.21690033723698),0
Ant-v5,0,near,698,np.float64(1343.5955810546875),np.float64(204.27858677479884),0
Ant-v5,0,near,699,np.float64(3282.38427734375),np.float64(379.12799088358895),0
Ant-v5,0,near,700,np.float64(6158.041015625),np.float64(755.3438301777265),1
Ant-v5,0,near,701,np.float64(2093.59228515625),np.float64(350.1156022791776),1
Ant-v5,0,near,702,np.float64(1538.779541015625),np.float64(203.25804357082814),1
Ant-v5,0,near,703,np.float64(5347.732421875),np.float64(639.8383161799304),1
Ant-v5,0,near,704,np.float64(2402.53515625),np.float64(352.4077754147961),1
Ant-v5,0,near,705,np.float64(2314.486083984375),np.float64(342.2061081265904),0
Ant-v5,0,near,706,np.float64(4437.8544921875),np.float64(638.388602192495),1
Ant-v5,0,near,707,np.float64(2453.51025390625),np.float64(367.89223878598295),1
Ant-v5,0,near,708,np.float64(932.9190063476562),np.float64(144.26602713404327),1
Ant-v5,0,near,709,np.float64(2661.828857421875),np.float64(350.6937809472985),1
Ant-v5,0,near,710,np.float64(2321.588623046875),np.float64(243.23991392661208),0
Ant-v5,0,near,711,np.float64(4605.4970703125),np.float64(468.1466111355536),1
Ant-v5,0,near,712,np.float64(1619.2418212890625),np.float64(162.31224962455826),1
Ant-v5,0,near,713,np.float64(2200.90478515625),np.float64(281.6992977434909),1
Ant-v5,0,near,714,np.float64(3351.058349609375),np.float64(405.5226343132624),0
Ant-v5,0,near,715,np.float64(2489.22705078125),np.float64(423.37913641198605),0
Ant-v5,0,near,716,np.float64(887.285888671875),np.float64(127.89508308153867),0
Ant-v5,0,near,717,np.float64(1313.2117919921875),np.float64(153.2289263036367),1
Ant-v5,0,near,718,np.float64(1926.8143310546875),np.float64(209.03742597693994),1
Ant-v5,0,near,719,np.float64(2936.333740234375),np.float64(352.84947923360244),0
Ant-v5,0,near,720,np.float64(1769.8338623046875),np.float64(198.3491913299015),1
Ant-v5,0,near,721,np.float64(2508.003662109375),np.float64(307.7280613811218),1
Ant-v5,0,near,722,np.float64(1599.99560546875),np.float64(186.47361010704125),1
Ant-v5,0,near,723,np.float64(4968.06396484375),np.float64(565.6127385002362),1
Ant-v5,0,near,724,np.float64(3308.961669921875),np.float64(387.2782976411779),1
Ant-v5,0,near,725,np.float64(2224.31494140625),np.float64(220.6001004114057),1
Ant-v5,0,near,726,np.float64(2325.54052734375),np.float64(242.1099949402597),1
Ant-v5,0,near,727,np.float64(1129.7037353515625),np.float64(145.8586588322239),1
Ant-v5,0,near,728,np.float64(1271.552734375),np.float64(139.95741045205827),0
Ant-v5,0,near,729,np.float64(2855.466552734375),np.float64(294.28285894187024),1
Ant-v5,0,near,730,np.float64(1206.67822265625),np.float64(264.9126096954011),0
Ant-v5,0,near,731,np.float64(2631.753173828125),np.float64(307.5451355022045),1
Ant-v5,0,near,732,np.float64(804.9052124023438),np.float64(100.64873335518186),0
Ant-v5,0,near,733,np.float64(857.6685791015625),np.float64(118.16426162994719),0
Ant-v5,0,near,734,np.float64(1811.3370361328125),np.float64(205.78209714192707),0
Ant-v5,0,near,735,np.float64(2123.909912109375),np.float64(269.1527864882511),1
Ant-v5,0,near,736,np.float64(910.7623291015625),np.float64(136.27509261331534),0
Ant-v5,0,near,737,np.float64(1224.708740234375),np.float64(136.37795172359228),1
Ant-v5,0,near,738,np.float64(5136.12939453125),np.float64(601.9171978464715),1
Ant-v5,0,near,739,np.float64(2211.832763671875),np.float64(250.74457041514435),1
Ant-v5,0,near,740,np.float64(1782.5858154296875),np.float64(285.66551471537787),0
Ant-v5,0,near,741,np.float64(962.94921875),np.float64(123.50328685091176),1
Ant-v5,0,near,742,np.float64(5104.93359375),np.float64(562.2754700252641),0
Ant-v5,0,near,743,np.float64(1218.515625),np.float64(172.58276842739616),1
Ant-v5,0,near,744,np.float64(918.7929077148438),np.float64(122.24209854383426),1
Ant-v5,0,near,745,np.float64(1389.494384765625),np.float64(158.029138624885),1
Ant-v5,0,near,746,np.float64(1284.3187255859375),np.float64(149.80993667169884),0
Ant-v5,0,near,747,np.float64(2657.810546875),np.float64(273.2654162140982),0
Ant-v5,0,near,748,np.float64(3464.208984375),np.float64(388.0720469964609),1
Ant-v5,0,near,749,np.float64(1728.2958984375),np.float64(188.19239371421688),0
Ant-v5,0,near,750,np.float64(984.2930297851562),np.float64(200.831839166329),0
Ant-v5,0,near,751,np.float64(1034.50830078125),np.float64(176.53472341713365),0
Ant-v5,0,near,752,np.float64(405.7781066894531),np.float64(63.47419760039369),0
Ant-v5,0,near,753,np.float64(1516.9136962890625),np.float64(187.77537694511506),1
Ant-v5,0,near,754,np.float64(1184.226318359375),np.float64(167.92555645479604),1
Ant-v5,0,near,755,np.float64(1081.55859375),np.float64(336.2247762607474),1
Ant-v5,0,near,756,np.float64(1074.4471435546875),np.float64(136.7033139503905),0
Ant-v5,0,near,757,np.float64(902.9456787109375),np.float64(113.17619939293331),1
Ant-v5,0,near,758,np.float64(1942.494873046875),np.float64(256.80066662483625),1
Ant-v5,0,near,759,np.float64(5237.2578125),np.float64(736.9518884790593),0
Ant-v5,0,near,760,np.float64(1571.0703125),np.float64(245.48138949932664),1
Ant-v5,0,near,761,np.float64(1345.9193115234375),np.float64(171.74045703509336),1
Ant-v5,0,near,762,np.float64(950.7487182617188),np.float64(114.76686106875968),0
Ant-v5,0,near,763,np.float64(3666.50146484375),np.float64(367.89668526611456),0
Ant-v5,0,near,764,np.float64(1568.49560546875),np.float64(179.8666304778249),0
Ant-v5,0,near,765,np.float64(815.572509765625),np.float64(109.66846906441805),1
Ant-v5,0,near,766,np.float64(1744.649658203125),np.float64(196.26059899528786),0
Ant-v5,0,near,767,np.float64(1339.3558349609375),np.float64(166.22494156894118),1
Ant-v5,0,near,768,np.float64(4790.22314453125),np.float64(484.9262010612654),0
Ant-v5,0,near,769,np.float64(4671.93896484375),np.float64(846.5928465489303),1
Ant-v5,0,near,770,np.float64(1473.370849609375),np.float64(157.03959407802935),1
Ant-v5,0,near,771,np.float64(946.2192993164062),np.float64(104.92989409820319),0
Ant-v5,0,near,772,np.float64(1813.7584228515625),np.float64(268.5556302905705),0
Ant-v5,0,near,773,np.float64(2161.63720703125),np.float64(249.32027773026934),0
Ant-v5,0,near,774,np.float64(1903.6422119140625),np.float64(236.75202693763643),0
Ant-v5,0,near,775,np.float64(1122.8564453125),np.float64(155.30543900671697),1
Ant-v5,0,near,776,np.float64(1094.8270263671875),np.float64(133.27494899935726),0
Ant-v5,0,near,777,np.float64(3132.464111328125),np.float64(337.1105148861218),1
Ant-v5,0,near,778,np.float64(841.8192749023438),np.float64(204.21266014366458),0
Ant-v5,0,near,779,np.float64(752.5828857421875),np.float64(90.64390476138357),1
Ant-v5,0,near,780,np.float64(993.7550659179688),np.float64(129.60477388191444),1
Ant-v5,0,near,781,np.float64(920.73828125),np.float64(118.3418555546356),1
Ant-v5,0,near,782,np.float64(1571.10595703125),np.float64(176.18625457903653),1
Ant-v5,0,near,783,np.float64(1315.3404541015625),np.float64(158.77943903878466),0
Ant-v5,0,near,784,np.float64(1452.8721923828125),np.float64(173.30241011092235),0
Ant-v5,0,near,785,np.float64(1985.4884033203125),np.float64(268.501600872684),1
Ant-v5,0,near,786,np.float64(1887.626953125),np.float64(208.28460815140892),0
Ant-v5,0,near,787,np.float64(1372.9775390625),np.float64(215.36463882425994),0
Ant-v5,0,near,788,np.float64(1686.80224609375),np.float64(202.19916813346788),1
Ant-v5,0,near,789,np.float64(1558.788330078125),np.float64(173.8463369700028),1
Ant-v5,0,near,790,np.float64(1056.4857177734375),np.float64(143.28810100295385),0
Ant-v5,0,near,791,np.float64(850.5096435546875),np.float64(115.07147189837644),1
Ant-v5,0,near,792,np.float64(3798.008056640625),np.float64(461.7559339977918),1
Ant-v5,0,near,793,np.float64(1712.749267578125),np.float64(217.33798136375486),1
Ant-v5,0,near,794,np.float64(5822.46923828125),np.float64(541.1735344757857),1
Ant-v5,0,near,795,np.float64(2802.853271484375),np.float64(327.5335029384597),1
Ant-v5,0,near,796,np.float64(2518.9052734375),np.float64(295.05505136417423),1
Ant-v5,0,near,797,np.float64(1613.236328125),np.float64(218.79083509636507),0
Ant-v5,0,near,798,np.float64(447.8987121582031),np.float64(81.81595537262692),1
Ant-v5,0,near,799,np.float64(1388.0782470703125),np.float64(168.98036181488627),1
Ant-v5,0,near,800,np.float64(812.0313110351562),np.float64(113.82348564458434),0
Ant-v5,0,near,801,np.float64(634.3545532226562),np.float64(90.8970142321883),0
Ant-v5,0,near,802,np.float64(2163.07763671875),np.float64(290.17080279634115),0
Ant-v5,0,near,803,np.float64(623.0491333007812),np.float64(94.56683343544336),1
Ant-v5,0,near,804,np.float64(1632.7877197265625),np.float64(234.68093106462285),1
Ant-v5,0,near,805,np.float64(2088.3759765625),np.float64(233.9115251587168),1
Ant-v5,0,near,806,np.float64(882.1689453125),np.float64(118.32563109695417),0
Ant-v5,0,near,807,np.float64(1402.046630859375),np.float64(160.72991121059113),0
Ant-v5,0,near,808,np.float64(1134.25048828125),np.float64(115.7650629536731),1
Ant-v5,0,near,809,np.float64(739.1525268554688),np.float64(163.16694897993176),1
Ant-v5,0,near,810,np.float64(1189.0777587890625),np.float64(310.64738699213024),0
Ant-v5,0,near,811,np.float64(871.9151611328125),np.float64(117.47381643619283),1
Ant-v5,0,near,812,np.float64(2487.356201171875),np.float64(278.64612020712076),0
Ant-v5,0,near,813,np.float64(884.0703125),np.float64(123.79352173957372),1
Ant-v5,0,near,814,np.float64(606.7792358398438),np.float64(77.46564858678943),0
Ant-v5,0,near,815,np.float64(4275.79296875),np.float64(529.2003232392308),0
Ant-v5,0,near,816,np.float64(2686.392822265625),np.float64(268.6985720380357),1
Ant-v5,0,near,817,np.float64(923.8457641601562),np.float64(126.95698917315997),0
Ant-v5,0,near,818,np.float64(5008.97265625),np.float64(650.5775031016979),1
Ant-v5,0,near,819,np.float64(1370.4759521484375),np.float64(150.75350470552823),0
Ant-v5,0,near,820,np.float64(843.8189697265625),np.float64(103.99082572237887),0
Ant-v5,0,near,821,np.float64(2616.9140625),np.float64(279.2848496112074),1
Ant-v5,0,near,822,np.float64(863.0794067382812),np.float64(113.94695856385286),1
Ant-v5,0,near,823,np.float64(1721.3590087890625),np.float64(206.25787404463898),1
Ant-v5,0,near,824,np.float64(1697.9302978515625),np.float64(186.47786669890155),0
Ant-v5,0,near,825,np.float64(2734.99560546875),np.float64(322.6905046106784),0
Ant-v5,0,near,826,np.float64(4220.7587890625),np.float64(475.21319684231565),1
Ant-v5,0,near,827,np.float64(1198.0362548828125),np.float64(201.7287448363833),0
Ant-v5,0,near,828,np.float64(1533.5738525390625),np.float64(183.96841611304842),0
Ant-v5,0,near,829,np.float64(2664.35302734375),np.float64(291.2823012338524),0
Ant-v5,0,near,830,np.float64(2650.413818359375),np.float64(432.1257119762321),0
Ant-v5,0,near,831,np.float64(2961.786376953125),np.float64(325.27632640203876),1
Ant-v5,0,near,832,np.float64(1735.763427734375),np.float64(192.7985618681761),1
Ant-v5,0,near,833,np.float64(1230.7962646484375),np.float64(149.66849798711988),0
Ant-v5,0,near,834,np.float64(2476.01171875),np.float64(288.3401009910715),0
Ant-v5,0,near,835,np.float64(1754.149169921875),np.float64(217.79156563595944),0
Ant-v5,0,near,836,np.float64(1341.78173828125),np.float64(182.02608643679488),0
Ant-v5,0,near,837,np.float64(1683.729736328125),np.float64(192.6567993032643),1
Ant-v5,0,near,838,np.float64(1848.504150390625),np.float64(272.6094103709362),1
Ant-v5,0,near,839,np.float64(541.1100463867188),np.float64(115.44539944381239),0
Ant-v5,0,near,840,np.float64(1607.4730224609375),np.float64(237.63866424775713),1
Ant-v5,0,near,841,np.float64(755.037841796875),np.float64(104.76166672126323),1
Ant-v5,0,near,842,np.float64(966.107177734375),np.float64(146.56790981377162),1
Ant-v5,0,near,843,np.float64(754.5332641601562),np.float64(100.19773814395472),0
Ant-v5,0,near,844,np.float64(5412.1298828125),np.float64(516.1536325697006),1
Ant-v5,0,near,845,np.float64(1782.5338134765625),np.float64(210.57225100122568),1
Ant-v5,0,near,846,np.float64(1548.3443603515625),np.float64(236.73523071076278),0
Ant-v5,0,near,847,np.float64(1714.5518798828125),np.float64(231.72509907984235),1
Ant-v5,0,near,848,np.float64(879.3475952148438),np.float64(117.60969758063965),1
Ant-v5,0,near,849,np.float64(5189.787109375),np.float64(633.7528761197528),1
Ant-v5,0,near,850,np.float64(1218.7327880859375),np.float64(172.91911785141764),1
Ant-v5,0,near,851,np.float64(2288.278076171875),np.float64(236.12316268471488),0
Ant-v5,0,near,852,np.float64(2233.984619140625),np.float64(284.7772064852952),1
Ant-v5,0,near,853,np.float64(938.7174682617188),np.float64(116.67091565235117),0
Ant-v5,0,near,854,np.float64(553.814697265625),np.float64(84.33626979380082),0
Ant-v5,0,near,855,np.float64(800.6141357421875),np.float64(96.97859344966574),1
Ant-v5,0,near,856,np.float64(1901.1661376953125),np.float64(399.81682431395177),0
Ant-v5,0,near,857,np.float64(2027.7635498046875),np.float64(822.6407005129333),1
Ant-v5,0,near,858,np.float64(2615.781982421875),np.float64(430.7302944562422),1
Ant-v5,0,near,859,np.float64(993.211181640625),np.float64(146.69062191475282),1
Ant-v5,0,near,860,np.float64(4832.2705078125),np.float64(469.67621545848635),0
Ant-v5,0,near,861,np.float64(1155.63037109375),np.float64(125.24677947821476),1
Ant-v5,0,near,862,np.float64(2713.403076171875),np.float64(306.7543671189551),1
Ant-v5,0,near,863,np.float64(2480.648681640625),np.float64(375.8840547505728),1
Ant-v5,0,near,864,np.float64(733.4346923828125),np.float64(140.1802786650571),0
Ant-v5,0,near,865,np.float64(850.8763427734375),np.float64(152.59298797001193),0
Ant-v5,0,near,866,np.float64(3403.069580078125),np.float64(331.04201675742706),1
Ant-v5,0,near,867,np.float64(2926.365478515625),np.float64(356.89435372150507),0
Ant-v5,0,near,868,np.float64(1020.6820678710938),np.float64(131.6017129826048),0
Ant-v5,0,near,869,np.float64(3481.1611328125),np.float64(346.7005987553845),1
Ant-v5,0,near,870,np.float64(1041.1658935546875),np.float64(164.28824364634127),0
Ant-v5,0,near,871,np.float64(1984.7171630859375),np.float64(199.00199701251606),1
Ant-v5,0,near,872,np.float64(3438.620849609375),np.float64(549.7697029110875),1
Ant-v5,0,near,873,np.float64(997.0861206054688),np.float64(260.1624902999378),1
Ant-v5,0,near,874,np.float64(1109.4461669921875),np.float64(170.86841134757805),1
Ant-v5,0,near,875,np.float64(2296.313720703125),np.float64(256.72482319276946),1
Ant-v5,0,near,876,np.float64(760.351806640625),np.float64(125.94426663855754),1
Ant-v5,0,near,877,np.float64(2818.70166015625),np.float64(297.98031609474117),1
Ant-v5,0,near,878,np.float64(3566.705078125),np.float64(346.04114352524647),0
Ant-v5,0,near,879,np.float64(1544.6490478515625),np.float64(159.66956724442872),0
Ant-v5,0,near,880,np.float64(817.7361450195312),np.float64(139.55752537836545),0
Ant-v5,0,near,881,np.float64(1418.67138671875),np.float64(225.42353112825282),0
Ant-v5,0,near,882,np.float64(811.1917114257812),np.float64(176.32533587867772),1
Ant-v5,0,near,883,np.float64(1198.364013671875),np.float64(147.54252494162043),1
Ant-v5,0,near,884,np.float64(1803.3341064453125),np.float64(198.04037781002685),0
Ant-v5,0,near,885,np.float64(1200.493896484375),np.float64(137.12523189935578),0
Ant-v5,0,near,886,np.float64(955.8363647460938),np.float64(110.74417856420428),0
Ant-v5,0,near,887,np.float64(1678.43017578125),np.float64(203.14005305495266),0
Ant-v5,0,near,888,np.float64(3355.34033203125),np.float64(332.4420518379284),1
Ant-v5,0,near,889,np.float64(926.8148193359375),np.float64(120.96257494546967),1
Ant-v5,0,near,890,np.float64(929.5365600585938),np.float64(127.96709601507689),1
Ant-v5,0,near,891,np.float64(4937.404296875),np.float64(546.9674910492558),0
Ant-v5,0,near,892,np.float64(1201.52392578125),np.float64(140.08390977293513),0
Ant-v5,0,near,893,np.float64(2821.194091796875),np.float64(299.9146707591043),0
Ant-v5,0,near,894,np.float64(1117.459716796875),np.float64(147.4457006808617),1
Ant-v5,0,near,895,np.float64(2689.64990234375),np.float64(290.82410272403956),1
Ant-v5,0,near,896,np.float64(1605.1224365234375),np.float64(565.7508238213566),0
Ant-v5,0,near,897,np.float64(1629.87548828125),np.float64(182.85348992763622),0
Ant-v5,0,near,898,np.float64(1137.56982421875),np.float64(153.86634173957947),1
Ant-v5,0,near,899,np.float64(847.3743286132812),np.float64(120.68698835216722),0
Ant-v5,0,near,900,np.float64(4608.662109375),np.float64(637.540741134481),0
Ant-v5,0,near,901,np.float64(2506.518310546875),np.float64(382.39096945659196),0
Ant-v5,0,near,902,np.float64(1746.7706298828125),np.float64(206.0823897578599),1
Ant-v5,0,near,903,np.float64(1789.5697021484375),np.float64(530.365519522346),0
Ant-v5,0,near,904,np.float64(1528.1790771484375),np.float64(208.70971133861553),0
Ant-v5,0,near,905,np.float64(1148.05810546875),np.float64(188.67293519742074),1
Ant-v5,0,near,906,np.float64(641.8753662109375),np.float64(113.5653604833854),0
Ant-v5,0,near,907,np.float64(2024.8560791015625),np.float64(265.4554750959548),0
Ant-v5,0,near,908,np.float64(2151.169677734375),np.float64(282.95441919040417),1
Ant-v5,0,near,909,np.float64(829.5969848632812),np.float64(118.01007143184387),0
Ant-v5,0,near,910,np.float64(1980.9210205078125),np.float64(207.48065831730423),0
Ant-v5,0,near,911,np.float64(1065.072265625),np.float64(129.14081127226916),1
Ant-v5,0,near,912,np.float64(2827.14111328125),np.float64(342.92834070274375),0
Ant-v5,0,near,913,np.float64(923.9212646484375),np.float64(123.2144174732245),1
Ant-v5,0,near,914,np.float64(800.0599975585938),np.float64(131.64392948428727),1
Ant-v5,0,near,915,np.float64(4435.650390625),np.float64(484.76845507659925),0
Ant-v5,0,near,916,np.float64(936.7321166992188),np.float64(116.01308524757462),0
Ant-v5,0,near,917,np.float64(3006.892333984375),np.float64(397.22953581574916),1
Ant-v5,0,near,918,np.float64(2552.915771484375),np.float64(309.70094956401516),0
Ant-v5,0,near,919,np.float64(2455.961669921875),np.float64(249.63721672867604),1
Ant-v5,0,near,920,np.float64(868.6384887695312),np.float64(106.7409013190472),0
Ant-v5,0,near,921,np.float64(774.044189453125),np.float64(134.71819440709075),0
Ant-v5,0,near,922,np.float64(4819.6044921875),np.float64(402.29010862331404),1
Ant-v5,0,near,923,np.float64(887.4075317382812),np.float64(128.50625393508537),0
Ant-v5,0,near,924,np.float64(5347.86376953125),np.float64(657.437262063879),0
Ant-v5,0,near,925,np.float64(769.8444213867188),np.float64(107.80517302688912),0
Ant-v5,0,near,926,np.float64(1064.9046630859375),np.float64(131.1806146372422),1
Ant-v5,0,near,927,np.float64(1166.12451171875),np.float64(167.0998388603666),0
Ant-v5,0,near,928,np.float64(652.8717041015625),np.float64(98.772235418375),0
Ant-v5,0,near,929,np.float64(4073.373291015625),np.float64(428.0026931481133),0
Ant-v5,0,near,930,np.float64(888.3849487304688),np.float64(146.30589583998403),0
Ant-v5,0,near,931,np.float64(4179.29052734375),np.float64(454.1730364915127),0
Ant-v5,0,near,932,np.float64(947.0523681640625),np.float64(105.85128602988254),0
Ant-v5,0,near,933,np.float64(1820.7578125),np.float64(293.86448246691714),1
Ant-v5,0,near,934,np.float64(1229.4337158203125),np.float64(194.55153910789807),0
Ant-v5,0,near,935,np.float64(1564.56298828125),np.float64(273.26641115714267),1
Ant-v5,0,near,936,np.float64(1034.05126953125),np.float64(123.79687801112524),0
Ant-v5,0,near,937,np.float64(2040.9224853515625),np.float64(247.53548443338013),1
Ant-v5,0,near,938,np.float64(1935.925048828125),np.float64(234.55212024006923),0
Ant-v5,0,near,939,np.float64(1928.0302734375),np.float64(310.8677313876983),1
Ant-v5,0,near,940,np.float64(2991.3310546875),np.float64(373.5720137910912),1
Ant-v5,0,near,941,np.float64(1979.749267578125),np.float64(237.57691205791352),1
Ant-v5,0,near,942,np.float64(1158.9742431640625),np.float64(156.4407759686872),0
Ant-v5,0,near,943,np.float64(854.6324462890625),np.float64(113.71486678336515),0
Ant-v5,0,near,944,np.float64(1806.5897216796875),np.float64(178.9530238033988),0
Ant-v5,0,near,945,np.float64(1645.514892578125),np.float64(294.95369964089446),0
Ant-v5,0,near,946,np.float64(1294.4207763671875),np.float64(176.75318078711516),0
Ant-v5,0,near,947,np.float64(804.57470703125),np.float64(138.60133739926053),1
Ant-v5,0,near,948,np.float64(428.767822265625),np.float64(91.86436930605996),0
Ant-v5,0,near,949,np.float64(2894.55029296875),np.float64(321.0757549675076),1
Ant-v5,0,near,950,np.float64(1371.99072265625),np.float64(204.60966512571187),1
Ant-v5,0,near,951,np.float64(1538.510498046875),np.float64(170.49622699868456),0
Ant-v5,0,near,952,np.float64(2923.114501953125),np.float64(354.74884638944354),1
Ant-v5,0,near,953,np.float64(939.577392578125),np.float64(113.3762793236491),1
Ant-v5,0,near,954,np.float64(1766.42431640625),np.float64(191.1567313950012),1
Ant-v5,0,near,955,np.float64(1198.0723876953125),np.float64(142.39254313766745),1
Ant-v5,0,near,956,np.float64(2601.22998046875),np.float64(276.42680070370625),0
Ant-v5,0,near,957,np.float64(1136.2078857421875),np.float64(133.68840141516074),0
Ant-v5,0,near,958,np.float64(1062.95654296875),np.float64(120.6195906147872),1
Ant-v5,0,near,959,np.float64(1260.95947265625),np.float64(156.86402639027688),0
Ant-v5,0,near,960,np.float64(654.0013427734375),np.float64(113.42075009173121),0
Ant-v5,0,near,961,np.float64(1823.8270263671875),np.float64(227.44989130410494),0
Ant-v5,0,near,962,np.float64(2399.544189453125),np.float64(284.48763034068986),1
Ant-v5,0,near,963,np.float64(1640.5924072265625),np.float64(206.4078415191517),1
Ant-v5,0,near,964,np.float64(2557.9580078125),np.float64(269.95486461639143),0
Ant-v5,0,near,965,np.float64(791.1396484375),np.float64(174.63381474427953),0
Ant-v5,0,near,966,np.float64(785.0132446289062),np.float64(115.42260115872719),1
Ant-v5,0,near,967,np.float64(3260.31591796875),np.float64(332.7851198550104),0
Ant-v5,0,near,968,np.float64(1333.317138671875),np.float64(170.90163193122808),0
Ant-v5,0,near,969,np.float64(1297.3411865234375),np.float64(172.1026436512676),0
Ant-v5,0,near,970,np.float64(1154.5888671875),np.float64(160.9015348707746),0
Ant-v5,0,near,971,np.float64(5835.048828125),np.float64(575.1638163948113),0
Ant-v5,0,near,972,np.float64(2857.728515625),np.float64(368.7928256672734),0
Ant-v5,0,near,973,np.float64(1209.7359619140625),np.float64(215.95345776272222),1
Ant-v5,0,near,974,np.float64(1544.4932861328125),np.float64(181.4265273305979),0
Ant-v5,0,near,975,np.float64(891.320556640625),np.float64(122.45913989141692),1
Ant-v5,0,near,976,np.float64(834.7173461914062),np.float64(105.27534809092344),0
Ant-v5,0,near,977,np.float64(3341.44384765625),np.float64(354.2041461145127),1
Ant-v5,0,near,978,np.float64(2636.573974609375),np.float64(428.7758571119265),0
Ant-v5,0,near,979,np.float64(1146.280029296875),np.float64(150.06632225050393),1
Ant-v5,0,near,980,np.float64(988.94482421875),np.float64(147.89998151410387),1
Ant-v5,0,near,981,np.float64(2487.644775390625),np.float64(265.568139215559),0
Ant-v5,0,near,982,np.float64(996.2615966796875),np.float64(145.5613843021378),0
Ant-v5,0,near,983,np.float64(3335.02685546875),np.float64(426.0221395579848),0
Ant-v5,0,near,984,np.float64(1542.99462890625),np.float64(162.60446677792496),0
Ant-v5,0,near,985,np.float64(1045.828125),np.float64(138.19997344657645),1
Ant-v5,0,near,986,np.float64(6286.56201171875),np.float64(729.0564059908528),0
Ant-v5,0,near,987,np.float64(1880.528564453125),np.float64(293.82130909180285),1
Ant-v5,0,near,988,np.float64(3423.458251953125),np.float64(375.5656541945457),1
Ant-v5,0,near,989,np.float64(1580.4976806640625),np.float64(180.45653438779388),0
Ant-v5,0,near,990,np.float64(1580.3314208984375),np.float64(213.1887501790038),0
Ant-v5,0,near,991,np.float64(1623.0367431640625),np.float64(195.69413002437193),1
Ant-v5,0,near,992,np.float64(3820.425048828125),np.float64(389.45941437150145),0
Ant-v5,0,near,993,np.float64(1202.403076171875),np.float64(145.38821581635764),0
Ant-v5,0,near,994,np.float64(4386.56982421875),np.float64(757.0476332993542),0
Ant-v5,0,near,995,np.float64(5047.81787109375),np.float64(529.7742170966887),1
Ant-v5,0,near,996,np.float64(590.1917114257812),np.float64(94.62976388241319),1
Ant-v5,0,near,997,np.float64(759.9774780273438),np.float64(261.68375837884753),1
Ant-v5,0,near,998,np.float64(865.0487060546875),np.float64(187.91509202083424),0
Ant-v5,0,near,999,np.float64(1306.2705078125),np.float64(298.4344188339137),1
Ant-v5,0,mid,0,np.float64(1080.66650390625),np.float64(227.39911097207394),0
Ant-v5,0,mid,1,np.float64(1538.4879150390625),np.float64(1208.194518407899),1
Ant-v5,0,mid,2,np.float64(829.0882568359375),np.float64(135.61823880757413),0
Ant-v5,0,mid,3,np.float64(333.7821044921875),np.float64(80.41718301340376),0
Ant-v5,0,mid,4,np.float64(1865.7811279296875),np.float64(448.3178368383685),0
Ant-v5,0,mid,5,np.float64(2221.972900390625),np.float64(227.2440169814704),1
Ant-v5,0,mid,6,np.float64(1321.4395751953125),np.float64(233.03145790242047),1
Ant-v5,0,mid,7,np.float64(2885.339599609375),np.float64(309.6699791283356),1
Ant-v5,0,mid,8,np.float64(1821.926513671875),np.float64(189.83323952523406),0
Ant-v5,0,mid,9,np.float64(517.400390625),np.float64(114.98050433807595),0
Ant-v5,0,mid,10,np.float64(1287.6385498046875),np.float64(212.4637280070077),1
Ant-v5,0,mid,11,np.float64(740.0169677734375),np.float64(182.28793619468442),1
Ant-v5,0,mid,12,np.float64(2376.754638671875),np.float64(325.7984678405817),1
Ant-v5,0,mid,13,np.float64(2418.82373046875),np.float64(325.57915827248166),1
Ant-v5,0,mid,14,np.float64(2914.92431640625),np.float64(295.58883088378803),1
Ant-v5,0,mid,15,np.float64(777.5800170898438),np.float64(103.5881661014171),0
Ant-v5,0,mid,16,np.float64(2195.954833984375),np.float64(268.23088590417683),0
Ant-v5,0,mid,17,np.float64(2029.6065673828125),np.float64(204.3159987137313),0
Ant-v5,0,mid,18,np.float64(1666.305908203125),np.float64(187.58998261081751),0
Ant-v5,0,mid,19,np.float64(685.1207885742188),np.float64(94.66221736865927),0
Ant-v5,0,mid,20,np.float64(1900.96484375),np.float64(301.5131529869226),0
Ant-v5,0,mid,21,np.float64(1466.0009765625),np.float64(168.7470377082592),1
Ant-v5,0,mid,22,np.float64(523.823974609375),np.float64(82.38877385944738),0
Ant-v5,0,mid,23,np.float64(579.446044921875),np.float64(90.74298319033593),1
Ant-v5,0,mid,24,np.float64(1105.736083984375),np.float64(229.398676256572),0
Ant-v5,0,mid,25,np.float64(1437.3287353515625),np.float64(261.3912843625483),1
Ant-v5,0,mid,26,np.float64(1776.857666015625),np.float64(176.32020992865384),1
Ant-v5,0,mid,27,np.float64(893.5142822265625),np.float64(113.44989576793319),0
Ant-v5,0,mid,28,np.float64(3161.498291015625),np.float64(478.55978217245115),0
Ant-v5,0,mid,29,np.float64(1846.7130126953125),np.float64(322.57442445296135),1
Ant-v5,0,mid,30,np.float64(4263.0439453125),np.float64(538.4872982526985),0
Ant-v5,0,mid,31,np.float64(2152.66650390625),np.float64(253.4232863504252),0
Ant-v5,0,mid,32,np.float64(1627.0762939453125),np.float64(204.1166618876322),0
Ant-v5,0,mid,33,np.float64(4463.74658203125),np.float64(440.03118782075404),0
Ant-v5,0,mid,34,np.float64(1231.8367919921875),np.float64(215.88225700224973),1
Ant-v5,0,mid,35,np.float64(793.04150390625),np.float64(135.78668861880385),0
Ant-v5,0,mid,36,np.float64(911.470703125),np.float64(178.59790488365752),0
Ant-v5,0,mid,37,np.float64(1079.1318359375),np.float64(119.23884022105221),0
Ant-v5,0,mid,38,np.float64(4280.88916015625),np.float64(451.5631530900937),1
Ant-v5,0,mid,39,np.float64(1528.2674560546875),np.float64(193.97284315535768),1
Ant-v5,0,mid,40,np.float64(1102.5084228515625),np.float64(133.93887583438283),1
Ant-v5,0,mid,41,np.float64(1329.108642578125),np.float64(221.9822476149956),1
Ant-v5,0,mid,42,np.float64(1618.740478515625),np.float64(242.84902837276815),0
Ant-v5,0,mid,43,np.float64(2052.69677734375),np.float64(297.7322527253149),1
Ant-v5,0,mid,44,np.float64(777.9027709960938),np.float64(109.49039917466322),1
Ant-v5,0,mid,45,np.float64(1834.6717529296875),np.float64(209.53653305958443),0
Ant-v5,0,mid,46,np.float64(931.2758178710938),np.float64(152.0769188809731),0
Ant-v5,0,mid,47,np.float64(3349.333740234375),np.float64(377.21053091961016),0
Ant-v5,0,mid,48,np.float64(799.8848266601562),np.float64(106.74172867904548),0
Ant-v5,0,mid,49,np.float64(2751.66015625),np.float64(338.8455709440357),0
Ant-v5,0,mid,50,np.float64(2929.7978515625),np.float64(371.6375060732262),0
Ant-v5,0,mid,51,np.float64(1897.7646484375),np.float64(217.2477493149057),1
Ant-v5,0,mid,52,np.float64(1346.3394775390625),np.float64(225.95833771894485),0
Ant-v5,0,mid,53,np.float64(3124.11865234375),np.float64(404.11589765100246),1
Ant-v5,0,mid,54,np.float64(834.6932983398438),np.float64(136.91237740549795),1
Ant-v5,0,mid,55,np.float64(4251.05517578125),np.float64(509.19228297657355),0
Ant-v5,0,mid,56,np.float64(1645.070556640625),np.float64(307.199237081409),0
Ant-v5,0,mid,57,np.float64(1144.955322265625),np.float64(119.81417072397898),0
Ant-v5,0,mid,58,np.float64(562.6842651367188),np.float64(78.99713421336563),1
Ant-v5,0,mid,59,np.float64(866.7855834960938),np.float64(157.05291041499197),1
Ant-v5,0,mid,60,np.float64(2896.655029296875),np.float64(309.052274176179),0
Ant-v5,0,mid,61,np.float64(562.0377807617188),np.float64(79.04195617728055),0
Ant-v5,0,mid,62,np.float64(4579.37451171875),np.float64(435.99221719544494),1
Ant-v5,0,mid,63,np.float64(2789.21044921875),np.float64(326.89952623152647),1
Ant-v5,0,mid,64,np.float64(4771.4921875),np.float64(515.9880914098562),0
Ant-v5,0,mid,65,np.float64(2591.037353515625),np.float64(332.84360062189705),1
Ant-v5,0,mid,66,np.float64(1132.048828125),np.float64(195.57338328811596),1
Ant-v5,0,mid,67,np.float64(632.468017578125),np.float64(162.8264875667089),1
Ant-v5,0,mid,68,np.float64(737.2229614257812),np.float64(98.96352595182105),0
Ant-v5,0,mid,69,np.float64(4176.28564453125),np.float64(433.6969818535789),1
Ant-v5,0,mid,70,np.float64(2527.267333984375),np.float64(331.0806400121153),1
Ant-v5,0,mid,71,np.float64(637.7259521484375),np.float64(81.66045507497518),0
Ant-v5,0,mid,72,np.float64(3750.208984375),np.float64(428.6564807507433),0
Ant-v5,0,mid,73,np.float64(378.3765869140625),np.float64(95.624712602801),0
Ant-v5,0,mid,74,np.float64(791.2542724609375),np.float64(180.37050717540626),0
Ant-v5,0,mid,75,np.float64(655.2507934570312),np.float64(85.22565058275686),1
Ant-v5,0,mid,76,np.float64(713.65283203125),np.float64(113.3777984080574),0
Ant-v5,0,mid,77,np.float64(820.927490234375),np.float64(232.19458605882878),0
Ant-v5,0,mid,78,np.float64(2310.666259765625),np.float64(479.0243579015703),1
Ant-v5,0,mid,79,np.float64(575.85986328125),np.float64(125.12834197988164),1
Ant-v5,0,mid,80,np.float64(1683.750244140625),np.float64(242.90181898655874),0
Ant-v5,0,mid,81,np.float64(950.355712890625),np.float64(118.11303425372085),1
Ant-v5,0,mid,82,np.float64(582.7213134765625),np.float64(84.23963876830098),1
Ant-v5,0,mid,83,np.float64(760.14013671875),np.float64(105.9564355008792),1
Ant-v5,0,mid,84,np.float64(932.8374633789062),np.float64(122.24771853042265),0
Ant-v5,0,mid,85,np.float64(1056.92236328125),np.float64(142.13614137813462),1
Ant-v5,0,mid,86,np.float64(2972.47998046875),np.float64(298.15510101108066),0
Ant-v5,0,mid,87,np.float64(1050.182373046875),np.float64(141.05720191694652),0
Ant-v5,0,mid,88,np.float64(2405.6171875),np.float64(335.03468050367223),1
Ant-v5,0,mid,89,np.float64(1553.1929931640625),np.float64(176.1753392897401),1
Ant-v5,0,mid,90,np.float64(1030.07568359375),np.float64(186.12434402928915),1
Ant-v5,0,mid,91,np.float64(1885.132568359375),np.float64(233.89316869116743),0
Ant-v5,0,mid,92,np.float64(1304.7647705078125),np.float64(180.05487710785593),0
Ant-v5,0,mid,93,np.float64(597.065185546875),np.float64(117.14978136915815),0
Ant-v5,0,mid,94,np.float64(2187.21630859375),np.float64(608.8483996001255),0
Ant-v5,0,mid,95,np.float64(419.7322082519531),np.float64(124.02511409994582),0
Ant-v5,0,mid,96,np.float64(799.2552490234375),np.float64(191.97591102841147),0
Ant-v5,0,mid,97,np.float64(1599.5567626953125),np.float64(229.16729791791207),1
Ant-v5,0,mid,98,np.float64(852.3064575195312),np.float64(320.2556241028824),1
Ant-v5,0,mid,99,np.float64(619.076904296875),np.float64(95.29571390594921),1
Ant-v5,0,mid,100,np.float64(804.6802368164062),np.float64(109.91753548759385),1
Ant-v5,0,mid,101,np.float64(2020.055419921875),np.float64(223.6579833893877),1
Ant-v5,0,mid,102,np.float64(2499.080078125),np.float64(269.8272751711512),0
Ant-v5,0,mid,103,np.float64(1193.0438232421875),np.float64(144.21354076090742),1
Ant-v5,0,mid,104,np.float64(1432.21240234375),np.float64(286.690314304116),1
Ant-v5,0,mid,105,np.float64(646.0542602539062),np.float64(105.66620738980626),1
Ant-v5,0,mid,106,np.float64(2742.036376953125),np.float64(258.2965486588129),0
Ant-v5,0,mid,107,np.float64(791.7896728515625),np.float64(112.91152024189086),0
Ant-v5,0,mid,108,np.float64(435.5580749511719),np.float64(91.81644478387324),0
Ant-v5,0,mid,109,np.float64(2160.505126953125),np.float64(212.55296314139505),1
Ant-v5,0,mid,110,np.float64(961.5881958007812),np.float64(119.6301483769478),1
Ant-v5,0,mid,111,np.float64(382.8954162597656),np.float64(64.86343912935604),0
Ant-v5,0,mid,112,np.float64(1711.5296630859375),np.float64(328.7372885235577),0
Ant-v5,0,mid,113,np.float64(714.6217651367188),np.float64(142.48262963349873),0
Ant-v5,0,mid,114,np.float64(1121.2630615234375),np.float64(233.08165724409756),0
Ant-v5,0,mid,115,np.float64(1022.6183471679688),np.float64(251.2674481488116),0
Ant-v5,0,mid,116,np.float64(2349.697265625),np.float64(408.3803525368029),1
Ant-v5,0,mid,117,np.float64(660.9911499023438),np.float64(133.96589163151285),0
Ant-v5,0,mid,118,np.float64(568.0089721679688),np.float64(113.64114920279772),1
Ant-v5,0,mid,119,np.float64(777.9483642578125),np.float64(97.3084643002745),1
Ant-v5,0,mid,120,np.float64(626.4654541015625),np.float64(87.35262581731351),0
Ant-v5,0,mid,121,np.float64(1079.4923095703125),np.float64(136.51589124913522),0
Ant-v5,0,mid,122,np.float64(1095.9034423828125),np.float64(197.0755828526628),0
Ant-v5,0,mid,123,np.float64(638.8504028320312),np.float64(110.35999555195019),0
Ant-v5,0,mid,124,np.float64(1809.196044921875),np.float64(286.2496599651149),0
Ant-v5,0,mid,125,np.float64(1555.9400634765625),np.float64(252.5668399944554),0
Ant-v5,0,mid,126,np.float64(991.7029418945312),np.float64(147.2802343236034),1
Ant-v5,0,mid,127,np.float64(552.055419921875),np.float64(84.90064412849489),0
Ant-v5,0,mid,128,np.float64(4137.9619140625),np.float64(493.6221371636842),0
Ant-v5,0,mid,129,np.float64(4178.39501953125),np.float64(450.5025352940513),0
Ant-v5,0,mid,130,np.float64(4391.1513671875),np.float64(404.2030969686997),0
Ant-v5,0,mid,131,np.float64(3049.166015625),np.float64(456.12907412440427),1
Ant-v5,0,mid,132,np.float64(1168.2425537109375),np.float64(211.41743515312285),0
Ant-v5,0,mid,133,np.float64(1430.266357421875),np.float64(187.6719596950649),1
Ant-v5,0,mid,134,np.float64(1016.5673828125),np.float64(162.22672326375823),1
Ant-v5,0,mid,135,np.float64(584.6281127929688),np.float64(91.71487213977066),0
Ant-v5,0,mid,136,np.float64(2522.502197265625),np.float64(284.7732559068951),1
Ant-v5,0,mid,137,np.float64(761.2479858398438),np.float64(95.28886880633833),0
Ant-v5,0,mid,138,np.float64(617.0800170898438),np.float64(86.25093654790143),1
Ant-v5,0,mid,139,np.float64(1934.492431640625),np.float64(210.83052432636194),1
Ant-v5,0,mid,140,np.float64(965.9050903320312),np.float64(169.7775443082493),0
Ant-v5,0,mid,141,np.float64(2307.61474609375),np.float64(334.04406229217096),0
Ant-v5,0,mid,142,np.float64(3363.402587890625),np.float64(411.2855665314885),1
Ant-v5,0,mid,143,np.float64(4061.510498046875),np.float64(411.01677129115365),0
Ant-v5,0,mid,144,np.float64(2403.22998046875),np.float64(251.10012077333087),0
Ant-v5,0,mid,145,np.float64(594.2630004882812),np.float64(81.07488676426392),0
Ant-v5,0,mid,146,np.float64(1257.073974609375),np.float64(276.35222533228705),1
Ant-v5,0,mid,147,np.float64(1122.7060546875),np.float64(136.519012434983),1
Ant-v5,0,mid,148,np.float64(865.4139404296875),np.float64(124.24639744141331),1
Ant-v5,0,mid,149,np.float64(4257.0927734375),np.float64(492.34661455637377),0
Ant-v5,0,mid,150,np.float64(1257.3065185546875),np.float64(167.72241158960907),1
Ant-v5,0,mid,151,np.float64(1155.310302734375),np.float64(215.8701837310792),0
Ant-v5,0,mid,152,np.float64(840.2350463867188),np.float64(101.54350857473531),1
Ant-v5,0,mid,153,np.float64(1075.1766357421875),np.float64(198.73569124455256),1
Ant-v5,0,mid,154,np.float64(3553.03759765625),np.float64(461.5949552212274),1
Ant-v5,0,mid,155,np.float64(1683.6573486328125),np.float64(230.81180782675128),0
Ant-v5,0,mid,156,np.float64(336.2764587402344),np.float64(73.00249772830267),0
Ant-v5,0,mid,157,np.float64(292.4157409667969),np.float64(64.92985145922668),0
Ant-v5,0,mid,158,np.float64(1453.9326171875),np.float64(234.2143352170437),0
Ant-v5,0,mid,159,np.float64(4200.99462890625),np.float64(408.8012284662683),1
Ant-v5,0,mid,160,np.float64(1084.4517822265625),np.float64(212.95852028033664),1
Ant-v5,0,mid,161,np.float64(3220.2197265625),np.float64(349.26542472764163),0
Ant-v5,0,mid,162,np.float64(2035.647705078125),np.float64(314.80235562027815),0
Ant-v5,0,mid,163,np.float64(1050.573486328125),np.float64(139.54108657953148),1
Ant-v5,0,mid,164,np.float64(1014.9189453125),np.float64(324.3919587036555),1
Ant-v5,0,mid,165,np.float64(2553.78125),np.float64(331.8804700737438),1
Ant-v5,0,mid,166,np.float64(493.4908447265625),np.float64(145.42385729697097),1
Ant-v5,0,mid,167,np.float64(1063.126220703125),np.float64(124.43145452948039),0
Ant-v5,0,mid,168,np.float64(891.9203491210938),np.float64(255.812724784164),1
Ant-v5,0,mid,169,np.float64(873.15576171875),np.float64(189.82022966021916),0
Ant-v5,0,mid,170,np.float64(533.7551879882812),np.float64(105.74486270951704),0
Ant-v5,0,mid,171,np.float64(862.6505737304688),np.float64(140.4833877107573),0
Ant-v5,0,mid,172,np.float64(2268.967529296875),np.float64(253.49030683500365),1
Ant-v5,0,mid,173,np.float64(2991.880859375),np.float64(340.4479353525535),0
Ant-v5,0,mid,174,np.float64(2015.5748291015625),np.float64(327.5434311607746),1
Ant-v5,0,mid,175,np.float64(1072.7255859375),np.float64(150.4061665238379),0
Ant-v5,0,mid,176,np.float64(3356.470947265625),np.float64(354.91687813563124),1
Ant-v5,0,mid,177,np.float64(1855.6494140625),np.float64(254.87985459992134),0
Ant-v5,0,mid,178,np.float64(1426.26025390625),np.float64(204.20169800294255),1
Ant-v5,0,mid,179,np.float64(819.8109741210938),np.float64(116.76493894255671),0
Ant-v5,0,mid,180,np.float64(3415.5908203125),np.float64(447.000578214366),1
Ant-v5,0,mid,181,np.float64(1148.5916748046875),np.float64(151.48463314436896),1
Ant-v5,0,mid,182,np.float64(1117.3988037109375),np.float64(127.52557026633681),0
Ant-v5,0,mid,183,np.float64(646.691650390625),np.float64(86.43024625463053),0
Ant-v5,0,mid,184,np.float64(2946.605712890625),np.float64(286.3625017680507),0
Ant-v5,0,mid,185,np.float64(1078.4359130859375),np.float64(160.76037991622005),0
Ant-v5,0,mid,186,np.float64(2983.75634765625),np.float64(441.62317693385614),0
Ant-v5,0,mid,187,np.float64(1087.3663330078125),np.float64(187.36068949860973),0
Ant-v5,0,mid,188,np.float64(635.8041381835938),np.float64(101.13087828693556),0
Ant-v5,0,mid,189,np.float64(4020.245361328125),np.float64(419.8116438932349),0
Ant-v5,0,mid,190,np.float64(1059.1663818359375),np.float64(150.4299430565942),1
Ant-v5,0,mid,191,np.float64(4342.1796875),np.float64(457.16812662184475),0
Ant-v5,0,mid,192,np.float64(1704.5843505859375),np.float64(207.40949148577556),1
Ant-v5,0,mid,193,np.float64(2211.065185546875),np.float64(210.41708349133356),1
Ant-v5,0,mid,194,np.float64(1331.361572265625),np.float64(166.86419585747512),0
Ant-v5,0,mid,195,np.float64(3636.4296875),np.float64(407.15977524483503),0
Ant-v5,0,mid,196,np.float64(944.7234497070312),np.float64(152.23806137673205),1
Ant-v5,0,mid,197,np.float64(2782.564208984375),np.float64(292.8027253770746),1
Ant-v5,0,mid,198,np.float64(1966.89794921875),np.float64(261.25920296132864),0
Ant-v5,0,mid,199,np.float64(2551.93359375),np.float64(350.79103600087956),1
Ant-v5,0,mid,200,np.float64(1330.703369140625),np.float64(301.8593968138772),1
Ant-v5,0,mid,201,np.float64(975.5396118164062),np.float64(155.8998500664212),0
Ant-v5,0,mid,202,np.float64(1247.631103515625),np.float64(218.83325002383583),0
Ant-v5,0,mid,203,np.float64(1470.4456787109375),np.float64(173.2403426997036),0
Ant-v5,0,mid,204,np.float64(1025.8497314453125),np.float64(181.12240781536843),0
Ant-v5,0,mid,205,np.float64(1382.4384765625),np.float64(160.3368319199779),1
Ant-v5,0,mid,206,np.float64(590.0571899414062),np.float64(84.950323190776),0
Ant-v5,0,mid,207,np.float64(4059.491455078125),np.float64(385.791309993273),0
Ant-v5,0,mid,208,np.float64(1777.53173828125),np.float64(313.5607550968155),0
Ant-v5,0,mid,209,np.float64(947.3811645507812),np.float64(308.3580283868795),0
Ant-v5,0,mid,210,np.float64(562.5521240234375),np.float64(72.01915236163504),0
Ant-v5,0,mid,211,np.float64(4145.8818359375),np.float64(1126.4725944568218),1
Ant-v5,0,mid,212,np.float64(1012.0529174804688),np.float64(153.75173271887283),0
Ant-v5,0,mid,213,np.float64(738.75),np.float64(107.35841252382363),1
Ant-v5,0,mid,214,np.float64(1362.706787109375),np.float64(176.2547614254129),0
Ant-v5,0,mid,215,np.float64(1400.26220703125),np.float64(210.02319838666838),0
Ant-v5,0,mid,216,np.float64(1185.026611328125),np.float64(183.70134812818492),1
Ant-v5,0,mid,217,np.float64(909.7445068359375),np.float64(112.49203973018345),1
Ant-v5,0,mid,218,np.float64(1482.2862548828125),np.float64(171.72162554629455),1
Ant-v5,0,mid,219,np.float64(1993.3529052734375),np.float64(240.13703360127377),0
Ant-v5,0,mid,220,np.float64(588.052490234375),np.float64(95.06913388727162),1
Ant-v5,0,mid,221,np.float64(753.403076171875),np.float64(150.0291364888924),0
Ant-v5,0,mid,222,np.float64(1067.033447265625),np.float64(303.53264930202295),1
Ant-v5,0,mid,223,np.float64(2274.290283203125),np.float64(250.54820231297836),1
Ant-v5,0,mid,224,np.float64(3010.478515625),np.float64(284.33604136391625),0
Ant-v5,0,mid,225,np.float64(1583.86181640625),np.float64(186.59996715069087),1
Ant-v5,0,mid,226,np.float64(2270.075439453125),np.float64(226.60551261704177),0
Ant-v5,0,mid,227,np.float64(813.3847045898438),np.float64(160.06362013799472),1
Ant-v5,0,mid,228,np.float64(974.8887939453125),np.float64(139.85375316032847),0
Ant-v5,0,mid,229,np.float64(1532.11474609375),np.float64(252.29761565683955),0
Ant-v5,0,mid,230,np.float64(971.9174194335938),np.float64(221.83835979711418),1
Ant-v5,0,mid,231,np.float64(792.4930419921875),np.float64(133.70079689846568),0
Ant-v5,0,mid,232,np.float64(2961.31689453125),np.float64(319.7076980881342),0
Ant-v5,0,mid,233,np.float64(1370.419189453125),np.float64(224.9135768686504),1
Ant-v5,0,mid,234,np.float64(891.7526245117188),np.float64(114.4380155526064),0
Ant-v5,0,mid,235,np.float64(3774.6669921875),np.float64(437.3986049313297),0
Ant-v5,0,mid,236,np.float64(713.8314208984375),np.float64(109.53817122299745),1
Ant-v5,0,mid,237,np.float64(4344.8359375),np.float64(621.1076233065356),1
Ant-v5,0,mid,238,np.float64(1343.0762939453125),np.float64(217.48851973328794),1
Ant-v5,0,mid,239,np.float64(1010.9171752929688),np.float64(138.83225155377022),0
Ant-v5,0,mid,240,np.float64(1179.258056640625),np.float64(234.22642146983327),0
Ant-v5,0,mid,241,np.float64(2097.02685546875),np.float64(260.4726711713565),1
Ant-v5,0,mid,242,np.float64(1725.001220703125),np.float64(326.2531405577404),0
Ant-v5,0,mid,243,np.float64(3589.1171875),np.float64(387.69087362660514),0
Ant-v5,0,mid,244,np.float64(1730.6685791015625),np.float64(266.304542570007),1
Ant-v5,0,mid,245,np.float64(1720.2308349609375),np.float64(242.81781813244342),1
Ant-v5,0,mid,246,np.float64(3353.3466796875),np.float64(365.78975093191787),0
Ant-v5,0,mid,247,np.float64(1436.2750244140625),np.float64(155.6540054312469),0
Ant-v5,0,mid,248,np.float64(2168.42138671875),np.float64(340.8874361174162),1
Ant-v5,0,mid,249,np.float64(1712.868896484375),np.float64(271.36041328082297),0
Ant-v5,0,mid,250,np.float64(1416.5966796875),np.float64(225.31425192800083),0
Ant-v5,0,mid,251,np.float64(3823.54541015625),np.float64(491.97455667024417),0
Ant-v5,0,mid,252,np.float64(1153.301025390625),np.float64(193.3817678640366),1
Ant-v5,0,mid,253,np.float64(2221.3427734375),np.float64(253.97519438385262),0
Ant-v5,0,mid,254,np.float64(905.9356079101562),np.float64(206.91523828983884),1
Ant-v5,0,mid,255,np.float64(833.1287231445312),np.float64(105.3066623512249),1
Ant-v5,0,mid,256,np.float64(672.0977783203125),np.float64(130.48013588765855),1
Ant-v5,0,mid,257,np.float64(2365.150390625),np.float64(270.43245812498856),1
Ant-v5,0,mid,258,np.float64(1157.04150390625),np.float64(142.2902567817808),1
Ant-v5,0,mid,259,np.float64(3051.2978515625),np.float64(353.70755624449555),1
Ant-v5,0,mid,260,np.float64(3459.132568359375),np.float64(494.8409759872271),1
Ant-v5,0,mid,261,np.float64(657.8525390625),np.float64(126.4338220372288),1
Ant-v5,0,mid,262,np.float64(449.2831726074219),np.float64(97.68663431645032),0
Ant-v5,0,mid,263,np.float64(2689.7509765625),np.float64(287.19290943801866),1
Ant-v5,0,mid,264,np.float64(1519.26611328125),np.float64(176.6067553444633),1
Ant-v5,0,mid,265,np.float64(752.307373046875),np.float64(96.51926653803619),1
Ant-v5,0,mid,266,np.float64(2069.9365234375),np.float64(221.48399705810544),0
Ant-v5,0,mid,267,np.float64(806.474365234375),np.float64(156.7456089631572),1
Ant-v5,0,mid,268,np.float64(1123.2774658203125),np.float64(152.62443337338811),0
Ant-v5,0,mid,269,np.float64(891.6422119140625),np.float64(112.93930637702255),1
Ant-v5,0,mid,270,np.float64(1814.8763427734375),np.float64(303.9569903527623),1
Ant-v5,0,mid,271,np.float64(1054.4345703125),np.float64(132.30149818819885),1
Ant-v5,0,mid,272,np.float64(690.4467163085938),np.float64(114.56716154641038),0
Ant-v5,0,mid,273,np.float64(2373.97900390625),np.float64(332.340012466876),1
Ant-v5,0,mid,274,np.float64(2506.944580078125),np.float64(267.419538423051),1
Ant-v5,0,mid,275,np.float64(1508.2939453125),np.float64(173.28695827160053),1
Ant-v5,0,mid,276,np.float64(2966.94970703125),np.float64(285.75242113559364),0
Ant-v5,0,mid,277,np.float64(2788.110107421875),np.float64(281.2407777511854),1
Ant-v5,0,mid,278,np.float64(1765.8507080078125),np.float64(216.11168635452603),0
Ant-v5,0,mid,279,np.float64(2287.575439453125),np.float64(383.84271795231575),0
Ant-v5,0,mid,280,np.float64(1419.20458984375),np.float64(218.65921882855815),0
Ant-v5,0,mid,281,np.float64(814.8468627929688),np.float64(174.97641447245405),0
Ant-v5,0,mid,282,np.float64(762.785888671875),np.float64(96.61071581293865),0
Ant-v5,0,mid,283,np.float64(942.8640747070312),np.float64(159.85454620450935),1
Ant-v5,0,mid,284,np.float64(1064.286376953125),np.float64(128.90071617944173),0
Ant-v5,0,mid,285,np.float64(742.0250854492188),np.float64(164.96734357052387),0
Ant-v5,0,mid,286,np.float64(2175.739501953125),np.float64(258.5514283731249),0
Ant-v5,0,mid,287,np.float64(1816.9788818359375),np.float64(223.18397644736203),1
Ant-v5,0,mid,288,np.float64(783.8084106445312),np.float64(101.75590613725677),1
Ant-v5,0,mid,289,np.float64(902.4134521484375),np.float64(120.72984944372246),1
Ant-v5,0,mid,290,np.float64(629.8036499023438),np.float64(124.92979818349798),0
Ant-v5,0,mid,291,np.float64(635.9630126953125),np.float64(80.94869970681214),1
Ant-v5,0,mid,292,np.float64(3984.334716796875),np.float64(507.12109516710075),1
Ant-v5,0,mid,293,np.float64(1877.030029296875),np.float64(249.81414681559963),1
Ant-v5,0,mid,294,np.float64(2777.307861328125),np.float64(319.21853696381936),1
Ant-v5,0,mid,295,np.float64(1954.4122314453125),np.float64(227.49162619199248),1
Ant-v5,0,mid,296,np.float64(934.3834838867188),np.float64(144.9513493687239),1
Ant-v5,0,mid,297,np.float64(2141.81494140625),np.float64(227.4797000522007),0
Ant-v5,0,mid,298,np.float64(4179.07861328125),np.float64(500.65709867046223),0
Ant-v5,0,mid,299,np.float64(3443.523193359375),np.float64(367.83850523920944),1
Ant-v5,0,mid,300,np.float64(1207.49072265625),np.float64(249.8922303099607),1
Ant-v5,0,mid,301,np.float64(1325.3057861328125),np.float64(159.92637365814167),1
Ant-v5,0,mid,302,np.float64(1701.4600830078125),np.float64(214.87678047949362),1
Ant-v5,0,mid,303,np.float64(1601.7872314453125),np.float64(316.1659816030942),0
Ant-v5,0,mid,304,np.float64(5394.9462890625),np.float64(1237.8784022512318),0
Ant-v5,0,mid,305,np.float64(1561.17919921875),np.float64(934.4395204694051),0
Ant-v5,0,mid,306,np.float64(902.8945922851562),np.float64(144.0004059166469),0
Ant-v5,0,mid,307,np.float64(690.6422729492188),np.float64(118.73970335512254),1
Ant-v5,0,mid,308,np.float64(1034.7747802734375),np.float64(122.58892378729269),1
Ant-v5,0,mid,309,np.float64(738.5697631835938),np.float64(106.54362958035097),1
Ant-v5,0,mid,310,np.float64(904.3256225585938),np.float64(135.1380061831319),1
Ant-v5,0,mid,311,np.float64(1180.7188720703125),np.float64(172.3374391959855),1
Ant-v5,0,mid,312,np.float64(1219.794921875),np.float64(166.06882175787206),0
Ant-v5,0,mid,313,np.float64(2940.72802734375),np.float64(308.67910346637086),1
Ant-v5,0,mid,314,np.float64(1326.155029296875),np.float64(206.28036622597907),1
Ant-v5,0,mid,315,np.float64(992.6181640625),np.float64(181.2048235044326),0
Ant-v5,0,mid,316,np.float64(1564.5616455078125),np.float64(190.75340274633558),0
Ant-v5,0,mid,317,np.float64(1945.8438720703125),np.float64(188.65887299767456),0
Ant-v5,0,mid,318,np.float64(3338.396484375),np.float64(289.9768836293795),0
Ant-v5,0,mid,319,np.float64(909.5961303710938),np.float64(144.74996175256302),1
Ant-v5,0,mid,320,np.float64(1244.401611328125),np.float64(219.97963919200265),0
Ant-v5,0,mid,321,np.float64(607.899658203125),np.float64(84.69980883430185),1
Ant-v5,0,mid,322,np.float64(1926.611572265625),np.float64(194.44917843842745),0
Ant-v5,0,mid,323,np.float64(2917.929443359375),np.float64(295.32097649050047),0
Ant-v5,0,mid,324,np.float64(1732.1925048828125),np.float64(232.40850070234305),1
Ant-v5,0,mid,325,np.float64(1517.8265380859375),np.float64(192.28060533707662),1
Ant-v5,0,mid,326,np.float64(4497.8740234375),np.float64(438.162710275967),0
Ant-v5,0,mid,327,np.float64(4050.5771484375),np.float64(393.8614639030385),0
Ant-v5,0,mid,328,np.float64(1637.7864990234375),np.float64(335.45518084474384),0
Ant-v5,0,mid,329,np.float64(437.888916015625),np.float64(91.93651790700963),0
Ant-v5,0,mid,330,np.float64(1696.699951171875),np.float64(331.81755588945725),0
Ant-v5,0,mid,331,np.float64(1407.78076171875),np.float64(177.96192065879245),1
Ant-v5,0,mid,332,np.float64(2326.80029296875),np.float64(242.2148622143029),0
Ant-v5,0,mid,333,np.float64(953.5368041992188),np.float64(127.49883489513098),0
Ant-v5,0,mid,334,np.float64(3885.351318359375),np.float64(489.53642370020407),0
Ant-v5,0,mid,335,np.float64(2672.998291015625),np.float64(468.0789226095269),0
Ant-v5,0,mid,336,np.float64(1151.931396484375),np.float64(210.4057607876352),1
Ant-v5,0,mid,337,np.float64(720.7413330078125),np.float64(136.07350807548636),0
Ant-v5,0,mid,338,np.float64(689.0221557617188),np.float64(395.3703839461501),1
Ant-v5,0,mid,339,np.float64(669.7909545898438),np.float64(111.7272285481711),1
Ant-v5,0,mid,340,np.float64(2877.099853515625),np.float64(241.29218358839535),0
Ant-v5,0,mid,341,np.float64(2343.262451171875),np.float64(256.7491648881977),0
Ant-v5,0,mid,342,np.float64(3447.317138671875),np.float64(366.1202698002011),0
Ant-v5,0,mid,343,np.float64(1929.3175048828125),np.float64(235.73477781134926),0
Ant-v5,0,mid,344,np.float64(312.6252136230469),np.float64(73.72783995203307),0
Ant-v5,0,mid,345,np.float64(510.86273193359375),np.float64(231.70843323176337),0
Ant-v5,0,mid,346,np.float64(2355.02783203125),np.float64(373.83903507768844),1
Ant-v5,0,mid,347,np.float64(930.6588745117188),np.float64(235.91274362242615),1
Ant-v5,0,mid,348,np.float64(2027.048095703125),np.float64(286.72080192440455),0
Ant-v5,0,mid,349,np.float64(2082.5126953125),np.float64(247.74237824223422),1
Ant-v5,0,mid,350,np.float64(1385.0953369140625),np.float64(155.58124997886992),1
Ant-v5,0,mid,351,np.float64(451.70404052734375),np.float64(64.23937502235356),1
Ant-v5,0,mid,352,np.float64(556.644775390625),np.float64(75.44758673483727),0
Ant-v5,0,mid,353,np.float64(596.9397583007812),np.float64(80.84346986484613),0
Ant-v5,0,mid,354,np.float64(820.4379272460938),np.float64(102.01624279285377),0
Ant-v5,0,mid,355,np.float64(1305.237060546875),np.float64(208.15470997510891),0
Ant-v5,0,mid,356,np.float64(5105.134765625),np.float64(522.7700175335384),0
Ant-v5,0,mid,357,np.float64(895.704833984375),np.float64(120.92485666487255),0
Ant-v5,0,mid,358,np.float64(1785.8720703125),np.float64(266.5001577661851),1
Ant-v5,0,mid,359,np.float64(966.98876953125),np.float64(236.40624804934163),0
Ant-v5,0,mid,360,np.float64(2528.034912109375),np.float64(365.3344604486633),1
Ant-v5,0,mid,361,np.float64(1739.101318359375),np.float64(199.22722705695412),1
Ant-v5,0,mid,362,np.float64(1630.926513671875),np.float64(323.54985821369235),0
Ant-v5,0,mid,363,np.float64(3309.902099609375),np.float64(332.58943992305933),0
Ant-v5,0,mid,364,np.float64(628.0219116210938),np.float64(81.68496237551224),0
Ant-v5,0,mid,365,np.float64(3693.9697265625),np.float64(377.8786966981286),1
Ant-v5,0,mid,366,np.float64(1858.5540771484375),np.float64(227.7311419770262),0
Ant-v5,0,mid,367,np.float64(967.0413208007812),np.float64(124.01841217360405),0
Ant-v5,0,mid,368,np.float64(1698.0101318359375),np.float64(216.199545645549),0
Ant-v5,0,mid,369,np.float64(1447.89306640625),np.float64(206.94235861531345),0
Ant-v5,0,mid,370,np.float64(1415.0396728515625),np.float64(266.7558301827586),1
Ant-v5,0,mid,371,np.float64(4204.8994140625),np.float64(538.2163643627978),0
Ant-v5,0,mid,372,np.float64(688.40576171875),np.float64(93.5766930313842),0
Ant-v5,0,mid,373,np.float64(3696.547119140625),np.float64(374.7761998629845),1
Ant-v5,0,mid,374,np.float64(1421.339111328125),np.float64(226.96090929557167),0
Ant-v5,0,mid,375,np.float64(2014.4681396484375),np.float64(334.1921382975162),1
Ant-v5,0,mid,376,np.float64(1275.1663818359375),np.float64(218.43379693480048),0
Ant-v5,0,mid,377,np.float64(1165.1827392578125),np.float64(194.17293644028186),1
Ant-v5,0,mid,378,np.float64(1150.3359375),np.float64(140.44489081337025),0
Ant-v5,0,mid,379,np.float64(4104.576171875),np.float64(456.64993509374597),1
Ant-v5,0,mid,380,np.float64(711.803466796875),np.float64(115.44230835946934),0
Ant-v5,0,mid,381,np.float64(775.536865234375),np.float64(104.63863760580233),1
Ant-v5,0,mid,382,np.float64(3521.81982421875),np.float64(354.96422412401773),0
Ant-v5,0,mid,383,np.float64(1327.357177734375),np.float64(182.4872340482473),0
Ant-v5,0,mid,384,np.float64(2717.5654296875),np.float64(294.5358005762537),0
Ant-v5,0,mid,385,np.float64(719.2238159179688),np.float64(95.82194984257808),1
Ant-v5,0,mid,386,np.float64(882.7557373046875),np.float64(125.65026219151076),1
Ant-v5,0,mid,387,np.float64(2272.322509765625),np.float64(393.26141907087265),0
Ant-v5,0,mid,388,np.float64(1523.5267333984375),np.float64(198.28350049395831),0
Ant-v5,0,mid,389,np.float64(3355.72314453125),np.float64(431.598187949503),0
Ant-v5,0,mid,390,np.float64(921.0855712890625),np.float64(134.48451068990295),0
Ant-v5,0,mid,391,np.float64(2038.5966796875),np.float64(229.02187520441333),0
Ant-v5,0,mid,392,np.float64(2265.48388671875),np.float64(290.0258373914787),1
Ant-v5,0,mid,393,np.float64(862.57861328125),np.float64(128.2830396918761),0
Ant-v5,0,mid,394,np.float64(806.2503051757812),np.float64(125.00571647649988),1
Ant-v5,0,mid,395,np.float64(3887.341552734375),np.float64(389.3450885727259),0
Ant-v5,0,mid,396,np.float64(1857.8023681640625),np.float64(194.72155869054612),1
Ant-v5,0,mid,397,np.float64(1922.3365478515625),np.float64(250.2583331286657),0
Ant-v5,0,mid,398,np.float64(2925.1826171875),np.float64(293.30020260737035),1
Ant-v5,0,mid,399,np.float64(4422.662109375),np.float64(478.7741464018452),0
Ant-v5,0,mid,400,np.float64(2668.06640625),np.float64(323.7965670943446),1
Ant-v5,0,mid,401,np.float64(925.9346923828125),np.float64(132.90250407831488),0
Ant-v5,0,mid,402,np.float64(1545.567138671875),np.float64(884.5327481162627),0
Ant-v5,0,mid,403,np.float64(686.3642578125),np.float64(157.02009046932065),0
Ant-v5,0,mid,404,np.float64(1974.102783203125),np.float64(286.4472936318879),1
Ant-v5,0,mid,405,np.float64(791.2965698242188),np.float64(97.91762661303818),1
Ant-v5,0,mid,406,np.float64(1713.8485107421875),np.float64(268.4831463020197),1
Ant-v5,0,mid,407,np.float64(744.629150390625),np.float64(104.7323826544422),1
Ant-v5,0,mid,408,np.float64(1888.43310546875),np.float64(321.69712877140086),0
Ant-v5,0,mid,409,np.float64(611.4855346679688),np.float64(92.07464288757944),0
Ant-v5,0,mid,410,np.float64(4240.4306640625),np.float64(500.35098168960894),1
Ant-v5,0,mid,411,np.float64(2557.177490234375),np.float64(272.69163689668454),0
Ant-v5,0,mid,412,np.float64(742.572021484375),np.float64(99.53029948740516),0
Ant-v5,0,mid,413,np.float64(831.201171875),np.float64(155.23825798970125),1
Ant-v5,0,mid,414,np.float64(1435.88720703125),np.float64(158.54395780631728),0
Ant-v5,0,mid,415,np.float64(857.259521484375),np.float64(139.02869826405666),0
Ant-v5,0,mid,416,np.float64(1035.9449462890625),np.float64(148.57265452829506),0
Ant-v5,0,mid,417,np.float64(2092.518310546875),np.float64(333.33535313419486),0
Ant-v5,0,mid,418,np.float64(2511.911376953125),np.float64(398.51624263297686),1
Ant-v5,0,mid,419,np.float64(1039.6761474609375),np.float64(231.7167843145898),1
Ant-v5,0,mid,420,np.float64(1707.3822021484375),np.float64(205.818078076315),0
Ant-v5,0,mid,421,np.float64(3114.80322265625),np.float64(357.761956395045),1
Ant-v5,0,mid,422,np.float64(909.7957763671875),np.float64(156.69355087195703),0
Ant-v5,0,mid,423,np.float64(1118.6136474609375),np.float64(158.90911333785337),0
Ant-v5,0,mid,424,np.float64(625.9912109375),np.float64(83.94752014840483),0
Ant-v5,0,mid,425,np.float64(1663.44921875),np.float64(230.7421582955971),1
Ant-v5,0,mid,426,np.float64(2946.8759765625),np.float64(327.7743231940658),1
Ant-v5,0,mid,427,np.float64(853.83447265625),np.float64(133.23010437202882),0
Ant-v5,0,mid,428,np.float64(1650.7130126953125),np.float64(182.17955464386378),0
Ant-v5,0,mid,429,np.float64(607.79248046875),np.float64(119.59488013748557),0
Ant-v5,0,mid,430,np.float64(2077.63427734375),np.float64(280.7353146581836),1
Ant-v5,0,mid,431,np.float64(2308.9501953125),np.float64(317.5315899851993),0
Ant-v5,0,mid,432,np.float64(708.906494140625),np.float64(100.65334040734868),1
Ant-v5,0,mid,433,np.float64(2903.7421875),np.float64(286.9814310847402),1
Ant-v5,0,mid,434,np.float64(1413.5926513671875),np.float64(251.3081518657906),0
Ant-v5,0,mid,435,np.float64(679.6480102539062),np.float64(95.23903758867286),0
Ant-v5,0,mid,436,np.float64(967.5550537109375),np.float64(146.40055840764379),1
Ant-v5,0,mid,437,np.float64(3616.280029296875),np.float64(426.5080592500518),0
Ant-v5,0,mid,438,np.float64(1898.7578125),np.float64(338.0179830218375),1
Ant-v5,0,mid,439,np.float64(481.4157409667969),np.float64(91.67580091147144),1
Ant-v5,0,mid,440,np.float64(3831.1162109375),np.float64(399.3682812059209),0
Ant-v5,0,mid,441,np.float64(1763.9744873046875),np.float64(260.0017253373373),1
Ant-v5,0,mid,442,np.float64(2031.131103515625),np.float64(463.5664188026657),0
Ant-v5,0,mid,443,np.float64(2010.01123046875),np.float64(396.0343726621419),1
Ant-v5,0,mid,444,np.float64(2500.67138671875),np.float64(234.94573689578755),0
Ant-v5,0,mid,445,np.float64(1312.8236083984375),np.float64(199.8488022123655),0
Ant-v5,0,mid,446,np.float64(1068.5560302734375),np.float64(149.5860067072127),0
Ant-v5,0,mid,447,np.float64(1211.775634765625),np.float64(211.73825854948225),1
Ant-v5,0,mid,448,np.float64(2736.8896484375),np.float64(271.3085559903649),0
Ant-v5,0,mid,449,np.float64(997.89892578125),np.float64(136.0683324350776),1
Ant-v5,0,mid,450,np.float64(4042.24951171875),np.float64(583.2406448630079),0
Ant-v5,0,mid,451,np.float64(562.7598876953125),np.float64(94.87211056142317),0
Ant-v5,0,mid,452,np.float64(963.1741333007812),np.float64(217.03655726361677),0
Ant-v5,0,mid,453,np.float64(2235.142578125),np.float64(339.70750979916386),0
Ant-v5,0,mid,454,np.float64(2091.447998046875),np.float64(219.73439914813963),1
Ant-v5,0,mid,455,np.float64(972.1854858398438),np.float64(117.25860730687248),0
Ant-v5,0,mid,456,np.float64(3334.724853515625),np.float64(391.6215703701072),0
Ant-v5,0,mid,457,np.float64(824.5150146484375),np.float64(151.0811931588065),0
Ant-v5,0,mid,458,np.float64(2357.18310546875),np.float64(262.26022944147985),0
Ant-v5,0,mid,459,np.float64(2313.419189453125),np.float64(399.0612239114947),0
Ant-v5,0,mid,460,np.float64(2948.642578125),np.float64(295.94958575569774),0
Ant-v5,0,mid,461,np.float64(2788.397216796875),np.float64(315.3341612335381),1
Ant-v5,0,mid,462,np.float64(4784.01708984375),np.float64(517.207466324297),0
Ant-v5,0,mid,463,np.float64(835.6578979492188),np.float64(97.4341539524745),1
Ant-v5,0,mid,464,np.float64(883.6863403320312),np.float64(160.11530221120236),0
Ant-v5,0,mid,465,np.float64(2405.1640625),np.float64(281.59309572482687),1
Ant-v5,0,mid,466,np.float64(1259.2034912109375),np.float64(187.4431943798167),0
Ant-v5,0,mid,467,np.float64(1194.820068359375),np.float64(235.90990983828934),0
Ant-v5,0,mid,468,np.float64(888.3657836914062),np.float64(126.40082796603181),1
Ant-v5,0,mid,469,np.float64(3217.292724609375),np.float64(348.4900366875273),1
Ant-v5,0,mid,470,np.float64(949.142578125),np.float64(126.80761882691516),1
Ant-v5,0,mid,471,np.float64(1238.4683837890625),np.float64(169.65883634687592),0
Ant-v5,0,mid,472,np.float64(4798.06884765625),np.float64(466.8741274310842),1
Ant-v5,0,mid,473,np.float64(1588.9019775390625),np.float64(177.14887415512058),0
Ant-v5,0,mid,474,np.float64(726.5888061523438),np.float64(91.80550038926157),1
Ant-v5,0,mid,475,np.float64(1240.9534912109375),np.float64(170.86672107551556),0
Ant-v5,0,mid,476,np.float64(731.2796020507812),np.float64(99.67923033259032),0
Ant-v5,0,mid,477,np.float64(1188.4619140625),np.float64(150.02577429211692),0
Ant-v5,0,mid,478,np.float64(1466.3355712890625),np.float64(158.69218526041604),1
Ant-v5,0,mid,479,np.float64(3353.677734375),np.float64(352.25294637830825),1
Ant-v5,0,mid,480,np.float64(2140.095458984375),np.float64(371.60783063676126),1
Ant-v5,0,mid,481,np.float64(1725.996826171875),np.float64(443.474373486412),0
Ant-v5,0,mid,482,np.float64(1217.640625),np.float64(203.3583023534741),0
Ant-v5,0,mid,483,np.float64(522.132568359375),np.float64(109.59804726278762),1
Ant-v5,0,mid,484,np.float64(12646.248046875),np.float64(1707.154817460551),0
Ant-v5,0,mid,485,np.float64(2551.89794921875),np.float64(305.9091756747563),0
Ant-v5,0,mid,486,np.float64(1658.4085693359375),np.float64(196.82850132373818),0
Ant-v5,0,mid,487,np.float64(1507.4581298828125),np.float64(161.54557793516406),1
Ant-v5,0,mid,488,np.float64(3827.77734375),np.float64(428.1912796238163),1
Ant-v5,0,mid,489,np.float64(2107.93505859375),np.float64(277.3879226129442),1
Ant-v5,0,mid,490,np.float64(979.2821655273438),np.float64(138.8313337279385),0
Ant-v5,0,mid,491,np.float64(1115.881591796875),np.float64(140.05528654428898),1
Ant-v5,0,mid,492,np.float64(1843.196044921875),np.float64(268.2793466876427),0
Ant-v5,0,mid,493,np.float64(2108.21630859375),np.float64(219.20960726500806),0
Ant-v5,0,mid,494,np.float64(1017.577392578125),np.float64(167.28313712782534),1
Ant-v5,0,mid,495,np.float64(1287.675048828125),np.float64(170.9175819251823),1
Ant-v5,0,mid,496,np.float64(2425.332763671875),np.float64(260.5792918713803),0
Ant-v5,0,mid,497,np.float64(598.8574829101562),np.float64(81.93326319461468),0
Ant-v5,0,mid,498,np.float64(1523.233642578125),np.float64(213.1632669011771),1
Ant-v5,0,mid,499,np.float64(3438.15771484375),np.float64(397.15847575226303),1
Ant-v5,0,mid,500,np.float64(501.5718688964844),np.float64(71.4702189494923),1
Ant-v5,0,mid,501,np.float64(938.40625),np.float64(283.845969766999),0
Ant-v5,0,mid,502,np.float64(1826.9923095703125),np.float64(542.3690944022811),1
Ant-v5,0,mid,503,np.float64(1357.123291015625),np.float64(246.52671012817152),1
Ant-v5,0,mid,504,np.float64(1567.787841796875),np.float64(217.39231008598136),1
Ant-v5,0,mid,505,np.float64(2272.60546875),np.float64(252.86071401919517),0
Ant-v5,0,mid,506,np.float64(1052.611572265625),np.float64(172.37340471035384),0
Ant-v5,0,mid,507,np.float64(871.4762573242188),np.float64(156.75605455721166),0
Ant-v5,0,mid,508,np.float64(1765.7508544921875),np.float64(200.60712278878384),1
Ant-v5,0,mid,509,np.float64(831.8456420898438),np.float64(148.70208322111978),0
Ant-v5,0,mid,510,np.float64(828.5504150390625),np.float64(109.88406798728502),1
Ant-v5,0,mid,511,np.float64(3013.28271484375),np.float64(373.9237474349859),0
Ant-v5,0,mid,512,np.float64(702.5458374023438),np.float64(94.37561668073377),0
Ant-v5,0,mid,513,np.float64(2931.474609375),np.float64(303.35309755656624),0
Ant-v5,0,mid,514,np.float64(2227.59619140625),np.float64(243.51452622832923),1
Ant-v5,0,mid,515,np.float64(1140.53369140625),np.float64(126.87879587725257),0
Ant-v5,0,mid,516,np.float64(3760.0966796875),np.float64(348.0065451577801),0
Ant-v5,0,mid,517,np.float64(1221.95556640625),np.float64(156.5602678968163),1
Ant-v5,0,mid,518,np.float64(840.2530517578125),np.float64(127.55892555613724),1
Ant-v5,0,mid,519,np.float64(1542.727294921875),np.float64(340.10523809391566),1
Ant-v5,0,mid,520,np.float64(1312.4273681640625),np.float64(153.03349469085572),1
Ant-v5,0,mid,521,np.float64(2577.787841796875),np.float64(282.14594326180577),1
Ant-v5,0,mid,522,np.float64(4703.46484375),np.float64(491.11651670407184),0
Ant-v5,0,mid,523,np.float64(3405.380859375),np.float64(357.2668290857432),0
Ant-v5,0,mid,524,np.float64(1036.3131103515625),np.float64(135.3178505461781),1
Ant-v5,0,mid,525,np.float64(2155.101806640625),np.float64(350.6570355757824),0
Ant-v5,0,mid,526,np.float64(580.47607421875),np.float64(91.11364253328995),1
Ant-v5,0,mid,527,np.float64(635.2832641601562),np.float64(97.92357572748824),1
Ant-v5,0,mid,528,np.float64(2960.556640625),np.float64(306.7611060689817),1
Ant-v5,0,mid,529,np.float64(687.3189697265625),np.float64(103.35441126433327),1
Ant-v5,0,mid,530,np.float64(950.4336547851562),np.float64(104.17666215185153),0
Ant-v5,0,mid,531,np.float64(638.9950561523438),np.float64(109.58650800392076),0
Ant-v5,0,mid,532,np.float64(507.4253234863281),np.float64(111.75822959601032),1
Ant-v5,0,mid,533,np.float64(1733.19970703125),np.float64(275.0018438525906),0
Ant-v5,0,mid,534,np.float64(1218.5135498046875),np.float64(252.45607428955392),0
Ant-v5,0,mid,535,np.float64(727.7569580078125),np.float64(102.37270513973809),0
Ant-v5,0,mid,536,np.float64(747.2905883789062),np.float64(127.04628232466436),1
Ant-v5,0,mid,537,np.float64(4653.3330078125),np.float64(537.3436506323726),0
Ant-v5,0,mid,538,np.float64(3092.73193359375),np.float64(320.6082512708927),0
Ant-v5,0,mid,539,np.float64(1466.0531005859375),np.float64(180.8683425575338),0
Ant-v5,0,mid,540,np.float64(1041.8280029296875),np.float64(145.65250693593546),1
Ant-v5,0,mid,541,np.float64(658.6356201171875),np.float64(93.44785439899206),1
Ant-v5,0,mid,542,np.float64(890.8981323242188),np.float64(106.24377637334715),1
Ant-v5,0,mid,543,np.float64(2818.603759765625),np.float64(381.48556905241094),1
Ant-v5,0,mid,544,np.float64(773.29736328125),np.float64(107.07847802999405),0
Ant-v5,0,mid,545,np.float64(672.9580688476562),np.float64(79.3731218844722),1
Ant-v5,0,mid,546,np.float64(1685.3402099609375),np.float64(251.81956721585522),1
Ant-v5,0,mid,547,np.float64(1852.8504638671875),np.float64(223.22062357788835),0
Ant-v5,0,mid,548,np.float64(2619.8271484375),np.float64(353.5086209827415),0
Ant-v5,0,mid,549,np.float64(1962.9681396484375),np.float64(245.01459281374235),1
Ant-v5,0,mid,550,np.float64(2100.977783203125),np.float64(219.54354342752913),1
Ant-v5,0,mid,551,np.float64(459.1827697753906),np.float64(70.1210199554886),1
Ant-v5,0,mid,552,np.float64(421.4599304199219),np.float64(84.26579199269429),0
Ant-v5,0,mid,553,np.float64(2171.792724609375),np.float64(298.79685456670836),1
Ant-v5,0,mid,554,np.float64(1168.8824462890625),np.float64(164.26457963688495),1
Ant-v5,0,mid,555,np.float64(831.59130859375),np.float64(119.09289296456228),0
Ant-v5,0,mid,556,np.float64(3616.916748046875),np.float64(392.38964071786484),0
Ant-v5,0,mid,557,np.float64(1679.579833984375),np.float64(209.2891804028636),1
Ant-v5,0,mid,558,np.float64(1338.03076171875),np.float64(161.61161568679248),0
Ant-v5,0,mid,559,np.float64(2578.2958984375),np.float64(261.9894935261298),1
Ant-v5,0,mid,560,np.float64(1307.0372314453125),np.float64(163.67127405410181),1
Ant-v5,0,mid,561,np.float64(1948.341796875),np.float64(261.73260704590393),1
Ant-v5,0,mid,562,np.float64(831.8009033203125),np.float64(139.3863192884154),0
Ant-v5,0,mid,563,np.float64(2791.24462890625),np.float64(310.44711290044773),1
Ant-v5,0,mid,564,np.float64(1948.8939208984375),np.float64(381.1308120148403),1
Ant-v5,0,mid,565,np.float64(3009.498046875),np.float64(385.1781895092862),0
Ant-v5,0,mid,566,np.float64(1679.4327392578125),np.float64(184.4405676512383),1
Ant-v5,0,mid,567,np.float64(1340.7388916015625),np.float64(217.43585455040642),0
Ant-v5,0,mid,568,np.float64(800.7660522460938),np.float64(147.19923632355002),1
Ant-v5,0,mid,569,np.float64(4430.87353515625),np.float64(468.2858452695233),1
Ant-v5,0,mid,570,np.float64(1572.2265625),np.float64(232.1045071703782),1
Ant-v5,0,mid,571,np.float64(2351.216064453125),np.float64(264.68378199608026),0
Ant-v5,0,mid,572,np.float64(1665.14208984375),np.float64(333.38504508037647),1
Ant-v5,0,mid,573,np.float64(2950.033447265625),np.float64(292.07128858977524),1
Ant-v5,0,mid,574,np.float64(3564.6669921875),np.float64(339.972239849291),1
Ant-v5,0,mid,575,np.float64(1456.947998046875),np.float64(238.2866498154593),1
Ant-v5,0,mid,576,np.float64(1204.063720703125),np.float64(160.5752276174008),1
Ant-v5,0,mid,577,np.float64(599.5261840820312),np.float64(71.98677407331594),0
Ant-v5,0,mid,578,np.float64(2055.289794921875),np.float64(260.86156422913155),0
Ant-v5,0,mid,579,np.float64(2000.4742431640625),np.float64(276.08091515486),0
Ant-v5,0,mid,580,np.float64(1574.0765380859375),np.float64(205.73965737076998),0
Ant-v5,0,mid,581,np.float64(919.7918090820312),np.float64(186.4550230972806),1
Ant-v5,0,mid,582,np.float64(482.5083923339844),np.float64(64.60519040514092),1
Ant-v5,0,mid,583,np.float64(2769.645751953125),np.float64(311.05817773928595),1
Ant-v5,0,mid,584,np.float64(2025.0455322265625),np.float64(393.2987490458903),0
Ant-v5,0,mid,585,np.float64(1030.9140625),np.float64(141.48404805104704),0
Ant-v5,0,mid,586,np.float64(2701.545166015625),np.float64(269.1016131674388),1
Ant-v5,0,mid,587,np.float64(1767.66943359375),np.float64(349.6995790726605),1
Ant-v5,0,mid,588,np.float64(1669.595947265625),np.float64(232.37735859750984),0
Ant-v5,0,mid,589,np.float64(1184.15869140625),np.float64(136.21058979404148),1
Ant-v5,0,mid,590,np.float64(979.3231811523438),np.float64(121.36120517571166),0
Ant-v5,0,mid,591,np.float64(1299.7437744140625),np.float64(148.9401243686669),0
Ant-v5,0,mid,592,np.float64(807.3441772460938),np.float64(190.5620810175622),0
Ant-v5,0,mid,593,np.float64(1924.4884033203125),np.float64(238.1736542243235),1
Ant-v5,0,mid,594,np.float64(1361.6717529296875),np.float64(230.46826906342488),0
Ant-v5,0,mid,595,np.float64(695.7437133789062),np.float64(192.78013766955627),1
Ant-v5,0,mid,596,np.float64(4015.034912109375),np.float64(352.6989224111249),1
Ant-v5,0,mid,597,np.float64(768.3475952148438),np.float64(123.88222954521629),0
Ant-v5,0,mid,598,np.float64(875.0104370117188),np.float64(158.33483969044926),0
Ant-v5,0,mid,599,np.float64(725.9758911132812),np.float64(99.12985248014289),1
Ant-v5,0,mid,600,np.float64(2256.83203125),np.float64(297.4634314505671),1
Ant-v5,0,mid,601,np.float64(685.3004150390625),np.float64(90.13725157229723),1
Ant-v5,0,mid,602,np.float64(1016.4985961914062),np.float64(148.60774200694533),1
Ant-v5,0,mid,603,np.float64(4156.05810546875),np.float64(398.76147395737917),1
Ant-v5,0,mid,604,np.float64(1822.759521484375),np.float64(419.6951184692414),0
Ant-v5,0,mid,605,np.float64(1685.5611572265625),np.float64(219.86705841996104),1
Ant-v5,0,mid,606,np.float64(1566.9295654296875),np.float64(255.32553168360522),0
Ant-v5,0,mid,607,np.float64(2381.197509765625),np.float64(230.27523087672122),1
Ant-v5,0,mid,608,np.float64(941.7391967773438),np.float64(117.15789727422208),0
Ant-v5,0,mid,609,np.float64(939.1520385742188),np.float64(111.49341386876608),1
Ant-v5,0,mid,610,np.float64(2767.954833984375),np.float64(278.0717418196938),1
Ant-v5,0,mid,611,np.float64(1244.1949462890625),np.float64(144.71229995101166),1
Ant-v5,0,mid,612,np.float64(705.0374755859375),np.float64(105.57823486962056),0
Ant-v5,0,mid,613,np.float64(1343.30712890625),np.float64(283.7467565493505),0
Ant-v5,0,mid,614,np.float64(596.7548217773438),np.float64(88.77188178081144),0
Ant-v5,0,mid,615,np.float64(1026.73095703125),np.float64(126.1564262119297),0
Ant-v5,0,mid,616,np.float64(856.072509765625),np.float64(173.22120727199504),0
Ant-v5,0,mid,617,np.float64(1879.037109375),np.float64(228.07882130891406),1
Ant-v5,0,mid,618,np.float64(3296.359619140625),np.float64(318.15055838584595),0
Ant-v5,0,mid,619,np.float64(1955.1396484375),np.float64(235.64620017077934),0
Ant-v5,0,mid,620,np.float64(4308.65283203125),np.float64(475.8858410800915),0
Ant-v5,0,mid,621,np.float64(1962.0357666015625),np.float64(243.84703821129975),1
Ant-v5,0,mid,622,np.float64(808.5010986328125),np.float64(164.17368202662607),0
Ant-v5,0,mid,623,np.float64(2020.5018310546875),np.float64(329.10936862960773),1
Ant-v5,0,mid,624,np.float64(2784.1435546875),np.float64(297.9028548355931),1
Ant-v5,0,mid,625,np.float64(1004.7728271484375),np.float64(142.37049228689003),1
Ant-v5,0,mid,626,np.float64(1312.0113525390625),np.float64(207.9536722781807),0
Ant-v5,0,mid,627,np.float64(3626.5146484375),np.float64(448.3381608042515),0
Ant-v5,0,mid,628,np.float64(2414.2490234375),np.float64(262.5884571612303),1
Ant-v5,0,mid,629,np.float64(945.9464111328125),np.float64(160.51070319144532),0
Ant-v5,0,mid,630,np.float64(713.6760864257812),np.float64(116.70341941293725),1
Ant-v5,0,mid,631,np.float64(2349.596923828125),np.float64(300.74260413763477),1
Ant-v5,0,mid,632,np.float64(2220.809814453125),np.float64(291.83395096509923),1
Ant-v5,0,mid,633,np.float64(1048.1768798828125),np.float64(155.12760768603246),1
Ant-v5,0,mid,634,np.float64(1558.42529296875),np.float64(196.41976603972546),1
Ant-v5,0,mid,635,np.float64(2651.323486328125),np.float64(291.8302249246791),0
Ant-v5,0,mid,636,np.float64(1113.7667236328125),np.float64(140.593177310644),0
Ant-v5,0,mid,637,np.float64(549.6234741210938),np.float64(92.91445756853778),1
Ant-v5,0,mid,638,np.float64(618.0202026367188),np.float64(101.32516677218351),1
Ant-v5,0,mid,639,np.float64(1068.1519775390625),np.float64(145.83491654025113),0
Ant-v5,0,mid,640,np.float64(1445.206298828125),np.float64(251.98791837647263),1
Ant-v5,0,mid,641,np.float64(2010.9437255859375),np.float64(236.67453231620192),1
Ant-v5,0,mid,642,np.float64(1413.7125244140625),np.float64(350.80934690741765),0
Ant-v5,0,mid,643,np.float64(1120.0181884765625),np.float64(163.5509447919209),1
Ant-v5,0,mid,644,np.float64(635.7448120117188),np.float64(84.69793819959733),1
Ant-v5,0,mid,645,np.float64(571.5800170898438),np.float64(81.29654457194897),1
Ant-v5,0,mid,646,np.float64(4025.40283203125),np.float64(439.31405463746705),1
Ant-v5,0,mid,647,np.float64(2341.6064453125),np.float64(376.78158630500536),1
Ant-v5,0,mid,648,np.float64(2835.782470703125),np.float64(371.6684848203362),0
Ant-v5,0,mid,649,np.float64(2150.543212890625),np.float64(306.3505215086184),1
Ant-v5,0,mid,650,np.float64(1860.0260009765625),np.float64(329.579012358509),1
Ant-v5,0,mid,651,np.float64(2196.404541015625),np.float64(263.09411770821123),1
Ant-v5,0,mid,652,np.float64(1457.3585205078125),np.float64(219.79849575258075),1
Ant-v5,0,mid,653,np.float64(2248.944091796875),np.float64(245.83211954014806),0
Ant-v5,0,mid,654,np.float64(1700.4381103515625),np.float64(252.2128333932667),0
Ant-v5,0,mid,655,np.float64(2807.963623046875),np.float64(293.1779988764728),0
Ant-v5,0,mid,656,np.float64(2503.56884765625),np.float64(264.57710531637485),1
Ant-v5,0,mid,657,np.float64(604.118896484375),np.float64(80.71641828120534),1
Ant-v5,0,mid,658,np.float64(880.7376098632812),np.float64(184.93016931573712),1
Ant-v5,0,mid,659,np.float64(512.8497314453125),np.float64(69.8587944632278),0
Ant-v5,0,mid,660,np.float64(3715.308349609375),np.float64(454.97590347069445),0
Ant-v5,0,mid,661,np.float64(1827.537841796875),np.float64(247.56782884323633),0
Ant-v5,0,mid,662,np.float64(1606.7947998046875),np.float64(311.7682773492628),1
Ant-v5,0,mid,663,np.float64(586.38720703125),np.float64(137.1504562592555),1
Ant-v5,0,mid,664,np.float64(1011.6697998046875),np.float64(186.30427744852517),0
Ant-v5,0,mid,665,np.float64(1165.4659423828125),np.float64(188.36547301896408),0
Ant-v5,0,mid,666,np.float64(798.5753784179688),np.float64(118.84462461254839),1
Ant-v5,0,mid,667,np.float64(1101.6451416015625),np.float64(154.78506307634458),0
Ant-v5,0,mid,668,np.float64(2035.2611083984375),np.float64(211.09105072377395),1
Ant-v5,0,mid,669,np.float64(768.8424072265625),np.float64(103.5752598169291),0
Ant-v5,0,mid,670,np.float64(3356.5439453125),np.float64(396.6607526974169),0
Ant-v5,0,mid,671,np.float64(3025.0107421875),np.float64(382.19765125790786),1
Ant-v5,0,mid,672,np.float64(2249.25830078125),np.float64(410.87071337309067),0
Ant-v5,0,mid,673,np.float64(798.7496337890625),np.float64(119.74777250529931),1
Ant-v5,0,mid,674,np.float64(650.7200927734375),np.float64(91.50830952909527),0
Ant-v5,0,mid,675,np.float64(998.6813354492188),np.float64(111.43316766897243),1
Ant-v5,0,mid,676,np.float64(1533.5255126953125),np.float64(425.17176421950796),1
Ant-v5,0,mid,677,np.float64(1052.774658203125),np.float64(163.67955423349514),0
Ant-v5,0,mid,678,np.float64(1636.13037109375),np.float64(436.15039851037466),0
Ant-v5,0,mid,679,np.float64(688.0805053710938),np.float64(236.31281159102534),1
Ant-v5,0,mid,680,np.float64(808.94482421875),np.float64(156.62587385979822),1
Ant-v5,0,mid,681,np.float64(615.3369750976562),np.float64(74.86070470960067),1
Ant-v5,0,mid,682,np.float64(932.0465087890625),np.float64(546.4074083382079),0
Ant-v5,0,mid,683,np.float64(1527.9642333984375),np.float64(303.8789781539883),0
Ant-v5,0,mid,684,np.float64(494.01751708984375),np.float64(86.55931472331142),0
Ant-v5,0,mid,685,np.float64(2376.381591796875),np.float64(292.35179063730305),1
Ant-v5,0,mid,686,np.float64(1237.7664794921875),np.float64(226.39462757878601),0
Ant-v5,0,mid,687,np.float64(2768.43505859375),np.float64(262.46836148818613),1
Ant-v5,0,mid,688,np.float64(1004.5009765625),np.float64(245.63200563910613),0
Ant-v5,0,mid,689,np.float64(1293.843505859375),np.float64(131.01784516794194),0
Ant-v5,0,mid,690,np.float64(1714.559326171875),np.float64(203.39482401434603),1
Ant-v5,0,mid,691,np.float64(3160.150390625),np.float64(357.2703613433549),1
Ant-v5,0,mid,692,np.float64(1050.2216796875),np.float64(150.16676629605288),1
Ant-v5,0,mid,693,np.float64(1147.0113525390625),np.float64(132.41463060971648),1
Ant-v5,0,mid,694,np.float64(2404.79345703125),np.float64(270.5987811179633),1
Ant-v5,0,mid,695,np.float64(1063.2264404296875),np.float64(176.52681993815932),1
Ant-v5,0,mid,696,np.float64(2883.51123046875),np.float64(331.5419054126336),0
Ant-v5,0,mid,697,np.float64(2871.82861328125),np.float64(345.71108817663577),1
Ant-v5,0,mid,698,np.float64(4697.63818359375),np.float64(449.6920343408324),0
Ant-v5,0,mid,699,np.float64(3902.58837890625),np.float64(375.9907591562725),1
Ant-v5,0,mid,700,np.float64(3305.610107421875),np.float64(320.02602030155793),1
Ant-v5,0,mid,701,np.float64(3281.26220703125),np.float64(331.611222889413),1
Ant-v5,0,mid,702,np.float64(1070.307861328125),np.float64(131.14060932330784),0
Ant-v5,0,mid,703,np.float64(3958.231201171875),np.float64(384.3769341523159),1
Ant-v5,0,mid,704,np.float64(1151.6968994140625),np.float64(169.20225262498826),0
Ant-v5,0,mid,705,np.float64(1892.944580078125),np.float64(198.36054987779482),0
Ant-v5,0,mid,706,np.float64(852.8655395507812),np.float64(115.22659827250973),0
Ant-v5,0,mid,707,np.float64(3050.792724609375),np.float64(398.3204564489),0
Ant-v5,0,mid,708,np.float64(1843.0343017578125),np.float64(215.7559033450352),0
Ant-v5,0,mid,709,np.float64(3218.358642578125),np.float64(483.1937495355162),0
Ant-v5,0,mid,710,np.float64(1491.6812744140625),np.float64(164.1616263441172),1
Ant-v5,0,mid,711,np.float64(1112.24072265625),np.float64(195.4527151972733),0
Ant-v5,0,mid,712,np.float64(1928.31640625),np.float64(397.6060797091098),0
Ant-v5,0,mid,713,np.float64(735.9924926757812),np.float64(126.78133856479764),1
Ant-v5,0,mid,714,np.float64(1029.6768798828125),np.float64(154.71086394775674),0
Ant-v5,0,mid,715,np.float64(1657.380615234375),np.float64(188.7220555188267),0
Ant-v5,0,mid,716,np.float64(573.1310424804688),np.float64(79.5734035461009),0
Ant-v5,0,mid,717,np.float64(1812.176513671875),np.float64(243.6254005885806),0
Ant-v5,0,mid,718,np.float64(2850.552978515625),np.float64(442.29824230635825),0
Ant-v5,0,mid,719,np.float64(660.3739013671875),np.float64(99.03966585801803),1
Ant-v5,0,mid,720,np.float64(5112.10546875),np.float64(506.5290178743013),1
Ant-v5,0,mid,721,np.float64(884.7507934570312),np.float64(108.6258507334843),1
Ant-v5,0,mid,722,np.float64(1661.8380126953125),np.float64(240.95432937154365),1
Ant-v5,0,mid,723,np.float64(773.346435546875),np.float64(100.56812590686462),1
Ant-v5,0,mid,724,np.float64(4117.31298828125),np.float64(426.0625139410057),0
Ant-v5,0,mid,725,np.float64(739.3790283203125),np.float64(92.45486837807186),1
Ant-v5,0,mid,726,np.float64(1758.53857421875),np.float64(248.76235100574493),0
Ant-v5,0,mid,727,np.float64(3780.195556640625),np.float64(497.713739218137),0
Ant-v5,0,mid,728,np.float64(2690.810546875),np.float64(281.8255532561142),1
Ant-v5,0,mid,729,np.float64(4477.3154296875),np.float64(452.50613259993906),1
Ant-v5,0,mid,730,np.float64(2368.4951171875),np.float64(325.5858096890742),1
Ant-v5,0,mid,731,np.float64(1130.291748046875),np.float64(362.9160765181168),1
Ant-v5,0,mid,732,np.float64(2308.71337890625),np.float64(398.8539696883655),0
Ant-v5,0,mid,733,np.float64(537.8076171875),np.float64(99.01011884085148),0
Ant-v5,0,mid,734,np.float64(494.0286865234375),np.float64(94.10546971378015),0
Ant-v5,0,mid,735,np.float64(1092.304931640625),np.float64(302.7122847475056),0
Ant-v5,0,mid,736,np.float64(3770.007080078125),np.float64(415.30230558898836),1
Ant-v5,0,mid,737,np.float64(675.94775390625),np.float64(94.94350906538588),1
Ant-v5,0,mid,738,np.float64(929.7733154296875),np.float64(129.338208794982),1
Ant-v5,0,mid,739,np.float64(1032.695556640625),np.float64(140.94719346999415),1
Ant-v5,0,mid,740,np.float64(3880.35546875),np.float64(425.6819181339762),0
Ant-v5,0,mid,741,np.float64(2023.8145751953125),np.float64(338.6492510739322),0
Ant-v5,0,mid,742,np.float64(2381.95166015625),np.float64(250.10388616351204),0
Ant-v5,0,mid,743,np.float64(694.68115234375),np.float64(95.49099228953472),0
Ant-v5,0,mid,744,np.float64(1407.1324462890625),np.float64(169.14877024516247),0
Ant-v5,0,mid,745,np.float64(708.930419921875),np.float64(114.18226393601276),0
Ant-v5,0,mid,746,np.float64(4062.22265625),np.float64(409.7490816502201),0
Ant-v5,0,mid,747,np.float64(583.416259765625),np.float64(118.43734474878497),1
Ant-v5,0,mid,748,np.float64(1177.219482421875),np.float64(123.97511491319952),1
Ant-v5,0,mid,749,np.float64(1246.391357421875),np.float64(189.18400384633995),1
Ant-v5,0,mid,750,np.float64(1109.480712890625),np.float64(120.76531457777281),1
Ant-v5,0,mid,751,np.float64(2304.963134765625),np.float64(262.4027555600917),1
Ant-v5,0,mid,752,np.float64(847.3053588867188),np.float64(158.39543237067682),1
Ant-v5,0,mid,753,np.float64(909.7846069335938),np.float64(106.20036847444467),1
Ant-v5,0,mid,754,np.float64(2267.3369140625),np.float64(372.2202375515094),1
Ant-v5,0,mid,755,np.float64(1764.099853515625),np.float64(196.42457346077646),0
Ant-v5,0,mid,756,np.float64(641.3034057617188),np.float64(130.4127450250264),0
Ant-v5,0,mid,757,np.float64(671.0328369140625),np.float64(87.39606969073819),0
Ant-v5,0,mid,758,np.float64(2492.233642578125),np.float64(290.65419289810654),0
Ant-v5,0,mid,759,np.float64(844.6729736328125),np.float64(155.30060884752828),1
Ant-v5,0,mid,760,np.float64(1988.306640625),np.float64(231.1494129942133),1
Ant-v5,0,mid,761,np.float64(3507.585205078125),np.float64(417.45873342867867),1
Ant-v5,0,mid,762,np.float64(660.52587890625),np.float64(102.82915366664888),1
Ant-v5,0,mid,763,np.float64(815.6932373046875),np.float64(135.901250326258),1
Ant-v5,0,mid,764,np.float64(3318.6259765625),np.float64(457.9208573950218),0
Ant-v5,0,mid,765,np.float64(4366.23779296875),np.float64(513.324502321515),1
Ant-v5,0,mid,766,np.float64(797.7088012695312),np.float64(160.68165872779312),0
Ant-v5,0,mid,767,np.float64(2221.31689453125),np.float64(249.70901738724245),1
Ant-v5,0,mid,768,np.float64(1181.8800048828125),np.float64(146.3808992373903),1
Ant-v5,0,mid,769,np.float64(2600.0361328125),np.float64(281.73447171832186),0
Ant-v5,0,mid,770,np.float64(685.2422485351562),np.float64(155.18469642445),1
Ant-v5,0,mid,771,np.float64(2297.139892578125),np.float64(474.2317568957121),0
Ant-v5,0,mid,772,np.float64(1561.1002197265625),np.float64(273.12009389848293),1
Ant-v5,0,mid,773,np.float64(1078.1820068359375),np.float64(135.40169838601852),0
Ant-v5,0,mid,774,np.float64(4525.1796875),np.float64(544.9214937607493),1
Ant-v5,0,mid,775,np.float64(1460.4068603515625),np.float64(236.92589112116423),1
Ant-v5,0,mid,776,np.float64(3203.974609375),np.float64(351.7906640996072),1
Ant-v5,0,mid,777,np.float64(622.6170043945312),np.float64(80.90418173123473),1
Ant-v5,0,mid,778,np.float64(784.9959106445312),np.float64(133.61889465167002),1
Ant-v5,0,mid,779,np.float64(2002.2322998046875),np.float64(208.8027768317859),1
Ant-v5,0,mid,780,np.float64(822.50048828125),np.float64(124.3082261467114),1
Ant-v5,0,mid,781,np.float64(750.9600830078125),np.float64(91.0034583469924),1
Ant-v5,0,mid,782,np.float64(3528.179931640625),np.float64(337.05901630958385),1
Ant-v5,0,mid,783,np.float64(1076.2066650390625),np.float64(157.37620964754734),0
Ant-v5,0,mid,784,np.float64(2760.137451171875),np.float64(653.0775356462457),0
Ant-v5,0,mid,785,np.float64(1193.8155517578125),np.float64(256.39131279058404),0
Ant-v5,0,mid,786,np.float64(1110.4970703125),np.float64(142.30470362713868),0
Ant-v5,0,mid,787,np.float64(919.6211547851562),np.float64(164.03316398679917),1
Ant-v5,0,mid,788,np.float64(3110.128173828125),np.float64(329.32949513826827),1
Ant-v5,0,mid,789,np.float64(954.6470947265625),np.float64(118.03214742967506),0
Ant-v5,0,mid,790,np.float64(1587.88037109375),np.float64(181.49709850027477),0
Ant-v5,0,mid,791,np.float64(2276.53369140625),np.float64(270.3769795990469),1
Ant-v5,0,mid,792,np.float64(754.7362060546875),np.float64(149.81107993654746),0
Ant-v5,0,mid,793,np.float64(661.2788696289062),np.float64(81.29251900893581),0
Ant-v5,0,mid,794,np.float64(811.4227294921875),np.float64(98.68546520358964),1
Ant-v5,0,mid,795,np.float64(1097.00048828125),np.float64(261.99605523032596),1
Ant-v5,0,mid,796,np.float64(769.1361083984375),np.float64(123.10713246035942),1
Ant-v5,0,mid,797,np.float64(1201.0997314453125),np.float64(149.06932712027762),1
Ant-v5,0,mid,798,np.float64(873.076904296875),np.float64(116.92707224531623),0
Ant-v5,0,mid,799,np.float64(1217.11279296875),np.float64(165.40088029585334),1
Ant-v5,0,mid,800,np.float64(622.2947998046875),np.float64(86.13019391329257),0
Ant-v5,0,mid,801,np.float64(1954.14990234375),np.float64(355.75932019997015),0
Ant-v5,0,mid,802,np.float64(4278.3369140625),np.float64(450.8726209183785),0
Ant-v5,0,mid,803,np.float64(756.5607299804688),np.float64(102.89949648344998),1
Ant-v5,0,mid,804,np.float64(3995.1552734375),np.float64(413.8998714641609),1
Ant-v5,0,mid,805,np.float64(1185.634033203125),np.float64(128.03817737450677),0
Ant-v5,0,mid,806,np.float64(657.908447265625),np.float64(85.21104211276915),0
Ant-v5,0,mid,807,np.float64(906.687255859375),np.float64(132.73488563637238),0
Ant-v5,0,mid,808,np.float64(934.1013793945312),np.float64(156.77933571581312),0
Ant-v5,0,mid,809,np.float64(1402.70166015625),np.float64(168.34172269648275),1
Ant-v5,0,mid,810,np.float64(1195.6265869140625),np.float64(134.4644314304614),0
Ant-v5,0,mid,811,np.float64(2113.37451171875),np.float64(222.12130720257557),0
Ant-v5,0,mid,812,np.float64(1913.995361328125),np.float64(250.19024862917277),1
Ant-v5,0,mid,813,np.float64(1751.230712890625),np.float64(264.10721948178707),1
Ant-v5,0,mid,814,np.float64(2120.52001953125),np.float64(236.40972570831266),1
Ant-v5,0,mid,815,np.float64(1949.3424072265625),np.float64(296.00827177528595),0
Ant-v5,0,mid,816,np.float64(745.4962158203125),np.float64(114.68832275153966),1
Ant-v5,0,mid,817,np.float64(942.7923583984375),np.float64(122.24846345855187),1
Ant-v5,0,mid,818,np.float64(1065.6434326171875),np.float64(163.1857468090532),1
Ant-v5,0,mid,819,np.float64(1140.6131591796875),np.float64(191.62205161307705),0
Ant-v5,0,mid,820,np.float64(1859.4024658203125),np.float64(244.42038964581695),1
Ant-v5,0,mid,821,np.float64(2821.18310546875),np.float64(445.2663571269735),1
Ant-v5,0,mid,822,np.float64(1181.3321533203125),np.float64(160.71971485879027),0
Ant-v5,0,mid,823,np.float64(1081.810791015625),np.float64(256.1216583337646),1
Ant-v5,0,mid,824,np.float64(901.9217529296875),np.float64(130.99439353137754),0
Ant-v5,0,mid,825,np.float64(2099.565185546875),np.float64(296.5644234622422),1
Ant-v5,0,mid,826,np.float64(3217.6015625),np.float64(546.0294036350055),1
Ant-v5,0,mid,827,np.float64(2562.112548828125),np.float64(299.1465892780283),0
Ant-v5,0,mid,828,np.float64(1220.484619140625),np.float64(151.16994253858505),0
Ant-v5,0,mid,829,np.float64(1022.3466186523438),np.float64(201.9189660694214),1
Ant-v5,0,mid,830,np.float64(709.8883666992188),np.float64(104.62379167701866),0
Ant-v5,0,mid,831,np.float64(2083.53076171875),np.float64(225.35428000353684),1
Ant-v5,0,mid,832,np.float64(532.5634765625),np.float64(99.66221895027118),0
Ant-v5,0,mid,833,np.float64(1407.9161376953125),np.float64(225.59101803398516),0
Ant-v5,0,mid,834,np.float64(1280.350830078125),np.float64(230.9360152032434),0
Ant-v5,0,mid,835,np.float64(673.886474609375),np.float64(90.426181309571),0
Ant-v5,0,mid,836,np.float64(1830.901123046875),np.float64(207.52389333614812),1
Ant-v5,0,mid,837,np.float64(2290.493896484375),np.float64(287.7805478554361),0
Ant-v5,0,mid,838,np.float64(385.48828125),np.float64(110.93497000310975),1
Ant-v5,0,mid,839,np.float64(1911.422119140625),np.float64(218.89002502194697),1
Ant-v5,0,mid,840,np.float64(585.8683471679688),np.float64(165.84294838667927),0
Ant-v5,0,mid,841,np.float64(576.2352294921875),np.float64(119.06359539816646),0
Ant-v5,0,mid,842,np.float64(2423.426025390625),np.float64(254.44742634840523),1
Ant-v5,0,mid,843,np.float64(2391.93603515625),np.float64(348.980867545755),0
Ant-v5,0,mid,844,np.float64(461.6856384277344),np.float64(97.03336057908174),0
Ant-v5,0,mid,845,np.float64(1422.0794677734375),np.float64(292.65698220366914),1
Ant-v5,0,mid,846,np.float64(1241.9815673828125),np.float64(187.62059848926324),0
Ant-v5,0,mid,847,np.float64(847.7772827148438),np.float64(578.2688611045631),1
Ant-v5,0,mid,848,np.float64(612.9866943359375),np.float64(109.55313320456656),1
Ant-v5,0,mid,849,np.float64(2046.429931640625),np.float64(375.07212870286605),1
Ant-v5,0,mid,850,np.float64(1016.5428466796875),np.float64(158.4544189211199),0
Ant-v5,0,mid,851,np.float64(2016.6385498046875),np.float64(475.3738577275965),0
Ant-v5,0,mid,852,np.float64(780.8338012695312),np.float64(118.62702902627498),1
Ant-v5,0,mid,853,np.float64(1112.0594482421875),np.float64(170.28275834786552),1
Ant-v5,0,mid,854,np.float64(850.24072265625),np.float64(99.572034705985),0
Ant-v5,0,mid,855,np.float64(1661.93017578125),np.float64(222.75585409467925),1
Ant-v5,0,mid,856,np.float64(1961.5421142578125),np.float64(279.27222435936494),0
Ant-v5,0,mid,857,np.float64(2142.046630859375),np.float64(451.22200822575246),1
Ant-v5,0,mid,858,np.float64(494.1023254394531),np.float64(102.59085977288407),1
Ant-v5,0,mid,859,np.float64(2193.3095703125),np.float64(244.57541373940944),1
Ant-v5,0,mid,860,np.float64(686.3431396484375),np.float64(121.62704252313381),0
Ant-v5,0,mid,861,np.float64(1288.894287109375),np.float64(151.45549532975667),0
Ant-v5,0,mid,862,np.float64(745.0859375),np.float64(244.47770518024677),0
Ant-v5,0,mid,863,np.float64(1118.6304931640625),np.float64(274.2799637052516),1
Ant-v5,0,mid,864,np.float64(852.7236328125),np.float64(154.0121187242872),1
Ant-v5,0,mid,865,np.float64(1459.3031005859375),np.float64(274.02835303721474),1
Ant-v5,0,mid,866,np.float64(491.388427734375),np.float64(70.57129334336344),1
Ant-v5,0,mid,867,np.float64(1828.9049072265625),np.float64(236.71600755436458),0
Ant-v5,0,mid,868,np.float64(2937.22509765625),np.float64(274.2527490210705),1
Ant-v5,0,mid,869,np.float64(1341.4881591796875),np.float64(225.563045825089),0
Ant-v5,0,mid,870,np.float64(3712.651611328125),np.float64(389.137310925021),1
Ant-v5,0,mid,871,np.float64(1608.5792236328125),np.float64(258.86722592855983),0
Ant-v5,0,mid,872,np.float64(619.0394287109375),np.float64(91.95313865079314),1
Ant-v5,0,mid,873,np.float64(2154.618408203125),np.float64(351.0718801778953),1
Ant-v5,0,mid,874,np.float64(720.7229614257812),np.float64(181.64523571140106),0
Ant-v5,0,mid,875,np.float64(1022.3869018554688),np.float64(153.51821466140188),0
Ant-v5,0,mid,876,np.float64(686.8193359375),np.float64(84.54804996068933),0
Ant-v5,0,mid,877,np.float64(1638.7086181640625),np.float64(205.90606575682637),1
Ant-v5,0,mid,878,np.float64(2010.1685791015625),np.float64(366.21749611972336),1
Ant-v5,0,mid,879,np.float64(1387.3333740234375),np.float64(156.7371071723526),1
Ant-v5,0,mid,880,np.float64(587.2936401367188),np.float64(113.88183656597391),1
Ant-v5,0,mid,881,np.float64(706.90673828125),np.float64(93.66917783281613),0
Ant-v5,0,mid,882,np.float64(5034.92529296875),np.float64(534.3692922288277),0
Ant-v5,0,mid,883,np.float64(2075.072021484375),np.float64(233.14194938305934),0
Ant-v5,0,mid,884,np.float64(1640.44287109375),np.float64(359.8883379789542),0
Ant-v5,0,mid,885,np.float64(774.5070190429688),np.float64(109.53801442333057),1
Ant-v5,0,mid,886,np.float64(1218.3548583984375),np.float64(166.6393552609577),1
Ant-v5,0,mid,887,np.float64(2554.87548828125),np.float64(281.6634517619417),1
Ant-v5,0,mid,888,np.float64(718.3385009765625),np.float64(98.87844225529585),1
Ant-v5,0,mid,889,np.float64(2942.78857421875),np.float64(340.6182196952783),1
Ant-v5,0,mid,890,np.float64(2384.78857421875),np.float64(272.4770529641469),1
Ant-v5,0,mid,891,np.float64(1077.587890625),np.float64(180.20734418470306),0
Ant-v5,0,mid,892,np.float64(1599.2132568359375),np.float64(243.99286021334032),1
Ant-v5,0,mid,893,np.float64(2933.94873046875),np.float64(524.2670613378892),1
Ant-v5,0,mid,894,np.float64(1651.5335693359375),np.float64(225.21525940085473),1
Ant-v5,0,mid,895,np.float64(3406.583251953125),np.float64(550.4281631973776),0
Ant-v5,0,mid,896,np.float64(1446.7813720703125),np.float64(231.49626871817426),0
Ant-v5,0,mid,897,np.float64(438.9581298828125),np.float64(73.45287861106591),0
Ant-v5,0,mid,898,np.float64(555.631103515625),np.float64(75.51368229678127),1
Ant-v5,0,mid,899,np.float64(1162.9674072265625),np.float64(264.78827024083796),1
Ant-v5,0,mid,900,np.float64(913.06982421875),np.float64(120.9837205914373),1
Ant-v5,0,mid,901,np.float64(851.3490600585938),np.float64(188.5312119053415),1
Ant-v5,0,mid,902,np.float64(3443.054443359375),np.float64(397.7352373378566),1
Ant-v5,0,mid,903,np.float64(1205.819091796875),np.float64(493.3197275790003),0
Ant-v5,0,mid,904,np.float64(527.5770874023438),np.float64(88.93208216215507),1
Ant-v5,0,mid,905,np.float64(920.7938842773438),np.float64(172.266296587341),1
Ant-v5,0,mid,906,np.float64(347.0301208496094),np.float64(109.17743698240346),1
Ant-v5,0,mid,907,np.float64(354.6910095214844),np.float64(72.13278774463771),0
Ant-v5,0,mid,908,np.float64(1770.462158203125),np.float64(218.41425835097291),0
Ant-v5,0,mid,909,np.float64(1468.5565185546875),np.float64(201.2216157171236),1
Ant-v5,0,mid,910,np.float64(2355.780029296875),np.float64(358.3933175014073),0
Ant-v5,0,mid,911,np.float64(278.92181396484375),np.float64(52.90959862827853),1
Ant-v5,0,mid,912,np.float64(804.7902221679688),np.float64(140.81597488761722),0
Ant-v5,0,mid,913,np.float64(558.3656005859375),np.float64(108.13226694867438),1
Ant-v5,0,mid,914,np.float64(862.6273803710938),np.float64(109.6016028453084),0
Ant-v5,0,mid,915,np.float64(3461.540771484375),np.float64(436.1191678564894),1
Ant-v5,0,mid,916,np.float64(850.6199340820312),np.float64(161.54587353819895),0
Ant-v5,0,mid,917,np.float64(670.0697631835938),np.float64(111.6815589160021),0
Ant-v5,0,mid,918,np.float64(1698.6796875),np.float64(286.12355716506823),1
Ant-v5,0,mid,919,np.float64(2988.251708984375),np.float64(410.9145168494464),1
Ant-v5,0,mid,920,np.float64(1019.7188720703125),np.float64(167.45336938418106),0
Ant-v5,0,mid,921,np.float64(3966.805908203125),np.float64(451.94105067413125),0
Ant-v5,0,mid,922,np.float64(990.4907836914062),np.float64(189.6221028360794),1
Ant-v5,0,mid,923,np.float64(788.8599243164062),np.float64(97.82294725499193),0
Ant-v5,0,mid,924,np.float64(1807.96435546875),np.float64(263.2216307799355),0
Ant-v5,0,mid,925,np.float64(1971.63037109375),np.float64(269.18792204509947),1
Ant-v5,0,mid,926,np.float64(1088.660400390625),np.float64(161.16175844937965),1
Ant-v5,0,mid,927,np.float64(1730.748779296875),np.float64(238.54058768500937),1
Ant-v5,0,mid,928,np.float64(1612.01611328125),np.float64(220.41358206035343),0
Ant-v5,0,mid,929,np.float64(993.5181884765625),np.float64(121.4674122130221),1
Ant-v5,0,mid,930,np.float64(1392.9720458984375),np.float64(273.32211479765226),1
Ant-v5,0,mid,931,np.float64(2251.48828125),np.float64(406.48185593961875),0
Ant-v5,0,mid,932,np.float64(2633.099609375),np.float64(274.6365473876101),1
Ant-v5,0,mid,933,np.float64(1903.56298828125),np.float64(219.6400072678522),0
Ant-v5,0,mid,934,np.float64(1086.2979736328125),np.float64(166.3156218378852),1
Ant-v5,0,mid,935,np.float64(3883.968505859375),np.float64(408.1113462493839),0
Ant-v5,0,mid,936,np.float64(1174.0628662109375),np.float64(150.56082666255978),1
Ant-v5,0,mid,937,np.float64(852.5330810546875),np.float64(114.42730547525753),0
Ant-v5,0,mid,938,np.float64(1546.9871826171875),np.float64(216.05952406360274),1
Ant-v5,0,mid,939,np.float64(1630.7236328125),np.float64(206.3780144507544),1
Ant-v5,0,mid,940,np.float64(978.0696411132812),np.float64(143.01483733457653),1
Ant-v5,0,mid,941,np.float64(2312.07470703125),np.float64(243.79304544382447),0
Ant-v5,0,mid,942,np.float64(2057.910888671875),np.float64(269.3786574128527),1
Ant-v5,0,mid,943,np.float64(968.4819946289062),np.float64(168.64861305921067),1
Ant-v5,0,mid,944,np.float64(1964.0452880859375),np.float64(242.61103023208665),1
Ant-v5,0,mid,945,np.float64(1570.9798583984375),np.float64(236.38250929698896),1
Ant-v5,0,mid,946,np.float64(626.0689086914062),np.float64(87.87768084815914),0
Ant-v5,0,mid,947,np.float64(1277.390869140625),np.float64(131.658443624569),0
Ant-v5,0,mid,948,np.float64(1309.32080078125),np.float64(184.28988379177906),1
Ant-v5,0,mid,949,np.float64(739.2890014648438),np.float64(120.94674570530753),1
Ant-v5,0,mid,950,np.float64(1043.342041015625),np.float64(218.45373483554087),1
Ant-v5,0,mid,951,np.float64(1098.9671630859375),np.float64(173.04188498815537),0
Ant-v5,0,mid,952,np.float64(2327.947998046875),np.float64(259.0344557204413),0
Ant-v5,0,mid,953,np.float64(3846.943359375),np.float64(404.1672108660723),0
Ant-v5,0,mid,954,np.float64(546.501220703125),np.float64(89.721381026182),0
Ant-v5,0,mid,955,np.float64(571.0709228515625),np.float64(100.69608772072445),1
Ant-v5,0,mid,956,np.float64(542.9161376953125),np.float64(76.03561867763554),1
Ant-v5,0,mid,957,np.float64(975.3966064453125),np.float64(127.14403984508715),0
Ant-v5,0,mid,958,np.float64(547.9432983398438),np.float64(81.52468690034276),1
Ant-v5,0,mid,959,np.float64(565.6984252929688),np.float64(78.1529189027714),1
Ant-v5,0,mid,960,np.float64(1498.261962890625),np.float64(222.7843356843256),0
Ant-v5,0,mid,961,np.float64(556.2620239257812),np.float64(100.87815717660766),0
Ant-v5,0,mid,962,np.float64(3033.608642578125),np.float64(321.0160424681428),0
Ant-v5,0,mid,963,np.float64(1255.162109375),np.float64(189.9975963962723),1
Ant-v5,0,mid,964,np.float64(1841.8909912109375),np.float64(262.3124894480012),1
Ant-v5,0,mid,965,np.float64(787.8228149414062),np.float64(108.11516668595758),1
Ant-v5,0,mid,966,np.float64(717.5805053710938),np.float64(126.32763347014367),0
Ant-v5,0,mid,967,np.float64(3179.176025390625),np.float64(351.9828938124447),0
Ant-v5,0,mid,968,np.float64(1392.42626953125),np.float64(234.09589369174563),1
Ant-v5,0,mid,969,np.float64(4150.8681640625),np.float64(451.0054246049864),1
Ant-v5,0,mid,970,np.float64(711.0426025390625),np.float64(106.79409314280588),0
Ant-v5,0,mid,971,np.float64(734.656982421875),np.float64(90.91566229298081),0
Ant-v5,0,mid,972,np.float64(853.927978515625),np.float64(103.38356724517189),0
Ant-v5,0,mid,973,np.float64(1289.29833984375),np.float64(269.12514312802693),0
Ant-v5,0,mid,974,np.float64(635.4102783203125),np.float64(124.33275268988504),1
Ant-v5,0,mid,975,np.float64(1329.340576171875),np.float64(207.4439393536269),1
Ant-v5,0,mid,976,np.float64(664.0711669921875),np.float64(125.29959451582465),1
Ant-v5,0,mid,977,np.float64(1268.3851318359375),np.float64(295.2173762797768),0
Ant-v5,0,mid,978,np.float64(1321.4268798828125),np.float64(196.2601764745325),0
Ant-v5,0,mid,979,np.float64(1799.474609375),np.float64(221.5834947684609),1
Ant-v5,0,mid,980,np.float64(991.8198852539062),np.float64(131.5024922321025),1
Ant-v5,0,mid,981,np.float64(718.3135375976562),np.float64(100.24067485330545),1
Ant-v5,0,mid,982,np.float64(5522.11083984375),np.float64(597.7251760727668),1
Ant-v5,0,mid,983,np.float64(4151.59228515625),np.float64(433.29515877315487),0
Ant-v5,0,mid,984,np.float64(1086.7156982421875),np.float64(133.23866776725396),1
Ant-v5,0,mid,985,np.float64(2128.401611328125),np.float64(232.40533053542774),1
Ant-v5,0,mid,986,np.float64(1478.0975341796875),np.float64(199.23939378405177),1
Ant-v5,0,mid,987,np.float64(1113.0380859375),np.float64(226.65947473777211),0
Ant-v5,0,mid,988,np.float64(1607.8045654296875),np.float64(189.0430708259644),1
Ant-v5,0,mid,989,np.float64(861.2145385742188),np.float64(147.45641667769397),0
Ant-v5,0,mid,990,np.float64(2461.601318359375),np.float64(265.8913840029219),1
Ant-v5,0,mid,991,np.float64(806.7860107421875),np.float64(128.5516877823985),1
Ant-v5,0,mid,992,np.float64(701.2017822265625),np.float64(92.76638569770586),1
Ant-v5,0,mid,993,np.float64(869.8858642578125),np.float64(113.07391569026672),1
Ant-v5,0,mid,994,np.float64(1144.676025390625),np.float64(129.42487128858826),0
Ant-v5,0,mid,995,np.float64(1826.64306640625),np.float64(261.12095397636904),0
Ant-v5,0,mid,996,np.float64(2624.102294921875),np.float64(300.43762914681116),1
Ant-v5,0,mid,997,np.float64(630.379150390625),np.float64(92.65032432084024),0
Ant-v5,0,mid,998,np.float64(1802.02978515625),np.float64(208.62932779788324),0
Ant-v5,0,mid,999,np.float64(1078.603759765625),np.float64(205.4118488575467),1
Ant-v5,0,far,0,np.float64(5678.70458984375),np.float64(2204.134758135228),0
Ant-v5,0,far,1,np.float64(2197.08984375),np.float64(605.3127818498325),1
Ant-v5,0,far,2,np.float64(1917.8558349609375),np.float64(764.6784623253777),1
Ant-v5,0,far,3,np.float64(1201.76123046875),np.float64(675.1044655001725),1
Ant-v5,0,far,4,np.float64(3388.379638671875),np.float64(898.122828834786),1
Ant-v5,0,far,5,np.float64(1207.581787109375),np.float64(964.46521613312),1
Ant-v5,0,far,6,np.float64(4272.61572265625),np.float64(750.7916113755634),1
Ant-v5,0,far,7,np.float64(634.4732055664062),np.float64(86.3127456856999),1
Ant-v5,0,far,8,np.float64(1041.9681396484375),np.float64(362.84160445580375),1
Ant-v5,0,far,9,np.float64(3344.360595703125),np.float64(1109.249464807021),0
Ant-v5,0,far,10,np.float64(620.4395141601562),np.float64(136.66593136803812),0
Ant-v5,0,far,11,np.float64(2139.439208984375),np.float64(454.72268268560936),1
Ant-v5,0,far,12,np.float64(1271.578369140625),np.float64(536.9831096068517),0
Ant-v5,0,far,13,np.float64(2643.266845703125),np.float64(622.961061706113),1
Ant-v5,0,far,14,np.float64(1763.2108154296875),np.float64(563.9623243305064),1
Ant-v5,0,far,15,np.float64(1306.84033203125),np.float64(479.33361343534614),0
Ant-v5,0,far,16,np.float64(1504.5140380859375),np.float64(456.98837396994804),0
Ant-v5,0,far,17,np.float64(1677.9886474609375),np.float64(1182.5179962549269),0
Ant-v5,0,far,18,np.float64(2726.3828125),np.float64(842.6592906169234),1
Ant-v5,0,far,19,np.float64(835.1710205078125),np.float64(329.7995372489719),1
Ant-v5,0,far,20,np.float64(1546.9754638671875),np.float64(286.7455141795492),1
Ant-v5,0,far,21,np.float64(1181.8232421875),np.float64(269.9494994365591),1
Ant-v5,0,far,22,np.float64(658.8862915039062),np.float64(248.71184925381002),0
Ant-v5,0,far,23,np.float64(1524.234375),np.float64(426.17044748301737),1
Ant-v5,0,far,24,np.float64(1279.6378173828125),np.float64(670.3262359907101),1
Ant-v5,0,far,25,np.float64(1024.986328125),np.float64(327.43299183267436),1
Ant-v5,0,far,26,np.float64(2276.0380859375),np.float64(1000.2892122103527),1
Ant-v5,0,far,27,np.float64(2192.275146484375),np.float64(712.9415656617205),1
Ant-v5,0,far,28,np.float64(955.2318725585938),np.float64(440.79612375731466),1
Ant-v5,0,far,29,np.float64(1868.1646728515625),np.float64(449.23653063234485),0
Ant-v5,0,far,30,np.float64(1603.6766357421875),np.float64(719.6663612585163),0
Ant-v5,0,far,31,np.float64(187.8129119873047),np.float64(38.00299303580768),0
Ant-v5,0,far,32,np.float64(4920.3125),np.float64(1243.2746229279792),0
Ant-v5,0,far,33,np.float64(3222.1923828125),np.float64(886.3995171524252),1
Ant-v5,0,far,34,np.float64(730.8793334960938),np.float64(282.68317763924165),0
Ant-v5,0,far,35,np.float64(2481.8486328125),np.float64(806.1563961841238),1
Ant-v5,0,far,36,np.float64(1007.0548706054688),np.float64(365.26906091174385),1
Ant-v5,0,far,37,np.float64(784.18310546875),np.float64(272.57272471485635),0
Ant-v5,0,far,38,np.float64(1217.1666259765625),np.float64(202.71134720520067),0
Ant-v5,0,far,39,np.float64(3677.328857421875),np.float64(1566.446951439668),1
Ant-v5,0,far,40,np.float64(1475.5079345703125),np.float64(368.44771006543795),0
Ant-v5,0,far,41,np.float64(1505.709716796875),np.float64(606.1663611634704),0
Ant-v5,0,far,42,np.float64(1035.0050048828125),np.float64(565.7999179676682),1
Ant-v5,0,far,43,np.float64(1882.1624755859375),np.float64(1064.7171591698961),1
Ant-v5,0,far,44,np.float64(956.8778076171875),np.float64(302.2691034060663),0
Ant-v5,0,far,45,np.float64(3495.032958984375),np.float64(634.1359858826163),0
Ant-v5,0,far,46,np.float64(1768.7572021484375),np.float64(678.781943618),0
Ant-v5,0,far,47,np.float64(1150.36376953125),np.float64(397.1579411189478),0
Ant-v5,0,far,48,np.float64(3372.696044921875),np.float64(607.8136343409302),0
Ant-v5,0,far,49,np.float64(1550.5284423828125),np.float64(453.4520865163046),1
Ant-v5,0,far,50,np.float64(781.8600463867188),np.float64(249.19902487665738),0
Ant-v5,0,far,51,np.float64(852.6311645507812),np.float64(672.0107344975785),1
Ant-v5,0,far,52,np.float64(2259.98876953125),np.float64(867.0893010396434),1
Ant-v5,0,far,53,np.float64(1513.5416259765625),np.float64(1075.152063188907),0
Ant-v5,0,far,54,np.float64(2772.8779296875),np.float64(964.3837656115688),1
Ant-v5,0,far,55,np.float64(3449.360107421875),np.float64(995.0447372889174),0
Ant-v5,0,far,56,np.float64(1906.294921875),np.float64(726.6859771517672),1
Ant-v5,0,far,57,np.float64(523.5891723632812),np.float64(213.6716946554871),0
Ant-v5,0,far,58,np.float64(2322.405029296875),np.float64(666.629496726092),0
Ant-v5,0,far,59,np.float64(2713.86572265625),np.float64(1355.5761683502606),1
Ant-v5,0,far,60,np.float64(1157.388427734375),np.float64(571.3305461684433),1
Ant-v5,0,far,61,np.float64(2131.843994140625),np.float64(809.0343657191603),1
Ant-v5,0,far,62,np.float64(776.4693603515625),np.float64(379.07767308568225),0
Ant-v5,0,far,63,np.float64(2176.7890625),np.float64(422.88553932287516),0
Ant-v5,0,far,64,np.float64(3261.293701171875),np.float64(448.7422543914439),0
Ant-v5,0,far,65,np.float64(3061.584228515625),np.float64(1284.27636813363),1
Ant-v5,0,far,66,np.float64(1519.2296142578125),np.float64(800.2426525300027),0
Ant-v5,0,far,67,np.float64(696.0132446289062),np.float64(420.4093987925131),0
Ant-v5,0,far,68,np.float64(2742.908447265625),np.float64(665.9852096879844),0
Ant-v5,0,far,69,np.float64(2744.787841796875),np.float64(513.949100903958),0
Ant-v5,0,far,70,np.float64(1083.4755859375),np.float64(354.16067748925354),1
Ant-v5,0,far,71,np.float64(2271.454833984375),np.float64(1065.025556906619),1
Ant-v5,0,far,72,np.float64(1450.8671875),np.float64(274.9762779551878),0
Ant-v5,0,far,73,np.float64(698.6158447265625),np.float64(656.6029537693329),1
Ant-v5,0,far,74,np.float64(227.19175720214844),np.float64(57.90530248392819),0
Ant-v5,0,far,75,np.float64(2849.94677734375),np.float64(522.5986272743411),0
Ant-v5,0,far,76,np.float64(3295.351806640625),np.float64(713.4752603713039),1
Ant-v5,0,far,77,np.float64(3741.493408203125),np.float64(998.669778408192),0
Ant-v5,0,far,78,np.float64(3243.44287109375),np.float64(734.7166118419524),1
Ant-v5,0,far,79,np.float64(2255.79150390625),np.float64(647.5048639888654),0
Ant-v5,0,far,80,np.float64(1144.94775390625),np.float64(612.0330700054895),0
Ant-v5,0,far,81,np.float64(2678.438720703125),np.float64(915.8021737871957),0
Ant-v5,0,far,82,np.float64(3862.35205078125),np.float64(1261.573566644097),1
Ant-v5,0,far,83,np.float64(3039.000244140625),np.float64(719.9779580517934),1
Ant-v5,0,far,84,np.float64(1023.3994750976562),np.float64(340.8085042644284),0
Ant-v5,0,far,85,np.float64(3036.06591796875),np.float64(1038.3760913386377),1
Ant-v5,0,far,86,np.float64(771.364013671875),np.float64(387.86198600607895),0
Ant-v5,0,far,87,np.float64(2477.986328125),np.float64(524.1927046965666),0
Ant-v5,0,far,88,np.float64(842.471435546875),np.float64(570.1200658638195),0
Ant-v5,0,far,89,np.float64(2798.452880859375),np.float64(776.6187760194442),1
Ant-v5,0,far,90,np.float64(3867.853271484375),np.float64(892.8389871392792),1
Ant-v5,0,far,91,np.float64(1307.63818359375),np.float64(579.2635507241025),0
Ant-v5,0,far,92,np.float64(5255.12109375),np.float64(1690.7021931905247),1
Ant-v5,0,far,93,np.float64(513.2628784179688),np.float64(132.8601360879985),1
Ant-v5,0,far,94,np.float64(581.9896850585938),np.float64(213.29365611463163),1
Ant-v5,0,far,95,np.float64(2360.22998046875),np.float64(626.885203846408),0
Ant-v5,0,far,96,np.float64(3036.5732421875),np.float64(629.4231739068279),0
Ant-v5,0,far,97,np.float64(1826.0870361328125),np.float64(729.511952329312),1
Ant-v5,0,far,98,np.float64(809.8464965820312),np.float64(314.3366733055366),0
Ant-v5,0,far,99,np.float64(1343.495361328125),np.float64(600.8162034727213),1
Ant-v5,0,far,100,np.float64(1610.012451171875),np.float64(357.3199608194251),0
Ant-v5,0,far,101,np.float64(2000.6422119140625),np.float64(519.6929240464922),0
Ant-v5,0,far,102,np.float64(1968.5408935546875),np.float64(427.1057431597337),1
Ant-v5,0,far,103,np.float64(1270.0626220703125),np.float64(454.024735525657),1
Ant-v5,0,far,104,np.float64(1992.9866943359375),np.float64(889.4793740394018),1
Ant-v5,0,far,105,np.float64(1968.853759765625),np.float64(337.00185883412144),1
Ant-v5,0,far,106,np.float64(1298.3599853515625),np.float64(538.7774344595125),0
Ant-v5,0,far,107,np.float64(3755.8095703125),np.float64(893.7381872602856),1
Ant-v5,0,far,108,np.float64(3352.9697265625),np.float64(1039.6212168208297),0
Ant-v5,0,far,109,np.float64(1146.17919921875),np.float64(320.3510104928125),1
Ant-v5,0,far,110,np.float64(786.0265502929688),np.float64(627.0866344425802),1
Ant-v5,0,far,111,np.float64(2048.554443359375),np.float64(677.6513998885342),1
Ant-v5,0,far,112,np.float64(2687.96240234375),np.float64(568.4837102489032),0
Ant-v5,0,far,113,np.float64(1130.2349853515625),np.float64(288.5378580498882),0
Ant-v5,0,far,114,np.float64(1236.47021484375),np.float64(428.9670004722383),0
Ant-v5,0,far,115,np.float64(692.0460815429688),np.float64(449.50444934025256),1
Ant-v5,0,far,116,np.float64(2514.015625),np.float64(719.465467814741),0
Ant-v5,0,far,117,np.float64(1379.11328125),np.float64(535.7298029576156),0
Ant-v5,0,far,118,np.float64(3393.212890625),np.float64(990.6910679173395),1
Ant-v5,0,far,119,np.float64(2209.156982421875),np.float64(516.8836260755054),0
Ant-v5,0,far,120,np.float64(2148.910400390625),np.float64(980.5733747723795),1
Ant-v5,0,far,121,np.float64(1763.0146484375),np.float64(426.4803740272696),0
Ant-v5,0,far,122,np.float64(1671.286865234375),np.float64(326.51650436230585),1
Ant-v5,0,far,123,np.float64(2365.235107421875),np.float64(532.2900975004319),0
Ant-v5,0,far,124,np.float64(1074.063232421875),np.float64(409.6420129232372),0
Ant-v5,0,far,125,np.float64(1332.588134765625),np.float64(305.15567093020763),0
Ant-v5,0,far,126,np.float64(950.7537231445312),np.float64(396.93754754902636),1
Ant-v5,0,far,127,np.float64(1264.487060546875),np.float64(451.2140337606878),0
Ant-v5,0,far,128,np.float64(1583.468994140625),np.float64(891.9862705626997),0
Ant-v5,0,far,129,np.float64(6354.1708984375),np.float64(1619.861920746857),0
Ant-v5,0,far,130,np.float64(3723.53955078125),np.float64(897.3078854049031),0
Ant-v5,0,far,131,np.float64(1908.25146484375),np.float64(504.8713011401585),1
Ant-v5,0,far,132,np.float64(3322.87353515625),np.float64(1142.1539438779637),1
Ant-v5,0,far,133,np.float64(2790.590576171875),np.float64(674.5400080007366),0
Ant-v5,0,far,134,np.float64(2207.34814453125),np.float64(518.8141569356335),1
Ant-v5,0,far,135,np.float64(2906.68798828125),np.float64(482.3412032169508),0
Ant-v5,0,far,136,np.float64(2470.7412109375),np.float64(532.1913191070892),0
Ant-v5,0,far,137,np.float64(3638.221435546875),np.float64(1086.728580325071),1
Ant-v5,0,far,138,np.float64(4821.6328125),np.float64(986.1977595693489),0
Ant-v5,0,far,139,np.float64(2592.755615234375),np.float64(926.0398331119736),1
Ant-v5,0,far,140,np.float64(1643.44677734375),np.float64(214.39878084241232),1
Ant-v5,0,far,141,np.float64(5212.38232421875),np.float64(687.9209158204895),1
Ant-v5,0,far,142,np.float64(2425.65234375),np.float64(674.9321361030215),0
Ant-v5,0,far,143,np.float64(1016.2257690429688),np.float64(339.2908747968638),1
Ant-v5,0,far,144,np.float64(5080.15869140625),np.float64(1843.6087482963453),0
Ant-v5,0,far,145,np.float64(1224.09912109375),np.float64(782.6806684465529),0
Ant-v5,0,far,146,np.float64(2377.5576171875),np.float64(792.0861925642939),0
Ant-v5,0,far,147,np.float64(1456.08642578125),np.float64(511.9954324961335),0
Ant-v5,0,far,148,np.float64(4215.15869140625),np.float64(764.4303665859028),0
Ant-v5,0,far,149,np.float64(1302.300537109375),np.float64(443.1624037232767),0
Ant-v5,0,far,150,np.float64(2695.593994140625),np.float64(733.6502049207326),1
Ant-v5,0,far,151,np.float64(3714.928466796875),np.float64(991.9733195272045),1
Ant-v5,0,far,152,np.float64(3826.7578125),np.float64(1392.7018617184908),1
Ant-v5,0,far,153,np.float64(2566.7783203125),np.float64(461.1332877440159),0
Ant-v5,0,far,154,np.float64(2468.38232421875),np.float64(525.8799086491799),1
Ant-v5,0,far,155,np.float64(2920.147216796875),np.float64(408.26939115380856),1
Ant-v5,0,far,156,np.float64(2352.894287109375),np.float64(583.5570213610529),0
Ant-v5,0,far,157,np.float64(3701.78369140625),np.float64(677.4611440492533),0
Ant-v5,0,far,158,np.float64(1384.8245849609375),np.float64(1115.3131466626205),0
Ant-v5,0,far,159,np.float64(7953.83203125),np.float64(2356.9717933244883),0
Ant-v5,0,far,160,np.float64(3802.848388671875),np.float64(1210.0595854477542),1
Ant-v5,0,far,161,np.float64(1818.2816162109375),np.float64(819.0624641735503),0
Ant-v5,0,far,162,np.float64(3611.924072265625),np.float64(1046.0194252816361),0
Ant-v5,0,far,163,np.float64(2331.793212890625),np.float64(566.3400495214881),0
Ant-v5,0,far,164,np.float64(1372.2423095703125),np.float64(332.04604061042744),1
Ant-v5,0,far,165,np.float64(1468.459228515625),np.float64(933.1366306514951),1
Ant-v5,0,far,166,np.float64(1125.1697998046875),np.float64(381.2710808377758),1
Ant-v5,0,far,167,np.float64(1590.9346923828125),np.float64(837.9156790142372),0
Ant-v5,0,far,168,np.float64(2253.656494140625),np.float64(898.9337161547614),1
Ant-v5,0,far,169,np.float64(2800.155517578125),np.float64(620.0071845890965),0
Ant-v5,0,far,170,np.float64(1934.941650390625),np.float64(504.8609069095081),0
Ant-v5,0,far,171,np.float64(3877.060546875),np.float64(1101.1111873693794),1
Ant-v5,0,far,172,np.float64(1411.4517822265625),np.float64(582.4091251840716),0
Ant-v5,0,far,173,np.float64(1229.36376953125),np.float64(429.7850761348758),1
Ant-v5,0,far,174,np.float64(3070.777587890625),np.float64(623.2614483199104),0
Ant-v5,0,far,175,np.float64(3558.293212890625),np.float64(447.4939491070928),1
Ant-v5,0,far,176,np.float64(1847.3887939453125),np.float64(428.507031367011),0
Ant-v5,0,far,177,np.float64(2541.504150390625),np.float64(629.6694323837412),1
Ant-v5,0,far,178,np.float64(5110.8740234375),np.float64(1216.646364557891),1
Ant-v5,0,far,179,np.float64(2971.495849609375),np.float64(546.82893019096),1
Ant-v5,0,far,180,np.float64(629.9218139648438),np.float64(411.36594344891637),0
Ant-v5,0,far,181,np.float64(1967.50341796875),np.float64(1313.976371456165),0
Ant-v5,0,far,182,np.float64(1755.221435546875),np.float64(569.2553288317051),0
Ant-v5,0,far,183,np.float64(587.2005004882812),np.float64(262.2420956779653),1
Ant-v5,0,far,184,np.float64(1475.668212890625),np.float64(362.8274048945286),1
Ant-v5,0,far,185,np.float64(1064.81494140625),np.float64(336.10259652826846),0
Ant-v5,0,far,186,np.float64(2471.96337890625),np.float64(684.4278025474234),1
Ant-v5,0,far,187,np.float64(3889.198974609375),np.float64(934.8119729728054),0
Ant-v5,0,far,188,np.float64(2709.73388671875),np.float64(762.1291675414741),1
Ant-v5,0,far,189,np.float64(1536.1180419921875),np.float64(350.83397040275247),1
Ant-v5,0,far,190,np.float64(7281.2939453125),np.float64(1811.9894594995199),1
Ant-v5,0,far,191,np.float64(1142.689453125),np.float64(793.7971149952863),1
Ant-v5,0,far,192,np.float64(1263.2169189453125),np.float64(413.83872121455806),0
Ant-v5,0,far,193,np.float64(1704.225830078125),np.float64(959.357382140202),0
Ant-v5,0,far,194,np.float64(882.3162841796875),np.float64(319.8114644190101),0
Ant-v5,0,far,195,np.float64(1998.4971923828125),np.float64(567.9836773659466),1
Ant-v5,0,far,196,np.float64(961.242431640625),np.float64(283.526301615648),1
Ant-v5,0,far,197,np.float64(2074.31103515625),np.float64(382.3417911315312),1
Ant-v5,0,far,198,np.float64(1711.608642578125),np.float64(264.692472956174),1
Ant-v5,0,far,199,np.float64(1339.7838134765625),np.float64(413.8999695250387),1
Ant-v5,0,far,200,np.float64(918.8226318359375),np.float64(298.21935923653257),1
Ant-v5,0,far,201,np.float64(1631.62890625),np.float64(643.2369552596248),0
Ant-v5,0,far,202,np.float64(2191.10302734375),np.float64(828.7361647575474),1
Ant-v5,0,far,203,np.float64(1713.4580078125),np.float64(610.5675913293428),0
Ant-v5,0,far,204,np.float64(2096.328857421875),np.float64(911.2367477333011),1
Ant-v5,0,far,205,np.float64(1623.840087890625),np.float64(647.5696905572779),1
Ant-v5,0,far,206,np.float64(1856.4189453125),np.float64(334.81043253011524),0
Ant-v5,0,far,207,np.float64(1863.203857421875),np.float64(617.4935782385138),1
Ant-v5,0,far,208,np.float64(783.4108276367188),np.float64(242.3759426021033),0
Ant-v5,0,far,209,np.float64(523.5949096679688),np.float64(229.29545177855485),0
Ant-v5,0,far,210,np.float64(2560.19091796875),np.float64(603.4802367580214),0
Ant-v5,0,far,211,np.float64(1526.3248291015625),np.float64(626.0920305888408),1
Ant-v5,0,far,212,np.float64(1581.1507568359375),np.float64(520.6860038047826),1
Ant-v5,0,far,213,np.float64(1167.986328125),np.float64(842.2230782111767),0
Ant-v5,0,far,214,np.float64(2226.96142578125),np.float64(411.7382969993504),1
Ant-v5,0,far,215,np.float64(5490.93408203125),np.float64(1818.117064116414),0
Ant-v5,0,far,216,np.float64(4357.0205078125),np.float64(1478.288323646329),1
Ant-v5,0,far,217,np.float64(2215.979736328125),np.float64(417.38662504502804),0
Ant-v5,0,far,218,np.float64(1387.078369140625),np.float64(745.7007360007427),0
Ant-v5,0,far,219,np.float64(1371.2977294921875),np.float64(323.336158302798),1
Ant-v5,0,far,220,np.float64(1998.1932373046875),np.float64(432.5268263583052),0
Ant-v5,0,far,221,np.float64(352.1994934082031),np.float64(57.73861085052108),1
Ant-v5,0,far,222,np.float64(2649.794921875),np.float64(764.2970376679383),1
Ant-v5,0,far,223,np.float64(4336.314453125),np.float64(972.5357666566754),1
Ant-v5,0,far,224,np.float64(1077.934814453125),np.float64(388.86316048570814),0
Ant-v5,0,far,225,np.float64(1603.186279296875),np.float64(439.8900459079532),1
Ant-v5,0,far,226,np.float64(1456.9530029296875),np.float64(348.68554583361004),1
Ant-v5,0,far,227,np.float64(1497.899658203125),np.float64(707.7041483331525),1
Ant-v5,0,far,228,np.float64(506.8359375),np.float64(53.9761164556412),0
Ant-v5,0,far,229,np.float64(1288.5665283203125),np.float64(468.77200491067117),0
Ant-v5,0,far,230,np.float64(2374.38623046875),np.float64(852.834162893509),0
Ant-v5,0,far,231,np.float64(1221.7530517578125),np.float64(613.5031508168445),0
Ant-v5,0,far,232,np.float64(1282.704345703125),np.float64(463.5870323070701),0
Ant-v5,0,far,233,np.float64(1940.9991455078125),np.float64(470.29551023618615),1
Ant-v5,0,far,234,np.float64(2517.283203125),np.float64(586.2368855167994),0
Ant-v5,0,far,235,np.float64(1164.03662109375),np.float64(547.6043774681083),0
Ant-v5,0,far,236,np.float64(1872.0540771484375),np.float64(844.2676083059936),1
Ant-v5,0,far,237,np.float64(1437.7939453125),np.float64(413.45004841510615),1
Ant-v5,0,far,238,np.float64(1451.4088134765625),np.float64(267.0919887400295),0
Ant-v5,0,far,239,np.float64(2596.09814453125),np.float64(684.1876992495222),0
Ant-v5,0,far,240,np.float64(1092.79638671875),np.float64(451.40363669858107),0
Ant-v5,0,far,241,np.float64(1602.943603515625),np.float64(530.0564371125189),0
Ant-v5,0,far,242,np.float64(1363.3380126953125),np.float64(667.4581571490887),0
Ant-v5,0,far,243,np.float64(3685.44287109375),np.float64(974.1420050182501),0
Ant-v5,0,far,244,np.float64(904.6751708984375),np.float64(330.5946433004967),1
Ant-v5,0,far,245,np.float64(3092.99853515625),np.float64(605.0492703224072),1
Ant-v5,0,far,246,np.float64(4006.267333984375),np.float64(685.938607718951),1
Ant-v5,0,far,247,np.float64(1718.323486328125),np.float64(493.11941853775465),0
Ant-v5,0,far,248,np.float64(3134.126220703125),np.float64(752.9618040108849),1
Ant-v5,0,far,249,np.float64(4483.5810546875),np.float64(873.2352541367667),1
Ant-v5,0,far,250,np.float64(2851.872802734375),np.float64(478.5344258194133),1
Ant-v5,0,far,251,np.float64(1522.8485107421875),np.float64(433.2051660146062),0
Ant-v5,0,far,252,np.float64(1006.6694946289062),np.float64(514.6365197572015),1
Ant-v5,0,far,253,np.float64(3393.981689453125),np.float64(813.0085852106929),0
Ant-v5,0,far,254,np.float64(1365.55810546875),np.float64(415.8942715470847),1
Ant-v5,0,far,255,np.float64(757.0511474609375),np.float64(1086.8956539210221),1
Ant-v5,0,far,256,np.float64(1352.4658203125),np.float64(470.4335315292883),1
Ant-v5,0,far,257,np.float64(1297.8448486328125),np.float64(866.5568897788379),1
Ant-v5,0,far,258,np.float64(1723.1005859375),np.float64(447.713703717565),1
Ant-v5,0,far,259,np.float64(1616.9451904296875),np.float64(407.42109801191464),0
Ant-v5,0,far,260,np.float64(1981.437255859375),np.float64(1314.8748197467303),0
Ant-v5,0,far,261,np.float64(1566.529052734375),np.float64(701.8774517388897),0
Ant-v5,0,far,262,np.float64(1141.0870361328125),np.float64(369.7117233100794),0
Ant-v5,0,far,263,np.float64(1643.9874267578125),np.float64(895.3978875450149),1
Ant-v5,0,far,264,np.float64(1019.5972900390625),np.float64(794.5109421786915),0
Ant-v5,0,far,265,np.float64(848.8067626953125),np.float64(620.6266281292089),0
Ant-v5,0,far,266,np.float64(1459.2960205078125),np.float64(448.36753083316097),1
Ant-v5,0,far,267,np.float64(1308.815673828125),np.float64(796.5550162094979),1
Ant-v5,0,far,268,np.float64(999.5794067382812),np.float64(506.6036223970742),1
Ant-v5,0,far,269,np.float64(2976.15771484375),np.float64(845.1894420050785),1
Ant-v5,0,far,270,np.float64(2050.994140625),np.float64(574.9261194809966),0
Ant-v5,0,far,271,np.float64(3235.31884765625),np.float64(1292.5071351076763),0
Ant-v5,0,far,272,np.float64(3646.974365234375),np.float64(988.5663273553581),0
Ant-v5,0,far,273,np.float64(1426.4241943359375),np.float64(553.6229461848872),0
Ant-v5,0,far,274,np.float64(970.9302978515625),np.float64(272.7646136592773),1
Ant-v5,0,far,275,np.float64(917.6287231445312),np.float64(377.4687816289179),1
Ant-v5,0,far,276,np.float64(832.5783081054688),np.float64(286.0655294232614),0
Ant-v5,0,far,277,np.float64(1596.5411376953125),np.float64(821.6538650723788),0
Ant-v5,0,far,278,np.float64(1239.3419189453125),np.float64(396.92562978221144),1
Ant-v5,0,far,279,np.float64(755.3312377929688),np.float64(457.39882549216736),1
Ant-v5,0,far,280,np.float64(539.99755859375),np.float64(159.67905143949778),0
Ant-v5,0,far,281,np.float64(1316.116943359375),np.float64(498.3604844894629),1
Ant-v5,0,far,282,np.float64(1620.137939453125),np.float64(836.7954281188785),0
Ant-v5,0,far,283,np.float64(1982.6397705078125),np.float64(410.64199685262747),1
Ant-v5,0,far,284,np.float64(2988.15966796875),np.float64(830.6117721871111),0
Ant-v5,0,far,285,np.float64(2544.931640625),np.float64(887.2607974156427),0
Ant-v5,0,far,286,np.float64(1672.8592529296875),np.float64(543.7894009445223),0
Ant-v5,0,far,287,np.float64(987.7467651367188),np.float64(401.93067511844345),1
Ant-v5,0,far,288,np.float64(1249.919189453125),np.float64(569.7669152737747),1
Ant-v5,0,far,289,np.float64(2805.583740234375),np.float64(956.1657586949335),0
Ant-v5,0,far,290,np.float64(1626.830078125),np.float64(448.2339431040458),0
Ant-v5,0,far,291,np.float64(1773.931884765625),np.float64(915.0809343523541),0
Ant-v5,0,far,292,np.float64(1483.21142578125),np.float64(464.2624195431631),1
Ant-v5,0,far,293,np.float64(2019.835205078125),np.float64(534.0331448588923),1
Ant-v5,0,far,294,np.float64(1814.091552734375),np.float64(452.106499985451),1
Ant-v5,0,far,295,np.float64(498.3258972167969),np.float64(433.4184031861844),1
Ant-v5,0,far,296,np.float64(2232.702392578125),np.float64(782.4727374060042),0
Ant-v5,0,far,297,np.float64(833.804443359375),np.float64(329.6860325649001),1
Ant-v5,0,far,298,np.float64(1110.9381103515625),np.float64(349.90632686598326),0
Ant-v5,0,far,299,np.float64(2733.552001953125),np.float64(613.7355047256066),1
Ant-v5,0,far,300,np.float64(1657.3939208984375),np.float64(278.1625985629079),1
Ant-v5,0,far,301,np.float64(2447.268310546875),np.float64(942.8403579937573),0
Ant-v5,0,far,302,np.float64(2109.09033203125),np.float64(724.5006701045464),0
Ant-v5,0,far,303,np.float64(742.803955078125),np.float64(216.95560805670596),1
Ant-v5,0,far,304,np.float64(837.9666748046875),np.float64(364.80793051198907),0
Ant-v5,0,far,305,np.float64(722.5435791015625),np.float64(511.1610481295503),0
Ant-v5,0,far,306,np.float64(1449.6824951171875),np.float64(848.0402011416991),0
Ant-v5,0,far,307,np.float64(1347.947265625),np.float64(364.7355739146849),1
Ant-v5,0,far,308,np.float64(1471.2064208984375),np.float64(820.8068586613531),1
Ant-v5,0,far,309,np.float64(929.7047119140625),np.float64(279.5534581589096),1
Ant-v5,0,far,310,np.float64(1681.0975341796875),np.float64(510.90961052435705),0
Ant-v5,0,far,311,np.float64(1291.5426025390625),np.float64(466.5178055374039),1
Ant-v5,0,far,312,np.float64(2403.6962890625),np.float64(1589.0875061067645),1
Ant-v5,0,far,313,np.float64(1231.64892578125),np.float64(262.015943568582),1
Ant-v5,0,far,314,np.float64(707.6742553710938),np.float64(420.8457065024753),0
Ant-v5,0,far,315,np.float64(1099.5224609375),np.float64(257.72125569953835),0
Ant-v5,0,far,316,np.float64(1916.3917236328125),np.float64(598.0966661720304),0
Ant-v5,0,far,317,np.float64(2432.03466796875),np.float64(1041.3863262036948),0
Ant-v5,0,far,318,np.float64(756.0636596679688),np.float64(341.82850498229277),0
Ant-v5,0,far,319,np.float64(1532.5277099609375),np.float64(328.9577797652681),1
Ant-v5,0,far,320,np.float64(1534.69140625),np.float64(502.68089527972836),0
Ant-v5,0,far,321,np.float64(1919.41015625),np.float64(532.297216274428),1
Ant-v5,0,far,322,np.float64(1594.884765625),np.float64(620.8896541569834),1
Ant-v5,0,far,323,np.float64(3189.435302734375),np.float64(951.1416164663095),0
Ant-v5,0,far,324,np.float64(1880.42822265625),np.float64(475.9212820825869),1
Ant-v5,0,far,325,np.float64(1315.705810546875),np.float64(1048.3587241022242),0
Ant-v5,0,far,326,np.float64(2214.8583984375),np.float64(666.9807883546163),0
Ant-v5,0,far,327,np.float64(1238.1995849609375),np.float64(718.8432558913456),1
Ant-v5,0,far,328,np.float64(1641.861083984375),np.float64(989.2556242347274),1
Ant-v5,0,far,329,np.float64(1361.5418701171875),np.float64(539.1962134526506),0
Ant-v5,0,far,330,np.float64(4960.81103515625),np.float64(1816.3480621607637),0
Ant-v5,0,far,331,np.float64(596.0543823242188),np.float64(273.6286273786263),0
Ant-v5,0,far,332,np.float64(901.0257568359375),np.float64(379.487135811961),1
Ant-v5,0,far,333,np.float64(1169.426513671875),np.float64(254.35782194444047),1
Ant-v5,0,far,334,np.float64(6997.28466796875),np.float64(1732.7640787205141),0
Ant-v5,0,far,335,np.float64(1016.8984985351562),np.float64(177.66774458828056),1
Ant-v5,0,far,336,np.float64(1963.210693359375),np.float64(603.0170149883676),0
Ant-v5,0,far,337,np.float64(917.0245971679688),np.float64(319.08102712570553),0
Ant-v5,0,far,338,np.float64(1965.8585205078125),np.float64(876.591911784103),1
Ant-v5,0,far,339,np.float64(3352.527587890625),np.float64(856.975072050582),0
Ant-v5,0,far,340,np.float64(2028.031982421875),np.float64(695.0060086464899),1
Ant-v5,0,far,341,np.float64(2742.710205078125),np.float64(671.170941835896),1
Ant-v5,0,far,342,np.float64(4160.50390625),np.float64(620.7585120221031),1
Ant-v5,0,far,343,np.float64(5407.87939453125),np.float64(1215.2519439417615),0
Ant-v5,0,far,344,np.float64(971.6478271484375),np.float64(242.7287658974864),0
Ant-v5,0,far,345,np.float64(1509.9210205078125),np.float64(502.35361665314144),1
Ant-v5,0,far,346,np.float64(785.3983154296875),np.float64(166.7581900555401),0
Ant-v5,0,far,347,np.float64(2839.447265625),np.float64(563.6307476054858),0
Ant-v5,0,far,348,np.float64(5012.4326171875),np.float64(1642.442585432993),1
Ant-v5,0,far,349,np.float64(431.7259216308594),np.float64(299.9131120283207),1
Ant-v5,0,far,350,np.float64(5064.62353515625),np.float64(1376.8864624623116),1
Ant-v5,0,far,351,np.float64(2038.4002685546875),np.float64(352.4477650518463),1
Ant-v5,0,far,352,np.float64(1457.657470703125),np.float64(397.72287517647123),0
Ant-v5,0,far,353,np.float64(908.3613891601562),np.float64(235.92798743477712),1
Ant-v5,0,far,354,np.float64(1518.53515625),np.float64(415.08205268397296),0
Ant-v5,0,far,355,np.float64(1016.0794067382812),np.float64(408.98725158601303),1
Ant-v5,0,far,356,np.float64(2221.998046875),np.float64(1047.1175424509368),0
Ant-v5,0,far,357,np.float64(4154.79541015625),np.float64(1035.2193220944532),1
Ant-v5,0,far,358,np.float64(823.0498046875),np.float64(447.30980569059193),1
Ant-v5,0,far,359,np.float64(944.4776000976562),np.float64(555.7053702629262),1
Ant-v5,0,far,360,np.float64(2081.348876953125),np.float64(490.25838665003835),0
Ant-v5,0,far,361,np.float64(1773.336181640625),np.float64(247.25832791834293),1
Ant-v5,0,far,362,np.float64(1015.2269897460938),np.float64(539.3226137540444),0
Ant-v5,0,far,363,np.float64(3208.779541015625),np.float64(894.082879061649),0
Ant-v5,0,far,364,np.float64(548.6414184570312),np.float64(557.4489957209191),0
Ant-v5,0,far,365,np.float64(1605.5673828125),np.float64(327.4914986709314),1
Ant-v5,0,far,366,np.float64(787.5068969726562),np.float64(762.1762669354107),1
Ant-v5,0,far,367,np.float64(3097.48974609375),np.float64(1555.2438761825101),0
Ant-v5,0,far,368,np.float64(1865.129638671875),np.float64(584.5799049281018),1
Ant-v5,0,far,369,np.float64(2149.36083984375),np.float64(631.8643466274565),1
Ant-v5,0,far,370,np.float64(1029.2327880859375),np.float64(709.4284824607802),0
Ant-v5,0,far,371,np.float64(1084.4837646484375),np.float64(428.89158261000114),0
Ant-v5,0,far,372,np.float64(1943.1888427734375),np.float64(1281.338786957609),1
Ant-v5,0,far,373,np.float64(2132.1337890625),np.float64(745.3881997595062),1
Ant-v5,0,far,374,np.float64(1374.9534912109375),np.float64(314.1299744959074),1
Ant-v5,0,far,375,np.float64(949.5745239257812),np.float64(304.8724626040729),0
Ant-v5,0,far,376,np.float64(966.1865844726562),np.float64(428.94590831001676),0
Ant-v5,0,far,377,np.float64(1600.3651123046875),np.float64(334.9990027797746),1
Ant-v5,0,far,378,np.float64(1513.5592041015625),np.float64(436.9391336131473),0
Ant-v5,0,far,379,np.float64(1217.7462158203125),np.float64(335.70241835692354),0
Ant-v5,0,far,380,np.float64(1588.9351806640625),np.float64(347.4179143538961),1
Ant-v5,0,far,381,np.float64(1089.995849609375),np.float64(267.85795053296505),0
Ant-v5,0,far,382,np.float64(2344.65966796875),np.float64(742.6778412343923),1
Ant-v5,0,far,383,np.float64(673.69921875),np.float64(326.5054076146473),1
Ant-v5,0,far,384,np.float64(1696.0218505859375),np.float64(505.2277805149498),1
Ant-v5,0,far,385,np.float64(3264.114990234375),np.float64(1025.0269318831288),0
Ant-v5,0,far,386,np.float64(1291.0037841796875),np.float64(608.4578246467946),0
Ant-v5,0,far,387,np.float64(1608.5797119140625),np.float64(426.791071144335),0
Ant-v5,0,far,388,np.float64(2741.742919921875),np.float64(748.1059120828255),0
Ant-v5,0,far,389,np.float64(1478.50537109375),np.float64(333.59811825241843),0
Ant-v5,0,far,390,np.float64(2414.85400390625),np.float64(700.0939291944903),1
Ant-v5,0,far,391,np.float64(2354.71435546875),np.float64(485.2485291972163),0
Ant-v5,0,far,392,np.float64(2599.85107421875),np.float64(897.0181791953033),1
Ant-v5,0,far,393,np.float64(1058.0791015625),np.float64(470.32434955132226),0
Ant-v5,0,far,394,np.float64(1567.6915283203125),np.float64(898.9200255097423),0
Ant-v5,0,far,395,np.float64(5566.8720703125),np.float64(1253.3629800620529),1
Ant-v5,0,far,396,np.float64(2754.89990234375),np.float64(1071.840934613577),0
Ant-v5,0,far,397,np.float64(1301.7427978515625),np.float64(355.5982616052338),0
Ant-v5,0,far,398,np.float64(4804.15380859375),np.float64(678.8166308213436),1
Ant-v5,0,far,399,np.float64(1103.35595703125),np.float64(524.2411025051308),1
Ant-v5,0,far,400,np.float64(3807.837646484375),np.float64(904.342248961324),0
Ant-v5,0,far,401,np.float64(1149.1890869140625),np.float64(277.47527671552086),1
Ant-v5,0,far,402,np.float64(3806.3447265625),np.float64(1322.5741214697491),0
Ant-v5,0,far,403,np.float64(1248.1654052734375),np.float64(348.3675062265911),1
Ant-v5,0,far,404,np.float64(889.9963989257812),np.float64(181.4063030459504),1
Ant-v5,0,far,405,np.float64(1066.3140869140625),np.float64(238.57908980770358),1
Ant-v5,0,far,406,np.float64(1355.1065673828125),np.float64(770.4029278188023),0
Ant-v5,0,far,407,np.float64(3222.295654296875),np.float64(847.7552262241021),1
Ant-v5,0,far,408,np.float64(2421.059814453125),np.float64(283.4648168136216),1
Ant-v5,0,far,409,np.float64(1959.4307861328125),np.float64(437.0969141052823),1
Ant-v5,0,far,410,np.float64(1219.6593017578125),np.float64(427.7008931271964),1
Ant-v5,0,far,411,np.float64(1273.6373291015625),np.float64(336.07528642509),0
Ant-v5,0,far,412,np.float64(3012.17724609375),np.float64(643.3697195215233),1
Ant-v5,0,far,413,np.float64(4870.572265625),np.float64(1286.0082940633342),0
Ant-v5,0,far,414,np.float64(2161.9384765625),np.float64(650.3541735902324),0
Ant-v5,0,far,415,np.float64(2834.336669921875),np.float64(1423.1212346641923),1
Ant-v5,0,far,416,np.float64(2353.203369140625),np.float64(748.449398099069),0
Ant-v5,0,far,417,np.float64(835.2188110351562),np.float64(421.4502729523474),0
Ant-v5,0,far,418,np.float64(2468.126953125),np.float64(712.1254651738664),1
Ant-v5,0,far,419,np.float64(905.8807983398438),np.float64(398.47458440864193),0
Ant-v5,0,far,420,np.float64(2880.95361328125),np.float64(1071.0022948245823),1
Ant-v5,0,far,421,np.float64(3742.3251953125),np.float64(491.55885995678693),0
Ant-v5,0,far,422,np.float64(893.6871337890625),np.float64(382.2103502657443),1
Ant-v5,0,far,423,np.float64(1390.198486328125),np.float64(313.3947386589149),1
Ant-v5,0,far,424,np.float64(2586.2431640625),np.float64(491.8001548394218),0
Ant-v5,0,far,425,np.float64(2984.119384765625),np.float64(1286.1462355568137),0
Ant-v5,0,far,426,np.float64(3024.083251953125),np.float64(1055.8946725176947),0
Ant-v5,0,far,427,np.float64(2492.146728515625),np.float64(1438.0226341876476),1
Ant-v5,0,far,428,np.float64(3028.3291015625),np.float64(447.54576619694524),0
Ant-v5,0,far,429,np.float64(1886.30712890625),np.float64(442.7095872921485),0
Ant-v5,0,far,430,np.float64(2492.53173828125),np.float64(592.1469133173013),0
Ant-v5,0,far,431,np.float64(2210.724609375),np.float64(1030.2042248470048),0
Ant-v5,0,far,432,np.float64(1427.238525390625),np.float64(455.86221540052395),0
Ant-v5,0,far,433,np.float64(4581.779296875),np.float64(594.5718858573774),1
Ant-v5,0,far,434,np.float64(1315.647216796875),np.float64(418.27547966619363),1
Ant-v5,0,far,435,np.float64(4087.983154296875),np.float64(785.0202903387798),0
Ant-v5,0,far,436,np.float64(1731.6375732421875),np.float64(723.025872339781),0
Ant-v5,0,far,437,np.float64(1259.9554443359375),np.float64(389.63043086836456),0
Ant-v5,0,far,438,np.float64(1489.7122802734375),np.float64(407.1495647879228),0
Ant-v5,0,far,439,np.float64(3319.8603515625),np.float64(1140.4811351609674),1
Ant-v5,0,far,440,np.float64(725.6270141601562),np.float64(488.887446123867),1
Ant-v5,0,far,441,np.float64(1564.362548828125),np.float64(402.57578201131423),0
Ant-v5,0,far,442,np.float64(1244.193603515625),np.float64(408.5689492108296),0
Ant-v5,0,far,443,np.float64(1260.991455078125),np.float64(482.39173266022624),1
Ant-v5,0,far,444,np.float64(2501.37109375),np.float64(503.7387411542928),0
Ant-v5,0,far,445,np.float64(1508.7481689453125),np.float64(429.87788084447925),1
Ant-v5,0,far,446,np.float64(1703.83935546875),np.float64(354.7911536595692),0
Ant-v5,0,far,447,np.float64(1827.792236328125),np.float64(499.2682843127792),1
Ant-v5,0,far,448,np.float64(3931.103759765625),np.float64(1217.4888402631964),1
Ant-v5,0,far,449,np.float64(5783.4052734375),np.float64(904.6905152982897),0
Ant-v5,0,far,450,np.float64(2258.724853515625),np.float64(641.2853585317536),1
Ant-v5,0,far,451,np.float64(1288.04248046875),np.float64(443.1529834428261),0
Ant-v5,0,far,452,np.float64(1962.1522216796875),np.float64(714.1587135051652),0
Ant-v5,0,far,453,np.float64(1932.3138427734375),np.float64(330.5563971297755),1
Ant-v5,0,far,454,np.float64(1855.4178466796875),np.float64(330.56446402341396),0
Ant-v5,0,far,455,np.float64(5204.02294921875),np.float64(1211.988246346949),1
Ant-v5,0,far,456,np.float64(1849.888916015625),np.float64(565.3752768017645),1
Ant-v5,0,far,457,np.float64(2249.318603515625),np.float64(966.3398266186083),1
Ant-v5,0,far,458,np.float64(2339.309814453125),np.float64(1012.0482434082069),0
Ant-v5,0,far,459,np.float64(2557.365478515625),np.float64(844.0627408293398),0
Ant-v5,0,far,460,np.float64(2484.295166015625),np.float64(710.7901239613874),0
Ant-v5,0,far,461,np.float64(1136.3953857421875),np.float64(649.8934335756979),1
Ant-v5,0,far,462,np.float64(1291.810302734375),np.float64(413.7188641479821),1
Ant-v5,0,far,463,np.float64(2330.21044921875),np.float64(706.4574607959208),0
Ant-v5,0,far,464,np.float64(2300.85791015625),np.float64(688.91764194258),0
Ant-v5,0,far,465,np.float64(2053.18310546875),np.float64(1413.7522100155902),0
Ant-v5,0,far,466,np.float64(1991.4261474609375),np.float64(697.0420689252684),0
Ant-v5,0,far,467,np.float64(1732.7265625),np.float64(744.318382987813),0
Ant-v5,0,far,468,np.float64(1027.0728759765625),np.float64(414.1586988927146),0
Ant-v5,0,far,469,np.float64(1416.1768798828125),np.float64(693.7353081250172),0
Ant-v5,0,far,470,np.float64(967.4133911132812),np.float64(352.93787016743033),1
Ant-v5,0,far,471,np.float64(3185.524658203125),np.float64(609.6949916900654),0
Ant-v5,0,far,472,np.float64(2075.685791015625),np.float64(1268.1018757956704),1
Ant-v5,0,far,473,np.float64(2214.64013671875),np.float64(1919.150018382828),0
Ant-v5,0,far,474,np.float64(3040.403564453125),np.float64(826.8560125076519),1
Ant-v5,0,far,475,np.float64(241.27122497558594),np.float64(51.74258282370196),0
Ant-v5,0,far,476,np.float64(587.625244140625),np.float64(316.5395831096348),0
Ant-v5,0,far,477,np.float64(2292.248779296875),np.float64(558.9565999051302),1
Ant-v5,0,far,478,np.float64(4549.291015625),np.float64(1382.5514469136242),1
Ant-v5,0,far,479,np.float64(2238.63818359375),np.float64(837.5187230729825),1
Ant-v5,0,far,480,np.float64(2155.93408203125),np.float64(753.921512803775),1
Ant-v5,0,far,481,np.float64(1614.8775634765625),np.float64(332.9388470961295),0
Ant-v5,0,far,482,np.float64(848.8441162109375),np.float64(615.0832080330449),0
Ant-v5,0,far,483,np.float64(1126.14111328125),np.float64(399.37553683402245),0
Ant-v5,0,far,484,np.float64(2391.688232421875),np.float64(433.12570080385365),0
Ant-v5,0,far,485,np.float64(140.18153381347656),np.float64(37.36399984351034),0
Ant-v5,0,far,486,np.float64(1617.5159912109375),np.float64(817.0682190054096),0
Ant-v5,0,far,487,np.float64(4020.21484375),np.float64(1207.6010925168075),0
Ant-v5,0,far,488,np.float64(3302.3505859375),np.float64(1114.6088257685751),0
Ant-v5,0,far,489,np.float64(1662.4239501953125),np.float64(501.81129286312864),1
Ant-v5,0,far,490,np.float64(1072.647216796875),np.float64(589.2784098638655),1
Ant-v5,0,far,491,np.float64(1282.2347412109375),np.float64(317.0758038158326),0
Ant-v5,0,far,492,np.float64(3355.0830078125),np.float64(1054.6500643817792),1
Ant-v5,0,far,493,np.float64(1219.226318359375),np.float64(956.7050687480382),0
Ant-v5,0,far,494,np.float64(2871.721923828125),np.float64(526.99370228317),0
Ant-v5,0,far,495,np.float64(825.6301879882812),np.float64(326.58979361317233),1
Ant-v5,0,far,496,np.float64(2099.203369140625),np.float64(366.18888836259566),1
Ant-v5,0,far,497,np.float64(1595.49609375),np.float64(392.28009947810335),1
Ant-v5,0,far,498,np.float64(1650.944091796875),np.float64(507.4072360065991),0
Ant-v5,0,far,499,np.float64(1710.189208984375),np.float64(510.0808196373248),0
Ant-v5,0,far,500,np.float64(1112.47705078125),np.float64(446.42730063431577),1
Ant-v5,0,far,501,np.float64(1708.442626953125),np.float64(1079.736080648835),1
Ant-v5,0,far,502,np.float64(421.4881286621094),np.float64(438.97260004471593),0
Ant-v5,0,far,503,np.float64(2265.753173828125),np.float64(1042.9478233759182),0
Ant-v5,0,far,504,np.float64(988.0536499023438),np.float64(723.5848236273071),0
Ant-v5,0,far,505,np.float64(1046.132568359375),np.float64(224.85459650546093),1
Ant-v5,0,far,506,np.float64(507.5818786621094),np.float64(182.57157955092617),0
Ant-v5,0,far,507,np.float64(1390.3564453125),np.float64(844.1817706446758),0
Ant-v5,0,far,508,np.float64(3136.616943359375),np.float64(1029.0346550959214),0
Ant-v5,0,far,509,np.float64(782.8009643554688),np.float64(423.960726504691),1
Ant-v5,0,far,510,np.float64(3389.90185546875),np.float64(1504.4968141532381),1
Ant-v5,0,far,511,np.float64(2875.671875),np.float64(689.3126564232498),1
Ant-v5,0,far,512,np.float64(2734.8466796875),np.float64(621.0845588675868),0
Ant-v5,0,far,513,np.float64(1531.56201171875),np.float64(467.5434223180223),0
Ant-v5,0,far,514,np.float64(1005.393798828125),np.float64(316.8456482862425),0
Ant-v5,0,far,515,np.float64(3273.737060546875),np.float64(996.6249052587558),1
Ant-v5,0,far,516,np.float64(1393.382080078125),np.float64(420.5082543882478),0
Ant-v5,0,far,517,np.float64(686.3091430664062),np.float64(294.2747603952456),1
Ant-v5,0,far,518,np.float64(747.8645629882812),np.float64(241.32218865133154),0
Ant-v5,0,far,519,np.float64(2204.00537109375),np.float64(368.563159295482),0
Ant-v5,0,far,520,np.float64(2228.427734375),np.float64(797.3914538277696),0
Ant-v5,0,far,521,np.float64(538.7452392578125),np.float64(63.170998321783124),1
Ant-v5,0,far,522,np.float64(3201.966552734375),np.float64(539.4721449624222),0
Ant-v5,0,far,523,np.float64(1874.4805908203125),np.float64(445.94460935446233),0
Ant-v5,0,far,524,np.float64(2296.779296875),np.float64(422.953402011198),0
Ant-v5,0,far,525,np.float64(1708.1251220703125),np.float64(601.5675404551912),1
Ant-v5,0,far,526,np.float64(5359.671875),np.float64(992.3991799481237),0
Ant-v5,0,far,527,np.float64(1452.3387451171875),np.float64(596.1572202134419),0
Ant-v5,0,far,528,np.float64(1478.953369140625),np.float64(354.76055624671557),1
Ant-v5,0,far,529,np.float64(1236.66845703125),np.float64(397.62454464715313),1
Ant-v5,0,far,530,np.float64(1060.40771484375),np.float64(244.8990906353543),1
Ant-v5,0,far,531,np.float64(1166.2357177734375),np.float64(335.91496226098275),1
Ant-v5,0,far,532,np.float64(2759.072265625),np.float64(968.7381110672276),1
Ant-v5,0,far,533,np.float64(977.8816528320312),np.float64(347.2717298417074),1
Ant-v5,0,far,534,np.float64(972.3273315429688),np.float64(487.1441167156079),0
Ant-v5,0,far,535,np.float64(526.4190673828125),np.float64(193.01862567616553),1
Ant-v5,0,far,536,np.float64(641.00390625),np.float64(558.88907075652),1
Ant-v5,0,far,537,np.float64(1276.2275390625),np.float64(695.2446145787575),1
Ant-v5,0,far,538,np.float64(1482.0899658203125),np.float64(515.9406025146881),1
Ant-v5,0,far,539,np.float64(2054.344482421875),np.float64(412.529584413557),0
Ant-v5,0,far,540,np.float64(2232.239990234375),np.float64(615.4215494280523),1
Ant-v5,0,far,541,np.float64(1585.6026611328125),np.float64(681.5931533027082),1
Ant-v5,0,far,542,np.float64(2220.874755859375),np.float64(809.7043216225925),0
Ant-v5,0,far,543,np.float64(1240.6737060546875),np.float64(895.3464402087873),1
Ant-v5,0,far,544,np.float64(1953.7425537109375),np.float64(501.4684412940676),0
Ant-v5,0,far,545,np.float64(2817.333251953125),np.float64(317.6941087360161),0
Ant-v5,0,far,546,np.float64(1273.9241943359375),np.float64(784.1194221623812),0
Ant-v5,0,far,547,np.float64(1626.1993408203125),np.float64(636.4595759834208),0
Ant-v5,0,far,548,np.float64(1351.136474609375),np.float64(553.942236621861),0
Ant-v5,0,far,549,np.float64(2228.241455078125),np.float64(677.8383928009052),1
Ant-v5,0,far,550,np.float64(1131.9915771484375),np.float64(446.27382209150505),1
Ant-v5,0,far,551,np.float64(596.76171875),np.float64(350.57002671654243),0
Ant-v5,0,far,552,np.float64(1567.9144287109375),np.float64(633.131939973727),1
Ant-v5,0,far,553,np.float64(2018.0093994140625),np.float64(430.20825234105735),0
Ant-v5,0,far,554,np.float64(9879.3671875),np.float64(2500.5081335349496),0
Ant-v5,0,far,555,np.float64(3229.33642578125),np.float64(614.444422767627),0
Ant-v5,0,far,556,np.float64(568.911865234375),np.float64(229.38474647206198),1
Ant-v5,0,far,557,np.float64(1278.3724365234375),np.float64(424.2898218025955),0
Ant-v5,0,far,558,np.float64(1450.0611572265625),np.float64(533.9599341924182),1
Ant-v5,0,far,559,np.float64(778.6246948242188),np.float64(456.8822102881385),1
Ant-v5,0,far,560,np.float64(2928.820556640625),np.float64(961.7365328711226),0
Ant-v5,0,far,561,np.float64(1583.699462890625),np.float64(471.364289146544),0
Ant-v5,0,far,562,np.float64(5796.62646484375),np.float64(1297.3378928523243),0
Ant-v5,0,far,563,np.float64(719.3924560546875),np.float64(546.6097316856882),1
Ant-v5,0,far,564,np.float64(1374.978515625),np.float64(352.2051417374155),0
Ant-v5,0,far,565,np.float64(1468.8587646484375),np.float64(458.0456209889082),1
Ant-v5,0,far,566,np.float64(2890.113525390625),np.float64(907.2556609011737),1
Ant-v5,0,far,567,np.float64(2562.5634765625),np.float64(894.6772500340688),0
Ant-v5,0,far,568,np.float64(1395.58251953125),np.float64(740.4636148700675),0
Ant-v5,0,far,569,np.float64(2350.927001953125),np.float64(324.77599698616496),1
Ant-v5,0,far,570,np.float64(1823.0765380859375),np.float64(543.9349702953165),1
Ant-v5,0,far,571,np.float64(2414.56298828125),np.float64(446.7597378457194),1
Ant-v5,0,far,572,np.float64(1190.568359375),np.float64(431.19088087215505),1
Ant-v5,0,far,573,np.float64(1648.753173828125),np.float64(624.457820854094),1
Ant-v5,0,far,574,np.float64(1503.4193115234375),np.float64(632.2763189766907),0
Ant-v5,0,far,575,np.float64(810.6536865234375),np.float64(293.88248305298316),0
Ant-v5,0,far,576,np.float64(3877.068115234375),np.float64(979.6429153249584),1
Ant-v5,0,far,577,np.float64(2103.68115234375),np.float64(455.46919781993915),1
Ant-v5,0,far,578,np.float64(818.871826171875),np.float64(275.4005088431395),0
Ant-v5,0,far,579,np.float64(5297.1748046875),np.float64(1316.0107154512993),1
Ant-v5,0,far,580,np.float64(1968.2802734375),np.float64(473.12496781386756),1
Ant-v5,0,far,581,np.float64(1167.0633544921875),np.float64(332.6883075477057),1
Ant-v5,0,far,582,np.float64(768.7399291992188),np.float64(314.4540912162554),1
Ant-v5,0,far,583,np.float64(2856.572509765625),np.float64(1009.042286370559),1
Ant-v5,0,far,584,np.float64(2214.840087890625),np.float64(434.97279760391814),1
Ant-v5,0,far,585,np.float64(1486.695068359375),np.float64(341.19870415273044),1
Ant-v5,0,far,586,np.float64(1405.1650390625),np.float64(631.0884245195739),1
Ant-v5,0,far,587,np.float64(1487.3349609375),np.float64(877.7415378330505),1
Ant-v5,0,far,588,np.float64(2602.80859375),np.float64(847.0197415305428),0
Ant-v5,0,far,589,np.float64(1428.5986328125),np.float64(495.2392921947544),1
Ant-v5,0,far,590,np.float64(1045.4766845703125),np.float64(533.0129875421004),0
Ant-v5,0,far,591,np.float64(1824.7864990234375),np.float64(276.64766134933507),1
Ant-v5,0,far,592,np.float64(1275.20263671875),np.float64(566.099452799133),0
Ant-v5,0,far,593,np.float64(1479.5909423828125),np.float64(226.57374741509406),1
Ant-v5,0,far,594,np.float64(1386.90380859375),np.float64(259.63403957640344),1
Ant-v5,0,far,595,np.float64(2035.345458984375),np.float64(1167.0818988320834),1
Ant-v5,0,far,596,np.float64(752.77783203125),np.float64(931.3538890627611),1
Ant-v5,0,far,597,np.float64(2316.649658203125),np.float64(657.1387186587995),1
Ant-v5,0,far,598,np.float64(576.9918212890625),np.float64(197.38001894084144),0
Ant-v5,0,far,599,np.float64(608.6571655273438),np.float64(428.61958274516985),0
Ant-v5,0,far,600,np.float64(1627.7236328125),np.float64(774.1897036718799),0
Ant-v5,0,far,601,np.float64(6085.51806640625),np.float64(1328.8644457779842),1
Ant-v5,0,far,602,np.float64(2054.7451171875),np.float64(594.3239059916715),1
Ant-v5,0,far,603,np.float64(1457.2132568359375),np.float64(314.83681485278055),1
Ant-v5,0,far,604,np.float64(873.5484008789062),np.float64(239.14081016133548),1
Ant-v5,0,far,605,np.float64(1140.3292236328125),np.float64(607.5551495330377),1
Ant-v5,0,far,606,np.float64(1194.256591796875),np.float64(460.23248348583434),1
Ant-v5,0,far,607,np.float64(513.1343383789062),np.float64(184.13920582335882),0
Ant-v5,0,far,608,np.float64(964.2603759765625),np.float64(432.4839058878256),0
Ant-v5,0,far,609,np.float64(654.5850830078125),np.float64(341.70132467577207),0
Ant-v5,0,far,610,np.float64(611.49609375),np.float64(392.30079609656354),1
Ant-v5,0,far,611,np.float64(2522.019287109375),np.float64(1757.266440952123),1
Ant-v5,0,far,612,np.float64(1902.0299072265625),np.float64(534.3525510319084),1
Ant-v5,0,far,613,np.float64(955.9548950195312),np.float64(316.71155865294065),0
Ant-v5,0,far,614,np.float64(1237.1221923828125),np.float64(422.8072495232162),1
Ant-v5,0,far,615,np.float64(879.4490356445312),np.float64(319.2098626193),0
Ant-v5,0,far,616,np.float64(2433.654296875),np.float64(504.26495532650154),0
Ant-v5,0,far,617,np.float64(787.229248046875),np.float64(490.99246004624763),1
Ant-v5,0,far,618,np.float64(1935.6507568359375),np.float64(1220.8335011980375),0
Ant-v5,0,far,619,np.float64(1093.6392822265625),np.float64(182.21984077475543),1
Ant-v5,0,far,620,np.float64(1610.8485107421875),np.float64(501.8604234482441),0
Ant-v5,0,far,621,np.float64(1828.5133056640625),np.float64(1093.9230516159519),0
Ant-v5,0,far,622,np.float64(2275.223876953125),np.float64(564.0851960152199),1
Ant-v5,0,far,623,np.float64(1369.344970703125),np.float64(568.2588685165784),1
Ant-v5,0,far,624,np.float64(1238.389404296875),np.float64(282.9649468831859),1
Ant-v5,0,far,625,np.float64(2034.50830078125),np.float64(744.8236758613018),1
Ant-v5,0,far,626,np.float64(1346.415771484375),np.float64(363.5784886636543),0
Ant-v5,0,far,627,np.float64(1208.8909912109375),np.float64(667.9003718388454),0
Ant-v5,0,far,628,np.float64(1237.439208984375),np.float64(557.6502098845582),0
Ant-v5,0,far,629,np.float64(2973.915283203125),np.float64(417.3606351056203),0
Ant-v5,0,far,630,np.float64(434.3612976074219),np.float64(60.462103365709424),1
Ant-v5,0,far,631,np.float64(1566.67431640625),np.float64(390.0809594685978),0
Ant-v5,0,far,632,np.float64(1818.9217529296875),np.float64(820.4027011321792),1
Ant-v5,0,far,633,np.float64(1629.1719970703125),np.float64(477.24759874370875),1
Ant-v5,0,far,634,np.float64(4503.57568359375),np.float64(905.1478799929911),1
Ant-v5,0,far,635,np.float64(3669.1708984375),np.float64(972.3183931074855),1
Ant-v5,0,far,636,np.float64(1197.695556640625),np.float64(443.6310018628102),1
Ant-v5,0,far,637,np.float64(957.505126953125),np.float64(200.26553302375035),0
Ant-v5,0,far,638,np.float64(1316.8634033203125),np.float64(500.3741943694964),0
Ant-v5,0,far,639,np.float64(1682.20166015625),np.float64(593.6292269042907),1
Ant-v5,0,far,640,np.float64(2492.617919921875),np.float64(668.1346489922763),1
Ant-v5,0,far,641,np.float64(1936.095458984375),np.float64(445.581168750511),0
Ant-v5,0,far,642,np.float64(1280.3369140625),np.float64(784.9678569109241),1
Ant-v5,0,far,643,np.float64(974.5990600585938),np.float64(444.5437895560443),0
Ant-v5,0,far,644,np.float64(3573.762939453125),np.float64(1025.6258916148658),0
Ant-v5,0,far,645,np.float64(3715.790283203125),np.float64(925.0473228765371),1
Ant-v5,0,far,646,np.float64(1863.373779296875),np.float64(430.037757191183),0
Ant-v5,0,far,647,np.float64(2379.552490234375),np.float64(471.40970876180734),0
Ant-v5,0,far,648,np.float64(3417.89501953125),np.float64(615.1480217941132),0
Ant-v5,0,far,649,np.float64(1968.7008056640625),np.float64(565.9254093485879),1
Ant-v5,0,far,650,np.float64(3800.970703125),np.float64(649.6228408151509),0
Ant-v5,0,far,651,np.float64(1989.67626953125),np.float64(1185.3649289779682),0
Ant-v5,0,far,652,np.float64(4288.98388671875),np.float64(1443.3548452574018),0
Ant-v5,0,far,653,np.float64(584.6115112304688),np.float64(241.95858069724449),1
Ant-v5,0,far,654,np.float64(146.1439208984375),np.float64(47.13240409669025),0
Ant-v5,0,far,655,np.float64(1250.1552734375),np.float64(342.4712797086497),0
Ant-v5,0,far,656,np.float64(1989.2169189453125),np.float64(628.1764810031054),1
Ant-v5,0,far,657,np.float64(1142.9403076171875),np.float64(371.6797595911885),0
Ant-v5,0,far,658,np.float64(1138.150390625),np.float64(357.9938731615075),0
Ant-v5,0,far,659,np.float64(1708.1282958984375),np.float64(855.6223963304119),1
Ant-v5,0,far,660,np.float64(1528.7218017578125),np.float64(347.0661538793729),1
Ant-v5,0,far,661,np.float64(655.7940063476562),np.float64(475.59509759209175),1
Ant-v5,0,far,662,np.float64(4771.4912109375),np.float64(769.0813262094347),1
Ant-v5,0,far,663,np.float64(3470.551513671875),np.float64(787.7833369198312),1
Ant-v5,0,far,664,np.float64(4793.43798828125),np.float64(822.9085391973813),0
Ant-v5,0,far,665,np.float64(3764.931884765625),np.float64(870.684190550712),0
Ant-v5,0,far,666,np.float64(1825.654296875),np.float64(617.7013358050059),0
Ant-v5,0,far,667,np.float64(1597.659912109375),np.float64(585.1087145844023),0
Ant-v5,0,far,668,np.float64(1240.617431640625),np.float64(442.1854969004529),1
Ant-v5,0,far,669,np.float64(839.8018798828125),np.float64(309.40340082986745),1
Ant-v5,0,far,670,np.float64(1224.16650390625),np.float64(568.4663189368199),1
Ant-v5,0,far,671,np.float64(1090.1517333984375),np.float64(394.28977295576635),0
Ant-v5,0,far,672,np.float64(2740.84716796875),np.float64(918.2081648425618),0
Ant-v5,0,far,673,np.float64(1958.9622802734375),np.float64(795.7277231995863),0
Ant-v5,0,far,674,np.float64(1797.491455078125),np.float64(805.6259849865539),1
Ant-v5,0,far,675,np.float64(879.2306518554688),np.float64(389.18601682503777),1
Ant-v5,0,far,676,np.float64(4756.5673828125),np.float64(1005.3619684616533),1
Ant-v5,0,far,677,np.float64(2381.5595703125),np.float64(554.668526063591),0
Ant-v5,0,far,678,np.float64(802.2727661132812),np.float64(390.0540366052933),0
Ant-v5,0,far,679,np.float64(1227.0380859375),np.float64(394.84539210554703),0
Ant-v5,0,far,680,np.float64(1013.3779907226562),np.float64(423.02612954727067),0
Ant-v5,0,far,681,np.float64(2569.354248046875),np.float64(458.54780186440837),0
Ant-v5,0,far,682,np.float64(3228.29931640625),np.float64(856.541861844648),1
Ant-v5,0,far,683,np.float64(1791.9183349609375),np.float64(843.8006884414236),0
Ant-v5,0,far,684,np.float64(985.2122802734375),np.float64(309.3978397491128),0
Ant-v5,0,far,685,np.float64(587.0344848632812),np.float64(107.60263559992578),0
Ant-v5,0,far,686,np.float64(2888.32177734375),np.float64(743.7324361080521),0
Ant-v5,0,far,687,np.float64(1406.4302978515625),np.float64(245.7111850563146),0
Ant-v5,0,far,688,np.float64(2094.880859375),np.float64(1306.7065121580515),1
Ant-v5,0,far,689,np.float64(829.9757690429688),np.float64(361.3071452860738),0
Ant-v5,0,far,690,np.float64(1093.925537109375),np.float64(510.1548434036639),1
Ant-v5,0,far,691,np.float64(1240.004150390625),np.float64(382.3687794001381),0
Ant-v5,0,far,692,np.float64(2130.552001953125),np.float64(379.31124422091864),0
Ant-v5,0,far,693,np.float64(2941.822998046875),np.float64(424.84417768259095),0
Ant-v5,0,far,694,np.float64(1703.437255859375),np.float64(300.64612407955747),1
Ant-v5,0,far,695,np.float64(2934.38525390625),np.float64(715.5189871498133),0
Ant-v5,0,far,696,np.float64(2220.393798828125),np.float64(1184.2022270882285),0
Ant-v5,0,far,697,np.float64(1840.6778564453125),np.float64(828.3267329887436),0
Ant-v5,0,far,698,np.float64(2754.90380859375),np.float64(640.3518502267391),1
Ant-v5,0,far,699,np.float64(2492.002197265625),np.float64(788.1544075761165),1
Ant-v5,0,far,700,np.float64(925.6436767578125),np.float64(394.3597965880821),0
Ant-v5,0,far,701,np.float64(1072.5859375),np.float64(302.2373515746275),1
Ant-v5,0,far,702,np.float64(2811.0),np.float64(899.6129398168182),1
Ant-v5,0,far,703,np.float64(1250.41845703125),np.float64(690.9201568007749),0
Ant-v5,0,far,704,np.float64(2891.009521484375),np.float64(435.78780454197386),1
Ant-v5,0,far,705,np.float64(1795.6185302734375),np.float64(508.8538480326747),0
Ant-v5,0,far,706,np.float64(1321.3021240234375),np.float64(672.4040552465782),0
Ant-v5,0,far,707,np.float64(1517.175048828125),np.float64(1048.2196980356603),0
Ant-v5,0,far,708,np.float64(1343.7950439453125),np.float64(500.4784362590442),0
Ant-v5,0,far,709,np.float64(1719.8900146484375),np.float64(763.8434934189953),0
Ant-v5,0,far,710,np.float64(1047.7811279296875),np.float64(250.45079371688377),1
Ant-v5,0,far,711,np.float64(1984.3489990234375),np.float64(816.5268621163912),1
Ant-v5,0,far,712,np.float64(1920.0054931640625),np.float64(540.2378192030051),0
Ant-v5,0,far,713,np.float64(4852.99267578125),np.float64(1494.5672169379004),0
Ant-v5,0,far,714,np.float64(1380.12646484375),np.float64(306.6323630229466),1
Ant-v5,0,far,715,np.float64(1635.47021484375),np.float64(626.4038966250573),1
Ant-v5,0,far,716,np.float64(776.0266723632812),np.float64(300.62116783723934),1
Ant-v5,0,far,717,np.float64(1019.019287109375),np.float64(227.2637628437316),1
Ant-v5,0,far,718,np.float64(2405.478759765625),np.float64(289.4609684092354),1
Ant-v5,0,far,719,np.float64(1617.6619873046875),np.float64(828.5684433323048),1
Ant-v5,0,far,720,np.float64(1613.67431640625),np.float64(807.5080944882187),1
Ant-v5,0,far,721,np.float64(1081.42236328125),np.float64(400.5415897989634),0
Ant-v5,0,far,722,np.float64(1771.2523193359375),np.float64(265.45600031591044),1
Ant-v5,0,far,723,np.float64(1161.978515625),np.float64(203.60098467678972),1
Ant-v5,0,far,724,np.float64(3028.5703125),np.float64(921.4825356964452),1
Ant-v5,0,far,725,np.float64(2184.49365234375),np.float64(657.9743492285645),1
Ant-v5,0,far,726,np.float64(1709.6658935546875),np.float64(501.9207446898049),1
Ant-v5,0,far,727,np.float64(1726.81103515625),np.float64(568.2176986945044),1
Ant-v5,0,far,728,np.float64(1599.90673828125),np.float64(1198.3683276237898),0
Ant-v5,0,far,729,np.float64(1562.130615234375),np.float64(1022.6606924156573),0
Ant-v5,0,far,730,np.float64(2354.924560546875),np.float64(790.2985888479863),1
Ant-v5,0,far,731,np.float64(2726.965576171875),np.float64(710.5771455659312),0
Ant-v5,0,far,732,np.float64(1075.4716796875),np.float64(391.61116228416995),1
Ant-v5,0,far,733,np.float64(1666.16259765625),np.float64(507.3081659692929),1
Ant-v5,0,far,734,np.float64(1025.804443359375),np.float64(274.0190695366558),0
Ant-v5,0,far,735,np.float64(351.6900939941406),np.float64(58.059298926898),1
Ant-v5,0,far,736,np.float64(1932.909423828125),np.float64(600.1278360952763),1
Ant-v5,0,far,737,np.float64(2065.9208984375),np.float64(631.8460299159323),1
Ant-v5,0,far,738,np.float64(2291.140380859375),np.float64(837.4521068005894),1
Ant-v5,0,far,739,np.float64(2127.854736328125),np.float64(630.1416327439194),0
Ant-v5,0,far,740,np.float64(405.55438232421875),np.float64(145.88321393388384),0
Ant-v5,0,far,741,np.float64(2487.49169921875),np.float64(761.6909891330645),0
Ant-v5,0,far,742,np.float64(2985.43017578125),np.float64(693.0949648966205),0
Ant-v5,0,far,743,np.float64(988.4185791015625),np.float64(497.3196276964296),0
Ant-v5,0,far,744,np.float64(2200.69873046875),np.float64(927.8551946223113),0
Ant-v5,0,far,745,np.float64(2446.75390625),np.float64(854.8728929665591),0
Ant-v5,0,far,746,np.float64(3512.9443359375),np.float64(439.927264552034),1
Ant-v5,0,far,747,np.float64(955.0850219726562),np.float64(351.28788418596264),1
Ant-v5,0,far,748,np.float64(1063.1090087890625),np.float64(396.36724125794603),1
Ant-v5,0,far,749,np.float64(1570.958251953125),np.float64(584.7181652090384),0
Ant-v5,0,far,750,np.float64(2012.5347900390625),np.float64(767.442514390103),1
Ant-v5,0,far,751,np.float64(1191.62841796875),np.float64(455.48333744362924),1
Ant-v5,0,far,752,np.float64(1085.1279296875),np.float64(480.4616674636843),0
Ant-v5,0,far,753,np.float64(2428.9560546875),np.float64(387.6554677017667),0
Ant-v5,0,far,754,np.float64(3501.4638671875),np.float64(475.2655494789267),1
Ant-v5,0,far,755,np.float64(1771.943359375),np.float64(606.384914960163),0
Ant-v5,0,far,756,np.float64(467.6707458496094),np.float64(231.49761563053332),1
Ant-v5,0,far,757,np.float64(802.8497924804688),np.float64(318.87739382438076),0
Ant-v5,0,far,758,np.float64(1663.2452392578125),np.float64(425.18324578555143),0
Ant-v5,0,far,759,np.float64(2896.395263671875),np.float64(976.6696676754908),0
Ant-v5,0,far,760,np.float64(654.9390869140625),np.float64(294.0764978158106),0
Ant-v5,0,far,761,np.float64(1633.0933837890625),np.float64(491.3522818941167),0
Ant-v5,0,far,762,np.float64(2840.486572265625),np.float64(1112.856009694783),1
Ant-v5,0,far,763,np.float64(1422.8475341796875),np.float64(257.0089487999498),1
Ant-v5,0,far,764,np.float64(3526.605712890625),np.float64(615.6124652507611),0
Ant-v5,0,far,765,np.float64(1708.9755859375),np.float64(411.8148538019942),0
Ant-v5,0,far,766,np.float64(1530.7540283203125),np.float64(331.92141543548587),1
Ant-v5,0,far,767,np.float64(5096.60205078125),np.float64(984.0915212169673),0
Ant-v5,0,far,768,np.float64(2785.6875),np.float64(873.5000241951645),1
Ant-v5,0,far,769,np.float64(1537.29345703125),np.float64(838.8201202097615),0
Ant-v5,0,far,770,np.float64(1902.676513671875),np.float64(565.5004528892396),1
Ant-v5,0,far,771,np.float64(1221.8302001953125),np.float64(478.60184997872767),0
Ant-v5,0,far,772,np.float64(3104.445556640625),np.float64(649.626461535081),0
Ant-v5,0,far,773,np.float64(1129.6324462890625),np.float64(524.8198853416619),1
Ant-v5,0,far,774,np.float64(2118.095458984375),np.float64(1166.8599540249393),0
Ant-v5,0,far,775,np.float64(2292.505615234375),np.float64(1449.788197826349),0
Ant-v5,0,far,776,np.float64(481.51800537109375),np.float64(70.25356001537298),0
Ant-v5,0,far,777,np.float64(884.0665283203125),np.float64(390.26772995207375),1
Ant-v5,0,far,778,np.float64(794.2621459960938),np.float64(310.32122856515366),1
Ant-v5,0,far,779,np.float64(2063.15771484375),np.float64(775.0743640552474),0
Ant-v5,0,far,780,np.float64(2371.41162109375),np.float64(713.6935909958141),1
Ant-v5,0,far,781,np.float64(3142.689697265625),np.float64(571.4751599955467),1
Ant-v5,0,far,782,np.float64(2893.431396484375),np.float64(958.4109536760252),0
Ant-v5,0,far,783,np.float64(3355.909912109375),np.float64(852.8923940835485),1
Ant-v5,0,far,784,np.float64(1352.0819091796875),np.float64(301.00179809033955),0
Ant-v5,0,far,785,np.float64(1433.2894287109375),np.float64(620.2483795862124),1
Ant-v5,0,far,786,np.float64(2726.7421875),np.float64(518.215817422248),1
Ant-v5,0,far,787,np.float64(1031.471435546875),np.float64(214.91169241541198),0
Ant-v5,0,far,788,np.float64(1594.69287109375),np.float64(732.1851822906391),0
Ant-v5,0,far,789,np.float64(1339.922607421875),np.float64(299.52181024635564),1
Ant-v5,0,far,790,np.float64(1293.2696533203125),np.float64(243.1848086298744),0
Ant-v5,0,far,791,np.float64(2170.81591796875),np.float64(649.2462803131301),0
Ant-v5,0,far,792,np.float64(839.5579223632812),np.float64(432.4361743543029),1
Ant-v5,0,far,793,np.float64(1548.0570068359375),np.float64(874.6505107264612),0
Ant-v5,0,far,794,np.float64(1989.7196044921875),np.float64(495.0920180353345),0
Ant-v5,0,far,795,np.float64(2211.318359375),np.float64(830.3597826671787),0
Ant-v5,0,far,796,np.float64(556.467041015625),np.float64(345.7854593360862),1
Ant-v5,0,far,797,np.float64(2077.58349609375),np.float64(297.95868381403307),0
Ant-v5,0,far,798,np.float64(1459.6158447265625),np.float64(773.2229015354595),0
Ant-v5,0,far,799,np.float64(1953.5264892578125),np.float64(312.2090931557352),0
Ant-v5,0,far,800,np.float64(1292.7613525390625),np.float64(573.828028697548),1
Ant-v5,0,far,801,np.float64(2841.6083984375),np.float64(478.921712134768),0
Ant-v5,0,far,802,np.float64(2607.66259765625),np.float64(661.5719546177298),1
Ant-v5,0,far,803,np.float64(985.0088500976562),np.float64(222.80420885998015),0
Ant-v5,0,far,804,np.float64(1301.6112060546875),np.float64(455.66794959611826),0
Ant-v5,0,far,805,np.float64(533.0927734375),np.float64(78.32459953509633),1
Ant-v5,0,far,806,np.float64(969.4340209960938),np.float64(524.2495530359215),0
Ant-v5,0,far,807,np.float64(953.6661987304688),np.float64(236.0200242395417),1
Ant-v5,0,far,808,np.float64(2134.441650390625),np.float64(714.1758474800292),0
Ant-v5,0,far,809,np.float64(3012.91650390625),np.float64(1031.5744773582069),0
Ant-v5,0,far,810,np.float64(4349.17529296875),np.float64(2457.471271583319),1
Ant-v5,0,far,811,np.float64(2430.310302734375),np.float64(500.68601698096813),0
Ant-v5,0,far,812,np.float64(2694.068359375),np.float64(649.1601962456157),1
Ant-v5,0,far,813,np.float64(1099.435791015625),np.float64(340.143733600628),0
Ant-v5,0,far,814,np.float64(1029.9903564453125),np.float64(368.32313362275977),1
Ant-v5,0,far,815,np.float64(1246.96435546875),np.float64(452.28329187966176),1
Ant-v5,0,far,816,np.float64(1771.905517578125),np.float64(673.9377955747024),0
Ant-v5,0,far,817,np.float64(1065.1990966796875),np.float64(472.9682323514711),1
Ant-v5,0,far,818,np.float64(1192.989013671875),np.float64(509.5742898333767),1
Ant-v5,0,far,819,np.float64(1746.7962646484375),np.float64(394.7804100004405),0
Ant-v5,0,far,820,np.float64(1127.1265869140625),np.float64(732.7725728972142),1
Ant-v5,0,far,821,np.float64(1830.005615234375),np.float64(443.24678476929455),1
Ant-v5,0,far,822,np.float64(2197.42333984375),np.float64(1172.9435672598051),0
Ant-v5,0,far,823,np.float64(586.3009033203125),np.float64(461.7239647132052),1
Ant-v5,0,far,824,np.float64(1020.6554565429688),np.float64(665.4631380525518),0
Ant-v5,0,far,825,np.float64(1651.8480224609375),np.float64(797.2182682336155),0
Ant-v5,0,far,826,np.float64(1568.303955078125),np.float64(421.19883075431903),0
Ant-v5,0,far,827,np.float64(1667.78564453125),np.float64(367.46232104049477),1
Ant-v5,0,far,828,np.float64(1976.1541748046875),np.float64(577.4266888073356),1
Ant-v5,0,far,829,np.float64(1469.0675048828125),np.float64(258.3050842744597),0
Ant-v5,0,far,830,np.float64(1096.636962890625),np.float64(621.7199854278222),1
Ant-v5,0,far,831,np.float64(1321.9227294921875),np.float64(590.9164667584117),0
Ant-v5,0,far,832,np.float64(1123.635498046875),np.float64(238.52287796925447),1
Ant-v5,0,far,833,np.float64(2571.43896484375),np.float64(636.3044575374009),1
Ant-v5,0,far,834,np.float64(1215.48388671875),np.float64(562.5054575161487),1
Ant-v5,0,far,835,np.float64(539.6554565429688),np.float64(308.29198697746006),1
Ant-v5,0,far,836,np.float64(3032.99853515625),np.float64(898.8391409661529),1
Ant-v5,0,far,837,np.float64(1394.57861328125),np.float64(582.97308894475),0
Ant-v5,0,far,838,np.float64(3332.24169921875),np.float64(667.924007912246),1
Ant-v5,0,far,839,np.float64(1913.1778564453125),np.float64(812.393393719237),1
Ant-v5,0,far,840,np.float64(1155.4459228515625),np.float64(947.8996368179971),1
Ant-v5,0,far,841,np.float64(1036.0538330078125),np.float64(259.48325399553454),1
Ant-v5,0,far,842,np.float64(2848.29833984375),np.float64(939.3079670070763),1
Ant-v5,0,far,843,np.float64(2525.0166015625),np.float64(1380.7887710606487),1
Ant-v5,0,far,844,np.float64(917.2841796875),np.float64(360.3084846550307),0
Ant-v5,0,far,845,np.float64(1984.2210693359375),np.float64(1031.3109626032158),1
Ant-v5,0,far,846,np.float64(1015.5924682617188),np.float64(611.0181720387844),0
Ant-v5,0,far,847,np.float64(786.43701171875),np.float64(312.4361039816524),0
Ant-v5,0,far,848,np.float64(2651.586181640625),np.float64(800.0494109781948),0
Ant-v5,0,far,849,np.float64(1786.6953125),np.float64(582.1724584852091),1
Ant-v5,0,far,850,np.float64(3004.69384765625),np.float64(1289.2711988284468),1
Ant-v5,0,far,851,np.float64(2290.407470703125),np.float64(482.0170995806335),1
Ant-v5,0,far,852,np.float64(1860.265380859375),np.float64(729.2319390747992),0
Ant-v5,0,far,853,np.float64(615.7924194335938),np.float64(411.51456730648874),1
Ant-v5,0,far,854,np.float64(910.1432495117188),np.float64(309.5873653706084),0
Ant-v5,0,far,855,np.float64(1891.0528564453125),np.float64(1193.8725497213672),1
Ant-v5,0,far,856,np.float64(4489.13232421875),np.float64(848.2872784755702),0
Ant-v5,0,far,857,np.float64(1137.23828125),np.float64(498.3402574206957),1
Ant-v5,0,far,858,np.float64(1013.8536376953125),np.float64(348.433843867096),0
Ant-v5,0,far,859,np.float64(2446.646484375),np.float64(427.7837111081907),0
Ant-v5,0,far,860,np.float64(1241.8494873046875),np.float64(425.7711940769208),1
Ant-v5,0,far,861,np.float64(3594.629150390625),np.float64(1024.7255104933938),0
Ant-v5,0,far,862,np.float64(1256.1326904296875),np.float64(256.4679804872248),0
Ant-v5,0,far,863,np.float64(2791.0732421875),np.float64(758.6553250365371),0
Ant-v5,0,far,864,np.float64(1283.6654052734375),np.float64(516.875144458197),0
Ant-v5,0,far,865,np.float64(1765.421142578125),np.float64(390.1621031459076),1
Ant-v5,0,far,866,np.float64(2141.3544921875),np.float64(458.1423896399896),1
Ant-v5,0,far,867,np.float64(783.8746948242188),np.float64(426.96975482913774),0
Ant-v5,0,far,868,np.float64(1312.188232421875),np.float64(456.9524964857949),1
Ant-v5,0,far,869,np.float64(1364.973876953125),np.float64(1016.7568394691918),0
Ant-v5,0,far,870,np.float64(2334.496826171875),np.float64(556.1884484734056),1
Ant-v5,0,far,871,np.float64(2830.404052734375),np.float64(1079.8042455255252),0
Ant-v5,0,far,872,np.float64(1311.66357421875),np.float64(338.274732238757),0
Ant-v5,0,far,873,np.float64(2119.338134765625),np.float64(645.3989451259677),1
Ant-v5,0,far,874,np.float64(1770.411865234375),np.float64(723.5974909183791),1
Ant-v5,0,far,875,np.float64(2365.54296875),np.float64(684.8225381905478),0
Ant-v5,0,far,876,np.float64(2058.23291015625),np.float64(468.02121723482264),0
Ant-v5,0,far,877,np.float64(1376.8450927734375),np.float64(405.2636851390298),1
Ant-v5,0,far,878,np.float64(2306.94189453125),np.float64(989.6528232884898),1
Ant-v5,0,far,879,np.float64(1465.95361328125),np.float64(457.32802613103286),0
Ant-v5,0,far,880,np.float64(1263.416748046875),np.float64(293.3415371472721),0
Ant-v5,0,far,881,np.float64(1100.9912109375),np.float64(495.63562549585106),0
Ant-v5,0,far,882,np.float64(1323.5086669921875),np.float64(506.4165699140377),1
Ant-v5,0,far,883,np.float64(2491.30859375),np.float64(705.7197226276263),0
Ant-v5,0,far,884,np.float64(1603.8380126953125),np.float64(259.5101332876311),0
Ant-v5,0,far,885,np.float64(2681.395751953125),np.float64(672.8015211527744),1
Ant-v5,0,far,886,np.float64(1514.66748046875),np.float64(356.725063457725),1
Ant-v5,0,far,887,np.float64(1904.6451416015625),np.float64(656.7534067662225),1
Ant-v5,0,far,888,np.float64(1375.47705078125),np.float64(334.96859916197775),1
Ant-v5,0,far,889,np.float64(984.3111572265625),np.float64(609.9750858572534),0
Ant-v5,0,far,890,np.float64(662.7671508789062),np.float64(243.75472301716047),1
Ant-v5,0,far,891,np.float64(2922.15283203125),np.float64(1233.4852457833003),1
Ant-v5,0,far,892,np.float64(2094.846923828125),np.float64(393.5595808529207),0
Ant-v5,0,far,893,np.float64(574.96875),np.float64(221.53426463256648),1
Ant-v5,0,far,894,np.float64(1771.432861328125),np.float64(693.7492353806514),0
Ant-v5,0,far,895,np.float64(1075.4981689453125),np.float64(438.8285323036304),0
Ant-v5,0,far,896,np.float64(2873.197265625),np.float64(745.5875460571759),1
Ant-v5,0,far,897,np.float64(2643.6435546875),np.float64(1180.4202343761917),1
Ant-v5,0,far,898,np.float64(1347.3111572265625),np.float64(181.05945633452842),0
Ant-v5,0,far,899,np.float64(3255.535400390625),np.float64(542.3692785622314),1
Ant-v5,0,far,900,np.float64(2381.901123046875),np.float64(732.0970760130934),1
Ant-v5,0,far,901,np.float64(994.3282470703125),np.float64(162.22819001404676),1
Ant-v5,0,far,902,np.float64(2340.7802734375),np.float64(783.0735885876189),0
Ant-v5,0,far,903,np.float64(1848.959228515625),np.float64(466.49946547080367),1
Ant-v5,0,far,904,np.float64(875.1668701171875),np.float64(357.59311516938214),0
Ant-v5,0,far,905,np.float64(1109.6253662109375),np.float64(368.70246892896535),1
Ant-v5,0,far,906,np.float64(1031.52734375),np.float64(306.1620634093439),0
Ant-v5,0,far,907,np.float64(1206.3743896484375),np.float64(1203.951387314994),0
Ant-v5,0,far,908,np.float64(1983.2706298828125),np.float64(916.8800034213289),0
Ant-v5,0,far,909,np.float64(954.0404663085938),np.float64(212.03088216331935),1
Ant-v5,0,far,910,np.float64(1339.164794921875),np.float64(363.04308263442454),0
Ant-v5,0,far,911,np.float64(2315.1630859375),np.float64(729.2923001158945),1
Ant-v5,0,far,912,np.float64(2042.20703125),np.float64(1283.7085104654475),1
Ant-v5,0,far,913,np.float64(2946.385009765625),np.float64(1108.866172325037),1
Ant-v5,0,far,914,np.float64(2186.84912109375),np.float64(1369.5887232629384),0
Ant-v5,0,far,915,np.float64(2047.30322265625),np.float64(728.7800376432458),0
Ant-v5,0,far,916,np.float64(2141.06494140625),np.float64(586.654280880071),1
Ant-v5,0,far,917,np.float64(2114.421630859375),np.float64(414.75048236897715),1
Ant-v5,0,far,918,np.float64(650.597900390625),np.float64(115.73550425146453),1
Ant-v5,0,far,919,np.float64(865.8750610351562),np.float64(319.0534629681069),1
Ant-v5,0,far,920,np.float64(1242.1180419921875),np.float64(782.0790969304611),1
Ant-v5,0,far,921,np.float64(900.058837890625),np.float64(287.52731757846084),1
Ant-v5,0,far,922,np.float64(1834.544921875),np.float64(658.7692548408318),1
Ant-v5,0,far,923,np.float64(1832.6536865234375),np.float64(537.6361873001123),0
Ant-v5,0,far,924,np.float64(1695.5457763671875),np.float64(512.1865340608701),0
Ant-v5,0,far,925,np.float64(3109.205078125),np.float64(915.581867994283),0
Ant-v5,0,far,926,np.float64(3420.706298828125),np.float64(905.2066565782169),1
Ant-v5,0,far,927,np.float64(922.51123046875),np.float64(364.4527899947793),0
Ant-v5,0,far,928,np.float64(1031.92041015625),np.float64(401.28760628705277),1
Ant-v5,0,far,929,np.float64(5308.77880859375),np.float64(1083.0392816685626),1
Ant-v5,0,far,930,np.float64(2964.740234375),np.float64(951.3552316527882),1
Ant-v5,0,far,931,np.float64(2144.547119140625),np.float64(556.5427610357209),0
Ant-v5,0,far,932,np.float64(805.7520751953125),np.float64(156.04197681617123),0
Ant-v5,0,far,933,np.float64(1372.795166015625),np.float64(391.85260757719334),0
Ant-v5,0,far,934,np.float64(800.731689453125),np.float64(167.6537829011623),0
Ant-v5,0,far,935,np.float64(6946.38525390625),np.float64(796.4099428735618),0
Ant-v5,0,far,936,np.float64(1842.842529296875),np.float64(489.7625120972201),1
Ant-v5,0,far,937,np.float64(1366.512939453125),np.float64(328.86072993727964),1
Ant-v5,0,far,938,np.float64(2786.104248046875),np.float64(1510.2714090531613),0
Ant-v5,0,far,939,np.float64(1787.2225341796875),np.float64(380.9958583204558),1
Ant-v5,0,far,940,np.float64(1264.2847900390625),np.float64(407.72449808319504),1
Ant-v5,0,far,941,np.float64(1505.376953125),np.float64(1124.2791657026319),0
Ant-v5,0,far,942,np.float64(861.5206909179688),np.float64(396.8376508894886),1
Ant-v5,0,far,943,np.float64(6424.4423828125),np.float64(1821.2275627906092),0
Ant-v5,0,far,944,np.float64(704.311767578125),np.float64(228.02157470165355),1
Ant-v5,0,far,945,np.float64(1960.667724609375),np.float64(633.1866537807634),1
Ant-v5,0,far,946,np.float64(1249.85791015625),np.float64(232.9080658319199),0
Ant-v5,0,far,947,np.float64(1548.1253662109375),np.float64(417.21612417082133),0
Ant-v5,0,far,948,np.float64(1423.158935546875),np.float64(1545.6289415292695),1
Ant-v5,0,far,949,np.float64(1845.052490234375),np.float64(812.1697886249935),1
Ant-v5,0,far,950,np.float64(1312.4501953125),np.float64(533.937940218387),0
Ant-v5,0,far,951,np.float64(582.2020263671875),np.float64(262.2633711107976),0
Ant-v5,0,far,952,np.float64(1187.1279296875),np.float64(223.77800622659572),1
Ant-v5,0,far,953,np.float64(1930.449951171875),np.float64(344.7210895713855),1
Ant-v5,0,far,954,np.float64(1039.43505859375),np.float64(320.39420473737505),1
Ant-v5,0,far,955,np.float64(2699.366943359375),np.float64(461.2425156979972),1
Ant-v5,0,far,956,np.float64(1514.281982421875),np.float64(236.30772074519706),1
Ant-v5,0,far,957,np.float64(1571.289306640625),np.float64(869.3495855859974),0
Ant-v5,0,far,958,np.float64(677.448486328125),np.float64(320.2924970681445),0
Ant-v5,0,far,959,np.float64(1479.1572265625),np.float64(662.8249813144358),0
Ant-v5,0,far,960,np.float64(1341.6455078125),np.float64(772.8973015099734),0
Ant-v5,0,far,961,np.float64(3670.3056640625),np.float64(831.6215738211263),1
Ant-v5,0,far,962,np.float64(2004.8536376953125),np.float64(536.3133051517851),1
Ant-v5,0,far,963,np.float64(1527.0947265625),np.float64(533.3209664869311),1
Ant-v5,0,far,964,np.float64(952.6331787109375),np.float64(661.6631719541214),1
Ant-v5,0,far,965,np.float64(1893.6256103515625),np.float64(885.4537929740505),0
Ant-v5,0,far,966,np.float64(3852.591552734375),np.float64(841.6915506052325),0
Ant-v5,0,far,967,np.float64(1423.3570556640625),np.float64(1084.34433328035),1
Ant-v5,0,far,968,np.float64(1371.56005859375),np.float64(465.228326928148),1
Ant-v5,0,far,969,np.float64(1053.8115234375),np.float64(458.3242880742305),1
Ant-v5,0,far,970,np.float64(1448.3115234375),np.float64(620.341474004498),1
Ant-v5,0,far,971,np.float64(621.5230712890625),np.float64(299.1861426877375),0
Ant-v5,0,far,972,np.float64(2930.1162109375),np.float64(592.2494221307887),1
Ant-v5,0,far,973,np.float64(1441.08984375),np.float64(269.8780023253339),0
Ant-v5,0,far,974,np.float64(2834.23681640625),np.float64(863.3723767153832),0
Ant-v5,0,far,975,np.float64(1316.0262451171875),np.float64(733.0729228697852),1
Ant-v5,0,far,976,np.float64(2040.36669921875),np.float64(445.5230843168587),1
Ant-v5,0,far,977,np.float64(1452.393798828125),np.float64(437.119554465447),1
Ant-v5,0,far,978,np.float64(6122.94091796875),np.float64(1224.0314855149295),0
Ant-v5,0,far,979,np.float64(1645.3331298828125),np.float64(612.4677568218765),1
Ant-v5,0,far,980,np.float64(2123.697265625),np.float64(543.7049494846905),1
Ant-v5,0,far,981,np.float64(1842.28857421875),np.float64(836.6830859758484),0
Ant-v5,0,far,982,np.float64(1217.3157958984375),np.float64(223.30275047858314),1
Ant-v5,0,far,983,np.float64(1564.5504150390625),np.float64(1131.4607763210938),1
Ant-v5,0,far,984,np.float64(1904.73193359375),np.float64(441.9061276612075),0
Ant-v5,0,far,985,np.float64(6060.74951171875),np.float64(1822.6528507815187),1
Ant-v5,0,far,986,np.float64(1913.84423828125),np.float64(753.0436748000792),0
Ant-v5,0,far,987,np.float64(1972.4893798828125),np.float64(960.9224714666271),1
Ant-v5,0,far,988,np.float64(3000.69140625),np.float64(1022.4562415013288),1
Ant-v5,0,far,989,np.float64(1768.4500732421875),np.float64(1046.9257917913806),1
Ant-v5,0,far,990,np.float64(1201.611328125),np.float64(649.0990422534478),0
Ant-v5,0,far,991,np.float64(1747.26123046875),np.float64(531.3582553185254),0
Ant-v5,0,far,992,np.float64(1442.490234375),np.float64(360.2022434567501),0
Ant-v5,0,far,993,np.float64(1889.6646728515625),np.float64(631.2290491572711),1
Ant-v5,0,far,994,np.float64(2181.714111328125),np.float64(427.9336604724732),0
Ant-v5,0,far,995,np.float64(3052.433349609375),np.float64(925.498653599332),0
Ant-v5,0,far,996,np.float64(1080.4044189453125),np.float64(273.0674625520501),0
Ant-v5,0,far,997,np.float64(1350.875),np.float64(732.9457207885673),0
Ant-v5,0,far,998,np.float64(3279.483642578125),np.float64(800.7315809600592),1
Ant-v5,0,far,999,np.float64(3009.643798828125),np.float64(384.1860254210801),0
