factor,environment,metric,anchor_value,factor_value,n_paired_seeds,mean_diff,ci95_lo,ci95_hi,materially_worse
scale,Ant-v5,id_rmse,8.0,2.0,27,-0.03558763089003386,-0.04738637700812503,-0.023788884771942694,False
scale,Ant-v5,id_rmse,8.0,4.0,27,-0.02313898007074992,-0.03274042473245712,-0.013537535409042718,False
scale,Ant-v5,id_rmse,8.0,6.0,27,-0.011739207638634576,-0.020141009802732673,-0.003337405474536476,False
scale,Ant-v5,id_rmse,8.0,12.0,27,0.009129323341228344,0.0029660844589097825,0.015292562223546906,False
scale,Ant-v5,id_rmse,8.0,16.0,27,0.012092837580928096,0.0022890162220551864,0.021896658939801007,False
scale,Ant-v5,id_rmse,8.0,32.0,27,0.015776936654691345,-0.0007606874517902297,0.03231456076117292,False
scale,Ant-v5,far_nll,8.0,2.0,27,0.203624807022236,0.0038382810569023706,0.40341133298756965,True
scale,Ant-v5,far_nll,8.0,4.0,27,-0.12246691076843827,-0.16968129825926534,-0.0752525232776112,False
scale,Ant-v5,far_nll,8.0,6.0,27,-0.05585903150063971,-0.07908268250504324,-0.032635380496236176,False
scale,Ant-v5,far_nll,8.0,12.0,27,0.07731902599334717,0.053202782756545025,0.10143526923014931,False
scale,Ant-v5,far_nll,8.0,16.0,27,0.12982619250262226,0.09194877702906329,0.16770360797618122,True
scale,Ant-v5,far_nll,8.0,32.0,27,0.35880545333579733,0.29354871535135474,0.4240621913202399,True
scale,Ant-v5,far_auroc,8.0,2.0,27,-0.0004296320370370491,-0.0007060390022932924,-0.0001532250717808058,False
scale,Ant-v5,far_auroc,8.0,4.0,27,8.307462962965897e-05,-0.0001073422572636077,0.0002734915165229256,False
scale,Ant-v5,far_auroc,8.0,6.0,27,0.00012979111111114752,-1.5145748883019038e-05,0.0002747279711053141,False
scale,Ant-v5,far_auroc,8.0,12.0,27,-0.000188890370370357,-0.00037046063443771176,-7.32010630300224e-06,False
scale,Ant-v5,far_auroc,8.0,16.0,27,-0.00021912518518516253,-0.00041858031746228356,-1.9670052908041534e-05,False
scale,Ant-v5,far_auroc,8.0,32.0,27,-0.00037315925925924317,-0.0006573469810635952,-8.897153745489111e-05,False
scale,Ant-v5,far_spearman,8.0,2.0,27,-0.22152021629996513,-0.27005522604459975,-0.1729852065553305,True
scale,Ant-v5,far_spearman,8.0,4.0,27,-0.03502828336475335,-0.057128551117291954,-0.012928015612214749,True
scale,Ant-v5,far_spearman,8.0,6.0,27,-0.01274125793869457,-0.033631921868224585,0.008149405990835442,False
scale,Ant-v5,far_spearman,8.0,12.0,27,-0.004088447006792204,-0.028866374850713663,0.020689480837129254,False
scale,Ant-v5,far_spearman,8.0,16.0,27,-0.018986677905585697,-0.04361617970380749,0.005642823892636099,False
scale,Ant-v5,far_spearman,8.0,32.0,27,-0.01544176026729844,-0.04138578895213195,0.010502268417535071,False
scale,HalfCheetah-v5,id_rmse,32.0,8.0,27,-0.03513904412587482,-0.03935837159841121,-0.030919716653338425,False
scale,HalfCheetah-v5,id_rmse,32.0,16.0,27,-0.017947386812280735,-0.022156641289009432,-0.013738132335552038,False
scale,HalfCheetah-v5,id_rmse,32.0,24.0,27,-0.007085985607571072,-0.011189444416155924,-0.00298252679898622,False
scale,HalfCheetah-v5,id_rmse,32.0,48.0,27,0.009844647513495584,-0.007085288885746565,0.026774583912737734,False
scale,HalfCheetah-v5,id_rmse,32.0,64.0,27,0.008506717505278403,0.002108893412469213,0.014904541598087594,False
scale,HalfCheetah-v5,id_rmse,32.0,128.0,27,0.026181207762824163,-0.008015206817946513,0.06037762234359484,False
scale,HalfCheetah-v5,far_nll,32.0,8.0,27,0.09370558350174515,-0.0521929541434622,0.2396041211469525,False
scale,HalfCheetah-v5,far_nll,32.0,16.0,27,-0.06507829383567532,-0.12160076788088017,-0.008555819790470452,False
scale,HalfCheetah-v5,far_nll,32.0,24.0,27,-0.0486683404004132,-0.10841397618172288,0.011077295380896489,False
scale,HalfCheetah-v5,far_nll,32.0,48.0,27,0.06541996532016328,-0.006422807854766954,0.13726273849509352,False
scale,HalfCheetah-v5,far_nll,32.0,64.0,27,0.06126164065466985,0.0030535912010211524,0.11946969010831855,False
scale,HalfCheetah-v5,far_nll,32.0,128.0,27,0.23175578647189662,0.11216569521177865,0.3513458777320146,True
scale,HalfCheetah-v5,far_auroc,32.0,8.0,27,-0.0025578714814814838,-0.004012348870352272,-0.0011033940926106953,False
scale,HalfCheetah-v5,far_auroc,32.0,16.0,27,-0.0006176381481481302,-0.0016870560557848062,0.00045177975948854576,False
scale,HalfCheetah-v5,far_auroc,32.0,24.0,27,-0.00021697814814812687,-0.0011739303676315314,0.0007399740713352777,False
scale,HalfCheetah-v5,far_auroc,32.0,48.0,27,-0.0007553153703703489,-0.0016907141436042846,0.00018008340286358683,False
scale,HalfCheetah-v5,far_auroc,32.0,64.0,27,-0.0005039401851851645,-0.0011817693578251767,0.00017388898745484768,False
scale,HalfCheetah-v5,far_auroc,32.0,128.0,27,-0.0006812472222221975,-0.0014740642999688219,0.00011156985552442686,False
scale,HalfCheetah-v5,far_spearman,32.0,8.0,27,-0.10795077056097038,-0.1519360042871215,-0.06396553683481926,True
scale,HalfCheetah-v5,far_spearman,32.0,16.0,27,-0.05266902216968027,-0.09929441816698129,-0.00604362617237926,True
scale,HalfCheetah-v5,far_spearman,32.0,24.0,27,-0.013169974584914161,-0.05200426830638742,0.025664319136559102,False
scale,HalfCheetah-v5,far_spearman,32.0,48.0,27,0.005160805603603274,-0.03951384927193072,0.04983546047913727,False
scale,HalfCheetah-v5,far_spearman,32.0,64.0,27,0.004091614039653824,-0.028560261849319507,0.03674348992862715,False
scale,HalfCheetah-v5,far_spearman,32.0,128.0,27,0.04859646198867545,-0.011406837347834708,0.1085997613251856,False
scale,Hopper-v5,id_rmse,32.0,8.0,27,-0.01031089932830245,-0.011009741216646706,-0.009612057439958193,False
scale,Hopper-v5,id_rmse,32.0,16.0,27,-0.0051469631769039135,-0.005464816248892984,-0.004829110104914843,False
scale,Hopper-v5,id_rmse,32.0,24.0,27,-0.0018861906396018186,-0.002101750512813074,-0.0016706307663905634,False
scale,Hopper-v5,id_rmse,32.0,48.0,27,0.0017066620014331857,0.0013998969785964394,0.002013427024269932,False
scale,Hopper-v5,id_rmse,32.0,64.0,27,0.0024278798588999923,0.00204887793188064,0.0028068817859193446,False
scale,Hopper-v5,id_rmse,32.0,128.0,27,0.002838985235602765,0.0023756386881664264,0.003302331783039104,False
scale,Hopper-v5,far_nll,32.0,8.0,27,0.18396883651062293,0.12543842974178504,0.24249924327946082,True
scale,Hopper-v5,far_nll,32.0,16.0,27,0.00491269098387823,-0.034661594517341646,0.04448697648509811,False
scale,Hopper-v5,far_nll,32.0,24.0,27,0.023018745912445918,-0.026161605581756606,0.07219909740664844,False
scale,Hopper-v5,far_nll,32.0,48.0,27,-0.002049857819521871,-0.037416138520760665,0.03331642288171693,False
scale,Hopper-v5,far_nll,32.0,64.0,27,0.042496745785077415,-0.008035243932748369,0.09302873550290319,False
scale,Hopper-v5,far_nll,32.0,128.0,27,0.04538706110583411,-0.0005155956785836135,0.09128971789025184,False
scale,Hopper-v5,far_auroc,32.0,8.0,27,-0.029672162037037035,-0.03409517679320777,-0.0252491472808663,True
scale,Hopper-v5,far_auroc,32.0,16.0,27,-0.006979364629629637,-0.009043523193520232,-0.00491520606573904,False
scale,Hopper-v5,far_auroc,32.0,24.0,27,-0.0008451520370370475,-0.0025553754810871054,0.0008650714070130106,False
scale,Hopper-v5,far_auroc,32.0,48.0,27,0.0004854579629629417,-0.0011597786935059755,0.002130694619431859,False
scale,Hopper-v5,far_auroc,32.0,64.0,27,-9.085314814813759e-05,-0.0016071290612235745,0.0014254227649272994,False
scale,Hopper-v5,far_auroc,32.0,128.0,27,-0.00011371592592591807,-0.00213297929463114,0.001905547442779304,False
scale,Hopper-v5,far_spearman,32.0,8.0,27,-0.060797404177195175,-0.10125982901262687,-0.02033497934176348,True
scale,Hopper-v5,far_spearman,32.0,16.0,27,-0.018282708727900648,-0.05267848099185948,0.016113063536058184,False
scale,Hopper-v5,far_spearman,32.0,24.0,27,-0.015067099703371285,-0.0455726314575935,0.01543843205085093,False
scale,Hopper-v5,far_spearman,32.0,48.0,27,-0.013322131161065662,-0.043160735247296994,0.016516472925165667,False
scale,Hopper-v5,far_spearman,32.0,64.0,27,0.0226464148575424,-0.022519904613295675,0.06781273432838048,False
scale,Hopper-v5,far_spearman,32.0,128.0,27,-0.012405134475961995,-0.05215490449323198,0.027344635541307984,False
scale,Humanoid-v5,id_rmse,32.0,8.0,27,-0.002808182327835648,-0.008904175468245014,0.0032878108125737183,False
scale,Humanoid-v5,id_rmse,32.0,16.0,27,-0.002058523672599169,-0.005757552603818199,0.0016405052586198608,False
scale,Humanoid-v5,id_rmse,32.0,24.0,27,-0.0011565596969047246,-0.0031048441432259127,0.0007917247494164635,False
scale,Humanoid-v5,id_rmse,32.0,48.0,27,0.00030842533818050316,-0.002435754044481313,0.00305260472084232,False
scale,Humanoid-v5,id_rmse,32.0,64.0,27,0.001597086588542193,-0.0017723869998083472,0.004966560176892733,False
scale,Humanoid-v5,id_rmse,32.0,128.0,27,0.01035012139214436,-0.0026176977596724556,0.023317940543961177,False
scale,Humanoid-v5,far_nll,32.0,8.0,27,0.1401568518744574,0.11438268517212793,0.16593101857678685,True
scale,Humanoid-v5,far_nll,32.0,16.0,27,0.04566051341869203,0.036774228813582444,0.05454679802380162,False
scale,Humanoid-v5,far_nll,32.0,24.0,27,0.016287432776556976,0.011372001613088724,0.021202863940025227,False
scale,Humanoid-v5,far_nll,32.0,48.0,27,-0.01413512229919445,-0.020392611874592365,-0.007877632723796536,False
scale,Humanoid-v5,far_nll,32.0,64.0,27,-0.021218962139553543,-0.028984302558930208,-0.013453621720176879,False
scale,Humanoid-v5,far_nll,32.0,128.0,27,-0.030898235462330073,-0.04712935420636184,-0.014667116718298304,False
scale,Humanoid-v5,far_auroc,32.0,8.0,27,-0.02622803148148147,-0.0290694683742351,-0.023386594588727844,True
scale,Humanoid-v5,far_auroc,32.0,16.0,27,-0.010363281111111107,-0.013798315139995717,-0.006928247082226497,False
scale,Humanoid-v5,far_auroc,32.0,24.0,27,-0.004478612037037034,-0.007077672615243757,-0.0018795514588303111,False
scale,Humanoid-v5,far_auroc,32.0,48.0,27,0.004799245185185191,0.001890784118063735,0.007707706252306646,False
scale,Humanoid-v5,far_auroc,32.0,64.0,27,0.010210275370370383,0.006320613997442739,0.014099936743298028,False
scale,Humanoid-v5,far_auroc,32.0,128.0,27,0.02096475166666667,0.01309803244159984,0.028831470891733497,False
scale,Humanoid-v5,far_spearman,32.0,8.0,27,0.01412249649139939,0.004039015682805937,0.024205977299992843,False
scale,Humanoid-v5,far_spearman,32.0,16.0,27,0.008681187493351963,-0.0021644889841335013,0.01952686397083743,False
scale,Humanoid-v5,far_spearman,32.0,24.0,27,0.007609379617401498,-0.0026249596276607225,0.01784371886246372,False
scale,Humanoid-v5,far_spearman,32.0,48.0,27,-0.000315122541776898,-0.010543174398222494,0.009912929314668696,False
scale,Humanoid-v5,far_spearman,32.0,64.0,27,-0.010297233216907264,-0.02222607200953497,0.001631605575720443,False
scale,Humanoid-v5,far_spearman,32.0,128.0,27,-0.029773074267241236,-0.05210610939415119,-0.007440039140331284,True
scale,HumanoidStandup-v5,id_rmse,8.0,2.0,27,-0.42328135172526055,-0.6107580156189371,-0.235804687831584,False
scale,HumanoidStandup-v5,id_rmse,8.0,4.0,27,-0.2763476901584204,-0.41262493461975364,-0.1400704456970872,False
scale,HumanoidStandup-v5,id_rmse,8.0,6.0,27,-0.11228836907280881,-0.19173349503413314,-0.03284324311148448,False
scale,HumanoidStandup-v5,id_rmse,8.0,12.0,27,0.21048432809335255,0.05970660136191966,0.36126205482478546,False
scale,HumanoidStandup-v5,id_rmse,8.0,16.0,27,0.7687185781973381,0.10279442755597712,1.4346427288386991,False
scale,HumanoidStandup-v5,id_rmse,8.0,32.0,27,0.5067657894558385,0.1717432349279744,0.8417883439837026,False
scale,HumanoidStandup-v5,far_nll,8.0,2.0,27,2.5570191983823425,1.9458616120872043,3.1681767846774807,True
scale,HumanoidStandup-v5,far_nll,8.0,4.0,27,0.9717599374276621,0.7133822410809196,1.2301376337744045,True
scale,HumanoidStandup-v5,far_nll,8.0,6.0,27,0.308016335522687,0.21271815264385313,0.4033145184015208,True
scale,HumanoidStandup-v5,far_nll,8.0,12.0,27,-0.23647824040165652,-0.3185983582539353,-0.15435812254937775,False
scale,HumanoidStandup-v5,far_nll,8.0,16.0,27,-0.30896856166698317,-0.41076857337278405,-0.2071685499611823,False
scale,HumanoidStandup-v5,far_nll,8.0,32.0,27,-0.40377154173674407,-0.5402952749554661,-0.267247808518022,False
scale,HumanoidStandup-v5,far_auroc,8.0,2.0,27,-0.1599589996296296,-0.18358037384296777,-0.1363376254162914,True
scale,HumanoidStandup-v5,far_auroc,8.0,4.0,27,-0.06967998296296295,-0.08324685170618253,-0.056113114219743375,True
scale,HumanoidStandup-v5,far_auroc,8.0,6.0,27,-0.023075247037037047,-0.029393762269468625,-0.01675673180460547,True
scale,HumanoidStandup-v5,far_auroc,8.0,12.0,27,0.022330579259259253,0.015355344491649704,0.029305814026868802,False
scale,HumanoidStandup-v5,far_auroc,8.0,16.0,27,0.03259406425925927,0.023375530184997925,0.04181259833352062,False
scale,HumanoidStandup-v5,far_auroc,8.0,32.0,27,0.039972175185185206,0.028062459375098613,0.051881890995271795,False
scale,HumanoidStandup-v5,far_spearman,8.0,2.0,27,0.002802518444287484,-0.03421093007987452,0.03981596696844949,False
scale,HumanoidStandup-v5,far_spearman,8.0,4.0,27,-0.010601615733005562,-0.03368860699869478,0.012485375532683656,False
scale,HumanoidStandup-v5,far_spearman,8.0,6.0,27,-0.009832372299206575,-0.02911587248837084,0.009451127889957691,False
scale,HumanoidStandup-v5,far_spearman,8.0,12.0,27,0.010128301275924859,-0.008136522757235518,0.028393125309085235,False
scale,HumanoidStandup-v5,far_spearman,8.0,16.0,27,0.017490410100619982,-0.006050181479791469,0.04103100168103144,False
scale,HumanoidStandup-v5,far_spearman,8.0,32.0,27,0.03861790769201474,0.008296241773387648,0.06893957361064182,False
scale,InvertedDoublePendulum-v5,id_rmse,16.0,4.0,26,-0.016249799205420114,-0.026181828349868777,-0.0063177700609714504,False
scale,InvertedDoublePendulum-v5,id_rmse,16.0,8.0,26,-0.01598329852836636,-0.02591172808976542,-0.006054868966967301,False
scale,InvertedDoublePendulum-v5,id_rmse,16.0,12.0,26,0.014596441903939607,-0.039124415976152495,0.06831729978403171,True
scale,InvertedDoublePendulum-v5,id_rmse,16.0,24.0,26,0.13699375838041306,0.09213016807498164,0.18185734868584447,True
scale,InvertedDoublePendulum-v5,id_rmse,16.0,32.0,26,0.3018647333463797,0.23143458648915693,0.37229488020360246,True
scale,InvertedDoublePendulum-v5,id_rmse,16.0,64.0,26,0.9342595128199229,0.7663364060965804,1.1021826195432654,True
scale,InvertedDoublePendulum-v5,far_nll,16.0,4.0,26,1.8506210583906908,1.5156383764105235,2.1856037403708584,True
scale,InvertedDoublePendulum-v5,far_nll,16.0,8.0,26,0.5370207130908966,0.3007275906403708,0.7733138355414224,True
scale,InvertedDoublePendulum-v5,far_nll,16.0,12.0,26,0.03909819859724782,-0.29943693746713673,0.3776333346616324,False
scale,InvertedDoublePendulum-v5,far_nll,16.0,24.0,26,1.4127287085239704,1.1111503236171532,1.7143070934307876,True
scale,InvertedDoublePendulum-v5,far_nll,16.0,32.0,26,2.1340281596550574,1.8484892271043218,2.419567092205793,True
scale,InvertedDoublePendulum-v5,far_nll,16.0,64.0,26,3.1687258940476637,2.9087931107892544,3.428658677306073,True
scale,InvertedDoublePendulum-v5,far_auroc,16.0,4.0,26,0.0009366201923077073,0.0004153901430156322,0.0014578502415997824,False
scale,InvertedDoublePendulum-v5,far_auroc,16.0,8.0,26,0.0011969598076923122,0.0007913085072990757,0.0016026111080855486,False
scale,InvertedDoublePendulum-v5,far_auroc,16.0,12.0,26,0.0006456513461538313,0.00024020439313027534,0.0010510982991773872,False
scale,InvertedDoublePendulum-v5,far_auroc,16.0,24.0,26,-0.0016832053846153904,-0.0022963238657531075,-0.0010700869034776734,False
scale,InvertedDoublePendulum-v5,far_auroc,16.0,32.0,26,-0.0012174251923076768,-0.0018745783847471964,-0.0005602719998681571,False
scale,InvertedDoublePendulum-v5,far_auroc,16.0,64.0,26,-0.0007794592307692322,-0.0013140082074738022,-0.0002449102540646621,False
scale,InvertedDoublePendulum-v5,far_spearman,16.0,4.0,26,-0.04308377523508292,-0.06685568755315902,-0.01931186291700683,True
scale,InvertedDoublePendulum-v5,far_spearman,16.0,8.0,26,-0.03300651618768817,-0.060510709781551666,-0.005502322593824677,True
scale,InvertedDoublePendulum-v5,far_spearman,16.0,12.0,26,-0.03220693184006102,-0.06381772721436652,-0.0005961364657555215,True
scale,InvertedDoublePendulum-v5,far_spearman,16.0,24.0,26,0.045594248901101045,0.017819837786424507,0.07336866001577758,False
scale,InvertedDoublePendulum-v5,far_spearman,16.0,32.0,26,0.04616357902156695,0.01761946593685472,0.07470769210627919,False
scale,InvertedDoublePendulum-v5,far_spearman,16.0,64.0,26,0.047048204324910185,0.020876097711745166,0.07322031093807521,False
scale,InvertedPendulum-v5,id_rmse,16.0,4.0,26,-0.00013707379380671506,-0.00025030602135959665,-2.3841566253833473e-05,False
scale,InvertedPendulum-v5,id_rmse,16.0,8.0,26,-0.0001311689042128079,-0.0002438151533811945,-1.852265504442129e-05,False
scale,InvertedPendulum-v5,id_rmse,16.0,12.0,26,-8.800480729684972e-05,-0.00018643513899602236,1.0425524402322926e-05,False
scale,InvertedPendulum-v5,id_rmse,16.0,24.0,26,0.0036703506842828615,0.000880998760396066,0.0064597026081696565,True
scale,InvertedPendulum-v5,id_rmse,16.0,32.0,26,0.03303248424512835,0.02215289643234105,0.04391207205791565,True
scale,InvertedPendulum-v5,id_rmse,16.0,64.0,26,0.16639860343331328,0.10494971480832409,0.22784749205830246,True
scale,InvertedPendulum-v5,far_nll,16.0,4.0,26,1.8205255307973578,1.219205076182011,2.4218459854127046,True
scale,InvertedPendulum-v5,far_nll,16.0,8.0,26,0.5623908390362675,0.30772592063708837,0.8170557574354467,True
scale,InvertedPendulum-v5,far_nll,16.0,12.0,26,0.15625942190392658,0.08009141841080707,0.23242742539704608,True
scale,InvertedPendulum-v5,far_nll,16.0,24.0,26,-0.08031035895244433,-0.20578297155819542,0.04516225365330674,False
scale,InvertedPendulum-v5,far_nll,16.0,32.0,26,0.6170681019833025,0.4412220300090587,0.7929141739575464,True
scale,InvertedPendulum-v5,far_nll,16.0,64.0,26,1.789392923291486,1.5939329059285636,1.9848529406544084,True
scale,InvertedPendulum-v5,far_auroc,16.0,4.0,26,-0.05052615461538458,-0.08232920408537497,-0.018723105145394187,True
scale,InvertedPendulum-v5,far_auroc,16.0,8.0,26,-0.023510286538461503,-0.042573227593655824,-0.004447345483267182,True
scale,InvertedPendulum-v5,far_auroc,16.0,12.0,26,-0.007221658269230735,-0.01283137464265694,-0.00161194189580453,False
scale,InvertedPendulum-v5,far_auroc,16.0,24.0,26,-0.03001222288461536,-0.05211776833539371,-0.00790667743383702,True
scale,InvertedPendulum-v5,far_auroc,16.0,32.0,26,-0.05663101788461534,-0.09605527198476516,-0.017206763784465527,True
scale,InvertedPendulum-v5,far_auroc,16.0,64.0,26,-0.0576027790384615,-0.10444152495801404,-0.010764033118908965,True
scale,InvertedPendulum-v5,far_spearman,16.0,4.0,26,-0.19203702097229305,-0.2825494555855995,-0.1015245863589866,True
scale,InvertedPendulum-v5,far_spearman,16.0,8.0,26,-0.08193647385852243,-0.1289964687120386,-0.03487647900500627,True
scale,InvertedPendulum-v5,far_spearman,16.0,12.0,26,-0.03402206044719831,-0.05584735096261935,-0.012196769931777277,True
scale,InvertedPendulum-v5,far_spearman,16.0,24.0,26,0.04009254549859286,-0.0030660314511200062,0.08325112244830574,False
scale,InvertedPendulum-v5,far_spearman,16.0,32.0,26,0.1647003323142934,0.08862024691651009,0.2407804177120767,False
scale,InvertedPendulum-v5,far_spearman,16.0,64.0,26,0.24095214988542282,0.16225247800238068,0.31965182176846496,False
scale,Pusher-v5,id_rmse,8.0,2.0,26,-0.0006935182385719616,-0.0008915447196431087,-0.0004954917575008145,False
scale,Pusher-v5,id_rmse,8.0,4.0,26,-0.0005444235240037571,-0.0006609748279020705,-0.0004278722201054436,False
scale,Pusher-v5,id_rmse,8.0,6.0,26,-0.000271205432139911,-0.00032722243617297215,-0.00021518842810684983,False
scale,Pusher-v5,id_rmse,8.0,12.0,26,0.0004582930929385616,0.00038421260252763053,0.0005323735833494927,False
scale,Pusher-v5,id_rmse,8.0,16.0,26,0.000831707165791443,0.0007156244065545812,0.0009477899250283047,False
scale,Pusher-v5,id_rmse,8.0,32.0,26,0.0017953963520435158,0.0015685019184642312,0.0020222907856228003,False
scale,Pusher-v5,far_nll,8.0,2.0,26,2.1813953885665307,1.7171426680962418,2.6456481090368196,True
scale,Pusher-v5,far_nll,8.0,4.0,26,0.36442895577504086,0.23361339254906968,0.4952445190010121,True
scale,Pusher-v5,far_nll,8.0,6.0,26,0.05346959370833177,0.021973484768962777,0.08496570264770076,False
scale,Pusher-v5,far_nll,8.0,12.0,26,0.05872286053804251,0.03152177228782857,0.08592394878825645,False
scale,Pusher-v5,far_nll,8.0,16.0,26,0.17170801300268906,0.13551310365028296,0.20790292235509517,True
scale,Pusher-v5,far_nll,8.0,32.0,26,0.5884605554433969,0.5412792536104591,0.6356418572763347,True
scale,Pusher-v5,far_auroc,8.0,2.0,26,-0.0036921909615384484,-0.007654738544778901,0.00027035662170200436,False
scale,Pusher-v5,far_auroc,8.0,4.0,26,-0.00015544019230766793,-0.0003251031658847425,1.4222781269406632e-05,False
scale,Pusher-v5,far_auroc,8.0,6.0,26,-1.0069230769221411e-05,-2.11149182566666e-05,9.764567182237791e-07,False
scale,Pusher-v5,far_auroc,8.0,12.0,26,2.727692307699861e-06,2.82864980218985e-08,5.427098117377823e-06,False
scale,Pusher-v5,far_auroc,8.0,16.0,26,2.884615384621472e-06,-3.699900670004332e-08,5.806229775942988e-06,False
scale,Pusher-v5,far_auroc,8.0,32.0,26,1.1430769230816105e-06,-1.243328151254389e-06,3.5294819974176098e-06,False
scale,Pusher-v5,far_spearman,8.0,2.0,26,-0.14196555512562864,-0.15933174750184886,-0.12459936274940843,True
scale,Pusher-v5,far_spearman,8.0,4.0,26,-0.06290160046130366,-0.07311653587102458,-0.052686665051582746,True
scale,Pusher-v5,far_spearman,8.0,6.0,26,-0.022184989591808826,-0.02974329530073778,-0.014626683882879871,True
scale,Pusher-v5,far_spearman,8.0,12.0,26,0.018627154150569817,0.012490907080880496,0.024763401220259138,False
scale,Pusher-v5,far_spearman,8.0,16.0,26,0.029793514800180335,0.02308334408803358,0.03650368551232709,False
scale,Pusher-v5,far_spearman,8.0,32.0,26,0.042929336009465816,0.031985301034083875,0.053873370984847756,False
scale,Reacher-v5,id_rmse,8.0,2.0,26,-0.004156696108671343,-0.0046931737503022155,-0.0036202184670404707,False
scale,Reacher-v5,id_rmse,8.0,4.0,26,-0.0028978425722855855,-0.003329555777896413,-0.002466129366674758,False
scale,Reacher-v5,id_rmse,8.0,6.0,26,-0.001485057175159458,-0.0018568747395183174,-0.0011132396108005987,False
scale,Reacher-v5,id_rmse,8.0,12.0,26,0.0038411210362727785,0.00324296573764813,0.0044392763348974264,False
scale,Reacher-v5,id_rmse,8.0,16.0,26,0.008416266682056275,0.0076472858313575455,0.009185247532755004,True
scale,Reacher-v5,id_rmse,8.0,32.0,26,0.15210787665385467,-0.010194489853944194,0.31441024316165356,True
scale,Reacher-v5,far_nll,8.0,2.0,26,0.17408585691681275,0.11961491022531996,0.22855680360830555,True
scale,Reacher-v5,far_nll,8.0,4.0,26,-0.1316354354986777,-0.14770291556083834,-0.11556795543651707,False
scale,Reacher-v5,far_nll,8.0,6.0,26,-0.08700622523387065,-0.09400511215831445,-0.08000733830942686,False
scale,Reacher-v5,far_nll,8.0,12.0,26,0.17474275598159203,0.1689979713562203,0.18048754060696376,True
scale,Reacher-v5,far_nll,8.0,16.0,26,0.3429669520029655,0.3352722251275415,0.3506616788783895,True
scale,Reacher-v5,far_nll,8.0,32.0,26,1.2734099534841685,1.0322426382772267,1.5145772686911103,True
scale,Reacher-v5,far_auroc,8.0,2.0,26,-0.0027865328846153935,-0.0032612261051607637,-0.0023118396640700234,False
scale,Reacher-v5,far_auroc,8.0,4.0,26,-0.0008058813461538489,-0.00106087039085674,-0.0005508923014509578,False
scale,Reacher-v5,far_auroc,8.0,6.0,26,-0.0002167463461538476,-0.00040327016559349574,-3.0222526714199487e-05,False
scale,Reacher-v5,far_auroc,8.0,12.0,26,2.3883269230785284e-05,-0.0002152061060715813,0.0002629726445331519,False
scale,Reacher-v5,far_auroc,8.0,16.0,26,-0.00011540634615383801,-0.00038061607356060744,0.00014980338125293144,False
scale,Reacher-v5,far_auroc,8.0,32.0,26,-0.015480242307692285,-0.024272731665164027,-0.0066877529502205445,False
scale,Reacher-v5,far_spearman,8.0,2.0,26,-0.021815046397656856,-0.03308897583962721,-0.010541116955686507,True
scale,Reacher-v5,far_spearman,8.0,4.0,26,-0.01432580044190777,-0.02353143476013793,-0.0051201661236776105,False
scale,Reacher-v5,far_spearman,8.0,6.0,26,-0.00993295910183789,-0.015453935647885695,-0.004411982555790086,False
scale,Reacher-v5,far_spearman,8.0,12.0,26,0.00820308673672951,-0.0013265371832650048,0.017732710656724028,False
scale,Reacher-v5,far_spearman,8.0,16.0,26,0.013364383456196125,0.005139868566188371,0.02158889834620388,False
scale,Reacher-v5,far_spearman,8.0,32.0,26,-0.042426752718151814,-0.06387645613937051,-0.02097704929693312,True
scale,Swimmer-v5,id_rmse,8.0,2.0,27,-0.027684119495528722,-0.047973401358323196,-0.007394837632734248,False
scale,Swimmer-v5,id_rmse,8.0,4.0,27,-0.029517793889950836,-0.04833590874763691,-0.01069967903226476,False
scale,Swimmer-v5,id_rmse,8.0,6.0,27,-0.015638992259347888,-0.04280348973866368,0.011525505219967903,False
scale,Swimmer-v5,id_rmse,8.0,12.0,27,0.1639070117639171,0.08216803704537269,0.2456459864824615,True
scale,Swimmer-v5,id_rmse,8.0,16.0,27,0.3486938317892728,0.18617608296601001,0.5112115806125357,True
scale,Swimmer-v5,id_rmse,8.0,32.0,27,0.8259170045731244,0.682628119533335,0.9692058896129139,True
scale,Swimmer-v5,far_nll,8.0,2.0,27,-0.5587276992974458,-0.8463201071741953,-0.2711352914206964,False
scale,Swimmer-v5,far_nll,8.0,4.0,27,-0.7364891833729215,-1.0032333414403682,-0.46974502530547463,False
scale,Swimmer-v5,far_nll,8.0,6.0,27,-0.5612401410385415,-0.8347833065164971,-0.2876969755605858,False
scale,Swimmer-v5,far_nll,8.0,12.0,27,1.4244181050194635,1.0903612924612716,1.7584749175776555,True
scale,Swimmer-v5,far_nll,8.0,16.0,27,2.041840014634309,1.6122192494409502,2.4714607798276678,True
scale,Swimmer-v5,far_nll,8.0,32.0,27,3.0685890868858055,2.743620810064225,3.393557363707386,True
scale,Swimmer-v5,far_auroc,8.0,2.0,27,0.0038443816666666538,0.00216015941969426,0.005528603913639048,False
scale,Swimmer-v5,far_auroc,8.0,4.0,27,0.002565082962962975,0.00021240952063652802,0.004917756405289422,False
scale,Swimmer-v5,far_auroc,8.0,6.0,27,0.0019321368518518626,-0.00014791076298518438,0.00401218446668891,False
scale,Swimmer-v5,far_auroc,8.0,12.0,27,-0.002595127037037052,-0.005040317894809662,-0.00014993617926444165,False
scale,Swimmer-v5,far_auroc,8.0,16.0,27,-0.00023970444444443295,-0.002353941034635335,0.001874532145746469,False
scale,Swimmer-v5,far_auroc,8.0,32.0,27,0.0011106512962962998,-0.0007677078978252472,0.002989010490417847,False
scale,Swimmer-v5,far_spearman,8.0,2.0,27,-0.10581356577865117,-0.1597004280418831,-0.05192670351541923,True
scale,Swimmer-v5,far_spearman,8.0,4.0,27,-0.10047214998624855,-0.15050622054143778,-0.05043807943105933,True
scale,Swimmer-v5,far_spearman,8.0,6.0,27,-0.08884972783813806,-0.14149550547985296,-0.036203950196423154,True
scale,Swimmer-v5,far_spearman,8.0,12.0,27,0.1671217175027144,0.11166830037966274,0.22257513462576606,False
scale,Swimmer-v5,far_spearman,8.0,16.0,27,0.18165265552602264,0.11824289540413709,0.2450624156479082,False
scale,Swimmer-v5,far_spearman,8.0,32.0,27,0.17347489187679824,0.12138122640410842,0.22556855734948805,False
scale,Walker2d-v5,id_rmse,16.0,4.0,27,-0.03006232226336444,-0.03143095511159875,-0.028693689415130133,False
scale,Walker2d-v5,id_rmse,16.0,8.0,27,-0.01836733685599433,-0.019037481437271585,-0.017697192274717072,False
scale,Walker2d-v5,id_rmse,16.0,12.0,27,-0.008391128646002876,-0.00872695848739943,-0.008055298804606321,False
scale,Walker2d-v5,id_rmse,16.0,24.0,27,0.011484179231855605,0.010934474025472284,0.012033884438238926,False
scale,Walker2d-v5,id_rmse,16.0,32.0,27,0.01795924151385272,0.017204431512213028,0.018714051515492415,False
scale,Walker2d-v5,id_rmse,16.0,64.0,27,0.02530247856069494,0.024158042634938842,0.02644691448645104,False
scale,Walker2d-v5,far_nll,16.0,4.0,27,4.765048989543208,4.376707709016218,5.153390270070199,True
scale,Walker2d-v5,far_nll,16.0,8.0,27,1.5399934892301206,1.3912271538501848,1.6887598246100564,True
scale,Walker2d-v5,far_nll,16.0,12.0,27,0.46877525470874926,0.40919467140221333,0.5283558380152852,True
scale,Walker2d-v5,far_nll,16.0,24.0,27,-0.34801322000998053,-0.39265116166815534,-0.3033752783518057,False
scale,Walker2d-v5,far_nll,16.0,32.0,27,-0.4467781296482793,-0.5009184193987453,-0.39263783989781326,False
scale,Walker2d-v5,far_nll,16.0,64.0,27,-0.5030310904538191,-0.5726674530780951,-0.4333947278295431,False
scale,Walker2d-v5,far_auroc,16.0,4.0,27,-0.019644204814814797,-0.02244338622642123,-0.016845023403208363,False
scale,Walker2d-v5,far_auroc,16.0,8.0,27,-0.004370910185185157,-0.005170170528676656,-0.0035716498416936576,False
scale,Walker2d-v5,far_auroc,16.0,12.0,27,-0.0010197735185185177,-0.0012729454480996066,-0.0007666015889374288,False
scale,Walker2d-v5,far_auroc,16.0,24.0,27,0.0006462035185185219,0.00038675278643689583,0.0009056542506001479,False
scale,Walker2d-v5,far_auroc,16.0,32.0,27,0.0008307238888888867,0.0004926267241720045,0.0011688210536057687,False
scale,Walker2d-v5,far_auroc,16.0,64.0,27,0.0009124159259259303,0.0005724608953945514,0.0012523709564573092,False
scale,Walker2d-v5,far_spearman,16.0,4.0,27,-0.008125471522069798,-0.02038111730158159,0.004130174257441993,False
scale,Walker2d-v5,far_spearman,16.0,8.0,27,0.005057343639739093,-0.002421293914679941,0.012535981194158127,False
scale,Walker2d-v5,far_spearman,16.0,12.0,27,0.006312741857187144,-4.326373057067685e-06,0.012629810087431356,False
scale,Walker2d-v5,far_spearman,16.0,24.0,27,-0.0021160191692071667,-0.010988520866767548,0.006756482528353214,False
scale,Walker2d-v5,far_spearman,16.0,32.0,27,-0.004094599931278792,-0.01535061610698018,0.007161416244422596,False
scale,Walker2d-v5,far_spearman,16.0,64.0,27,-0.013600782992506034,-0.029648902458826367,0.002447336473814298,False
rank,Ant-v5,id_rmse,20.0,1.0,27,0.00666509955017655,-0.00450669942531618,0.01783689852566928,False
rank,Ant-v5,id_rmse,20.0,2.0,27,0.004204518265194363,-0.00740935458017294,0.015818391110561665,False
rank,Ant-v5,id_rmse,20.0,5.0,27,-0.004562057830669262,-0.01311275685994645,0.003988641198607926,False
rank,Ant-v5,id_rmse,20.0,10.0,27,0.0005347618350276241,-0.00444154145704308,0.005511065127098328,False
rank,Ant-v5,id_rmse,20.0,15.0,27,-0.0011527692830121076,-0.011892690470176197,0.009587151904151981,False
rank,Ant-v5,id_rmse,20.0,30.0,27,-0.0029512820420441806,-0.010331213625408672,0.004428649541320311,False
rank,Ant-v5,id_rmse,20.0,40.0,27,-0.007030818197462294,-0.018541876903263074,0.004480240508338486,False
rank,Ant-v5,far_nll,20.0,1.0,27,0.01207051674524945,-0.022155770477578537,0.046296803968077435,False
rank,Ant-v5,far_nll,20.0,2.0,27,0.006525306789963346,-0.02581665883968111,0.0388672724196078,False
rank,Ant-v5,far_nll,20.0,5.0,27,-0.0020496249198913453,-0.03303802309996396,0.028938773260181266,False
rank,Ant-v5,far_nll,20.0,10.0,27,0.012548027215180587,-0.012693518748540298,0.03778957317890147,False
rank,Ant-v5,far_nll,20.0,15.0,27,0.015824401820147452,-0.007956302780283253,0.03960510642057816,False
rank,Ant-v5,far_nll,20.0,30.0,27,0.012114641843018704,-0.010969473901487026,0.035198757587524436,False
rank,Ant-v5,far_nll,20.0,40.0,27,0.0020984234633269296,-0.025037945140138792,0.029234792066792654,False
rank,Ant-v5,far_auroc,20.0,1.0,27,-0.0003203337037036939,-0.0005757155123506089,-6.495189505677896e-05,False
rank,Ant-v5,far_auroc,20.0,2.0,27,-5.008870370369777e-05,-0.0002028496361517019,0.00010267222874430637,False
rank,Ant-v5,far_auroc,20.0,5.0,27,-4.269759259257067e-05,-0.00024525729117400513,0.00015986210598886377,False
rank,Ant-v5,far_auroc,20.0,10.0,27,2.3275000000005726e-05,-0.00017898961994788023,0.00022553961994789168,False
rank,Ant-v5,far_auroc,20.0,15.0,27,8.012111111113353e-05,-8.89054584500327e-05,0.0002491476806722998,False
rank,Ant-v5,far_auroc,20.0,30.0,27,6.86764814815049e-05,-0.00013447858952209233,0.00027183155248510215,False
rank,Ant-v5,far_auroc,20.0,40.0,27,5.6739444444451504e-05,-0.00010673365803357511,0.0002202125469224781,False
rank,Ant-v5,far_spearman,20.0,1.0,27,0.006609744328341605,-0.016141623305462684,0.029361111962145893,False
rank,Ant-v5,far_spearman,20.0,2.0,27,0.006343178523395963,-0.011714337101281624,0.02440069414807355,False
rank,Ant-v5,far_spearman,20.0,5.0,27,-0.013039696473809396,-0.030045677541281464,0.00396628459366267,False
rank,Ant-v5,far_spearman,20.0,10.0,27,-0.011921131559853982,-0.03274439229743094,0.008902129177722972,False
rank,Ant-v5,far_spearman,20.0,15.0,27,-0.0022597250750991003,-0.0220177230732612,0.017498272923062996,False
rank,Ant-v5,far_spearman,20.0,30.0,27,-0.003012148680867217,-0.021266015276090525,0.015241717914356093,False
rank,Ant-v5,far_spearman,20.0,40.0,27,-0.003564155656053552,-0.023169270391987896,0.016040959079880793,False
rank,HalfCheetah-v5,id_rmse,20.0,1.0,27,0.04033618061630818,0.028004043904455933,0.05266831732816042,False
rank,HalfCheetah-v5,id_rmse,20.0,2.0,27,0.007604916890462239,0.0005955681301259173,0.014614265650798562,False
rank,HalfCheetah-v5,id_rmse,20.0,5.0,27,-0.0009027189678615912,-0.006426728513047397,0.004621290577324214,False
rank,HalfCheetah-v5,id_rmse,20.0,10.0,27,-0.0018041133880615234,-0.0077457191691643725,0.004137492393041326,False
rank,HalfCheetah-v5,id_rmse,20.0,15.0,27,-0.002171220602812582,-0.007149443338378619,0.002807002132753454,False
rank,HalfCheetah-v5,id_rmse,20.0,30.0,27,-0.00035534523151540637,-0.0038307935596654536,0.003120103096634641,False
rank,HalfCheetah-v5,id_rmse,20.0,40.0,27,0.0009303931836729026,-0.005366036994812397,0.007226823362158201,False
rank,HalfCheetah-v5,far_nll,20.0,1.0,27,0.11505086775179264,0.04412893044242518,0.1859728050611601,True
rank,HalfCheetah-v5,far_nll,20.0,2.0,27,0.001131671446341113,-0.06434694543651559,0.06661028832919783,False
rank,HalfCheetah-v5,far_nll,20.0,5.0,27,-0.0071282784144083905,-0.051634080139691986,0.0373775233108752,False
rank,HalfCheetah-v5,far_nll,20.0,10.0,27,0.006156956707989728,-0.07133036779374818,0.08364428120972764,False
rank,HalfCheetah-v5,far_nll,20.0,15.0,27,-0.03024307445243552,-0.0845331984563408,0.024047049551469767,False
rank,HalfCheetah-v5,far_nll,20.0,30.0,27,0.017466779108400724,-0.02706456997828111,0.06199812819508256,False
rank,HalfCheetah-v5,far_nll,20.0,40.0,27,-0.002469751569959869,-0.05217746574209688,0.04723796260217714,False
rank,HalfCheetah-v5,far_auroc,20.0,1.0,27,-0.0016490287037037093,-0.002394915445834217,-0.0009031419615732016,False
rank,HalfCheetah-v5,far_auroc,20.0,2.0,27,-0.000999522222222199,-0.0019998698120661097,8.253676217115889e-07,False
rank,HalfCheetah-v5,far_auroc,20.0,5.0,27,-0.00013523240740739335,-0.0007923181831877174,0.0005218533683729308,False
rank,HalfCheetah-v5,far_auroc,20.0,10.0,27,-0.00020391129629630336,-0.0006949807129762891,0.00028715812038368244,False
rank,HalfCheetah-v5,far_auroc,20.0,15.0,27,-0.0001389646296296228,-0.0009234335070091629,0.0006455042477499172,False
rank,HalfCheetah-v5,far_auroc,20.0,30.0,27,-0.0006211637037036742,-0.0016980877644994896,0.00045576035709214116,False
rank,HalfCheetah-v5,far_auroc,20.0,40.0,27,-0.00048808166666665837,-0.0011327809522561991,0.00015661761892288235,False
rank,HalfCheetah-v5,far_spearman,20.0,1.0,27,0.03259353201639576,-0.01261746462264153,0.07780452865543305,False
rank,HalfCheetah-v5,far_spearman,20.0,2.0,27,-0.012731696123358519,-0.05768142788682031,0.032218035640103275,False
rank,HalfCheetah-v5,far_spearman,20.0,5.0,27,-0.012782893532246698,-0.05392409537986949,0.028358308315376096,False
rank,HalfCheetah-v5,far_spearman,20.0,10.0,27,-0.009135579551607471,-0.0490329353888874,0.030761776285672456,False
rank,HalfCheetah-v5,far_spearman,20.0,15.0,27,-0.018240159352713146,-0.057284303698779473,0.02080398499335318,False
rank,HalfCheetah-v5,far_spearman,20.0,30.0,27,-0.0038591612363370054,-0.0403900186509693,0.03267169617829529,False
rank,HalfCheetah-v5,far_spearman,20.0,40.0,27,-0.000574005246868767,-0.03225917916477289,0.031111168671035357,False
rank,Hopper-v5,id_rmse,20.0,1.0,27,0.010274081870361614,0.009304470261600573,0.011243693479122654,True
rank,Hopper-v5,id_rmse,20.0,2.0,27,0.00256094446888676,0.0021979583707047333,0.002923930567068787,False
rank,Hopper-v5,id_rmse,20.0,5.0,27,0.00036087245852859035,1.8862633685681534e-05,0.0007028822833714992,False
rank,Hopper-v5,id_rmse,20.0,10.0,27,0.00027272381164409395,4.576782423917382e-06,0.0005408708408642705,False
rank,Hopper-v5,id_rmse,20.0,15.0,27,0.00015363759464686536,-0.0004566426416569907,0.0007639178309507215,False
rank,Hopper-v5,id_rmse,20.0,30.0,27,-0.00017967654599084515,-0.00044676622608854266,8.741313410685233e-05,False
rank,Hopper-v5,id_rmse,20.0,40.0,27,6.504191292656485e-05,-0.00024749435917838865,0.00037757818503151837,False
rank,Hopper-v5,far_nll,20.0,1.0,27,0.36447469393412274,0.28716723232028607,0.4417821555479594,True
rank,Hopper-v5,far_nll,20.0,2.0,27,0.08273526970986966,0.044259865212315425,0.1212106742074239,False
rank,Hopper-v5,far_nll,20.0,5.0,27,0.027697633262033807,-0.010335145415795912,0.06573041193986352,False
rank,Hopper-v5,far_nll,20.0,10.0,27,0.013325599056703068,-0.02494842531954581,0.05159962343295194,False
rank,Hopper-v5,far_nll,20.0,15.0,27,0.002734876341289938,-0.0357717966219591,0.04124154930453897,False
rank,Hopper-v5,far_nll,20.0,30.0,27,0.015788313415315405,-0.02522987313200882,0.05680649996263963,False
rank,Hopper-v5,far_nll,20.0,40.0,27,0.010765320173016298,-0.024914545608629532,0.04644518595466213,False
rank,Hopper-v5,far_auroc,20.0,1.0,27,-0.01020349870370371,-0.014183834907759691,-0.0062231624996477285,False
rank,Hopper-v5,far_auroc,20.0,2.0,27,-0.00021141907407408713,-0.002623990711748702,0.002201152563600528,False
rank,Hopper-v5,far_auroc,20.0,5.0,27,0.001837227037037004,-0.0006427092500997135,0.0043171633241737215,False
rank,Hopper-v5,far_auroc,20.0,10.0,27,0.0019203038888888759,-0.0003504404002910909,0.004191048178068843,False
rank,Hopper-v5,far_auroc,20.0,15.0,27,0.0005627294444444447,-0.0012357830301275622,0.0023612419190164515,False
rank,Hopper-v5,far_auroc,20.0,30.0,27,0.0022559459259259324,0.00023167064225559832,0.004280221209596266,False
rank,Hopper-v5,far_auroc,20.0,40.0,27,0.0023504187037037003,0.0005409113435672251,0.004159926063840176,False
rank,Hopper-v5,far_spearman,20.0,1.0,27,-0.051754462175417675,-0.10469462263736762,0.001185698286532276,True
rank,Hopper-v5,far_spearman,20.0,2.0,27,-0.01733986413890229,-0.05706238086334899,0.022382652585544414,False
rank,Hopper-v5,far_spearman,20.0,5.0,27,-0.020436219898864082,-0.056468437280614014,0.015595997482885853,True
rank,Hopper-v5,far_spearman,20.0,10.0,27,-0.010469896127957868,-0.045865018033615645,0.024925225777699914,False
rank,Hopper-v5,far_spearman,20.0,15.0,27,-0.004512203885498952,-0.03629912547272768,0.027274717701729775,False
rank,Hopper-v5,far_spearman,20.0,30.0,27,-0.008423260462904312,-0.03859025092062672,0.021743729994818092,False
rank,Hopper-v5,far_spearman,20.0,40.0,27,-0.00292702063943775,-0.041141917713290496,0.035287876434415,False
rank,Humanoid-v5,id_rmse,20.0,1.0,27,0.003635689064309502,-0.0020088766511861425,0.009280254779805146,False
rank,Humanoid-v5,id_rmse,20.0,2.0,27,0.0006821243851281043,-0.003951649896670634,0.005315898666926842,False
rank,Humanoid-v5,id_rmse,20.0,5.0,27,0.0014525519476993895,-0.001769790716510228,0.004674894611909007,False
rank,Humanoid-v5,id_rmse,20.0,10.0,27,0.00031746758355087357,-0.0034173282475322593,0.004052263414634006,False
rank,Humanoid-v5,id_rmse,20.0,15.0,27,0.0005131474247682553,-0.002533842087075651,0.003560136936612162,False
rank,Humanoid-v5,id_rmse,20.0,30.0,27,0.00019907068323206018,-0.0027512650177703344,0.003149406384234455,False
rank,Humanoid-v5,id_rmse,20.0,40.0,27,0.00019539727105061038,-0.0029114577379652493,0.00330225228006647,False
rank,Humanoid-v5,far_nll,20.0,1.0,27,0.08570383213184493,0.0662084438918881,0.10519922037180177,False
rank,Humanoid-v5,far_nll,20.0,2.0,27,0.023527595731947158,0.014298165073446882,0.03275702639044743,False
rank,Humanoid-v5,far_nll,20.0,5.0,27,0.005406626948603828,-0.0010672979669734493,0.011880551864181105,False
rank,Humanoid-v5,far_nll,20.0,10.0,27,0.0021796756320528526,-0.004651158188878559,0.009010509452984265,False
rank,Humanoid-v5,far_nll,20.0,15.0,27,0.0009017785390217606,-0.00527849310676856,0.007082050184812082,False
rank,Humanoid-v5,far_nll,20.0,30.0,27,0.00016761709142604426,-0.006774409615621937,0.0071096437984740244,False
rank,Humanoid-v5,far_nll,20.0,40.0,27,-0.0033467169161196767,-0.011110897810046073,0.004417463977806721,False
rank,Humanoid-v5,far_auroc,20.0,1.0,27,-0.011674367222222225,-0.016160464598025413,-0.007188269846419035,False
rank,Humanoid-v5,far_auroc,20.0,2.0,27,-0.0030554911111111078,-0.006170410250746184,5.942802852396817e-05,False
rank,Humanoid-v5,far_auroc,20.0,5.0,27,0.0003289261111111223,-0.0024033100057900126,0.003061162228012257,False
rank,Humanoid-v5,far_auroc,20.0,10.0,27,-0.0003749868518518298,-0.0033509597390450167,0.002600986035341357,False
rank,Humanoid-v5,far_auroc,20.0,15.0,27,-0.0002774366666666532,-0.003400883803048551,0.002846010469715245,False
rank,Humanoid-v5,far_auroc,20.0,30.0,27,0.00012083092592591594,-0.002726755591352553,0.0029684174432043848,False
rank,Humanoid-v5,far_auroc,20.0,40.0,27,1.6927222222239497e-05,-0.0029345059850048043,0.0029683604294492836,False
rank,Humanoid-v5,far_spearman,20.0,1.0,27,0.007568033004583447,-0.0030034894786114567,0.01813955548777835,False
rank,Humanoid-v5,far_spearman,20.0,2.0,27,0.005637248167802101,-0.0046628406370793265,0.015937336972683527,False
rank,Humanoid-v5,far_spearman,20.0,5.0,27,0.002499604997162561,-0.004949442987966046,0.009948652982291167,False
rank,Humanoid-v5,far_spearman,20.0,10.0,27,0.003609086457560142,-0.006949568505752367,0.01416774142087265,False
rank,Humanoid-v5,far_spearman,20.0,15.0,27,0.005117714914459082,-0.0055367688270092676,0.01577219865592743,False
rank,Humanoid-v5,far_spearman,20.0,30.0,27,0.0038489092422596353,-0.007000419342595618,0.014698237827114888,False
rank,Humanoid-v5,far_spearman,20.0,40.0,27,0.004484456693939421,-0.006087052125949868,0.01505596551382871,False
rank,HumanoidStandup-v5,id_rmse,20.0,1.0,27,-0.03727114642107902,-0.17311183618950696,0.09856954334734894,False
rank,HumanoidStandup-v5,id_rmse,20.0,2.0,27,0.11914330941659433,-0.11831557466082203,0.3566021934940107,False
rank,HumanoidStandup-v5,id_rmse,20.0,5.0,27,0.014056947496202125,-0.06824713097579285,0.0963610259681971,False
rank,HumanoidStandup-v5,id_rmse,20.0,10.0,27,0.007062700059678819,-0.12296008461570476,0.1370854847350624,False
rank,HumanoidStandup-v5,id_rmse,20.0,15.0,27,0.05779626634385995,-0.12178525832979814,0.23737779101751805,False
rank,HumanoidStandup-v5,id_rmse,20.0,30.0,27,0.05424407676414207,-0.04990146120879699,0.15838961473708113,False
rank,HumanoidStandup-v5,id_rmse,20.0,40.0,27,0.021809330692998213,-0.10804043417125987,0.1516590955572563,False
rank,HumanoidStandup-v5,far_nll,20.0,1.0,27,0.22577442946257412,0.12682147015348763,0.32472738877166063,True
rank,HumanoidStandup-v5,far_nll,20.0,2.0,27,0.06487025154961483,-0.0165652040559678,0.14630570715519747,False
rank,HumanoidStandup-v5,far_nll,20.0,5.0,27,-0.01687978815149381,-0.07848932016030835,0.04472974385732073,False
rank,HumanoidStandup-v5,far_nll,20.0,10.0,27,0.014949480692545572,-0.030697246198456957,0.0605962075835481,False
rank,HumanoidStandup-v5,far_nll,20.0,15.0,27,0.03480902424565068,-0.01731020571309312,0.08692825420439448,False
rank,HumanoidStandup-v5,far_nll,20.0,30.0,27,0.006474106400101241,-0.04803678841728523,0.060985001217487705,False
rank,HumanoidStandup-v5,far_nll,20.0,40.0,27,0.007737883815058988,-0.047056806332563476,0.06253257396268146,False
rank,HumanoidStandup-v5,far_auroc,20.0,1.0,27,-0.020745409444444467,-0.027299962938199474,-0.01419085595068946,True
rank,HumanoidStandup-v5,far_auroc,20.0,2.0,27,-0.0029061285185185077,-0.007455917997070665,0.0016436609600336497,False
rank,HumanoidStandup-v5,far_auroc,20.0,5.0,27,-0.0002143549999999912,-0.0043484383363914135,0.00391972833639143,False
rank,HumanoidStandup-v5,far_auroc,20.0,10.0,27,0.00033865629629630737,-0.0030827257000226307,0.0037600382926152457,False
rank,HumanoidStandup-v5,far_auroc,20.0,15.0,27,0.000775794629629639,-0.004030072053433002,0.00558166131269228,False
rank,HumanoidStandup-v5,far_auroc,20.0,30.0,27,0.00023986037037038166,-0.0058574074355274165,0.00633712817626818,False
rank,HumanoidStandup-v5,far_auroc,20.0,40.0,27,-0.0013911427777777842,-0.006465086355246589,0.0036828007996910204,False
rank,HumanoidStandup-v5,far_spearman,20.0,1.0,27,-0.0035016619737300836,-0.027290395222707632,0.020287071275247467,False
rank,HumanoidStandup-v5,far_spearman,20.0,2.0,27,-0.006085523149767674,-0.02260092057567331,0.010429874276137965,False
rank,HumanoidStandup-v5,far_spearman,20.0,5.0,27,0.0005615917552887833,-0.01726163331809639,0.018384816828673958,False
rank,HumanoidStandup-v5,far_spearman,20.0,10.0,27,-0.005634557689759047,-0.01975649758294007,0.008487382203421975,False
rank,HumanoidStandup-v5,far_spearman,20.0,15.0,27,-0.014606375525732455,-0.03505919535619095,0.005846444304726046,False
rank,HumanoidStandup-v5,far_spearman,20.0,30.0,27,-0.0022686124584502705,-0.021348583668969686,0.016811358752069145,False
rank,HumanoidStandup-v5,far_spearman,20.0,40.0,27,-0.0033735873257365683,-0.022680996480961734,0.0159338218294886,False
rank,InvertedDoublePendulum-v5,id_rmse,20.0,1.0,26,0.03777366869438152,-0.007504797642737329,0.08305213503150037,True
rank,InvertedDoublePendulum-v5,id_rmse,20.0,2.0,26,0.006417402997612949,-0.01698177511314381,0.02981658110836971,True
rank,InvertedDoublePendulum-v5,id_rmse,20.0,5.0,26,0.04247682287286108,-0.003669691813943561,0.08862333755966573,True
rank,InvertedDoublePendulum-v5,id_rmse,20.0,10.0,26,0.0281297078069586,-0.005778823886773851,0.06203823950069105,True
rank,InvertedDoublePendulum-v5,id_rmse,20.0,15.0,26,0.03423251720288626,0.003357462067321324,0.0651075723384512,True
rank,InvertedDoublePendulum-v5,id_rmse,20.0,30.0,26,0.008123149593862207,-0.009667543630625075,0.025913842818349492,True
rank,InvertedDoublePendulum-v5,id_rmse,20.0,40.0,26,0.002934448994123012,-0.011210829671537944,0.017079727659783966,True
rank,InvertedDoublePendulum-v5,far_nll,20.0,1.0,26,0.3849420455785898,0.0015046165203422834,0.7683794746368373,True
rank,InvertedDoublePendulum-v5,far_nll,20.0,2.0,26,-0.012185642352470993,-0.257987557676459,0.23361627297151696,False
rank,InvertedDoublePendulum-v5,far_nll,20.0,5.0,26,0.25214510009838986,-0.119592481270697,0.6238826814674767,True
rank,InvertedDoublePendulum-v5,far_nll,20.0,10.0,26,0.23782329375927258,-0.10862477316206004,0.5842713606806051,True
rank,InvertedDoublePendulum-v5,far_nll,20.0,15.0,26,0.3534169907753285,-0.011206527536506916,0.718040509087164,True
rank,InvertedDoublePendulum-v5,far_nll,20.0,30.0,26,0.04365803186710061,-0.23683135814663808,0.3241474218808393,False
rank,InvertedDoublePendulum-v5,far_nll,20.0,40.0,26,-0.06568941703209508,-0.32820845476509103,0.19682962070090088,False
rank,InvertedDoublePendulum-v5,far_auroc,20.0,1.0,26,-0.0006177530769230777,-0.0013588702467005357,0.00012336409285438037,False
rank,InvertedDoublePendulum-v5,far_auroc,20.0,2.0,26,-9.225038461537685e-05,-0.0005480895051260715,0.00036358873589531775,False
rank,InvertedDoublePendulum-v5,far_auroc,20.0,5.0,26,-0.0006747507692307877,-0.0015438339822990482,0.00019433244383747293,False
rank,InvertedDoublePendulum-v5,far_auroc,20.0,10.0,26,-0.0010250496153846023,-0.0018930156723672945,-0.00015708355840191013,False
rank,InvertedDoublePendulum-v5,far_auroc,20.0,15.0,26,-0.000803496538461525,-0.001597722884161571,-9.270192761479112e-06,False
rank,InvertedDoublePendulum-v5,far_auroc,20.0,30.0,26,-0.000413631153846145,-0.0009525767407924919,0.00012531443310020198,False
rank,InvertedDoublePendulum-v5,far_auroc,20.0,40.0,26,-0.000431793076923067,-0.0012051906127847922,0.0003416044589386581,False
rank,InvertedDoublePendulum-v5,far_spearman,20.0,1.0,26,0.0026325680915819318,-0.022550347671044007,0.02781548385420787,False
rank,InvertedDoublePendulum-v5,far_spearman,20.0,2.0,26,-0.0012562833731929244,-0.021772565357210494,0.019259998610824645,False
rank,InvertedDoublePendulum-v5,far_spearman,20.0,5.0,26,0.00390744201902526,-0.02882308610893525,0.03663797014698577,False
rank,InvertedDoublePendulum-v5,far_spearman,20.0,10.0,26,0.01614228032717335,-0.006269417274415195,0.03855397792876189,False
rank,InvertedDoublePendulum-v5,far_spearman,20.0,15.0,26,0.015553768218595741,-0.009122033318473118,0.0402295697556646,False
rank,InvertedDoublePendulum-v5,far_spearman,20.0,30.0,26,0.013013062628029768,-0.01321789560382153,0.03924402085988107,False
rank,InvertedDoublePendulum-v5,far_spearman,20.0,40.0,26,0.0011444803829927306,-0.021226022372553263,0.023514983138538725,False
rank,InvertedPendulum-v5,id_rmse,20.0,1.0,26,0.00022992894698219984,6.127362641683681e-05,0.0003985842675475629,False
rank,InvertedPendulum-v5,id_rmse,20.0,2.0,26,0.00014358207296865776,-5.540424721289504e-05,0.00034256839315021054,False
rank,InvertedPendulum-v5,id_rmse,20.0,5.0,26,5.2668942281823184e-05,-0.0001159443806257456,0.00022128226518939198,False
rank,InvertedPendulum-v5,id_rmse,20.0,10.0,26,0.0008622485105521385,-0.0009755440688669985,0.0027000410899712755,True
rank,InvertedPendulum-v5,id_rmse,20.0,15.0,26,-6.392014284546152e-05,-0.00016915581042746525,4.1315524736542216e-05,False
rank,InvertedPendulum-v5,id_rmse,20.0,30.0,26,1.455454800563872e-05,-9.567722807905105e-05,0.0001247863240903285,False
rank,InvertedPendulum-v5,id_rmse,20.0,40.0,26,-1.9144875785492357e-05,-0.00012187376376478993,8.35840121938052e-05,False
rank,InvertedPendulum-v5,far_nll,20.0,1.0,26,0.14996792641110146,0.0694756460513006,0.23046020677090231,True
rank,InvertedPendulum-v5,far_nll,20.0,2.0,26,0.037137298844754696,-0.0011713197243084228,0.07544591741381781,False
rank,InvertedPendulum-v5,far_nll,20.0,5.0,26,0.009886815642508186,-0.02347359236389862,0.04324722364891499,False
rank,InvertedPendulum-v5,far_nll,20.0,10.0,26,0.013563061921069274,-0.021291052024445627,0.04841717586658417,False
rank,InvertedPendulum-v5,far_nll,20.0,15.0,26,0.02542939244841156,-0.022230954708312448,0.07308973960513557,False
rank,InvertedPendulum-v5,far_nll,20.0,30.0,26,-0.0020186433282035846,-0.04701138085112126,0.042974094194714096,False
rank,InvertedPendulum-v5,far_nll,20.0,40.0,26,-0.01694850910168424,-0.06705508778518826,0.033158069581819785,False
rank,InvertedPendulum-v5,far_auroc,20.0,1.0,26,-0.004449330961538416,-0.009369425674061398,0.0004707637509845644,False
rank,InvertedPendulum-v5,far_auroc,20.0,2.0,26,-0.0011806796153845944,-0.0056379256820597405,0.0032765664512905517,False
rank,InvertedPendulum-v5,far_auroc,20.0,5.0,26,-0.000958663461538432,-0.0034819786886053916,0.0015646517655285273,False
rank,InvertedPendulum-v5,far_auroc,20.0,10.0,26,0.001835608076923106,-0.004449057434470196,0.008120273588316409,False
rank,InvertedPendulum-v5,far_auroc,20.0,15.0,26,-0.00486357634615383,-0.0104022590217338,0.0006751063294261382,False
rank,InvertedPendulum-v5,far_auroc,20.0,30.0,26,-0.002645732499999989,-0.005487936917374413,0.0001964719173744348,False
rank,InvertedPendulum-v5,far_auroc,20.0,40.0,26,0.0007543050000000192,-0.002565539277145373,0.004074149277145412,False
rank,InvertedPendulum-v5,far_spearman,20.0,1.0,26,-0.0272500444617987,-0.04965925255757936,-0.004840836366018047,True
rank,InvertedPendulum-v5,far_spearman,20.0,2.0,26,-0.006446334027688252,-0.026515893260942645,0.01362322520556614,False
rank,InvertedPendulum-v5,far_spearman,20.0,5.0,26,-0.007155187897230112,-0.02405291504321315,0.009742539248752928,False
rank,InvertedPendulum-v5,far_spearman,20.0,10.0,26,0.006762641717267774,-0.01537889557893777,0.028904179013473315,False
rank,InvertedPendulum-v5,far_spearman,20.0,15.0,26,-0.0046409722979489695,-0.0202675549231197,0.010985610327221762,False
rank,InvertedPendulum-v5,far_spearman,20.0,30.0,26,-0.010783304807838902,-0.022295348571337067,0.0007287389556592649,False
rank,InvertedPendulum-v5,far_spearman,20.0,40.0,26,2.7864956337425158e-05,-0.015590414722114799,0.01564614463478965,False
rank,Pusher-v5,id_rmse,20.0,1.0,26,0.001112377700897377,0.0009893226729958387,0.0012354327287989152,False
rank,Pusher-v5,id_rmse,20.0,2.0,26,0.00033615672817597367,0.00026809015503468617,0.0004042233013172612,False
rank,Pusher-v5,id_rmse,20.0,5.0,26,6.521206635695824e-05,2.1419378769603795e-05,0.00010900475394431269,False
rank,Pusher-v5,id_rmse,20.0,10.0,26,2.5037532815569366e-05,-3.0204268329789965e-05,8.02793339609287e-05,False
rank,Pusher-v5,id_rmse,20.0,15.0,26,1.7825370797746565e-05,-2.6491921986323965e-05,6.21426635818171e-05,False
rank,Pusher-v5,id_rmse,20.0,30.0,26,-2.3111701011657447e-05,-6.329786274117482e-05,1.7074460717859923e-05,False
rank,Pusher-v5,id_rmse,20.0,40.0,26,-3.578528188741884e-05,-6.969640421449196e-05,-1.8741595603457263e-06,False
rank,Pusher-v5,far_nll,20.0,1.0,26,0.11206468022786656,0.08899098251585483,0.1351383779398783,True
rank,Pusher-v5,far_nll,20.0,2.0,26,0.034993167106921866,0.02258602905099235,0.04740030516285138,False
rank,Pusher-v5,far_nll,20.0,5.0,26,0.01085562660143926,0.001970817658689363,0.019740435544189156,False
rank,Pusher-v5,far_nll,20.0,10.0,26,0.008953238909061143,0.0008433609130013391,0.017063116905120947,False
rank,Pusher-v5,far_nll,20.0,15.0,26,0.005149192534960234,-0.007333490033468335,0.017631875103388803,False
rank,Pusher-v5,far_nll,20.0,30.0,26,0.007551019008343041,-0.0012090938315527013,0.016311131848238784,False
rank,Pusher-v5,far_nll,20.0,40.0,26,0.007918124015514675,-0.00193245293257574,0.01776870096360509,False
rank,Pusher-v5,far_auroc,20.0,1.0,26,-1.5852692307672686e-05,-3.430975500055464e-05,2.6043703852092693e-06,False
rank,Pusher-v5,far_auroc,20.0,2.0,26,-2.975384615355736e-06,-6.488097052266419e-06,5.373278215549467e-07,False
rank,Pusher-v5,far_auroc,20.0,5.0,26,-9.780769230723822e-07,-3.6825882055990158e-06,1.7264343594542514e-06,False
rank,Pusher-v5,far_auroc,20.0,10.0,26,-6.915384615288836e-07,-2.405246922249301e-06,1.0221699991915339e-06,False
rank,Pusher-v5,far_auroc,20.0,15.0,26,2.5653846155074905e-07,-1.347933287756602e-06,1.8610102108580999e-06,False
rank,Pusher-v5,far_auroc,20.0,30.0,26,-1.0726923076849363e-06,-3.307168103379855e-06,1.1617834880099826e-06,False
rank,Pusher-v5,far_auroc,20.0,40.0,26,8.64615384629999e-07,-1.326696314766539e-07,1.861900400736652e-06,False
rank,Pusher-v5,far_spearman,20.0,1.0,26,-0.059201021494335634,-0.07465465678545283,-0.04374738620321844,True
rank,Pusher-v5,far_spearman,20.0,2.0,26,-0.022059047930084695,-0.032090284677160796,-0.012027811183008592,True
rank,Pusher-v5,far_spearman,20.0,5.0,26,-0.003425551959333635,-0.012218323599585926,0.005367219680918655,False
rank,Pusher-v5,far_spearman,20.0,10.0,26,-0.0062155452548674234,-0.013365929222304482,0.0009348387125696347,False
rank,Pusher-v5,far_spearman,20.0,15.0,26,0.0008449091472381667,-0.005690191104566911,0.0073800093990432445,False
rank,Pusher-v5,far_spearman,20.0,30.0,26,-0.0008244712224101264,-0.007966357996688038,0.006317415551867785,False
rank,Pusher-v5,far_spearman,20.0,40.0,26,-0.005774278895993019,-0.013480774768763904,0.0019322169767778657,False
rank,Reacher-v5,id_rmse,20.0,1.0,26,0.0020670827764731224,0.0016444620666227624,0.002489703486323482,False
rank,Reacher-v5,id_rmse,20.0,2.0,26,0.0005067976621481062,5.8347872731900246e-06,0.0010077605370230223,False
rank,Reacher-v5,id_rmse,20.0,5.0,26,-4.476939256374012e-05,-0.0004452638200138046,0.0003557250348863243,False
rank,Reacher-v5,id_rmse,20.0,10.0,26,0.00014271816382041878,-0.00030872535871186347,0.000594161686352701,False
rank,Reacher-v5,id_rmse,20.0,15.0,26,-0.00013516241541275238,-0.0006051184389124731,0.00033479360808696826,False
rank,Reacher-v5,id_rmse,20.0,30.0,26,0.0001430783707361955,-0.00038427448469311376,0.0006704312261655047,False
rank,Reacher-v5,id_rmse,20.0,40.0,26,0.00034392797029935074,-0.00011312395273756258,0.0008009798933362641,False
rank,Reacher-v5,far_nll,20.0,1.0,26,-0.0007505284335750808,-0.006290063442490987,0.0047890065753408255,False
rank,Reacher-v5,far_nll,20.0,2.0,26,-0.003112145484640043,-0.01026806135903855,0.0040437703897584654,False
rank,Reacher-v5,far_nll,20.0,5.0,26,-0.004149802888815219,-0.008015136666831778,-0.00028446911079865874,False
rank,Reacher-v5,far_nll,20.0,10.0,26,-0.003941070288419724,-0.008197854377568314,0.0003157138007288656,False
rank,Reacher-v5,far_nll,20.0,15.0,26,-0.002920404434777223,-0.008129415490918408,0.002288606621363962,False
rank,Reacher-v5,far_nll,20.0,30.0,26,-0.0017111387390356808,-0.00721085898984867,0.003788581511777308,False
rank,Reacher-v5,far_nll,20.0,40.0,26,-0.005016239359974858,-0.010417560957839828,0.0003850822378901131,False
rank,Reacher-v5,far_auroc,20.0,1.0,26,-4.216230769228989e-05,-0.00033386301079128047,0.0002495383954067007,False
rank,Reacher-v5,far_auroc,20.0,2.0,26,-6.680961538462888e-05,-0.00031688769101115635,0.00018326846024189862,False
rank,Reacher-v5,far_auroc,20.0,5.0,26,-3.633365384616475e-05,-0.0002564734858526186,0.0001838061781602891,False
rank,Reacher-v5,far_auroc,20.0,10.0,26,2.266653846154056e-05,-0.00018590767029175225,0.00023124074721483337,False
rank,Reacher-v5,far_auroc,20.0,15.0,26,-3.2801923076923695e-05,-0.0003057640480579559,0.0002401602019041085,False
rank,Reacher-v5,far_auroc,20.0,30.0,26,8.776653846152945e-05,-0.00010662439756698823,0.00028215747449004714,False
rank,Reacher-v5,far_auroc,20.0,40.0,26,1.5905769230764373e-05,-0.00021234280288523716,0.0002441543413467659,False
rank,Reacher-v5,far_spearman,20.0,1.0,26,-0.009218476678757402,-0.019446677532325696,0.0010097241748108915,False
rank,Reacher-v5,far_spearman,20.0,2.0,26,-0.004052483566756556,-0.012702896430182265,0.004597929296669153,False
rank,Reacher-v5,far_spearman,20.0,5.0,26,0.005406367205486659,-0.0017250017290256431,0.012537736139998961,False
rank,Reacher-v5,far_spearman,20.0,10.0,26,0.0037753453092719356,-0.0028888260400175957,0.010439516658561467,False
rank,Reacher-v5,far_spearman,20.0,15.0,26,0.0033624734476563204,-0.004063179257535204,0.010788126152847844,False
rank,Reacher-v5,far_spearman,20.0,30.0,26,0.0033218263146072525,-0.0035607031143634303,0.010204355743577935,False
rank,Reacher-v5,far_spearman,20.0,40.0,26,0.000686767773706563,-0.0065690960460336335,0.007942631593446759,False
rank,Swimmer-v5,id_rmse,20.0,1.0,27,0.02161099451283613,-0.014846632636611526,0.058068621662283784,True
rank,Swimmer-v5,id_rmse,20.0,2.0,27,0.03577672359016207,-0.01355850106524046,0.08511194824556459,True
rank,Swimmer-v5,id_rmse,20.0,5.0,27,-0.0030154238144556676,-0.03347957286036687,0.027448725231455536,False
rank,Swimmer-v5,id_rmse,20.0,10.0,27,0.008939316082331858,-0.02168131098362383,0.03955994314828754,True
rank,Swimmer-v5,id_rmse,20.0,15.0,27,0.0027602597105282254,-0.022423233204274667,0.027943752625331116,False
rank,Swimmer-v5,id_rmse,20.0,30.0,27,0.0070482305492515765,-0.02274187379304735,0.0368383348915505,True
rank,Swimmer-v5,id_rmse,20.0,40.0,27,0.0037898810373412106,-0.03016474458215113,0.03774450665683355,True
rank,Swimmer-v5,far_nll,20.0,1.0,27,0.031052068427757033,-0.346487875248354,0.4085920121038681,False
rank,Swimmer-v5,far_nll,20.0,2.0,27,0.18714577842641766,-0.21288678821383356,0.5871783450666689,True
rank,Swimmer-v5,far_nll,20.0,5.0,27,-0.11106190637305931,-0.44008490033950404,0.21796108759338545,False
rank,Swimmer-v5,far_nll,20.0,10.0,27,0.06624996220624005,-0.27727373339435435,0.4097736578068344,False
rank,Swimmer-v5,far_nll,20.0,15.0,27,-0.149832511389697,-0.4760376500287701,0.17637262724937608,False
rank,Swimmer-v5,far_nll,20.0,30.0,27,-0.09251200049011793,-0.37122563008335985,0.186201629103124,False
rank,Swimmer-v5,far_nll,20.0,40.0,27,-0.02660733902895883,-0.4269684304441676,0.3737537523862499,False
rank,Swimmer-v5,far_auroc,20.0,1.0,27,-0.00017558444444445268,-0.002980579570664417,0.002629410681775512,False
rank,Swimmer-v5,far_auroc,20.0,2.0,27,-0.0012010261111111082,-0.003702908259274977,0.0013008560370527606,False
rank,Swimmer-v5,far_auroc,20.0,5.0,27,0.0009492070370370228,-0.00175097096587852,0.0036493850399525658,False
rank,Swimmer-v5,far_auroc,20.0,10.0,27,-0.0013248618518518402,-0.0043247375161725105,0.0016750138124688302,False
rank,Swimmer-v5,far_auroc,20.0,15.0,27,-9.163148148148579e-05,-0.0029180820609241817,0.00273481909796121,False
rank,Swimmer-v5,far_auroc,20.0,30.0,27,-0.0006812788888888896,-0.0041063924157142585,0.002743834637936479,False
rank,Swimmer-v5,far_auroc,20.0,40.0,27,0.0003321224074074026,-0.0024571292343101305,0.003121374049124936,False
rank,Swimmer-v5,far_spearman,20.0,1.0,27,0.014367339067017893,-0.057247333624604095,0.08598201175863988,False
rank,Swimmer-v5,far_spearman,20.0,2.0,27,0.04024124776247842,-0.020450929710189095,0.10093342523514594,False
rank,Swimmer-v5,far_spearman,20.0,5.0,27,-0.015345103699014458,-0.07510880294261638,0.044418595544587464,False
rank,Swimmer-v5,far_spearman,20.0,10.0,27,0.02252905814701274,-0.05384040332458653,0.09889851961861201,False
rank,Swimmer-v5,far_spearman,20.0,15.0,27,-0.047211470561825175,-0.1138062093951325,0.01938326827148215,True
rank,Swimmer-v5,far_spearman,20.0,30.0,27,-0.050481973917685774,-0.11432610067755818,0.013362152842186628,True
rank,Swimmer-v5,far_spearman,20.0,40.0,27,-0.014245527601979545,-0.0899427135059184,0.06145165830195931,False
rank,Walker2d-v5,id_rmse,20.0,1.0,27,0.01683096311710499,0.015316202882979933,0.018345723351230046,False
rank,Walker2d-v5,id_rmse,20.0,2.0,27,0.004327904295038294,0.003537921495736444,0.005117887094340143,False
rank,Walker2d-v5,id_rmse,20.0,5.0,27,0.0006479444327177825,0.00017088635050921798,0.0011250025149263472,False
rank,Walker2d-v5,id_rmse,20.0,10.0,27,0.00019794040256076388,-0.00021671168198542199,0.0006125924871069497,False
rank,Walker2d-v5,id_rmse,20.0,15.0,27,0.0001068380143907335,-0.0003243276937781703,0.0005380037225596373,False
rank,Walker2d-v5,id_rmse,20.0,30.0,27,-6.797137083830657e-05,-0.0003822837312544063,0.00024634098957779314,False
rank,Walker2d-v5,id_rmse,20.0,40.0,27,-8.04971765588831e-05,-0.00046729691714817557,0.0003063025640304094,False
rank,Walker2d-v5,far_nll,20.0,1.0,27,0.8529085494853832,0.7194437727361839,0.9863733262345825,True
rank,Walker2d-v5,far_nll,20.0,2.0,27,0.13818075921800396,0.08236187958016532,0.1939996388558426,True
rank,Walker2d-v5,far_nll,20.0,5.0,27,0.011609006811071318,-0.02151359821282272,0.04473161183496536,False
rank,Walker2d-v5,far_nll,20.0,10.0,27,-0.004231037916960573,-0.038519434028427404,0.03005735819450626,False
rank,Walker2d-v5,far_nll,20.0,15.0,27,-0.027375000494497734,-0.06800449041070242,0.013254489421706952,False
rank,Walker2d-v5,far_nll,20.0,30.0,27,-0.016470238014503837,-0.046877724309831684,0.01393724828082401,False
rank,Walker2d-v5,far_nll,20.0,40.0,27,-0.007207680631566922,-0.035484298655515625,0.02106893739238178,False
rank,Walker2d-v5,far_auroc,20.0,1.0,27,-0.0021073220370370236,-0.002719937085746379,-0.0014947069883276681,False
rank,Walker2d-v5,far_auroc,20.0,2.0,27,-0.0004277629629629648,-0.0007397407123064339,-0.00011578521361949566,False
rank,Walker2d-v5,far_auroc,20.0,5.0,27,8.718518518538956e-06,-0.00015464441623458752,0.00017208145327166544,False
rank,Walker2d-v5,far_auroc,20.0,10.0,27,-5.5233148148140055e-05,-0.00021736847336106308,0.00010690217706478296,False
rank,Walker2d-v5,far_auroc,20.0,15.0,27,0.00013910611111111614,-8.950633582227298e-05,0.00036771855804450525,False
rank,Walker2d-v5,far_auroc,20.0,30.0,27,0.00014791833333333622,-4.561003005774638e-05,0.00034144669672441885,False
rank,Walker2d-v5,far_auroc,20.0,40.0,27,0.0001438570370370425,-5.437526626957459e-05,0.00034208934034365957,False
rank,Walker2d-v5,far_spearman,20.0,1.0,27,-0.005477442307924947,-0.025072971174352796,0.0141180865585029,False
rank,Walker2d-v5,far_spearman,20.0,2.0,27,0.0032596102003130557,-0.008285920376780019,0.01480514077740613,False
rank,Walker2d-v5,far_spearman,20.0,5.0,27,0.0037802121621722785,-0.004345577487953514,0.011906001812298072,False
rank,Walker2d-v5,far_spearman,20.0,10.0,27,0.001506497334231644,-0.008491547475060517,0.011504542143523807,False
rank,Walker2d-v5,far_spearman,20.0,15.0,27,0.005373698820188986,-0.0017351285452568838,0.012482526185634855,False
rank,Walker2d-v5,far_spearman,20.0,30.0,27,0.00055486326831919,-0.007905136659105933,0.009014863195744315,False
rank,Walker2d-v5,far_spearman,20.0,40.0,27,0.0013200027808649645,-0.006437275191561253,0.009077280753291183,False
bootstrap,Ant-v5,id_rmse,0.1,0.0,27,-0.04098972567805537,-0.05400997869906776,-0.027969472657042988,False
bootstrap,Ant-v5,id_rmse,0.1,0.05,27,0.011639820204840766,0.0021074089814937975,0.021172231428187735,False
bootstrap,Ant-v5,id_rmse,0.1,0.075,27,0.0034849842389424643,-0.0035940608833464915,0.01056402936123142,False
bootstrap,Ant-v5,id_rmse,0.1,0.15,27,-0.01211225324206882,-0.021320203000127946,-0.002904303484009694,False
bootstrap,Ant-v5,id_rmse,0.1,0.2,27,-0.01651523510615031,-0.02510469502858885,-0.00792577518371177,False
bootstrap,Ant-v5,id_rmse,0.1,0.3,27,-0.022421156918561017,-0.031647442257513446,-0.013194871579608585,False
bootstrap,Ant-v5,id_rmse,0.1,0.5,27,-0.027354470005741826,-0.03864600488791945,-0.0160629351235642,False
bootstrap,Ant-v5,id_rmse,0.1,0.99,27,-0.030509257758105243,-0.04522627589330901,-0.015792239622901473,False
bootstrap,Ant-v5,far_nll,0.1,0.0,27,-0.04598277476098801,-0.1390522377116964,0.04708668818972035,False
bootstrap,Ant-v5,far_nll,0.1,0.05,27,-0.07585286431842381,-0.12786388234394677,-0.023841846292900835,False
bootstrap,Ant-v5,far_nll,0.1,0.075,27,-0.012263966931237111,-0.037561159849881544,0.01303322598740732,False
bootstrap,Ant-v5,far_nll,0.1,0.15,27,0.0026574532190958657,-0.026972182999797433,0.032287089437989164,False
bootstrap,Ant-v5,far_nll,0.1,0.2,27,0.019014117894349283,-0.005375964590243639,0.0434042003789422,False
bootstrap,Ant-v5,far_nll,0.1,0.3,27,0.03555767624466509,0.00633452250450053,0.06478082998482965,False
bootstrap,Ant-v5,far_nll,0.1,0.5,27,0.08524852770346183,0.04632029583802569,0.12417675956889798,False
bootstrap,Ant-v5,far_nll,0.1,0.99,27,0.09940890912656428,0.027893501460839062,0.17092431679228948,False
bootstrap,Ant-v5,far_auroc,0.1,0.0,27,-0.0011288487037036789,-0.0030520371262198367,0.000794339718812479,False
bootstrap,Ant-v5,far_auroc,0.1,0.05,27,-0.0005034927777777665,-0.0006933915911657227,-0.0003135939643898103,False
bootstrap,Ant-v5,far_auroc,0.1,0.075,27,-0.0001999594444444345,-0.00036649172928480446,-3.3427159604064574e-05,False
bootstrap,Ant-v5,far_auroc,0.1,0.15,27,0.00025891944444445805,5.592224782806842e-05,0.0004619166410608477,False
bootstrap,Ant-v5,far_auroc,0.1,0.2,27,0.0004913150000000087,0.0003171861148876154,0.0006654438851124019,False
bootstrap,Ant-v5,far_auroc,0.1,0.3,27,0.0006667211111111263,0.00048092299252082144,0.0008525192297014311,False
bootstrap,Ant-v5,far_auroc,0.1,0.5,27,0.0006914707407407759,0.0004048034360932222,0.0009781380453883297,False
bootstrap,Ant-v5,far_auroc,0.1,0.99,27,0.0005840616666666703,7.071260988698413e-05,0.0010974107234463565,False
bootstrap,Ant-v5,far_spearman,0.1,0.0,27,-0.053986420991004654,-0.1159494995245813,0.007976657542571992,True
bootstrap,Ant-v5,far_spearman,0.1,0.05,27,-0.009827863259811841,-0.03166041915869085,0.012004692639067165,False
bootstrap,Ant-v5,far_spearman,0.1,0.075,27,-0.014287304357896878,-0.036485815329978244,0.00791120661418449,False
bootstrap,Ant-v5,far_spearman,0.1,0.15,27,-0.00849945692207005,-0.025054818515204857,0.008055904671064757,False
bootstrap,Ant-v5,far_spearman,0.1,0.2,27,-0.003640088301569169,-0.025046749136650424,0.017766572533512087,False
bootstrap,Ant-v5,far_spearman,0.1,0.3,27,0.021538095179161235,0.0023220339499366686,0.0407541564083858,False
bootstrap,Ant-v5,far_spearman,0.1,0.5,27,0.02970439276993946,0.010911418657529568,0.048497366882349346,False
bootstrap,Ant-v5,far_spearman,0.1,0.99,27,0.021361060303294304,-0.011036300614525357,0.05375842122111396,False
bootstrap,HalfCheetah-v5,id_rmse,0.3,0.0,27,-0.01871719625261093,-0.026406073776039776,-0.011028318729182087,False
bootstrap,HalfCheetah-v5,id_rmse,0.3,0.05,27,90.90628757741716,70.81061130885274,111.00196384598158,True
bootstrap,HalfCheetah-v5,id_rmse,0.3,0.075,27,1.2171097640637998,0.7618243899856023,1.6723951381419973,True
bootstrap,HalfCheetah-v5,id_rmse,0.3,0.1,27,0.3980261573085078,0.21442530590152917,0.5816270087154864,True
bootstrap,HalfCheetah-v5,id_rmse,0.3,0.15,27,0.08240136393794303,0.04681875417544343,0.11798397370044264,True
bootstrap,HalfCheetah-v5,id_rmse,0.3,0.2,27,0.028770897123548737,0.015132710894271557,0.04240908335282592,False
bootstrap,HalfCheetah-v5,id_rmse,0.3,0.5,27,-0.009308285183376728,-0.012147238861720306,-0.006469331505033151,False
bootstrap,HalfCheetah-v5,id_rmse,0.3,0.99,27,-0.01714634895324712,-0.024915558527679668,-0.00937713937881457,False
bootstrap,HalfCheetah-v5,far_nll,0.3,0.0,27,1.071570493556835,0.6081834267491342,1.534957560364536,True
bootstrap,HalfCheetah-v5,far_nll,0.3,0.05,27,5.1968344582451715,4.987512356814195,5.406156559676148,True
bootstrap,HalfCheetah-v5,far_nll,0.3,0.075,27,1.6909273465474446,1.5448997727923997,1.8369549203024895,True
bootstrap,HalfCheetah-v5,far_nll,0.3,0.1,27,1.0331744971098724,0.9144100321227142,1.1519389620970306,True
bootstrap,HalfCheetah-v5,far_nll,0.3,0.15,27,0.3569103037869489,0.24992625662815499,0.4638943509457428,True
bootstrap,HalfCheetah-v5,far_nll,0.3,0.2,27,0.09223489408139825,0.023862995752303856,0.16060679241049264,False
bootstrap,HalfCheetah-v5,far_nll,0.3,0.5,27,0.14078717320053663,0.019976636930823397,0.26159770947024985,True
bootstrap,HalfCheetah-v5,far_nll,0.3,0.99,27,0.5233040165018152,0.2419046387902276,0.8047033942134029,True
bootstrap,HalfCheetah-v5,far_auroc,0.3,0.0,27,-0.00025127870370370524,-0.001580309082267787,0.0010777516748603764,False
bootstrap,HalfCheetah-v5,far_auroc,0.3,0.05,27,-0.0065572014814814766,-0.008437728565472348,-0.004676674397490604,False
bootstrap,HalfCheetah-v5,far_auroc,0.3,0.075,27,-0.0003556042592592613,-0.0013763007673203913,0.0006650922488018688,False
bootstrap,HalfCheetah-v5,far_auroc,0.3,0.1,27,-0.00024219888888888231,-0.0013873702417384766,0.000902972463960712,False
bootstrap,HalfCheetah-v5,far_auroc,0.3,0.15,27,0.00019176685185187773,-0.0005391078481009179,0.0009226415518046734,False
bootstrap,HalfCheetah-v5,far_auroc,0.3,0.2,27,-0.0003908677777777686,-0.0009433350442247927,0.0001615994886692554,False
bootstrap,HalfCheetah-v5,far_auroc,0.3,0.5,27,-1.7620925925910103e-05,-0.0007521637143674324,0.0007169218625156121,False
bootstrap,HalfCheetah-v5,far_auroc,0.3,0.99,27,1.8498148148150663e-05,-0.001078645589817806,0.0011156418861141073,False
bootstrap,HalfCheetah-v5,far_spearman,0.3,0.0,27,-0.16963562716128686,-0.20602034280549236,-0.13325091151708135,True
bootstrap,HalfCheetah-v5,far_spearman,0.3,0.05,27,0.6552637885674486,0.6115952834857638,0.6989322936491335,False
bootstrap,HalfCheetah-v5,far_spearman,0.3,0.075,27,0.6132160074985341,0.5758438179757399,0.6505881970213283,False
bootstrap,HalfCheetah-v5,far_spearman,0.3,0.1,27,0.5249891682942138,0.4781787668253577,0.57179956976307,False
bootstrap,HalfCheetah-v5,far_spearman,0.3,0.15,27,0.2998260669148437,0.25637585370737503,0.34327628012231237,False
bootstrap,HalfCheetah-v5,far_spearman,0.3,0.2,27,0.13140127031516835,0.09136578340467733,0.17143675722565938,False
bootstrap,HalfCheetah-v5,far_spearman,0.3,0.5,27,-0.09477755531171378,-0.13294641361144777,-0.05660869701197978,True
bootstrap,HalfCheetah-v5,far_spearman,0.3,0.99,27,-0.14555332285067915,-0.18208373586649484,-0.10902290983486347,True
bootstrap,Hopper-v5,id_rmse,0.3,0.0,27,-0.0016434772147072788,-0.002047238712510596,-0.0012397157169039617,False
bootstrap,Hopper-v5,id_rmse,0.3,0.05,27,9.002649034614917,6.536951255584752,11.468346813645082,True
bootstrap,Hopper-v5,id_rmse,0.3,0.075,27,0.018245196452847237,0.016311966675389127,0.020178426230305347,True
bootstrap,Hopper-v5,id_rmse,0.3,0.1,27,0.008239894001572219,0.006920540419163979,0.00955924758398046,False
bootstrap,Hopper-v5,id_rmse,0.3,0.15,27,0.00345887740453084,0.0029078816628344594,0.004009873146227221,False
bootstrap,Hopper-v5,id_rmse,0.3,0.2,27,0.001529871313660228,0.0011925158307287754,0.0018672267965916805,False
bootstrap,Hopper-v5,id_rmse,0.3,0.5,27,-0.0008215429606261128,-0.0011320433500620931,-0.0005110425711901325,False
bootstrap,Hopper-v5,id_rmse,0.3,0.99,27,-0.0013153569565878974,-0.001654767622155869,-0.0009759462910199257,False
bootstrap,Hopper-v5,far_nll,0.3,0.0,27,-0.0324056383084368,-0.07083418289776436,0.006022906280890757,False
bootstrap,Hopper-v5,far_nll,0.3,0.05,27,4.626366757684284,4.402908847022751,4.849824668345818,True
bootstrap,Hopper-v5,far_nll,0.3,0.075,27,0.4946771473796279,0.4366495780057402,0.5527047167535156,True
bootstrap,Hopper-v5,far_nll,0.3,0.1,27,0.28242995451997827,0.22406944581137184,0.3407904632285847,True
bootstrap,Hopper-v5,far_nll,0.3,0.15,27,0.100193468508897,0.05422604808988754,0.14616088892790646,True
bootstrap,Hopper-v5,far_nll,0.3,0.2,27,0.04665092627207438,-0.006481352705377037,0.0997832052495258,False
bootstrap,Hopper-v5,far_nll,0.3,0.5,27,-0.027320007483164477,-0.058410073815525806,0.003770058849196848,False
bootstrap,Hopper-v5,far_nll,0.3,0.99,27,-0.023017934075108288,-0.05890159630868426,0.01286572815846768,False
bootstrap,Hopper-v5,far_auroc,0.3,0.0,27,-0.007200549814814805,-0.009833357502798786,-0.004567742126830823,False
bootstrap,Hopper-v5,far_auroc,0.3,0.05,27,-0.03769897333333336,-0.04788603932295592,-0.027511907343710798,True
bootstrap,Hopper-v5,far_auroc,0.3,0.075,27,0.001183611296296286,-0.001950924046361727,0.004318146638954299,False
bootstrap,Hopper-v5,far_auroc,0.3,0.1,27,0.00197009296296296,-0.0004650808543514768,0.004405266780277396,False
bootstrap,Hopper-v5,far_auroc,0.3,0.15,27,0.0033442812962962945,0.0008537587304059497,0.005834803862186639,False
bootstrap,Hopper-v5,far_auroc,0.3,0.2,27,0.000988220555555561,-0.0006955705574101367,0.0026720116685212585,False
bootstrap,Hopper-v5,far_auroc,0.3,0.5,27,-0.0015579872222222276,-0.0031502606932221292,3.4286248777673934e-05,False
bootstrap,Hopper-v5,far_auroc,0.3,0.99,27,-0.004936881481481497,-0.007122069060564235,-0.0027516939023987585,False
bootstrap,Hopper-v5,far_spearman,0.3,0.0,27,-0.030007100365394175,-0.06051125476607119,0.0004970540352828429,True
bootstrap,Hopper-v5,far_spearman,0.3,0.05,27,0.2912715661267329,0.250804089608924,0.3317390426445418,False
bootstrap,Hopper-v5,far_spearman,0.3,0.075,27,0.14860868232084232,0.11245215506826192,0.1847652095734227,False
bootstrap,Hopper-v5,far_spearman,0.3,0.1,27,0.08760694701386246,0.046920561269374134,0.12829333275835078,False
bootstrap,Hopper-v5,far_spearman,0.3,0.15,27,0.013833385137208111,-0.026350746539644025,0.054017516814060244,False
bootstrap,Hopper-v5,far_spearman,0.3,0.2,27,0.0009704757226277308,-0.037020783441437326,0.03896173488669279,False
bootstrap,Hopper-v5,far_spearman,0.3,0.5,27,-0.036226365913077894,-0.06794480504605033,-0.004507926780105462,True
bootstrap,Hopper-v5,far_spearman,0.3,0.99,27,-0.034708117158392296,-0.06677513384017697,-0.0026411004766076288,True
bootstrap,Humanoid-v5,id_rmse,0.3,0.0,27,-0.003941147415725747,-0.007477504110557198,-0.000404790720894296,False
bootstrap,Humanoid-v5,id_rmse,0.3,0.05,27,170.52557344789858,120.46969662027917,220.581450275518,True
bootstrap,Humanoid-v5,id_rmse,0.3,0.075,27,0.07430959630895544,0.0415541110328911,0.10706508158501978,False
bootstrap,Humanoid-v5,id_rmse,0.3,0.1,27,0.037695001672815656,0.020914758674416868,0.054475244671214444,False
bootstrap,Humanoid-v5,id_rmse,0.3,0.15,27,0.01095397384078467,0.004095948571076254,0.017811999110493085,False
bootstrap,Humanoid-v5,id_rmse,0.3,0.2,27,0.004557856807001788,0.001306656724982938,0.007809056889020638,False
bootstrap,Humanoid-v5,id_rmse,0.3,0.5,27,-0.0011884901258675292,-0.0036280666845616904,0.0012510864328266322,False
bootstrap,Humanoid-v5,id_rmse,0.3,0.99,27,-0.003056420220269097,-0.005871927228929446,-0.00024091321160874847,False
bootstrap,Humanoid-v5,far_nll,0.3,0.0,27,0.08675181424176247,0.06830114323201965,0.10520248525150529,False
bootstrap,Humanoid-v5,far_nll,0.3,0.05,27,2.8198940224117703,2.5198189767550105,3.11996906806853,True
bootstrap,Humanoid-v5,far_nll,0.3,0.075,27,-0.2434033729411938,-0.30613648391345605,-0.18067026196893154,False
bootstrap,Humanoid-v5,far_nll,0.3,0.1,27,-0.16442310368573232,-0.20404105987268684,-0.1248051474987778,False
bootstrap,Humanoid-v5,far_nll,0.3,0.15,27,-0.08112550664831095,-0.0994663121672572,-0.0627847011293647,False
bootstrap,Humanoid-v5,far_nll,0.3,0.2,27,-0.04212599330478241,-0.05173549315308321,-0.0325164934564816,False
bootstrap,Humanoid-v5,far_nll,0.3,0.5,27,0.03445967921504263,0.026677093190446217,0.042242265239639046,False
bootstrap,Humanoid-v5,far_nll,0.3,0.99,27,0.0611374466507523,0.04831545450991941,0.07395943879158517,False
bootstrap,Humanoid-v5,far_auroc,0.3,0.0,27,-0.0184162037037037,-0.020961219661612455,-0.01587118774579494,False
bootstrap,Humanoid-v5,far_auroc,0.3,0.05,27,0.415418909074074,0.3783983202547715,0.45243949789337656,False
bootstrap,Humanoid-v5,far_auroc,0.3,0.075,27,0.10675519925925928,0.0963863177226496,0.11712408079586895,False
bootstrap,Humanoid-v5,far_auroc,0.3,0.1,27,0.05700221851851853,0.04927204996162747,0.06473238707540958,False
bootstrap,Humanoid-v5,far_auroc,0.3,0.15,27,0.020818261296296298,0.016639532201740394,0.0249969903908522,False
bootstrap,Humanoid-v5,far_auroc,0.3,0.2,27,0.01106898777777778,0.008136129574313996,0.014001845981241564,False
bootstrap,Humanoid-v5,far_auroc,0.3,0.5,27,-0.007360024444444448,-0.009764711771678607,-0.004955337117210289,False
bootstrap,Humanoid-v5,far_auroc,0.3,0.99,27,-0.013035462777777777,-0.01511589878716046,-0.010955026768395095,False
bootstrap,Humanoid-v5,far_spearman,0.3,0.0,27,0.009624738806214875,-0.0007065799412528957,0.019956057553682648,False
bootstrap,Humanoid-v5,far_spearman,0.3,0.05,27,0.19878787580936438,0.17415415128636974,0.22342160033235903,False
bootstrap,Humanoid-v5,far_spearman,0.3,0.075,27,-0.028129882321792872,-0.041763056055673334,-0.014496708587912414,True
bootstrap,Humanoid-v5,far_spearman,0.3,0.1,27,-0.01858177488198313,-0.031684364066071044,-0.005479185697895217,False
bootstrap,Humanoid-v5,far_spearman,0.3,0.15,27,-0.0014247414918289016,-0.012829307767352058,0.009979824783694254,False
bootstrap,Humanoid-v5,far_spearman,0.3,0.2,27,0.00034111638778967215,-0.010087798695383711,0.010770031470963056,False
bootstrap,Humanoid-v5,far_spearman,0.3,0.5,27,0.005469174035535464,-0.005150279246627441,0.01608862731769837,False
bootstrap,Humanoid-v5,far_spearman,0.3,0.99,27,0.007025004190310174,-0.0031448976406762376,0.017194906021296585,False
bootstrap,HumanoidStandup-v5,id_rmse,0.2,0.0,27,-0.5010675500940392,-0.7111547128203372,-0.29098038736774134,False
bootstrap,HumanoidStandup-v5,id_rmse,0.2,0.05,27,42.7052252734149,28.633160526072515,56.77729002075728,True
bootstrap,HumanoidStandup-v5,id_rmse,0.2,0.075,27,9.753734941835758,7.683081874130723,11.824388009540792,True
bootstrap,HumanoidStandup-v5,id_rmse,0.2,0.1,27,4.3498199604175705,3.022487829200266,5.677152091634875,True
bootstrap,HumanoidStandup-v5,id_rmse,0.2,0.15,27,0.824492701777706,0.515319839970024,1.1336655635853878,False
bootstrap,HumanoidStandup-v5,id_rmse,0.2,0.3,27,-0.3626297844780813,-0.5195376810213923,-0.20572188793477028,False
bootstrap,HumanoidStandup-v5,id_rmse,0.2,0.5,27,-0.4771652928105099,-0.6784309112571256,-0.27589967436389423,False
bootstrap,HumanoidStandup-v5,id_rmse,0.2,0.99,27,-0.48973231845431886,-0.6937310602086322,-0.2857335767000056,False
bootstrap,HumanoidStandup-v5,far_nll,0.2,0.0,27,2.5121687606528953,1.9329900817714025,3.0913474395343883,True
bootstrap,HumanoidStandup-v5,far_nll,0.2,0.05,27,0.41890472835964626,0.1474785525288655,0.6903309041904271,True
bootstrap,HumanoidStandup-v5,far_nll,0.2,0.075,27,-0.29219290062233255,-0.506729551377486,-0.07765624986717914,False
bootstrap,HumanoidStandup-v5,far_nll,0.2,0.1,27,-0.38266738255818683,-0.5840649119851977,-0.18126985313117597,False
bootstrap,HumanoidStandup-v5,far_nll,0.2,0.15,27,-0.2563349229318125,-0.3678817717221225,-0.14478807414150247,False
bootstrap,HumanoidStandup-v5,far_nll,0.2,0.3,27,0.5338730105647334,0.360176234651043,0.7075697864784237,True
bootstrap,HumanoidStandup-v5,far_nll,0.2,0.5,27,1.2872144911024306,0.9052731978547939,1.6691557843500673,True
bootstrap,HumanoidStandup-v5,far_nll,0.2,0.99,27,1.9201768769158258,1.437605649464289,2.4027481043673626,True
bootstrap,HumanoidStandup-v5,far_auroc,0.2,0.0,27,-0.1638914061111111,-0.1880828705982023,-0.1396999416240199,True
bootstrap,HumanoidStandup-v5,far_auroc,0.2,0.05,27,0.04930476888888889,0.03373683409644236,0.06487270368133542,False
bootstrap,HumanoidStandup-v5,far_auroc,0.2,0.075,27,0.05210566796296296,0.03617996412600385,0.06803137179992208,False
bootstrap,HumanoidStandup-v5,far_auroc,0.2,0.1,27,0.046440690185185186,0.03308271986259136,0.05979866050777901,False
bootstrap,HumanoidStandup-v5,far_auroc,0.2,0.15,27,0.024729330555555543,0.018524208493759756,0.03093445261735133,False
bootstrap,HumanoidStandup-v5,far_auroc,0.2,0.3,27,-0.03792285648148149,-0.04676281841669487,-0.029082894546268112,True
bootstrap,HumanoidStandup-v5,far_auroc,0.2,0.5,27,-0.08608012314814817,-0.10167277585788005,-0.07048747043841629,True
bootstrap,HumanoidStandup-v5,far_auroc,0.2,0.99,27,-0.12649814092592593,-0.14669306822634098,-0.10630321362551089,True
bootstrap,HumanoidStandup-v5,far_spearman,0.2,0.0,27,0.003980862809383725,-0.03433827117393115,0.042299996792698594,False
bootstrap,HumanoidStandup-v5,far_spearman,0.2,0.05,27,0.24879960485897468,0.21013458498883708,0.2874646247291123,False
bootstrap,HumanoidStandup-v5,far_spearman,0.2,0.075,27,0.2305374815694796,0.19843245622254024,0.26264250691641894,False
bootstrap,HumanoidStandup-v5,far_spearman,0.2,0.1,27,0.1704803668356366,0.1416336100916498,0.19932712357962343,False
bootstrap,HumanoidStandup-v5,far_spearman,0.2,0.15,27,0.0585086074704477,0.04039283779783932,0.07662437714305607,False
bootstrap,HumanoidStandup-v5,far_spearman,0.2,0.3,27,-0.05434707634657049,-0.08301486417423563,-0.025679288518905347,True
bootstrap,HumanoidStandup-v5,far_spearman,0.2,0.5,27,-0.05988192974182217,-0.09848312815187134,-0.021280731331772995,True
bootstrap,HumanoidStandup-v5,far_spearman,0.2,0.99,27,-0.02704965283681959,-0.06346625482189683,0.009366949148257652,True
bootstrap,InvertedDoublePendulum-v5,id_rmse,0.05,0.0,26,-0.00814846741895264,-0.019852125034612506,0.003555190196707225,False
bootstrap,InvertedDoublePendulum-v5,id_rmse,0.05,0.075,26,0.05523660442290398,0.02774464252943698,0.08272856631637097,True
bootstrap,InvertedDoublePendulum-v5,id_rmse,0.05,0.1,26,0.06756603474227282,0.028670508319168966,0.10646156116537668,True
bootstrap,InvertedDoublePendulum-v5,id_rmse,0.05,0.15,26,0.07415550875549135,0.043394548912812164,0.10491646859817053,True
bootstrap,InvertedDoublePendulum-v5,id_rmse,0.05,0.2,26,0.06401061739485997,0.037285636496409764,0.09073559829331018,True
bootstrap,InvertedDoublePendulum-v5,id_rmse,0.05,0.3,26,0.04960795341489407,0.02355069575959448,0.07566521107019365,True
bootstrap,InvertedDoublePendulum-v5,id_rmse,0.05,0.5,26,0.02493355688280785,0.008273002457359579,0.04159411130825612,True
bootstrap,InvertedDoublePendulum-v5,id_rmse,0.05,0.99,26,0.006472361668084675,-0.007924355071001497,0.02086907840717085,True
bootstrap,InvertedDoublePendulum-v5,far_nll,0.05,0.0,26,0.5345852925227239,0.26561966360335476,0.8035509214420931,True
bootstrap,InvertedDoublePendulum-v5,far_nll,0.05,0.075,26,1.0024315806535573,0.6691020099852409,1.3357611513218737,True
bootstrap,InvertedDoublePendulum-v5,far_nll,0.05,0.1,26,1.0529698500266442,0.7586909637620937,1.3472487362911947,True
bootstrap,InvertedDoublePendulum-v5,far_nll,0.05,0.15,26,1.3685870858339162,1.0366705689437183,1.700503602724114,True
bootstrap,InvertedDoublePendulum-v5,far_nll,0.05,0.2,26,1.4168452253708472,1.1165381581516762,1.7171522925900182,True
bootstrap,InvertedDoublePendulum-v5,far_nll,0.05,0.3,26,1.3248339616335356,1.020144741381095,1.6295231818859763,True
bootstrap,InvertedDoublePendulum-v5,far_nll,0.05,0.5,26,1.153986509029682,0.8287578874664812,1.4792151305928827,True
bootstrap,InvertedDoublePendulum-v5,far_nll,0.05,0.99,26,0.8926929464707007,0.6044339971780469,1.1809518957633545,True
bootstrap,InvertedDoublePendulum-v5,far_auroc,0.05,0.0,26,0.0017498236538461619,0.0013403743378727444,0.002159272969819579,False
bootstrap,InvertedDoublePendulum-v5,far_auroc,0.05,0.075,26,-0.0005013323076922987,-0.0010436339704279225,4.096935504332522e-05,False
bootstrap,InvertedDoublePendulum-v5,far_auroc,0.05,0.1,26,0.00010693692307692023,-0.0002727349954519026,0.000486608841605743,False
bootstrap,InvertedDoublePendulum-v5,far_auroc,0.05,0.15,26,0.000560063461538495,5.973632668839239e-05,0.0010603905963885976,False
bootstrap,InvertedDoublePendulum-v5,far_auroc,0.05,0.2,26,0.0006025498076922926,0.00010932424707248362,0.0010957753683121015,False
bootstrap,InvertedDoublePendulum-v5,far_auroc,0.05,0.3,26,0.0009886507692307743,0.0005540944276723151,0.0014232071107892336,False
bootstrap,InvertedDoublePendulum-v5,far_auroc,0.05,0.5,26,0.0012464619230769332,0.0009035027330102912,0.0015894211131435752,False
bootstrap,InvertedDoublePendulum-v5,far_auroc,0.05,0.99,26,0.0016130480769230764,0.001192257453026193,0.00203383870081996,False
bootstrap,InvertedDoublePendulum-v5,far_spearman,0.05,0.0,26,0.04488798797095851,0.01850661489535799,0.07126936104655904,False
bootstrap,InvertedDoublePendulum-v5,far_spearman,0.05,0.075,26,0.044200753065104306,0.01843672409785208,0.06996478203235654,False
bootstrap,InvertedDoublePendulum-v5,far_spearman,0.05,0.1,26,0.04092333713938141,0.013746052433478258,0.06810062184528456,False
bootstrap,InvertedDoublePendulum-v5,far_spearman,0.05,0.15,26,0.04693370581514463,0.021088428098897043,0.07277898353139223,False
bootstrap,InvertedDoublePendulum-v5,far_spearman,0.05,0.2,26,0.04259008802842369,0.0162967872175266,0.06888338883932078,False
bootstrap,InvertedDoublePendulum-v5,far_spearman,0.05,0.3,26,0.04487334549594993,0.01762513156362727,0.07212155942827259,False
bootstrap,InvertedDoublePendulum-v5,far_spearman,0.05,0.5,26,0.047997853049804536,0.02061268443293228,0.07538302166667679,False
bootstrap,InvertedDoublePendulum-v5,far_spearman,0.05,0.99,26,0.0493707822377979,0.02289127986665163,0.07585028460894418,False
bootstrap,InvertedPendulum-v5,id_rmse,0.05,0.0,26,-0.00018526694307534239,-0.00030502196411178747,-6.551192203889732e-05,False
bootstrap,InvertedPendulum-v5,id_rmse,0.05,0.075,26,-0.00010438440725781518,-0.0002216075725016831,1.2838757986052737e-05,False
bootstrap,InvertedPendulum-v5,id_rmse,0.05,0.1,26,-0.00011042541322800403,-0.0002285993235342972,7.748497078289142e-06,False
bootstrap,InvertedPendulum-v5,id_rmse,0.05,0.15,26,-0.0001584624226849845,-0.00027516148220960894,-4.17633631603601e-05,False
bootstrap,InvertedPendulum-v5,id_rmse,0.05,0.2,26,-0.00017465172836986887,-0.0002929246588359453,-5.6378797903792484e-05,False
bootstrap,InvertedPendulum-v5,id_rmse,0.05,0.3,26,-0.00017428396341319594,-0.0002913875799605492,-5.7180346865842694e-05,False
bootstrap,InvertedPendulum-v5,id_rmse,0.05,0.5,26,-0.00017875176854431965,-0.0002967714555370839,-6.0732081551555386e-05,False
bootstrap,InvertedPendulum-v5,id_rmse,0.05,0.99,26,-0.0001833098224149304,-0.0003028473403114168,-6.377230451844397e-05,False
bootstrap,InvertedPendulum-v5,far_nll,0.05,0.0,26,2.2078877948940945,1.4172910408582617,2.998484548929927,True
bootstrap,InvertedPendulum-v5,far_nll,0.05,0.075,26,0.23524431346987307,0.024227762147928156,0.446260864791818,True
bootstrap,InvertedPendulum-v5,far_nll,0.05,0.1,26,0.32192252898732054,0.06695648699708939,0.5768885709775518,True
bootstrap,InvertedPendulum-v5,far_nll,0.05,0.15,26,0.6663835754331487,0.30973889061423143,1.0230282602520662,True
bootstrap,InvertedPendulum-v5,far_nll,0.05,0.2,26,0.926320446583514,0.48891428936828357,1.3637266037987443,True
bootstrap,InvertedPendulum-v5,far_nll,0.05,0.3,26,1.1452375398232386,0.6529459379648863,1.637529141681591,True
bootstrap,InvertedPendulum-v5,far_nll,0.05,0.5,26,1.495121234956269,0.8581547203813391,2.132087749531199,True
bootstrap,InvertedPendulum-v5,far_nll,0.05,0.99,26,1.7400912084491351,1.0578191837474522,2.422363233150818,True
bootstrap,InvertedPendulum-v5,far_auroc,0.05,0.0,26,-0.0550412192307692,-0.0896563827709998,-0.020426055690538597,True
bootstrap,InvertedPendulum-v5,far_auroc,0.05,0.075,26,-0.013375699615384592,-0.030576129224207285,0.0038247299934381015,False
bootstrap,InvertedPendulum-v5,far_auroc,0.05,0.1,26,-0.017651447692307656,-0.03687122706537681,0.0015683316807614985,False
bootstrap,InvertedPendulum-v5,far_auroc,0.05,0.15,26,-0.02718487826923073,-0.05150870490991626,-0.0028610516285451984,True
bootstrap,InvertedPendulum-v5,far_auroc,0.05,0.2,26,-0.03169763423076918,-0.05856181955854102,-0.004833448902997337,True
bootstrap,InvertedPendulum-v5,far_auroc,0.05,0.3,26,-0.03669344807692305,-0.06507443116961677,-0.008312464984229332,True
bootstrap,InvertedPendulum-v5,far_auroc,0.05,0.5,26,-0.0423702694230769,-0.07343423226621892,-0.011306306579934877,True
bootstrap,InvertedPendulum-v5,far_auroc,0.05,0.99,26,-0.047977066153846115,-0.08032900179196023,-0.015625130515732007,True
bootstrap,InvertedPendulum-v5,far_spearman,0.05,0.0,26,-0.19964016474143,-0.2902644536623816,-0.10901587582047839,True
bootstrap,InvertedPendulum-v5,far_spearman,0.05,0.075,26,-0.04288070102641359,-0.08130101527882891,-0.004460386773998272,True
bootstrap,InvertedPendulum-v5,far_spearman,0.05,0.1,26,-0.05526354839801822,-0.09905003434551682,-0.011477062450519618,True
bootstrap,InvertedPendulum-v5,far_spearman,0.05,0.15,26,-0.09510190928392401,-0.15297028474779745,-0.037233533820050575,True
bootstrap,InvertedPendulum-v5,far_spearman,0.05,0.2,26,-0.1110088908699102,-0.17669467768139152,-0.04532310405842889,True
bootstrap,InvertedPendulum-v5,far_spearman,0.05,0.3,26,-0.12836416442499476,-0.19796466419516798,-0.05876366465482155,True
bootstrap,InvertedPendulum-v5,far_spearman,0.05,0.5,26,-0.14923723650648646,-0.2263895718055564,-0.07208490120741652,True
bootstrap,InvertedPendulum-v5,far_spearman,0.05,0.99,26,-0.1721231132455589,-0.25491457197297973,-0.08933165451813806,True
bootstrap,Pusher-v5,id_rmse,0.1,0.0,26,-0.0006590939771670692,-0.0007573548819716964,-0.0005608330723624419,False
bootstrap,Pusher-v5,id_rmse,0.1,0.05,26,0.0037945898679586495,0.003419940701312726,0.004169239034604573,True
bootstrap,Pusher-v5,id_rmse,0.1,0.075,26,0.0007153084644904509,0.0005827519634118352,0.0008478649655690666,False
bootstrap,Pusher-v5,id_rmse,0.1,0.15,26,-0.00038292846427513417,-0.0004409374121510469,-0.00032491951639922146,False
bootstrap,Pusher-v5,id_rmse,0.1,0.2,26,-0.0004894389556004346,-0.0005615677311326074,-0.0004173101800682619,False
bootstrap,Pusher-v5,id_rmse,0.1,0.3,26,-0.0005603396835235497,-0.0006424777393384694,-0.00047820162770863,False
bootstrap,Pusher-v5,id_rmse,0.1,0.5,26,-0.0006116979683821037,-0.0007032189204611023,-0.0005201770163031051,False
bootstrap,Pusher-v5,id_rmse,0.1,0.99,26,-0.0006367559902943119,-0.0007312010508866073,-0.0005423109297020164,False
bootstrap,Pusher-v5,far_nll,0.1,0.0,26,0.4731762225811298,0.350181952465778,0.5961704926964816,True
bootstrap,Pusher-v5,far_nll,0.1,0.05,26,0.3068622098519252,0.2844858218389973,0.3292385978648531,True
bootstrap,Pusher-v5,far_nll,0.1,0.075,26,0.08532293943258432,0.06599181483776154,0.1046540640274071,False
bootstrap,Pusher-v5,far_nll,0.1,0.15,26,-0.003359737304540772,-0.0343217577615937,0.027602283152512157,False
bootstrap,Pusher-v5,far_nll,0.1,0.2,26,0.029222887295943044,-0.020379274940640027,0.07882504953252611,False
bootstrap,Pusher-v5,far_nll,0.1,0.3,26,0.09751516351333031,0.040361724917399006,0.15466860210926162,False
bootstrap,Pusher-v5,far_nll,0.1,0.5,26,0.19790577429991502,0.1136526154158531,0.28215893318397695,True
bootstrap,Pusher-v5,far_nll,0.1,0.99,26,0.26601304228489214,0.16278114247269182,0.36924494209709247,True
bootstrap,Pusher-v5,far_auroc,0.1,0.0,26,-0.0003473861538461375,-0.0006729575787996642,-2.1814728892610756e-05,False
bootstrap,Pusher-v5,far_auroc,0.1,0.05,26,2.9957692307829983e-06,2.014610360807233e-08,5.971392357957924e-06,False
bootstrap,Pusher-v5,far_auroc,0.1,0.075,26,2.5792307692438743e-06,-2.8430044984459118e-08,5.186891583472208e-06,False
bootstrap,Pusher-v5,far_auroc,0.1,0.15,26,-1.2408461538442158e-05,-2.544570350764159e-05,6.287804307572739e-07,False
bootstrap,Pusher-v5,far_auroc,0.1,0.2,26,-3.067615384613967e-05,-6.20644429594412e-05,7.121352671618609e-07,False
bootstrap,Pusher-v5,far_auroc,0.1,0.3,26,-6.749076923076366e-05,-0.0001323444670670285,-2.6370713944988015e-06,False
bootstrap,Pusher-v5,far_auroc,0.1,0.5,26,-0.00013744769230768548,-0.0002714761754173743,-3.4192091979966287e-06,False
bootstrap,Pusher-v5,far_auroc,0.1,0.99,26,-0.0002089430769230661,-0.0004172859544567079,-6.001993894243381e-07,False
bootstrap,Pusher-v5,far_spearman,0.1,0.0,26,-0.0999025279043444,-0.11382031537633804,-0.08598474043235076,True
bootstrap,Pusher-v5,far_spearman,0.1,0.05,26,0.05306051158928171,0.0438977037557087,0.06222331942285472,False
bootstrap,Pusher-v5,far_spearman,0.1,0.075,26,0.02339164116541406,0.017523087880021698,0.02926019445080642,False
bootstrap,Pusher-v5,far_spearman,0.1,0.15,26,-0.03382394964521312,-0.04295308897723185,-0.024694810313194385,True
bootstrap,Pusher-v5,far_spearman,0.1,0.2,26,-0.04697011018349801,-0.055957067096555395,-0.03798315327044063,True
bootstrap,Pusher-v5,far_spearman,0.1,0.3,26,-0.06814808133546743,-0.07893271987619116,-0.057363442794743695,True
bootstrap,Pusher-v5,far_spearman,0.1,0.5,26,-0.08481671871642643,-0.09832121674353103,-0.07131222068932183,True
bootstrap,Pusher-v5,far_spearman,0.1,0.99,26,-0.10223845414249759,-0.1169027775405454,-0.08757413074444978,True
bootstrap,Reacher-v5,id_rmse,0.05,0.0,26,-0.004366724536969116,-0.004916792638592302,-0.003816656435345929,False
bootstrap,Reacher-v5,id_rmse,0.05,0.075,26,-0.003217341808172375,-0.00373008751360875,-0.0027045961027359995,False
bootstrap,Reacher-v5,id_rmse,0.05,0.1,26,-0.0035513831445804053,-0.004083563725921112,-0.0030192025632396983,False
bootstrap,Reacher-v5,id_rmse,0.05,0.15,26,-0.003908770588728103,-0.004436543450219434,-0.0033809977272367723,False
bootstrap,Reacher-v5,id_rmse,0.05,0.2,26,-0.004072148066300617,-0.004611288902794522,-0.003533007229806712,False
bootstrap,Reacher-v5,id_rmse,0.05,0.3,26,-0.004237564997031135,-0.0047614487332990245,-0.003713681260763245,False
bootstrap,Reacher-v5,id_rmse,0.05,0.5,26,-0.004298443117967015,-0.0048459701005533285,-0.0037509161353807023,False
bootstrap,Reacher-v5,id_rmse,0.05,0.99,26,-0.004342961483276797,-0.004896711607879316,-0.003789211358674279,False
bootstrap,Reacher-v5,far_nll,0.05,0.0,26,1.163308634207799,1.0609852490926348,1.265632019322963,True
bootstrap,Reacher-v5,far_nll,0.05,0.075,26,-0.06949658989189905,-0.09490251946388142,-0.04409066031991668,False
bootstrap,Reacher-v5,far_nll,0.05,0.1,26,0.06395116434074365,0.023216545003229193,0.10468578367825809,False
bootstrap,Reacher-v5,far_nll,0.05,0.15,26,0.2937573635807404,0.23284851463623224,0.35466621252524855,True
bootstrap,Reacher-v5,far_nll,0.05,0.2,26,0.4374183083956058,0.36504758907165635,0.5097890277195553,True
bootstrap,Reacher-v5,far_nll,0.05,0.3,26,0.6286873324559286,0.551937081306087,0.7054375836057701,True
bootstrap,Reacher-v5,far_nll,0.05,0.5,26,0.8193201881188613,0.7329857675202044,0.9056546087175182,True
bootstrap,Reacher-v5,far_nll,0.05,0.99,26,0.9612816457565014,0.8684044500849954,1.0541588414280074,True
bootstrap,Reacher-v5,far_auroc,0.05,0.0,26,-0.004655973846153849,-0.005606512633063788,-0.00370543505924391,False
bootstrap,Reacher-v5,far_auroc,0.05,0.075,26,-0.003066564615384639,-0.0034836933989872317,-0.0026494358317820463,False
bootstrap,Reacher-v5,far_auroc,0.05,0.1,26,-0.0037976828846153668,-0.004281554107297791,-0.0033138116619329428,False
bootstrap,Reacher-v5,far_auroc,0.05,0.15,26,-0.004022692115384619,-0.004631725970491698,-0.00341365826027754,False
bootstrap,Reacher-v5,far_auroc,0.05,0.2,26,-0.003995153076923061,-0.004662630021289239,-0.0033276761325568833,False
bootstrap,Reacher-v5,far_auroc,0.05,0.3,26,-0.004111579230769226,-0.004842782724987475,-0.003380375736550978,False
bootstrap,Reacher-v5,far_auroc,0.05,0.5,26,-0.004250003653846176,-0.005068170004704449,-0.0034318373029879018,False
bootstrap,Reacher-v5,far_auroc,0.05,0.99,26,-0.004402408076923086,-0.0052959318554574334,-0.0035088842983887385,False
bootstrap,Reacher-v5,far_spearman,0.05,0.0,26,0.005093890909534544,-0.00533618844911508,0.015523970268184167,False
bootstrap,Reacher-v5,far_spearman,0.05,0.075,26,0.01474988862746061,0.0065867422557812465,0.022913034999139974,False
bootstrap,Reacher-v5,far_spearman,0.05,0.1,26,0.011990770558404747,0.0033980137958668864,0.02058352732094261,False
bootstrap,Reacher-v5,far_spearman,0.05,0.15,26,0.01053265260016743,0.0012952343139051876,0.019770070886429673,False
bootstrap,Reacher-v5,far_spearman,0.05,0.2,26,0.006115491297067754,-0.003422044997489381,0.015653027591624888,False
bootstrap,Reacher-v5,far_spearman,0.05,0.3,26,0.008831201379421338,-0.0009959119832311514,0.018658314742073828,False
bootstrap,Reacher-v5,far_spearman,0.05,0.5,26,0.007297514530794606,-0.002585826622317473,0.017180855683906683,False
bootstrap,Reacher-v5,far_spearman,0.05,0.99,26,0.005960674690019425,-0.004810345789624425,0.016731695169663274,False
bootstrap,Swimmer-v5,id_rmse,0.05,0.0,27,-0.03362844125540168,-0.05224325445858549,-0.015013628052217867,False
bootstrap,Swimmer-v5,id_rmse,0.05,0.075,27,-0.03152561636158714,-0.050187484224155414,-0.012863748499018869,False
bootstrap,Swimmer-v5,id_rmse,0.05,0.1,27,-0.03270295200248561,-0.05132096937007272,-0.014084934634898506,False
bootstrap,Swimmer-v5,id_rmse,0.05,0.15,27,-0.033169806624452285,-0.051789260052436614,-0.014550353196467952,False
bootstrap,Swimmer-v5,id_rmse,0.05,0.2,27,-0.03330312627885078,-0.05191617071520982,-0.014690081842491737,False
bootstrap,Swimmer-v5,id_rmse,0.05,0.3,27,-0.03345581923645956,-0.052059623225645474,-0.014852015247273642,False
bootstrap,Swimmer-v5,id_rmse,0.05,0.5,27,-0.03355874128087803,-0.05217218384468133,-0.014945298717074736,False
bootstrap,Swimmer-v5,id_rmse,0.05,0.99,27,-0.03361292728395376,-0.05222988015688715,-0.014995974411020366,False
bootstrap,Swimmer-v5,far_nll,0.05,0.0,27,-0.4639753787605851,-0.7571025984810691,-0.17084815904010103,False
bootstrap,Swimmer-v5,far_nll,0.05,0.075,27,-0.7698826856083341,-1.0507966708626744,-0.48896870035399365,False
bootstrap,Swimmer-v5,far_nll,0.05,0.1,27,-0.8193808286278336,-1.0909607186905335,-0.5478009385651337,False
bootstrap,Swimmer-v5,far_nll,0.05,0.15,27,-0.7507450988999119,-1.028420129153386,-0.47307006864643775,False
bootstrap,Swimmer-v5,far_nll,0.05,0.2,27,-0.7036505915500499,-0.9821573813343212,-0.4251438017657787,False
bootstrap,Swimmer-v5,far_nll,0.05,0.3,27,-0.6386453972922431,-0.9220790124081089,-0.35521178217637733,False
bootstrap,Swimmer-v5,far_nll,0.05,0.5,27,-0.6054337444128813,-0.8924476117095035,-0.31841987711625924,False
bootstrap,Swimmer-v5,far_nll,0.05,0.99,27,-0.5661535218909934,-0.8565069486229895,-0.27580009515899734,False
bootstrap,Swimmer-v5,far_auroc,0.05,0.0,27,0.00452035037037036,0.0030417681841851327,0.0059989325565555866,False
bootstrap,Swimmer-v5,far_auroc,0.05,0.075,27,0.003757992222222218,0.002245395191881811,0.0052705892525626245,False
bootstrap,Swimmer-v5,far_auroc,0.05,0.1,27,0.004212408518518505,0.0027112674107944547,0.005713549626242555,False
bootstrap,Swimmer-v5,far_auroc,0.05,0.15,27,0.004264472962962951,0.0027635238309555135,0.005765422094970388,False
bootstrap,Swimmer-v5,far_auroc,0.05,0.2,27,0.0043155403703703625,0.002817813675790256,0.005813267064950469,False
bootstrap,Swimmer-v5,far_auroc,0.05,0.3,27,0.00437976925925926,0.0028941233744452744,0.005865415144073246,False
bootstrap,Swimmer-v5,far_auroc,0.05,0.5,27,0.004472500370370371,0.002985600363776912,0.005959400376963829,False
bootstrap,Swimmer-v5,far_auroc,0.05,0.99,27,0.0044983762962962975,0.003017253390064282,0.005979499202528313,False
bootstrap,Swimmer-v5,far_spearman,0.05,0.0,27,-0.11553362797250367,-0.17915703692906887,-0.051910219015938494,True
bootstrap,Swimmer-v5,far_spearman,0.05,0.075,27,-0.07709739844883566,-0.12625074759638136,-0.02794404930128997,True
bootstrap,Swimmer-v5,far_spearman,0.05,0.1,27,-0.06276803895353511,-0.11405862072834401,-0.01147745717872621,True
bootstrap,Swimmer-v5,far_spearman,0.05,0.15,27,-0.07894761384795672,-0.12883468184579594,-0.02906054585011749,True
bootstrap,Swimmer-v5,far_spearman,0.05,0.2,27,-0.08090028712868509,-0.1355314861515622,-0.02626908810580797,True
bootstrap,Swimmer-v5,far_spearman,0.05,0.3,27,-0.09937694515998016,-0.15728316972741938,-0.04147072059254094,True
bootstrap,Swimmer-v5,far_spearman,0.05,0.5,27,-0.09798269742053779,-0.15614278357129058,-0.039822611269784994,True
bootstrap,Swimmer-v5,far_spearman,0.05,0.99,27,-0.11322367014509495,-0.17647886551064473,-0.04996847477954515,True
bootstrap,Walker2d-v5,id_rmse,0.3,0.0,27,-0.0027893980344136557,-0.003139304996230715,-0.0024394910725965965,False
bootstrap,Walker2d-v5,id_rmse,0.3,0.05,27,0.060055662084508826,0.05790220722915422,0.06220911693986343,True
bootstrap,Walker2d-v5,id_rmse,0.3,0.075,27,0.02451628667336923,0.023365329682377967,0.025667243664360493,False
bootstrap,Walker2d-v5,id_rmse,0.3,0.1,27,0.013266951949508101,0.012574999060596614,0.013958904838419588,False
bootstrap,Walker2d-v5,id_rmse,0.3,0.15,27,0.0054987249550996,0.005143716144678668,0.005853733765520532,False
bootstrap,Walker2d-v5,id_rmse,0.3,0.2,27,0.0025340958877846046,0.0022011922432434976,0.0028669995323257116,False
bootstrap,Walker2d-v5,id_rmse,0.3,0.5,27,-0.0015246581148218225,-0.0018221604719522565,-0.0012271557576913885,False
bootstrap,Walker2d-v5,id_rmse,0.3,0.99,27,-0.0023442904154459634,-0.002672626351745127,-0.0020159544791468,False
bootstrap,Walker2d-v5,far_nll,0.3,0.0,27,0.6171170958766231,0.5595716165086524,0.6746625752445938,True
bootstrap,Walker2d-v5,far_nll,0.3,0.05,27,-0.6316834070064403,-0.7255652164025845,-0.5378015976102961,False
bootstrap,Walker2d-v5,far_nll,0.3,0.075,27,-0.6902557699768631,-0.7684959737887975,-0.6120155661649287,False
bootstrap,Walker2d-v5,far_nll,0.3,0.1,27,-0.5943580203586154,-0.6588437800796934,-0.5298722606375375,False
bootstrap,Walker2d-v5,far_nll,0.3,0.15,27,-0.3898478393201475,-0.4358915876048315,-0.3438040910354635,False
bootstrap,Walker2d-v5,far_nll,0.3,0.2,27,-0.21137360290244775,-0.248930177860478,-0.1738170279444175,False
bootstrap,Walker2d-v5,far_nll,0.3,0.5,27,0.22225583482671668,0.1913702189511744,0.25314145070225896,True
bootstrap,Walker2d-v5,far_nll,0.3,0.99,27,0.381169698856495,0.3406243503383465,0.4217150473746435,True
bootstrap,Walker2d-v5,far_auroc,0.3,0.0,27,-0.0002517307407407377,-0.000499817341933461,-3.6441395480144956e-06,False
bootstrap,Walker2d-v5,far_auroc,0.3,0.05,27,-0.004716473148148147,-0.005113848310255218,-0.004319097986041076,False
bootstrap,Walker2d-v5,far_auroc,0.3,0.075,27,-0.0020925355555555646,-0.0024335842387936788,-0.0017514868723174503,False
bootstrap,Walker2d-v5,far_auroc,0.3,0.1,27,-0.0012850033333333061,-0.0016082520760146003,-0.0009617545906520119,False
bootstrap,Walker2d-v5,far_auroc,0.3,0.15,27,-0.0005498374074074016,-0.0007641984788322135,-0.00033547633598258976,False
bootstrap,Walker2d-v5,far_auroc,0.3,0.2,27,-0.00016497648148148822,-0.0003795102357822503,4.9557272819273805e-05,False
bootstrap,Walker2d-v5,far_auroc,0.3,0.5,27,7.018777777779829e-05,-4.63975527270787e-05,0.00018677310828267528,False
bootstrap,Walker2d-v5,far_auroc,0.3,0.99,27,0.0001160011111111258,-2.9983207232664244e-05,0.0002619854294549158,False
bootstrap,Walker2d-v5,far_spearman,0.3,0.0,27,0.007973967252509448,0.0035355307705626513,0.012412403734456245,False
bootstrap,Walker2d-v5,far_spearman,0.3,0.05,27,0.05517517691049157,0.04060262081341105,0.06974773300757209,False
bootstrap,Walker2d-v5,far_spearman,0.3,0.075,27,-0.0005551716444172093,-0.01719952520504925,0.016089181916214827,False
bootstrap,Walker2d-v5,far_spearman,0.3,0.1,27,-0.010539906287214525,-0.019639144455441064,-0.0014406681189879852,False
bootstrap,Walker2d-v5,far_spearman,0.3,0.15,27,-0.004421526555022541,-0.012004994710007518,0.0031619415999624353,False
bootstrap,Walker2d-v5,far_spearman,0.3,0.2,27,0.00099221548858259,-0.0038182299629247875,0.005802660940089967,False
bootstrap,Walker2d-v5,far_spearman,0.3,0.5,27,0.00449583551988469,0.001086260735745745,0.007905410304023634,False
bootstrap,Walker2d-v5,far_spearman,0.3,0.99,27,0.007240819739558922,0.002071931298153081,0.012409708180964762,False
ridge,Ant-v5,id_rmse,0.0001,0.0,27,0.41418120154628046,0.2862053366231131,0.5421570664694478,True
ridge,Ant-v5,id_rmse,0.0001,1e-05,27,0.1775884915281225,0.11632205199410903,0.23885493106213598,True
ridge,Ant-v5,id_rmse,0.0001,0.0003,27,-0.024914410379197862,-0.033297120236324765,-0.01653170052207096,False
ridge,Ant-v5,id_rmse,0.0001,0.001,27,-0.036629175698315655,-0.04812765535135639,-0.025130696045274924,False
ridge,Ant-v5,id_rmse,0.0001,0.003,27,-0.04132724029046518,-0.05351275106375276,-0.029141729517177604,False
ridge,Ant-v5,id_rmse,0.0001,0.01,27,-0.04412108438986319,-0.05652592333795658,-0.0317162454417698,False
ridge,Ant-v5,id_rmse,0.0001,0.1,27,-0.04675217028017397,-0.05926374759525009,-0.03424059296509785,False
ridge,Ant-v5,id_rmse,0.0001,1.0,27,-0.04739869082415545,-0.060035673175895414,-0.03476170847241549,False
ridge,Ant-v5,far_nll,0.0001,0.0,27,1.406706107987298,1.2727955166520992,1.5406166993224968,True
ridge,Ant-v5,far_nll,0.0001,1e-05,27,0.8704619672563341,0.8012230685102419,0.9397008660024262,True
ridge,Ant-v5,far_nll,0.0001,0.0003,27,-0.0941906703843011,-0.16819065793038818,-0.020190682838214,False
ridge,Ant-v5,far_nll,0.0001,0.001,27,0.5681505821369313,0.292201017609812,0.8441001466640505,True
ridge,Ant-v5,far_nll,0.0001,0.003,27,2.1206413441234164,1.4875469928091223,2.753735695437711,True
ridge,Ant-v5,far_nll,0.0001,0.01,27,4.1777729502430665,3.0522809664648864,5.3032649340212465,True
ridge,Ant-v5,far_nll,0.0001,0.1,27,6.549422888844101,4.7657007987760185,8.333144978912184,True
ridge,Ant-v5,far_nll,0.0001,1.0,27,7.08178053078828,5.310054186767757,8.853506874808804,True
ridge,Ant-v5,far_auroc,0.0001,0.0,27,-0.0001967542592592505,-0.0004020251424296129,8.5166239111119e-06,False
ridge,Ant-v5,far_auroc,0.0001,1e-05,27,3.3208518518545596e-05,-6.65804149399127e-05,0.0001329974519770039,False
ridge,Ant-v5,far_auroc,0.0001,0.0003,27,-0.00010963888888886824,-0.00016405611519445257,-5.5221662583283906e-05,False
ridge,Ant-v5,far_auroc,0.0001,0.001,27,-0.0006272749999999848,-0.000934745730011311,-0.00031980426998865847,False
ridge,Ant-v5,far_auroc,0.0001,0.003,27,-0.0035520761111111046,-0.006478516838032109,-0.0006256353841901006,False
ridge,Ant-v5,far_auroc,0.0001,0.01,27,-0.02225604203703702,-0.0331500902432394,-0.011361993830834638,True
ridge,Ant-v5,far_auroc,0.0001,0.1,27,-0.15118611851851854,-0.1774271700205281,-0.12494506701650898,True
ridge,Ant-v5,far_auroc,0.0001,1.0,27,-0.24224369629629625,-0.2741362731327328,-0.21035111945985968,True
ridge,Ant-v5,far_spearman,0.0001,0.0,27,0.045442731067024976,0.02282987660834756,0.0680555855257024,False
ridge,Ant-v5,far_spearman,0.0001,1e-05,27,0.04039765433095264,0.021681549851342356,0.059113758810562925,False
ridge,Ant-v5,far_spearman,0.0001,0.0003,27,-0.09155381499906323,-0.11579398448655429,-0.06731364551157218,True
ridge,Ant-v5,far_spearman,0.0001,0.001,27,-0.2807023649560885,-0.315856802038179,-0.24554792787399804,True
ridge,Ant-v5,far_spearman,0.0001,0.003,27,-0.45506202824737774,-0.4888690426896697,-0.4212550138050858,True
ridge,Ant-v5,far_spearman,0.0001,0.01,27,-0.5784229304856096,-0.6118599802084844,-0.5449858807627347,True
ridge,Ant-v5,far_spearman,0.0001,0.1,27,-0.6724784221748392,-0.7046804987471015,-0.640276345602577,True
ridge,Ant-v5,far_spearman,0.0001,1.0,27,-0.6847086832567222,-0.7172920359522692,-0.6521253305611752,True
ridge,HalfCheetah-v5,id_rmse,0.0001,0.0,27,-0.011893365118238653,-0.0177722845413021,-0.006014445695175207,False
ridge,HalfCheetah-v5,id_rmse,0.0001,1e-05,27,0.018448374889515073,0.00878776592307717,0.028108983855952976,False
ridge,HalfCheetah-v5,id_rmse,0.0001,0.0003,27,-0.0050186448627048234,-0.007457172943908163,-0.0025801167815014832,False
ridge,HalfCheetah-v5,id_rmse,0.0001,0.001,27,-0.008517335962366182,-0.012867362005162227,-0.004167309919570138,False
ridge,HalfCheetah-v5,id_rmse,0.0001,0.003,27,-0.010478681988186299,-0.015831632835687368,-0.005125731140685229,False
ridge,HalfCheetah-v5,id_rmse,0.0001,0.01,27,-0.01193896487907128,-0.017836955369293236,-0.006040974388849322,False
ridge,HalfCheetah-v5,id_rmse,0.0001,0.1,27,-0.014082652551156512,-0.020705012933260342,-0.007460292169052683,False
ridge,HalfCheetah-v5,id_rmse,0.0001,1.0,27,-0.01494193518603292,-0.02245535110553651,-0.007428519266529332,False
ridge,HalfCheetah-v5,far_nll,0.0001,0.0,27,0.08035682307349316,-0.032385499815872576,0.1930991459628589,False
ridge,HalfCheetah-v5,far_nll,0.0001,1e-05,27,0.11116752801118074,0.07166153451682658,0.1506735215055349,True
ridge,HalfCheetah-v5,far_nll,0.0001,0.0003,27,-0.04766828925521285,-0.06693219641648321,-0.028404382093942502,False
ridge,HalfCheetah-v5,far_nll,0.0001,0.001,27,-0.06485055552588563,-0.10604407323742468,-0.023657037814346575,False
ridge,HalfCheetah-v5,far_nll,0.0001,0.003,27,-0.02944444285498726,-0.09761576324112087,0.03872687753114634,False
ridge,HalfCheetah-v5,far_nll,0.0001,0.01,27,0.0747268729739719,-0.03628144001871328,0.18573518596665708,False
ridge,HalfCheetah-v5,far_nll,0.0001,0.1,27,0.42800091372595894,0.19076745773196802,0.6652343697199499,True
ridge,HalfCheetah-v5,far_nll,0.0001,1.0,27,0.8622992789303815,0.4788078660268853,1.2457906918338777,True
ridge,HalfCheetah-v5,far_auroc,0.0001,0.0,27,-5.748888888905761e-06,-0.0011179917519902167,0.0011064939742124053,False
ridge,HalfCheetah-v5,far_auroc,0.0001,1e-05,27,-0.0006814666666666652,-0.0011602474414886246,-0.00020268589184470575,False
ridge,HalfCheetah-v5,far_auroc,0.0001,0.0003,27,0.00032713259259260823,5.442563091098034e-06,0.0006488226220941185,False
ridge,HalfCheetah-v5,far_auroc,0.0001,0.001,27,0.0004912711111111109,-0.00019355974100855415,0.001176101963230776,False
ridge,HalfCheetah-v5,far_auroc,0.0001,0.003,27,0.00040728203703704685,-0.0005620715723502442,0.0013766356464243379,False
ridge,HalfCheetah-v5,far_auroc,0.0001,0.01,27,0.00015194296296298462,-0.0010093537950354129,0.0013132397209613823,False
ridge,HalfCheetah-v5,far_auroc,0.0001,0.1,27,-0.0006206651851851755,-0.0018949790411610158,0.0006536486707906646,False
ridge,HalfCheetah-v5,far_auroc,0.0001,1.0,27,-0.002189389444444447,-0.0035060913073834783,-0.0008726875815054152,False
ridge,HalfCheetah-v5,far_spearman,0.0001,0.0,27,-0.14257713990346377,-0.17793013350054543,-0.10722414630638209,True
ridge,HalfCheetah-v5,far_spearman,0.0001,1e-05,27,0.11826013841079709,0.09148248207915231,0.14503779474244188,False
ridge,HalfCheetah-v5,far_spearman,0.0001,0.0003,27,-0.05884303158674797,-0.07378183812551962,-0.04390422504797631,True
ridge,HalfCheetah-v5,far_spearman,0.0001,0.001,27,-0.10297612172188353,-0.12852551290840786,-0.07742673053535921,True
ridge,HalfCheetah-v5,far_spearman,0.0001,0.003,27,-0.1269254832099477,-0.15736696838302527,-0.09648399803687013,True
ridge,HalfCheetah-v5,far_spearman,0.0001,0.01,27,-0.14395648800940397,-0.17724844003412538,-0.11066453598468255,True
ridge,HalfCheetah-v5,far_spearman,0.0001,0.1,27,-0.16003448241822382,-0.19514749361187173,-0.1249214712245759,True
ridge,HalfCheetah-v5,far_spearman,0.0001,1.0,27,-0.1643512685792205,-0.19974885920068364,-0.12895367795775736,True
ridge,Hopper-v5,id_rmse,0.0001,0.0,27,-0.000156663082264095,-0.0002967353318020151,-1.6590832726174937e-05,False
ridge,Hopper-v5,id_rmse,0.0001,1e-05,27,0.0005798499893259109,0.00013732647561442063,0.0010223735030374013,False
ridge,Hopper-v5,id_rmse,0.0001,0.0003,27,-0.00011684552386955801,-0.00019471526607515804,-3.8975781663958006e-05,False
ridge,Hopper-v5,id_rmse,0.0001,0.001,27,-0.000170287158754143,-0.0002864666195556621,-5.4107697952623894e-05,False
ridge,Hopper-v5,id_rmse,0.0001,0.003,27,-0.00017402679831893665,-0.0003083051232749052,-3.974847336296811e-05,False
ridge,Hopper-v5,id_rmse,0.0001,0.01,27,-0.0001401332793412529,-0.00028774691980950305,7.480361126997287e-06,False
ridge,Hopper-v5,id_rmse,0.0001,0.1,27,9.717930246281376e-05,-8.356396174329519e-05,0.0002779225666689227,False
ridge,Hopper-v5,id_rmse,0.0001,1.0,27,0.0013775505401470002,0.0010914708474948447,0.0016636302327991557,False
ridge,Hopper-v5,far_nll,0.0001,0.0,27,-0.04723756981116754,-0.08056849786794607,-0.013906641754389014,False
ridge,Hopper-v5,far_nll,0.0001,1e-05,27,0.0824308627181583,0.04968791613815918,0.11517380929815743,False
ridge,Hopper-v5,far_nll,0.0001,0.0003,27,-0.03110639088683659,-0.044425024193142856,-0.017787757580530326,False
ridge,Hopper-v5,far_nll,0.0001,0.001,27,-0.050363243178085056,-0.0772172305678285,-0.0235092557883416,False
ridge,Hopper-v5,far_nll,0.0001,0.003,27,-0.05222440538582979,-0.08629146279936453,-0.018157347972295054,False
ridge,Hopper-v5,far_nll,0.0001,0.01,27,-0.042705578660523456,-0.08046364099721837,-0.004947516323828553,False
ridge,Hopper-v5,far_nll,0.0001,0.1,27,-0.009066532883379204,-0.0508861442959903,0.03275307852923189,False
ridge,Hopper-v5,far_nll,0.0001,1.0,27,0.022690090592260705,-0.021191584308022083,0.0665717654925435,False
ridge,Hopper-v5,far_auroc,0.0001,0.0,27,-0.005628911296296296,-0.007198202600937396,-0.004059619991655196,False
ridge,Hopper-v5,far_auroc,0.0001,1e-05,27,0.001292434259259265,0.0004873162431186574,0.0020975522753998725,False
ridge,Hopper-v5,far_auroc,0.0001,0.0003,27,-0.0014661568518518446,-0.002242613093817952,-0.000689700609885737,False
ridge,Hopper-v5,far_auroc,0.0001,0.001,27,-0.0036210811111111177,-0.004947828259591215,-0.00229433396263102,False
ridge,Hopper-v5,far_auroc,0.0001,0.003,27,-0.005928338518518533,-0.0075126240639635045,-0.004344052973073561,False
ridge,Hopper-v5,far_auroc,0.0001,0.01,27,-0.008674706296296285,-0.010494986168162957,-0.006854426424429614,False
ridge,Hopper-v5,far_auroc,0.0001,0.1,27,-0.015937286481481475,-0.018322756218467066,-0.013551816744495881,False
ridge,Hopper-v5,far_auroc,0.0001,1.0,27,-0.026693112777777774,-0.02973536397914731,-0.02365086157640824,True
ridge,Hopper-v5,far_spearman,0.0001,0.0,27,-0.006856343933981118,-0.03518887890667158,0.021476191038709343,False
ridge,Hopper-v5,far_spearman,0.0001,1e-05,27,0.007682229270360123,-0.008105081222271507,0.02346953976299175,False
ridge,Hopper-v5,far_spearman,0.0001,0.0003,27,-0.00010223252943090493,-0.008700552844149919,0.00849608778528811,False
ridge,Hopper-v5,far_spearman,0.0001,0.001,27,0.0005317379013316053,-0.015909679777116322,0.01697315557977953,False
ridge,Hopper-v5,far_spearman,0.0001,0.003,27,0.002099812902114703,-0.02133972364560449,0.025539349449833895,False
ridge,Hopper-v5,far_spearman,0.0001,0.01,27,0.00013471554294723168,-0.026844159066672205,0.02711359015256667,False
ridge,Hopper-v5,far_spearman,0.0001,0.1,27,-0.0030035327235006567,-0.03109425255560745,0.025087187108606135,False
ridge,Hopper-v5,far_spearman,0.0001,1.0,27,0.0009017737365006246,-0.028418704401690347,0.0302222518746916,False
ridge,Humanoid-v5,id_rmse,0.01,0.0,27,0.002612219916449653,0.000769867187654716,0.00445457264524459,False
ridge,Humanoid-v5,id_rmse,0.01,1e-05,27,546.3587164702238,-579.0809917715945,1671.798424712042,True
ridge,Humanoid-v5,id_rmse,0.01,0.0001,27,1.068593484384043,-1.1275128746173708,3.264699843385457,False
ridge,Humanoid-v5,id_rmse,0.01,0.0003,27,3.6232838100857196,-3.8370374728663426,11.083605093037782,True
ridge,Humanoid-v5,id_rmse,0.01,0.001,27,0.01739756266275989,-0.016737107487086466,0.05153223281260624,False
ridge,Humanoid-v5,id_rmse,0.01,0.003,27,0.0019019797996238427,-0.0013558427979948103,0.005159802397242496,False
ridge,Humanoid-v5,id_rmse,0.01,0.1,27,-0.00039008811668113423,-0.0012296442399731995,0.000449468006610931,False
ridge,Humanoid-v5,id_rmse,0.01,1.0,27,-2.825701672977461e-07,-0.0011303918008826236,0.001129826660548028,False
ridge,Humanoid-v5,far_nll,0.01,0.0,27,0.03755389319525818,0.028359645917914414,0.04674814047260195,False
ridge,Humanoid-v5,far_nll,0.01,1e-05,27,0.03869981235928004,0.003494229115141606,0.07390539560341848,False
ridge,Humanoid-v5,far_nll,0.01,0.0001,27,0.010920860149242177,-0.006271802232726923,0.028113522531211278,False
ridge,Humanoid-v5,far_nll,0.01,0.0003,27,0.004561371273464544,-0.007239029400271973,0.01636177194720106,False
ridge,Humanoid-v5,far_nll,0.01,0.001,27,-0.0005787743462456761,-0.006134999633159886,0.004977450940668534,False
ridge,Humanoid-v5,far_nll,0.01,0.003,27,-0.0017386719032570826,-0.004205108478267999,0.0007277646717538332,False
ridge,Humanoid-v5,far_nll,0.01,0.1,27,0.009054342905680305,0.005347263400103981,0.01276142241125663,False
ridge,Humanoid-v5,far_nll,0.01,1.0,27,0.02199586232503252,0.015114603387968547,0.028877121262096492,False
ridge,Humanoid-v5,far_auroc,0.01,0.0,27,-0.024172612592592586,-0.026967913212867393,-0.021377311972317778,True
ridge,Humanoid-v5,far_auroc,0.01,1e-05,27,0.038582694999999986,0.023234040785061052,0.05393134921493892,False
ridge,Humanoid-v5,far_auroc,0.01,0.0001,27,0.02347329925925926,0.014847668871516081,0.032098929647002436,False
ridge,Humanoid-v5,far_auroc,0.01,0.0003,27,0.01847320537037037,0.011670151556576504,0.025276259184164235,False
ridge,Humanoid-v5,far_auroc,0.01,0.001,27,0.012682974814814807,0.008163910050718329,0.017202039578911286,False
ridge,Humanoid-v5,far_auroc,0.01,0.003,27,0.006037172407407404,0.004331211186761788,0.00774313362805302,False
ridge,Humanoid-v5,far_auroc,0.01,0.1,27,-0.008334712962962957,-0.010317386002267621,-0.0063520399236582925,False
ridge,Humanoid-v5,far_auroc,0.01,1.0,27,-0.013620338518518502,-0.015929034104637033,-0.01131164293239997,False
ridge,Humanoid-v5,far_spearman,0.01,0.0,27,0.013976709607759487,0.0038676902442036,0.024085728971315376,False
ridge,Humanoid-v5,far_spearman,0.01,1e-05,27,-0.06123543327006384,-0.08833932732741363,-0.03413153921271404,True
ridge,Humanoid-v5,far_spearman,0.01,0.0001,27,-0.04158925409398278,-0.056658066743057775,-0.026520441444907786,True
ridge,Humanoid-v5,far_spearman,0.01,0.0003,27,-0.03516583244962367,-0.05040370678286212,-0.019927958116385223,True
ridge,Humanoid-v5,far_spearman,0.01,0.001,27,-0.025687154720137054,-0.03907496984902799,-0.012299339591246121,True
ridge,Humanoid-v5,far_spearman,0.01,0.003,27,-0.01087083158165932,-0.015133799745347225,-0.0066078634179714164,False
ridge,Humanoid-v5,far_spearman,0.01,0.1,27,0.012183555968133331,0.00304557930680102,0.021321532629465643,False
ridge,Humanoid-v5,far_spearman,0.01,1.0,27,0.014218533441502932,0.0041286940072612355,0.024308372875744628,False
ridge,HumanoidStandup-v5,id_rmse,0.01,0.0,27,-0.24803917496292666,-0.39290856784716177,-0.10316978207869151,False
ridge,HumanoidStandup-v5,id_rmse,0.01,1e-05,27,544.3368772577356,-7.3798725194822055,1096.0536270349535,True
ridge,HumanoidStandup-v5,id_rmse,0.01,0.0001,27,41.54260508219401,4.970246754752807,78.11496340963521,True
ridge,HumanoidStandup-v5,id_rmse,0.01,0.0003,27,10.666605278297707,-0.2882897929216437,21.621500349517056,True
ridge,HumanoidStandup-v5,id_rmse,0.01,0.001,27,1.6269093972665298,-0.052710574636123164,3.3065293691691826,False
ridge,HumanoidStandup-v5,id_rmse,0.01,0.003,27,0.4318600407353164,-0.04977361716152151,0.9134936986321543,False
ridge,HumanoidStandup-v5,id_rmse,0.01,0.1,27,-0.20620854695638022,-0.32679792924976697,-0.08561916466299346,False
ridge,HumanoidStandup-v5,id_rmse,0.01,1.0,27,-0.3281928168402776,-0.4931005633902745,-0.1632850702902807,False
ridge,HumanoidStandup-v5,far_nll,0.01,0.0,27,0.7324943012661405,0.5670338631357169,0.897954739396564,True
ridge,HumanoidStandup-v5,far_nll,0.01,1e-05,27,1.532231295550311,0.7590608854794417,2.3054017056211804,True
ridge,HumanoidStandup-v5,far_nll,0.01,0.0001,27,0.6702397840994375,0.18029839038457912,1.1601811778142959,True
ridge,HumanoidStandup-v5,far_nll,0.01,0.0003,27,0.22053921664202653,-0.12432843821851214,0.5654068715025652,True
ridge,HumanoidStandup-v5,far_nll,0.01,0.001,27,-0.030945671929253474,-0.227324920937152,0.1654335770786451,False
ridge,HumanoidStandup-v5,far_nll,0.01,0.003,27,-0.0869276082074201,-0.18035769712815908,0.006502480713318867,False
ridge,HumanoidStandup-v5,far_nll,0.01,0.1,27,0.47060516145494247,0.32664255348621885,0.6145677694236661,True
ridge,HumanoidStandup-v5,far_nll,0.01,1.0,27,1.2286390905027036,0.9170154096952108,1.5402627713101964,True
ridge,HumanoidStandup-v5,far_auroc,0.01,0.0,27,-0.061084131481481486,-0.07650174503491133,-0.045666517928051646,True
ridge,HumanoidStandup-v5,far_auroc,0.01,1e-05,27,0.04591736037037037,0.0326757473819012,0.05915897335883954,False
ridge,HumanoidStandup-v5,far_auroc,0.01,0.0001,27,0.039840303888888894,0.02765509712896126,0.052025510648816525,False
ridge,HumanoidStandup-v5,far_auroc,0.01,0.0003,27,0.0346889701851852,0.02408279839794923,0.04529514197242117,False
ridge,HumanoidStandup-v5,far_auroc,0.01,0.001,27,0.025986186666666664,0.0185363655112676,0.033436007822065725,False
ridge,HumanoidStandup-v5,far_auroc,0.01,0.003,27,0.015174769444444448,0.011049068706164497,0.019300470182724398,False
ridge,HumanoidStandup-v5,far_auroc,0.01,0.1,27,-0.03931727944444446,-0.04796283296879448,-0.030671725920094435,True
ridge,HumanoidStandup-v5,far_auroc,0.01,1.0,27,-0.09030466055555555,-0.10789752802599621,-0.0727117930851149,True
ridge,HumanoidStandup-v5,far_spearman,0.01,0.0,27,0.05076076600889654,0.022054411204723512,0.07946712081306957,False
ridge,HumanoidStandup-v5,far_spearman,0.01,1e-05,27,0.18711880587050936,0.1483890522127787,0.22584855952824,False
ridge,HumanoidStandup-v5,far_spearman,0.01,0.0001,27,0.1188864040819115,0.07008922472914614,0.16768358343467687,False
ridge,HumanoidStandup-v5,far_spearman,0.01,0.0003,27,0.06695209203523411,0.029634890725336885,0.10426929334513134,False
ridge,HumanoidStandup-v5,far_spearman,0.01,0.001,27,0.014760946776290747,-0.011240439997014396,0.040762333549595894,False
ridge,HumanoidStandup-v5,far_spearman,0.01,0.003,27,-0.0016590186348779791,-0.015952994923170098,0.012634957653414141,False
ridge,HumanoidStandup-v5,far_spearman,0.01,0.1,27,0.031879963186981525,0.00809764344679463,0.05566228292716842,False
ridge,HumanoidStandup-v5,far_spearman,0.01,1.0,27,0.06189572562292606,0.031446328915736996,0.09234512233011512,False
ridge,InvertedDoublePendulum-v5,id_rmse,0.0001,0.0,26,-0.00018571381672071217,-0.011621244472091133,0.011249816838649708,False
ridge,InvertedDoublePendulum-v5,id_rmse,0.0001,1e-05,26,0.7242901435551735,0.5044183992209411,0.9441618878894059,True
ridge,InvertedDoublePendulum-v5,id_rmse,0.0001,0.0003,26,-0.015814056548361592,-0.025764474268781198,-0.005863638827941987,False
ridge,InvertedDoublePendulum-v5,id_rmse,0.0001,0.001,26,-0.016233144614558947,-0.026201930634447333,-0.0062643585946705604,False
ridge,InvertedDoublePendulum-v5,id_rmse,0.0001,0.003,26,-0.01646381025560773,-0.026438123728442238,-0.006489496782773217,False
ridge,InvertedDoublePendulum-v5,id_rmse,0.0001,0.01,26,-0.016558455195851054,-0.026533775396019515,-0.006583134995682593,False
ridge,InvertedDoublePendulum-v5,id_rmse,0.0001,0.1,26,-0.01621598592744424,-0.02619594591255616,-0.0062360259423323225,False
ridge,InvertedDoublePendulum-v5,id_rmse,0.0001,1.0,26,-0.014550846464072283,-0.024565796112293918,-0.004535896815850647,False
ridge,InvertedDoublePendulum-v5,far_nll,0.0001,0.0,26,-0.11276616729222805,-0.39023496443028993,0.16470262984583384,False
ridge,InvertedDoublePendulum-v5,far_nll,0.0001,1e-05,26,2.8359500536551843,2.5113125162450287,3.16058759106534,True
ridge,InvertedDoublePendulum-v5,far_nll,0.0001,0.0003,26,0.23193796781393197,-0.006029745412311355,0.46990568104017527,True
ridge,InvertedDoublePendulum-v5,far_nll,0.0001,0.001,26,0.4616293265269353,0.21097680357907656,0.712281849474794,True
ridge,InvertedDoublePendulum-v5,far_nll,0.0001,0.003,26,0.5687287403987005,0.3092538662816178,0.8282036145157832,True
ridge,InvertedDoublePendulum-v5,far_nll,0.0001,0.01,26,0.6239648919839126,0.3588587235209346,0.8890710604468905,True
ridge,InvertedDoublePendulum-v5,far_nll,0.0001,0.1,26,0.6149964195031387,0.35140948442940967,0.8785833545768676,True
ridge,InvertedDoublePendulum-v5,far_nll,0.0001,1.0,26,0.5223157130754911,0.2539767545783704,0.7906546715726117,True
ridge,InvertedDoublePendulum-v5,far_auroc,0.0001,0.0,26,0.001388883076923078,0.001021860933320313,0.001755905220525843,False
ridge,InvertedDoublePendulum-v5,far_auroc,0.0001,1e-05,26,-0.0011806930769230723,-0.0019866681198853113,-0.0003747180339608331,False
ridge,InvertedDoublePendulum-v5,far_auroc,0.0001,0.0003,26,0.0011111719230769358,0.0007004222224980703,0.0015219216236558013,False
ridge,InvertedDoublePendulum-v5,far_auroc,0.0001,0.001,26,0.0010380584615384525,0.0005616352689573058,0.0015144816541195994,False
ridge,InvertedDoublePendulum-v5,far_auroc,0.0001,0.003,26,0.0009616115384615436,0.0004458198917591434,0.0014774031851639438,False
ridge,InvertedDoublePendulum-v5,far_auroc,0.0001,0.01,26,0.0008911159615384493,0.00034375851340695594,0.0014384734096699425,False
ridge,InvertedDoublePendulum-v5,far_auroc,0.0001,0.1,26,0.00089230730769231,0.00033870862952330974,0.00144590598586131,False
ridge,InvertedDoublePendulum-v5,far_auroc,0.0001,1.0,26,0.00098032576923076,0.0005057958770700413,0.0014548556613914786,False
ridge,InvertedDoublePendulum-v5,far_spearman,0.0001,0.0,26,0.018240336335119567,-0.008820076362643283,0.04530074903288242,False
ridge,InvertedDoublePendulum-v5,far_spearman,0.0001,1e-05,26,0.03995764907483065,0.011237021640954376,0.06867827650870693,False
ridge,InvertedDoublePendulum-v5,far_spearman,0.0001,0.0003,26,-0.023701142422714372,-0.04865009471658338,0.0012478098711546405,True
ridge,InvertedDoublePendulum-v5,far_spearman,0.0001,0.001,26,-0.021274911087103648,-0.04739283617635859,0.004843014002151293,True
ridge,InvertedDoublePendulum-v5,far_spearman,0.0001,0.003,26,-0.01779895648361137,-0.04503405412714159,0.009436141159918848,False
ridge,InvertedDoublePendulum-v5,far_spearman,0.0001,0.01,26,-0.014613820142565553,-0.04260995722431649,0.013382316939185387,False
ridge,InvertedDoublePendulum-v5,far_spearman,0.0001,0.1,26,-0.011669849465228196,-0.04061230213833879,0.0172726032078824,False
ridge,InvertedDoublePendulum-v5,far_spearman,0.0001,1.0,26,-0.01161249060087117,-0.04119851269143236,0.01797353148969002,False
ridge,InvertedPendulum-v5,id_rmse,0.0001,0.0,26,0.0011030950296956614,0.0006300277669361773,0.0015761622924551455,True
ridge,InvertedPendulum-v5,id_rmse,0.0001,1e-05,26,0.11866228293197659,0.091323905022501,0.14600066084145216,True
ridge,InvertedPendulum-v5,id_rmse,0.0001,0.0003,26,-8.835469802413464e-05,-0.00017410616659870276,-2.603229449566513e-06,False
ridge,InvertedPendulum-v5,id_rmse,0.0001,0.001,26,-0.00011584651656449631,-0.00020852021086653912,-2.3172822262453507e-05,False
ridge,InvertedPendulum-v5,id_rmse,0.0001,0.003,26,-0.00012228614650667296,-0.0002248202930837511,-1.975199992959482e-05,False
ridge,InvertedPendulum-v5,id_rmse,0.0001,0.01,26,-9.876935599515759e-05,-0.00021443211704658209,1.689340505626689e-05,False
ridge,InvertedPendulum-v5,id_rmse,0.0001,0.1,26,0.00011084943365018441,-6.5037946269214e-05,0.0002867368135695828,False
ridge,InvertedPendulum-v5,id_rmse,0.0001,1.0,26,0.0006787628472711,0.00031161654578532613,0.0010459091487568738,False
ridge,InvertedPendulum-v5,far_nll,0.0001,0.0,26,-0.16150570911570236,-0.344506686740951,0.02149526850954625,False
ridge,InvertedPendulum-v5,far_nll,0.0001,1e-05,26,1.719236277975142,1.4822073040905666,1.9562652518597174,True
ridge,InvertedPendulum-v5,far_nll,0.0001,0.0003,26,0.3119728247849987,0.10137857672017417,0.5225670728498233,True
ridge,InvertedPendulum-v5,far_nll,0.0001,0.001,26,0.5609980178996921,0.29786401504783394,0.8241320207515501,True
ridge,InvertedPendulum-v5,far_nll,0.0001,0.003,26,0.7294787773862481,0.44505040407552215,1.0139071506969741,True
ridge,InvertedPendulum-v5,far_nll,0.0001,0.01,26,0.8032411972347361,0.5280765151786277,1.0784058792908444,True
ridge,InvertedPendulum-v5,far_nll,0.0001,0.1,26,0.6134531957168992,0.4079867769407532,0.8189196144930451,True
ridge,InvertedPendulum-v5,far_nll,0.0001,1.0,26,0.1955287056043744,0.0633591817221521,0.3276982294865967,True
ridge,InvertedPendulum-v5,far_auroc,0.0001,0.0,26,0.021207915769230798,-0.005386901466191418,0.047802733004653014,False
ridge,InvertedPendulum-v5,far_auroc,0.0001,1e-05,26,-0.049774045576923026,-0.09419796434234554,-0.005350126811500509,True
ridge,InvertedPendulum-v5,far_auroc,0.0001,0.0003,26,-0.016316873846153823,-0.034831216035154905,0.002197468342847255,False
ridge,InvertedPendulum-v5,far_auroc,0.0001,0.001,26,-0.024729856346153822,-0.04693938805930899,-0.002520324632998658,True
ridge,InvertedPendulum-v5,far_auroc,0.0001,0.003,26,-0.03015093192307691,-0.054909707652644676,-0.005392156193509138,True
ridge,InvertedPendulum-v5,far_auroc,0.0001,0.01,26,-0.032720937115384555,-0.05883364782295416,-0.00660822640781495,True
ridge,InvertedPendulum-v5,far_auroc,0.0001,0.1,26,-0.027498839230769186,-0.05147382075402039,-0.00352385770751798,True
ridge,InvertedPendulum-v5,far_auroc,0.0001,1.0,26,-0.01286516711538459,-0.029860120430171756,0.004129786199402576,False
ridge,InvertedPendulum-v5,far_spearman,0.0001,0.0,26,0.10676949145533826,0.046975874465827794,0.16656310844484873,False
ridge,InvertedPendulum-v5,far_spearman,0.0001,1e-05,26,0.24096053705663562,0.16167130835273158,0.32024976576053965,False
ridge,InvertedPendulum-v5,far_spearman,0.0001,0.0003,26,-0.04925267113736936,-0.0918658827875724,-0.006639459487166315,True
ridge,InvertedPendulum-v5,far_spearman,0.0001,0.001,26,-0.08194708357187191,-0.13657877190682696,-0.02731539523691686,True
ridge,InvertedPendulum-v5,far_spearman,0.0001,0.003,26,-0.10489090046202322,-0.16764611815035896,-0.0421356827736875,True
ridge,InvertedPendulum-v5,far_spearman,0.0001,0.01,26,-0.11724493885989544,-0.18466192228406775,-0.049827955435723145,True
ridge,InvertedPendulum-v5,far_spearman,0.0001,0.1,26,-0.098952501340446,-0.16357735931853326,-0.034327643362358745,True
ridge,InvertedPendulum-v5,far_spearman,0.0001,1.0,26,-0.03494466279364853,-0.08130613300963427,0.011416807422337215,True
ridge,Pusher-v5,id_rmse,0.0001,0.0,26,0.00030285621491763404,0.00021698078374742522,0.00038873164608784286,False
ridge,Pusher-v5,id_rmse,0.0001,1e-05,26,0.0002124111812848306,0.00016784199324442048,0.0002569803693252407,False
ridge,Pusher-v5,id_rmse,0.0001,0.0003,26,-7.442442270426103e-05,-8.822698689450015e-05,-6.0621858514021905e-05,False
ridge,Pusher-v5,id_rmse,0.0001,0.001,26,-0.0001503828053291118,-0.00017806343956052825,-0.00012270217109769537,False
ridge,Pusher-v5,id_rmse,0.0001,0.003,26,-0.00021498148831037322,-0.0002541482520226488,-0.00017581472459809766,False
ridge,Pusher-v5,id_rmse,0.0001,0.01,26,-0.0002620890736579927,-0.0003110610607756051,-0.00021311708654038033,False
ridge,Pusher-v5,id_rmse,0.0001,0.1,26,-0.00014248461677478417,-0.00019722818873958503,-8.77410448099833e-05,False
ridge,Pusher-v5,id_rmse,0.0001,1.0,26,0.0006033381303915541,0.0005168864663364182,0.0006897897944466901,False
ridge,Pusher-v5,far_nll,0.0001,0.0,26,0.32717878084916335,0.2584748011947457,0.395882760503581,True
ridge,Pusher-v5,far_nll,0.0001,1e-05,26,0.2714903171245868,0.21943542837921035,0.3235452058699633,True
ridge,Pusher-v5,far_nll,0.0001,0.0003,26,0.01148105126160843,-0.016684443970061275,0.03964654649327814,False
ridge,Pusher-v5,far_nll,0.0001,0.001,26,0.13833788954294646,0.0812364619478406,0.19543931713805232,True
ridge,Pusher-v5,far_nll,0.0001,0.003,26,0.40085148352843064,0.31833091253213347,0.4833720545247278,True
ridge,Pusher-v5,far_nll,0.0001,0.01,26,0.9316214139644916,0.8157966169518529,1.0474462109771303,True
ridge,Pusher-v5,far_nll,0.0001,0.1,26,2.4032937425833483,2.212956762632684,2.5936307225340127,True
ridge,Pusher-v5,far_nll,0.0001,1.0,26,2.93477103801874,2.7083608241598056,3.1611812518776747,True
ridge,Pusher-v5,far_auroc,0.0001,0.0,26,-1.4894615384606859e-05,-3.3485934815917514e-05,3.6967040467038e-06,False
ridge,Pusher-v5,far_auroc,0.0001,1e-05,26,-8.296153845950454e-07,-3.1867067575054637e-06,1.5274759883153732e-06,False
ridge,Pusher-v5,far_auroc,0.0001,0.0003,26,-4.161538461525756e-06,-9.003639838441126e-06,6.805629153896141e-07,False
ridge,Pusher-v5,far_auroc,0.0001,0.001,26,-1.6086538461523858e-05,-3.48663466163548e-05,2.693269693307081e-06,False
ridge,Pusher-v5,far_auroc,0.0001,0.003,26,-5.19280769230579e-05,-0.00011173853502143207,7.882381175316276e-06,False
ridge,Pusher-v5,far_auroc,0.0001,0.01,26,-0.00020587230769229483,-0.0004300022383959913,1.8257623011401594e-05,False
ridge,Pusher-v5,far_auroc,0.0001,0.1,26,-0.0016223130769230654,-0.0031935783049578904,-5.104784888824033e-05,False
ridge,Pusher-v5,far_auroc,0.0001,1.0,26,-0.002497650192307671,-0.004994863656814915,-4.3672780042662215e-07,False
ridge,Pusher-v5,far_spearman,0.0001,0.0,26,-7.288698931783983e-05,-0.01151171370066502,0.01136593972202934,False
ridge,Pusher-v5,far_spearman,0.0001,1e-05,26,0.017579140941514863,0.006652321442823879,0.028505960440205848,False
ridge,Pusher-v5,far_spearman,0.0001,0.0003,26,-0.008940176921303725,-0.012578886241141478,-0.005301467601465973,False
ridge,Pusher-v5,far_spearman,0.0001,0.001,26,-0.016016697447088328,-0.0221142450197402,-0.009919149874436458,False
ridge,Pusher-v5,far_spearman,0.0001,0.003,26,-0.021030990151757526,-0.028603541499220213,-0.013458438804294839,True
ridge,Pusher-v5,far_spearman,0.0001,0.01,26,-0.02673285353223361,-0.035092368487980016,-0.0183733385764872,True
ridge,Pusher-v5,far_spearman,0.0001,0.1,26,-0.0419344051419861,-0.051577483589362746,-0.03229132669460945,True
ridge,Pusher-v5,far_spearman,0.0001,1.0,26,-0.05869954950229529,-0.07003716541793302,-0.04736193358665756,True
ridge,Reacher-v5,id_rmse,0.0001,0.0,26,0.020078689146500368,0.01797722927533183,0.022180149017668904,True
ridge,Reacher-v5,id_rmse,0.0001,1e-05,26,0.24692638562275812,0.11103830198488676,0.38281446926062945,True
ridge,Reacher-v5,id_rmse,0.0001,0.0003,26,-0.0014935539892086643,-0.001704880589135485,-0.0012822273892818437,False
ridge,Reacher-v5,id_rmse,0.0001,0.001,26,-0.002353411167860024,-0.0026944233696170284,-0.00201239896610302,False
ridge,Reacher-v5,id_rmse,0.0001,0.003,26,-0.0027618832313097436,-0.0031722357833888788,-0.0023515306792306085,False
ridge,Reacher-v5,id_rmse,0.0001,0.01,26,-0.0029799021207369348,-0.0034394181096422094,-0.00252038613183166,False
ridge,Reacher-v5,id_rmse,0.0001,0.1,26,-0.0030378045944067142,-0.003548873573180865,-0.0025267356156325636,False
ridge,Reacher-v5,id_rmse,0.0001,1.0,26,-0.0026009595738007473,-0.0031382172137214524,-0.002063701933880042,False
ridge,Reacher-v5,far_nll,0.0001,0.0,26,0.7933959296116462,0.7525356537229061,0.8342562055003863,True
ridge,Reacher-v5,far_nll,0.0001,1e-05,26,1.509582858819228,1.21437086128571,1.8047948563527458,True
ridge,Reacher-v5,far_nll,0.0001,0.0003,26,-0.10316826735428403,-0.11030904524534037,-0.09602748946322769,False
ridge,Reacher-v5,far_nll,0.0001,0.001,26,-0.12288705683246143,-0.13895133370175755,-0.10682277996316532,False
ridge,Reacher-v5,far_nll,0.0001,0.003,26,-0.029417696346242264,-0.0558539086193432,-0.002981484073141326,False
ridge,Reacher-v5,far_nll,0.0001,0.01,26,0.20546355929512244,0.16471459350117498,0.2462125250890699,True
ridge,Reacher-v5,far_nll,0.0001,0.1,26,0.8186462888350854,0.7495801658653868,0.887712411804784,True
ridge,Reacher-v5,far_nll,0.0001,1.0,26,1.0526116398664622,0.9740613665534944,1.1311619131794302,True
ridge,Reacher-v5,far_auroc,0.0001,0.0,26,-0.003594950576923076,-0.004433100064875827,-0.002756801088970326,False
ridge,Reacher-v5,far_auroc,0.0001,1e-05,26,-0.03977095692307694,-0.05579731675052996,-0.02374459709562392,True
ridge,Reacher-v5,far_auroc,0.0001,0.0003,26,-0.0004728451923076864,-0.0005656053044736759,-0.00038008508014169683,False
ridge,Reacher-v5,far_auroc,0.0001,0.001,26,-0.0012017109615384569,-0.001423487224780099,-0.0009799346982968147,False
ridge,Reacher-v5,far_auroc,0.0001,0.003,26,-0.0020560294230769216,-0.002404764715309468,-0.0017072941308443749,False
ridge,Reacher-v5,far_auroc,0.0001,0.01,26,-0.003195320576923062,-0.003691581632590733,-0.002699059521255391,False
ridge,Reacher-v5,far_auroc,0.0001,0.1,26,-0.005384660384615398,-0.006164423607653139,-0.004604897161577657,False
ridge,Reacher-v5,far_auroc,0.0001,1.0,26,-0.006348867307692318,-0.0072650548945397365,-0.0054326797208448995,False
ridge,Reacher-v5,far_spearman,0.0001,0.0,26,-0.026470815867961628,-0.039823491876944346,-0.013118139858978911,True
ridge,Reacher-v5,far_spearman,0.0001,1e-05,26,-0.015871874829654017,-0.04513683394640597,0.013393084287097935,False
ridge,Reacher-v5,far_spearman,0.0001,0.0003,26,0.00020779034785619514,-0.0027665652759803444,0.0031821459716927345,False
ridge,Reacher-v5,far_spearman,0.0001,0.001,26,0.000247415113077909,-0.005524484377199708,0.006019314603355526,False
ridge,Reacher-v5,far_spearman,0.0001,0.003,26,-0.0005830005837757757,-0.008388662741900676,0.0072226615743491256,False
ridge,Reacher-v5,far_spearman,0.0001,0.01,26,-0.002895632707066148,-0.012351525374706289,0.006560259960573994,False
ridge,Reacher-v5,far_spearman,0.0001,0.1,26,-0.010878591953610014,-0.02191449444173118,0.00015731053451115314,False
ridge,Reacher-v5,far_spearman,0.0001,1.0,26,-0.021460664880179163,-0.03360681530325792,-0.00931451445710041,True
ridge,Swimmer-v5,id_rmse,0.0001,0.0,27,-0.026653219635287925,-0.045269690752017734,-0.008036748518558116,False
ridge,Swimmer-v5,id_rmse,0.0001,1e-05,27,0.6018742925866887,0.4621553911307975,0.7415931940425798,True
ridge,Swimmer-v5,id_rmse,0.0001,0.0003,27,-0.030334952804777382,-0.04887129478223348,-0.011798610827321285,False
ridge,Swimmer-v5,id_rmse,0.0001,0.001,27,-0.032252088327098784,-0.05089425480951065,-0.013609921844686918,False
ridge,Swimmer-v5,id_rmse,0.0001,0.003,27,-0.032487145452587705,-0.051121512336785156,-0.013852778568390255,False
ridge,Swimmer-v5,id_rmse,0.0001,0.01,27,-0.032664006920876336,-0.051289464527989576,-0.014038549313763093,False
ridge,Swimmer-v5,id_rmse,0.0001,0.1,27,-0.03266700302009231,-0.05127457299270309,-0.014059433047481529,False
ridge,Swimmer-v5,id_rmse,0.0001,1.0,27,-0.03192234232469841,-0.050521213668944555,-0.013323470980452272,False
ridge,Swimmer-v5,far_nll,0.0001,0.0,27,-0.4247983385015417,-0.7029641275406691,-0.14663254946241427,False
ridge,Swimmer-v5,far_nll,0.0001,1e-05,27,2.88593378773442,2.5205559210661765,3.2513116544026635,True
ridge,Swimmer-v5,far_nll,0.0001,0.0003,27,-0.7503452941223427,-1.0121863986496198,-0.4885041895950656,False
ridge,Swimmer-v5,far_nll,0.0001,0.001,27,-0.69037366354907,-0.9699644164452489,-0.4107829106528912,False
ridge,Swimmer-v5,far_nll,0.0001,0.003,27,-0.49168273254677103,-0.7812068062435651,-0.20215865884997702,False
ridge,Swimmer-v5,far_nll,0.0001,0.01,27,-0.17580678727891708,-0.48207328801864363,0.13045971346080948,False
ridge,Swimmer-v5,far_nll,0.0001,0.1,27,0.5291174959253382,0.18364064875142222,0.8745943430992542,True
ridge,Swimmer-v5,far_nll,0.0001,1.0,27,0.9769066395582976,0.6123063072698638,1.3415069718467314,True
ridge,Swimmer-v5,far_auroc,0.0001,0.0,27,0.0035154307407407387,0.001953380477222766,0.0050774810042587114,False
ridge,Swimmer-v5,far_auroc,0.0001,1e-05,27,0.0016001998148147975,7.440412220682531e-05,0.00312599550742277,False
ridge,Swimmer-v5,far_auroc,0.0001,0.0003,27,0.004044493703703695,0.002461680666430964,0.0056273067409764255,False
ridge,Swimmer-v5,far_auroc,0.0001,0.001,27,0.004226188148148132,0.0027185618146135255,0.005733814481682739,False
ridge,Swimmer-v5,far_auroc,0.0001,0.003,27,0.00422751796296295,0.002735221466093051,0.005719814459832849,False
ridge,Swimmer-v5,far_auroc,0.0001,0.01,27,0.004186369259259259,0.0027059862619912096,0.005666752256527308,False
ridge,Swimmer-v5,far_auroc,0.0001,0.1,27,0.004051224814814815,0.002563395464210622,0.005539054165419008,False
ridge,Swimmer-v5,far_auroc,0.0001,1.0,27,0.003974033888888897,0.00245060277680046,0.005497465000977333,False
ridge,Swimmer-v5,far_spearman,0.0001,0.0,27,-0.08126985512075065,-0.13528813394862324,-0.027251576292878048,True
ridge,Swimmer-v5,far_spearman,0.0001,1e-05,27,0.17731442954269414,0.11978143279147119,0.23484742629391708,False
ridge,Swimmer-v5,far_spearman,0.0001,0.0003,27,-0.07145105797205938,-0.1247755979423038,-0.018126518001814952,True
ridge,Swimmer-v5,far_spearman,0.0001,0.001,27,-0.08827006833836526,-0.14598906645350299,-0.030551070223227533,True
ridge,Swimmer-v5,far_spearman,0.0001,0.003,27,-0.11378652037066903,-0.1756951723961108,-0.051877868345227264,True
ridge,Swimmer-v5,far_spearman,0.0001,0.01,27,-0.15541516165589458,-0.22132277797671457,-0.0895075453350746,True
ridge,Swimmer-v5,far_spearman,0.0001,0.1,27,-0.24542645299310953,-0.319709181422556,-0.17114372456366303,True
ridge,Swimmer-v5,far_spearman,0.0001,1.0,27,-0.2985457161513174,-0.37700307363150165,-0.22008835867113316,True
ridge,Walker2d-v5,id_rmse,0.01,0.0,27,6.0723887549506296e-05,-1.1399353113803745e-05,0.00013284712821281635,False
ridge,Walker2d-v5,id_rmse,0.01,1e-05,27,0.00040885695704707395,0.00020307082541136455,0.0006146430886827833,False
ridge,Walker2d-v5,id_rmse,0.01,0.0001,27,0.0001131296157836914,-1.921916587488103e-05,0.0002454783974422638,False
ridge,Walker2d-v5,id_rmse,0.01,0.0003,27,2.7318795522054035e-05,-7.804249749803686e-05,0.00013268008854214493,False
ridge,Walker2d-v5,id_rmse,0.01,0.001,27,-3.090169694688585e-05,-9.721909131889687e-05,3.541569742512517e-05,False
ridge,Walker2d-v5,id_rmse,0.01,0.003,27,-4.4239891899956594e-05,-7.627476801147672e-05,-1.2205015788436479e-05,False
ridge,Walker2d-v5,id_rmse,0.01,0.1,27,0.0004373678454646358,0.00038168528285315403,0.0004930504080761176,False
ridge,Walker2d-v5,id_rmse,0.01,1.0,27,0.0024283506252147534,0.0022500912074324346,0.002606610042997072,False
ridge,Walker2d-v5,far_nll,0.01,0.0,27,-0.24201171927981907,-0.27376647590987135,-0.21025696264976682,False
ridge,Walker2d-v5,far_nll,0.01,1e-05,27,-0.4082902802361382,-0.48595535251445865,-0.3306252079578178,False
ridge,Walker2d-v5,far_nll,0.01,0.0001,27,-0.38985759682125515,-0.4460710928451681,-0.3336441007973422,False
ridge,Walker2d-v5,far_nll,0.01,0.0003,27,-0.33772160830321135,-0.3792839522504081,-0.2961592643560146,False
ridge,Walker2d-v5,far_nll,0.01,0.001,27,-0.2424300423374883,-0.2698253696897738,-0.21503471498520282,False
ridge,Walker2d-v5,far_nll,0.01,0.003,27,-0.13219816154903838,-0.1475229301899887,-0.11687339290808807,False
ridge,Walker2d-v5,far_nll,0.01,0.1,27,0.2926610752388282,0.2620079738171551,0.32331417666050133,True
ridge,Walker2d-v5,far_nll,0.01,1.0,27,0.7240192978470413,0.6584626926697859,0.7895759030242968,True
ridge,Walker2d-v5,far_auroc,0.01,0.0,27,0.00018864018518519146,2.990599309679869e-05,0.00034737437727358424,False
ridge,Walker2d-v5,far_auroc,0.01,1e-05,27,-0.0001987549999999867,-0.0006005262268780605,0.00020301622687808713,False
ridge,Walker2d-v5,far_auroc,0.01,0.0001,27,0.00024002851851853175,-5.502186441505542e-05,0.0005350789014521189,False
ridge,Walker2d-v5,far_auroc,0.01,0.0003,27,0.00028850722222223196,6.327182847599511e-05,0.0005137426159684688,False
ridge,Walker2d-v5,far_auroc,0.01,0.001,27,0.0002717853703703678,0.00013000517488714522,0.0004135655658535904,False
ridge,Walker2d-v5,far_auroc,0.01,0.003,27,0.00019539129629632648,0.00011991803994713195,0.00027086455264552103,False
ridge,Walker2d-v5,far_auroc,0.01,0.1,27,-0.0007875412962962866,-0.0009542664536996523,-0.0006208161388929208,False
ridge,Walker2d-v5,far_auroc,0.01,1.0,27,-0.0034221840740740607,-0.004020828006158098,-0.0028235401419900237,False
ridge,Walker2d-v5,far_spearman,0.01,0.0,27,-0.01628321269107615,-0.02269579510797874,-0.00987063027417356,False
ridge,Walker2d-v5,far_spearman,0.01,1e-05,27,-0.031876189873998914,-0.06519691955360885,0.001444539805611024,True
ridge,Walker2d-v5,far_spearman,0.01,0.0001,27,-0.019234601845451053,-0.03598654744120875,-0.002482656249693356,False
ridge,Walker2d-v5,far_spearman,0.01,0.0003,27,-0.013428845311555979,-0.028327404807628846,0.00146971418451689,False
ridge,Walker2d-v5,far_spearman,0.01,0.001,27,-0.005064658470944511,-0.01304822909499807,0.0029189121531090463,False
ridge,Walker2d-v5,far_spearman,0.01,0.003,27,-0.002128200869645035,-0.005143693067596415,0.0008872913283063449,False
ridge,Walker2d-v5,far_spearman,0.01,0.1,27,0.003447629600804455,0.0005839398427360028,0.006311319358872907,False
ridge,Walker2d-v5,far_spearman,0.01,1.0,27,0.003242343001345493,-0.0019986352750132677,0.008483321277704254,False
