{
  "accuracy": 0.9589999914169312,
  "brier": 0.06364293396472931,
  "entropy": 0.14962898194789886,
  "nll": 0.14436154067516327,
  "ece": 0.009828903920948505,
  "eval_time": 3.50075626373291,
  "posthoc_temperature": 1.359345991516789
}