{
  "accuracy": 0.9546999931335449,
  "brier": 0.06689690798521042,
  "entropy": 0.13411077857017517,
  "nll": 0.14205926656723022,
  "ece": 0.007364802733063698,
  "eval_time": 2015.365205526352,
  "posthoc_temperature": 1.2332775495135442,
  "train_time": 3094.4243819713593,
  "swag_metadata": {
    "variant": "full_swag",
    "swag_start_epoch": 240,
    "swag_collect_freq": 1,
    "swag_max_rank": 20,
    "snapshot_epochs": [
      240,
      241,
      242,
      243,
      244,
      245,
      246,
      247,
      248,
      249,
      250,
      251,
      252,
      253,
      254,
      255,
      256,
      257,
      258,
      259,
      260,
      261,
      262,
      263,
      264,
      265,
      266,
      267,
      268,
      269,
      270,
      271,
      272,
      273,
      274,
      275,
      276,
      277,
      278,
      279,
      280,
      281,
      282,
      283,
      284,
      285,
      286,
      287,
      288,
      289,
      290,
      291,
      292,
      293,
      294,
      295,
      296,
      297,
      298,
      299,
      300
    ],
    "n_snapshots_collected": 61,
    "n_snapshots_retained": 20,
    "low_rank_rank": 20,
    "best_val_loss": 0.15005190525054932,
    "best_val_epoch": 291,
    "final_epoch": 300
  },
  "swag_use_bn_refresh": true,
  "bn_refresh_subset_size": 2048,
  "val_size": 5000
}