{
  "accuracy": 0.9548999667167664,
  "brier": 0.06656412780284882,
  "entropy": 0.13795942068099976,
  "nll": 0.14641833305358887,
  "ece": 0.01021600815653801,
  "eval_time": 74.80212736129761,
  "posthoc_temperature": 0.8692344258698005,
  "train_time": 15.270614624023438
}