{
  "accuracy": 0.3028999865055084,
  "brier": 0.8492770195007324,
  "entropy": 2.258359432220459,
  "nll": 2.0674078464508057,
  "ece": 0.15675958402380347,
  "eval_time": 74.88673281669617,
  "posthoc_temperature": 19.543030199945388,
  "train_time": 16.100111722946167
}