{
  "accuracy": 0.2540999948978424,
  "brier": 0.8683065176010132,
  "entropy": 2.2563531398773193,
  "nll": 2.138864278793335,
  "ece": 0.1262235036469996,
  "eval_time": 75.06777763366699,
  "posthoc_temperature": 16.372169255404224,
  "train_time": 15.595265865325928
}