{
  "accuracy": 0.9577999711036682,
  "brier": 0.06449110805988312,
  "entropy": 0.14522577822208405,
  "nll": 0.14245188236236572,
  "ece": 0.008820336218178272,
  "eval_time": 75.31550526618958,
  "posthoc_temperature": 1.3343120447076033,
  "train_time": 5.173818588256836
}