{
  "accuracy": 0.9580000042915344,
  "brier": 0.062250830233097076,
  "entropy": 0.1305254101753235,
  "nll": 0.13722768425941467,
  "ece": 0.009075241380929947,
  "eval_time": 74.45781230926514,
  "posthoc_temperature": 1.2690524248606196,
  "train_time": 15.617443561553955
}