{
  "accuracy": 0.9598999619483948,
  "brier": 0.06266006827354431,
  "entropy": 0.13739606738090515,
  "nll": 0.140763059258461,
  "ece": 0.007746276676654815,
  "eval_time": 75.9066264629364,
  "posthoc_temperature": 0.8624430810502922,
  "train_time": 15.55135703086853
}