{
  "accuracy": 0.7996999621391296,
  "brier": 0.7003774642944336,
  "entropy": 2.1484878063201904,
  "nll": 1.5723050832748413,
  "ece": 0.5751671036213636,
  "eval_time": 74.67339944839478,
  "posthoc_temperature": 0.7751848786572566,
  "train_time": 15.628233194351196
}