{
  "accuracy": 0.9536999464035034,
  "brier": 0.2125663310289383,
  "entropy": 1.3186756372451782,
  "nll": 0.549414873123169,
  "ece": 0.33379227419495583,
  "eval_time": 47.13958263397217,
  "posthoc_temperature": 0.32762400554818416,
  "train_time": 12.066479206085205
}