{
  "accuracy": 0.9576999545097351,
  "brier": 0.22394852340221405,
  "entropy": 1.4400627613067627,
  "nll": 0.5769826769828796,
  "ece": 0.3652827316224575,
  "eval_time": 75.20989108085632,
  "posthoc_temperature": 0.08996641292149499,
  "train_time": 15.873857021331787
}