{
  "accuracy": 0.9585999846458435,
  "brier": 0.06414701044559479,
  "entropy": 0.145781472325325,
  "nll": 0.14615821838378906,
  "ece": 0.006595466166734696,
  "eval_time": 75.39093947410583,
  "posthoc_temperature": 1.3358437797574554,
  "train_time": 0.14160370826721191
}