{
  "accuracy": 0.9585999846458435,
  "brier": 0.06289008259773254,
  "entropy": 0.13427318632602692,
  "nll": 0.14262890815734863,
  "ece": 0.010942413248121738,
  "eval_time": 13.962919235229492,
  "posthoc_temperature": 1.6671423676907382,
  "train_time": 31.242888689041138,
  "epinet_config": {
    "index_dim": 8,
    "hiddens": [
      50,
      50
    ],
    "prior_scale": 0.5,
    "epinet_epochs": 100
  }
}