{
  "accuracy": 0.8434000015258789,
  "brier": 0.7184453010559082,
  "entropy": 2.177077293395996,
  "nll": 1.6158849000930786,
  "ece": 0.6317958104252815,
  "eval_time": 74.10431289672852,
  "posthoc_temperature": 1.7836116355116973,
  "train_time": 15.412721633911133
}