{
  "accuracy": 0.9593999981880188,
  "brier": 0.06342077255249023,
  "entropy": 0.14622873067855835,
  "nll": 0.1433653086423874,
  "ece": 0.008601615898311139,
  "eval_time": 75.02823734283447,
  "posthoc_temperature": 1.313163223043362,
  "train_time": 15.453487873077393
}