{
  "accuracy": 0.9583999514579773,
  "brier": 0.06145469844341278,
  "entropy": 0.12807241082191467,
  "nll": 0.1338367760181427,
  "ece": 0.00703371207267046,
  "eval_time": 74.54224443435669,
  "posthoc_temperature": 0.8326831866306391,
  "train_time": 15.871674537658691
}