{
  "accuracy": 0.955299973487854,
  "brier": 0.22969487309455872,
  "entropy": 1.4613374471664429,
  "nll": 0.5909693241119385,
  "ece": 0.36743631736189125,
  "eval_time": 74.35905694961548,
  "posthoc_temperature": 0.17490662235150808,
  "train_time": 15.821141242980957
}