{
  "accuracy": 0.965499997138977,
  "brier": 0.052137572318315506,
  "entropy": 0.10338745266199112,
  "nll": 0.10871532559394836,
  "ece": 0.004992083513736725,
  "eval_time": 36.3419029712677,
  "posthoc_temperature": 1.1025082092523724,
  "train_time": 17.011807441711426
}