{
  "accuracy": 0.9650999903678894,
  "brier": 0.05138692632317543,
  "entropy": 0.10612384974956512,
  "nll": 0.10829954594373703,
  "ece": 0.004954115289449692,
  "eval_time": 6.763361692428589,
  "posthoc_temperature": 1.1147554071967734,
  "train_time": 0.5416955947875977
}