{
  "accuracy": 0.9551999568939209,
  "brier": 0.06756969541311264,
  "entropy": 0.13765256106853485,
  "nll": 0.1488366425037384,
  "ece": 0.01141744728088379,
  "eval_time": 75.0107536315918,
  "posthoc_temperature": 1.3242265094671055,
  "train_time": 15.66474437713623
}