{
  "accuracy": 0.9661999940872192,
  "brier": 0.05127016454935074,
  "entropy": 0.10348053276538849,
  "nll": 0.1088547557592392,
  "ece": 0.00426922287940979,
  "eval_time": 36.44959330558777,
  "posthoc_temperature": 1.102701089260513,
  "train_time": 15.185410499572754
}