{
  "accuracy": 0.9575999975204468,
  "brier": 0.062423545867204666,
  "entropy": 0.1335020512342453,
  "nll": 0.13820359110832214,
  "ece": 0.009286156612634659,
  "eval_time": 74.80070447921753,
  "posthoc_temperature": 1.308059948039643,
  "train_time": 15.484662055969238
}