{
  "accuracy": 0.2076999992132187,
  "brier": 0.8589674830436707,
  "entropy": 2.225372314453125,
  "nll": 2.1159727573394775,
  "ece": 0.10753693258911372,
  "eval_time": 74.59394121170044,
  "posthoc_temperature": 9.68924711255116,
  "train_time": 14.963691473007202
}