{
  "accuracy": 0.9578999876976013,
  "brier": 0.06447896361351013,
  "entropy": 0.14504465460777283,
  "nll": 0.1424209326505661,
  "ece": 0.008356798322498799,
  "eval_time": 49.10119676589966,
  "posthoc_temperature": 1.3337094160967637,
  "train_time": 3.0866408348083496
}