{
  "accuracy": 0.9554999470710754,
  "brier": 0.06758540868759155,
  "entropy": 0.13784043490886688,
  "nll": 0.14894679188728333,
  "ece": 0.011649251107871532,
  "eval_time": 3.5127391815185547,
  "posthoc_temperature": 1.3290637092869364
}