{
  "accuracy": 0.9581999778747559,
  "brier": 0.23077243566513062,
  "entropy": 1.4454596042633057,
  "nll": 0.5909297466278076,
  "ece": 0.3708245181709528,
  "eval_time": 74.79867935180664,
  "posthoc_temperature": 0.05441915987771755,
  "train_time": 15.6003577709198
}