{
  "accuracy": 0.7919999957084656,
  "brier": 0.7257018089294434,
  "entropy": 2.157653570175171,
  "nll": 1.6414480209350586,
  "ece": 0.5827269576907158,
  "eval_time": 75.16625165939331,
  "posthoc_temperature": 1.0980233975730622,
  "train_time": 16.175018787384033
}