{
  "accuracy": 0.9550999999046326,
  "brier": 0.06743300706148148,
  "entropy": 0.13612017035484314,
  "nll": 0.14815202355384827,
  "ece": 0.011718517310917378,
  "eval_time": 74.39022994041443,
  "posthoc_temperature": 1.2865718680839757,
  "train_time": 15.083051204681396
}