{
  "accuracy": 0.09999999403953552,
  "brier": 0.9000284671783447,
  "entropy": 2.302381992340088,
  "nll": 2.3027260303497314,
  "ece": 0.0037914514541625977,
  "eval_time": 1255.3041896820068,
  "posthoc_temperature": 11.921515623298749,
  "train_time": 1928.7066597938538,
  "swag_metadata": {
    "variant": "full_swag",
    "swag_start_epoch": 160,
    "swag_collect_freq": 1,
    "swag_max_rank": 20,
    "snapshot_epochs": [
      160,
      161,
      162,
      163,
      164,
      165,
      166,
      167,
      168,
      169,
      170,
      171,
      172,
      173,
      174,
      175,
      176,
      177,
      178,
      179,
      180,
      181,
      182,
      183,
      184,
      185,
      186,
      187,
      188,
      189,
      190,
      191,
      192,
      193,
      194,
      195,
      196,
      197,
      198,
      199,
      200,
      201,
      202,
      203,
      204,
      205,
      206,
      207,
      208,
      209,
      210,
      211,
      212,
      213,
      214,
      215,
      216,
      217,
      218,
      219,
      220,
      221,
      222,
      223,
      224,
      225,
      226,
      227,
      228,
      229,
      230,
      231,
      232,
      233,
      234,
      235,
      236,
      237,
      238,
      239,
      240,
      241,
      242,
      243,
      244,
      245,
      246,
      247,
      248,
      249,
      250,
      251,
      252,
      253,
      254,
      255,
      256,
      257,
      258,
      259,
      260,
      261,
      262,
      263,
      264,
      265,
      266,
      267,
      268,
      269,
      270,
      271,
      272,
      273,
      274,
      275,
      276,
      277,
      278,
      279,
      280,
      281,
      282,
      283,
      284,
      285,
      286,
      287,
      288,
      289,
      290,
      291,
      292,
      293,
      294,
      295,
      296,
      297,
      298,
      299,
      300
    ],
    "n_snapshots_collected": 141,
    "n_snapshots_retained": 20,
    "low_rank_rank": 20,
    "best_val_loss": 0.15258335008621216,
    "best_val_epoch": 295,
    "final_epoch": 300
  },
  "swag_use_bn_refresh": true,
  "bn_refresh_subset_size": 2048,
  "val_size": 5000
}