{
  "accuracy": 0.9590999484062195,
  "brier": 0.06359897553920746,
  "entropy": 0.14928939938545227,
  "nll": 0.14421088993549347,
  "ece": 0.009335832883417607,
  "eval_time": 74.55831599235535,
  "posthoc_temperature": 1.3543051403282036,
  "train_time": 15.278022766113281
}