{
  "accuracy": 0.9576999545097351,
  "brier": 0.06244772672653198,
  "entropy": 0.1341753453016281,
  "nll": 0.13836292922496796,
  "ece": 0.009209704560041427,
  "eval_time": 1.47464919090271,
  "posthoc_temperature": 1.3120873028230815
}