{
  "accuracy": 0.9558999538421631,
  "brier": 0.069753497838974,
  "entropy": 0.13347306847572327,
  "nll": 0.15395522117614746,
  "ece": 0.014148925587534904,
  "eval_time": 74.1717483997345,
  "posthoc_temperature": 1.30817039727637,
  "train_time": 0.1813654899597168
}