{
  "benchmark": "openood_v1_5",
  "ensemble_name": "SWAG",
  "benchmark_metadata": {
    "benchmark_name": "openood_v1_5",
    "root_dir": "openood_data",
    "id_dataset": "cifar10",
    "normalize": true,
    "max_examples_per_dataset": null,
    "uses_ood_validation": false,
    "uses_ood_model_selection": false
  },
  "posthoc_temperature": 1.228243029573719,
  "posthoc_calibrate": true,
  "protocol": {
    "ood_validation_used": false,
    "ood_tuning_used": false,
    "temperature_fit_split": "id_validation_only",
    "primary_score": "predictive_entropy"
  },
  "id_metrics": {
    "accuracy": 0.9533999562263489,
    "brier": 0.06870783865451813,
    "entropy": 0.13993266224861145,
    "nll": 0.1476929485797882,
    "ece": 0.006516749380528927,
    "eval_time": 341.5324981212616,
    "posthoc_temperature": 1.228243029573719
  },
  "near_ood": {
    "per_dataset": {
      "cifar100": {
        "name": "CIFAR-100",
        "n_examples": 10000,
        "eval_time": 334.15036725997925,
        "scores": {
          "predictive_entropy": {
            "auroc": 0.8977301949999998,
            "aupr": 0.8886943367342507,
            "fpr95": 0.4165
          },
          "max_softmax_uncertainty": {
            "auroc": 0.89291382,
            "aupr": 0.8759434456486981,
            "fpr95": 0.4035
          },
          "energy_score": {
            "auroc": 0.8848240199999999,
            "aupr": 0.8867618160671558,
            "fpr95": 0.6136
          },
          "margin_uncertainty": {
            "auroc": 0.890514685,
            "aupr": 0.8596933010922869,
            "fpr95": 0.3689
          },
          "mutual_information": {
            "auroc": 0.89172459,
            "aupr": 0.8454730880369237,
            "fpr95": 0.3125
          },
          "variation_ratio": {
            "auroc": 0.89291382,
            "aupr": 0.8759434456486981,
            "fpr95": 0.4035
          }
        }
      },
      "tiny_imagenet": {
        "name": "Tiny ImageNet-200",
        "n_examples": 10000,
        "eval_time": 336.5000219345093,
        "scores": {
          "predictive_entropy": {
            "auroc": 0.9007450399999999,
            "aupr": 0.8981609562094154,
            "fpr95": 0.4557
          },
          "max_softmax_uncertainty": {
            "auroc": 0.89427967,
            "aupr": 0.8836149219408989,
            "fpr95": 0.4488
          },
          "energy_score": {
            "auroc": 0.8972527299999999,
            "aupr": 0.9033475975534717,
            "fpr95": 0.578
          },
          "margin_uncertainty": {
            "auroc": 0.89002114,
            "aupr": 0.8644885919092871,
            "fpr95": 0.4307
          },
          "mutual_information": {
            "auroc": 0.8841663249999999,
            "aupr": 0.8323943831285621,
            "fpr95": 0.3563
          },
          "variation_ratio": {
            "auroc": 0.89427967,
            "aupr": 0.8836149219408989,
            "fpr95": 0.4488
          }
        }
      }
    },
    "aggregate": {
      "predictive_entropy": {
        "mean_auroc": 0.8992376174999999,
        "mean_aupr": 0.893427646471833,
        "mean_fpr95": 0.4361,
        "concat_auroc": 0.8992376175000001
      },
      "max_softmax_uncertainty": {
        "mean_auroc": 0.893596745,
        "mean_aupr": 0.8797791837947985,
        "mean_fpr95": 0.42615000000000003,
        "concat_auroc": 0.893596745
      },
      "energy_score": {
        "mean_auroc": 0.8910383749999999,
        "mean_aupr": 0.8950547068103137,
        "mean_fpr95": 0.5958,
        "concat_auroc": 0.8910383749999999
      },
      "margin_uncertainty": {
        "mean_auroc": 0.8902679124999999,
        "mean_aupr": 0.862090946500787,
        "mean_fpr95": 0.39980000000000004,
        "concat_auroc": 0.8902679125
      },
      "mutual_information": {
        "mean_auroc": 0.8879454575,
        "mean_aupr": 0.8389337355827429,
        "mean_fpr95": 0.33440000000000003,
        "concat_auroc": 0.8879454574999999
      },
      "variation_ratio": {
        "mean_auroc": 0.893596745,
        "mean_aupr": 0.8797791837947985,
        "mean_fpr95": 0.42615000000000003,
        "concat_auroc": 0.893596745
      }
    }
  },
  "far_ood": {
    "per_dataset": {
      "mnist": {
        "name": "MNIST",
        "n_examples": 10000,
        "eval_time": 336.4760699272156,
        "scores": {
          "predictive_entropy": {
            "auroc": 0.9372566300000001,
            "aupr": 0.9110995818850894,
            "fpr95": 0.1776
          },
          "max_softmax_uncertainty": {
            "auroc": 0.9310578150000001,
            "aupr": 0.9005583412619036,
            "fpr95": 0.1819
          },
          "energy_score": {
            "auroc": 0.9446661399999999,
            "aupr": 0.9237845705249962,
            "fpr95": 0.1693
          },
          "margin_uncertainty": {
            "auroc": 0.927246185,
            "aupr": 0.8881052793571912,
            "fpr95": 0.1865
          },
          "mutual_information": {
            "auroc": 0.9106880700000002,
            "aupr": 0.8303708903466085,
            "fpr95": 0.1942
          },
          "variation_ratio": {
            "auroc": 0.9310578150000001,
            "aupr": 0.9005583412619036,
            "fpr95": 0.1819
          }
        }
      },
      "svhn": {
        "name": "SVHN",
        "n_examples": 26032,
        "eval_time": 879.5615012645721,
        "scores": {
          "predictive_entropy": {
            "auroc": 0.9834167620620773,
            "aupr": 0.9923249826612937,
            "fpr95": 0.0814
          },
          "max_softmax_uncertainty": {
            "auroc": 0.9760149450676092,
            "aupr": 0.9882731233606916,
            "fpr95": 0.0897
          },
          "energy_score": {
            "auroc": 0.9858873789950829,
            "aupr": 0.9937608340900577,
            "fpr95": 0.0582
          },
          "margin_uncertainty": {
            "auroc": 0.9671456265365703,
            "aupr": 0.979880597142611,
            "fpr95": 0.0968
          },
          "mutual_information": {
            "auroc": 0.923762557621389,
            "aupr": 0.9354552945354732,
            "fpr95": 0.1347
          },
          "variation_ratio": {
            "auroc": 0.9760149450676092,
            "aupr": 0.9882731233606916,
            "fpr95": 0.0897
          }
        }
      },
      "textures": {
        "name": "Textures",
        "n_examples": 5640,
        "eval_time": 194.1411256790161,
        "scores": {
          "predictive_entropy": {
            "auroc": 0.9540558156028368,
            "aupr": 0.9216562179155211,
            "fpr95": 0.174
          },
          "max_softmax_uncertainty": {
            "auroc": 0.9457155053191489,
            "aupr": 0.8986499225430912,
            "fpr95": 0.1795
          },
          "energy_score": {
            "auroc": 0.9540717730496455,
            "aupr": 0.9307060515772223,
            "fpr95": 0.1808
          },
          "margin_uncertainty": {
            "auroc": 0.9377877304964538,
            "aupr": 0.8593184927401818,
            "fpr95": 0.1833
          },
          "mutual_information": {
            "auroc": 0.9128910638297872,
            "aupr": 0.7631974757321566,
            "fpr95": 0.1878
          },
          "variation_ratio": {
            "auroc": 0.9457155053191489,
            "aupr": 0.8986499225430912,
            "fpr95": 0.1795
          }
        }
      },
      "places365": {
        "name": "Places365",
        "n_examples": 10000,
        "eval_time": 285.1912543773651,
        "scores": {
          "predictive_entropy": {
            "auroc": 0.913580545,
            "aupr": 0.9099826560800492,
            "fpr95": 0.3402
          },
          "max_softmax_uncertainty": {
            "auroc": 0.90569195,
            "aupr": 0.8935856354379945,
            "fpr95": 0.3371
          },