{
  "1.0": {
    "accuracy": 0.9577999711036682,
    "brier": 0.06243950128555298,
    "entropy": 0.13410988450050354,
    "nll": 0.13832403719425201,
    "ece": 0.009105364781618119,
    "eval_time": 71.02021908760071,
    "posthoc_temperature": 1.311181661140267,
    "train_time": 6.046591758728027,
    "diag_test_raw_shift_mean": 0.03413413052720856,
    "diag_test_raw_shift_std": 0.0012785312351759049,
    "diag_test_corr_shift_mean": 0.021594924815605352,
    "diag_test_corr_shift_std": 0.00010636566146876171,
    "diag_test_reduction_pct": 36.7350962762645
  },
  "5.0": {
    "accuracy": 0.9577999711036682,
    "brier": 0.06233052909374237,
    "entropy": 0.1336885541677475,
    "nll": 0.13768774271011353,
    "ece": 0.00887276852875948,
    "eval_time": 70.00908708572388,
    "posthoc_temperature": 1.2959748792843284,
    "train_time": 6.046591758728027,
    "diag_test_raw_shift_mean": 0.1941115980832565,
    "diag_test_raw_shift_std": 0.007965251202819488,
    "diag_test_corr_shift_mean": 0.1025781136849179,
    "diag_test_corr_shift_std": 0.0004891533930322031,
    "diag_test_reduction_pct": 47.15508259305937
  },
  "10.0": {
    "accuracy": 0.9584999680519104,
    "brier": 0.06228863447904587,
    "entropy": 0.1329062283039093,
    "nll": 0.1366788148880005,
    "ece": 0.008007205212116241,
    "eval_time": 70.08221340179443,
    "posthoc_temperature": 1.2603195534780198,
    "train_time": 6.046591758728027,
    "diag_test_raw_shift_mean": 0.4842299848687878,
    "diag_test_raw_shift_std": 0.020752937085922216,
    "diag_test_corr_shift_mean": 0.1975962798875402,
    "diag_test_corr_shift_std": 0.0011982908043155634,
    "diag_test_reduction_pct": 59.19371247927264
  },
  "50.0": {
    "accuracy": 0.9563999772071838,
    "brier": 0.0651639774441719,
    "entropy": 0.13331034779548645,
    "nll": 0.13856476545333862,
    "ece": 0.007920326155424118,
    "eval_time": 69.88829064369202,
    "posthoc_temperature": 1.0008596417863893,
    "train_time": 6.046591758728027,
    "diag_test_raw_shift_mean": 3.874427393835839,
    "diag_test_raw_shift_std": 0.19562013558971594,
    "diag_test_corr_shift_mean": 0.528578203953563,
    "diag_test_corr_shift_std": 0.003544318034085759,
    "diag_test_reduction_pct": 86.35725617688985
  },
  "100.0": {
    "accuracy": 0.9550999999046326,
    "brier": 0.0663837417960167,
    "entropy": 0.1348486691713333,
    "nll": 0.14065292477607727,
    "ece": 0.007624467948079109,
    "eval_time": 69.58256030082703,
    "posthoc_temperature": 0.9486585244567184,
    "train_time": 6.046591758728027,
    "diag_test_raw_shift_mean": 8.35993025118955,
    "diag_test_raw_shift_std": 0.43936200686663246,
    "diag_test_corr_shift_mean": 0.5731978027655952,
    "diag_test_corr_shift_std": 0.003139720390691224,
    "diag_test_reduction_pct": 93.14350974777612
  },
  "200.0": {
    "accuracy": 0.9549999833106995,
    "brier": 0.06677693873643875,
    "entropy": 0.13537383079528809,
    "nll": 0.14134041965007782,
    "ece": 0.0071599483266472815,
    "eval_time": 69.61411118507385,
    "posthoc_temperature": 0.9336914434037354,
    "train_time": 6.046591758728027,
    "diag_test_raw_shift_mean": 17.38654109462351,
    "diag_test_raw_shift_std": 0.9281732528109063,
    "diag_test_corr_shift_mean": 0.5851601173269662,
    "diag_test_corr_shift_std": 0.0029703294539429595,
    "diag_test_reduction_pct": 96.6344075331471
  },
  "500.0": {
    "accuracy": 0.9547999501228333,
    "brier": 0.06692443042993546,
    "entropy": 0.13562050461769104,
    "nll": 0.14158251881599426,
    "ece": 0.006627968828380108,
    "eval_time": 69.16079926490784,
    "posthoc_temperature": 0.9284863129015527,
    "train_time": 6.046591758728027,
    "diag_test_raw_shift_mean": 44.52765430451804,
    "diag_test_raw_shift_std": 2.393200965233169,
    "diag_test_corr_shift_mean": 0.589180413004788,
    "diag_test_corr_shift_std": 0.0028539163478376716,
    "diag_test_reduction_pct": 98.6768213547126
  }
}