{
  "5.0": {
    "accuracy": 0.9580000042915344,
    "brier": 0.062119707465171814,
    "entropy": 0.12926673889160156,
    "nll": 0.13642823696136475,
    "ece": 0.009803764210641384,
    "eval_time": 71.70792365074158,
    "posthoc_temperature": 1.2858108360365224,
    "train_time": 3.187974452972412,
    "diag_test_raw_shift_mean": 1.612164363761015,
    "diag_test_raw_shift_std": 0.04773591304663312,
    "diag_test_corr_shift_mean": 1.0755241168709153,
    "diag_test_corr_shift_std": 0.004119189924253291,
    "diag_test_reduction_pct": 33.28694387207766
  },
  "10.0": {
    "accuracy": 0.9577999711036682,
    "brier": 0.06270428001880646,
    "entropy": 0.12479037791490555,
    "nll": 0.13542529940605164,
    "ece": 0.008783848524093628,
    "eval_time": 68.64941763877869,
    "posthoc_temperature": 1.2453267019251628,
    "train_time": 3.187974452972412,
    "diag_test_raw_shift_mean": 3.9970200801123714,
    "diag_test_raw_shift_std": 0.1610639949371472,
    "diag_test_corr_shift_mean": 1.8812667846043274,
    "diag_test_corr_shift_std": 0.0070899898073795336,
    "diag_test_reduction_pct": 52.93326661118583
  },
  "50.0": {
    "accuracy": 0.9495999813079834,
    "brier": 0.07583675533533096,
    "entropy": 0.14801862835884094,
    "nll": 0.15718260407447815,
    "ece": 0.008017899824678898,
    "eval_time": 68.52378344535828,
    "posthoc_temperature": 1.20966606671869,
    "train_time": 3.187974452972412,
    "diag_test_raw_shift_mean": 41.61166314974943,
    "diag_test_raw_shift_std": 1.6143385163523871,
    "diag_test_corr_shift_mean": 3.3126148897079504,
    "diag_test_corr_shift_std": 0.01945151345187497,
    "diag_test_reduction_pct": 92.0392153570343
  },
  "100.0": {
    "accuracy": 0.9484999775886536,
    "brier": 0.0772395208477974,
    "entropy": 0.1516312062740326,
    "nll": 0.16000404953956604,
    "ece": 0.007483896577358246,
    "eval_time": 68.61531853675842,
    "posthoc_temperature": 1.214159343953288,
    "train_time": 3.187974452972412,
    "diag_test_raw_shift_mean": 97.06102418710842,
    "diag_test_raw_shift_std": 3.575228917433675,
    "diag_test_corr_shift_mean": 3.376710739514599,
    "diag_test_corr_shift_std": 0.02118338766877601,
    "diag_test_reduction_pct": 96.52104357254139
  },
  "200.0": {
    "accuracy": 0.9483999609947205,
    "brier": 0.07729965448379517,
    "entropy": 0.15235207974910736,
    "nll": 0.1602405160665512,
    "ece": 0.007917607985436916,
    "eval_time": 68.64741492271423,
    "posthoc_temperature": 1.2171374505030064,
    "train_time": 3.187974452972412,
    "diag_test_raw_shift_mean": 210.31946365641267,
    "diag_test_raw_shift_std": 7.5172459487452175,
    "diag_test_corr_shift_mean": 3.3801089527686816,
    "diag_test_corr_shift_std": 0.021513651352102408,
    "diag_test_reduction_pct": 98.39286916483842
  },
  "500.0": {
    "accuracy": 0.9483000040054321,
    "brier": 0.07719583809375763,
    "entropy": 0.15249764919281006,
    "nll": 0.16013206541538239,
    "ece": 0.007306452967226505,
    "eval_time": 68.69116950035095,
    "posthoc_temperature": 1.219210768409263,
    "train_time": 3.187974452972412,
    "diag_test_raw_shift_mean": 552.0731489653558,
    "diag_test_raw_shift_std": 19.35281590560098,
    "diag_test_corr_shift_mean": 3.374800394681729,
    "diag_test_corr_shift_std": 0.021491221327175406,
    "diag_test_reduction_pct": 99.38870412353754
  },
  "1000.0": {
    "accuracy": 0.9479999542236328,
    "brier": 0.07718443125486374,
    "entropy": 0.15264146029949188,
    "nll": 0.16014628112316132,
    "ece": 0.007680542351305485,
    "eval_time": 68.37082290649414,
    "posthoc_temperature": 1.2201734539264903,
    "train_time": 3.187974452972412,
    "diag_test_raw_shift_mean": 1122.3340175413628,
    "diag_test_raw_shift_std": 39.08117134201306,
    "diag_test_corr_shift_mean": 3.3741860142613342,
    "diag_test_corr_shift_std": 0.021305784313054302,
    "diag_test_reduction_pct": 99.69935990876824
  }
}