{
  "1.0": {
    "accuracy": 0.9575999975204468,
    "brier": 0.06245594844222069,
    "entropy": 0.1339571475982666,
    "nll": 0.13834670186042786,
    "ece": 0.009271839265525342,
    "eval_time": 71.50903964042664,
    "posthoc_temperature": 1.3111005366533885,
    "train_time": 4.836797475814819,
    "diag_test_raw_shift_mean": 0.05191620446009696,
    "diag_test_raw_shift_std": 0.0004263499123740424,
    "diag_test_corr_shift_mean": 0.05048690774030363,
    "diag_test_corr_shift_std": 7.644942850371195e-05,
    "diag_test_reduction_pct": 2.753084004560391
  },
  "5.0": {
    "accuracy": 0.9576999545097351,
    "brier": 0.062481820583343506,
    "entropy": 0.13200902938842773,
    "nll": 0.13788971304893494,
    "ece": 0.009619495958089828,
    "eval_time": 71.38693928718567,
    "posthoc_temperature": 1.2977336441030194,
    "train_time": 4.836797475814819,
    "diag_test_raw_shift_mean": 0.3188203700509114,
    "diag_test_raw_shift_std": 0.007285426099832906,
    "diag_test_corr_shift_mean": 0.23358220024934678,
    "diag_test_corr_shift_std": 0.0003499564252450007,
    "diag_test_reduction_pct": 26.735484244211193
  },
  "10.0": {
    "accuracy": 0.9580000042915344,
    "brier": 0.06269320100545883,
    "entropy": 0.12910068035125732,
    "nll": 0.13731913268566132,
    "ece": 0.009361416912078858,
    "eval_time": 69.80101251602173,
    "posthoc_temperature": 1.2643336627941872,
    "train_time": 4.836797475814819,
    "diag_test_raw_shift_mean": 0.922627558015928,
    "diag_test_raw_shift_std": 0.022485363774037342,
    "diag_test_corr_shift_mean": 0.4195121707368841,
    "diag_test_corr_shift_std": 0.0007699836676800357,
    "diag_test_reduction_pct": 54.530713168965725
  },
  "50.0": {
    "accuracy": 0.9527999758720398,
    "brier": 0.06992696225643158,
    "entropy": 0.1335768699645996,
    "nll": 0.14777836203575134,
    "ece": 0.007775308278203011,
    "eval_time": 70.06184935569763,
    "posthoc_temperature": 1.0337366726966186,
    "train_time": 4.836797475814819,
    "diag_test_raw_shift_mean": 12.049158488561343,
    "diag_test_raw_shift_std": 0.21376923399113118,
    "diag_test_corr_shift_mean": 0.9207313814217851,
    "diag_test_corr_shift_std": 0.003051194238350833,
    "diag_test_reduction_pct": 92.35854203182912
  },
  "100.0": {
    "accuracy": 0.9513999819755554,
    "brier": 0.0721186175942421,
    "entropy": 0.1372268944978714,
    "nll": 0.15207788348197937,
    "ece": 0.007442981642484665,
    "eval_time": 70.13738584518433,
    "posthoc_temperature": 1.001541985159253,
    "train_time": 4.836797475814819,
    "diag_test_raw_shift_mean": 29.037514128317607,
    "diag_test_raw_shift_std": 0.4746498439039506,
    "diag_test_corr_shift_mean": 0.976081342763596,
    "diag_test_corr_shift_std": 0.0029954596060942566,
    "diag_test_reduction_pct": 96.63855060577765
  },
  "200.0": {
    "accuracy": 0.9508999586105347,
    "brier": 0.07266853004693985,
    "entropy": 0.13822422921657562,
    "nll": 0.15327244997024536,
    "ece": 0.008034145365655422,
    "eval_time": 71.65919709205627,
    "posthoc_temperature": 0.9961154449948435,
    "train_time": 4.836797475814819,
    "diag_test_raw_shift_mean": 63.937314032587544,
    "diag_test_raw_shift_std": 0.9987581280183637,
    "diag_test_corr_shift_mean": 0.9875671899147774,
    "diag_test_corr_shift_std": 0.0030095817402287987,
    "diag_test_reduction_pct": 98.45541339223068
  },
  "500.0": {
    "accuracy": 0.9512999653816223,
    "brier": 0.0727478489279747,
    "entropy": 0.13841480016708374,
    "nll": 0.15347284078598022,
    "ece": 0.008259815911948682,
    "eval_time": 70.10819029808044,
    "posthoc_temperature": 0.9960965941976351,
    "train_time": 4.836797475814819,
    "diag_test_raw_shift_mean": 169.4191613210968,
    "diag_test_raw_shift_std": 2.5723625947123767,
    "diag_test_corr_shift_mean": 0.9892222602757359,
    "diag_test_corr_shift_std": 0.0030891316713156096,
    "diag_test_reduction_pct": 99.41610957546834
  }
}