{
  "1.0": {
    "accuracy": 0.9575999975204468,
    "brier": 0.06247807294130325,
    "entropy": 0.13437944650650024,
    "nll": 0.13839668035507202,
    "ece": 0.009372175651788711,
    "eval_time": 71.7586886882782,
    "posthoc_temperature": 1.3103096824344622,
    "train_time": 64.39171886444092,
    "diag_test_raw_shift_mean": 1.963734833440912,
    "diag_test_raw_shift_std": 0.7074825034935066,
    "diag_test_corr_shift_mean": 0.03750017879926332,
    "diag_test_corr_shift_std": 0.0020453303673134155,
    "diag_test_reduction_pct": 98.09036443410562
  },
  "5.0": {
    "accuracy": 0.9576999545097351,
    "brier": 0.06247679889202118,
    "entropy": 0.1343545913696289,
    "nll": 0.13836728036403656,
    "ece": 0.009214217121899128,
    "eval_time": 71.7282497882843,
    "posthoc_temperature": 1.3087872242721295,
    "train_time": 64.39171886444092,
    "diag_test_raw_shift_mean": 10.004441104340136,
    "diag_test_raw_shift_std": 3.569722676900217,
    "diag_test_corr_shift_mean": 0.049105992079048824,
    "diag_test_corr_shift_std": 0.0024531523040337384,
    "diag_test_reduction_pct": 99.50915806723334
  },
  "10.0": {
    "accuracy": 0.9575999975204468,
    "brier": 0.06247858703136444,
    "entropy": 0.13440920412540436,
    "nll": 0.13832679390907288,
    "ece": 0.009168096797168256,
    "eval_time": 70.04434490203857,
    "posthoc_temperature": 1.3073405896841295,
    "train_time": 64.39171886444092,
    "diag_test_raw_shift_mean": 20.053232610558045,
    "diag_test_raw_shift_std": 7.144533995166277,
    "diag_test_corr_shift_mean": 0.05763611961357618,
    "diag_test_corr_shift_std": 0.003070819886974336,
    "diag_test_reduction_pct": 99.71258439607773
  },
  "50.0": {
    "accuracy": 0.9577999711036682,
    "brier": 0.062470000237226486,
    "entropy": 0.13447865843772888,
    "nll": 0.13797494769096375,
    "ece": 0.009079562768340111,
    "eval_time": 68.99386286735535,
    "posthoc_temperature": 1.2988431486130285,
    "train_time": 64.39171886444092,
    "diag_test_raw_shift_mean": 100.42360091192916,
    "diag_test_raw_shift_std": 35.7434852514093,
    "diag_test_corr_shift_mean": 0.11078388267861182,
    "diag_test_corr_shift_std": 0.01716216152600708,
    "diag_test_reduction_pct": 99.88968341936297
  },
  "100.0": {
    "accuracy": 0.9575999975204468,
    "brier": 0.06247621774673462,
    "entropy": 0.13450032472610474,
    "nll": 0.13771161437034607,
    "ece": 0.008921577361226082,
    "eval_time": 68.49565362930298,
    "posthoc_temperature": 1.2882250841640275,
    "train_time": 64.39171886444092,
    "diag_test_raw_shift_mean": 200.89175205986828,
    "diag_test_raw_shift_std": 71.48921366648503,
    "diag_test_corr_shift_mean": 0.19629197187853,
    "diag_test_corr_shift_std": 0.06414343980559704,
    "diag_test_reduction_pct": 99.90228968095214
  },
  "200.0": {
    "accuracy": 0.9580000042915344,
    "brier": 0.06255172193050385,
    "entropy": 0.13489575684070587,
    "nll": 0.13765515387058258,
    "ece": 0.008466874006390571,
    "eval_time": 68.55494546890259,
    "posthoc_temperature": 1.2536520254403078,
    "train_time": 64.39171886444092,
    "diag_test_raw_shift_mean": 401.8422880599053,
    "diag_test_raw_shift_std": 142.97510449265766,
    "diag_test_corr_shift_mean": 0.4511331851954675,
    "diag_test_corr_shift_std": 0.20684659259098467,
    "diag_test_reduction_pct": 99.88773377053631
  },
  "500.0": {
    "accuracy": 0.9578999876976013,
    "brier": 0.06294730305671692,
    "entropy": 0.16786478459835052,
    "nll": 0.14365029335021973,
    "ece": 0.01272650716304779,
    "eval_time": 69.81130838394165,
    "posthoc_temperature": 1.0278977890668222,
    "train_time": 64.39171886444092,
    "diag_test_raw_shift_mean": 1004.7445364843037,
    "diag_test_raw_shift_std": 357.4232253765372,
    "diag_test_corr_shift_mean": 1.8550038579806098,
    "diag_test_corr_shift_std": 1.2380057502829471,
    "diag_test_reduction_pct": 99.81537557153867
  }
}