{
  "1.0": {
    "accuracy": 0.9576999545097351,
    "brier": 0.06266215443611145,
    "entropy": 0.1340772658586502,
    "nll": 0.13875198364257812,
    "ece": 0.009275764529407024,
    "eval_time": 71.13956236839294,
    "posthoc_temperature": 1.3121088882384142,
    "train_time": 85.27671146392822,
    "diag_test_raw_shift_mean": 1.5950587732815154,
    "diag_test_raw_shift_std": 0.47533180101233147,
    "diag_test_corr_shift_mean": 0.06392836449336166,
    "diag_test_corr_shift_std": 0.002832205602783247,
    "diag_test_reduction_pct": 95.9920997543055
  },
  "5.0": {
    "accuracy": 0.9574999809265137,
    "brier": 0.06268980354070663,
    "entropy": 0.1341700702905655,
    "nll": 0.13881069421768188,
    "ece": 0.009395085635781288,
    "eval_time": 68.83975148200989,
    "posthoc_temperature": 1.3124302766358127,
    "train_time": 85.27671146392822,
    "diag_test_raw_shift_mean": 8.603863256857501,
    "diag_test_raw_shift_std": 2.479537813335767,
    "diag_test_corr_shift_mean": 0.06823269800621792,
    "diag_test_corr_shift_std": 0.0016296383930454448,
    "diag_test_reduction_pct": 99.20695278424112
  },
  "10.0": {
    "accuracy": 0.9573999643325806,
    "brier": 0.06269347667694092,
    "entropy": 0.13410954177379608,
    "nll": 0.13881662487983704,
    "ece": 0.00950697312951088,
    "eval_time": 68.78479719161987,
    "posthoc_temperature": 1.3122777835708799,
    "train_time": 85.27671146392822,
    "diag_test_raw_shift_mean": 17.37909760671153,
    "diag_test_raw_shift_std": 4.982864924801351,
    "diag_test_corr_shift_mean": 0.0696090023818175,
    "diag_test_corr_shift_std": 0.001376568811604412,
    "diag_test_reduction_pct": 99.59946710722811
  },
  "50.0": {
    "accuracy": 0.9574999809265137,
    "brier": 0.06273432075977325,
    "entropy": 0.13400940597057343,
    "nll": 0.13883592188358307,
    "ece": 0.009523084416985511,
    "eval_time": 69.4679901599884,
    "posthoc_temperature": 1.3118637516604397,
    "train_time": 85.27671146392822,
    "diag_test_raw_shift_mean": 87.59736892935618,
    "diag_test_raw_shift_std": 25.009044700527376,
    "diag_test_corr_shift_mean": 0.07988643558832166,
    "diag_test_corr_shift_std": 0.0028609662258681067,
    "diag_test_reduction_pct": 99.90880269971036
  },
  "100.0": {
    "accuracy": 0.9575999975204468,
    "brier": 0.06276467442512512,
    "entropy": 0.13385534286499023,
    "nll": 0.13885246217250824,
    "ece": 0.009449056348204614,
    "eval_time": 69.60667538642883,
    "posthoc_temperature": 1.3108223660830194,
    "train_time": 85.27671146392822,
    "diag_test_raw_shift_mean": 175.37997559673545,
    "diag_test_raw_shift_std": 50.04198175306813,
    "diag_test_corr_shift_mean": 0.09580158715101444,
    "diag_test_corr_shift_std": 0.007641721511872075,
    "diag_test_reduction_pct": 99.94537484292317
  },
  "200.0": {
    "accuracy": 0.9576999545097351,
    "brier": 0.06277184933423996,
    "entropy": 0.1336020529270172,
    "nll": 0.1388002336025238,
    "ece": 0.009573867797851562,
    "eval_time": 69.29860401153564,
    "posthoc_temperature": 1.3077893101643863,
    "train_time": 85.27671146392822,
    "diag_test_raw_shift_mean": 350.95780805271403,
    "diag_test_raw_shift_std": 100.10917927875323,
    "diag_test_corr_shift_mean": 0.13461265066232017,
    "diag_test_corr_shift_std": 0.020779638345197252,
    "diag_test_reduction_pct": 99.96164420691785
  },
  "500.0": {
    "accuracy": 0.9578999876976013,
    "brier": 0.06261058151721954,
    "entropy": 0.13253632187843323,
    "nll": 0.13820600509643555,
    "ece": 0.00925059411227703,
    "eval_time": 69.26384162902832,
    "posthoc_temperature": 1.2894511911951387,
    "train_time": 85.27671146392822,
    "diag_test_raw_shift_mean": 877.7240100545813,
    "diag_test_raw_shift_std": 250.31737771468252,
    "diag_test_corr_shift_mean": 0.2770917464894019,
    "diag_test_corr_shift_std": 0.06775744390547281,
    "diag_test_reduction_pct": 99.96843065208252
  }
}