{
  "5.0": {
    "accuracy": 0.9580999612808228,
    "brier": 0.06264735013246536,
    "entropy": 0.1316148191690445,
    "nll": 0.13841073215007782,
    "ece": 0.009016058480739594,
    "eval_time": 70.5772967338562,
    "posthoc_temperature": 1.3000163855237972,
    "train_time": 3.6200077533721924,
    "diag_test_raw_shift_mean": 1.5938112734677516,
    "diag_test_raw_shift_std": 0.07517164132591539,
    "diag_test_corr_shift_mean": 0.9472307719898205,
    "diag_test_corr_shift_std": 0.0033215637237645457,
    "diag_test_reduction_pct": 40.56819726665135
  },
  "10.0": {
    "accuracy": 0.9569999575614929,
    "brier": 0.0642448216676712,
    "entropy": 0.13314291834831238,
    "nll": 0.1411961317062378,
    "ece": 0.008426125314831733,
    "eval_time": 68.90841865539551,
    "posthoc_temperature": 1.293063697268768,
    "train_time": 3.6200077533721924,
    "diag_test_raw_shift_mean": 4.6545389179262,
    "diag_test_raw_shift_std": 0.2159712812456752,
    "diag_test_corr_shift_mean": 1.6134840554739338,
    "diag_test_corr_shift_std": 0.0051567910823111735,
    "diag_test_reduction_pct": 65.33525481418759
  },
  "50.0": {
    "accuracy": 0.9457999467849731,
    "brier": 0.08027220517396927,
    "entropy": 0.16200998425483704,
    "nll": 0.17199113965034485,
    "ece": 0.009835299742221833,
    "eval_time": 68.61585569381714,
    "posthoc_temperature": 1.3310873772222085,
    "train_time": 3.6200077533721924,
    "diag_test_raw_shift_mean": 54.64306428951388,
    "diag_test_raw_shift_std": 1.5561909141966899,
    "diag_test_corr_shift_mean": 2.6370150987590057,
    "diag_test_corr_shift_std": 0.007481634768067413,
    "diag_test_reduction_pct": 95.17410830990859
  },
  "100.0": {
    "accuracy": 0.945099949836731,
    "brier": 0.08151482045650482,
    "entropy": 0.16445474326610565,
    "nll": 0.1745597869157791,
    "ece": 0.009953537046909332,
    "eval_time": 68.75711226463318,
    "posthoc_temperature": 1.335768177025545,
    "train_time": 3.6200077533721924,
    "diag_test_raw_shift_mean": 127.37526515778085,
    "diag_test_raw_shift_std": 3.2825439330676764,
    "diag_test_corr_shift_mean": 2.6833442731545647,
    "diag_test_corr_shift_std": 0.008306479336303138,
    "diag_test_reduction_pct": 97.89335529953115
  },
  "200.0": {
    "accuracy": 0.9452999830245972,
    "brier": 0.08161884546279907,
    "entropy": 0.16482087969779968,
    "nll": 0.17480015754699707,
    "ece": 0.00966226861178875,
    "eval_time": 68.99998831748962,
    "posthoc_temperature": 1.3371994190910366,
    "train_time": 3.6200077533721924,
    "diag_test_raw_shift_mean": 275.53670862606,
    "diag_test_raw_shift_std": 6.743828791400584,
    "diag_test_corr_shift_mean": 2.687503259139598,
    "diag_test_corr_shift_std": 0.008631423836035376,
    "diag_test_reduction_pct": 99.02462968635265
  },
  "500.0": {
    "accuracy": 0.9452999830245972,
    "brier": 0.0815475806593895,
    "entropy": 0.1646077185869217,
    "nll": 0.17467902600765228,
    "ece": 0.00969021889269352,
    "eval_time": 68.9393219947815,
    "posthoc_temperature": 1.3372723461534874,
    "train_time": 3.6200077533721924,
    "diag_test_raw_shift_mean": 722.2642723960645,
    "diag_test_raw_shift_std": 17.133125814736946,
    "diag_test_corr_shift_mean": 2.685030537315555,
    "diag_test_corr_shift_std": 0.008736845515500054,
    "diag_test_reduction_pct": 99.62824818561104
  },
  "1000.0": {
    "accuracy": 0.9452999830245972,
    "brier": 0.08151687681674957,
    "entropy": 0.16453605890274048,
    "nll": 0.17461378872394562,
    "ece": 0.009738123992085457,
    "eval_time": 68.69959330558777,
    "posthoc_temperature": 1.337454327368517,
    "train_time": 3.6200077533721924,
    "diag_test_raw_shift_mean": 1467.5683369065955,
    "diag_test_raw_shift_std": 34.44773614054427,
    "diag_test_corr_shift_mean": 2.6863867284427374,
    "diag_test_corr_shift_std": 0.008641917647333769,
    "diag_test_reduction_pct": 99.81694980322993
  }
}