{
  "5.0": {
    "accuracy": 0.9585999846458435,
    "brier": 0.06210746988654137,
    "entropy": 0.12584008276462555,
    "nll": 0.13427495956420898,
    "ece": 0.00995194638967514,
    "eval_time": 72.84441471099854,
    "posthoc_temperature": 1.2362986366457331,
    "train_time": 8.902987003326416,
    "diag_calib_raw_shift_mean": 1.652206951326284,
    "diag_calib_raw_shift_std": 0.09796610575439907,
    "diag_calib_corr_shift_mean": 0.8763477488877045,
    "diag_calib_corr_shift_std": 0.004768701674399329,
    "diag_calib_reduction_pct": 46.95896006346546
  },
  "6.0": {
    "accuracy": 0.9575999975204468,
    "brier": 0.06236174330115318,
    "entropy": 0.12482091039419174,
    "nll": 0.13385744392871857,
    "ece": 0.00833293839097023,
    "eval_time": 71.28753542900085,
    "posthoc_temperature": 1.2127065900729803,
    "train_time": 8.902987003326416,
    "diag_calib_raw_shift_mean": 2.0718497580910658,
    "diag_calib_raw_shift_std": 0.13027211044574122,
    "diag_calib_corr_shift_mean": 1.0163130723601723,
    "diag_calib_corr_shift_std": 0.00549643230301097,
    "diag_calib_reduction_pct": 50.94658440406996
  },
  "7.0": {
    "accuracy": 0.9569000005722046,
    "brier": 0.06280240416526794,
    "entropy": 0.12444321066141129,
    "nll": 0.1339038610458374,
    "ece": 0.008324154779314995,
    "eval_time": 71.54225587844849,
    "posthoc_temperature": 1.1879790515469355,
    "train_time": 8.902987003326416,
    "diag_calib_raw_shift_mean": 2.529675177285231,
    "diag_calib_raw_shift_std": 0.1648326514360465,
    "diag_calib_corr_shift_mean": 1.1452191886784575,
    "diag_calib_corr_shift_std": 0.0062181255045479465,
    "diag_calib_reduction_pct": 54.72860709701794
  },
  "8.0": {
    "accuracy": 0.9564999938011169,
    "brier": 0.06344219297170639,
    "entropy": 0.12466584146022797,
    "nll": 0.1344582438468933,
    "ece": 0.007875956457853318,
    "eval_time": 70.89560317993164,
    "posthoc_temperature": 1.1621517197892977,
    "train_time": 8.902987003326416,
    "diag_calib_raw_shift_mean": 3.025055159796807,
    "diag_calib_raw_shift_std": 0.20103083339744288,
    "diag_calib_corr_shift_mean": 1.2636357862315737,
    "diag_calib_corr_shift_std": 0.006940340723373807,
    "diag_calib_reduction_pct": 58.22767786105314
  },
  "9.0": {
    "accuracy": 0.9560999870300293,
    "brier": 0.06430333107709885,
    "entropy": 0.12548580765724182,
    "nll": 0.13555791974067688,
    "ece": 0.007077489206194877,
    "eval_time": 70.36378479003906,
    "posthoc_temperature": 1.135493220738548,
    "train_time": 8.902987003326416,
    "diag_calib_raw_shift_mean": 3.5562946388656194,
    "diag_calib_raw_shift_std": 0.2384036863647403,
    "diag_calib_corr_shift_mean": 1.3721904854886169,
    "diag_calib_corr_shift_std": 0.007652685474614463,
    "diag_calib_reduction_pct": 61.415163116914016
  },
  "10.0": {
    "accuracy": 0.9553999900817871,
    "brier": 0.06535637378692627,
    "entropy": 0.12699194252490997,
    "nll": 0.13714593648910522,
    "ece": 0.006940309771895408,
    "eval_time": 70.00319957733154,
    "posthoc_temperature": 1.10861214871515,
    "train_time": 8.902987003326416,
    "diag_calib_raw_shift_mean": 4.121116021027243,
    "diag_calib_raw_shift_std": 0.2766684582969722,
    "diag_calib_corr_shift_mean": 1.4715483714438324,
    "diag_calib_corr_shift_std": 0.008346498159015893,
    "diag_calib_reduction_pct": 64.29247893203762
  }
}