{
  "10.0": {
    "accuracy": 0.9566999673843384,
    "brier": 0.063062384724617,
    "entropy": 0.13006548583507538,
    "nll": 0.13667143881320953,
    "ece": 0.008589093984663487,
    "eval_time": 71.53242707252502,
    "posthoc_temperature": 1.2587684151855074,
    "train_time": 3.67209792137146,
    "diag_test_raw_shift_mean": 11.233486626538188,
    "diag_test_raw_shift_std": 0.883383826307149,
    "diag_test_corr_shift_mean": 3.7071826431994945,
    "diag_test_corr_shift_std": 0.03776504055395799,
    "diag_test_reduction_pct": 66.99882443941091
  },
  "50.0": {
    "accuracy": 0.95169997215271,
    "brier": 0.07262886315584183,
    "entropy": 0.14781509339809418,
    "nll": 0.15498024225234985,
    "ece": 0.0067399616360664365,
    "eval_time": 69.46682596206665,
    "posthoc_temperature": 1.2104114508748067,
    "train_time": 3.67209792137146,
    "diag_test_raw_shift_mean": 91.81869926936432,
    "diag_test_raw_shift_std": 5.843967672216574,
    "diag_test_corr_shift_mean": 6.041750510515604,
    "diag_test_corr_shift_std": 0.08815105517342127,
    "diag_test_reduction_pct": 93.41991276440201
  },
  "100.0": {
    "accuracy": 0.9505999684333801,
    "brier": 0.07454404979944229,
    "entropy": 0.15213021636009216,
    "nll": 0.15885791182518005,
    "ece": 0.006228090377151966,
    "eval_time": 70.99463820457458,
    "posthoc_temperature": 1.210881324050378,
    "train_time": 3.67209792137146,
    "diag_test_raw_shift_mean": 200.78875554523478,
    "diag_test_raw_shift_std": 11.975079437459119,
    "diag_test_corr_shift_mean": 6.247762670370326,
    "diag_test_corr_shift_std": 0.08527563938990496,
    "diag_test_reduction_pct": 96.88839016238498
  },
  "200.0": {
    "accuracy": 0.9492999911308289,
    "brier": 0.07508080452680588,
    "entropy": 0.15319040417671204,
    "nll": 0.1599108725786209,
    "ece": 0.006689398622512817,
    "eval_time": 70.73859119415283,
    "posthoc_temperature": 1.2111231900849029,
    "train_time": 3.67209792137146,
    "diag_test_raw_shift_mean": 420.6646580339363,
    "diag_test_raw_shift_std": 24.21229006499513,
    "diag_test_corr_shift_mean": 6.297808306474812,
    "diag_test_corr_shift_std": 0.08426037778248208,
    "diag_test_reduction_pct": 98.50289103536558
  },
  "500.0": {
    "accuracy": 0.9493999481201172,
    "brier": 0.07523646950721741,
    "entropy": 0.15340426564216614,
    "nll": 0.16021013259887695,
    "ece": 0.00624819948375225,
    "eval_time": 70.29607820510864,
    "posthoc_temperature": 1.2112299746171473,
    "train_time": 3.67209792137146,
    "diag_test_raw_shift_mean": 1081.8956913075087,
    "diag_test_raw_shift_std": 60.906931315308896,
    "diag_test_corr_shift_mean": 6.308119069849307,
    "diag_test_corr_shift_std": 0.0840051112075434,
    "diag_test_reduction_pct": 99.41693833143695
  },
  "1000.0": {
    "accuracy": 0.9492999911308289,
    "brier": 0.0752921998500824,
    "entropy": 0.15359267592430115,
    "nll": 0.16032195091247559,
    "ece": 0.006774938049912453,
    "eval_time": 69.22856712341309,
    "posthoc_temperature": 1.2117532105039681,
    "train_time": 3.67209792137146,
    "diag_test_raw_shift_mean": 2184.4994015312855,
    "diag_test_raw_shift_std": 122.04755744157808,
    "diag_test_corr_shift_mean": 6.309818045880344,
    "diag_test_corr_shift_std": 0.08388669815223934,
    "diag_test_reduction_pct": 99.71115496568883
  },
  "2000.0": {
    "accuracy": 0.9496999979019165,
    "brier": 0.07539337128400803,
    "entropy": 0.15382185578346252,
    "nll": 0.16052621603012085,
    "ece": 0.006886944538354874,
    "eval_time": 71.13970375061035,
    "posthoc_temperature": 1.2120658428303315,
    "train_time": 3.67209792137146,
    "diag_test_raw_shift_mean": 4389.905537840816,
    "diag_test_raw_shift_std": 244.35292470223348,
    "diag_test_corr_shift_mean": 6.316593736286932,
    "diag_test_corr_shift_std": 0.0835179366935071,
    "diag_test_reduction_pct": 99.85611094175403
  }
}