{
  "3.0": {
    "accuracy": 0.9580999612808228,
    "brier": 0.06209103763103485,
    "entropy": 0.12934251129627228,
    "nll": 0.13605234026908875,
    "ece": 0.008738531172275544,
    "eval_time": 72.92532396316528,
    "posthoc_temperature": 1.2780430429515761,
    "train_time": 7.895040512084961,
    "diag_calib_raw_shift_mean": 0.9209339834110659,
    "diag_calib_raw_shift_std": 0.043615104374995224,
    "diag_calib_corr_shift_mean": 0.561352028703278,
    "diag_calib_corr_shift_std": 0.0032722021790810864,
    "diag_calib_reduction_pct": 39.04535625632302
  },
  "5.0": {
    "accuracy": 0.9587000012397766,
    "brier": 0.062108371406793594,
    "entropy": 0.1257970631122589,
    "nll": 0.1342758685350418,
    "ece": 0.009779359403252601,
    "eval_time": 71.07526350021362,
    "posthoc_temperature": 1.236148498106757,
    "train_time": 7.895040512084961,
    "diag_calib_raw_shift_mean": 1.652207134475083,
    "diag_calib_raw_shift_std": 0.0979661147935273,
    "diag_calib_corr_shift_mean": 0.8763477506411848,
    "diag_calib_corr_shift_std": 0.004768683059650567,
    "diag_calib_reduction_pct": 46.958965836987765
  },
  "7.0": {
    "accuracy": 0.9569000005722046,
    "brier": 0.0628029927611351,
    "entropy": 0.12440238893032074,
    "nll": 0.1339046061038971,
    "ece": 0.008331388959288597,
    "eval_time": 71.04127979278564,
    "posthoc_temperature": 1.1878252551934658,
    "train_time": 7.895040512084961,
    "diag_calib_raw_shift_mean": 2.529675365221364,
    "diag_calib_raw_shift_std": 0.16483261547424452,
    "diag_calib_corr_shift_mean": 1.145219228087773,
    "diag_calib_corr_shift_std": 0.006218041360278933,
    "diag_calib_reduction_pct": 54.72860890246659
  },
  "10.0": {
    "accuracy": 0.9553999900817871,
    "brier": 0.06535693258047104,
    "entropy": 0.1269582211971283,
    "nll": 0.1371469646692276,
    "ece": 0.006946413296461105,
    "eval_time": 70.85921049118042,
    "posthoc_temperature": 1.1084689881934793,
    "train_time": 7.895040512084961,
    "diag_calib_raw_shift_mean": 4.121116368096781,
    "diag_calib_raw_shift_std": 0.27666844147148867,
    "diag_calib_corr_shift_mean": 1.4715483941438472,
    "diag_calib_corr_shift_std": 0.008346443857221589,
    "diag_calib_reduction_pct": 64.29248138840879
  },
  "15.0": {
    "accuracy": 0.9506999850273132,
    "brier": 0.07320421934127808,
    "entropy": 0.14375996589660645,
    "nll": 0.1511632353067398,
    "ece": 0.005636226686835289,
    "eval_time": 70.94271779060364,
    "posthoc_temperature": 0.9826197836156415,
    "train_time": 7.895040512084961,
    "diag_calib_raw_shift_mean": 7.360066216134144,
    "diag_calib_raw_shift_std": 0.4752669856330685,
    "diag_calib_corr_shift_mean": 1.8534787184113417,
    "diag_calib_corr_shift_std": 0.011308829753953436,
    "diag_calib_reduction_pct": 74.81709180349434
  }
}