{
  "10.0": {
    "accuracy": 0.9555999636650085,
    "brier": 0.06622299551963806,
    "entropy": 0.13827922940254211,
    "nll": 0.14366772770881653,
    "ece": 0.008600092381238938,
    "eval_time": 71.05364394187927,
    "posthoc_temperature": 1.2979308684436257,
    "train_time": 2.1462106704711914,
    "diag_test_raw_shift_mean": 11.744135490525982,
    "diag_test_raw_shift_std": 0.9107445804196836,
    "diag_test_corr_shift_mean": 3.2246308509746338,
    "diag_test_corr_shift_std": 0.022695616472372386,
    "diag_test_reduction_pct": 72.54262901193813
  },
  "50.0": {
    "accuracy": 0.9520999789237976,
    "brier": 0.07231947779655457,
    "entropy": 0.1510014533996582,
    "nll": 0.15587104856967926,
    "ece": 0.009016607356071472,
    "eval_time": 69.46068167686462,
    "posthoc_temperature": 1.31788752313747,
    "train_time": 2.1462106704711914,
    "diag_test_raw_shift_mean": 103.11441236181288,
    "diag_test_raw_shift_std": 6.463558215817131,
    "diag_test_corr_shift_mean": 4.274915780194714,
    "diag_test_corr_shift_std": 0.03192435824643286,
    "diag_test_reduction_pct": 95.85420148136554
  },
  "100.0": {
    "accuracy": 0.9519999623298645,
    "brier": 0.07244432717561722,
    "entropy": 0.15134699642658234,
    "nll": 0.15618620812892914,
    "ece": 0.009360039967298507,
    "eval_time": 69.82023620605469,
    "posthoc_temperature": 1.3187410963377892,
    "train_time": 2.1462106704711914,
    "diag_test_raw_shift_mean": 225.9128029169333,
    "diag_test_raw_shift_std": 13.504839575679618,
    "diag_test_corr_shift_mean": 4.296674889359482,
    "diag_test_corr_shift_std": 0.030400659192142843,
    "diag_test_reduction_pct": 98.09808260803203
  },
  "200.0": {
    "accuracy": 0.9517999887466431,
    "brier": 0.07241427898406982,
    "entropy": 0.1514882594347,
    "nll": 0.15615007281303406,
    "ece": 0.009370620192587376,
    "eval_time": 70.55226039886475,
    "posthoc_temperature": 1.3193022855911698,
    "train_time": 2.1462106704711914,
    "diag_test_raw_shift_mean": 473.35418269391135,
    "diag_test_raw_shift_std": 27.592475988558952,
    "diag_test_corr_shift_mean": 4.294815132274013,
    "diag_test_corr_shift_std": 0.029443231931440026,
    "diag_test_reduction_pct": 99.09268465574092
  },
  "500.0": {
    "accuracy": 0.95169997215271,
    "brier": 0.07238314300775528,
    "entropy": 0.15133066475391388,
    "nll": 0.15609773993492126,
    "ece": 0.009210201668739319,
    "eval_time": 70.80416584014893,
    "posthoc_temperature": 1.3189280048457401,
    "train_time": 2.1462106704711914,
    "diag_test_raw_shift_mean": 1217.1735675836194,
    "diag_test_raw_shift_std": 69.84988045633328,
    "diag_test_corr_shift_mean": 4.290754617941112,
    "diag_test_corr_shift_std": 0.02875908736863659,
    "diag_test_reduction_pct": 99.64748210672539
  },
  "1000.0": {
    "accuracy": 0.9515999555587769,
    "brier": 0.07238540053367615,
    "entropy": 0.15126630663871765,
    "nll": 0.15611332654953003,
    "ece": 0.009100795544683933,
    "eval_time": 70.78621101379395,
    "posthoc_temperature": 1.3186655621925651,
    "train_time": 2.1462106704711914,
    "diag_test_raw_shift_mean": 2457.376227692003,
    "diag_test_raw_shift_std": 140.27372152410712,
    "diag_test_corr_shift_mean": 4.291357951845093,
    "diag_test_corr_shift_std": 0.0283189169508601,
    "diag_test_reduction_pct": 99.82536829715019
  },
  "2000.0": {
    "accuracy": 0.95169997215271,
    "brier": 0.0724116638302803,
    "entropy": 0.15122929215431213,
    "nll": 0.15618404746055603,
    "ece": 0.009275353620946407,
    "eval_time": 70.80580282211304,
    "posthoc_temperature": 1.318235147262408,
    "train_time": 2.1462106704711914,
    "diag_test_raw_shift_mean": 4937.983444321138,
    "diag_test_raw_shift_std": 281.1355918170911,
    "diag_test_corr_shift_mean": 4.301274194870711,
    "diag_test_corr_shift_std": 0.02730140810543791,
    "diag_test_reduction_pct": 99.91289411470552
  }
}