dataset,regime,maha,log_maha,leverage,jproj,rfrob,MI,logit_cov_tr,pred_ent
id_test,id,8.4010530485923,0.9243337271289214,0.3410487582872456,0.9125945738673579,0.6943658494187936,7.145382965783112e-05,0.4153574390816577,0.010558918294298903
id_test,id,8.794450936449813,0.9442087304018578,0.4137853616238771,0.6208439739952466,0.7111683954899056,9.76227614979501e-05,0.34683646590874984,0.007186848613684428
id_test,id,10.149134387267715,1.0064290031921135,0.28574044714720354,2.670949619730671,0.6961621396727845,0.2700789364795786,5.1745371677033045,1.3962198096673935
id_test,id,11.147347549855143,1.047171541728072,0.34096324119908805,1.4223598834782334,0.6742943597314868,0.001526519302680357,2.003926590425548,0.018470468150205508
id_test,id,10.832915837196644,1.034745369090478,0.3600810222744842,1.3950988016204715,0.6758209836359604,0.00013227939674628503,0.9049643302042725,0.005183107765851563
id_test,id,11.76168113365841,1.0704694012745328,0.4302126688825102,0.7739370432691199,0.7687796222664851,5.52639080134143e-05,0.3598619961715886,0.008868667933243474
id_test,id,12.100166107534392,1.0827913322606417,0.28560557383926943,0.8299755715344578,0.6329710533080047,0.00010124430324528338,0.4400316054095498,0.010452730834137046
id_test,id,9.22141600257643,0.9647976146893771,0.2751595918196965,1.0662968867398044,0.6474076310642076,0.0006271527187238779,0.8464908374651153,0.01992424826139467
id_test,id,11.326492746627213,1.0540954512442917,0.29688366690996043,0.674086069353566,0.64343356902849,5.351043319426832e-05,0.32292997671705836,0.008764269752787292
id_test,id,10.599664668144925,1.0252921261474535,0.5103186570673768,0.596865118943802,0.8515854350851724,5.6930142107466594e-05,0.2643055631300444,0.010778579078648556
id_test,id,10.002778386319017,1.0001206470686856,0.3336305940321731,0.6320264603880446,0.6753167743036946,0.00010366995311855524,0.4924353319144171,0.00890426977795312
id_test,id,9.693860209663692,0.9864967527319937,0.27915351238050956,0.6044507300111657,0.6458189528757513,8.503217207693481e-05,0.30433823428673246,0.008553806803648327
id_test,id,9.83427973819657,0.9927425577737,0.25045460911639045,1.0897570488995525,0.6112751592813371,2.9784394508455998e-05,0.7618283450840215,0.003054270935090947
id_test,id,13.647751636448232,1.1350611105799555,0.39819910466315145,1.6111450710198225,0.752483251539218,0.0005450278253657757,1.0935071735208912,0.019534959127015958
id_test,id,9.68219173528626,0.9859736787166247,0.4441656048844962,0.5932461753945899,0.8186425551311448,4.8980192891070855e-05,0.308995402413991,0.007012440072251814
id_test,id,11.550590176659833,1.0626041750812185,0.2529338766148561,1.2073480307719893,0.6506083729373473,0.0002930798104495147,0.6888529716296751,0.018157778306685097
id_test,id,8.715504198984606,0.9402925165105126,0.26172199854922057,1.8922868734744231,0.6064653461612901,0.027166267006313638,2.5726524793242103,0.2520883393023046
id_test,id,12.598395745936232,1.1003152464976738,0.3822898533490554,0.6592068777335237,0.6958484661620583,5.9768011113593526e-05,0.326772260972559,0.007866792800452268
id_test,id,8.493982204385803,0.929111346822915,0.32923489718625204,1.3152814849542696,0.6734796207853186,0.00018361366513973063,0.4414243952094192,0.016954197277595978
id_test,id,10.46573648242716,1.019769795449103,0.40292717789115895,1.2084348529032316,0.7503144670092425,0.0005467973014499153,0.9826561450620604,0.021589158635595483
id_test,id,12.542470673654925,1.0983830942841675,0.2928942400796425,1.1316628833433795,0.6662293997409715,0.00040771179645894204,0.729333245277986,0.02304476876477323
id_test,id,8.885375275651548,0.9486757750942902,0.31683323964841004,0.4517448871686448,0.6948526569038641,2.4150520474199022e-05,0.18758196532753907,0.006748671568031437
id_test,id,12.100288435315836,1.0827957227798666,0.27345532258690103,2.3291438239875184,0.6337539111468494,0.09453469822315586,3.023311603487714,0.6323496248876207
id_test,id,10.62187739566962,1.0262012842552948,0.41912706225538965,0.7232356983817504,0.7428444367567616,4.868601182139026e-05,0.3437076147313895,0.010934762246873503
id_test,id,10.262611801366091,1.0112579014196943,0.5380203189812811,0.6167717097081342,0.8620721346623399,2.281365721265062e-05,0.23849097601283764,0.004875719879017052
id_test,id,12.100918367529566,1.0828183312461852,0.4203922677201898,0.7040218890654323,0.7736428423197695,7.270765359574174e-05,0.33784097788278705,0.010252251060229459
id_test,id,11.482555624269116,1.0600385579601042,0.4458895646993274,0.946736194760544,0.7475454475881091,0.00019198336365958482,0.5161627675360574,0.01684770842197412
id_test,id,11.647837524935042,1.066245304097912,0.35429130197068603,2.0322930443010514,0.6891980955562304,0.03444834868114305,1.809278986740089,0.3137352655910749
id_test,id,9.798372066416874,0.9911539266245053,0.2860091994274653,0.8501302892095381,0.6220976229389147,4.8667159045679906e-05,0.2972994553217247,0.008101390159595188
id_test,id,10.762614009165477,1.0319177650399682,0.46488636657512783,0.8965974979481505,0.8244046397262638,0.00032150223524382224,0.67675822274286,0.02156968256429527
id_test,id,10.679762622849927,1.0285615998556656,0.44167681665536584,0.9089311878401758,0.786809417025136,0.00015070106501701742,0.39824346922613274,0.01413627068161307
id_test,id,10.484574258858434,1.0205508000518975,0.6396895962493341,0.7473408392817054,0.9696915145708035,4.436545942646756e-05,0.31298311591250194,0.006097709660016233
id_test,id,8.911942707885254,0.949972385942875,0.33134876226464033,0.7360678228389793,0.6702501529914661,0.00010816466052817816,0.6261950292571352,0.010045946198735264
id_test,id,9.490716588143691,0.9772990047309533,0.2992221785092525,1.4265296132440848,0.6806133528005796,0.00038006446659815014,0.7732846378329995,0.013577709801057724
id_test,id,10.422129170506473,1.0179564514948027,0.5332937462732642,0.5989478948128236,0.8436332832012069,0.00012012384870430624,0.6567290400482972,0.006989077370482587
id_test,id,10.604148131473085,1.0254757858911487,0.36130515453968337,1.6974431633828648,0.7029392364043646,0.00033551240610112457,0.8118318249674265,0.014670550744652651
id_test,id,11.466331459530144,1.059424491895186,0.4267886561886538,0.33894723599496385,0.7926831046579965,6.492258475839126e-06,0.12235560223678629,0.003160373162088622
id_test,id,10.211181409176495,1.009075991865391,0.39001972515569505,0.6159247458971905,0.7127693799058413,0.00022648783577296563,0.4847990548538149,0.01719488919367772
id_test,id,10.75615992959603,1.0316572510130502,0.43936165213195333,1.4977698177351253,0.7408149198322788,0.011721298460029034,2.0158313733537603,0.10120360004004583
id_test,id,9.996226880064967,0.9998361046049093,0.41753903488768607,0.6013427771782103,0.7614064687514343,1.5665848934020947e-05,0.18848874781242134,0.005179340046116743
id_test,id,9.836268570808027,0.9928303783080209,0.4655797393746198,1.4376386859046517,0.7720521371830653,0.01598138671969651,1.2370384171198758,0.1858277621727933
id_test,id,12.632285710074692,1.1014819397788893,0.523293682899064,0.5435713538771917,0.817960683193324,3.8627739871611305e-05,0.2927602318078087,0.0075190552691344935
id_test,id,9.650028137254886,0.9845285796931201,0.47937543963173146,0.6606894578783661,0.784727367430368,3.5793267079186133e-05,0.27768019204747324,0.0070141416460079205
id_test,id,10.512808776399845,1.0217187648917239,0.39640288096319565,0.8149880139013748,0.7445640373886756,5.67801813685315e-05,0.4611377467866461,0.006230950718131189
id_test,id,12.331870039234426,1.0910289392537522,0.6301348226637842,0.5825519084359413,0.9074188665758901,8.331103095543697e-05,0.36312697497464674,0.008873789400781972
id_test,id,11.38326673713407,1.0562669125647561,0.4224834464090451,0.8401686714693808,0.7603088555969235,8.768096771833746e-05,0.6120647729713525,0.007968870880058126
id_test,id,10.599571947902824,1.0252883271531565,0.36376295672254993,2.1650901046650004,0.7360030859449264,0.015492930318070253,3.786075138640372,0.1774171568839483
id_test,id,8.391541679466673,0.9238417560387193,0.28448218312675955,0.8538269635863333,0.6145096038315595,9.174242767873153e-05,0.70267341575038,0.007459067049345209
id_test,id,11.52023984753982,1.0614615210848481,0.3513760272115668,0.6204126681879584,0.7306315974541796,4.742841859454311e-05,0.29654618294672197,0.010617008513850688
id_test,id,10.371241619942303,1.0158307522275116,0.43018655404539985,0.8625723347448548,0.7340871624881946,0.00026384219065304915,0.6494732053636771,0.021657394715944616
id_test,id,9.093863204571857,0.9587484170439161,0.29134142418270126,0.61089355736622,0.6373572390577354,3.001256869873941e-05,0.28164911567298884,0.004912864403351254
id_test,id,13.135477624691719,1.1184458690087313,0.2948607961454286,1.2390454656354453,0.6723272829799684,0.005728890817988698,1.5312457431714608,0.06479004840654658
id_test,id,10.909388471099291,1.0378004068086601,0.601069353729726,0.8231845874084237,0.8483387701478093,0.00019989681839433296,0.5416435598675812,0.018738224052782835
id_test,id,8.620609590147303,0.9355379772760918,0.35039421251598024,0.8963774968791428,0.6988071080792015,5.289768979112319e-05,0.2865997505478942,0.00890273544148596
id_test,id,8.958680728299461,0.9522440594199091,0.3231013207991712,0.730875599595758,0.6326064896982923,5.493758035106204e-05,0.50370358326426,0.004427978727211988
id_test,id,10.90979623545005,1.0378166392948724,0.46597216940187597,1.1964940035632248,0.8108806619401864,0.067814942240643,1.011902688175565,0.8059163810428464
id_test,id,13.134667096248902,1.1184190699153906,0.40049762000883343,0.9546641385115772,0.7403527646031836,0.00026442339285964386,0.5717012937966839,0.018121900034280655
id_test,id,9.836199485163228,0.9928273280029726,0.40651992712088836,0.8418486279513804,0.7418120114097707,5.382994822530039e-05,0.3419936190683836,0.007247880906178139
id_test,id,10.656653463089777,1.0276208435029317,0.5327597622371908,1.045740174185762,0.8472942059633353,0.00043602345856607466,0.6550488645680033,0.014249530735178007
id_test,id,9.748530052488315,0.988939134899915,0.37987237291747655,0.47696960328067584,0.6982696614618684,2.5948998925614565e-05,0.1929044003412366,0.006252726173389959
id_test,id,12.777416587591903,1.1064430545474464,0.7872560661827903,0.9485338669700345,1.0379457675155277,0.000101999316241606,0.3645272354966361,0.013104797685406452
id_test,id,9.932215066071928,0.9970461149734777,0.4017307180291583,1.1114000316051043,0.7340055328940354,0.004110384051812757,1.313991576751554,0.056323048350521744
id_test,id,11.994580345677273,1.0789850579469864,0.5134615668491053,0.6313630942833041,0.8477220625985956,3.1565049037223826e-05,0.24749614662748337,0.005798312884724777
id_test,id,9.879547296865383,0.9947370447350575,0.3599466996685141,0.6580279042848675,0.7529607615035689,0.00010017331484898917,0.31774811410931114,0.011746181866435824
id_test,id,10.51191336282108,1.0216817728997345,0.6115397284058278,0.6885166784791266,0.8739149851719981,0.0002033266766464266,0.37494011037577735,0.024258854851582495
id_test,id,9.53409086911368,0.9792792869030508,0.32235676692413867,0.6700413303704802,0.6951566108854299,4.9544213591667247e-05,0.29847983214717805,0.007631048965825207
id_test,id,10.268623947649486,1.0115122496782765,0.4200434273481082,1.2402050883578557,0.8104842884122865,0.00029825902147638875,0.6718456528997133,0.013185360116125493
id_test,id,11.624007597006605,1.0653558851656761,0.5075628651004503,1.2230572512522204,0.8950897011568808,0.0017601789695527378,0.6511254698007097,0.05444389355728931
id_test,id,10.218511357546848,1.009387632016079,0.3669820781160692,0.7704630220765168,0.7245961174231614,2.0288441506712517e-05,0.3271014831197378,0.00310405874070642
id_test,id,10.956719665456923,1.0396805501341657,0.4035259260055068,1.39513940743001,0.719213157359458,0.00035126752857937357,1.3079364483203055,0.015555634256495619
id_test,id,10.548205538783913,1.0231785837611638,0.3831404811692608,1.0122353498254562,0.7475562189240229,9.178761876571517e-05,0.4023231668887786,0.00885523678274142
id_test,id,8.506248664000852,0.9297380743877851,0.283903179975124,0.4579342453290598,0.6261528950676724,2.8060732436034456e-05,0.23581476056967834,0.004850039732253823
id_test,id,12.089090755469659,1.0823936379743055,0.3623132530769479,1.6443350358208728,0.7169262594318442,0.004224733001179634,1.3191483813223992,0.06678662610288282
id_test,id,9.0203337966264,0.9552226089149951,0.20840339223424667,1.012351568173054,0.5339778294836601,0.011267599395436173,1.370051528534488,0.12039471053061461
id_test,id,8.541636328106524,0.9315410768514619,0.44228447098160584,0.6937788321879459,0.7613999518282899,6.989151742285704e-05,0.3579866610861978,0.009389108653700691
id_test,id,11.206804814859405,1.049481808077628,0.44681662977677256,1.115479882929805,0.8052090307508508,0.0010850384449279937,1.040824395272292,0.03817833158093113
id_test,id,10.079638102298299,1.0034449395934326,0.4176947901625066,0.8876907021668357,0.7543265820516487,0.0007202653947492935,0.7535835656105501,0.03460550076193486
id_test,id,11.250784103054352,1.0511827909093696,0.6326924797260357,0.8488061769395014,0.8865923713307103,7.02025441811846e-05,0.4012492886482367,0.010810831043166077
id_test,id,12.450230152531825,1.0951773798241233,0.555588270117956,0.5193513716053226,0.8509165911416521,1.9138679676311034e-05,0.24249882492627667,0.006274425058637116
id_test,id,10.977811003065863,1.0405157496194124,0.38378678644675623,0.532920825142204,0.7850543468553604,8.709663612620558e-05,0.2744773552591627,0.016827600458580692
id_test,id,10.042290972435996,1.0018328008191357,0.44209394825432413,0.8160241729283297,0.8104306497217395,5.328592372851569e-05,0.3454617764896262,0.006506299431117492
id_test,id,9.78544401399515,0.9905805365742244,0.3913216909412146,2.146567980371122,0.7316215293544487,0.0065616934732475665,1.8717437734139561,0.0524730653533655
id_test,id,11.280952845967098,1.0523457839294956,0.35390592910012425,1.5049277424234424,0.6775273159627541,0.04627461817862866,2.084248778959314,0.5057228797962552
id_test,id,11.127779982159685,1.0464085302618216,0.515730593526233,0.6632862043880713,0.8253570687371644,2.3243955406772408e-05,0.3178210739590739,0.003545195347929292
id_test,id,10.013188853832775,1.0005724073007285,0.3576588254708396,1.4669681217497301,0.6798324539457078,0.00439760006149674,1.654452505524501,0.0804253186953935
id_test,id,10.603465104504462,1.0254478115179613,0.3372262031577694,0.8823391711215092,0.6853083920593189,0.0006832499049774267,0.6789675166666401,0.023915572090600194
id_test,id,10.90246177343458,1.0375245726505562,0.2984756496315878,1.0084995584306427,0.6383480193067431,7.777960510622038e-05,0.43001922844821994,0.00793639772034212
id_test,id,11.531592881111585,1.0618893014083772,0.4091242187026972,0.7616973367956256,0.7240105116096516,8.662624539419739e-05,0.4953272474064066,0.010537701855520774
id_test,id,10.830577814274488,1.034651627012322,0.4799369928875534,0.6011619060362474,0.8232708819378276,2.854829566327228e-05,0.29258281578222034,0.0041592451606766315
id_test,id,12.185671786403553,1.0858494765260893,0.34793579104278005,0.7792210764417064,0.7049043219116428,0.0006566050130451771,0.8304172190422572,0.03065451702035952
id_test,id,12.45237930002718,1.0952523408760604,0.4004815442791012,3.0838157069994026,0.79238779995707,0.1469210280623665,4.745323050486694,0.7226106081245645
id_test,id,8.692022288374474,0.9391208313323258,0.38139561036218333,0.8706956199317895,0.7148893087523824,0.00015708995134490478,0.47329362528051677,0.01596618275209525
id_test,id,11.336376012380374,1.0544742424818132,0.6087243234993902,1.0950755161077326,0.8950456192459865,0.000267552871857632,0.7762897361499063,0.015172681564318037
id_test,id,11.579931395375002,1.0637059864843337,0.49777719507921925,0.629337273583405,0.8319327269131113,2.403082159679361e-05,0.32780196394462346,0.0034135278210429775
id_test,id,16.891738559790245,1.2276743510807882,0.35899360430539506,1.0155562424723015,0.6977448427827213,0.0005501568922227293,0.9274638980127309,0.030786674780996545
id_test,id,11.448629237103063,1.0587534910457437,0.5356540216531126,0.7850814517323345,0.8530149969557743,0.00023864192135222145,0.46237789462722434,0.01860124359503884
id_test,id,10.066490647568086,1.002878094427165,0.34434795846930444,0.801980726603003,0.6845728507509922,7.84416954616807e-05,0.47351906707748015,0.005492193044266859
id_test,id,11.959694356480092,1.0777200809437,0.5129500487001128,1.1405486460064869,0.851016361464319,0.001763247760599218,0.7439024611292366,0.06263827741322217
id_test,id,10.245199971021146,1.0105204396428018,0.36185913241536627,1.896901066487375,0.6846626916765068,0.01496308258342327,1.2939831278130944,0.11420288807156678
id_test,id,7.65614794573958,0.8840103171188141,0.30000238522857436,1.1344120615334055,0.6187131494852413,9.672598100216034e-05,0.3057303809416796,0.013384140739755216
id_test,id,11.066095168699476,1.043994400877013,0.5072191399434542,0.945161345319183,0.8436519253216703,0.0002547274923862912,0.4587098352674456,0.024895047875050112
id_test,id,11.058107068588935,1.0436807906584724,0.5492860926066151,1.8757329256417155,0.8564819648078249,0.0820829587040438,1.3706985709416692,0.6624864860673855
id_test,id,10.090536623047777,1.0039142630323232,0.4399817949121915,0.8068156462264167,0.7585196947962521,0.00039476987482173556,0.5338947841294854,0.029187955494829138
id_test,id,9.80426106615996,0.9914148670963016,0.35300279106077465,0.9817552723129641,0.6773117769566287,0.00014515127324792737,0.4077058961367035,0.01920733135777446
id_test,id,13.251902305529196,1.1222782255881538,0.6822698501795232,0.705284592991179,0.9147233928329718,0.00030816702031153526,0.47858800019834735,0.020777219817711783
id_test,id,13.421916592996997,1.1278145357111324,0.3813031993195337,1.802968331362165,0.768328109382732,0.07508476985289408,1.662520895352765,0.49818174965797635
id_test,id,10.935665565717628,1.0388452202183274,0.3562760718607343,0.9886480664598383,0.6941475850571363,0.00020703796278495785,0.5485975224216735,0.014364966823879785
id_test,id,8.330397906351582,0.9206657462855228,0.3392896778030479,1.2111577530259066,0.7102730191480124,0.0001043454758686696,0.45235705945801397,0.009033414088006805
id_test,id,9.754576939761014,0.9892084386431748,0.4980069336825522,0.6477470296439007,0.876044419138247,0.00012638167031011824,0.331197467716219,0.017362927119180006
id_test,id,10.842753860501928,1.0351395990807761,0.44305045919827235,0.5977747928813075,0.754424723116316,3.597333006001742e-05,0.2801634295678831,0.006157347626968663
id_test,id,11.897564239405408,1.0754580584321958,0.39234481957299483,0.8066766316525004,0.7723880321927089,0.00012118383922122417,0.5325093078911243,0.012416223861423537
id_test,id,9.664391140627323,0.985174498596262,0.3250167854743095,0.829188703544061,0.6597387239161231,0.00013515596840249326,0.40481874517561717,0.012424453271936557
id_test,id,9.585103586950272,0.981596810738557,0.4270756149133092,1.0853293025709558,0.7745848594304625,0.0010134438933136064,1.5627098068245726,0.03179397431999457
id_test,id,10.321814829349384,1.0137560637168035,0.5574566906148298,0.7517470038460482,0.8375732924854119,0.00021305048879034089,0.6036418762076854,0.022112955685299154
id_test,id,8.688546665807275,0.93894713808603,0.3800758554114072,0.7842997581990506,0.7175816258540857,8.498930468279174e-05,0.48132289608214646,0.013469179539644948
id_test,id,9.413286728896313,0.9737412875539808,0.35844470023351765,0.8868209180672513,0.6536457557386295,4.8556401230663224e-05,0.2748303921936493,0.009077976015866076
id_test,id,11.922793526288258,1.0763780231346223,0.39381711161949834,1.2907683973897737,0.755420984288646,5.8650312308755614e-05,0.5701236558060877,0.0066486204021991725
id_test,id,10.989021887888027,1.0409590384505298,0.407381006198681,0.6036364156455661,0.77498448684223,4.061406208346295e-05,0.26616683898681853,0.008624306791317184
id_test,id,9.801269365701064,0.9912823250041329,0.37346636309613035,1.5394187155729249,0.7302001892031751,0.007024158700424471,1.0494124583411855,0.10707060069759729
id_test,id,11.063022157421582,1.0438737822522746,0.4174997492588475,2.795849548158013,0.8003346269872146,0.04712873748244317,2.9772622249979155,0.30110279022406505
id_test,id,10.607835530777383,1.025626777633544,0.3958657541384908,1.0012044165746805,0.7691371617856361,0.0003952920582127664,0.715197043647448,0.017883854212993877
id_test,id,10.32574098579696,1.0139212269076356,0.4188988194343082,0.9058604472201777,0.7886299429675322,0.0023208113547197387,0.6749548009722138,0.04041096117560345
id_test,id,10.15979549947604,1.0068849664214605,0.33595686244460343,0.7976081935487142,0.6904506543957388,1.2244892477020035e-05,0.14504345547620393,0.005038496559509852
id_test,id,10.223593702115847,1.0096035818157956,0.5314491502960215,0.6808850689188078,0.8445357303267892,0.0001840628751301962,0.38213401200089997,0.015704412094581
id_test,id,10.702913289927817,1.0295020070276124,0.33357780260207665,1.1569807534386989,0.6759398245966464,5.0296228882629884e-05,0.513413541309221,0.004751778957033116
id_test,id,14.457335404224303,1.1600882566208168,0.5980634093212979,0.9290950737606828,0.9325971277674027,0.0006555213427709705,0.7419310653997111,0.033371740206490016
id_test,id,12.03379447932979,1.0804025901022156,0.41508090643980566,1.6213320915058844,0.7067992705578262,0.11480332167698859,1.43116248096553,0.735413115337652
id_test,id,8.801637651972536,0.9445634855000761,0.2834489829713963,1.5846637334015927,0.6332339058346497,0.00028654942103741206,1.2324255048116959,0.011649743970673209
id_test,id,17.017649552757295,1.2308995759410193,0.32580895881705374,3.1493965902851,0.7127603654656298,0.19535402526788237,3.747728631761171,0.8464082448336063
id_test,id,11.434344490585705,1.0582112724104376,0.49299923157976844,1.135089880827039,0.838100063216565,0.0004067713611217022,0.9581788497549101,0.021758854282474677
id_test,id,10.757607240542201,1.0317156842157003,0.4288167162557164,0.5514736214654756,0.7834526788251012,0.00014731208131146117,0.35935863628015124,0.01540516638294243
id_test,id,9.663435999979988,0.9851315747528464,0.3490120107952816,0.9132668429465078,0.7417408568248091,0.00015984996884411094,0.4183036616354199,0.012915541406283409
id_test,id,11.688542823606761,1.0677603723527607,0.39316299754628703,1.2814291589901803,0.7349746420187678,4.7352341098596054e-05,0.6037376398674759,0.004614140272010237
id_test,id,9.96239489873935,0.9983637527525738,0.4032026945159222,0.5867016632394333,0.7618159952594333,4.429030418896286e-05,0.32534241646062617,0.009284725722681216
id_test,id,12.299221167183987,1.0898776111898716,0.35430124628525045,1.686388319133997,0.7543355877185524,0.0002531257341936953,1.3505476183939158,0.009274238788842468
id_test,id,9.621670796586395,0.9832504935728351,0.30827619209079826,1.2903632673697278,0.6768580356650511,0.00026017758135949386,0.7461754675707779,0.01209779139422407
id_test,id,9.760769388232422,0.9894840521265726,0.4002351985017145,0.7092910532177382,0.7357676155793389,6.907533844664401e-05,0.27409908372428565,0.013080173486875405
id_test,id,10.078669555349055,1.0034032064675227,0.38474843077916876,1.0239370149861695,0.7147401429973231,0.0004072471246590881,1.2902583843063062,0.01833535747149285
id_test,id,10.418363648959087,1.0177995122840726,0.3943932856836553,2.083138606773548,0.7946271384172325,0.0011048012518108576,2.9555152121818353,0.013131624826988163
id_test,id,11.300317048781688,1.0530906285311235,0.44456751766630687,0.8440596671269607,0.7670626636169924,0.0005229405828103169,0.8034936788947183,0.015635018878964124
id_test,id,9.204306333374978,0.9639910642680923,0.31458702167987157,1.2604969496152703,0.6283021350937223,0.00012081407387737331,0.6655054007951217,0.008415389563079531
id_test,id,9.471427092054949,0.9764154206024787,0.4589956641391834,0.7878920447934803,0.8184978667768343,0.00016405970252931362,0.37892990578002306,0.015250541797726811
id_test,id,8.732928681375757,0.9411599134990044,0.34818590019863216,0.6960807594347128,0.7037514615245896,4.471123419507849e-05,0.33934393459605716,0.006617756120638336
id_test,id,10.177069143718867,1.0076227251971561,0.34293272680817555,1.0491247445027765,0.7381366603357901,0.0016006155452353184,0.8118159566542229,0.03022865729809278
id_test,id,10.45557071880727,1.019347743868002,0.4211066616575207,2.4348493856152222,0.7594932107826404,0.11820107647118017,3.7300604583558705,0.6499314781336506
id_test,id,10.997324700037781,1.0412870479865914,0.403497871084193,0.6665606751311697,0.7832630538818255,0.0001101026370542834,0.31589212669618216,0.012030699382749404
id_test,id,9.075450928444168,0.9578682129152047,0.44287035552474807,1.706414366320959,0.7984969702033621,0.0035738337274599033,1.0246491142605374,0.04728599677563957
id_test,id,10.13514757465001,1.0058300767412969,0.38671008408187324,0.3158299888295379,0.7431856791076759,5.7541410842971985e-06,0.10942253127751117,0.0036810720960801725
id_test,id,10.200809203933266,1.0086346246342424,0.3695837646668322,0.6842029288211318,0.7120332105175349,3.477721698896645e-05,0.20235240244467204,0.007813108420763016
id_test,id,8.816780448548029,0.9453100263727501,0.4441766580146966,0.5576775279769657,0.8165499964141406,5.230831909926528e-05,0.24893937716069559,0.00827863830169294
id_test,id,10.263394573847085,1.0112910256195995,0.3952397747269091,1.1653776568115182,0.7653280043886774,0.00026008491019644496,0.9052631590591789,0.011527759949297618
id_test,id,12.513672737397084,1.0973847929807419,0.4189448140125561,0.979055464555642,0.7628535850869013,0.00013832204677193937,0.8343891719206491,0.007259035382849083
id_test,id,9.212068726710985,0.9643571694088122,0.4078513598717066,0.5540946925127604,0.7624513167505245,7.163233685365984e-05,0.2810353417571647,0.013916110463338703
id_test,id,10.894686043559842,1.037214719568065,0.41146329364735285,0.6602490257323946,0.7559521672259829,3.0158586602944785e-05,0.24372717825370588,0.007609724147619645
id_test,id,9.766051802261773,0.989719023635496,0.4799139981994731,0.4592590614333683,0.8462918551365449,1.4252936471548933e-05,0.14513286395679725,0.005004780149864041
id_test,id,12.238181497149123,1.0877168897055507,0.4752263231435623,0.7309502541194459,0.8352728268475297,9.777367665760386e-05,0.3936665478981878,0.010413286647395692
id_test,id,12.514310044803658,1.0974069105514945,0.36179957995268985,1.5342421510130793,0.7405736775050173,0.0028074587979128353,1.7713847753710132,0.03189694481302314
id_test,id,7.961597813963602,0.9010002351478987,0.2871631650800229,0.7751545766211636,0.5986666345743953,3.5158690385822707e-05,0.3668049408826993,0.005051228328280909
id_test,id,9.504434173398884,0.9779262672034836,0.2603158170396593,0.7318629055004481,0.6124196341992529,5.377160709819223e-05,0.34884694256545146,0.009143510728806977
id_test,id,12.300263535812809,1.0899144164278112,0.48904522369117476,0.7057024804969002,0.8386554358106413,0.00015815310651377812,0.3735237550991568,0.01727772925729238
id_test,id,9.195718774446688,0.9635856811553947,0.34785016882126607,0.6411864375123932,0.6957260438671619,5.522555561331827e-05,0.4619212919580127,0.00529473066318328
id_test,id,9.456399328637373,0.9757258035325423,0.4700518812256708,0.5304223564931806,0.8146535065580295,4.563878479295347e-05,0.262658810575548,0.009094887643286658
id_test,id,14.35906979362742,1.1571263064699706,0.31771012034474355,0.9647689386139168,0.7213547165175584,0.00011342584772821088,0.5833936631190708,0.01267315747846527
id_test,id,10.129165235497293,1.0055736558123012,0.37767955518264523,0.6719983251884709,0.7604709833896882,2.698112351618917e-05,0.2688702168468674,0.006415022294054296
id_test,id,10.329997129674219,1.0141002008872366,0.40480480247849704,1.513126556734647,0.7505671887195136,0.0018692173195513362,1.5273037950512105,0.020498829798460187
id_test,id,10.854909913313072,1.0356262235639004,0.44705405235950135,0.7228886827562483,0.7830324608475969,5.475289433110389e-05,0.36932014877385105,0.008445271594319206
id_test,id,10.35640009263481,1.0152088199688443,0.3877302878002075,1.0045443311516484,0.6998074012199949,4.811597823054046e-05,0.40645856075420644,0.007795749009008309
id_test,id,10.638058526799668,1.0268623753651323,0.4126721428482034,1.6223379587160092,0.7476772807978995,0.00037181089050409427,0.7369914341820176,0.020806226395215774
id_test,id,9.240442987990669,0.9656927918978733,0.49728509081856753,0.6718418930237599,0.8163223014858572,5.961625560886412e-05,0.30695856565645313,0.01302479197993056
id_test,id,12.81260487598337,1.1076374333117314,0.6001120892352578,1.0399204076121717,0.8568468914740159,0.00043134772761880755,0.5699631199996825,0.03147394877028159
id_test,id,10.810976112392794,1.033864907785125,0.49900689278393284,0.5053887690628579,0.8151499244670946,3.949223298513934e-05,0.24994689327722078,0.007133260516810146
id_test,id,9.029107316598411,0.955644814964089,0.3376289428508512,1.2418939981907713,0.6814893131767545,0.0038494628575552817,1.7409664017966033,0.052379189962165645
id_test,id,8.430966705155152,0.9258773742781763,0.17932305275819366,0.70972864102039,0.5030483344437648,3.8230552579023545e-05,0.3859186020367593,0.006448339147618617
id_test,id,9.729043735476525,0.9880701557482441,0.41123724966904457,0.8578715224089883,0.8154701518972065,6.556945209952939e-05,0.33096384591782085,0.008167047730059055
id_test,id,9.037537865543992,0.9560501299647342,0.39468032545226595,0.7469293234496367,0.7886751884017906,4.328135194967605e-05,0.2676753449645982,0.007214025789839832
id_test,id,11.272996857955901,1.0520393859921302,0.3711394008219296,1.3436354866196298,0.6929888975161735,0.0012269622331233312,1.4858066804039451,0.03469811124640614
id_test,id,9.738653406644474,0.9884989098498943,0.35257700454814594,0.577440816242721,0.7248621338564952,3.849766762655145e-05,0.2668031584926772,0.007663547826648829
id_test,id,10.176007494099336,1.0075774181823933,0.37530579700494493,0.5457322530753357,0.7525841657195996,4.4723518016162936e-05,0.20954482544614636,0.010301193260250769
id_test,id,10.834794275034863,1.0348206696354345,0.4229801980834043,1.0475982776266197,0.7755161015434552,0.0001529206647764153,0.549805137760527,0.0139873004819373
id_test,id,12.206923807859411,1.0866062338745621,0.39957949670784154,0.740911107625546,0.7247744942637847,3.226999463941784e-05,0.4219108722282687,0.003473456857760369
id_test,id,10.494181407500156,1.0209485673932546,0.4334025761422926,1.0266287609341715,0.7929223561830427,5.0392667241492325e-05,0.6626249203059891,0.0032423334267776332
id_test,id,9.664039043206976,0.9851586758972332,0.5097944600061395,0.9826039735144216,0.8499835612528569,3.360969486320038e-05,0.38135513382548875,0.003678184024293487
id_test,id,10.752002322401989,1.0314893495565278,0.42028011735122167,0.7627663667586382,0.7622395529471762,8.415504714777075e-05,0.31607588207103043,0.00892920615288407
id_test,id,11.043554395331407,1.0431088746859298,0.4553729848375885,0.7062602389074554,0.7930737621635153,2.904793188954896e-05,0.2848268170661374,0.004660246033494477
id_test,id,8.64172422354478,0.9366004029530585,0.3185959603419097,0.649914647294147,0.636925841450463,2.8317979988287494e-05,0.2869978417790052,0.004613322400748874
id_test,id,10.292369101116224,1.0125153523671082,0.3967571880551945,0.7963243861906434,0.7710460806112741,0.0001220929435214917,0.7286760149433542,0.007312446400094731
id_test,id,10.896357884685509,1.0372813589983965,0.4316239368503918,0.8589063335052267,0.7677652894407113,0.0009096975418028709,0.8721560881866257,0.02393363935091687
id_test,id,10.265872722949327,1.0113958755852606,0.445191852054884,0.8554773250820937,0.7977953292999059,6.86662664611988e-05,0.2864262134069343,0.009529028850962854
id_test,id,9.970892622083094,0.9987340393474241,0.2791395575910791,1.319431102316474,0.6456166662146715,0.00011893104669354233,0.508892982375168,0.011353526378781304
id_test,id,9.650652497153088,0.9845566777756399,0.3193806717080963,0.7233586128831085,0.6970960097230181,2.897018169307087e-05,0.32559449531193707,0.00464815257255539
id_test,id,9.172115922216374,0.9624695349910728,0.3765539877696248,0.9125576243527506,0.7837527191626534,1.9201352388726212e-05,0.46992188220193276,0.002870491840369565
id_test,id,8.584223416742761,0.9337010122931886,0.3293915989829892,2.2068349989411296,0.6971993419692075,0.11039714012123558,2.490947655169847,0.7836186262769871
id_test,id,12.36979316262083,1.0923624378143157,0.41928519393254066,1.399307273829592,0.7548665089629419,0.00011403006274910907,1.0995867315802863,0.006144835690190758
id_test,id,10.265207560705974,1.0113677351963537,0.5375454057674289,0.7530675502877089,0.8388548059635442,7.245446796392066e-05,0.3051813591416517,0.008677934381383295
id_test,id,11.193091916482501,1.0489500701941137,0.38958877628813243,1.6937819917152106,0.7148214612812617,0.0006440386558905602,1.0995470641777032,0.023996595754470405
id_test,id,9.80147842193222,0.9912915881919856,0.3669031339105749,1.100480745242126,0.7101693209907539,5.5802409292589165e-05,0.5911882556931036,0.004523935307974891
id_test,id,9.52687167568282,0.9789503154764473,0.37548709437282285,0.9134839208841908,0.6933127647464447,0.00039021486703055136,0.6936963821099106,0.014383951972935795
id_test,id,12.672841328602521,1.1028739973163553,0.8280064563990419,0.7559152302590413,1.0517455529937845,9.491878395233994e-05,0.338431771756362,0.012967360431738868
id_test,id,10.531014272863253,1.0224702014161262,0.3998207671162506,0.7115463642384193,0.7282207191158684,4.8700478996262404e-05,0.47782878893737984,0.004569626530375448
id_test,id,12.82595448459549,1.108089694439025,0.39828017643183267,1.752393187348472,0.7232912103246758,0.006250707381721898,2.6706654351000463,0.09206906760797073
id_test,id,10.466313088928409,1.0197937221095963,0.40938027546785927,2.373466123557356,0.7803917802338547,0.043431953158096503,2.536202396305526,0.432489149743583
id_test,id,11.698809601914256,1.0681416729267446,0.4650873810423797,0.8961774781049692,0.7961530270584569,4.031874026378876e-05,0.5444808988148667,0.005221788443354005
id_test,id,10.856874793779381,1.0357048294231497,0.3742507807701178,1.218618498023217,0.7155819726496495,0.0002694912969215379,0.8792376643738646,0.015711947481570714
id_test,id,8.214195270908032,0.914565022903329,0.38971172373241114,0.7368244781815729,0.7135256022530004,3.520847408706833e-05,0.32874662009102323,0.005699847872259285
id_test,id,9.014349954993907,0.9549344142859746,0.27036047428569027,1.6453063366196585,0.6457533467274545,0.0014302423092873787,1.4944816151175586,0.031810689327858056
id_test,id,10.321323293790485,1.013735381669371,0.3208661869072881,0.5563355011286895,0.6799996774072312,3.3320004823496514e-05,0.2543426643407098,0.0069540777936473435
id_test,id,10.391919454230798,1.0166957719867988,0.38544091703460504,1.0974101088632044,0.7302994175573191,0.00011872867624130277,0.5145235629304076,0.011577690992031712
id_test,id,12.711737681716025,1.1042049222637995,0.2742924811842098,0.6281055639753726,0.6375333230799353,2.9165776343778593e-05,0.3443463245589226,0.004102952063848061
id_test,id,12.308559890833294,1.0902072432142893,0.43873260410445997,1.4549668541396943,0.7624610069556623,0.001524825853928366,1.8533121004875175,0.04200839780592976
id_test,id,11.538906762988034,1.062164664204621,0.30123143814229336,2.18447777099241,0.6799829759655837,0.09053968675367796,2.1299499559791206,0.43251147536487167
id_test,id,10.126237662940094,1.0054481161109123,0.37160043552156663,0.6053737867072747,0.7220097806984225,0.00020780584624914208,0.35383667220386594,0.019058903013328844
id_test,id,9.946980836454417,0.997691281287879,0.42727262763013796,1.2016168599274482,0.7578507510184416,0.00011531612010289363,0.6307226991294519,0.006856453716076741
id_test,id,9.148367044016975,0.9613435807737636,0.3353915526454086,1.0888747219733046,0.6698040388546788,0.008946506727483483,0.7535350464430504,0.13782834790379528
id_test,id,9.098668446737154,0.9589778397812128,0.3282793252564473,0.9628030665923648,0.7123292016551437,5.644801970889051e-05,0.3703954067931829,0.007469281363481907
id_test,id,13.575849776496636,1.1327670236846028,0.33526426193638914,1.4679606230144218,0.6574112514559084,0.0652289403316546,1.9481971279946169,0.40798051174709987
id_test,id,8.445266511835635,0.926613359440187,0.4060851566367156,0.5731793039465912,0.7475379213833533,7.520890986058293e-05,0.4579522711990598,0.008655050494153974
id_test,id,12.819556295649587,1.1078729938839356,0.47681725612472026,1.0194344906117672,0.759066636753191,0.0006686050379651927,1.282784395270336,0.021630760075951175
id_test,id,10.761549501960257,1.0318748077742637,0.3193801851777246,0.6519349604100918,0.6420755874123703,5.842838557567308e-05,0.2545592463204621,0.009819954977839785
id_test,id,11.435671701112684,1.0582616790392703,0.24203049977348223,0.4937665399060851,0.5666638763237031,2.0871755821556814e-05,0.2901669054541148,0.004658204937164101
id_test,id,9.187797828889218,0.9632114303269164,0.39928261845444823,1.1894740332081721,0.7281216241849435,0.00012164284363132966,0.5530793501380098,0.009698567960340286
id_test,id,10.071840357940804,1.0031088334837865,0.3935032866435412,1.2033494027604683,0.7962024488681886,0.005563246936530819,0.9828794378428963,0.10367409529906135
id_test,id,10.176465646284322,1.0075969708887846,0.29805855832324246,0.864046925983363,0.6625839531735841,6.680132590800199e-05,0.37473336344818686,0.010483841747254367
id_test,id,10.142385752093078,1.0061401243792527,0.27415502640741923,0.7276474205472511,0.6025085216557187,3.552538552749991e-05,0.665828567601298,0.0022128306167972355
id_test,id,10.77682199113876,1.032490709388581,0.3875130731912969,0.5724521681017605,0.7555633058701267,7.212484537227719e-05,0.3232267562203608,0.009154322942232932
id_test,id,12.147521686409634,1.0844876830973755,0.3713412866886434,1.1250868262035192,0.7286806547012877,8.29095501710727e-05,0.8007177389489685,0.0072036288699038695
id_test,id,11.396824098554792,1.0567838453541192,0.40608166880062546,0.730499503279198,0.7680108348594161,5.5858773494793165e-05,0.2887981496171399,0.006617343968916335
id_test,id,9.88452661626993,0.99495587522477,0.45231688446542834,0.6781315458887361,0.7664791565322562,0.00024687879575274393,0.4332685318291442,0.027102692058382363
id_test,id,11.438008565250371,1.0583504174662814,0.32856545128316106,0.6073975487559118,0.6861588916343582,4.3191375649081e-05,0.1743396863676573,0.010410675765417973
id_test,id,10.973446876989785,1.040343065583871,0.3634025428410983,0.5668622801121609,0.7251211588124152,3.0265324677709003e-05,0.31685515516135554,0.00554099999294431
id_test,id,10.672175761183633,1.0282529691135072,0.35935197405117353,0.963826675657264,0.713647978016529,0.00013755828884423615,0.7592071044849653,0.009583524524144411
id_test,id,11.966655886686008,1.0779728026675206,0.6378706445510023,0.537942377525604,0.9187877822017675,3.503173743541355e-05,0.28211504693024614,0.006956768864902296
id_test,id,9.710169747882514,0.9872268221179537,0.34819868296041345,1.9587890518534703,0.6875156888434142,0.005351365608870021,1.6922616596200295,0.08196173174414069
id_test,id,11.179525554800952,1.0484233730611587,0.34535815811609744,2.6348264805191195,0.6763622612916795,0.007084092415729992,1.6559470398703635,0.0947270462285299
id_test,id,11.419884707787775,1.0576617194448532,0.4170548875476007,0.7102425657421724,0.7660607735957159,3.2964224913406386e-05,0.30163036819750194,0.0056386884052215145
id_test,id,11.193018935107473,1.0489472384911291,0.3723434787631982,1.6065230991095683,0.7299488785508967,0.00027384693508637325,1.235917827430725,0.006233085162313157
id_test,id,11.174626800290739,1.0482330279250913,0.3092270358079429,0.5511509771543145,0.7130352752178593,6.413603283979101e-05,0.23349701665044162,0.010161528141441379
id_test,id,9.493186645049942,0.977412019644392,0.30434136395646727,0.7304778989509951,0.657972876098716,6.307546924220683e-05,0.2870819199383094,0.010517773044452066
id_test,id,11.259000964607882,1.0514998563792282,0.32082160177563634,2.1428237520998925,0.6842519355599349,0.026550627769949098,2.3593025825500336,0.13523921166300146
id_test,id,10.51646591163741,1.0218698184770396,0.32414199109826297,0.7254163270377476,0.6453378576849867,0.00019811213289003954,0.7552302232184743,0.010510148858592274
id_test,id,13.10339110959115,1.1173837040550638,0.4423729779793598,1.0339416838587805,0.7877530009691576,0.00019954011883577608,0.7903579630632124,0.016005648949005087
id_test,id,10.068542176199928,1.002966593668767,0.3181369034188193,0.8482884242079205,0.6910298546981912,7.000186642188398e-05,0.40455167250207497,0.008456383203893412
id_test,id,10.138606404671258,1.005978263486389,0.5211744207198903,1.0083464325269602,0.8628261426384718,0.00043324489197345273,0.8000661868984411,0.03515090827286331
id_test,id,10.08572596535545,1.0037071640098623,0.30188542539997615,1.8739565533300093,0.6438051072261406,0.0035830945535285513,1.9444000238954646,0.03680673980621572
id_test,id,10.17091490636717,1.0073600209020457,0.23034499144602394,1.0055144937663225,0.5635355559904216,0.00026456005538519865,0.9237621999951223,0.009377104706746032
id_test,id,9.523885170642732,0.9788141505271974,0.4169546766525738,0.6671402819614404,0.7357394886267017,8.07031294179101e-05,0.40407953841159955,0.011107465527050947
id_test,id,9.717413187793808,0.9875506695197979,0.2797795008096423,0.4077604823138112,0.6041465867444908,3.06091589146228e-05,0.22399944314351297,0.0063495727565892925
id_test,id,12.908195718360899,1.1108655417329547,0.5301482813003668,1.1466353533456166,0.8697126293727455,0.0007623657936296352,0.742193996511674,0.03307286573074049
id_test,id,11.708863921338176,1.0685147587619455,0.32806384977045155,0.8539215264950974,0.6763320306153257,0.0012473271879085007,0.7619608621499694,0.041113114909848474
id_test,id,11.575046932664916,1.0635227606394824,0.44155412291225093,0.9257118447908153,0.7790435429249845,0.00017247339131456173,0.7907182138531446,0.013908016910555057
id_test,id,10.158361898557,1.0068236808474622,0.3457847641628401,0.8282850715179093,0.6932663280973188,0.0002052380113812223,0.45363152414912933,0.011690463831776004
id_test,id,9.971482155067122,0.9987597164219725,0.26831222289456874,1.3973108958609104,0.5981983281660047,0.024251237562379208,1.7197066375231185,0.2275002675953057
id_test,id,9.169957306463177,0.9623673137314909,0.3073364982363137,1.6925874744748397,0.6929989180799461,0.010356470911601884,2.422319524774074,0.11329904247830314
id_test,id,11.851676034263344,1.0737797715609325,0.48683023285036137,0.6869503786182142,0.8125732791406561,0.00013023698797603317,0.38449566937357676,0.013646338692517981
id_test,id,9.925466733941429,0.9967509381700251,0.30403940465896273,2.3602275997445634,0.695686240362882,0.16590819497940146,2.8261013197060927,1.2441523557739809
id_test,id,10.76553072978393,1.0320354450066203,0.40221517374594673,0.9114399920346932,0.7409146137521426,9.177417190483778e-05,0.7912324675169025,0.004720559377652691
id_test,id,11.443555591371865,1.0585609837427852,0.30897954568361075,1.322260339916864,0.6832860150682424,0.0007699150556110118,1.3701129585268748,0.02423734110128366
cifar100,near,10.94575743940114,1.0392458198833627,0.42087757615951454,2.430474236574208,0.7377843967172513,0.1962905760188095,3.3716813769601757,1.0070023230846241
cifar100,near,11.33768384819335,1.054524342541607,0.28945553928649215,2.9279778653113593,0.6572420102225547,0.23890520110231073,4.62851524380423,1.483259386954912
cifar100,near,10.115880733700594,1.0050037004107273,0.3721369395549661,2.29790541852725,0.7185834878835096,0.1100733769451433,3.2488574899377927,0.7840500819916815
cifar100,near,22.174284532024274,1.3458496159503333,0.3957913247055855,3.3673948738343977,0.8149893700066516,0.045876846789676184,3.8190806719208377,0.3106214686522653
cifar100,near,15.840941314660508,1.1997809850849488,0.3566109554949849,3.0894336706554983,0.7927454689079645,0.2036046254084498,5.3079600205489195,1.3929798417436048
cifar100,near,11.027188543609242,1.0424648002733643,0.2259166168330381,1.3701736101197874,0.6075640724767266,0.0009959201588192468,0.8522573466318428,0.030726729154347737
cifar100,near,10.788186102591803,1.0329484297224412,0.32889505446905726,2.1237307566659913,0.6860974308278466,0.0848234916016043,4.085191984683954,0.6695901996398822
cifar100,near,12.223856345171576,1.0872082374659424,0.3125065967064477,2.3284496132186376,0.6872930300108652,0.10684751575058204,2.7128928164965216,0.3823216306089561
cifar100,near,11.82183453841615,1.0726848765894708,0.2855480593137508,3.0841243602960082,0.624779291629491,0.010159069251242284,2.306903988266675,0.12050008149278477
cifar100,near,11.794928581135515,1.0716953155922495,0.4613342428758134,0.47288971755497256,0.7987281989634086,1.969124587846132e-05,0.20260347745639193,0.005788998160856096
cifar100,near,13.154584004707736,1.1190771187172581,0.41643136442485573,1.890538792871784,0.7995144313203322,0.004511577287115466,1.7987749702614384,0.057468459602547074
cifar100,near,9.67914426646756,0.9858369630579111,0.2710696824125834,1.3987377702194523,0.6055470750663092,0.03609597252135546,2.1500539074411757,0.24981699370847743
cifar100,near,11.398564369141752,1.0568501561270556,0.5377591981679726,2.4296583552259032,0.804431218370876,0.10681043634655862,2.732776297391245,0.45489428499752105
cifar100,near,12.4510899053353,1.0952073690694806,0.23650597839396062,1.1489261802950543,0.6001656123095153,0.00014194635699956402,0.5482733460505541,0.011227316696960303
cifar100,near,9.722498802255174,0.9877778983620835,0.28170894420258397,2.067106516816914,0.6220965089960663,0.054077710099778575,2.142332894217595,0.2948164194656176
cifar100,near,12.095798669199993,1.0826345495568623,0.40210495333810137,1.5668613103988969,0.7588240312596258,0.0002003812620830596,1.0580625178040732,0.009229989658980203
cifar100,near,11.388217201813658,1.0564557416751161,0.28331295433779335,1.6186730772536946,0.5978495096398776,0.15447465416822437,1.9557095761759526,0.6925216623472465
cifar100,near,9.21124863557437,0.9643185052476861,0.257278017000789,1.8723478205818354,0.6067763638792296,0.2086404398695737,3.1508935771804047,0.9212128874739995
cifar100,near,11.05420142481598,1.0435273738809463,0.35571542483334495,1.8791012533474845,0.6714422256582062,0.05017307573186941,2.081431848434343,0.5274460338634493
cifar100,near,9.325754747110356,0.9696839900437494,0.38349100398194214,2.0079775750592033,0.6902473258937708,0.1446091922122289,2.585044414290247,0.8979840744752786
cifar100,near,9.06365764754761,0.9573034930430508,0.3000713813284545,2.241315821843131,0.6574071950149332,0.03701184362759802,3.063055169326769,0.36420635554806086
cifar100,near,20.467903602528086,1.311073362933927,0.3963147039921241,3.8068314003998056,0.8957375912592204,0.0465880898750175,4.123512523525596,0.34471675749736297
cifar100,near,9.744487008413742,0.9887589809759543,0.32927067081810757,1.1636853133263498,0.6861657818006609,0.016360095624471077,1.3759750301173277,0.13769072090344653
cifar100,near,11.18035911566671,1.048455753450396,0.45536633749519784,1.7123734710777554,0.794997998638903,0.0026805076345372686,1.6742912477543157,0.054807743849345586
cifar100,near,9.617063194156882,0.983042469869305,0.41213471800962265,1.049428936547362,0.7479935971106032,0.03600544490498625,1.1567922546942113,0.24328087689325695
cifar100,near,10.840369354689894,1.0350440798412242,0.37384206603330983,1.2879806682282582,0.7427582715217337,0.0012927164113797213,1.7869236343687869,0.023192510496041697
cifar100,near,14.89997849827181,1.173185641724063,0.36559933722906357,2.952085824075587,0.7501202618127248,0.2750346217633881,5.539355637209644,1.8438031847858747
cifar100,near,11.310296904188254,1.0534740056851761,0.41620683939509284,2.2198314689652783,0.7674034027472875,0.11609915571952778,2.2507424985653803,0.9329795640239258
cifar100,near,11.673016563053377,1.0671831017893072,0.2880298623882832,2.4387905614455594,0.6498620683488165,0.22740078597533597,3.2960947287850577,1.1459408295256173
cifar100,near,10.945464963313887,1.0392342151635858,0.23472034600466585,2.7957768418659716,0.6098589507641883,0.1436782951409885,3.3895624057881775,1.1603247137647668
cifar100,near,9.355427990862601,0.9710636603825249,0.21843889180138837,1.2665920370153831,0.5675812983009833,0.00043659916726906944,1.3405663092475053,0.012482542885420724
cifar100,near,10.45291795568359,1.019237541699838,0.24723210729820205,2.7008681173859106,0.5855734020325162,0.20442143254081646,3.16254794612905,1.3484694094196215
cifar100,near,14.680447039475414,1.166739280665583,0.3561625995805812,1.9706349240130325,0.7222933747596141,0.05755867164761597,1.7584522588214146,0.5153184529733085
cifar100,near,10.13455172088004,1.0058045434563088,0.3286834899486739,1.9717731048035891,0.7180746696816358,0.09778133401646627,2.8596656682733075,0.9045220610630487
cifar100,near,10.925047570966573,1.0384233367360607,0.3102316522190731,1.7114835853842216,0.643652394244924,0.13715670307420025,2.979510235354039,0.8109195238205386
cifar100,near,12.873956681865847,1.1097120435203092,0.1604484822417128,3.0018350505885145,0.5118280434672616,0.14231609894294883,2.8794422986154418,1.2425118206350898
cifar100,near,9.838583030662647,0.9929325551547228,0.32257285788939033,2.8256116109520186,0.6932453540493432,0.07220973908841005,3.4999383847624133,0.5431983474805896
cifar100,near,8.31551174780548,0.9198889814982217,0.3100248035691161,2.1932480773926706,0.6659651466217503,0.19829431901496952,3.180867003918887,1.7652405917587135
cifar100,near,10.168470700751708,1.00725564164134,0.4026011584187717,2.4718234676889623,0.7464277324015437,0.04160957361504031,2.138620790138444,0.29773495327789534
cifar100,near,11.118823149873405,1.0460588226661036,0.37948298968165883,2.6603323126975207,0.6948153145022858,0.2923513731964793,5.371725883000873,1.4666054425220882
cifar100,near,10.041238089351967,1.00178726486652,0.3570139033498526,2.2100275242402683,0.698314004796342,0.0536093833357188,1.9823604802121146,0.3569516331813672
cifar100,near,9.604354833559318,0.9824681967665381,0.3248788068682664,2.25703095391335,0.6769268184030083,0.17743411791317865,3.805937563405216,1.191936605310517
cifar100,near,13.030137441705337,1.1149489967021238,0.34025727984497445,2.8038479983787843,0.6858013409907002,0.1605131701603738,3.4008092264559013,0.6917441867679017
cifar100,near,12.441635849871092,1.0948774860058763,0.28494040942525356,1.8602206790692566,0.6321543258289367,0.07701307249451067,2.6073833043771355,0.42210900935161166
cifar100,near,9.549311035731801,0.9799720392550391,0.2615390989976122,2.0472947030708024,0.6311614384435927,0.1272966392641105,3.010234674612983,0.9730979870147484
cifar100,near,11.200184446144554,1.0492251747878147,0.3370024219334824,3.450245115442806,0.6672702222162743,0.12902556332512183,3.3620029351608545,0.6118344296805274
cifar100,near,9.969960235680128,0.9986934262128754,0.26447890125732587,2.8854394893794377,0.6422999984429116,0.01769424637771022,2.300522489908586,0.18729653845062286
cifar100,near,13.266508825006905,1.1227566502885473,0.2970589830537447,2.867727277200767,0.6948379641863303,0.19864499562538795,3.51035388616599,1.2930571427587354
cifar100,near,9.13816776917592,0.9608591271266442,0.34585021293969453,1.2553637030827274,0.6868082036357841,0.0006628431251258574,0.9983483759360954,0.017904451212609408
cifar100,near,10.11351230507143,1.004902007247017,0.3460896199932884,3.484752378923621,0.7107338896921407,0.2438368975180354,5.325578520230016,1.4742866264629242
cifar100,near,9.769610359340087,0.9898772431733648,0.5151202765789287,1.5612519111902565,0.8418802816600365,0.0038582102591341455,1.1565190267874697,0.06920952360413801
cifar100,near,9.950242265249477,0.99783365497833,0.3383783121640012,2.248263339281126,0.7174041160618096,0.2092885141247105,3.2928595458128953,1.1036172784836513
cifar100,near,10.545325804605758,1.0230600021305953,0.3306050093803518,1.1884676941252172,0.6693355056703485,7.316800692968618e-05,0.9739636662363438,0.004088032388673161
cifar100,near,12.820708831110036,1.1079120371456566,0.22978917537958743,2.2301629092664785,0.5667846490867793,0.00845070612118437,1.4360518612745472,0.15854767205673703
cifar100,near,10.738180752562235,1.030930710077393,0.3989381574015676,2.0503581220116915,0.7278106772409468,0.09004080118072888,3.1688480430613533,0.6784131201041418
cifar100,near,9.132698939467282,0.9605991413609469,0.2678549708685939,2.978420401617403,0.6147253894874901,0.1840958856679097,4.382245918784751,0.8817164096500287
cifar100,near,9.622331918823127,0.9832803336995078,0.3239194647112448,2.303942023281994,0.6599487443211904,0.16846176585105987,3.0179565459629814,1.331029517108557
cifar100,near,9.214782656532362,0.9644850962835211,0.3014810976377399,2.0013016305253393,0.6449430418283416,0.009599368359235846,3.0217811149308553,0.09194636617507392
cifar100,near,8.259482768756135,0.9169528515244861,0.3115009311063346,1.210501487930942,0.6528958977972991,0.11419984781037973,1.2898699040338137,0.6687269427397861
cifar100,near,10.515314648487188,1.021822272599278,0.3374422688586851,2.708155729578643,0.692087594531858,0.053835969951148116,2.562120127071855,0.27431226324238933
cifar100,near,9.571055270322171,0.9809598242184319,0.34053419069689317,2.135302595911612,0.7113599737648579,0.18411470982270473,3.5849333155943146,1.4925837702212612
cifar100,near,10.090567356308835,1.0039155857831201,0.28315190349622876,2.1712944023623484,0.6776516697544395,0.1537426150776039,4.148904023726993,1.0039891947776203
cifar100,near,10.038660308388339,1.0016757587192355,0.29563955365670747,3.1715878616170072,0.6733195928226015,0.041471373444553955,3.979572329014816,0.2763649571720532
cifar100,near,10.0994512659134,1.0042977779187294,0.37963801739020214,1.485936745333656,0.7278546140049588,0.051644524457855834,2.38277709154137,0.39307013703340776
cifar100,near,12.507999561255529,1.0971878573718221,0.2366441841062837,2.369370030455474,0.6211680569666932,0.19428082898025845,2.804646392678625,0.8855312802052056
cifar100,near,9.046743257534132,0.95649226545939,0.42788933643592325,1.5267217368098445,0.7742243070046729,0.005275365208424046,1.6722626498499333,0.08068436885941795
cifar100,near,11.524977551865817,1.0616400881895813,0.2833301159903837,2.3592411222259235,0.6450979003767833,0.1250888105059138,3.6898720573960464,1.0427717544910358
cifar100,near,11.719217966980192,1.0688986318593265,0.2868444378535422,3.335723891511068,0.6470688722596798,0.2098844655634251,4.401324501505558,1.3757612089386095
cifar100,near,11.392152061103573,1.0566057732811711,0.38293580253111204,1.5256686294585386,0.7373211413420934,0.03694511479353335,2.0318510990595073,0.3004411289225431
cifar100,near,9.021569680002521,0.9552821078843805,0.30073077454313046,1.8195030234573102,0.63428848143542,0.0019336737592390851,1.4923317923044386,0.04760738376185483
cifar100,near,10.66931544591588,1.0281365555852717,0.33141058339893503,2.8348389071375157,0.6942361745463901,0.20339948804527608,3.7961037589905064,1.2206638387536506
cifar100,near,10.052203493183402,1.0022612717536472,0.26394566046322276,1.567282345162807,0.6094323146803495,0.011298867518079445,1.2368466602206174,0.12341781125263913
cifar100,near,10.228122096383872,1.0097959037406463,0.36509370046196743,1.2772140743564182,0.696666791643049,0.00026422366210014647,1.2334896382077185,0.009596519531003234
cifar100,near,10.827855931324923,1.03454246872642,0.31114611426461464,2.5034053230561626,0.6673431160755798,0.14697306431774515,2.7561508330773425,1.0415127291761122
cifar100,near,11.170262847132824,1.0480633926456517,0.2840672514905518,2.1017060065594695,0.653480214796009,0.11515105889535471,2.8439690043469574,0.9309622247475684
cifar100,near,10.427081403442408,1.0181627641002404,0.3019843529077392,0.6444223855014919,0.6658198821153266,2.657096788952814e-05,0.37916390948325845,0.003684901904562158
cifar100,near,12.90912123836082,1.110896679610657,0.46576979197901264,2.7987566462660722,0.7752294666161543,0.21318640609368145,4.19662235094879,1.1250039262074454
cifar100,near,12.357070242811616,1.0919155154316895,0.4783716793982177,3.4383380401090538,0.8001189848084004,0.1667924128995344,4.067750003991974,0.844119174886129
cifar100,near,14.454311198099317,1.159997400776113,0.23646585296822653,2.894366653628798,0.6236283922693583,0.11835277046281156,3.3513560841198604,0.9913542339188285
cifar100,near,13.793081491841319,1.139661302131961,0.44648474848387065,0.9188866674336652,0.7957513864594146,0.00011804126515628684,0.6989920185627467,0.0091319691034923
cifar100,near,9.939133349355172,0.99734851743882,0.30421159140458265,1.8329514688481694,0.6509877016518089,0.11439244787822511,2.4514502737720716,0.6283199349797913
cifar100,near,11.469891383665443,1.0595593053237793,0.263468860028381,2.0322531779561768,0.6373745702405219,0.025945487404068657,2.4499164166111744,0.18152877752142227
cifar100,near,10.459510219720933,1.019511348640401,0.24916745796619333,2.99255618551277,0.6283419112214781,0.23064879746558353,4.6088541727131,1.5139083561249143
cifar100,near,11.662930802666997,1.0668076989581887,0.3009337112666729,1.3690342712087011,0.6334720406472901,0.01221020040538412,2.269190234256428,0.1455112490484557
cifar100,near,10.488465776668452,1.0207119655031138,0.2574569118416383,2.388464586357253,0.6324536006611098,0.04795027617523595,2.396866530131257,0.3911406337850927
cifar100,near,12.224372354950523,1.0872265700987371,0.1539303143800801,2.8524433867490737,0.5037957794212935,0.16535278309789914,3.347169059654141,1.4945515543913503
cifar100,near,12.40209227932894,1.093494958480739,0.3645499650086236,2.0909359232403406,0.712436902134416,0.11671411120198583,2.617123935658141,0.8332989767431996
cifar100,near,11.49826477195868,1.0606323050153796,0.2852463523188072,3.3022040555528585,0.7126176411756509,0.21709799534059626,4.8240489825506465,1.4573731013624576
cifar100,near,11.606973471657934,1.064718991876813,0.3735844637607949,2.1123859008915247,0.7310770074117611,0.1503456829311427,3.065760222949716,1.1742067603858561
cifar100,near,12.198293074487566,1.0862990634812655,0.2821937829265566,2.8687649278526317,0.647826734058292,0.03219360606060301,3.0282370574285076,0.3732379594620018
cifar100,near,16.539560966308414,1.2185239772838852,0.40445321829299674,3.203595410793728,0.8343117358815635,0.2662940751605476,5.915994744095331,1.6742623045366367
cifar100,near,12.269318959663828,1.0888204567910402,0.2775562686104649,2.8559560731645828,0.6337841897370391,0.14953358676941408,3.455106839124528,1.0384405644109456
cifar100,near,14.00161145145535,1.146178021723589,0.34805365147368506,3.0492939250566686,0.7358664951326119,0.07003686019622601,3.6949009776339015,0.5718318413365786
cifar100,near,10.79006553215252,1.033024082365959,0.23926181230637608,2.9445245011046195,0.6149706205006757,0.0540141231380421,4.067029615218484,0.4150827439095531
cifar100,near,11.242128237524048,1.050848534965611,0.389275896868413,3.422028267569129,0.7858598407889694,0.27040259261224664,5.103807452935596,1.4572589003908707
cifar100,near,10.39843773259361,1.0169680955829277,0.29496477606846583,2.679034271875043,0.6775879447956517,0.061790925195296,2.777235944786133,0.47803525893077126
cifar100,near,13.26076817906986,1.122568682945245,0.24143297373922076,2.5234611828112197,0.5848247068680593,0.051633329341271184,3.1718734688631995,0.40494064733636953
cifar100,near,12.50163912383159,1.0969669583040809,0.3304876986925248,2.1798287359911024,0.7127873510702339,0.03224552455484486,2.8843093937776034,0.23708479170613517
cifar100,near,9.41290299473754,0.9737235831081927,0.39546010238656243,2.8556958023063763,0.7246106199018985,0.2519133506253709,4.852436239895899,1.1762499153648542
cifar100,near,10.05443227583286,1.0023575532023201,0.2978275760770778,1.5674350770478056,0.6430056209108291,0.011327789738949406,1.568914645125065,0.16103167494011136
cifar100,near,11.185760581363086,1.0486655195451229,0.3509349555127118,3.320782464893474,0.7870522649270975,0.2656195130668213,5.472378192151434,1.5234194176516485
cifar100,near,9.775312514489476,0.9901306506288282,0.34310310056988624,1.975274597333845,0.6911692159841055,0.07594512115276897,2.6456908274136417,0.5728025908990015
cifar100,near,11.599256323448996,1.0644301457319614,0.37134194106555035,2.1163892084923344,0.7193205667603136,0.119578834705788,2.4401909242782764,0.9606583696860161
cifar100,near,10.078518130757626,1.0033966814635886,0.32487446955684696,2.369073649173301,0.6715323503163281,0.1718548632386303,3.5026689517191145,0.9766160478512124
cifar100,near,10.191522822264124,1.0082390813889712,0.4214214139364757,0.821266639754644,0.7633360648754492,3.7103526532001295e-05,0.35687546880033566,0.007632684177352474
cifar100,near,10.998236866581328,1.0413230687897368,0.31902434183264156,1.7418404457520429,0.6840690069127976,0.0026491604054372994,1.7762709654445308,0.03414481261818751
cifar100,near,9.430731971053303,0.9745454020784385,0.3406350030266175,3.2342127721814227,0.7318165511684345,0.0748798858803244,3.1722479019353598,0.4685450813061426
cifar100,near,7.855751180585583,0.8951877194102984,0.2896925799412506,1.8481914934920114,0.6253915348237871,0.22286250558179121,3.3734309764338257,1.2838459582711954
cifar100,near,10.49706855166717,1.0210680334365267,0.5535642203294822,1.1306801412430687,0.8340380139794503,0.010526224750360025,0.6861238283812012,0.1708591152593114
cifar100,near,9.413740689582903,0.9737622311280058,0.29953282040771473,3.0977391594358368,0.652920996683613,0.24796996316308229,4.059926053567958,1.3041321873481317
cifar100,near,10.196662464272983,1.008458043320021,0.43039719692218126,2.977206505326296,0.775051956794431,0.26894976724872377,5.256868623577624,1.6639308059282143
cifar100,near,12.941620630944303,1.1119886648519737,0.22707305596629818,2.375968264317439,0.5583632296652038,0.23678083940517558,4.059164573467083,1.361614537560637
cifar100,near,10.260272641899046,1.0111589012956193,0.35088009081902427,2.828842010067138,0.7474948144641482,0.21119846369771067,4.591199560946018,1.7245469389651442
cifar100,near,13.388114152383228,1.1267194067013557,0.1905417794191674,3.1511788986991007,0.5368467440757709,0.20539366467047793,4.47948109520878,1.3553677693390849
cifar100,near,13.695320468599167,1.1365721991712248,0.31939210312354716,2.8188863005841593,0.7432298646649198,0.06100592912846908,4.007136250179736,0.5398139562808533
cifar100,near,8.855598787839831,0.9472179321999326,0.3191608603800944,1.873051106024184,0.6703947984856158,0.2554479047593665,4.572232146863349,1.1012983025664618
cifar100,near,11.633763970895698,1.0657202484993875,0.36397176519599966,3.0765165471438713,0.7524181859372128,0.25565055671147463,3.9563037210365652,1.288968314165648
cifar100,near,10.386530240595393,1.016470489944078,0.2790549747090249,2.574712576805504,0.6399735682925175,0.16301292023593184,3.5270363837174843,1.6669719603210709
cifar100,near,10.614022142760145,1.025879989351668,0.32901492556048406,3.531209431002611,0.6618134483532456,0.030629761751128526,1.9169117323773783,0.3898903645388624
cifar100,near,11.883352014096051,1.074938962221104,0.3367055609593844,3.5761404882298926,0.7523742858040959,0.2627559868770757,5.2823473926129,1.5650655853318978
cifar100,near,9.999572811627198,0.9999814470918441,0.31380792888643366,1.8328701482457956,0.6863517614120984,0.0145352276846661,1.9742054885509404,0.12928170548841922
cifar100,near,9.222275417640663,0.96483808806445,0.3414689152567293,2.695331381462641,0.7182589707763515,0.15313011392138387,3.1075796973186227,0.8187110688450213
cifar100,near,10.17684254890439,1.0076130554217306,0.3282152465542186,1.4121608138556079,0.7042375186467567,0.017950842171022274,1.8560313491017506,0.21271390884565722
cifar100,near,10.352905440633693,1.0150622473962316,0.3855994680409657,3.0176126776917602,0.7319057963688573,0.13199646936867304,4.39784529386278,0.8650741055603874
cifar100,near,10.498242875028238,1.021116615917234,0.34571171764206987,1.9770370556563972,0.6840155322388549,0.09342136848515337,2.8452935818996425,0.6529000126036212
cifar100,near,11.950164280181948,1.0773738756540638,0.39837307622356827,2.985500157455631,0.743923403464997,0.1670447363104579,4.46569451191145,1.1029968569739401
cifar100,near,11.767893391596319,1.0706987253876532,0.33206469857619536,1.7155183299992276,0.6882825530307092,0.07070124610747541,1.4166633590461544,0.5380079848004181
cifar100,near,15.605450847583239,1.1932763201480006,0.26390764011167056,1.8809568489103683,0.6325753975930873,0.003471478683617593,1.7193306699201756,0.07382326168448056
cifar100,near,10.99989083833497,1.041388375330071,0.3496079486636071,1.8491289188514164,0.7048879393778178,0.016513107990429834,2.7783889399627193,0.11081288774044314
cifar100,near,13.356616270053243,1.125696449087274,0.14393797924930363,2.3609784897604764,0.5086213931891849,0.13379228637641072,2.7363131912071186,1.3339351637310846
cifar100,near,11.696196604750467,1.0680446598937872,0.3535403862522455,2.3714017892293215,0.7397062824391467,0.12335771413894481,3.990344909238672,0.6791113828617679
cifar100,near,12.466609277904547,1.0957483482899797,0.3580018672832751,2.6205609376709873,0.6946091298603979,0.0034930298785380356,2.5205863765171608,0.04731220541034461
cifar100,near,8.999702558471586,0.9542281562265682,0.2429504811046664,2.4279942464762017,0.6176708962835358,0.1310476971935879,4.284527530297875,0.47629285011494404
cifar100,near,11.531844248763273,1.061898768131263,0.16798879349682885,2.3334363851140014,0.4977347763395371,0.1652373033951966,3.7432562197241985,1.4136298370505267
cifar100,near,14.975604726133557,1.1753843685808474,0.4947991991046804,2.1215172984938526,0.8292024579492732,0.015647752867473746,2.4339737413827893,0.1517627207175691
cifar100,near,11.333950031746953,1.0543812936636818,0.4441401676381037,2.3867986409835162,0.7733300688172635,0.26210155423809733,4.576290607721329,1.700930605368322
cifar100,near,11.966341807236866,1.0779614039306484,0.3486718781552356,3.2397527880161983,0.7060798997519335,0.25817270272737103,4.871205534270466,1.5088668037556858
cifar100,near,10.547596960741414,1.0231535264460208,0.41146509200498926,2.7799632338419933,0.7619340574822332,0.24488612018054368,4.732346434753814,1.4215629919013346
cifar100,near,9.829691074420571,0.9925398691700416,0.31625560452459706,1.7824087557682526,0.6929173395864013,0.17571944497847336,2.7360923922238687,1.2100261455279042
cifar100,near,10.996088702345439,1.0412382345561226,0.31398815128975854,2.7246254500856146,0.6974970924969235,0.08480199072514288,3.9496478515505573,0.3926358849231428
cifar100,near,10.12496784201064,1.0053936525656977,0.4406411335143431,2.174752429495265,0.7857501680639882,0.12916318673988958,2.6120750955534655,0.6461968056196992
cifar100,near,12.818070557381038,1.107822657873044,0.38723972444886434,3.4120774684289463,0.832822084883154,0.27366548344280917,5.477331077583925,1.6981619396255292
cifar100,near,11.077441802671366,1.0444394771048426,0.3494628353213038,0.9490585085214591,0.7165112280953406,0.019858620528214715,0.862979561486034,0.23594155620550658
cifar100,near,10.772334860637402,1.0323098451387445,0.36072632787663883,1.8991528274836726,0.6693540365198979,0.08688335047469048,2.8313256824045396,0.5335696676463708
cifar100,near,11.834132763794335,1.0731364372321994,0.30124585537665377,1.4514260304672508,0.6856395501506112,0.017847308033693582,2.3934994261363802,0.11459925672756899
cifar100,near,8.788566641794072,0.9439180502859311,0.35737564617555206,2.286688941402787,0.6765062221833985,0.18637794528529528,2.610849187260985,0.8124431255833269
cifar100,near,9.595576327721421,0.9820710644145528,0.3355533874984581,2.9025013181520647,0.6804812379893678,0.21797939520040188,4.4427707703610615,1.1878797652735935
cifar100,near,10.172352756062928,1.0074214122379916,0.22344888498494905,1.9659785970561787,0.5581697752580511,0.14612516754874383,1.7902063630764382,0.7701889335993517
cifar100,near,9.977845735856814,0.9990367852165384,0.39211131635032387,1.3865771501372486,0.7713494397059977,0.012288657519941931,1.3347832639760515,0.20782446134601099
cifar100,near,10.833643957584425,1.0347745586498414,0.23407403850837982,2.533737010276803,0.6099055665290535,0.2506808794309927,4.040578004907453,1.5066235999610165
cifar100,near,14.324618538872157,1.1560830656666956,0.3522034684573167,3.290034369591208,0.6928256016734711,0.3141764102943002,6.268537721913699,1.291165664676809
cifar100,near,12.127675649379075,1.0837775734187316,0.3309748725056993,1.1231096615940308,0.7416651536162194,0.04862761222005624,1.0724126872568422,0.31296305707246513
cifar100,near,10.322512142269836,1.0137854024454542,0.3389234504885833,2.313789087513385,0.6839902014827547,0.22259829974272005,4.315506633519896,1.3820419521302463
cifar100,near,12.296401391622824,1.0897780314399583,0.2898299340244269,2.3892730856080275,0.6435364723632295,0.2238216945026592,3.387962163864311,1.3621047275748663
cifar100,near,13.006448979609951,1.1141587417090808,0.3015988833425073,1.1019409278973178,0.6328905635495332,0.00016826883950618252,0.734436181969822,0.012779043693525564
cifar100,near,10.027497541835924,1.0011925642330481,0.3895315198766788,2.6773892050626724,0.780507303005895,0.20973460096427632,3.4609755185742697,0.9119711643019731
cifar100,near,12.038760538514065,1.0805817760780585,0.3792324194067278,2.358269087793473,0.7440249029919921,0.034185155034859804,2.030412373119371,0.3875575590418106
cifar100,near,9.834386120669679,0.9927472557355618,0.26262961130029083,1.81534774549051,0.6006717533202233,0.049553654125909286,1.6138394852202083,0.34272284354558435
cifar100,near,12.99517576114068,1.1137821577894451,0.5449349446347092,2.379518380763936,0.852769209408844,0.001928765491113718,1.4731070809340479,0.04326419814572645
cifar100,near,13.454667973470954,1.1288729849957748,0.31413807835974256,2.9522957433047954,0.6890858513415987,0.026436908530620112,2.729147556389008,0.2520924654247956
cifar100,near,13.305619959368219,1.1240351148208332,0.2868826631537037,2.112424262673295,0.678658888618408,0.03518193640075573,2.556997881807872,0.34360475165910165
cifar100,near,9.645257770621075,0.9843138387499067,0.38883956348749,2.5024219983960228,0.742353630491341,0.16033170326484103,3.478347708167495,1.1562687450908469
cifar100,near,9.614069281449773,0.9829072474865341,0.39962578111022484,3.247494620807358,0.7140625754940595,0.2224386153293687,4.80843895647054,1.6396728110237504
cifar100,near,10.563010203897601,1.0237876993608563,0.3240540769356655,3.4366390551506836,0.7079829609594137,0.010458184504383392,2.8331811400279374,0.09095843892828798
cifar100,near,11.190963525654155,1.0488674802990718,0.28605468360636527,3.204832802787165,0.6609569065798829,0.24513512980023178,5.054431642938302,1.1768501925461967
cifar100,near,12.657022747206035,1.1023315606507633,0.2971896862834238,3.40658881706664,0.7218263613502115,0.20424012709404926,4.421889509976181,1.3889847768232557
cifar100,near,15.632006448903617,1.1940147255684652,0.40702387742159973,3.407912234167424,0.8078226188808607,0.21780506397441401,5.101748396702641,1.375975050115081
cifar100,near,12.469789710377487,1.0958591296647155,0.271984344986238,3.762138997080254,0.6379295267329331,0.20575832545983364,3.7370490654252033,1.3438236068632743
cifar100,near,10.041302419884978,1.0017900472232133,0.3062787441140131,2.477574221720114,0.6779063528632829,0.17605560580221513,4.380484471395329,1.284979543910072
cifar100,near,11.095513002594876,1.045147386737463,0.3279541343282769,3.3732077109834906,0.6991260417638837,0.2783557608103935,4.665311866870839,1.3858544572400038
cifar100,near,9.49443867474579,0.9774692937457773,0.331501250769869,2.599081626429147,0.6840293026799293,0.17631707591052215,3.2155732512167043,1.1073261559294907
cifar100,near,8.703429246000425,0.9396904031484946,0.2563266506138258,1.3038267542911466,0.5711238744227601,0.0021788103569181233,1.180292243905948,0.0460184378675183
cifar100,near,10.95200428099171,1.0394936049255143,0.3841929005478637,2.1314208782094433,0.7352193649870526,0.16520519445842907,2.6089160313069546,1.0723001511539434
cifar100,near,10.122987304656045,1.0053086922385208,0.3777947410614222,1.4395085493433302,0.7341774765841,0.025871383387116836,1.160290285243473,0.2734635502695663
cifar100,near,9.774064425980404,0.9900751974085288,0.2822064406277586,1.7586828877856684,0.6128038603738555,0.16509059013337257,2.471510427996024,1.3977574954085223
cifar100,near,10.832257622164523,1.034718980272779,0.3307383000141977,2.0741864625161694,0.6868740450181795,0.19641977783070907,2.712862534901267,0.8518791917606288
cifar100,near,11.978677876829707,1.0784088863296415,0.2734486052566194,2.3950586801308633,0.6771812516360826,0.1705799074416502,3.565846082677758,1.126768544703473
cifar100,near,11.013662006640576,1.04193174451961,0.2355923877267277,2.317592490080534,0.6085799698434273,0.08057812280054921,3.0155169151957057,0.6753204359255918
cifar100,near,9.97573645777053,0.9989449673336035,0.31225223806448976,1.7673716078105457,0.6700135829542128,0.13795936672882247,1.8847371881437844,0.7720819768155616
cifar100,near,12.16557822990739,1.0851327558089099,0.4361647209083107,1.9789584548438852,0.7551459952287896,0.1527063038352019,2.957409048856408,1.115335638891043
cifar100,near,10.827606107375638,1.0345324484218499,0.2643144666710119,1.3214216234818337,0.6032030266287812,0.08738322751899963,2.620093649266052,0.5075010276553205
cifar100,near,10.713876678352547,1.0299466431769446,0.35009582539478407,3.178035692825237,0.7100875866671567,0.21965696653516864,5.704977305497882,1.2178469231531903
cifar100,near,10.530021719591389,1.022429267018654,0.4255834333894178,3.29595776189815,0.7886952018460174,0.09979457245086204,4.574259424712077,0.49435263502485344
cifar100,near,13.109760293857226,1.1175947509141486,0.3747836743437082,1.8776176900255013,0.7235445140587355,0.05653888711255459,2.2383294261371716,0.30510714261653554
cifar100,near,9.476233780257333,0.9766357663455393,0.36409012887618575,1.9948448978717719,0.6991614888400615,0.1751516412002232,3.6029086859596395,0.9210404994016508
cifar100,near,8.986147266219165,0.9535735316414459,0.3552272304616043,2.0886375765429728,0.6746586798419415,0.14433843962675352,2.297581211698891,0.8288971426797082
cifar100,near,10.905633549117073,1.037650900481204,0.3611796705223213,2.0027276939505874,0.7218822013164001,0.09729350347015053,2.67385557917567,0.6009918354612384
cifar100,near,8.796430219771947,0.9443064619277345,0.2641209925762913,2.0225347910803064,0.6159906299761404,0.002133793900231176,2.0368374157758367,0.03497417381293702
cifar100,near,9.532112197279655,0.9791891455928994,0.2874460275639129,2.0737468159370254,0.6366696882914548,0.16593383707866938,3.0053201021848097,0.9793411037403167
cifar100,near,11.603239705597636,1.0645792642493095,0.2833029187690883,2.5295418815486266,0.6520948735248103,0.1758053176970905,2.878412594981579,0.6981817140351178
cifar100,near,9.940922353143542,0.9974266816539549,0.2971428112533647,2.5727268953220426,0.6699783240798374,0.18652695451437196,4.053458991882824,0.8883495462942668
cifar100,near,9.906222982688755,0.9959080994889224,0.31524937976160083,2.51869703487682,0.6430441234872718,0.03218700995803647,2.8214781797508586,0.30315928465408426
cifar100,near,10.877754561487208,1.0365392554940465,0.2595120239353449,2.614523472308835,0.6185999076395673,0.12579066467329247,2.8046403600781753,0.8106453502465734
cifar100,near,10.304337526408558,1.01302007593676,0.3641316942628382,2.14187324104565,0.7314318657192657,0.16802025357514472,3.7817181311208126,1.0349140708106488
cifar100,near,10.691917117535686,1.0290555835392212,0.3259190143475528,2.0846686450909644,0.6846281462041579,0.06726664016200701,1.9713507274754718,0.642075279459087
cifar100,near,10.920821737764,1.0382553181474563,0.24755792671474836,1.9109200297157107,0.6273856028735493,0.13506059910324475,3.233962030993877,1.1724118081681938
cifar100,near,10.559153340774088,1.0236290968212147,0.3495605260108911,2.5251749371584293,0.7399832538991857,0.18650223232573404,3.479068360335708,1.1360356056496346
cifar100,near,10.886981632794283,1.0369074902713236,0.3111526813150997,2.07326354566171,0.6968570219896913,0.014835569907354879,1.7769369426892692,0.09773609771234784
cifar100,near,13.915088965884323,1.1434859873645222,0.3512453818193543,3.2385948360024694,0.7233710005935237,0.2287028348770388,4.253993092793521,1.3927230736658602
cifar100,near,10.3723848238539,1.0158786211141113,0.2693292352976697,2.4875031883114365,0.638688425815169,0.08561313361161049,4.348395075691485,0.511736356307864
cifar100,near,10.91487816460615,1.0380188923767877,0.3691941534191364,2.7526854825483897,0.7021991589680991,0.16531491862338976,4.161990855834125,1.218142271542884
cifar100,near,9.722092611438718,0.987759753837836,0.3344637102200767,2.211958789734518,0.6616095483149089,0.1870771544212193,3.5984275335085862,1.535003107758127
cifar100,near,11.191562031629296,1.048890706260929,0.2632812422517398,2.652917313288883,0.654200602180567,0.20101488277316282,3.513079389263509,1.532212001847303
cifar100,near,11.124097371138092,1.046264781702117,0.268083282700155,2.743381443040824,0.6751504427277761,0.2098639792611452,4.411880187887444,0.8056032612376591
cifar100,near,11.460778999947264,1.0592141380776798,0.3534192725213807,2.072549264049747,0.6898145660182916,0.09521136909472494,4.628163446491464,0.8257770131765537
cifar100,near,13.910012717409694,1.1433275270828174,0.28079960964633455,2.2478455884702147,0.6805020411727999,0.20644611489943498,3.980865059562033,1.4696443910888697
cifar100,near,10.107441971795197,1.0046412567119019,0.2694020369434794,2.1763640010910286,0.6074539825084044,0.048901269682809445,2.5719957405580076,0.4029718439620877
cifar100,near,10.15380159883043,1.0066286732560346,0.41550527007383464,1.6232384891917158,0.793500170217697,0.0010997507064656915,1.30126282037906,0.023327200275361483
cifar100,near,10.619110742345132,1.026088149944307,0.40592684871971363,1.3740045410651982,0.7399085783439244,0.0768981542645853,2.046853061117857,0.45590650025583734
cifar100,near,10.309687983158671,1.0132455218491183,0.300156412686184,2.1708794967788565,0.6596483383410038,0.06839857012181405,3.3687558945482676,0.35408744613400167
cifar100,near,10.321457851200886,1.0137410434588772,0.42313672672860747,2.1689462720389683,0.7214977664077069,0.16007382037540974,3.106203329442791,1.036483570281076
cifar100,near,12.610075245702818,1.1007176780980867,0.383965015095011,1.8479512483212988,0.7527182145082684,0.09757535373242654,1.9429811224343718,0.9108235234189939
cifar100,near,10.23394542086215,1.0100430965282907,0.2999218792000885,1.9105816618261335,0.6433216951391532,0.18545099700058126,2.8735635076715846,0.5603992029023669
cifar100,near,9.967436731381106,0.9985834876888366,0.17862420966190237,2.1099403870532556,0.5189398567630203,0.00521504227397844,1.6221413617711167,0.12463827550019377
cifar100,near,15.128538680544896,1.1797969800263897,0.2847314791639567,3.251654488013993,0.7124278452733819,0.1212860931519898,3.1492742475142714,0.7604267224071231
cifar100,near,12.51513608527295,1.0974355763730137,0.34668920518214064,2.3408098951495506,0.6957960639328608,0.12201731395285864,2.4080419657238243,1.1238852778641237
cifar100,near,9.332709239869303,0.9700077356608907,0.3026929869959587,2.937063643702602,0.6706113903765877,0.13539945920410656,3.554338439883589,0.9985796998450633
cifar100,near,11.923831831001904,1.0764158423229695,0.3147362991377486,2.8525380529052917,0.6768049116899157,0.13731612208838073,2.85320167380643,0.7586405190273331
cifar100,near,10.300913163240066,1.012875726123787,0.3368031253537462,2.0029358458969706,0.6787665365623746,0.03277299949934351,1.9240815530516977,0.23419260951761134
cifar100,near,9.534067420754845,0.9792782187880608,0.3816715679472109,1.074006916082427,0.7474059639501623,0.00045411252122545126,1.156125160454131,0.01881627628007558
cifar100,near,10.651948368925476,1.027429052743358,0.3429274412428293,2.1684709321037503,0.6848492045535435,0.19323600776728544,3.4209171206441065,0.7016409105724658
cifar100,near,9.821335251363577,0.99217053598575,0.33118138105016715,2.8779498139403903,0.7016276165521124,0.09808917804235762,3.5406912430625757,0.6133965992422755
cifar100,near,10.804798252455104,1.0336166621744494,0.25974753556603647,1.6863435386171621,0.6165558893127456,0.03558017140587291,2.267045701809193,0.23770639954364325
cifar100,near,10.995927589524397,1.0412318713006385,0.3375007215682433,2.2167330446781803,0.6641535226996793,0.19051961705272746,2.643178641834549,1.29573315836915
cifar100,near,9.519502060117594,0.9786142322327274,0.3779117191105251,2.5114738504536724,0.6892819430402867,0.1344697728281341,3.4534079262505752,0.9261304963933973
cifar100,near,10.903488278748625,1.0375654610863048,0.26498937163598324,3.1548096663018868,0.6152533517104457,0.17528122961762183,3.7108842520085785,1.383485239944561
cifar100,near,10.526181731029475,1.022270863737146,0.27085859414359337,2.693693289942999,0.64411536882764,0.10556649467346929,3.2034597249866223,0.45271109099646223
cifar100,near,12.431287285997314,1.094516103114093,0.32075259556697056,2.814068411979976,0.6671533172648708,0.1755962263815809,4.318415712643324,0.9831786424851269
cifar100,near,10.477032015261651,1.0202382710525963,0.38264071640150693,2.2378880664121477,0.7222790179354115,0.19168467443307768,3.6919828427681463,0.8338967694161358
cifar100,near,8.95926462947469,0.9522723645691187,0.33441944566888915,2.1457028696246754,0.6691953681065836,0.024377933593786205,2.050373650679662,0.21288843474505256
cifar100,near,15.559324277739497,1.1919907322174885,0.48253303230776357,2.7549589955646354,0.8128380432159296,0.11594065250292962,2.2946040568131605,1.1551219774521717
cifar100,near,9.934644422286512,0.99715232763425,0.29454959138242787,2.6375822259581967,0.632349441065672,0.1565320889000874,2.5015350296457632,1.2965335032742877
cifar100,near,8.919439375348276,0.9503375580297175,0.3639576116981407,2.0655709141208782,0.7270781963867617,0.0398791469398756,2.536347965820409,0.3925638770760318
cifar100,near,10.367368092189732,1.0156685184258063,0.2998438309724515,2.8777553871651773,0.6612376953589107,0.09460481683787164,3.8017966606086344,0.5537910174612715
cifar100,near,10.763243548032419,1.0319431675360484,0.25922738712005716,2.2765875906273987,0.6165746124760858,0.0938117152848097,3.206516749588837,0.46932265252308925
cifar100,near,14.124426207767655,1.1499708140541278,0.33131098667544523,3.5203290541573677,0.6911076206916219,0.004698498259028107,2.3853668823476317,0.06237547219872803
cifar100,near,10.7999997769961,1.0334237465596283,0.2766005201333965,1.5644701150246565,0.6408543896197828,0.00022760085137470045,1.7678276845421914,0.005927277388153417
cifar100,near,12.199434091065228,1.0863396850687106,0.38890862485516176,3.05323804435267,0.7214253371547701,0.09422490981818832,3.246704269852729,0.7418619728650556
cifar100,near,11.521151444728355,1.0614958854705616,0.38774640122453885,2.1443296095916384,0.7254357579307399,0.24881085844459605,4.218226072702682,1.2494749269566412
cifar100,near,10.312885256446002,1.0133801857575144,0.37771446593228597,2.0234356897840895,0.708101750000002,0.001570199098337166,1.898511653051149,0.037683402866915204
cifar100,near,11.178671268584553,1.0483901850726258,0.42538587353883794,3.1652961640690838,0.851487821339312,0.10635190432699748,3.674210018054898,0.7408824129359863
cifar100,near,9.466373203838353,0.9761836222117255,0.33800254224139287,1.9846208148411648,0.675107641450061,0.08705234854518928,2.9106845198125995,0.6708871241221851
cifar100,near,9.541732720837143,0.9796272471571981,0.36897051080860255,0.8474850937621154,0.693194928773421,0.0005561604376275904,0.6829908988282972,0.016386407375082287
cifar100,near,9.578033859171992,0.9812763680229242,0.45329980512868134,1.5643692134070344,0.8062243184551459,0.042096482860573436,1.4116892795042346,0.4515722939090823
cifar100,near,8.959748888491456,0.9522958380732387,0.22301068183321182,1.5154907609408563,0.5809756233671147,0.13187784406385417,2.596885020864613,0.6233125219151557
cifar100,near,13.36618089565516,1.1260073345287713,0.48609048594048226,1.772566856399501,0.7840235182421196,0.13024381952436204,2.2186165541015277,0.9828170884829976
cifar100,near,11.977314981736935,1.0783594709017534,0.32548114748355167,2.523687912964921,0.6734297612540574,0.2077005223063595,4.371144456281683,1.3543188547040603
cifar100,near,11.269088051185067,1.051888772307983,0.37645568907816096,1.3880281381610904,0.7190851236463572,0.06819732263500544,2.6390378753838233,0.5032933076953681
cifar100,near,9.725967064182258,0.9879327945932705,0.292534756612057,1.9307589016259306,0.6858414485681603,0.0565859818218708,3.2423722034493867,0.23282360611804534
cifar100,near,14.053704342415402,1.1477908127721508,0.35454018081913874,1.6358510991401911,0.6956372208691364,0.0004516040271172299,1.444797877578328,0.01574644879183686
cifar100,near,9.635447131904039,0.9838718728936202,0.27987945199143704,3.215087034832903,0.658164356328382,0.2493027486931627,4.6723604884880725,1.7976673078096526
cifar100,near,9.462871531510336,0.9760229441701089,0.29216204352393915,2.366830235209684,0.6499028434786768,0.17935390336886958,3.8894011687508705,1.2618844345532645
cifar100,near,9.463531088101602,0.9760532131857198,0.4358203895486993,1.7278425478900106,0.7698584151336468,0.08677548215584796,2.714602204916617,0.6284574878142152
cifar100,near,13.067977490994773,1.1162083777845073,0.4105090735410669,3.6855725663694328,0.870225456659379,0.1932964987898509,4.975110978293911,1.2610525745466006
cifar100,near,10.689878806350752,1.0289727815794825,0.36687403208347535,2.8259340291536206,0.7218989521077066,0.21062451406307192,3.002444232973587,0.9936759319695142
cifar100,near,10.245288626601218,1.010524197740519,0.3479056800069228,2.978798306677691,0.6922858522049821,0.03663049271160185,3.9852199821675103,0.3961426082172877
tiny_imagenet,near,10.171509333605144,1.0073854019939301,0.3968156589197177,2.2359981757627048,0.7472018851057228,0.19161266240910746,4.402055602609506,1.3909644620403872
tiny_imagenet,near,9.579694598934301,0.9813516640182669,0.22920631046564557,2.4933219338227515,0.5907685187499825,0.08801563861796324,2.8701028470223715,0.6848700486281727
tiny_imagenet,near,10.193536248929206,1.0083248716817603,0.24444994932643407,2.4174424207766183,0.6557735776421016,0.06840695919233405,2.6476435212875518,0.3024363087929928
tiny_imagenet,near,11.26825865877493,1.0518568075384098,0.3428247850693573,1.912471052760809,0.7149740815039983,0.0022040630103337955,1.2662649746098322,0.04239068733986684
tiny_imagenet,near,9.03063994702969,0.9557185272847444,0.3156741829710339,1.83970566416422,0.6672689067440895,0.04376491153095419,2.187045411967076,0.22825833818725472
tiny_imagenet,near,10.3905095264679,1.016636844914438,0.30702294990535123,2.9519084273686307,0.6848795834200662,0.1728975950712034,4.5418403171921495,0.9409556062189597
tiny_imagenet,near,11.149428958111358,1.047252624670486,0.4053036915468299,1.6369190584974267,0.7461659830475176,0.0077721926964150895,2.896421257279972,0.08392757124298704
tiny_imagenet,near,11.658243759468746,1.0666331316764892,0.3579200533750187,1.8650280179939032,0.773906205980285,0.05404146487589062,3.810330186793459,0.4217293477691643
tiny_imagenet,near,10.194983985272673,1.0083865479485017,0.26556142849146724,3.7487982317072093,0.629491253548439,0.1528457507868679,3.009894939743758,0.85188132379041
tiny_imagenet,near,11.101419020628269,1.0453784953518912,0.2501990860882528,2.1316714611675502,0.6159322957436795,0.044903940418884514,2.8530509198576026,0.3105964058056401
tiny_imagenet,near,12.2023095566105,1.0864420383138658,0.3465940859043141,1.601524502403566,0.7305395359507196,0.02130416756016877,1.8044232812257357,0.1324445500516628
tiny_imagenet,near,18.352793954941443,1.263702188875945,0.26974825761998633,2.4933388979182447,0.7033612095207565,0.08796562688299397,4.213730151034941,0.45508811878466454
tiny_imagenet,near,10.963778728875562,1.0399602620586545,0.4268704599125165,1.1221604449686646,0.7420385837547281,0.0001323946347377685,0.7829918931463279,0.007820516445692054
tiny_imagenet,near,9.269328500066397,0.9670482736434786,0.315237766015732,2.932726079459635,0.6751782469452876,0.22681276172164422,4.513117527152815,1.462023882811833
tiny_imagenet,near,11.101105119186325,1.0453662151567893,0.24929918857135194,3.622131533658852,0.6406957136272725,0.21979792565544676,4.151804836595708,1.3501410772231208
tiny_imagenet,near,10.636470076687553,1.026797522683078,0.46527378788136337,3.016386908382941,0.8094193753099753,0.08628897742970032,3.6023811547648497,0.6151154516959201
tiny_imagenet,near,11.780545533100671,1.0711654022476718,0.26488930673052097,2.6316203942832854,0.6095452458746531,0.16005248780806336,3.1238338067353983,0.902491409251057
tiny_imagenet,near,11.014715527979435,1.0419732853460844,0.41632080776330305,2.59118272009933,0.7624539660828329,0.168997485737986,3.385182500343746,1.057774719496592
tiny_imagenet,near,10.465111717632496,1.0197438689409872,0.4859179978750031,1.4167026817876458,0.7967011175718931,0.03279835065608283,1.8281611219110556,0.2883922330015102
tiny_imagenet,near,9.420934050194276,0.9740939636388757,0.27428161161544856,1.7232598484566402,0.6025331220953881,0.10539258825264886,2.0054933783175772,0.9495817871995013
tiny_imagenet,near,13.224945919380197,1.1213939047882453,0.34048390260351047,3.246180488912653,0.7713101412608927,0.2241380004562361,3.7567152662155667,0.7308014940814449
tiny_imagenet,near,9.548249737969575,0.9799237696600182,0.25349226671845293,2.1764820093876853,0.6190203302134687,0.0386089750469204,1.6158674727877878,0.3245448427435846
tiny_imagenet,near,9.659344534324687,0.9849476570211089,0.34085247336798197,2.789952666613253,0.7147178397329985,0.1926801259855322,4.231057815521212,1.261469204739353
tiny_imagenet,near,14.855904798263175,1.1718991076617757,0.5615299439795594,2.283332245866215,0.9673364139347228,0.006651942347150289,2.455168315180272,0.10115714024073467
tiny_imagenet,near,13.208080480309846,1.1208397065662359,0.28631703155413685,2.462829761748478,0.6886141330869122,0.17343121284353202,3.3097137602901823,1.2829057112222335
tiny_imagenet,near,15.243399897153653,1.1830818431406411,0.25849543991294366,3.0303517829147326,0.6621697236619272,0.14508187777363613,3.5846707507040074,0.7438784328310686
tiny_imagenet,near,11.97336515436323,1.0782162275167197,0.19563070437192875,2.111222410775709,0.5737304085351308,0.00594826407730565,2.6585612883157985,0.05946061967123535
tiny_imagenet,near,11.363987928337627,1.0555307637498734,0.3483651713161308,2.053387613116773,0.7496067490051045,0.001730957590890661,1.9547976660713031,0.031242772220300523
tiny_imagenet,near,10.572413294625186,1.0241741321839468,0.4525872978913471,4.02121452055946,0.8099653282619341,0.1067917310517621,5.278581146112233,0.7476211346761956
tiny_imagenet,near,12.065486726961012,1.0815448462617083,0.34798496471425877,2.1172801957945437,0.711824868180591,0.02611921261227179,3.7641546082314106,0.23392011699872314
tiny_imagenet,near,11.784791741011095,1.0713219121811273,0.2994219890390239,2.613924425735756,0.6605093767618855,0.19815279177952094,3.576085071643722,1.068037856480093
tiny_imagenet,near,13.192392204419704,1.1203235542584726,0.2814863978989648,3.602211010698875,0.6812788511820351,0.2966696564957514,6.10435748295083,1.4098559104271058
tiny_imagenet,near,8.544581918177288,0.9316908178307431,0.2430389554759849,2.1316552100021466,0.5866040492770238,0.038499171155382705,2.496077690301329,0.3039757142571949
tiny_imagenet,near,11.78649311601032,1.0713846069200448,0.32949853983828803,2.409506702080138,0.692464308015443,0.16385145150622693,4.139431277624704,0.871831130690245
tiny_imagenet,near,8.58488523770415,0.9337344939604589,0.24488196776942797,1.834338591214399,0.5798494062684113,0.1622392486538755,2.5789587934042997,1.354667487188012
tiny_imagenet,near,10.488733688360533,1.0207230587445828,0.22423635678840104,2.609274478604954,0.5882640594070453,0.18898749975744578,3.9355035495718007,0.9950568537375857
tiny_imagenet,near,12.958677490266464,1.1125606815073712,0.3216989239998314,2.541094705213622,0.6496173194634194,0.08963755010318653,4.087544022979269,0.6269286765839405
tiny_imagenet,near,9.95302191220932,0.9979549602409504,0.2981818965957269,1.7864840717453443,0.6289704960965891,0.08342564697823301,2.399774663268422,0.5307794510344719
tiny_imagenet,near,11.328595833560055,1.0541760829354199,0.3836928278743241,3.7134176954099694,0.7814561262052502,0.16398479602718374,3.481423011474587,0.8418655961735576
tiny_imagenet,near,9.040244694682073,0.9561801858455218,0.19957434918281153,1.7799429518260428,0.5684990681825741,0.0032114288919579334,1.7285222313544129,0.04400818899610643
tiny_imagenet,near,11.567401854344574,1.0632358233771992,0.3325705995291858,2.49627597058598,0.7325282582222149,0.002067060979250756,3.1554423352131393,0.025240137864103552
tiny_imagenet,near,10.243285492014827,1.0104392772091995,0.2813210639485433,2.6743493324265977,0.6426862113942013,0.005588945017552818,2.1516930142877,0.08712998349700675
tiny_imagenet,near,11.314882066411435,1.0536500317561153,0.4977206119823187,2.019744999046722,0.8086874176144028,0.231118812905452,4.656306405507124,1.6293638085188582
tiny_imagenet,near,9.101380815069374,0.9591072863108587,0.1647094835739439,2.5655744218474883,0.49958739757104675,0.11406969696155689,3.7088634367009954,0.8677344779099812
tiny_imagenet,near,10.029362805898407,1.0012733419697266,0.30143309764854903,2.0124717363249225,0.6581987151090469,0.17784279347064125,3.1280173250170598,1.5248439135346112
tiny_imagenet,near,8.626063093779772,0.9358126304404079,0.23811446919137752,1.030372522385832,0.5765870282785467,0.0009897411115292673,1.1345442714486038,0.018627468323088713
tiny_imagenet,near,11.192741985256774,1.0489364925716722,0.4128277617571066,2.684087252145443,0.7546827611652707,0.271550996623958,4.936157823928228,1.5928027430201421
tiny_imagenet,near,10.71614735140617,1.030038676744394,0.3540126345917166,2.192074928373497,0.6787583279109596,0.07631963238928463,1.9881112199539517,0.5787575727280944
tiny_imagenet,near,10.671196847515096,1.0282131312853853,0.23168647055043684,2.510205988999018,0.6287993086782944,0.0649407481062182,3.5919951295730876,0.5355757234887628
tiny_imagenet,near,10.421412242642186,1.017926575783252,0.3931064410668098,1.9491290120468818,0.729322446219045,0.00038835125458433657,1.8129042149982264,0.01104913402538734
tiny_imagenet,near,10.39377425229852,1.0167732799669789,0.3368965164728125,2.7401914633644706,0.6688224617444171,0.1926454355693803,3.118591988891018,1.702492580650911
tiny_imagenet,near,13.947251706676525,1.1444886387365882,0.3410444440399786,2.8697344477719753,0.6795031187777406,0.2411385648201969,4.933169211452534,1.6299160442242724
tiny_imagenet,near,10.384327787903983,1.0163783884957205,0.3062305036605793,2.5789146403221186,0.6462194722376893,0.2111923925103294,4.183006756770771,1.352010935999328
tiny_imagenet,near,14.55694337939203,1.1630701928074787,0.4092478485260299,2.823262862036608,0.8276476388532641,0.09849618337250776,3.564737587193425,0.9127264376753813
tiny_imagenet,near,9.886489923623124,0.9950421281041573,0.4233108904064623,2.3887237953374827,0.724980150323488,0.1884521041113525,3.403862321101562,1.510274102415653
tiny_imagenet,near,10.353740658874358,1.0150972825894273,0.3422526539154084,2.367581544354205,0.6924868521493408,0.1921462779698102,3.8760472367237573,1.4604676649281936
tiny_imagenet,near,11.528895922209792,1.0617877186202413,0.31238217622432074,1.1623473826157529,0.6466688729828537,0.00030501783446687004,0.7958171450588396,0.011170776525212818
tiny_imagenet,near,10.50024242463545,1.0211993260128294,0.2845252440493026,2.725007358553049,0.6674592637619705,0.0919621543775282,3.6789082990892616,0.512769259510137
tiny_imagenet,near,10.175795127770547,1.007568354658494,0.3443366830456851,3.7852282397176453,0.7090079450524666,0.23930895409703212,4.060614618741563,1.654806413980882
tiny_imagenet,near,12.283754296112694,1.089331120985348,0.26485407305116476,2.301757449560882,0.6343529754269279,0.001721151001341379,2.3742521228022246,0.02506417717370226
tiny_imagenet,near,11.259540722898016,1.0515206760264544,0.4330403164545046,1.7261267945242917,0.7430043975621056,0.08820228840087951,3.0951459966052233,0.8360146388329666
tiny_imagenet,near,11.745427508593776,1.0698688288342362,0.39159307055444403,2.475544529162461,0.7298936751344662,0.23975406080877182,4.960029479444974,1.3974599330602515
tiny_imagenet,near,11.848895545318278,1.0736778709795716,0.3146218079548274,2.992964944037637,0.7380413764603068,0.17602654348463642,2.99595184015909,1.4939880957122331
tiny_imagenet,near,10.140497459920931,1.0060592606416567,0.3396836696515755,2.4031584010226172,0.6980005800634123,0.17881931389473826,3.8252694209932305,1.5153894098459983
tiny_imagenet,near,10.58073853323731,1.0245159824581318,0.4076225976804858,2.4484973074212144,0.7758972073170711,0.10899173144639662,2.8488703955396755,0.6249591951243543
tiny_imagenet,near,8.999639212635309,0.9542250993651015,0.29228367210153716,1.3313844662781988,0.6417206724379214,0.0005662786475906373,1.4986156624313858,0.016205546796624625
tiny_imagenet,near,10.68084669161086,1.0286056814709703,0.2877673976304582,2.100725984337054,0.5916449333989791,0.07424960140379594,2.1184817857918663,0.5693580494673237
tiny_imagenet,near,9.898754113313382,0.9955805364835726,0.39559949063777733,2.9270045402534777,0.7633256298131179,0.1866632609592216,3.672749265073917,1.4158385959719793
tiny_imagenet,near,12.503993451561778,1.0970487376025384,0.3597028256530106,2.677533795376006,0.7223277890396985,0.21798901498352174,4.139118250220415,1.2397052642381463
tiny_imagenet,near,9.785712315464595,0.9905924440819568,0.2908303359604512,2.920197601784056,0.6629371445873184,0.26217328454807465,4.785678803564727,1.4741985136875242
tiny_imagenet,near,9.79519795694627,0.9910132173777152,0.3269984768711926,3.608432346087637,0.7412498549931159,0.1641925623089917,3.5602712654981197,0.9446677406191941
tiny_imagenet,near,10.32549207070729,1.0139107575618485,0.2221258787947886,1.6724033547737083,0.5683058580500532,0.09618746849967452,2.229865196143659,0.6329471479041747
tiny_imagenet,near,10.27684947849977,1.0118599956537935,0.21211328341897184,2.913355023973444,0.5728769281399563,0.21389067358324865,3.6700457221217526,1.4584206549532446
tiny_imagenet,near,12.14631172752662,1.0844444228627586,0.20358155140613132,2.3131549658600554,0.5427737720189125,0.15946229023076697,2.2029477582416126,0.7458069866602636
tiny_imagenet,near,9.56617443817749,0.9807382959674197,0.2679388303993204,2.4071463122052394,0.6051056686000109,0.16197271704458227,3.7436648391818985,0.8707452036957269
tiny_imagenet,near,18.06728666603306,1.2568929354045815,0.4665454433828946,3.8195916419309746,0.8697288915759389,0.16849666099490712,5.352763157632422,0.9573129077550899
tiny_imagenet,near,10.754231409642223,1.0315793774343565,0.3492219455287474,1.355887598586993,0.7035729096736996,0.017610217833387842,1.3895321253278996,0.2314018689615856
tiny_imagenet,near,9.542433678193959,0.9796591502443808,0.4248334354294938,1.1968138531144612,0.7437880855045519,0.0015533885635399952,1.7655280902423016,0.031088847853938065
tiny_imagenet,near,9.645035463905495,0.9843038288886063,0.40201968826579987,0.6326039169390626,0.7381071670050368,4.067210397355747e-05,0.28336419795367784,0.007359589104206336
tiny_imagenet,near,12.168786657237106,1.0852472771698993,0.34800371261228696,2.4726682481409656,0.7037152442212834,0.06259487874794095,2.9105553615546715,0.5028394599847414
tiny_imagenet,near,10.35558365008919,1.0151745811922106,0.24165956739241418,2.3483392916365236,0.599047422662237,0.130043785076302,2.816375957262024,0.8434874710645612
tiny_imagenet,near,9.723715436618694,0.9878322408253224,0.2807651325532418,2.020898626382095,0.6109972595959139,0.13221067775578954,3.420311257135263,1.041551984051407
tiny_imagenet,near,9.703962137805192,0.9869490934087989,0.30040482808935987,2.6293152336800523,0.6351368737813575,0.20118042175292694,4.012261340230582,0.9836293843091218
tiny_imagenet,near,11.67823846621055,1.0673773392091768,0.2899244672377326,2.550253370720841,0.6706398395280022,0.05685315346793374,4.1999990523946495,0.4624456596597202
tiny_imagenet,near,11.150230287577523,1.0472838370725794,0.24858387554197475,2.109320652205181,0.6137374167661641,0.006216920091068473,2.438884744354175,0.08364226496501198
tiny_imagenet,near,9.79342462575895,0.9909345852076366,0.2583233752396591,3.005887669383416,0.6195543901170735,0.2000759388837563,4.5858336418396775,1.4663941067113917
tiny_imagenet,near,12.702138282176232,1.1038768364217515,0.2572246938709096,2.4141949791006323,0.682667662054238,0.12145146333616608,2.9416080292205615,0.5967294848945011
tiny_imagenet,near,10.915883880079457,1.038058907166908,0.3229248519645491,1.4606197951349524,0.6552967695795335,0.0047185789512442095,1.6032626480272398,0.05749242559027398
tiny_imagenet,near,9.203582304328581,0.9639569004564891,0.31669522761976143,2.4622551183379393,0.7039556325353704,0.006021621303293062,2.1270675417892515,0.06453398755893286
tiny_imagenet,near,9.44603843263212,0.9752497082828568,0.17082102410018737,3.114288442540701,0.523313105969113,0.12950799563253612,2.8561443034861305,0.7760692378948378
tiny_imagenet,near,12.341135089795712,1.0913551062934852,0.4874015899376843,0.7500046861626309,0.8095268574559948,0.00013843593948581652,0.36445870986543544,0.012323390744657946
tiny_imagenet,near,11.857949136357337,1.074009583181114,0.4962073306451631,2.2120823466479673,0.826679330449391,0.062263879153333535,2.3305242280582736,0.5653585831454372
tiny_imagenet,near,11.1744785104813,1.0482272647014579,0.42828365459653106,1.6499560288715092,0.7341707493201722,0.019178788692774507,2.2086894839017512,0.29322151740275115
tiny_imagenet,near,9.98480574219447,0.9993396199849511,0.2535577011072173,2.3895126716514414,0.6054930774421681,0.17567626383428192,3.9773375865795644,1.6487661977328103
tiny_imagenet,near,9.870302269277978,0.99433045280172,0.3953538345582286,3.301126130280407,0.7575428407910265,0.14061180658143557,2.7334176771100602,1.0654503890099087
tiny_imagenet,near,10.778649636654489,1.0325643553173633,0.2893332743437772,1.6779518189229705,0.626275146297741,0.05267960730845089,2.0489269259741705,0.4288158580402394
tiny_imagenet,near,10.604746290380842,1.0255002828882875,0.3237184723432946,1.251895698629969,0.6496216454723422,0.0009952038234405658,1.032973795882982,0.05138715738440347
tiny_imagenet,near,10.421962908843051,1.0179495232464821,0.3393689613762283,1.8190233607885549,0.6747410048250114,0.0081426098553921,2.443730928874183,0.09418836670315744
tiny_imagenet,near,9.65198595787739,0.9846166814519881,0.36502779533397595,2.4902343008454415,0.7615930944801702,0.13973409886312305,3.270055647815244,0.9088687257532997
tiny_imagenet,near,10.745787966120739,1.0312382669401072,0.3672622989254073,3.192239242535136,0.7170295944537894,0.1588832537998952,2.795375738871772,1.1768814784676627
tiny_imagenet,near,10.3622467633504,1.0154539302710848,0.2943319496806258,1.9918629989514576,0.6631088070059724,0.11534825127405512,2.04268700422697,0.7660426758142606
tiny_imagenet,near,11.559345182462602,1.0629332327641294,0.2919795198100199,3.9344670291263943,0.6738373443340854,0.2585026237535444,5.598318266297505,1.8075836772696106
tiny_imagenet,near,11.14133785086841,1.0469373440511855,0.43898600431447343,0.735931808492504,0.7497107094995056,0.00040844006457929974,0.6669198336870819,0.021947952088785208
tiny_imagenet,near,9.8832392969813,0.9948993108495455,0.2274180086706626,2.4395565825706176,0.5840962568534451,0.22892100475211863,3.309416607206065,1.3326332260249196
tiny_imagenet,near,11.315269302291648,1.0536648946178993,0.26529616173951787,1.5049510974157465,0.6094102388918049,0.17412152032829875,2.9706535381884853,0.8611359602693808
tiny_imagenet,near,11.130349919973856,1.0465088180956421,0.38826482463775913,2.9943841072810105,0.7578077590658491,0.169118734778128,4.051366113024664,1.267532082141174
tiny_imagenet,near,12.223817710614686,1.0872068648384419,0.2783848174196031,2.6135193039402522,0.6951187264943027,0.0589861535485256,3.645457684963068,0.4519887181944354
tiny_imagenet,near,10.954216075190123,1.039581303305521,0.3252043576263698,1.45947689711947,0.6952157494576509,0.0036339297183968222,1.4684003265531977,0.04828874686232176
tiny_imagenet,near,9.470690881104138,0.976381661721446,0.3324573726768775,1.6863572368920856,0.6709534875642899,0.006727516026104996,1.415836729414561,0.07784210390454491
tiny_imagenet,near,11.217523966597854,1.0498970061288357,0.2995644201618355,2.4508340619339792,0.649275824129956,0.00027950451813415263,1.979068773006863,0.008082472749936752
tiny_imagenet,near,9.087460692140708,0.9584425453758689,0.19499793577917546,2.4955946843888346,0.5496845087296628,0.13068862687492033,2.558495661902312,1.0280260394261058
tiny_imagenet,near,11.93046381566432,1.0766573279203298,0.2774953006887717,1.7305656969941217,0.6558519249423812,0.003428238649856176,1.627215987456166,0.05017108699807071
tiny_imagenet,near,13.214160691877655,1.1210395838107061,0.3198610335209456,2.8050400457541538,0.7061726598710447,0.07854981126078231,4.159386054829046,0.39639280837905017
tiny_imagenet,near,10.135786215107975,1.0058574418375235,0.3112585627065314,2.4799861694896355,0.685933771439702,0.07871027440927691,2.737613078491598,0.49174783001045613
tiny_imagenet,near,9.801033196399851,0.991271860210624,0.3184196935470896,2.289664552999368,0.6625420066146774,0.1696523669956007,2.782899225085368,1.593650970333183
tiny_imagenet,near,11.468684716350111,1.059513613825345,0.38180051585936475,2.0702951011133264,0.7366821264690938,0.043808000928724666,3.235244911722267,0.41646100527542695
tiny_imagenet,near,11.674552586228055,1.0672402457588124,0.26255012066307315,3.0897761873779395,0.6604580825903956,0.26793000196816563,4.78106643663633,1.4775603783353508
tiny_imagenet,near,9.783587386188204,0.9904981284879627,0.44986993869960373,2.670226074499574,0.7791012688042984,0.1964058936676325,4.187032429255555,1.4358717825905323
tiny_imagenet,near,11.998888365972187,1.0791410128432495,0.3048142250164813,2.924032265487646,0.69193630555319,0.21301235941814767,4.1361417219903505,1.43067606193463
tiny_imagenet,near,15.035057921068896,1.1771051055450463,0.1785402269653044,2.1533646005360687,0.5336442478400654,0.05044254459092978,2.8999426204585643,0.367232070314626
tiny_imagenet,near,12.233376925916728,1.087546357141608,0.3262059001433379,2.969249394927438,0.7176201125410664,0.14334598157813017,3.7773767416197686,0.8389191495821116
tiny_imagenet,near,11.903226401610151,1.0756646940758963,0.32667485000385427,2.9442997262082526,0.760599441360048,0.217958070561867,4.34022553314588,0.8984246592901519
tiny_imagenet,near,12.083122541572811,1.082179179961477,0.2113075508388969,2.7792277897953643,0.595875304935881,0.20627271116776735,3.7628076459566633,1.278889287902029
tiny_imagenet,near,12.229296152511072,1.087401462314899,0.35897417672046794,1.6838795970393958,0.7486664259445481,0.0010763713451839851,1.0402696599934702,0.03346634385574599
tiny_imagenet,near,9.4586110592673,0.9758273675700566,0.32058326986780716,2.348843708427864,0.7058611489717632,0.1843181764508559,3.6004265038163337,1.3162435970175024
tiny_imagenet,near,10.876361679662615,1.0364836411096763,0.3042598339760468,1.6197398565324441,0.6659515377124311,0.13817061030003042,1.9413426348329366,0.7154550534932866
tiny_imagenet,near,11.323694848467982,1.0539881574982728,0.35399746789532344,2.305256481270519,0.7080370127462889,0.11868356314370154,3.6516350808380884,1.2287610754253153
tiny_imagenet,near,11.92982290837179,1.076633996893019,0.3500301464069768,0.7871192010782306,0.7153895193039577,0.00013501547331236374,0.415058404926675,0.019911391517703075
tiny_imagenet,near,9.962097676728925,0.9983507956467871,0.3451119040174513,2.2175347193298416,0.6615383417903045,0.10544653549044825,2.802543589211027,0.6883511539374638
tiny_imagenet,near,11.336820311294165,1.0544912631580186,0.3032256184105399,3.0132136523859865,0.6878966322293429,0.31730108091394804,5.605565809777954,1.2518894515007266
tiny_imagenet,near,10.238521796499514,1.010237259224778,0.376533449460861,2.048928566829434,0.7317058281461905,0.05766837091543334,3.242603958476069,0.2907057855579311
tiny_imagenet,near,13.173021931992945,1.1196854149220445,0.22332490383807846,2.339051645101224,0.5950293581683562,0.056489462384393285,3.4563913683220475,0.3813418397367738
tiny_imagenet,near,9.367019718446986,0.9716014345076289,0.32215330471673337,1.1705269947130057,0.6521523061255196,0.047859458983745995,1.366473756593136,0.5321950397946947
tiny_imagenet,near,9.757727437222167,0.9893486828345264,0.3110255131334389,1.9488711882044598,0.6520117670593241,0.07461644081735652,2.4278792984070514,0.6543639064847595
tiny_imagenet,near,10.852848587816965,1.0355437440862585,0.3183818373628251,2.40224043070151,0.6757335980070568,0.023475569638212124,2.33822532103907,0.28471560864608225
tiny_imagenet,near,10.333466653343189,1.014246042360293,0.2151574064629196,2.4108591277392057,0.5740605527079021,0.0013243497783307044,1.6878623108191124,0.029091288822183058
tiny_imagenet,near,10.680889673475214,1.0286074291553524,0.28501834638621326,1.48743856897126,0.6788705009496757,0.0044159399932009735,1.3256007602014985,0.06174659469179083
tiny_imagenet,near,13.897199637900455,1.142927296376526,0.4145923293950289,2.123894139732688,0.7659394016098974,0.0013213771938344679,1.9731576669414936,0.030303784118882463
tiny_imagenet,near,10.015310398631309,1.0006644137152736,0.37257566858137947,2.879493166990482,0.718631770978431,0.16523124985479964,3.949474071768199,1.3444372472082569
tiny_imagenet,near,10.785337425036886,1.0328337368260012,0.3176095969097921,2.6415810367995904,0.7370970320690527,0.026253563967456428,2.426144819277928,0.3404176857731914
tiny_imagenet,near,9.336694998467694,0.970193172000422,0.2028540106438655,2.0631946084503245,0.5609521891269204,0.16523901551078723,2.2431816254944748,0.8753072520501604
tiny_imagenet,near,10.071707197360288,1.0031030916048884,0.30324588894123705,2.157364457558777,0.6510407973879012,0.1912451588763049,3.540319814873243,1.2526763221180488
tiny_imagenet,near,12.601157187098059,1.1004104290325842,0.24333049867679474,3.4564204249763018,0.6517852339528004,0.12083363501575073,4.644165224297492,0.8409896778367435
tiny_imagenet,near,9.804597902110638,0.9914297874947727,0.2710786932748957,2.158011024301399,0.6381025152151908,0.12583921083533822,3.0839599729493146,0.46722989471699133
tiny_imagenet,near,12.329763404958001,1.0909547430618527,0.29013156925503114,2.7930508568111976,0.6622463398421956,0.0606983919630017,3.5187823357074492,0.3673467669321124
tiny_imagenet,near,10.616695941030793,1.0259893795132358,0.3545924808755665,1.8150099881752686,0.7035643672660572,0.025640196602966736,2.221644049294676,0.25158763869373985
tiny_imagenet,near,9.7659831266133,0.989715969631622,0.309043149695737,2.1095547315894376,0.6536328786161543,0.015165180270674955,3.6764971630421175,0.17140169469232386
tiny_imagenet,near,11.125321705976333,1.0463125781738267,0.2084819027661384,1.6118331119163718,0.5467698337065694,0.005872700255661736,1.7128733435059542,0.10007706371573699
tiny_imagenet,near,10.80737903448485,1.0337203832743513,0.2676427838364057,3.0666742370574136,0.604741293027893,0.15718515613714978,2.866164050268748,1.403633618180149
tiny_imagenet,near,10.672655836807738,1.028272504914809,0.38885403288043274,1.0343577249190203,0.7053325089469968,0.0010033772676326103,0.9787186713879711,0.05339141357321677
tiny_imagenet,near,11.366250869709933,1.0556172373644057,0.2927079952451759,2.6820961530222944,0.6638957887440722,0.0008475953376862223,2.1242841517504463,0.024747431124463492
tiny_imagenet,near,11.06638254004151,1.0440056787637222,0.28558585381597457,1.0285093203738582,0.6187883996485688,0.004672955280051211,1.2024723354964333,0.0856518495602579
tiny_imagenet,near,11.531464832991855,1.0618844789262498,0.23946688271972755,3.0131275109964566,0.5778739651000876,0.10934963922007723,2.6994434545652632,1.223316163121838
tiny_imagenet,near,10.242037855098179,1.0103863767184673,0.312413873571051,2.0450263928099424,0.6660428781699207,0.023165329205993068,2.7180466482426064,0.14878709679972266
tiny_imagenet,near,8.919854698026663,0.9503577799450807,0.23463474447699165,2.7437494010517485,0.6351915262050418,0.19238457936448095,4.198107900642125,1.4991689838547742
tiny_imagenet,near,8.99057224986216,0.9537873355021051,0.2470346216703205,2.980191213449487,0.6151441482052857,0.17098670861191412,3.6973836414056067,1.3308275372280198
tiny_imagenet,near,10.47563530628917,1.0201803707393708,0.4091577116647741,1.533457140876912,0.7649675382758554,0.03229316000882762,1.5686808054802919,0.1817164504894874
tiny_imagenet,near,12.560375536076174,1.0990026243726563,0.1889209539587836,1.227095519208665,0.4989876381217565,0.0030279706312074522,1.7459365070775614,0.05432672279133868
tiny_imagenet,near,10.021483671317485,1.0009320232278627,0.4106946526856682,3.0311590187257216,0.792949255780421,0.12144423625700296,3.9781962260839925,0.7779128182958831
tiny_imagenet,near,10.560416924216959,1.0236810644806302,0.3322119209006412,1.5549758112588155,0.6540175149437787,0.009821352769877986,2.075872837577812,0.101889341669594
tiny_imagenet,near,9.582654784231972,0.981485842988139,0.30005978477371276,1.6204374901571392,0.6605499281109051,0.10196837501513745,1.2333011872623363,0.7207990618716607
tiny_imagenet,near,9.434918177230971,0.9747381382161732,0.28878097865261265,1.7895407122596523,0.6650256502417773,0.0012906643172647184,1.8056454261056007,0.027741245165569698
tiny_imagenet,near,11.438734431584649,1.058377977311116,0.3331879148606164,2.6458364550148326,0.7072255619761132,0.2913548733704243,6.459842893440518,1.7850709479678963
tiny_imagenet,near,11.218104594158474,1.0499194849593234,0.29345958158788615,2.329538932011958,0.7217033298278719,0.07526519611796045,3.629693981477897,0.6190243006252123
tiny_imagenet,near,12.167043203193334,1.0851850502003455,0.40944213317835193,2.32383797666395,0.7831661602353844,0.08341934825344155,3.115371577517836,1.1192928800274418
tiny_imagenet,near,11.587123121633939,1.0639756217223721,0.2523300092847577,2.6822480876923263,0.6519588736834873,0.18995937304346322,3.5359946607912853,0.8629564044872343
tiny_imagenet,near,12.621438593790302,1.101108858725218,0.21513825830355793,2.3744335841185658,0.5883715313910348,0.11952368458291329,2.5032486168345356,1.3775599729981385
tiny_imagenet,near,15.960670919255382,1.2030511433330369,0.36279541179602426,2.9378538243272985,0.6999772820886182,0.12430273223738486,3.444988404805903,1.274910348669789
tiny_imagenet,near,10.503657543924371,1.0213405538302698,0.415772704997159,2.3084117016892662,0.7242529304547156,0.18269513571965945,3.058141220091903,0.7999139521474238
tiny_imagenet,near,10.688701519388713,1.0289249496632458,0.2506899520959729,2.943727449309298,0.6229636856059263,0.1521405872851056,3.373155945332739,1.0199011733030816
tiny_imagenet,near,10.009457773116244,1.0004105517962583,0.3206102466821119,3.103151420649943,0.6780994370709995,0.2576701525851339,4.798595039596948,1.7895159388241901
tiny_imagenet,near,15.608831050864035,1.193370379889178,0.1511267922709742,2.869614061996559,0.5312173464502767,0.16676443459051815,3.3675868647115683,1.2500842049011953
tiny_imagenet,near,10.516641379207858,1.0218770646339237,0.35466622429989064,2.4594912926366987,0.7139015793167264,0.17501329693585377,3.8825733441171875,1.2015851259394545
tiny_imagenet,near,11.531879355455008,1.0619000902631752,0.21646014515719575,3.7665190607498173,0.6097317407054023,0.21299054851333898,3.545477617947431,1.730900252541641
tiny_imagenet,near,10.613351563358663,1.0258525503535287,0.2850841243232518,1.7648576067478703,0.6825137002098908,0.022385834051989628,2.203427601805852,0.23502447149872463
tiny_imagenet,near,11.194587621643544,1.0490081000133986,0.3488192571771578,3.850125552202133,0.7136140986561954,0.24088471571989656,4.854710716466007,1.4359398482517363
tiny_imagenet,near,10.316151759612055,1.013517722406535,0.3115075209387166,1.4623591133881697,0.7182190460134531,0.0032687678612007484,2.400497652838742,0.03403744417724479
tiny_imagenet,near,13.121279982530986,1.1179762026211941,0.343112734166346,2.0708898635568445,0.7076307381809945,0.06758654980989592,2.8709002346572245,0.4389415510357617
tiny_imagenet,near,12.992221536395807,1.113683417350321,0.14739532730647636,2.761738910631511,0.4883276549480728,0.17862212081922846,3.167144438331712,1.657750125407231
tiny_imagenet,near,10.818772885667508,1.0341780039524924,0.3055382391956053,3.7309277953201097,0.7048217815168734,0.2803604232265029,5.157540573666581,1.3871712506822083
tiny_imagenet,near,11.93233643657935,1.0767254899904222,0.36322324701443953,2.1373469413027086,0.6896987141760705,0.004080141716327208,2.0824971368385503,0.04744683772331162
tiny_imagenet,near,11.685114907503907,1.0676329874927983,0.23971440802283284,3.551313382498849,0.6391511827216398,0.17794414603997577,4.611066465463657,1.029624253870756
tiny_imagenet,near,10.366295882348888,1.0156236006709645,0.3791176367561488,2.9051970865576116,0.7232009183200424,0.1829506438520423,4.062311236153935,1.2471943561333536
tiny_imagenet,near,10.423827728696873,1.0180272253579945,0.3607503835492007,1.6519178801749392,0.7153744179478423,0.004691060640755106,1.5103808685697768,0.04611451762707565
tiny_imagenet,near,16.71703013867321,1.2231591254645888,0.3755833275678874,1.575186900273837,0.7326216382855972,0.004414390278822292,2.3106454542128763,0.03543010250720502
tiny_imagenet,near,10.450054159361924,1.0191185413069166,0.22690480316930647,2.30608480303001,0.5180382203720945,0.032321699400210624,1.8971680124217956,0.3531252663327815
tiny_imagenet,near,11.137803914423142,1.046799567728697,0.33026082169416554,3.130958990640276,0.7267318723886292,0.2491663344288486,5.048179950292713,1.6671681116180055
tiny_imagenet,near,10.225503453466864,1.0096846997712314,0.4160592687648198,2.4670170539450185,0.7564434458746874,0.0951870177416736,3.2550187588377186,0.7437657324390442
tiny_imagenet,near,10.832424424285131,1.034725667769082,0.2650808819110081,2.1080937839713614,0.6072397300900327,0.006837188538158748,1.706951346836389,0.09897700299699413
tiny_imagenet,near,10.434055908216461,1.0184531594899735,0.3839927966295361,1.6275400863329816,0.7152337758852434,0.00821749706312136,2.5455603560519857,0.1378799208469552
tiny_imagenet,near,11.431950241038853,1.0581203255051859,0.3304786852871615,2.589183999473112,0.6810961001317438,0.16064772745923062,3.6555183979601242,1.1914820779638773
tiny_imagenet,near,10.251471772347736,1.010786220236508,0.37779261609615894,1.5545402743109142,0.6947525020508809,0.0072912655784225094,1.965573651477388,0.061093937680178796
tiny_imagenet,near,11.169404029882468,1.048030000957674,0.2848755601087295,2.0853120161465633,0.662984315380605,0.012900289612908108,2.4909565665752234,0.08556849139432511
tiny_imagenet,near,14.641570189729773,1.1655876538127194,0.2729429053288852,5.298830240566055,0.7302128380615418,0.3435315494969111,7.155946982166735,1.49763765115171
tiny_imagenet,near,11.140098484734944,1.0468890303011003,0.20994075814295868,3.662279874705833,0.5973016370700956,0.19057889915098203,3.7144002727522416,1.6297949742730475
tiny_imagenet,near,9.900187701327383,0.9956434286694942,0.27418163249114125,2.0549661185035353,0.6479780850339456,0.007532248139616171,2.7883356376210613,0.0725471873532245
tiny_imagenet,near,9.04655303104798,0.9564831334237539,0.34808888662870763,2.1939051892873946,0.7046809312536574,0.17227419347439699,4.148120774214949,1.029472145121474
tiny_imagenet,near,10.494035137655988,1.020942514074141,0.2853797587460315,1.706425350400149,0.6582415040826948,0.01480738192417086,2.284533010328145,0.17638372060289648
tiny_imagenet,near,10.825890857429865,1.0344636444231947,0.3529919117471798,2.4750815910538924,0.7322383396994698,0.006748005814671859,2.162208458673503,0.07387947625726493
tiny_imagenet,near,11.47654047628849,1.0598109927612025,0.187749167690832,3.1062769145608855,0.5692698449000408,0.013800216588401554,2.2926785585239635,0.18971595945881403
tiny_imagenet,near,11.90057172084398,1.075567826071327,0.37468015973362206,2.6150471955514547,0.7281397754439942,0.27201688463836593,5.521104398248718,1.4663937584771551
tiny_imagenet,near,11.617242846572436,1.0651030679711058,0.3486376539827785,2.467683734444245,0.7359538728002624,0.09311744605589367,4.105354396986593,0.572506573962745
tiny_imagenet,near,11.404290608413836,1.0570682756715097,0.2069063514002749,2.2846504679649664,0.5663773896731339,0.14537877918654873,3.2753253585641717,0.9269139016465452
tiny_imagenet,near,10.8540216222891,1.0355906824420738,0.28450107564264593,2.633085160174565,0.6231828346251461,0.1509179023361925,2.6214254542136985,0.9048652002466854
tiny_imagenet,near,10.59978429496911,1.0252970275267033,0.242605516531543,2.8230821593198816,0.659449895718498,0.07138521008483412,3.2237363287284513,0.5941450255861456
tiny_imagenet,near,13.261520493286982,1.1225933207822925,0.33677609588245266,2.4003610764786854,0.7144751617371838,0.1934072830753143,4.018728045374942,1.1838760530459917
tiny_imagenet,near,8.96964308813351,0.9527751623859321,0.2697768367228313,2.1525269381935894,0.6240174003193761,0.09216932535702116,3.224830790321836,0.8152031591491552
tiny_imagenet,near,10.441173557353343,1.0187493148801559,0.3023376913024606,2.4432417740800436,0.6946672841493567,0.015858193824711708,2.7903341765357306,0.14699209269831282
tiny_imagenet,near,9.677732905604982,0.9857736319502985,0.316560520741308,2.61259067219211,0.6521772503501849,0.2318168593080927,4.011952428946413,1.4302488003320715
tiny_imagenet,near,9.89231251831194,0.9952978281976212,0.33129728364859046,2.839693849416938,0.708399089603161,0.1339294637099795,3.2898261919917053,1.172590025844924
tiny_imagenet,near,11.273714188720025,1.0520670204255507,0.3854263169697198,2.5054487160748202,0.7364292940047346,0.18925371890541143,4.616577007404395,1.0894762741431654
tiny_imagenet,near,10.269516706772155,1.0115500058089189,0.3043144725358048,2.335139526602012,0.7003814338305346,0.08431092681348595,2.5398596204260375,0.6705023366439308
tiny_imagenet,near,11.31003167031182,1.053463821075473,0.3847427881856589,1.8602611098549764,0.7347624262504006,0.14865051041128063,2.9034924832072138,1.013055921300847
tiny_imagenet,near,12.267328764192804,1.088750004549762,0.38332610279263024,2.69220503046403,0.7541624246769931,0.034451539055649544,3.144573099303154,0.21925876867982447
tiny_imagenet,near,11.02904063372298,1.0425377368131268,0.2921290011349516,2.8423929607328384,0.6829813774609474,0.2102363505814553,4.484428815989265,1.4629124411743089
tiny_imagenet,near,22.39580810091299,1.3501667375942747,0.3197124338965625,3.9236324365265354,0.7179991829257621,0.22527999397192344,5.248276711218045,1.3547539927837078
tiny_imagenet,near,13.286816803573668,1.1234209470981034,0.28840413814158644,3.3316335701627398,0.6668676404827417,0.19690153857257542,3.995464059452339,1.388710198863783
tiny_imagenet,near,10.836092769780725,1.0348727144919616,0.39428649199983457,3.5739747479281547,0.78732962052127,0.24571334732980954,5.529561457194544,0.8868912472599899
tiny_imagenet,near,11.366327903900931,1.0556201807633396,0.41047670869712993,2.139230697993032,0.7531961139207988,0.1637221292995319,2.7713542794031127,0.8526492433029911
tiny_imagenet,near,11.490067707483462,1.0603225878992604,0.32561036000307,1.791523311334846,0.6750852986244191,0.010294392671657271,1.8341103386097402,0.11219365736485924
tiny_imagenet,near,10.934019796025675,1.0387798558854473,0.5371218460294134,0.8934357100272845,0.8447739290361569,0.00020642948127224184,0.4473320920303129,0.01808859134425936
tiny_imagenet,near,8.486152746972058,0.9287108446594865,0.3466466640956305,3.8430533148910873,0.6873888896765359,0.24628125631647668,4.502651320026672,1.5601938755580276
tiny_imagenet,near,11.006340843205262,1.0416429579086708,0.280156663577682,1.6963200837970198,0.6381382940661733,0.14864753737708047,2.42463974056504,1.0442106600816503
tiny_imagenet,near,10.586098795353385,1.0247359427924954,0.2404756213710523,3.0565421956105934,0.5898675099624174,0.02613105211406805,2.560032338993386,0.2551989520007663
tiny_imagenet,near,9.241454353437476,0.965740322779039,0.32836846623812044,2.051223169784441,0.7010378520103038,0.006408565692569271,2.4148493712801273,0.10162350147816993
tiny_imagenet,near,9.231076656405758,0.9652523574832171,0.23833923444160218,2.6367398460098,0.6021428906077309,0.1398881623131869,3.5999516783027503,0.7989899833832206
tiny_imagenet,near,10.43607526715749,1.0185372027037274,0.3355227238640962,2.359707260446209,0.6980558096533801,0.14065133093971283,4.288154226523523,0.6951751524897024
tiny_imagenet,near,11.365890666143436,1.0556034740838063,0.31405424823979544,2.356077941135735,0.6734646841389014,0.060196300587458285,3.987040877287737,0.49753165228649066
tiny_imagenet,near,10.526660337031014,1.0222906098545412,0.2628032092434741,2.47775291692354,0.6462240541139768,0.18970714499293906,3.3263002509348802,1.711418029416154
tiny_imagenet,near,10.393445491015232,1.0167595427560427,0.33057938999828484,2.2640120838576916,0.6842848581386902,0.03591012154918877,2.6022317951498666,0.3260173143976276
tiny_imagenet,near,10.190186913287247,1.0081821501594244,0.401916418932489,2.6231357738681242,0.7666059676008536,0.07565699815587162,3.4783877412158395,0.414043136181244
tiny_imagenet,near,11.572782074393848,1.063437775092702,0.4618542808742475,0.9255079408461198,0.7803710252325274,0.0006845081597272283,1.0446594431812246,0.028431463026044643
tiny_imagenet,near,10.761144777503176,1.0318584743546535,0.46826610463211193,3.105813033608954,0.7991922683313918,0.2246214292353652,4.627537533611797,1.5434976243196739
tiny_imagenet,near,14.611587799613009,1.164697412072301,0.5068452048725198,2.2464080536419555,0.8409171910478797,0.17828833012796785,3.0138601878075386,1.2429667002688258
tiny_imagenet,near,10.367909749085479,1.0156912081242748,0.21126092112352524,2.2947826984687585,0.5691026674227693,0.058456844178234935,2.18290164178067,0.38603045727153634
tiny_imagenet,near,10.00204705932269,1.000088893602009,0.34061499558966335,2.6099779002775243,0.7432080449537084,0.15602933446973877,3.8788620981574726,1.2616838367340795
tiny_imagenet,near,10.998565261688183,1.0413360361458057,0.23929946197868668,2.2519811306031197,0.5813197000937236,0.030946127275923385,3.478544227037023,0.3037564612997377
tiny_imagenet,near,10.282289248498872,1.012089816774192,0.35435898629609464,3.454052672566697,0.7327990898703131,0.23682033163082572,4.816956551191692,1.6819424463322787
tiny_imagenet,near,10.511031910032976,1.0216453545884892,0.28336664135272804,2.527493860616072,0.6641716915655657,0.03435105268982869,2.6647182653882995,0.3667730205658201
tiny_imagenet,near,10.552539485710824,1.0233569859227296,0.318085898758824,3.1949293423741896,0.6916649274648549,0.17682936927498272,3.8663547256837583,0.8757388226988838
tiny_imagenet,near,11.48907295746669,1.0602849873249232,0.37491427499598473,2.1611722521483765,0.7326837856934636,0.10403410476751229,2.8252843372998213,0.4730851825015844
tiny_imagenet,near,12.570517124755028,1.0993531440536835,0.2877172495657567,2.5471799730033755,0.6323532046696038,0.1966566091199884,3.8815864619122324,1.7197997481202052
tiny_imagenet,near,10.199881067152374,1.0085951078652238,0.3294217050752691,2.1578806891612494,0.6815695142536767,0.04280583021956258,3.2185918235168183,0.39867943809120954
tiny_imagenet,near,9.571030728967354,0.9809587106329036,0.31223030597875606,3.406694115569088,0.6807557442187457,0.2599936260224007,4.382384375253751,1.5601271393960432
tiny_imagenet,near,9.849618621735734,0.9934194149394442,0.37010232771570994,2.049829692044491,0.7041341529037807,0.16457003613837395,2.563639098156389,1.5082060538806705
tiny_imagenet,near,12.460945815847916,1.0955510076079484,0.3137077016255885,2.8456854525703403,0.7004805535169283,0.2528497105846861,4.932177089692549,1.6127312134329306
tiny_imagenet,near,11.00855064560159,1.0417301448012743,0.39399566047928836,2.0470680357807147,0.7555115358240152,0.06818007628779177,2.470906660631319,0.4673456661799667
tiny_imagenet,near,10.633869152776086,1.0266913121618504,0.313321168193999,2.607808782193234,0.6718916246931841,0.14977568255464158,4.14062292990757,0.7984472503246558
tiny_imagenet,near,9.771139694734996,0.9899452223371572,0.2947751407977909,3.144206543119002,0.6556559799785909,0.2258922165419064,4.190677465194719,1.4803242339457992
tiny_imagenet,near,12.735662916378155,1.1050215558066014,0.4160411587035624,1.975652911932234,0.7605155195709807,0.033469771415021554,3.05835810405506,0.3115384865801459
tiny_imagenet,near,11.710285912765478,1.068567498766196,0.22478182605339914,2.3788364173219025,0.5793351507763278,0.01141980986172006,2.1245748365877097,0.144565545527344
tiny_imagenet,near,11.149789746878772,1.0472666779494724,0.33229608618966733,2.179142302221499,0.7174908299581015,0.19392875312624502,3.4701017975994786,0.7626263129627879
tiny_imagenet,near,10.713761529827513,1.029941975525892,0.3165409966072607,2.847700372952304,0.635231289436545,0.08735437467064244,2.271847310203564,0.6703432026194606
tiny_imagenet,near,9.938588608979025,0.9973247141337972,0.348266266095698,2.468206970306776,0.7063971162618774,0.02004120211936128,3.139151019690875,0.20526549259299423
tiny_imagenet,near,12.684134395379477,1.103260835002542,0.39038558444349797,2.340342986276267,0.7668825704914469,0.0010039881202677584,1.9081420124323323,0.02186526942159084
tiny_imagenet,near,10.164899921642448,1.007103107198543,0.19707405807502865,1.8617754962248778,0.5738352371151952,0.041237459990273784,2.175817367570903,0.35536265186202676
svhn,far,22.440226301793743,1.351027232332742,0.1435025217616767,3.016361872332729,0.5071927895375911,0.10746365470551189,3.3712755721004686,1.00199337443957
svhn,far,20.069767740369507,1.3025423466167705,0.12138836768970637,2.593112698767701,0.4778230976252766,0.1153430189136424,2.664291022408817,1.4092317066680957
svhn,far,12.183034949937444,1.0857554901242932,0.17225552484183698,2.3933812757280006,0.509254190406172,0.032367128216800045,1.9272909985757252,0.45831021397505334
svhn,far,11.630107576925,1.065583731949697,0.23596577834149907,2.011005973103365,0.5791128848826047,0.2064208776113705,3.736041262684494,1.4089862287550572
svhn,far,15.758851961621433,1.1975245758147564,0.19131911888905434,2.8530001901515405,0.5584837546394174,0.0805455190170477,3.0252029439370927,0.5375963332153941
svhn,far,13.011634541322172,1.1143318567553924,0.10029032198810123,2.725329481859636,0.4616282098377673,0.07351050127813286,2.016618291978952,1.0348680192387385
svhn,far,18.056415350443395,1.2566315362538663,0.19273892213173113,2.561685668721321,0.6027069850068634,0.05645110973942402,3.9666703424622187,0.3235013376661872
svhn,far,13.888881538176419,1.1426672737490218,0.12456205294631834,1.7637058384275948,0.4628096000931131,0.11473082720934169,2.030939035564601,1.847310080144512
svhn,far,20.085696307607478,1.302886891967326,0.12899813421142262,2.6196724551431645,0.4989800375562904,0.16180294796839512,3.322868839905503,1.5281386402885349
svhn,far,17.639934245672457,1.2464969619545003,0.12242100371664126,2.5544658613235254,0.47818342132898145,0.14165215062764136,2.487788851779412,1.6359897117901168
svhn,far,24.010272282162124,1.3803970851051042,0.08835899047832607,3.719320926533162,0.44090004635211005,0.18513021738490276,2.78126847743491,1.2792846873882229
svhn,far,16.942965447188794,1.228989425184332,0.20580707880809088,2.609864379889654,0.5680760859385217,0.15583979520109492,3.5006691372897873,0.8030940290482169
svhn,far,19.836743954048714,1.2974703876566653,0.134531864841053,2.9912317481236013,0.52190625378438,0.043740058512290625,2.970074788903542,0.33248913499717636
svhn,far,15.33994799372438,1.1858238872764226,0.1376043786421836,1.8547875878112192,0.5159084043038188,0.06946914157112771,1.982656056310952,0.8224492668218049
svhn,far,17.567709947265403,1.2447151524086766,0.12831353225913053,2.584862198988411,0.49826158051872443,0.13588569724091992,3.0798043422838495,1.0234513952980795
svhn,far,18.202643023203468,1.2601344521328268,0.11983046214278338,2.389239713081065,0.46651572799370944,0.11692181385339717,2.371431741531691,1.1787585631963085
svhn,far,13.263785139147647,1.1226674781335175,0.23639522981943223,2.3417163774910357,0.6097488772783819,0.006443787024761408,2.840806711566542,0.1056358444019863
svhn,far,20.539269578589636,1.312584995094069,0.19218477773818926,3.828065988063793,0.572053347972361,0.06112763522178888,3.701028173099698,0.4284461245740664
svhn,far,20.01394328470941,1.3013326647733492,0.1623434287046886,2.904450755122732,0.5257566701339813,0.14954406278225552,3.7167746730971194,0.7771399525532948
svhn,far,17.071502650332828,1.232271749847028,0.11492390014290238,2.6081043696764388,0.47069052417403506,0.0877457754695311,1.730896010890611,0.9108025305945467
svhn,far,13.129554603229897,1.1182499937051604,0.10147054067593504,2.425268451244037,0.4398231432214802,0.059059527507255405,1.5418725427994344,1.1023822758235544
svhn,far,13.492634762169626,1.130096764451437,0.108583104440406,1.8105401519697055,0.44273521242592895,0.07578051623858584,1.3738660591722898,1.7715234961380923
svhn,far,14.187360186115628,1.1519015946948459,0.13305387522057366,2.520724877375321,0.4952483609236192,0.005060167936041658,2.415089636662141,0.0541923811486769
svhn,far,14.598695320159957,1.1643140448159994,0.1702295605857213,1.9169111003908357,0.5145951011182496,0.10825251711429873,1.6613698899860867,1.2591741256404283
svhn,far,20.933334668789826,1.3208384167443965,0.22060891823332268,1.6290683672591122,0.5757240364928835,0.012249755129999568,1.9908222647914986,0.12334238113642089
svhn,far,16.549585377817145,1.218787117752377,0.21323777965469337,2.7478120830773336,0.5892288037595192,0.07221623777733133,3.8957982352330083,0.710953691931408
svhn,far,17.43884398420325,1.2415176923231972,0.1611763274060074,3.1336190237355677,0.5121369115274071,0.10915293515159263,2.4169674164933275,0.621734036724867
svhn,far,13.490220242547077,1.1300190400926873,0.26142381452205765,2.601624215359736,0.6496039596323829,0.12199134230735709,3.964115331260691,0.7745558175079545
svhn,far,12.670145665088514,1.102781607907497,0.10623141980274332,2.247847637588339,0.4491208639241283,0.05735306893702263,1.6849108142715026,1.018099905190357
svhn,far,20.681232051820217,1.3155764076232017,0.23623049045165767,3.9895269579979464,0.6319409174403126,0.21401222364378858,6.0222570172096805,0.9665077054084859
svhn,far,11.855667525879737,1.0739260117160472,0.2751273082988651,2.1213061043802384,0.6417917115206813,0.20105657167443036,3.9283359888391214,1.776109174624863
svhn,far,14.160692726552377,1.1510844991443396,0.24226946665537186,3.0903448004265335,0.5866693444998257,0.14234906076404907,2.62877500055834,0.700673632833393
svhn,far,20.298081784734922,1.3074549980495342,0.11515972825284432,2.6676108694753005,0.4494999806999966,0.16025041157256803,2.5434492382473066,1.5573427038970602
svhn,far,16.65247954251855,1.2214789088268716,0.1520377672976976,2.0159726464736996,0.5194965043696128,0.1725752927496656,3.0008097375800644,0.6564389744228052
svhn,far,14.29450316389767,1.1551690651509416,0.1384121868068558,2.8009643788322593,0.48240255239939633,0.15804392654588617,2.783829113802445,1.6071705241967331
svhn,far,17.907527374684904,1.2530356237480016,0.15506108111171119,2.6201304895133584,0.526801975869231,0.07438000251005494,2.3313079574733355,0.6097724327084991
svhn,far,15.985973011948953,1.2037390754712631,0.17003450069905296,2.610423720375967,0.555772426462795,0.17526111865693994,4.485758162460711,1.338975578258704
svhn,far,12.925723501026,1.1114548615643187,0.22519561627241463,3.8852558092844647,0.5894141642459807,0.22783781709094497,3.9509507058192392,1.1902594136669176
svhn,far,15.325373411079461,1.1854110651695635,0.14298786893456883,2.5853813182422116,0.5312214856019679,0.0888466672625593,2.3526266935069975,1.053736088560552
svhn,far,13.29721195848598,1.1237605915280062,0.11133114477458414,2.198227126312884,0.45682761589992693,0.09990562565915662,1.8870260486478974,1.747127961282307
svhn,far,14.402957304018551,1.158451673302705,0.12085246000564812,2.1142101540196747,0.4899104056739306,0.038465202784826236,2.017399772870584,0.5689308227476101
svhn,far,13.872347575665655,1.1421499616731425,0.1532546724167918,3.138480704201929,0.5255650588507216,0.01078929917877057,2.566230581390768,0.11102978332255109
svhn,far,13.97043132762165,1.1452098149007595,0.19019434888038317,3.2678544527893525,0.5237487903321951,0.16552610281091984,3.3118672744652886,1.2587844681016145
svhn,far,13.356153715234337,1.1256814087147822,0.15404775411660046,3.676133276252626,0.5231089477129081,0.02437870191086902,1.8925546855346402,0.24127717450353986
svhn,far,20.924601531394263,1.3206571964655318,0.1575757532724597,2.7531514193763154,0.5186112854317317,0.1280226651025489,2.8776317134848837,0.8727631966341801
svhn,far,16.51227373958715,1.2178068797436918,0.18215664924563665,2.292392785759495,0.511404780166115,0.12225318885669056,2.0936181258588147,0.9958726538420897
svhn,far,16.712371497039403,1.2230380809786747,0.14180628800236564,3.21544393994261,0.4891342436831561,0.11433324400311862,2.546935457983737,1.2974253694988707
svhn,far,18.190355398154118,1.2598411842962318,0.14343403772799412,2.3048602931830198,0.5028473604524462,0.14060683806780438,2.5753609111594162,0.7788124142200374
svhn,far,20.115628337473225,1.303533602886385,0.13746316259912986,3.85830838523563,0.4993025610378294,0.17565798455685644,3.301204280948034,1.2324842296084502
svhn,far,21.48590122316279,1.33215357484432,0.14369251826747328,3.503013285337377,0.49667596245959206,0.14008588432409952,3.3677606419030885,1.0606703198026812
svhn,far,12.9652481768052,1.1127808343502412,0.12759709295851698,2.515848615789624,0.45577533717174307,0.14443310578418567,2.2417337144333502,1.6055117024886152
svhn,far,17.308713560898106,1.238264790941231,0.11753261145450405,2.4107491702679136,0.4910090342002627,0.019268868951581974,1.7998319075459475,0.3949688263641754
svhn,far,16.0873612208842,1.2064848134739123,0.13336045905253197,2.743578949891103,0.5020460441269701,0.14059302385872696,2.161710823307465,1.379333470985817
svhn,far,16.140889499855035,1.2079274643803783,0.1301716306238314,2.689651528333261,0.49970651325969806,0.010713185900890654,2.0023564875217357,0.13856292400060954
svhn,far,22.043580011907665,1.34328212800149,0.12490143683601615,3.5274190754777006,0.4569537297812756,0.1184976508567227,2.7336321136882855,0.6176168731305693
svhn,far,22.724876854773818,1.3565015384945414,0.1337183385141834,3.0842541484825445,0.5322248241899228,0.12342793001059582,3.278709854474052,1.1843984690665443
svhn,far,13.313486550459775,1.1242918039174707,0.13598149837595722,2.0481689981172853,0.5056603149150037,0.12857035726466814,2.141408637702731,1.5420697355710413
svhn,far,14.678848301977757,1.1666919823318997,0.1487929685564948,1.6028365978235481,0.49283545557577946,0.013707896231806321,1.5154920172435171,0.20535899928374074
svhn,far,12.710310217377106,1.1041561504348287,0.17404221040631976,3.144695842517585,0.5096658286048773,0.1634947073666485,3.072365092736295,0.8840176786468015
svhn,far,20.168631989855427,1.3046764416450245,0.10969806929954265,2.929204813573885,0.47415904549471766,0.05711095548430445,1.8563060023928877,0.9097872299796084
svhn,far,14.987073789544452,1.1757168456117164,0.2342414037635363,3.2377525316916724,0.6226391562940442,0.21096932330528295,3.9953505950185235,1.5415201026377054
svhn,far,19.41241140979201,1.288079486823313,0.19308468102860657,3.197477729265773,0.6168049269414487,0.17718870845926404,4.102334787549202,1.5425891007231851
svhn,far,15.600802589587053,1.193146941411968,0.2751557261077259,3.0297349861865506,0.6630748099487469,0.022534273918838194,1.9745288178732379,0.18752520556026728
svhn,far,16.645974425262914,1.2213092230770912,0.09242145264157975,2.3807680588342213,0.43042371081724407,0.08513931990651558,1.5756167433020942,1.1473098546418814
svhn,far,18.13438613605774,1.2585028589624592,0.11246624327807025,2.4723024248287673,0.46245783132698703,0.14006348208261699,2.1931018494220784,1.4673417313079675
svhn,far,13.468215443956028,1.1293100549841815,0.09861503141629521,1.9970457674417401,0.44904848028637145,0.057516287931862475,1.5143930164138923,1.3763855113210623
svhn,far,13.24655904162039,1.1221030795650075,0.10271061042863462,1.8681910595911626,0.4562941915450051,0.06516396421315274,1.924589682578298,1.359996518754876
svhn,far,20.06129903215591,1.3023590515490728,0.1491041638834037,2.983405371000567,0.5094329035879965,0.1994138278913793,3.1296226866948094,1.6525051206802557
svhn,far,12.933060825482205,1.1117013201424406,0.19309583292402954,2.5517038046288167,0.5436010592484407,0.07820374817546355,2.8167230098826073,0.5509531439234727
svhn,far,20.84122141891,1.3189231676209012,0.10546953681422357,3.0791396130176176,0.4585946944904812,0.11501158503828202,3.0035742203828213,1.0989860592128229
svhn,far,15.207512656133979,1.1820581865961581,0.09729345574564288,2.4534292752183493,0.44675760292961464,0.13729080488829815,1.8902731321840291,1.565245036164545
svhn,far,14.168235838200497,1.151315777347104,0.11333917360384843,2.4499331826585147,0.4710493213528689,0.1088891715961342,2.21214019979196,1.1533727687450583
svhn,far,15.623818704735433,1.1937871908817237,0.13343143502342744,3.2298912916580385,0.4843277523326901,0.10298471794062003,2.169065952958226,1.3054658496619718
svhn,far,13.598876002725875,1.133503013844301,0.17192244528117365,2.5905797410286744,0.5514151845640999,0.12961972841486968,2.777832717446869,1.69498760712468
svhn,far,24.727871638223707,1.3931867376666396,0.1298838216580978,2.1641155520840414,0.5035911046744266,0.09010049059871894,2.3452592870379485,0.8579598555255383
svhn,far,16.394797278069035,1.2147060510068484,0.10008269095917816,2.496571407256302,0.44713462095176865,0.04860840781428277,1.7290006073152235,0.6893458507680303
svhn,far,14.333579585628478,1.1563546621758691,0.12615385896444126,2.909811252864244,0.4713244473439071,0.10304083133922082,2.5389871224362084,1.1139158003785554
svhn,far,17.732530724226603,1.2487707210249988,0.1461969687404187,2.5158482614939808,0.541096409534182,0.182608824841215,3.173771926670474,1.697026516212559
svhn,far,16.225054738619637,1.2101861706850199,0.20194180394693417,2.4869877299793215,0.5827287315094428,0.24286221689355014,3.6183822171278774,1.2003761236007717
svhn,far,12.293059338051375,1.0896599779820904,0.10589635099132984,2.01442957205524,0.44123616236882496,0.050084066785402115,1.4845669057140418,1.2821560755671348
svhn,far,15.869324603511824,1.2005584436562116,0.11066721420867824,2.365614713901766,0.45634322897124546,0.04791842539448643,1.9184693115441476,0.7032252178687477
svhn,far,14.90227725258155,1.173252639089781,0.1289961230476848,2.825036083970349,0.5060847508388302,0.01922909227128744,2.1539306840498886,0.25983552702122875
svhn,far,15.812696725774142,1.1990059416390069,0.12284237752002897,2.9516121542190987,0.48826606184616056,0.05834373467759146,1.9148753056199537,0.8291760891006364
svhn,far,15.910585989725393,1.2016861751118182,0.09658112911490041,2.7469478977604993,0.4468774566669273,0.10664254248696814,2.171663473274074,1.4208217535103889
svhn,far,12.463965428418204,1.095656235752612,0.12465528918458804,1.8375586831719366,0.4567814341048829,0.06645557845620331,1.3784304829192602,1.2629616129854018
svhn,far,19.66912236995585,1.293784982290751,0.14995730831550264,2.7969451104761744,0.5164603371478067,0.05203039033939921,2.760706259984481,0.45062926207870985
svhn,far,22.21467065021134,1.3466398788903344,0.16774474347035306,3.3640618755723963,0.5180119296221697,0.10742189868073715,2.1468527812744203,1.1327718623763694
svhn,far,14.410144049127519,1.1586683222340315,0.1460808530255049,2.373083042934705,0.5101292918162174,0.15259110950331622,3.1460527620324577,0.9414871089664519
svhn,far,17.84715462762898,1.2515689864097643,0.15296877939789816,3.461207488455085,0.5225333146107447,0.19017609712088723,3.731659723179714,1.3490869045114333
svhn,far,14.11295609531298,1.1496179904980324,0.13020784182005193,1.9517751269472938,0.46468734781552745,0.0802601567978869,1.6075580618370802,1.5167637532322036
svhn,far,17.73602021126029,1.248856175035847,0.2025941371750432,2.9987970971314555,0.5875106028971756,0.18794060230210974,4.546900401838571,1.4044508312701192
svhn,far,13.226574838084531,1.1214473936150005,0.1712921460690255,2.20501238922197,0.5153969624027641,0.03626299095082286,2.131023500728976,0.32436737872811
svhn,far,18.599921893619143,1.269511120518608,0.15966157433477876,2.443706781742921,0.5271853360343838,0.1450488268062311,2.753960565911223,1.1471128011568577
svhn,far,19.226260567523234,1.2838948238964225,0.18246819878034543,2.776673069184169,0.5500942008715097,0.15132100205457877,3.412780265244788,1.2980531706129694
svhn,far,13.656184737257632,1.1353293831991795,0.118694174596993,2.275014279546819,0.4736230988720668,0.10577762849269234,1.8739350837614435,1.9318643428155293
svhn,far,17.120457825494206,1.2335153741765055,0.10911573091016971,2.501831080081356,0.46546402649963536,0.029770294010468046,2.0296352399956543,0.4255944601447181
svhn,far,17.86285722328655,1.2519509269766433,0.21697162688063215,3.5899135981270733,0.5978504908837129,0.08021597210842313,3.0712212793345466,0.5863121520284383
svhn,far,15.223320178823517,1.1825093816410583,0.1158413658977696,2.327266788427403,0.4761756421610716,0.04996537255001077,1.8678858879220022,0.7572767863191958
svhn,far,15.139223348696985,1.1801035961949307,0.26474019853363656,3.991824958786652,0.6169016577971627,0.2525408449487898,4.042011630306229,1.604063780197491
svhn,far,15.975705453105142,1.2034600447998,0.18599936060146707,3.0393462892833485,0.5547188040288445,0.21787601311380755,3.798308271615191,1.5264355921691155
svhn,far,23.318301229253183,1.3676969082996673,0.12537970289644765,3.1214670334778534,0.4833404809544333,0.1346778818075307,2.9445027938973727,1.4116206731667311
svhn,far,18.9401403760693,1.2773831935036146,0.14995803699985255,2.3666393575838853,0.5215398334347207,0.12001854811446089,2.3836664566549293,1.3418274024954655
svhn,far,14.890755916397996,1.1729167449262443,0.23846852830309925,2.3529924592923552,0.6268657666796285,0.19103590530193948,2.8801338671268004,1.3272314691314522
svhn,far,13.70716811761644,1.1369477394361738,0.12064604937519949,2.1139025481091434,0.4614267307380952,0.11392559980711248,1.8364605702617367,1.7453808859501683
svhn,far,17.96547687745448,1.2544387496749612,0.24268232627952485,2.324194660564265,0.5932893794628163,0.16053843713667248,3.8302221931394484,1.1315860192172917
svhn,far,22.11930405115787,1.3447714584797528,0.15452561633579961,3.96566671061321,0.5152279820357191,0.3057911662136017,5.964323833962085,1.3097935750487035
svhn,far,12.95589743931613,1.11246750144982,0.2720963483561487,2.4704892664248814,0.6216163574133955,0.10268817911937833,2.5900179522711477,0.7326528965855574
svhn,far,15.858731747182237,1.2002684530452947,0.1998768765317554,2.9072780815918207,0.5475137541740565,0.1393663560578362,3.065898887023676,1.308878280409269
svhn,far,18.412965533839685,1.2651237402529216,0.2134532452268274,3.378681457831839,0.5847402622110015,0.11411208959952335,4.656196105526026,0.5506376446053898
svhn,far,16.65491300588321,1.2215423685955382,0.1411184618170458,2.768725279314004,0.47488721573764325,0.135066566693695,2.2544709640845673,1.1537226422996094
svhn,far,10.918294625929402,1.0381548094353419,0.3021033913014359,2.629121724078819,0.6207762500948006,0.19010027754613767,3.391533810003163,1.0740144860824183
svhn,far,13.557610612103305,1.1321831564203766,0.26608056327167795,2.930415100886442,0.6323917712433769,0.12627886836459523,2.8723054342318997,1.3775602674922647
svhn,far,13.421419408149346,1.1277984479464955,0.14963576962178732,2.486171313018528,0.5055967357654179,0.13003426458143896,2.876730149895845,1.2217569594044289
svhn,far,17.91316308845777,1.25317227993087,0.1331325972787181,3.02767084380082,0.48501185451671514,0.0999072785278623,2.11178777258742,1.2309373197406484
svhn,far,18.175182370388125,1.259478777302198,0.10929383000577224,2.9479792455250737,0.4793715266625303,0.12889891661870867,2.6774555325148204,1.205971100614526
svhn,far,13.004442485172257,1.1140917382797595,0.12056814112341305,2.5778277345064478,0.47145435741199615,0.034893176188415365,1.856225759112966,0.5474964700461704
svhn,far,24.702637447103896,1.392743324434084,0.187868985734179,2.7095102755876006,0.567300846229668,0.18051058563420275,3.581297255023838,0.9937362566943357
svhn,far,12.862640498819147,1.1093301316354385,0.15440466683793924,3.4317796513915177,0.5259908989757084,0.10567116269352117,2.424494007742833,1.0395464577059677
svhn,far,14.426256887801143,1.1591536614181308,0.1864516969968424,2.913051842955379,0.583571372957038,0.10443644516236872,2.9417316731203726,0.6585274749234842
svhn,far,18.259746998920843,1.2614947558215277,0.16024828413625064,3.0425826818327906,0.5380314984944101,0.16428377758496748,2.975476580617753,1.3834987706188333
svhn,far,24.409610059872403,1.3875608416964167,0.1875509084486516,2.565901124829132,0.569015931364259,0.15400419303485435,3.9158558245675743,1.1862853174086916
svhn,far,18.821597303235723,1.274656477272909,0.10826694635430298,3.6030217426801046,0.4651005274935019,0.1463845937236432,2.5013672555297606,1.3537577642424528
svhn,far,15.6339328034769,1.1940682410029844,0.13213898377469985,1.8683313144019715,0.5177582148382724,0.12622325507528376,2.0347825532667425,1.8202635920156216
svhn,far,12.042858913860039,1.0807295985131802,0.10661312175360904,1.7166594187855566,0.43835023500238957,0.06826475533503773,1.4432251479999811,1.6297162198379171
svhn,far,14.259236864294694,1.1540962832956494,0.11755617760812531,2.83624390872153,0.49152252193525636,0.10542287132540151,2.085368361688708,1.3979705628230648
svhn,far,19.157825669153127,1.282346217005613,0.12665476051345342,2.9627845466198295,0.4814298547259656,0.052071632399362244,2.5062150921103528,0.532574329473033
svhn,far,15.51166766525142,1.1906584915155127,0.13118291034778445,2.1788833116940953,0.4875563901357728,0.14522955111851954,2.2820236129372597,1.7476160559983065
svhn,far,18.97305452933392,1.278137254920247,0.14802324588547072,1.8612840218119335,0.5248583992704877,0.040928649917949145,2.7129716008708504,0.4196498827290512
svhn,far,14.80625696354284,1.1704452823496136,0.140132182457606,2.0363504210824717,0.4935286706998505,0.09460516649640538,1.8155864324647168,1.298567753137555
svhn,far,19.05413032909143,1.2799891314623408,0.1591854917070042,2.861262938907671,0.5311590705657592,0.18137852156087775,3.358594454161505,1.111910951885265
svhn,far,11.311898600108993,1.0535355034917027,0.28524947061722494,2.1329219490849374,0.6626436709285394,0.0005360869029435947,1.293796720899364,0.014924034193304979
svhn,far,23.38268651191566,1.3688944071982387,0.11577294200854152,2.053959863252141,0.46233154447618824,0.06603773387051493,1.7980108888568371,0.7856026018320067
svhn,far,11.759576742036414,1.070391690662593,0.2785927723875693,2.618000428281907,0.6587309209165764,0.0571537129807041,2.7711105660732334,0.39535033291977
svhn,far,16.127796613724126,1.207575037975999,0.11229893088403681,2.1988795555398224,0.46332618630633154,0.06161719957362766,1.4932600098285866,1.1981712012291448
svhn,far,13.23910079339663,1.1218584886313634,0.1112564489453232,2.469943337807287,0.4710878552033959,0.10163344923834572,1.8692688430505455,1.86280399237862
svhn,far,14.585834151058968,1.1639312711181686,0.10908694578516986,2.7121517613131956,0.45710976834206074,0.1278484948955667,2.242956658833656,1.6074102628070799
svhn,far,16.635533601167577,1.2210367358787344,0.21923535842426176,2.4290413821912193,0.5729088167743981,0.13143037454082107,2.5384958210809625,0.6164388330394043
svhn,far,15.747377663700819,1.1972082431688067,0.1284385459288048,2.241285001343238,0.48693855799693864,0.10918347304786702,2.1953941751746693,1.0477748030757106
svhn,far,23.78994523367513,1.3763934422766204,0.1430887249422242,2.906153451232406,0.4898723471144822,0.17509678240950965,2.7994553455668933,0.8915041235041685
svhn,far,11.571741945865492,1.0633987401935436,0.17481040395351266,1.951807227183982,0.5223622857654231,0.008837924628500707,1.3007623006079667,0.08921843274288235
svhn,far,19.851239136538524,1.2977876211141945,0.13992731955095294,3.0273338595616823,0.510353007120183,0.1603001572470628,3.084213833141783,1.4662738192956604
svhn,far,14.057650419964009,1.1479127392840633,0.11211478370318939,2.083877624306563,0.44361724961867555,0.08633887000676399,1.7433581508085774,1.5253875387173776
svhn,far,16.162940774431608,1.2085203815838883,0.15540330539201033,3.141630884731265,0.5320766495512756,0.19373632650897887,3.4940148347312983,1.6843942109708494
svhn,far,13.051123554982183,1.1156479011883893,0.10110949385194268,2.0601336508039583,0.437260071383743,0.12595256371315244,2.272821758735128,1.5669020399825548
svhn,far,25.517564532390583,1.4068392217660883,0.17006110734870877,2.8108004909117694,0.5267482656478281,0.13647979763314433,3.0498826018002663,1.0609361005485445
svhn,far,18.64487424487319,1.2705594585201991,0.15743056504041344,2.2878744000222473,0.5152209724312431,0.038194202613412165,1.8702361986452873,0.44081531907161225
svhn,far,14.17230340575344,1.1514404413233121,0.122673710941983,2.4208245260252466,0.4834183645166953,0.08496997138045992,1.9868031271215105,1.3072594464407774
svhn,far,15.32280712354563,1.1853383349455822,0.1699066436862628,2.4323334208507585,0.5330558027737391,0.04675592261557604,2.3395710441762296,0.4004358656210957
svhn,far,15.07129889247492,1.178150682836195,0.19277050013482713,1.6973216685177173,0.5623742037014138,0.14715147019289143,2.267881520025433,0.6875762769313738
svhn,far,18.295748573606538,1.2623501834411022,0.15502050116481011,3.5839162826397124,0.5107210247101778,0.15893725623142463,2.885406628348459,1.1685214646923578
svhn,far,26.068013801709213,1.4161079422774847,0.17998888808157054,3.177662054852198,0.5762353431004252,0.2008490637915039,4.5525769654478845,1.4663839656747197
svhn,far,16.349507970493036,1.2135046873644488,0.1845787688159891,2.628680546404399,0.5582680620754382,0.17754684264302356,3.506251393493034,1.6262330284244353
svhn,far,17.519815402257404,1.2435295259320027,0.19877133158939875,3.421755845457145,0.5670972120478195,0.17275680476430866,3.194864852603615,0.9348374451253528
svhn,far,24.55007079634754,1.3900527488766263,0.14999510813962258,2.9904666840018086,0.534610564677408,0.1011302246004917,4.449468705855495,0.7242049903228494
svhn,far,17.505814357207196,1.2431823186457118,0.118817784557119,2.2790710834906363,0.4589271262334449,0.08870513600894592,1.7120415959540818,1.3731648701803094
svhn,far,18.59893182083249,1.2694880024326958,0.09535204315474569,2.7137912823368646,0.4468847723130426,0.12732603443510937,2.184707956095415,1.1068522015737834
svhn,far,13.860251870444376,1.1417711224391747,0.11598439089007276,2.334091057493521,0.48653989369469686,0.02976685470622714,1.782037151783491,0.47025788531170537
svhn,far,12.441501768198927,1.0948728056531625,0.16744685990824887,2.771380761306037,0.5241910481467034,0.12378603481482675,2.264037815011895,1.5698835365356227
svhn,far,14.741867668914265,1.1685525084453305,0.10605956779189403,2.400337421381545,0.4487951590887882,0.11254325674096,2.140721584266026,0.8420432322024894
svhn,far,15.378693934493093,1.1869194537558123,0.14263380505453388,2.4221950994577597,0.47959209314548773,0.06209127384258539,1.4583776809815416,1.168316020008623
svhn,far,20.20361123288737,1.305429003049484,0.23098823920452322,2.9013723215716487,0.6121859039225918,0.19887008113808535,3.6759871566265034,1.1583041962309675
svhn,far,18.741697331061644,1.272808919986545,0.17731244651608463,2.5559498029359564,0.5432048710399654,0.04986150288752911,2.7963566480648097,0.4828340694618111
svhn,far,14.043596904445893,1.1474783553808303,0.13706573190343832,2.8131356646737675,0.5005784724069747,0.15522739423099807,2.700521586946299,1.671344992407916
svhn,far,18.200285019925513,1.26007818919639,0.1891183047373043,2.709871569327557,0.5640804340157625,0.07216834837598507,2.959762088170033,0.460143871410933
svhn,far,15.433278982607584,1.1884582068926182,0.238230060631491,3.4388430212633447,0.5883984404985383,0.14522372350759305,2.916076415656335,0.9093835792940113
svhn,far,26.7282340392571,1.4269702654565937,0.13830502444595213,3.8502518727130193,0.5095192472975966,0.2068011069792869,4.263867523626195,1.1977934991264099
svhn,far,17.936551062595406,1.2537389382594983,0.2716444220942116,3.880733669460763,0.6535193110950843,0.3060611773516404,5.726852155809881,1.532340302436334
svhn,far,18.843716185382565,1.2751665545124833,0.16347875256388456,2.649267761235379,0.5189688866902054,0.16805346673581023,2.7234027086816393,1.131095037479963
svhn,far,15.421698873055291,1.1881322187854333,0.14790704595737425,3.301590591701953,0.509383512301773,0.02953444548694434,1.9477493587807027,0.47094791598655483
svhn,far,12.190868205242579,1.0860346361970041,0.13896749524946023,2.4209666144414355,0.5342611961498024,0.001896838606726868,1.5940620091463185,0.04610915958373646
svhn,far,24.801798964523666,1.3944831829417321,0.20531459397107085,3.16352206466794,0.5865279746678036,0.1743989757097495,5.009447224441543,1.3975954907492742
svhn,far,18.246363891063744,1.2611763318639262,0.12213267718110657,2.4236323347220754,0.48487253773616057,0.13861505262002738,2.560664319111595,1.5115596453948956
svhn,far,15.146460686838546,1.180311161992321,0.2458039528876868,2.7457532456860934,0.5809791939548503,0.19133537947779589,3.359082378816122,1.4333802264949922
svhn,far,17.05017457619924,1.2317288301042435,0.10314627532243371,2.3962149838854456,0.45209284604890465,0.08048951503471025,1.7973171490129274,1.4699993785195518
svhn,far,17.22639972369759,1.2361945204498888,0.1744697073735858,3.3024856597210057,0.5476376133567206,0.23778652758651986,4.2009306048994155,1.5060719038955521
svhn,far,13.7667952260254,1.1388328525876121,0.18448731184021927,2.8686231313652826,0.5516602739033211,0.23107717088704227,3.862839100114429,1.5315466640756379
svhn,far,15.993671445677196,1.2039481701881403,0.18794517232556107,2.6555905530980293,0.5696253135869178,0.23778625301602396,4.468847727030315,1.7840924067735173
svhn,far,13.287333203641666,1.1234378258844377,0.19077332459252933,1.9916267756641097,0.5569638008627634,0.08059106001177352,3.0693335478829424,0.5185356227770045
svhn,far,14.750718389349071,1.1688131718644856,0.20505966277298998,2.8942495289509473,0.5612639811168383,0.1786460035366636,3.4204530701589357,1.0323744439519724
svhn,far,19.782176865948212,1.2962740804504778,0.09549732854356363,3.4190696092008768,0.42980336238626027,0.09475775159715205,2.3483445595132197,1.096652945433708
svhn,far,11.215826497113714,1.0498312824080125,0.15008044910024476,2.8564431200301112,0.4957475082121065,0.14141521481267216,2.802276882434144,1.2220107273489293
svhn,far,20.99116906623604,1.3220366265438601,0.1201492388030613,2.9142259093396428,0.49256788558081765,0.07389349348414143,2.4388404702186137,0.6267000790601363
svhn,far,12.73112155671895,1.1048666648376875,0.3346588303794546,2.5482275888466472,0.7047298131029098,0.09525893827995535,2.918494082563803,0.3815855530128391
svhn,far,23.554024698479132,1.3720651261330037,0.15243888939143774,2.575662747754759,0.5188822306299258,0.1737398641481066,2.6470346922073182,1.1085392089023278
svhn,far,11.868216411120088,1.074385456901011,0.1990771078740345,2.203851770204012,0.5512572551658877,0.10857958975516352,2.6529832753883045,0.5190866443923313
svhn,far,11.371440224425495,1.055815472809439,0.2520093004201645,3.690773084904835,0.636778686076886,0.03193126925127432,3.095662591681304,0.12148480986617641
svhn,far,15.23048599799377,1.182713761728271,0.13721543484677476,2.5114429683475716,0.4768686569336862,0.12314917416234317,2.3559414261044784,1.7645618828318403
svhn,far,13.963009502737313,1.144979033616913,0.23139628834692932,3.5078481172865255,0.5928059136873804,0.2146105095385371,4.033569059482852,1.7492981833873655
svhn,far,12.749770646655328,1.1055023724285156,0.1170115779472913,1.8144559374153135,0.46130496588483205,0.06359855759830646,1.5247984380444175,1.5631323216799689
svhn,far,19.1085147204543,1.2812269312546363,0.11236529971439808,2.796287728001537,0.46093835611330203,0.10028972065586905,2.6984282258731853,0.9461034144088765
svhn,far,19.92270725530862,1.2993483534946784,0.14999514382466156,3.303397042088873,0.5137347866001175,0.08246187679065442,2.3088283971992953,0.6312131662180083
svhn,far,16.64832921445495,1.2213706553247727,0.1294595696934735,2.072140814504466,0.4763082603185038,0.021693427131218523,1.5929400204055297,0.26439059452500097
svhn,far,13.760944494573932,1.1386482431392275,0.1343127438909406,2.529864796451379,0.4815446571704092,0.0057456746231518,1.6545738345929557,0.07193972345348947
svhn,far,14.131268252137916,1.1501811406611788,0.15049411168419152,2.0003486889083875,0.4937828612935383,0.07432879205232223,2.3344750932999103,0.706944511560144
svhn,far,23.980687888903017,1.3798616367488263,0.20388563277959074,2.374493079373429,0.5839924484742929,0.061334780065456784,3.023539583882929,0.5364322695867655
svhn,far,19.130211657784557,1.2817197751362168,0.10926763686448504,2.4386751011039642,0.45781347613430423,0.09848824653130606,2.5752478224552218,0.9387720081943545
svhn,far,21.66976928108705,1.3358542874135013,0.14017732652652434,2.630978810418201,0.533960084482201,0.09644464308716633,2.8053051848993666,0.5879285425810571
svhn,far,20.963461413724815,1.3214629934452802,0.16118839701194335,2.7765265668900705,0.5195301835764071,0.03299347735247515,2.638047937852196,0.27298211270418243
svhn,far,20.836861666587154,1.3188323085293634,0.15200346990975475,2.278378577267079,0.5288719794134054,0.030810037003069723,1.9567571458428112,0.34833414694162107
svhn,far,17.07948013789429,1.2324746476032473,0.10495681149535323,2.997890704248963,0.4591771611164509,0.11293465276018,1.8278234705389242,1.1930596617026643
svhn,far,14.041194324594176,1.1474040498845997,0.10937481808848942,2.8202708923366124,0.445012538061087,0.09311551295374576,1.8539050890560385,1.4446977165454318
svhn,far,16.78493985849996,1.2249197895081243,0.10647650398549419,3.348647289550514,0.45267472426547817,0.07958204348267539,2.3863223485848493,0.911712693748807
svhn,far,16.179092591071235,1.2089541604587513,0.09610380386828447,2.8375017389347663,0.4410181526282699,0.06562448815124933,1.4988037855038192,1.3306624135867247
svhn,far,17.05267908715728,1.2317926192112532,0.17441901341045002,2.657922958884653,0.5245585971619927,0.13206367966958943,2.9412181972301625,0.8824367485845497
svhn,far,17.37859264555643,1.2400146034945636,0.10054021055841313,2.586886558436108,0.4393438945427603,0.07426058791305867,1.73181235649388,0.9943534047548918
svhn,far,14.741720589397726,1.1685481754705331,0.11202385576210286,2.535963752857678,0.45313909458826407,0.10032089539067224,2.3691296639037036,1.2177601817177282
svhn,far,13.296761247852686,1.1237458708136954,0.13447491729566674,2.0757663913319897,0.4991578790692221,0.13295176585576418,2.2893884595814473,1.6787189517705647
svhn,far,15.00117356578766,1.1761252359652279,0.13349523852976253,3.1827472225998608,0.4815186404484474,0.09812195455388029,2.371464888574745,1.1562215693651776
svhn,far,24.41371777040519,1.3876339197146945,0.18604018070786982,4.338194470248029,0.5565766655255489,0.14190556801596754,3.356175195000549,0.7889366316129337
svhn,far,24.687725773432128,1.3924810847028564,0.14975087264452527,2.196521112126029,0.5148600473851606,0.1648379440598935,2.8011651524573318,1.242456696010763
svhn,far,15.758753917336493,1.1975218738270423,0.11722897061351246,2.296801668308728,0.46923645277560966,0.00945272338508063,1.7907770388138222,0.2110843686475811
svhn,far,21.03698538799906,1.3229835053141679,0.13823669055842647,3.2049766428919173,0.48481616233211294,0.12160372355645999,2.86023197475102,1.0652126743888612
svhn,far,13.576958087972645,1.1328024773703427,0.12983364159781507,1.6973099683729478,0.48109909181308197,0.10556823803811644,1.8857876302676557,1.8508169344709102
svhn,far,15.991036124065147,1.203876604385378,0.170182801352054,2.43944994408137,0.5310363134800342,0.1702375265149625,3.128074585007337,1.3629323173573846
svhn,far,26.36825836198408,1.4210814453670142,0.17468994887321532,2.7440242833077493,0.5502209793471831,0.19037880172624266,4.497507731599616,1.0491825450623222
svhn,far,15.322342164544628,1.1853251564078273,0.19022737086628028,2.697942081021496,0.545604681289206,0.03573100284881059,1.5736984936065255,0.4960232258804083
svhn,far,24.71793500594343,1.3930121859738338,0.1609740620517633,2.917464309202523,0.5366081843603667,0.19029687301572018,3.1233872885528178,1.3071981785351359
svhn,far,10.06074606894415,1.0026301876827002,0.21664920920759234,2.2880690759164914,0.593771899316208,0.07267768404387853,3.229288021104321,0.9092371329896273
svhn,far,22.847122341437707,1.358831507272321,0.19219481922193704,3.1241011507978618,0.5556897580702156,0.15849234892361452,3.112426989317357,1.2650847632805178
svhn,far,14.20377398498554,1.152403753081827,0.12380080931557523,1.9466341751787626,0.4612029782152164,0.12225248006290745,2.5942195321864996,1.314976792006759
svhn,far,13.30893713941038,1.124143373845381,0.18143811306740742,2.5423018663013477,0.5331797684889991,0.15909212499101066,2.993645025214346,1.499013678623855
svhn,far,12.251888519641447,1.0882030365274076,0.09812713721350005,1.8185464552941326,0.4171844772337324,0.06116529267195836,1.5384763507114527,1.5486952649713976
svhn,far,15.591120830319985,1.1928773373415191,0.08645032533247449,2.1643123645757463,0.44354480211808,0.058890978704990715,1.7651300927016678,1.1534301641129054
svhn,far,10.849202244584863,1.0353978051819759,0.2150260132974785,2.3907081545496993,0.5723017866374965,0.14576326286466879,3.694681841094556,0.9915368198221136
svhn,far,20.149191270397072,1.3042576195382645,0.22696471381246466,2.6912224440725003,0.6029297591208725,0.09319507123574722,3.0584411385907098,0.9379092266073319
svhn,far,12.502535931762948,1.0969981114003287,0.1234648277546138,2.1208823254900397,0.47383276282255926,0.04103240462106267,2.1011771456530695,0.4798980567340286
svhn,far,12.98501658354408,1.1134425086492938,0.12825493274957575,2.6910332088430713,0.4734440855005323,0.024699538123685083,1.6336817348539447,0.4142402482800457
svhn,far,15.300513435202175,1.1847060045932905,0.16680709406623354,2.54794042411642,0.5120247000815267,0.186657540333095,3.412852554280252,1.3624932637256602
svhn,far,18.965771225671805,1.2779705076071066,0.11781963625562633,2.9558465460502603,0.4620021161389335,0.0707989026624124,2.1134357703048057,0.75705083930128
svhn,far,19.451175220951907,1.2889458461239216,0.1568140704868012,3.5240836888401863,0.534259031416907,0.003024298934451275,1.8129606969880239,0.05731272774997257
svhn,far,14.406081569137095,1.1585458695105124,0.11423378154650843,3.0709134982936956,0.47462388793216925,0.04542837786081111,1.8967317172867768,0.606889034596053
svhn,far,18.828159978002173,1.274807879761112,0.12964575608818682,2.4740863221626097,0.4751154893601955,0.16129722815455483,2.8491679702577937,1.6210607415309886
svhn,far,19.04360347942129,1.2797491301613368,0.1585068646604066,2.8761004997582735,0.5347633418103942,0.18838978372820425,3.571008488241967,1.7632240338719427
svhn,far,19.13475688116184,1.281822948640146,0.12934791361815418,3.362165152154055,0.4973038550507761,0.15367190000980124,3.0979470761887393,1.4405773250783602
svhn,far,27.692527476884745,1.442362595312392,0.16106839292821626,2.8524824759187304,0.5309279838685266,0.11815052169386209,3.98977727233059,0.8231527123361643
svhn,far,15.078417973386623,1.1783557778045615,0.17089599762812308,2.8113276811718264,0.5680860128491538,0.18015387207431455,3.056017992306326,1.5691725080747672
svhn,far,13.432397334740635,1.1281535299262542,0.18837930506901868,1.8285376223240926,0.5304319195324967,0.04424023722264281,2.182027617852126,0.440132493613726
svhn,far,19.348329586270324,1.286643476727254,0.23932804508268196,4.097972908049529,0.6424704356120982,0.22367538008122434,4.597750767520615,1.318262821893804
svhn,far,22.654517713590472,1.3551548210452622,0.19641175628921664,2.7805556402445237,0.5489070989438248,0.1425373659907958,2.6503141761728273,1.436988274654422
svhn,far,24.17572673761783,1.3833795381357057,0.153372285940205,2.896952489707667,0.5229923902231525,0.11722647195363978,3.2606670203070416,0.9211628461090636
svhn,far,11.004674120294737,1.041577186424219,0.12630971674913657,1.8268532813312643,0.463111149690528,0.024176006841330366,1.4083328289204704,0.46232800398479146
svhn,far,17.28131904695718,1.2375768882230929,0.16503738811134502,2.4508603467577235,0.5256960219997737,0.13931988954467012,2.911362830911051,1.489708712564746
svhn,far,17.117087528884937,1.2334298714800198,0.13404555928242118,2.6012551976989426,0.489505007294437,0.07324558435657103,2.3042292433981,0.7820220423834261
svhn,far,18.62259604058456,1.2700402227219472,0.11706655849042201,2.5932230846108033,0.49075962012464025,0.10691598794534718,2.7482871688530124,0.9407426305192848
svhn,far,12.838530697960024,1.1085153239005432,0.10722163054486256,1.9155263124278168,0.4484754943974549,0.0730649781450905,1.7135488504338725,1.2468962832186807
svhn,far,14.851921312232564,1.1717826396303788,0.14984166468146953,3.066075310273773,0.5052056178614817,0.20607178437272888,2.7348811106629354,1.032679889571375
svhn,far,11.925974438443728,1.0764938742013657,0.3166348442048369,1.8982616726944121,0.6592165656005102,0.1030573426729936,3.3653942820283165,0.6184267007275444
svhn,far,13.314560847847677,1.1243268467744048,0.2972014050611651,1.968307968466531,0.6568878522344717,0.002843299774126916,1.777811879607153,0.044084850063185584
svhn,far,22.015813037029094,1.3427347284696136,0.1255852698185518,2.5836384930253797,0.5062699281077464,0.15644481802424948,2.7791305330195017,1.6541948473552641
svhn,far,18.094239009502566,1.2575403227031732,0.17617848376172912,2.824010899503366,0.5168021648211887,0.06556983933635685,3.235758490698566,0.4453116190258198
svhn,far,21.003565559352648,1.322293026721626,0.12691521530631453,1.8739884151582407,0.4947082410441986,0.09969147711111592,1.8060521503961524,0.856412135555611
svhn,far,23.938970667841257,1.379105472617888,0.14911413562893336,3.8071085630457135,0.5517639792738118,0.2270535591096805,4.681737924669054,1.3331028149955961
svhn,far,13.164606968329707,1.1194078977300246,0.16730542177138452,4.265662296352449,0.5461495617397408,0.029825745892222477,2.0096268741067322,0.2804325925041562
svhn,far,19.533912704745312,1.2907892425873349,0.13741523089673358,1.9050040040732044,0.4891709589259157,0.06335173806186234,1.6826372354915455,0.9614725454000431
svhn,far,16.187419653006607,1.2091776258171003,0.2171361394691612,3.229434599529206,0.5996032548545797,0.2231976203539916,4.030617231008678,1.697027987784054
svhn,far,21.49355985671594,1.3323083512069145,0.10964913718129393,3.081158591605961,0.4585276840459246,0.04360595275904122,2.269686898842206,0.5305672098319714
textures,far,15.575293832961712,1.1924362485424078,0.2966605514099455,2.3000469526188527,0.6651638173848815,0.11060782156473736,2.546663365061252,0.6734145952647235
textures,far,16.099374480142483,1.2068090024501383,0.20520271277105834,4.298625618449763,0.603604146745969,0.22363571084942613,4.811462503740156,1.1656922345379537
textures,far,16.42146002293424,1.21541176740884,0.34352917215759793,3.106889833160716,0.8284647644486147,0.19754708232141693,4.3140883785931186,1.5804866575554075
textures,far,17.774384422673123,1.2497945688374559,0.19973524806544732,1.6987316141697508,0.5672694155220012,0.0035926886007181733,1.6462502710891092,0.05318994316730534
textures,far,25.025773146195444,1.3983875034689957,0.203423812421723,2.8524883102480354,0.6581082870235654,0.1821333314464758,5.629081180201883,1.0287016483456615
textures,far,22.967342118124368,1.361110739653635,0.4411617187666945,2.9512356111028546,0.9048823101658418,0.09439549184331741,4.2048896149292405,0.6007807236426621
textures,far,18.481232028901548,1.2667309195871552,0.18642820618085026,4.893250647422021,0.6081145355136397,0.2394853652279707,4.412342664966019,1.8043385269061283
textures,far,19.78532129245379,1.296343107159089,0.1842287691308222,2.9037143893610065,0.5810844253716685,0.09220183863419917,3.7179574171004455,0.8959605616212076
textures,far,16.959579260945898,1.2294150739536112,0.08772094965239946,2.3865077928710674,0.4459955304136107,0.03828107396572178,1.8314879660699306,0.9018624304123354
textures,far,20.40357681137159,1.309706307313679,0.3372391553572956,3.092186085096387,0.7012390784939061,0.01580347510197505,3.5316212852056617,0.1330807093679762
textures,far,21.370188884514235,1.329808360796452,0.3782194898355332,2.872303822976327,0.8347606265169669,0.0033806903118585446,2.157746063467158,0.07078107467674306
textures,far,15.648448096499473,1.194471273760311,0.23675316524158896,1.9823121353345834,0.6712497491221828,0.012393175866663858,2.3743588517233576,0.15287707789277244
textures,far,11.581838682877,1.0637775116256785,0.22407916860321464,2.6783335908816635,0.5676974555694212,0.15419857165037176,3.4106664526742234,1.012802040859129
textures,far,15.177405738572244,1.1811975443345926,0.34607477639859874,3.6293445017856802,0.7203067240152911,0.2470674022503665,4.845438486506288,1.4571964151790708
textures,far,11.029381666152405,1.0425511655615871,0.2875664115784271,2.4510802137365446,0.7193840629721451,0.019391143917202897,3.9565803637044494,0.20761618667590728
textures,far,13.90742269425166,1.143246654583102,0.11080654566824708,1.6261397280910697,0.4528341834877496,0.07616657182950393,1.3616425620495272,1.862223697666104
textures,far,55.13674163290468,1.7414410974203252,0.5018454719224694,3.8123440418474495,1.145672745800077,0.28651126705592944,8.589391302351453,0.666675113870271
textures,far,14.055064504870503,1.1478328431472533,0.1543164318648565,2.8412306268527057,0.48510327564239725,0.18626480000934986,4.3136869253099475,1.4580137908178112
textures,far,14.340375016562604,1.156560508788437,0.23044315143973648,3.3425492708381324,0.6166214503795957,0.04056223048910734,3.4550729124235686,0.3601840610782006
textures,far,14.08232223526776,1.1486742777632195,0.16897255815951648,2.4530429421888753,0.5255822967031647,0.18964600414851218,3.2889314396224005,1.7065407202364247
textures,far,20.240579999041497,1.3062229531879437,0.17737013272369972,2.4126196880871995,0.5339097237401284,0.08881630789641082,3.449340399474889,0.7004209127450063
textures,far,15.86203058669789,1.2003587830183469,0.2232730906549889,3.5791831598899453,0.628254247644433,0.22791456054453985,3.9986799654013234,1.3838722753346686
textures,far,21.08155662324571,1.3239026752483436,0.20439218383142985,2.5847960226037268,0.596338314861816,0.19660357065930367,4.023254285761485,1.238316667423667
textures,far,18.097827267633804,1.2576264388535543,0.19724031423007699,3.2267660327388206,0.6074093675543673,0.08435813502587597,2.86053569489993,1.0077070031348738
textures,far,18.308596640469382,1.2626550567963206,0.1409773765878667,2.8274571551016634,0.5480408025570367,0.07288825872599786,4.027860517962606,0.47882501164659386
textures,far,35.88090520454231,1.5548633909164544,0.21755329606028756,3.4739809603262026,0.7160633980250354,0.22184473005213656,7.8668844928383725,0.7994109804892571
textures,far,12.341910280960118,1.0913823850380768,0.2007265911868677,3.7201553656289867,0.5708503099992547,0.07679417004592548,3.352423762793875,0.8033092722962674
textures,far,12.602459088184926,1.10045529628118,0.1061574775995995,2.123390691519103,0.4623158465508225,0.08209026968725319,1.7278374685181115,1.5944414630703403
textures,far,16.11702284489497,1.2072848215254688,0.13997998581904111,2.7590334417248465,0.4896082531347742,0.20055384260108644,4.365539578844682,1.7186201474433938
textures,far,16.1847719991514,1.2091065857420782,0.11454399242220831,1.888023518295485,0.4812413932144839,0.09671806865048183,2.154250713868446,1.6146546876032621
textures,far,13.247890726840803,1.1221467372781027,0.4300178421844188,1.9918471119705092,0.7562726021705514,0.13756944495673018,3.5181339356236228,1.008654594436819
textures,far,13.579435134703804,1.1328817049556,0.23183296234379885,2.1161859073830853,0.5990962332142911,0.043477402584329916,2.279933217876811,0.3949842820722418
textures,far,10.468352838630315,1.0198783522676114,0.3088653542500859,0.9876705587344529,0.6436157187800923,0.0008695648284233227,1.0714591896143517,0.028029069444390136
textures,far,13.370761621932795,1.1261561461712015,0.16468227569096017,3.3496860382119857,0.5413897996441932,0.16907582866756843,3.453379033485423,1.4551516962298714
textures,far,10.88460780825093,1.0368127852974889,0.23186992488785688,2.526838749622128,0.5946023267274004,0.15530138629625978,2.7889249962459113,1.1246051084322317
textures,far,17.674257966304154,1.2473411895144833,0.1741135435596785,3.34293293871244,0.5298788380411616,0.18284344044180734,3.9139530865096157,1.9262247955132377
textures,far,15.017190900572793,1.1765887016400143,0.16870454808998933,1.7151518464893674,0.5131950336081634,0.006086950107927952,1.400933314285853,0.18952934043889502
textures,far,14.282314900814235,1.154798604331285,0.28945817455049205,2.8779158767333977,0.6593465998389864,0.31483276945941463,5.516143727410688,1.474607582569953
textures,far,13.168950529104173,1.1195511662187816,0.28201884423211265,2.659514448372946,0.6349400491705873,0.07532964004500486,3.4336956746237624,0.515457873819099
textures,far,12.002533076593913,1.079272911508249,0.3660257016441849,2.483021078387354,0.72353984828471,0.06844538701992248,2.4255623633245142,0.5597728552227049
textures,far,15.219258049749758,1.1823934807972718,0.35961303476787393,2.2442727783241767,0.6945415731461664,0.03344451287613476,4.168696604529557,0.2713777019340209
textures,far,21.22998559083451,1.3269496994232344,0.2968180611198053,3.5201352277333977,0.6711654496779016,0.1061245781330773,4.670553054192171,0.7059171438635186
textures,far,15.862228906717577,1.2003642128875747,0.09484982513458882,1.840681920964404,0.43531626544191787,0.08341497882194471,1.6490532595075875,1.8420553089743243
textures,far,16.322479209928172,1.2127861241391182,0.14268580021580252,2.2893248172132186,0.5303964296308759,0.1397967466083927,2.7394357599037815,1.4557853481903653
textures,far,10.85094813159885,1.0354676875638602,0.28766603506799615,2.830560937464786,0.6375014643144234,0.1514859661259823,3.549908689895884,0.933863056794451
textures,far,9.437969714337573,0.9748785794401917,0.3090959919906378,3.6437124976491266,0.6710180878993413,0.24040261664765827,5.511839437979059,1.6302299108177931
textures,far,22.25166721876941,1.3473625563155938,0.4239523684037067,3.4999648979756772,0.8184543762422369,0.14258032178533664,2.9694803449451843,0.842814720589429
textures,far,11.606377018503444,1.0646966740029797,0.2753021036953369,2.7145188320313496,0.6065921648613678,0.012581339400280153,2.2431310752803237,0.12277975820638833
textures,far,12.373961650536234,1.0925087657528354,0.39155547750763453,1.7597454874726002,0.7386348820770544,0.013258804326211515,3.437103293659307,0.1709176914895587
textures,far,17.885975639555816,1.252512634938057,0.2580561974649587,2.4899834151205162,0.6384652923725866,0.16460233164261284,3.6446704664633502,1.2948937264887797
textures,far,16.741356912838114,1.2237906553483884,0.18102612640987517,2.8939858017715303,0.577663356179643,0.0805260250992573,5.5930659829887635,0.30056975767200944
textures,far,52.351511101165976,1.7189292219052301,0.5712664818549319,3.9372050852122844,1.1938924081345235,0.31889426862659875,9.579585276174267,1.1359259837018143
textures,far,18.220971485971816,1.2605715285197117,0.14300554688829645,2.5403001417279247,0.5307692453999072,0.1612809305622982,3.5287733026037,1.6406434872823168
textures,far,26.87511258055224,1.4293502922146197,0.15551100950003088,3.466029817113831,0.5730282125239932,0.23040141647823398,4.177457386105072,1.4357524097920988
textures,far,13.218958924663987,1.1211972531342633,0.2945685092908331,2.003913126277108,0.639882939506272,0.041520451928059365,2.18851713487941,0.31748628146439756
textures,far,12.676481285001884,1.1029987196226234,0.26640618398940263,2.1693646344402384,0.6160196198869657,0.11934511706597173,3.627669740422935,0.8024065103289647
textures,far,24.397186708530647,1.3873397498236444,0.10558947619326385,2.16246152088054,0.47309676009976376,0.11879994637862823,2.168337651709913,1.3430749920343101
textures,far,19.424345498914622,1.2883463942392717,0.10823644100321651,2.526165907875158,0.4441879116605516,0.16356988512268833,3.628850776156274,1.7401361877985146
textures,far,19.436616773290414,1.2886206719005842,0.16833369956292205,2.9508086936428226,0.5505069388866334,0.19665775980655043,3.3382840043858697,1.3702362807196744
textures,far,14.289240974456,1.1550091602867054,0.1051063690330914,1.7827412022845097,0.46720103732926244,0.09883966080091322,1.7122419165023834,1.845898364042737
textures,far,18.664564539614993,1.2710178619390382,0.14957896061840242,2.740947117189164,0.5267244948022621,0.18844061744276686,3.551777662155507,1.9584964077164158
textures,far,18.44179315052565,1.2658031465414274,0.1491254357530964,3.7146011386229,0.5406188675933112,0.21125356527360273,3.9327026634763023,1.226965222770274
textures,far,15.622242186560003,1.1937433662763037,0.22603260654744292,3.126367116891811,0.633451136790905,0.17489868154466937,4.416757791193374,1.0432306113465324
textures,far,11.37857169074325,1.05608775016757,0.25222874354624697,1.7958502623066643,0.5571634450845259,0.03221945143556035,2.746094184377715,0.22913940476445238
textures,far,11.280409152840754,1.0523248523097948,0.32486574078150515,2.6104597491358335,0.6541484388279276,0.11793773352727666,2.732489179413734,1.1080399744835598
textures,far,12.067177521326617,1.0816057017608443,0.25763119576948806,2.2814052193401766,0.6148911473154826,0.005551616351194083,2.1112034884118187,0.07331975367246951
textures,far,15.716542116305284,1.1963570007005755,0.2515687503300379,1.8221327028479708,0.595339270933435,0.009365926666782765,1.878599089543303,0.14613960952783964
textures,far,16.926630670169033,1.2285705182657005,0.17564988362866554,2.3466510528243028,0.5922712295126833,0.15972910294307352,3.4428130614318264,1.0597413730190715
textures,far,52.40889584392716,1.7194050100459126,0.4373211014487446,5.1001749032599655,0.9702954762032784,0.5450501543684183,14.09059508429779,1.683366424749263
textures,far,14.737582595677171,1.1684262521103108,0.19207081059555103,3.0604826196471433,0.5468452460943124,0.07894189684493247,2.8859594218689972,0.8768756883519808
textures,far,10.77211246612452,1.0323008790503339,0.17064544054520547,2.6963833873947496,0.5043561933450735,0.19284042119637412,3.2639334203448493,1.4470415892332378
textures,far,38.76960322361422,1.588491356378828,0.40981620081449166,4.368873876008083,0.9428102273405299,0.2686441459981541,5.646645918491761,1.3856087709789353
textures,far,64.3478558735137,1.8085340804186352,1.5819252089167772,3.940341938368954,1.8116264108861388,0.2889123818756001,10.142808810025468,1.1419678783506286
textures,far,10.846220045075084,1.035278411073691,0.4117112161538784,1.9146378196484517,0.7397045620211545,0.1361988516691558,2.7273110964989913,0.7994655710818388
textures,far,11.533317969517121,1.0619542655768064,0.19949381415678802,2.6929742637652834,0.5752958936865533,0.16671644903970906,3.347671216824192,1.2059985392928494
textures,far,17.359375132317453,1.2395340882922983,0.29478375139805923,2.7066568731083245,0.6833643269228831,0.10776363954947243,2.3874835104151217,0.6161428827503093
textures,far,28.77053920111712,1.4589480012823912,0.5893478412505067,3.3553545145918604,0.9877234062004767,0.18219703636847884,4.443264797775949,1.260450872620734
textures,far,10.749967341120787,1.0314071448880635,0.29178683953164825,2.9785113781327217,0.6448260432475914,0.11337717671992897,3.913182504843306,0.570904006205829
textures,far,10.4333100322285,1.0184221129432471,0.20500337877083263,2.027345758434255,0.5786401892967773,0.017998225708396126,3.576472177438976,0.11002553134682229
textures,far,18.6384292605839,1.27040930974703,0.13217222041053414,2.465797048054511,0.4613623991590577,0.12418292981836754,3.3457675965053393,0.893395167839016
textures,far,11.61159410890108,1.0648918464060109,0.13811824094883635,2.098168218174283,0.4408031951025508,0.09735797260086021,1.8267349054130526,1.4467251988554164
textures,far,17.42556111343375,1.241186771560795,0.10845274027382218,2.880497029772029,0.4897820588028783,0.1259754023353783,3.0323119015536277,1.2649482197746378
textures,far,23.38301875803276,1.368900578073005,0.5526861601806463,2.616618857392752,0.947788368810907,0.17872652617803808,3.5452124381169416,1.0940260838112479
textures,far,15.006090690680084,1.1762675668493983,0.11797383024990624,1.9343860569661029,0.4721217109747805,0.17486066250182897,2.8367933150479803,1.5936323358375724
textures,far,16.010410966908122,1.2044024798770774,0.15401987805492115,2.263503141908205,0.4815433947994963,0.04816534537887246,2.0605043717621627,0.4770712246034134
textures,far,12.736274356764063,1.105042405825412,0.19875193200154895,3.7830620336862446,0.5712617031276996,0.12722242592744015,2.461200863246774,1.2551415924582574
textures,far,15.851405548269943,1.2000677772937078,0.15641096417807268,1.891172709572447,0.5018695702468328,0.03230983253678371,2.6021191100413272,0.23789279890285736
textures,far,15.119719400887364,1.1795437314202983,0.3592474157394322,1.6921177846332582,0.6885893663295075,0.00276705061891281,2.0510344250679102,0.057664103603030516
textures,far,13.778605705844505,1.1392052724003205,0.23789416195397947,2.7997703222670407,0.7168001559609802,0.14589847319120097,3.2531723644413137,1.2505944134131104
textures,far,14.07601876522364,1.1484798371672704,0.1883090183335398,1.9880884864476958,0.5399551981492501,0.008069308756970442,2.188445055165581,0.11518731088208167
textures,far,11.215054484082037,1.049801387817604,0.27482020323454776,3.07380276258616,0.639063034324853,0.057554194857007634,3.7292038354945034,0.36141335812517694
textures,far,17.58696117525284,1.2451908048698208,0.1643004239028858,2.7364758029445078,0.5106653581535974,0.061854102063223226,2.4913885243789102,0.46226143846166023
textures,far,16.859168380490956,1.2268361482106038,0.34268458090640125,2.423751790215362,0.7090934521069994,0.022570346144758197,3.175699118277067,0.1685304091665106
textures,far,15.238020407380695,1.1829285508908307,0.15590763418423143,2.5684533458449663,0.5154160916421744,0.09874094262144362,2.217765023517444,1.1761638583490754
textures,far,14.443340359631435,1.159667645617462,0.10798865752818623,2.123908842923697,0.46966245399745654,0.15744425549526375,3.12662192775979,1.4808538177384873
textures,far,29.9821191458188,1.4768623256851834,0.2549482739314891,3.6653099815415935,0.7151829023362017,0.20804515417229674,4.976573165623047,1.3346332925884627
textures,far,11.863488765240195,1.0742124233554011,0.223156934229372,3.350387950447669,0.5916617628083133,0.2349152384395763,5.160079956685408,1.1518624439503824
textures,far,31.746493820842833,1.5016957674891072,0.28816755062568794,4.167706439994977,0.7825504328248354,0.252666208854343,6.318715071157657,1.0683577717597554
textures,far,17.613629317601344,1.2458488523126394,0.19489820255320478,3.2159973726464113,0.6166551542372126,0.2598557260894596,3.9228026961680125,1.509685861428524
textures,far,13.113680952918886,1.1177246133980565,0.2516910102145814,3.3674642873657143,0.6270764755021776,0.1945808801792348,5.09301996406408,1.265173635223712
textures,far,15.219884606788082,1.1824113597676116,0.14725329056291142,3.164621766423788,0.5147114092066674,0.14944647210899253,3.432849613766906,1.1654120969844177
textures,far,16.75787731070897,1.2242190065260596,0.4118853426667064,2.7645199277470383,0.7506155143713785,0.2253436208699755,4.154561985328864,1.364487145179352
textures,far,13.200447161020461,1.120588643077723,0.3717896473360751,1.7036083334435976,0.7368939118405341,0.0006219361930677909,1.5523057739833659,0.015599019977467767
textures,far,18.233136796113868,1.2608613903492916,0.3420603948256097,3.4218948709644583,0.7176290123277569,0.20856525044868413,4.617672831191227,1.0230267695393325
textures,far,19.546326968142374,1.291065159332802,0.2999436999149034,2.983854343541878,0.6853479558536617,0.146013116987195,3.3038206005361643,1.1551872865230939
textures,far,15.823456464119385,1.199301356517162,0.16612112204239984,3.4546302189439055,0.5382403157860205,0.19354727790233928,3.992182792459158,1.3135731046627817
textures,far,14.350854544104171,1.1568777626152,0.26392474622936624,2.0615021408570064,0.6287324526965629,0.08335865315343038,2.8432310985864695,0.7532270300192
textures,far,22.776939944824075,1.3574953767267812,0.16778649919071362,3.3999616997573257,0.5529805993629159,0.07452139363725102,5.3141386483500375,0.4715371707216089
textures,far,9.924926688006197,0.9967273075079326,0.33795704051411557,2.399573830681333,0.65803941501772,0.04472272611898026,3.5494154054988587,0.3506278474319189
textures,far,14.145392676470392,1.1506150080172208,0.2307646134413504,2.6468854792018712,0.5714947809385154,0.1000343983641706,3.9044066182342068,0.8572775594834954
textures,far,16.943820434765097,1.2290113402982548,0.3619454092937955,3.113129620517334,0.7812927641066613,0.00464995560127042,2.411259498818957,0.059481115354986666
textures,far,11.401492710201145,1.0569617139504137,0.21717320956704372,2.2309578304862456,0.5757761867571886,0.08003968385879845,1.510956693861024,0.7117277759129951
textures,far,19.83878049541596,1.2975149722559096,0.21788088051099982,3.0350873303668293,0.6017061899150368,0.24887408019754065,5.539712372095359,1.4287695366161939
textures,far,25.245391859922584,1.40218211623632,0.46365489672949645,2.781284215517023,0.847858225686078,0.1614988402926465,3.3106795829049203,1.3719661447567866
textures,far,20.345953787656317,1.3084780537587832,0.37958151288222397,3.875027474348355,0.8055288806046306,0.16805532621445263,4.531022010171499,0.9944084967934863
textures,far,12.127090083544621,1.083756603683256,0.17995117322217374,3.495331182990858,0.5189595972930867,0.03323977478232304,2.705607051907934,0.4986114404637614
textures,far,15.309182441213572,1.1849519986462826,0.1913565233970041,2.802202044366235,0.5471495804242865,0.20460126798144063,3.720350287630432,1.4139010623159818
textures,far,14.891424399528237,1.1729362410498765,0.3056693784607784,2.402803220495603,0.7074045163747931,0.0018931696392978752,2.0206320786352383,0.025889498757226855
textures,far,15.594949252938251,1.19298396589852,0.19571215453257193,2.8288533480646296,0.5714888115917213,0.17018029962050263,3.392685038150156,1.5562772024951514
textures,far,42.10891796406079,1.624374081889492,0.5501522693107852,4.657337127874221,1.0369229320283062,0.3122120420392094,8.588791806519671,1.5724831278407931
textures,far,21.131864417114354,1.3249378155936602,0.10027611632065478,2.02366794136407,0.4575568013364693,0.1202210340277825,2.2769253474812223,1.8093329805287952
textures,far,13.219244615102221,1.1212066390806772,0.2129879281691121,1.3082048913236815,0.5549357176199645,0.0019268756688084893,1.369129915217765,0.07500660038645865
textures,far,22.432458401280268,1.3508768710880403,0.25536944008841,3.3819776824303847,0.6184705272382542,0.02715359832804054,3.9109612226314727,0.2303367670114656
textures,far,19.16963756219906,1.2826139018300353,0.1409054933447859,2.9876326600599317,0.5009779348576151,0.17102640095133248,5.463719898760183,0.8474655619905571
textures,far,12.879502935650397,1.109899102462035,0.2618438439370955,2.2752806033567516,0.5831410244134163,0.14468376222164037,2.78487622306319,0.7768105013828376
textures,far,27.031643654033424,1.4318724537123604,0.23031340190828423,3.078759015829051,0.6452806829359249,0.20322158846530636,4.008377030096925,1.6290436596102862
textures,far,14.931780792604753,1.1741116056296592,0.19816680058122482,2.159981497841958,0.5579512685448479,0.10163649219933857,2.973780326808449,0.5275487190809889
textures,far,11.245851836965093,1.0509923574609479,0.29929042235860237,2.2410312525819633,0.6681526485086121,0.021221339873146755,2.901043905683709,0.1453064315468417
textures,far,46.73170288194179,1.6696116068148181,0.29230227654384633,3.785566983393954,0.8557681359607091,0.23655817390588424,8.88632368874265,0.6895202082748475
textures,far,32.81736919851612,1.5161037629471843,0.2939581659800975,2.690841425763058,0.7423258545868054,0.045839118340415264,5.068825964540982,0.3842744727759859
textures,far,17.570042652558037,1.2447728158027738,0.40525251007011137,3.555305306002583,0.7760742942617016,0.0013741335455403,2.479019732094634,0.023848388513628478
textures,far,40.319100972674086,1.6055108397438826,0.24192921323724798,4.133966381671208,0.8102531872198396,0.2790172024080383,7.943151517404042,0.8800960527436891
textures,far,14.297977589958489,1.1552746120663215,0.2384983986921057,2.4549717506784847,0.5779683793761465,0.17069939693826508,3.1716709707939343,1.199331063306449
textures,far,11.851768985962314,1.0737831776826934,0.2470770082659357,1.8930804140724689,0.6147320969778608,0.0067906690925798804,3.2326617514154847,0.04817544784934862
textures,far,15.312221668563128,1.1850382076043486,0.12440164673994702,1.8607209387880932,0.4904279659999239,0.12483464181193504,2.311717349241361,1.8038384979861763
textures,far,19.459161425317774,1.2891241208362432,0.12000471333877322,2.639668816385121,0.4771639461424738,0.10723013673708726,2.7490309097726042,1.018881423491454
textures,far,17.61869483286684,1.2459737333924934,0.3183776247278708,2.555660046882896,0.7046727975731326,0.15229681617431678,4.224780216726098,0.8419549608236955
textures,far,36.65620507835891,1.5641475015862865,0.7661541249953582,1.8299638216590821,1.1557394424220286,0.01504167446082355,2.165836320722464,0.2759364354292623
textures,far,28.17482718600863,1.4498612609396626,0.21777691081435158,3.458580322993357,0.6601183353567099,0.013272271963458218,4.710869964807102,0.10509127202212427
textures,far,14.53022578221257,1.1622723627936498,0.14167088647476286,2.93608557117733,0.5217184332356646,0.15751385501249504,3.343140508921576,1.0593092366441998
textures,far,19.024033100767443,1.2793025929465274,0.22034408965007823,3.130598555578577,0.6140164412725518,0.007102401621702593,4.698143596605744,0.06357273756981016
textures,far,13.564328886255518,1.132398311347026,0.2093224198719319,2.9901126598766092,0.5705958333478073,0.08236366755716096,2.7722236218269933,0.7415860542589826
textures,far,14.739272056571235,1.1684760351385948,0.3765514062416157,3.0390758820503887,0.7640313037540426,0.16608373457768977,3.24150983985928,1.6926945570905514
textures,far,15.2399805194744,1.1829844118949278,0.11325733970102547,2.10397165811141,0.4722787766558474,0.12865445917250973,4.109737755993826,0.9043722429104507
textures,far,15.792037825083176,1.1984381755762912,0.1197497269490432,3.3656414922151114,0.47805287784263406,0.21304754631999123,4.697418985431147,1.6430703346553635
textures,far,11.882580112905012,1.0749107510467104,0.2611505876781081,3.936986481825799,0.6416371141119288,0.0013162112156286584,2.4259271834184433,0.024983587422139544
textures,far,17.864101888546458,1.2519811871089255,0.1777751576197803,2.5193786668033864,0.5646156419466068,0.11718668946656163,3.5173929710793805,1.2799152957631021
textures,far,13.244843716384644,1.1220468382030575,0.10668934940489398,2.5651051886830487,0.4435999852545056,0.07751126466096725,1.713600924644333,1.5362005614695438
textures,far,13.368568949561357,1.1260849203406929,0.2990350459683021,2.360658133438865,0.6857150310595725,0.1870111682500296,3.0735580484371043,0.9218865594119247
textures,far,21.074993157940344,1.3237674423224055,0.18774853604544728,3.6297054582356556,0.5809849498770666,0.18254201071637643,4.2825090715286525,1.6480095896705422
textures,far,19.221083768685848,1.2837778714659602,0.15446360735004144,2.1580237945575504,0.5478822296479589,0.13652586657979104,2.7794357494139996,0.9877421079244272
textures,far,21.455863285463074,1.3315459932571578,0.25955894862940276,3.316158078991162,0.6749478566413926,0.283428103658406,5.5507633698497765,1.2523785565680614
textures,far,13.35167739080801,1.1255358302132632,0.2502272041453198,1.6953607359188447,0.5993862031724995,0.011237187249874298,1.1351816207464647,0.1494507952450635
textures,far,15.843234654481295,1.1998438546278996,0.22039763664691064,3.0114840842252315,0.598609375740504,0.01883874253071871,2.897605414555631,0.1556529356976498
textures,far,12.518351455400957,1.0975471403338217,0.18713617999741294,2.6010039229341557,0.5406440699633724,0.17858523265904203,3.2251901884391847,1.1501345230124056
textures,far,16.465776045253154,1.2165822042045014,0.3336926957201972,2.5862039525660037,0.7364527523659006,0.14216319732428473,2.6014086662562477,1.061599361903972
textures,far,30.50837635494109,1.4844190952720806,0.15970416662183,3.362833895853489,0.6157310490417874,0.18286560733382684,4.449856423177453,1.05953495268909
textures,far,15.154302712044048,1.1805359581999066,0.16625549611429205,2.567486443577279,0.55765586482021,0.1245238073528645,2.962664746149031,1.2126345549141622
textures,far,13.247857568340384,1.1221456502694551,0.3130815529992954,2.5227967008161256,0.6624631916133423,0.11749048684117624,4.623293801396116,0.5817069742557646
textures,far,11.190593288903457,1.0488531120601545,0.27888611393555873,3.0316055950869005,0.643771682860923,0.12749483895865177,2.604599393028513,0.6808077601338958
textures,far,11.225113733535458,1.0501907500344623,0.2031717589962848,3.0346881490934883,0.5824493786178755,0.09899975725262644,3.048219145725793,0.7090182383813353
textures,far,26.05808674327403,1.4159425254629978,0.2918305000684571,4.115821033611751,0.7313118890440004,0.16751903230534682,6.698123877434157,0.6854830190135879
textures,far,14.924847928274964,1.173909914755296,0.21846754855322192,2.847839394636973,0.6183371903189788,0.09075917995833893,4.108396777266158,0.6844158385407815
textures,far,15.490216423504297,1.1900574856295318,0.25111684923060423,4.06748575596583,0.6466973778575211,0.18145831209976526,3.9022081677484275,0.8722245467622164
textures,far,13.265583584111585,1.1227263604034372,0.3360608996768025,2.1751294576221936,0.7340262083490128,0.06499313030686632,4.020129933031814,0.47175336449867694
textures,far,10.344308764303369,1.0147014752391346,0.2841565696150583,2.35484253387036,0.6440646026783448,0.18465380145522892,3.2724268764391415,0.8376437253027388
textures,far,14.487268320877375,1.1609865038579508,0.20115362495480105,2.568821171989123,0.5696148467852865,0.16367862507048359,3.528953142090499,1.1869447551174026
textures,far,12.148306734966646,1.0845157490065112,0.27967998868915006,2.9048463766734836,0.6092655172558837,0.1971000770921798,3.586227408543817,1.2982212192974405
textures,far,14.99542318987085,1.1759587266388327,0.16706628166632537,2.5627544095553283,0.5323873122030984,0.05365198419603401,2.3676530955709976,0.5184727413883744
textures,far,15.874792705800795,1.2007080629794256,0.13343203948356852,2.8513908167057274,0.5036720237265302,0.1942278514226583,4.391692966597171,1.2559989109715144
textures,far,19.133526564982862,1.281795023712265,0.3161576251268172,2.708468788066148,0.739653190011478,0.1698818479957731,3.3674423768211867,1.437876016138302
textures,far,15.652824360114696,1.1945927120918896,0.2952818818355994,1.6907527541514071,0.6677080449089847,0.0017010696411128706,1.668300962352976,0.03712150309934312
textures,far,10.594696416028304,1.0250885168468757,0.1747467092859065,2.7815876991787647,0.5084416387342063,0.11020184883624995,1.9386853941058746,1.3379754310121927
textures,far,34.69879661169588,1.5403144133059106,0.36947558888140475,5.3791336811574615,0.8887797939538925,0.3242072414590389,7.055756567317044,1.6344288546872203
textures,far,25.56675855902634,1.407675670195706,0.5672970365473109,2.1250366221379515,0.9869156716965106,0.0003987078649453496,1.3324402033975637,0.0184074505502839
textures,far,46.412142887169054,1.6666316206280904,0.5151184784011056,4.870695207022243,0.9880809922549346,0.37765116174166413,11.348981558634343,1.2952858276847277
textures,far,24.96018303029299,1.397247765673412,0.11625527124206839,2.2322550890295547,0.5344078038801795,0.06107753487237311,2.239965897516452,1.0684294445147682
textures,far,34.76121387371515,1.5410949337687392,0.33439057508817027,3.8642976635347437,0.819362695973014,0.07543159322737797,4.092973833970959,0.29882049171848907
textures,far,15.454060858390294,1.1890426182005418,0.1885057972878868,3.013005453478051,0.5616839858457734,0.09030789539299133,3.255359411951288,0.6096506646317756
textures,far,11.875741146789785,1.0746607228317462,0.20565424818129754,2.555009612198162,0.5644134462820951,0.14125029038985315,2.797597091824384,0.9954291783995459
textures,far,21.001843774064128,1.3222574235999294,0.34199466212108653,3.8634184621147414,0.753436462537558,0.00928378842399448,3.554790288646898,0.08663365099592052
textures,far,15.533022953623759,1.1912559840449561,0.307919468776111,2.751487090562318,0.6666659411836144,0.13347651664636728,3.8905150271797613,0.7738664085278232
textures,far,13.471801606138055,1.1294256785528713,0.2980611846759365,3.0245091865918847,0.7104736385352243,0.24910460299360437,5.439270889460796,1.6046635751549283
textures,far,22.348545381393,1.3492492611163405,0.2474481611114575,2.338920719074879,0.6424882597013459,0.11803006982789654,2.5439996749422957,0.955765482230753
textures,far,10.96591626616881,1.0400449254025255,0.27702207409067886,2.143626472688065,0.6173554781349112,0.1661285951274858,3.781884181929601,0.9779497354385794
textures,far,19.448228534240798,1.288880049239786,0.2640276218535195,2.745948490875517,0.6310558615939662,0.06821300533764302,3.032396681543937,0.5594853188823304
textures,far,15.543791355213886,1.1915569581106957,0.2824334335872377,3.0383615374560744,0.6824042555579272,0.016855257635936843,2.675310957790137,0.12438598973570077
textures,far,17.660889582996315,1.2470125753282182,0.2454299290446546,1.6943616932248016,0.6543607889623817,0.0077478393959742875,2.199985088951523,0.053895014853684614
textures,far,22.635532976939572,1.3547907248817688,0.31591909901618864,2.480195137572557,0.7906653741089751,0.2013696423769531,3.47168716079614,1.2266630274730106
textures,far,12.215031162309966,1.086894579294416,0.15602602695275447,2.5586672154311425,0.5311332873647986,0.13513151775185106,2.510744832377893,0.8674629790111593
textures,far,16.322019703885633,1.212773897825631,0.16009865694994835,2.679790146252978,0.4871451393765659,0.13941349197359454,2.9936710235243287,1.4915313629162537
textures,far,16.265509572471785,1.2112676736111285,0.17066517913781673,2.764152140499222,0.5735219067859076,0.0812255130744608,2.8534844700959687,0.4929102081649719
textures,far,16.85455358034142,1.2267172540549982,0.1693809607875583,2.5324830777022727,0.5392997039932613,0.05399623140610038,3.2775004286733482,0.5446199492875432
textures,far,12.625051896527891,1.101233172039306,0.2751722657529117,2.692031967185459,0.6134261190110866,0.024077642102431324,3.323678933925787,0.24649121319860612
textures,far,12.91734212620713,1.111173162402583,0.18813378514258305,3.1479882646957345,0.5529917671059396,0.021767936697283274,2.05147440910486,0.5411323579220154
textures,far,29.003745372647842,1.4624540837637465,0.2376831348186741,3.0110991490037233,0.6801161944335866,0.24938801518500253,6.473131948181965,1.4326828774844969
textures,far,29.138799381357202,1.4644716533928195,0.26068637666573513,3.1403842163617104,0.7071851521005997,0.275696747406471,7.983310824540776,1.072887671961838
textures,far,15.780790363475845,1.1981287506056402,0.16070031858171285,2.6343582240626713,0.575581621868408,0.20853390807675787,3.7480992659765686,1.6390127450017309
textures,far,19.0638678319226,1.280211018447119,0.395105453730575,2.7078476658222024,0.7840717548701676,0.24187574783770016,4.643508307550171,1.1828160066590074
textures,far,13.61016227496783,1.133863303391228,0.22089849323008748,2.008551457854728,0.5396021702359742,0.038421801919361565,1.8322258688015436,0.3499322768719302
textures,far,12.242931480206197,1.087885418927114,0.28614571337039946,1.909497531873822,0.6775565706467388,0.0009971742641685065,1.6175740474236615,0.024317229660439497
textures,far,11.637931392598947,1.0658757926692821,0.2928056058303834,2.169284974829292,0.628157587946253,0.12124055582109905,3.632253139052954,0.7229358886656431
textures,far,16.41163969828362,1.2151519739096337,0.21828437600706016,2.461051505285935,0.6094852341197846,0.0009364032273929037,1.7081479431414857,0.01330593851422652
textures,far,15.196195279802915,1.1817348658796687,0.28115482907186923,2.4248945317155846,0.6581850746937467,0.10365170890309361,3.3132173926646367,1.0967857727338906
textures,far,19.09359093746095,1.280887613993408,0.14800511788807852,3.33034257693866,0.5187777938139426,0.15380547482175033,4.463270297174086,1.1876580011688473
textures,far,14.113682827523636,1.1496403534715214,0.11504289504338541,1.8143995158723782,0.4884228995255888,0.06961781728816052,1.5534128154872617,1.5823466190405377
textures,far,14.45493475897593,1.160016135892779,0.1252975519396816,2.5255636769450467,0.4488037207892799,0.13847819708516762,2.466867633160234,1.557962843565279
textures,far,24.09340481695193,1.3818981777136152,0.37413830733867126,3.8060968728988493,0.8071636645130668,0.2569190171493776,5.56556720850317,1.4583119242647198
textures,far,13.401882200583477,1.1271657963019472,0.3569467486108402,3.3578631472424636,0.7251152308619233,0.14643744564993066,3.869848324332766,1.1679877621674397
textures,far,14.998936826772155,1.1760604759759534,0.22293295449469486,2.926991110425558,0.5800742992828677,0.2024139263425584,4.350513032687805,1.1991724854207528
textures,far,14.269146007729669,1.15439798188868,0.28521962633482867,2.1595842284274736,0.6467756954154577,0.0034187136050143063,2.027314555675675,0.079435071438592
textures,far,13.574413608683694,1.1327210779235664,0.18602296547508584,1.9450518456549142,0.5421332792188052,0.007317822361736309,1.6415400912561648,0.11556955039067426
textures,far,13.994226877139642,1.1459489105312022,0.09412392350574876,1.6640076335837948,0.4419768706699012,0.06707431406912279,1.4235351781183014,1.8361533408314892
textures,far,14.169324524776076,1.1513491472326156,0.30867507608606704,5.223834886649778,0.684555362571812,0.29939188952294615,6.598235532088717,1.5216725829014979
textures,far,12.008198159050634,1.079477846049541,0.13121101308984573,2.2939883619366266,0.467376231131945,0.08494906530573854,2.4562579266494438,0.7876991276083599
textures,far,10.070074653173252,1.003032690193669,0.2910327986132232,2.0887589951660357,0.6556822199278424,0.20902298990042756,3.74573030015096,1.0776895503147497
textures,far,20.826533854124868,1.3186169966471657,0.15446768673951886,2.2835600171474777,0.530967978317149,0.062121585977217286,2.277641216075657,0.9724646287813701
textures,far,17.42663259551841,1.241213475117009,0.258500416799135,3.247281805535904,0.6439405920763543,0.2007715245666486,2.9873143110865423,0.9270049950807785
textures,far,11.109309165304884,1.0456870531271807,0.22285324495287107,3.1252701001809173,0.5867050253509726,0.1631964313245694,3.9691714085012197,1.044192695022736
textures,far,14.174020104586603,1.1514930444646627,0.29995658158795935,2.880051945093954,0.6463580627591621,0.2224270978301104,5.363017658163053,1.243230751003711
textures,far,24.727384478140134,1.3931781816120272,0.32272264030361913,3.465485005639108,0.8200329008358478,0.2635156484044143,4.630079686599283,1.5512685245124687
textures,far,16.29295672580226,1.211999904051543,0.16726405266100086,2.6960374881755156,0.5311048976231241,0.023769403346113854,3.1256750161602698,0.18416113975466236
textures,far,14.847435712071062,1.171651453530205,0.32270244095572725,1.950370836145896,0.6838581345156258,0.03877288095767323,2.2162964070309408,0.3363939332328285
textures,far,13.4029627677418,1.1272008111923493,0.3556566548425095,1.8312420655536634,0.7457426708297591,0.056224793978201903,2.541978547992054,0.4986145166218137
textures,far,11.388838796158245,1.0564794457915658,0.33856009852899344,1.7602631680030025,0.6673381857074403,0.09460327743310726,3.158848534288603,0.6005688256670267
textures,far,19.995455714130152,1.3009313065596129,0.41023429726826066,3.99269493783182,0.7651345909734824,0.25672611919405597,5.494818092643446,1.2647970758957419
textures,far,34.891999890139225,1.5427258624488207,0.20152807256164004,3.2232457766889864,0.6915947240353026,0.32048532149511133,7.09777483783359,1.5355310662042227
textures,far,35.12218101730381,1.54558147690388,0.2224484342212443,3.04958016343653,0.7100447923149691,0.07135308503538623,5.979230329615338,0.26569591230447137
textures,far,20.805748871351458,1.3181833522018673,0.44735962494156245,2.918816777691366,0.8049907377086694,0.0363587840637043,3.3176302924061636,0.4055263502026604
textures,far,21.305786654432676,1.3284975739181406,0.20844581173867738,3.43326725339769,0.6091945712804597,0.14894267663051597,3.128579728238045,1.2037960009124369
textures,far,21.09592003877642,1.3241984706747558,0.3154803573822967,3.721931304109157,0.6992516711952432,0.2704531020930241,5.306071155679198,1.893079322073688
textures,far,14.437426788609015,1.1594897949886396,0.39054939110277986,2.119227481474347,0.8016122062700934,0.16818333474732783,4.368167815152536,1.0763876587624526
textures,far,11.492530717630016,1.0604156732588648,0.6166813795735375,2.6849277354905294,0.8965322902685291,0.06885586275963307,2.2570738348233985,0.6133074875676668
textures,far,19.607152036967452,1.2924145164613423,0.23708312344698118,1.975940682522206,0.585140399127282,0.0972239362587679,2.7426843033320103,0.5095824730239172
textures,far,10.642410186129096,1.0270399937893833,0.2872644380251334,2.8677603405751535,0.633116305765567,0.08926925657954798,4.299476935096439,0.8095493510883032
textures,far,13.118381717991905,1.117880263861327,0.4023313754042862,1.9041550943273564,0.7435982134250099,0.09669945596547469,2.1014295003144317,0.7677157721361856
textures,far,10.958594900598609,1.0397548729802981,0.26572347973897725,3.603499023007061,0.6158443841681642,0.10923331386270518,4.070828127461841,0.7504236412685058
textures,far,11.934763956768139,1.07681383407989,0.27217057789123605,1.8120354270858852,0.6157188359360667,0.10817004176881162,2.730997881112117,0.8250348521428663
textures,far,11.239707817996136,1.0507550217092883,0.32389525852329404,2.3144403552612256,0.6690000187959718,0.25348268860343204,4.214394510435729,1.5905835382492937
textures,far,17.631741764745563,1.2462952165470875,0.18590526491062095,2.008244630761194,0.5627230827959582,0.008335940194573288,1.9753543132376636,0.10981612234182862
textures,far,15.427196676061548,1.1882870162581356,0.5341023805044354,2.91857092117202,0.9348855633170888,0.10035033049273756,4.2716866113706775,0.7048068944607985
textures,far,22.478126572829797,1.3517601123884686,0.25593433989586056,1.9496500758859165,0.6648414484072006,0.19905811602236123,4.265313311922499,1.5002839632949219
textures,far,31.012052854143487,1.4915305154844167,0.21747450329521031,1.9433719834978977,0.6331110507872971,0.002560208715401309,1.9554906709750652,0.0612445681514467
textures,far,12.043659381470947,1.0807584643427863,0.21009660067102195,2.309612656669379,0.561809833503941,0.0762694525292204,2.3265152625689414,0.4982277155617735
textures,far,14.67002173815186,1.1664307574142914,0.31160647270789343,2.1844600016473614,0.6709447336791926,0.010578887456293207,3.261306482347008,0.12843907395238324
textures,far,16.01844494013419,1.2046203528053472,0.15776360873680775,2.8243556206635727,0.5172198528828983,0.19466594453649866,3.7341215628007953,1.465840495729746
textures,far,13.350610552729394,1.1255011274273583,0.19850620001310182,2.462325822875922,0.574453039694568,0.17073349705925434,4.152947465022823,0.9163192626305116
textures,far,20.485805807336103,1.3114530515808847,0.23456935678612845,3.1928652792658934,0.6641457311056727,0.1249111659840646,4.237509752938723,0.7520820445034361
textures,far,23.518472440566523,1.3714091102721835,0.2896018802910759,2.6836078676392767,0.7027312239288387,0.019157749153687342,2.4162008373129504,0.2920492252418954
textures,far,13.976077707951562,1.1453853067197968,0.21957501329626838,1.8009636757300036,0.553425235471171,0.02741839509881272,1.9274996478427049,0.4026918119139956
textures,far,10.820993571318503,1.0342671390667257,0.31637535955064006,1.8642492938857023,0.653091183744758,0.031102048281505257,1.3420866410963153,0.37311789620793473
textures,far,19.039296027695606,1.2796508864589076,0.15626414826432428,2.0604989954459674,0.5174913415723743,0.14856361229635473,2.766117125548964,1.0856730508117691
textures,far,34.509695225995735,1.537941123828767,0.38406847429388447,3.0038696239739946,0.8530585184062515,0.1774000437845591,4.595282578837207,0.9183941315216597
textures,far,13.275966811125604,1.123066158068539,0.26257870205964123,2.1052345748013197,0.6021700065223484,0.1998062365756954,3.1836032709166875,1.212530401746633
textures,far,16.761574783079105,1.2243148190619724,0.3858448988995456,2.0365547747398915,0.7627577100044969,0.0008352304788368618,1.6303595268946098,0.026590568024281638
textures,far,13.902735267560514,1.1431002531445904,0.294520525608148,2.993096137132416,0.6685273766753128,0.22406536502181584,5.669545813538104,1.3913053352761646
