environment,seed,factor,factor_value,factor_value_numeric,anchor_value,relative_to_anchor,status,error_message,git_commit,ridge_center,scale,subspace_dimension_K,ensemble_size_M,bootstrap_fraction,calibration_size,calibration_pool_size,per_member_calibration_size,unique_calibration_rows,feature_dimension_p,nominal_n_over_p,unique_n_over_p,layer_scope,direction_family,id_rmse,id_nll,id_total_variance,id_residual,near_rmse,near_nll,near_auroc,mid_rmse,mid_nll,mid_auroc,far_rmse,far_nll,far_auroc,far_spearman,construction_time_sec,gram_rank,gram_min_eig,gram_condition,normalized_ridge,mean_delta_w_norm,notes
Ant-v5,0,ridge,0.0,0.0,0.0001,0.0,ok,,d65634e+closure,original,8.0,20,50,0.1,409,4096,409,389,201,2.0348258706467663,1.935323383084577,multi,random,0.8463730812072754,-2.1253175735473633,7.292797088623047,0.02902507858535524,1.6296696662902832,0.30435946583747864,0.894675755,2.6191277503967285,0.8048204779624939,0.91851139,11.9485445022583,2.453519582748413,0.9983068500000001,0.8585000573184536,2.2707974910736084,201,5.262073235259173e-05,398752473.44840187,0.0,8.004514694213867,
Ant-v5,0,ridge,0.0001,0.0001,0.0001,1.0,ok,,d65634e+closure,original,8.0,20,50,0.1,409,4096,409,389,201,2.0348258706467663,1.935323383084577,multi,random,0.5821933746337891,-2.354468584060669,0.64541095495224,0.028888206337095452,0.903622031211853,0.22501462697982788,0.87645979,1.1894710063934326,0.8266291618347168,0.9147764750000001,3.8988285064697266,1.180762767791748,0.998481485,0.8432795906143854,0.9645555019378662,201,5.262073235259173e-05,137482286.69082245,4.876632005128945e-07,8.004514694213867,
Ant-v5,0,ridge,0.001,0.001,0.0001,10.0,ok,,d65634e+closure,original,8.0,20,50,0.1,409,4096,409,389,201,2.0348258706467663,1.935323383084577,multi,random,0.5351395010948181,-2.3967013359069824,0.3468300998210907,0.028314864776350836,0.7778975963592529,0.6845932006835938,0.8314284600000001,0.9246008396148682,1.5016753673553467,0.88492712,1.7616231441497803,4.244884014129639,0.9981226,0.5656698456611835,0.571446418762207,201,5.262073235259173e-05,19933721.173595343,4.876610601837141e-06,8.004514694213867,
Ant-v5,0,ridge,0.01,0.01,0.0001,100.0,ok,,d65634e+closure,original,8.0,20,50,0.1,409,4096,409,389,201,2.0348258706467663,1.935323383084577,multi,random,0.5252804160118103,-2.3515186309814453,0.3156220316886902,0.027161808285818788,0.7396390438079834,0.9547075033187866,0.758733425,0.8634659647941589,1.8819804191589355,0.79683551,1.4348291158676147,14.334805488586426,0.9785598000000001,0.23417443957936457,0.5365023612976074,201,5.262073235259173e-05,2087282.2857758177,4.8763965792518266e-05,8.004514694213867,
Ant-v5,0,ridge,0.1,0.1,0.0001,1000.0,ok,,d65634e+closure,original,8.0,20,50,0.1,409,4096,409,389,201,2.0348258706467663,1.935323383084577,multi,random,0.5213314294815063,-2.331571340560913,0.3083385229110718,0.0258905650919035,0.7204176783561707,1.0049338340759277,0.694883155,0.8374961614608765,1.986538052558899,0.713408635,1.395776391029358,18.099300384521484,0.8397578900000001,0.14629031903509754,0.6451148986816406,201,5.262073235259173e-05,209717.11711972576,0.0004874257386167841,8.004514694213867,
Ant-v5,0,ridge,1.0,1.0,0.0001,10000.0,ok,,d65634e+closure,original,8.0,20,50,0.1,409,4096,409,389,201,2.0348258706467663,1.935323383084577,multi,random,0.520447850227356,-2.3257334232330322,0.30774036049842834,0.02553078284011126,0.711862325668335,0.8102006912231445,0.650934385,0.825438380241394,1.8339990377426147,0.6686558149999999,1.3954408168792725,18.212186813354492,0.7231344750000002,0.10849892167391868,0.5588634014129639,201,5.262073235259173e-05,20982.543063479676,0.004852968231545139,8.004514694213867,
Ant-v5,0,ridge,1e-05,1e-05,0.0001,0.1,ok,,d65634e+closure,original,8.0,20,50,0.1,409,4096,409,389,201,2.0348258706467663,1.935323383084577,multi,random,0.7382830381393433,-2.205669641494751,3.04319429397583,0.029008275781745477,1.256043553352356,0.19876161217689514,0.894112335,1.8736778497695923,0.7132617831230164,0.917288465,9.183623313903809,1.9229459762573242,0.9982023499999999,0.8793903349205415,0.5993385314941406,201,5.262073235259173e-05,335075084.5920739,4.8766341454684594e-08,8.004514694213867,
Ant-v5,0,ridge,0.0003,0.0003,0.0001,2.9999999999999996,ok,,d65634e+closure,original,8.0,20,50,0.1,409,4096,409,389,201,2.0348258706467663,1.935323383084577,multi,random,0.5498188734054565,-2.3905272483825684,0.42260196805000305,0.02869622008145168,0.8277978301048279,0.42872560024261475,0.85735223,1.0220916271209717,1.1195406913757324,0.9041561049999999,2.529053211212158,1.5616992712020874,0.9984689000000001,0.7635145288323074,0.5642518997192383,201,5.262073235259173e-05,59504860.47791817,1.4629881746476925e-06,8.004514694213867,
Ant-v5,0,ridge,0.003,0.003,0.0001,30.0,ok,,d65634e+closure,original,8.0,20,50,0.1,409,4096,409,389,201,2.0348258706467663,1.935323383084577,multi,random,0.5291986465454102,-2.376760959625244,0.32502079010009766,0.027827849464522107,0.7547189593315125,0.8415800929069519,0.7997728049999999,0.8864707350730896,1.7344318628311157,0.8503877599999999,1.5212944746017456,9.13107967376709,0.9966571299999999,0.3637318839460484,3.482367753982544,201,5.262073235259173e-05,6873651.206611376,1.4629689118917308e-05,8.004514694213867,
HalfCheetah-v5,0,ridge,0.0,0.0,0.0001,0.0,ok,,d65634e+closure,original,32.0,20,50,0.3,1228,4096,1228,1061,201,6.109452736318408,5.278606965174129,multi,random,1.2021429538726807,-0.2781856060028076,1.6668753623962402,0.23384057246332607,2.8489127159118652,2.2977232933044434,0.876330095,4.576469898223877,1.5580466985702515,0.98578492,3.6993794441223145,1.584415078163147,0.99284588,0.12661446754480357,3.5917673110961914,201,11.566197324846216,5351180.980179843,0.0,32.05339431762695,
HalfCheetah-v5,0,ridge,0.0001,0.0001,0.0001,1.0,ok,,d65634e+closure,original,32.0,20,50,0.3,1228,4096,1228,1061,201,6.109452736318408,5.278606965174129,multi,random,1.21000075340271,-0.2682403326034546,2.2393109798431396,0.23384054955684427,2.8868613243103027,1.6771814823150635,0.876376865,4.640607833862305,1.671930193901062,0.9811849899999999,3.86702299118042,1.7992907762527466,0.98982462,0.23263898613118153,0.9271063804626465,201,11.566197324846216,5351134.714898656,1.7311717888311842e-10,32.05339431762695,
HalfCheetah-v5,0,ridge,0.001,0.001,0.0001,10.0,ok,,d65634e+closure,original,32.0,20,50,0.3,1228,4096,1228,1061,201,6.109452736318408,5.278606965174129,multi,random,1.2033376693725586,-0.27433785796165466,1.7847810983657837,0.23384034341914955,2.863842725753784,1.8841599225997925,0.8760358400000001,4.622026443481445,1.633894681930542,0.9841678900000002,3.7574591636657715,1.6700690984725952,0.9921126499999999,0.15996239248250324,0.5810785293579102,201,11.566197324846216,5350718.363365251,1.7311717861339235e-09,32.05339431762695,
HalfCheetah-v5,0,ridge,0.01,0.01,0.0001,100.0,ok,,d65634e+closure,original,32.0,20,50,0.3,1228,4096,1228,1061,201,6.109452736318408,5.278606965174129,multi,random,1.2013814449310303,-0.27903109788894653,1.6572481393814087,0.23383828408330976,2.848583698272705,2.328260660171509,0.8762444100000001,4.591800212860107,1.5692927837371826,0.9859847199999999,3.6997385025024414,1.5766382217407227,0.9929092700000001,0.13384959593251144,0.5882797241210938,201,11.566197324846216,5346558.408682469,1.7311717591613225e-08,32.05339431762695,
HalfCheetah-v5,0,ridge,0.1,0.1,0.0001,1000.0,ok,,d65634e+closure,original,32.0,20,50,0.3,1228,4096,1228,1061,201,6.109452736318408,5.278606965174129,multi,random,1.2003469467163086,-0.2817191183567047,1.5977026224136353,0.23381789257713237,2.8336362838745117,3.3020286560058594,0.875433275,4.5745720863342285,1.5478297472000122,0.98670511,3.655890941619873,1.5701757669448853,0.9924000900000001,0.11696371057374245,0.535738468170166,201,11.566197324846216,5305311.877925048,1.7311714894353553e-07,32.05339431762695,
HalfCheetah-v5,0,ridge,1.0,1.0,0.0001,10000.0,ok,,d65634e+closure,original,32.0,20,50,0.3,1228,4096,1228,1061,201,6.109452736318408,5.278606965174129,multi,random,1.2005575895309448,-0.2828046977519989,1.5390894412994385,0.2336321456628676,2.8247461318969727,5.229842185974121,0.869825015,4.569641590118408,1.5646318197250366,0.9863063,3.6209521293640137,1.5808253288269043,0.9912344999999999,0.11820888166350732,0.582521915435791,201,11.566197324846216,4925341.735271651,1.7311687921803046e-06,32.05339431762695,
HalfCheetah-v5,0,ridge,1e-05,1e-05,0.0001,0.1,ok,,d65634e+closure,original,32.0,20,50,0.3,1228,4096,1228,1061,201,6.109452736318408,5.278606965174129,multi,random,1.237950086593628,-0.2618055045604706,4.485308647155762,0.23384057017265722,3.1063830852508545,1.4291132688522339,0.8768145049999999,4.712466716766357,1.7169599533081055,0.9793586599999999,4.446115493774414,2.048110246658325,0.98939637,0.5054899319744816,0.5728366374969482,201,11.566197324846216,5351176.353615724,1.7311717891009102e-11,32.05339431762695,
HalfCheetah-v5,0,ridge,0.0003,0.0003,0.0001,2.9999999999999996,ok,,d65634e+closure,original,32.0,20,50,0.3,1228,4096,1228,1061,201,6.109452736318408,5.278606965174129,multi,random,1.206117868423462,-0.2710109055042267,1.9717663526535034,0.23384050374525708,2.8731725215911865,1.7712523937225342,0.875989965,4.63277530670166,1.656521201133728,0.9825207899999999,3.803440570831299,1.7385433912277222,0.9906702,0.18839332804362882,0.5932068824768066,201,11.566197324846216,5351042.1867362475,5.193515364695379e-10,32.05339431762695,
HalfCheetah-v5,0,ridge,0.003,0.003,0.0001,30.0,ok,,d65634e+closure,original,32.0,20,50,0.3,1228,4096,1228,1061,201,6.109452736318408,5.278606965174129,multi,random,1.2021054029464722,-0.2769668698310852,1.7054433822631836,0.23383988546835435,2.8568477630615234,2.0453269481658936,0.8762282450000001,4.608031749725342,1.6037702560424805,0.9853952899999998,3.7278530597686768,1.612402081489563,0.9929090399999999,0.14791875351496256,0.5565690994262695,201,11.566197324846216,5349793.369657714,5.193515340420038e-09,32.05339431762695,
Hopper-v5,0,ridge,0.0,0.0,0.0001,0.0,ok,,d65634e+closure,original,32.0,20,50,0.3,1228,4096,1228,1061,201,6.109452736318408,5.278606965174129,multi,random,0.17165498435497284,-1.5538055896759033,0.029133766889572144,0.07214115702317694,0.3166680335998535,0.06475625187158585,0.89894246,0.3699999749660492,0.3272857069969177,0.9477769399999998,0.407848984003067,0.14958596229553223,0.9787994900000001,0.6455342686110256,7.023468017578125,201,0.002952305623674731,2753184504.979659,0.0,32.05381393432617,
Hopper-v5,0,ridge,0.0001,0.0001,0.0001,1.0,ok,,d65634e+closure,original,32.0,20,50,0.3,1228,4096,1228,1061,201,6.109452736318408,5.278606965174129,multi,random,0.17177560925483704,-1.551682949066162,0.02962356060743332,0.07214090672757184,0.3178112208843231,0.06413095444440842,0.89812363,0.3828023076057434,0.3201458156108856,0.9481942950000001,1.129553198814392,0.9914761185646057,0.987378715,0.918442502966957,0.9639987945556641,201,0.002952305623674731,2662984346.6919365,1.178108717741818e-09,32.05381393432617,
Hopper-v5,0,ridge,0.001,0.001,0.0001,10.0,ok,,d65634e+closure,original,32.0,20,50,0.3,1228,4096,1228,1061,201,6.109452736318408,5.278606965174129,multi,random,0.17172206938266754,-1.5533714294433594,0.02923007681965828,0.0721386798022083,0.3172210156917572,0.06495833396911621,0.8986946450000001,0.3731979429721832,0.3164428472518921,0.94798949,0.48486900329589844,0.37308451533317566,0.98314657,0.7304561307407527,0.534203052520752,201,0.002952305623674731,2056582377.9862928,1.1781087052503565e-08,32.05381393432617,
Hopper-v5,0,ridge,0.01,0.01,0.0001,100.0,ok,,d65634e+closure,original,32.0,20,50,0.3,1228,4096,1228,1061,201,6.109452736318408,5.278606965174129,multi,random,0.1716640740633011,-1.5548138618469238,0.028955833986401558,0.07211633084100343,0.316908061504364,0.06660787016153336,0.899052245,0.36987432837486267,0.3298521935939789,0.9476288399999999,0.40389108657836914,0.1482773721218109,0.97776197,0.6284001348613125,0.5602943897247314,201,0.002952305623674731,627551753.5818841,1.1781085803357592e-07,32.05381393432617,
Hopper-v5,0,ridge,0.1,0.1,0.0001,1000.0,ok,,d65634e+closure,original,32.0,20,50,0.3,1228,4096,1228,1061,201,6.109452736318408,5.278606965174129,multi,random,0.17183086276054382,-1.5572232007980347,0.0285346582531929,0.07193171367981664,0.3169942796230316,0.07270389795303345,0.89791559,0.3687112629413605,0.339598149061203,0.9457002200000001,0.3949119746685028,0.17459584772586823,0.9723922549999999,0.6115055527667245,0.5330178737640381,201,0.002952305623674731,78951531.4671731,1.178107331191239e-06,32.05381393432617,
Hopper-v5,0,ridge,1.0,1.0,0.0001,10000.0,ok,,d65634e+closure,original,32.0,20,50,0.3,1228,4096,1228,1061,201,6.109452736318408,5.278606965174129,multi,random,0.17326760292053223,-1.5569279193878174,0.027615699917078018,0.07154507620377616,0.31709203124046326,0.07917619496583939,0.892526965,0.3644014298915863,0.3244358003139496,0.9390172299999999,0.38200849294662476,0.24085627496242523,0.9633969749999999,0.6039003868818741,0.6064865589141846,201,0.002952305623674731,8104316.677362958,1.1780948398917296e-05,32.05381393432617,
Hopper-v5,0,ridge,1e-05,1e-05,0.0001,0.1,ok,,d65634e+closure,original,32.0,20,50,0.3,1228,4096,1228,1061,201,6.109452736318408,5.278606965174129,multi,random,0.17180940508842468,-1.5496937036514282,0.03044043853878975,0.07214113194066801,0.31833985447883606,0.0592186413705349,0.8980810250000001,0.38862326741218567,0.32993319630622864,0.94814704,1.4374358654022217,1.164496898651123,0.9893850499999999,0.9309665341056653,0.6010327339172363,201,0.002952305623674731,2743890445.372925,1.1781087189909642e-10,32.05381393432617,
Hopper-v5,0,ridge,0.0003,0.0003,0.0001,2.9999999999999996,ok,,d65634e+closure,original,32.0,20,50,0.3,1228,4096,1228,1061,201,6.109452736318408,5.278606965174129,multi,random,0.1717560589313507,-1.552483081817627,0.029405251145362854,0.07214040894225648,0.31743544340133667,0.06478572636842728,0.8983661899999998,0.3778996169567108,0.3142486810684204,0.9481702900000001,0.7959109544754028,0.7603430151939392,0.986201365,0.881169499274269,0.5212280750274658,201,0.002952305623674731,2499224561.8607025,3.5343261448978116e-09,32.05381393432617,
Hopper-v5,0,ridge,0.003,0.003,0.0001,30.0,ok,,d65634e+closure,original,32.0,20,50,0.3,1228,4096,1228,1061,201,6.109452736318408,5.278606965174129,multi,random,0.17168596386909485,-1.5541017055511475,0.029088599607348442,0.07213373209524283,0.31701645255088806,0.06551877409219742,0.8989770799999999,0.3709142804145813,0.3242354989051819,0.9478642849999999,0.4098566770553589,0.16988852620124817,0.9797690050000001,0.6217931741576624,0.5102100372314453,201,0.002952305623674731,1365561954.3015842,3.5343260324746646e-08,32.05381393432617,
Humanoid-v5,0,ridge,0.0,0.0,0.01,0.0,ok,,d65634e+closure,original,32.0,20,50,0.3,1228,4096,1228,1061,201,6.109452736318408,5.278606965174129,multi,random,48.150787353515625,3.842451572418213,194.5240020751953,1.7741150515009416,39.898555755615234,3.852243185043335,0.54204242,32.73362731933594,3.7132444381713867,0.5628793649999999,31.217655181884766,3.6689586639404297,0.31594363999999997,0.7534312980816144,3.684072732925415,201,28.198984175625373,118752633.48834185,0.0,32.016258239746094,
Humanoid-v5,0,ridge,0.0001,0.0001,0.01,0.01,ok,,d65634e+closure,original,32.0,20,50,0.3,1228,4096,1228,1061,201,6.109452736318408,5.278606965174129,multi,random,48.14902114868164,3.841643810272217,200.38970947265625,1.7741150545526858,39.91025924682617,3.850888967514038,0.54554917,32.98347091674805,3.7547225952148438,0.61496792,31.365964889526367,3.6516857147216797,0.349403055,0.7305659161237679,1.036055326461792,201,28.198984175625373,118752212.36603963,3.909914540421134e-12,32.016258239746094,
Humanoid-v5,0,ridge,0.001,0.001,0.01,0.1,ok,,d65634e+closure,original,32.0,20,50,0.3,1228,4096,1228,1061,201,6.109452736318408,5.278606965174129,multi,random,48.148521423339844,3.8412575721740723,196.7753448486328,1.7741150820243432,39.907920837402344,3.8508834838867188,0.54481504,32.822608947753906,3.733823537826538,0.605791585,31.302034378051758,3.6463582515716553,0.3440195,0.7374682299035319,0.6226739883422852,201,28.198984175625373,118748422.39972036,3.909914540283546e-11,32.016258239746094,
Humanoid-v5,0,ridge,0.01,0.01,0.01,1.0,ok,,d65634e+closure,original,32.0,20,50,0.3,1228,4096,1228,1061,201,6.109452736318408,5.278606965174129,multi,random,48.14847183227539,3.841262102127075,195.44866943359375,1.7741153573308408,39.90565872192383,3.851271629333496,0.54431135,32.76349639892578,3.709925889968872,0.586276635,31.277040481567383,3.643724203109741,0.334630655,0.7510312140973245,0.6480250358581543,201,28.198984175625373,118710536.0374911,3.909914538907678e-10,32.016258239746094,
Humanoid-v5,0,ridge,0.1,0.1,0.01,10.0,ok,,d65634e+closure,original,32.0,20,50,0.3,1228,4096,1228,1061,201,6.109452736318408,5.278606965174129,multi,random,48.14866256713867,3.841677665710449,194.93572998046875,1.7741181689272767,39.90270233154297,3.8516104221343994,0.543785785,32.75388717651367,3.707496404647827,0.574562625,31.26869010925293,3.646677017211914,0.32988968,0.7539842763548906,0.5717430114746094,201,28.198984175625373,118332997.81608112,3.90991452514899e-09,32.016258239746094,
Humanoid-v5,0,ridge,1.0,1.0,0.01,100.0,ok,,d65634e+closure,original,32.0,20,50,0.3,1228,4096,1228,1061,201,6.109452736318408,5.278606965174129,multi,random,48.149314880371094,3.8422181606292725,194.6248321533203,1.7741517014658685,39.90169906616211,3.8525390625,0.5432597,32.75190353393555,3.7110674381256104,0.568362575,31.25875473022461,3.652148485183716,0.32687488,0.7547275307258038,0.6080090999603271,201,28.198984175625373,114685621.02742639,3.909914387562109e-08,32.016258239746094,
Humanoid-v5,0,ridge,1e-05,1e-05,0.01,0.001,ok,,d65634e+closure,original,32.0,20,50,0.3,1228,4096,1228,1061,201,6.109452736318408,5.278606965174129,multi,random,48.149173736572266,3.8422441482543945,201.86219787597656,1.7741150518061093,39.9130744934082,3.8516736030578613,0.54568737,33.045921325683594,3.7627737522125244,0.6179075350000001,31.407711029052734,3.6552505493164062,0.35099182500000004,0.7283234579517894,0.6232802867889404,201,28.198984175625373,118752591.37597723,3.9099145404348927e-13,32.016258239746094,
Humanoid-v5,0,ridge,0.0003,0.0003,0.01,0.029999999999999995,ok,,d65634e+closure,original,32.0,20,50,0.3,1228,4096,1228,1061,201,6.109452736318408,5.278606965174129,multi,random,48.14879608154297,3.8414618968963623,198.74891662597656,1.7741150606565705,39.909385681152344,3.8506667613983154,0.54526035,32.910823822021484,3.7471396923065186,0.61192725,31.337411880493164,3.6491448879241943,0.347566315,0.7326713928051101,0.6052095890045166,201,28.198984175625373,118751370.13039544,1.1729743621171672e-11,32.016258239746094,
Humanoid-v5,0,ridge,0.003,0.003,0.01,0.3,ok,,d65634e+closure,original,32.0,20,50,0.3,1228,4096,1228,1061,201,6.109452736318408,5.278606965174129,multi,random,48.148460388183594,3.841162919998169,195.82440185546875,1.7741151431108932,39.907081604003906,3.8511593341827393,0.5445336000000001,32.77902603149414,3.720005750656128,0.59742967,31.284080505371094,3.6442043781280518,0.339229825,0.7442493918309595,0.6040172576904297,201,28.198984175625373,118740001.11839063,1.1729743619933398e-10,32.016258239746094,
HumanoidStandup-v5,0,ridge,0.0,0.0,0.01,0.0,ok,,d65634e+closure,original,8.0,20,50,0.2,819,4096,819,742,201,4.074626865671642,3.691542288557214,multi,random,31.11349105834961,4.355948448181152,128.9749755859375,1.5318894739177686,NA,NA,NA,NA,NA,NA,63.56144332885742,6.936542510986328,0.889202275,0.8224703778290408,2.290213108062744,201,24.251458593894302,11823008.253430175,0.0,8.004064559936523,
HumanoidStandup-v5,0,ridge,0.0001,0.0001,0.01,0.01,ok,,d65634e+closure,original,8.0,20,50,0.2,819,4096,819,742,201,4.074626865671642,3.691542288557214,multi,random,32.58308029174805,4.309757232666016,1605.4554443359375,1.531889391542199,NA,NA,NA,NA,NA,NA,140.81118774414062,6.119563579559326,0.980332035,0.9326986027641784,0.9827048778533936,201,24.251458593894302,11822959.501894442,5.167754962384042e-11,8.004064559936523,
HumanoidStandup-v5,0,ridge,0.001,0.001,0.01,0.1,ok,,d65634e+closure,original,8.0,20,50,0.2,819,4096,819,742,201,4.074626865671642,3.691542288557214,multi,random,31.02362823486328,4.316608905792236,278.4022216796875,1.531888650173499,NA,NA,NA,NA,NA,NA,72.8692855834961,5.669728755950928,0.9679513949999999,0.8249043206919926,0.5743229389190674,201,24.251458593894302,11822520.756164374,5.167754959980533e-10,8.004064559936523,
HumanoidStandup-v5,0,ridge,0.01,0.01,0.01,1.0,ok,,d65634e+closure,original,8.0,20,50,0.2,819,4096,819,742,201,4.074626865671642,3.691542288557214,multi,random,31.04690170288086,4.330044746398926,181.47454833984375,1.5318812376167554,NA,NA,NA,NA,NA,NA,66.78956604003906,5.743393421173096,0.951138445,0.7972545739233291,0.5711479187011719,201,24.251458593894302,11818135.089185873,5.16775493594541e-09,8.004064559936523,
HumanoidStandup-v5,0,ridge,0.1,0.1,0.01,10.0,ok,,d65634e+closure,original,8.0,20,50,0.2,819,4096,819,742,201,4.074626865671642,3.691542288557214,multi,random,31.118310928344727,4.345416069030762,141.7578582763672,1.5318072245522334,NA,NA,NA,NA,NA,NA,64.67941284179688,6.324934005737305,0.9184472850000001,0.8053432056122641,0.5899639129638672,201,24.251458593894302,11774456.7171522,5.1677546955942004e-08,8.004064559936523,
HumanoidStandup-v5,0,ridge,1.0,1.0,0.01,100.0,ok,,d65634e+closure,original,8.0,20,50,0.2,819,4096,819,742,201,4.074626865671642,3.691542288557214,multi,random,31.08183479309082,4.364389896392822,127.0447998046875,1.5310778476304159,NA,NA,NA,NA,NA,NA,61.21328353881836,7.420064449310303,0.8587778799999999,0.8160967228956568,0.6033623218536377,201,24.251458593894302,11354797.389116421,5.167752292083344e-07,8.004064559936523,
HumanoidStandup-v5,0,ridge,1e-05,1e-05,0.01,0.001,ok,,d65634e+closure,original,8.0,20,50,0.2,819,4096,819,742,201,4.074626865671642,3.691542288557214,multi,random,94.57530975341797,4.35491943359375,227586.234375,1.5318894656801998,NA,NA,NA,NA,NA,NA,1034.5858154296875,7.53490686416626,0.98328678,0.9835500087794015,0.5748841762542725,201,24.251458593894302,11823003.37825851,5.167754962624393e-12,8.004064559936523,
HumanoidStandup-v5,0,ridge,0.0003,0.0003,0.01,0.029999999999999995,ok,,d65634e+closure,original,8.0,20,50,0.2,819,4096,819,742,201,4.074626865671642,3.691542288557214,multi,random,45.36277389526367,4.319213390350342,44274.65234375,1.531889226791822,NA,NA,NA,NA,NA,NA,204.5114288330078,6.408906936645508,0.97921274,0.9400871686001526,0.5553512573242188,201,24.251458593894302,11822862.000029115,1.5503264885549786e-10,8.004064559936523,
HumanoidStandup-v5,0,ridge,0.003,0.003,0.01,0.3,ok,,d65634e+closure,original,8.0,20,50,0.2,819,4096,819,742,201,4.074626865671642,3.691542288557214,multi,random,31.012948989868164,4.322916507720947,221.8184356689453,1.5318870027610973,NA,NA,NA,NA,NA,NA,68.82538604736328,5.65716552734375,0.96145158,0.8095922750696379,0.5962564945220947,201,24.251458593894302,11821545.882228484,1.5503264863918175e-09,8.004064559936523,
InvertedDoublePendulum-v5,0,ridge,0.0,0.0,0.0001,0.0,ok,,d65634e+closure,original,16.0,20,50,0.05,204,4096,204,199,201,1.0149253731343284,0.9900497512437811,multi,random,0.038117457181215286,-3.2505812644958496,0.010974207893013954,0.006275271034094335,NA,NA,NA,NA,NA,NA,1.738548755645752,1.244104027748108,0.99711432,0.9570099890580999,2.2874414920806885,176,1.1204371681608283e-27,1.1232939520217942e+32,0.0,15.946849822998047,
InvertedDoublePendulum-v5,0,ridge,0.0001,0.0001,0.0001,1.0,ok,,d65634e+closure,original,16.0,20,50,0.05,204,4096,204,199,201,1.0149253731343284,0.9900497512437811,multi,random,0.017416099086403847,-3.3598928451538086,0.002104331273585558,0.006041388289277515,NA,NA,NA,NA,NA,NA,1.081471562385559,0.7358701229095459,0.9970930999999998,0.9387039095550391,0.9598042964935303,176,1.1204371681608283e-27,1258580295.6154842,1.2797326877501114e-07,15.946849822998047,
InvertedDoublePendulum-v5,0,ridge,0.001,0.001,0.0001,10.0,ok,,d65634e+closure,original,16.0,20,50,0.05,204,4096,204,199,201,1.0149253731343284,0.9900497512437811,multi,random,0.015114798210561275,-3.3804659843444824,0.0008499129326082766,0.005863412201262986,NA,NA,NA,NA,NA,NA,0.9694353342056274,1.412007451057434,0.9975140400000001,0.9333831756906318,0.5162637233734131,176,1.1204371681608283e-27,125858030.46154843,1.279731213807632e-06,15.946849822998047,
InvertedDoublePendulum-v5,0,ridge,0.01,0.01,0.0001,100.0,ok,,d65634e+closure,original,16.0,20,50,0.05,204,4096,204,199,201,1.0149253731343284,0.9900497512437811,multi,random,0.014793425798416138,-3.3660154342651367,0.000739622744731605,0.00558644012417843,NA,NA,NA,NA,NA,NA,1.0197277069091797,1.6834248304367065,0.99740144,0.9428798470252844,0.5717730522155762,176,1.1204371681608283e-27,12585803.946154842,1.2797164745695762e-05,15.946849822998047,
InvertedDoublePendulum-v5,0,ridge,0.1,0.1,0.0001,1000.0,ok,,d65634e+closure,original,16.0,20,50,0.05,204,4096,204,199,201,1.0149253731343284,0.9900497512437811,multi,random,0.015412838198244572,-3.294311046600342,0.0008400794467888772,0.006064881501114726,NA,NA,NA,NA,NA,NA,1.0571985244750977,1.6066008806228638,0.9973351100000001,0.936070868913517,0.5647764205932617,176,1.1204371681608283e-27,1258581.2946154843,0.0001279569100860291,15.946849822998047,
InvertedDoublePendulum-v5,0,ridge,1.0,1.0,0.0001,10000.0,ok,,d65634e+closure,original,16.0,20,50,0.05,204,4096,204,199,201,1.0149253731343284,0.9900497512437811,multi,random,0.017340222373604774,-3.093740224838257,0.0011597067350521684,0.008616354818586481,NA,NA,NA,NA,NA,NA,1.0761463642120361,1.4106330871582031,0.99756842,0.9346697683363057,0.5210385322570801,176,1.1204371681608283e-27,125859.02946154843,0.0012780972285109428,15.946849822998047,
InvertedDoublePendulum-v5,0,ridge,1e-05,1e-05,0.0001,0.1,ok,,d65634e+closure,original,16.0,20,50,0.05,204,4096,204,199,201,1.0149253731343284,0.9900497512437811,multi,random,0.4140397012233734,-2.840745449066162,2.687802791595459,0.006163875270626314,NA,NA,NA,NA,NA,NA,19.541540145874023,3.9154577255249023,0.99587708,0.9875120719520832,0.5828793048858643,176,1.1204371681608283e-27,12585802947.154842,1.2797328351445457e-08,15.946849822998047,
InvertedDoublePendulum-v5,0,ridge,0.0003,0.0003,0.0001,2.9999999999999996,ok,,d65634e+closure,original,16.0,20,50,0.05,204,4096,204,199,201,1.0149253731343284,0.9900497512437811,multi,random,0.01584015227854252,-3.375476360321045,0.0010489573469385505,0.005981280397299079,NA,NA,NA,NA,NA,NA,0.961770236492157,1.2127685546875,0.997477425,0.9238963491885069,0.5145969390869141,176,1.1204371681608283e-27,419526765.87182814,3.8391970806211326e-07,15.946849822998047,
InvertedDoublePendulum-v5,0,ridge,0.003,0.003,0.0001,30.0,ok,,d65634e+closure,original,16.0,20,50,0.05,204,4096,204,199,201,1.0149253731343284,0.9900497512437811,multi,random,0.01482080016285181,-3.3781659603118896,0.0007653298089280725,0.005710098182926138,NA,NA,NA,NA,NA,NA,0.9926170110702515,1.55586576461792,0.9974831700000001,0.9403495347999585,0.5289762020111084,176,1.1204371681608283e-27,41952677.48718281,3.8391838151761675e-06,15.946849822998047,
InvertedPendulum-v5,0,ridge,0.0,0.0,0.0001,0.0,ok,,d65634e+closure,original,16.0,20,50,0.05,204,4096,204,199,201,1.0149253731343284,0.9900497512437811,multi,random,0.09809721261262894,-1.3387255668640137,0.023138586431741714,0.0064879387563116795,NA,NA,NA,NA,NA,NA,0.33477574586868286,0.257018506526947,0.7901376999999998,0.519037577453047,2.2345147132873535,201,0.0026402250387263216,36029332.90972428,0.0,16.039451599121094,
InvertedPendulum-v5,0,ridge,0.0001,0.0001,0.0001,1.0,ok,,d65634e+closure,original,16.0,20,50,0.05,204,4096,204,199,201,1.0149253731343284,0.9900497512437811,multi,random,0.09811577945947647,-1.4134984016418457,0.02112169750034809,0.006484332511727446,NA,NA,NA,NA,NA,NA,0.33503997325897217,1.5579859018325806,0.6487921299999999,0.6433823310476836,0.9769072532653809,201,0.0026402250387263216,34714501.77722463,1.0459764343346946e-07,16.039451599121094,
InvertedPendulum-v5,0,ridge,0.001,0.001,0.0001,10.0,ok,,d65634e+closure,original,16.0,20,50,0.05,204,4096,204,199,201,1.0149253731343284,0.9900497512437811,multi,random,0.09815355390310287,-1.4184647798538208,0.02105811797082424,0.0064605948138924466,NA,NA,NA,NA,NA,NA,0.3367406725883484,2.7877707481384277,0.6094974200000001,0.6114295998417988,0.5238566398620605,201,0.0026402250387263216,26131776.70744878,1.0459754496755907e-06,16.039451599121094,
InvertedPendulum-v5,0,ridge,0.01,0.01,0.0001,100.0,ok,,d65634e+closure,original,16.0,20,50,0.05,204,4096,204,199,201,1.0149253731343284,0.9900497512437811,multi,random,0.09814908355474472,-1.4194532632827759,0.021049417555332184,0.006452180084811956,NA,NA,NA,NA,NA,NA,0.33945876359939575,3.328021287918091,0.59985718,0.5936134680339155,0.4886300563812256,201,0.0026402250387263216,7525622.098136754,1.0459656031865112e-05,16.039451599121094,
InvertedPendulum-v5,0,ridge,0.1,0.1,0.0001,1000.0,ok,,d65634e+closure,original,16.0,20,50,0.05,204,4096,204,199,201,1.0149253731343284,0.9900497512437811,multi,random,0.09819071739912033,-1.418912410736084,0.02100369520485401,0.007176646934281958,NA,NA,NA,NA,NA,NA,0.34313836693763733,2.7396047115325928,0.61260903,0.6174438121601428,0.5676922798156738,201,0.0026402250387263216,926787.2010312648,0.00010458671484908572,16.039451599121094,
InvertedPendulum-v5,0,ridge,1.0,1.0,0.0001,10000.0,ok,,d65634e+closure,original,16.0,20,50,0.05,204,4096,204,199,201,1.0149253731343284,0.9900497512437811,multi,random,0.09837355464696884,-1.4101893901824951,0.020956402644515038,0.010424138252180339,NA,NA,NA,NA,NA,NA,0.3479945957660675,1.8249423503875732,0.646712765,0.6616550893265358,0.5602169036865234,201,0.0026402250387263216,94876.05274682264,0.001044883619983933,16.039451599121094,
InvertedPendulum-v5,0,ridge,1e-05,1e-05,0.0001,0.1,ok,,d65634e+closure,original,16.0,20,50,0.05,204,4096,204,199,201,1.0149253731343284,0.9900497512437811,multi,random,0.12361840158700943,-0.749733030796051,0.39683547616004944,0.006487566887867216,NA,NA,NA,NA,NA,NA,0.6436367034912109,1.0954229831695557,0.83158368,0.877012192450122,0.5954382419586182,201,0.0026402250387263216,35893384.71142698,1.0459765328007074e-08,16.039451599121094,
InvertedPendulum-v5,0,ridge,0.0003,0.0003,0.0001,2.9999999999999996,ok,,d65634e+closure,original,16.0,20,50,0.05,204,4096,204,199,201,1.0149253731343284,0.9900497512437811,multi,random,0.09814022481441498,-1.4167559146881104,0.021077271550893784,0.006477810645439792,NA,NA,NA,NA,NA,NA,0.33599627017974854,2.1551260948181152,0.62709964,0.6314126036159144,0.6042671203613281,201,0.0026402250387263216,32353151.858766507,3.137928646564199e-07,16.039451599121094,
InvertedPendulum-v5,0,ridge,0.003,0.003,0.0001,30.0,ok,,d65634e+closure,original,16.0,20,50,0.05,204,4096,204,199,201,1.0149253731343284,0.9900497512437811,multi,random,0.09815160930156708,-1.4192005395889282,0.021053124219179153,0.006438106664494093,NA,NA,NA,NA,NA,NA,0.3377278745174408,3.1637470722198486,0.60113928,0.5991993280815885,0.5989902019500732,201,0.0026402250387263216,16865559.303701404,3.137919784652656e-06,16.039451599121094,
Pusher-v5,0,ridge,0.0,0.0,0.0001,0.0,ok,,d65634e+closure,original,8.0,20,50,0.1,409,4096,409,389,201,2.0348258706467663,1.935323383084577,multi,random,0.04501201584935188,-2.874005079269409,0.002819895278662443,0.018512749006429446,NA,NA,NA,NA,NA,NA,0.8873869776725769,0.8125143647193909,0.99999841,0.8227924355327347,2.2593154907226562,200,1.7076097472176277e-30,4.361094938679461e+34,0.0,8.00672435760498,
Pusher-v5,0,ridge,0.0001,0.0001,0.0001,1.0,ok,,d65634e+closure,original,8.0,20,50,0.1,409,4096,409,389,201,2.0348258706467663,1.935323383084577,multi,random,0.04487035423517227,-2.8904614448547363,0.0024886634200811386,0.01851257129126029,NA,NA,NA,NA,NA,NA,0.7614774703979492,0.5833783745765686,0.99999986,0.8467063161283038,0.9378859996795654,200,1.7076097472176277e-30,744704823.583051,1.8826219864940674e-07,8.00672435760498,
Pusher-v5,0,ridge,0.001,0.001,0.0001,10.0,ok,,d65634e+closure,original,8.0,20,50,0.1,409,4096,409,389,201,2.0348258706467663,1.935323383084577,multi,random,0.044718462973833084,-2.9150197505950928,0.002162387128919363,0.018510999784687125,NA,NA,NA,NA,NA,NA,0.6943540573120117,0.712386965751648,0.99999994,0.8491125315104092,0.5412154197692871,200,1.7076097472176277e-30,74470483.2583051,1.882618796660482e-06,8.00672435760498,
Pusher-v5,0,ridge,0.01,0.01,0.0001,100.0,ok,,d65634e+closure,original,8.0,20,50,0.1,409,4096,409,389,201,2.0348258706467663,1.935323383084577,multi,random,0.04461238160729408,-2.9503912925720215,0.0018012882210314274,0.018497623320219456,NA,NA,NA,NA,NA,NA,0.6474992036819458,1.4737547636032104,0.99999716,0.8196360254166548,0.5234894752502441,200,1.7076097472176277e-30,7447049.225830509,1.8825868989191416e-05,8.00672435760498,
Pusher-v5,0,ridge,0.1,0.1,0.0001,1000.0,ok,,d65634e+closure,original,8.0,20,50,0.1,409,4096,409,389,201,2.0348258706467663,1.935323383084577,multi,random,0.04477771744132042,-2.940192461013794,0.001677942113019526,0.018481696339312577,NA,NA,NA,NA,NA,NA,0.6237583756446838,2.7702245712280273,0.99998029,0.7953745207572204,0.5835676193237305,200,1.7076097472176277e-30,744705.822583051,0.00018822679809454355,8.00672435760498,
Pusher-v5,0,ridge,1.0,1.0,0.0001,10000.0,ok,,d65634e+closure,original,8.0,20,50,0.1,409,4096,409,389,201,2.0348258706467663,1.935323383084577,multi,random,0.045533519238233566,-2.841050624847412,0.0019488290417939425,0.019589405071937082,NA,NA,NA,NA,NA,NA,0.620711088180542,3.0305800437927246,0.99997885,0.7685492723547153,0.5442397594451904,200,1.7076097472176277e-30,74471.4822583051,0.0018790847340199393,8.00672435760498,
Pusher-v5,0,ridge,1e-05,1e-05,0.0001,0.1,ok,,d65634e+closure,original,8.0,20,50,0.1,409,4096,409,389,201,2.0348258706467663,1.935323383084577,multi,random,0.04498312249779701,-2.876474380493164,0.002746734069660306,0.018512731206122488,NA,NA,NA,NA,NA,NA,0.8792617321014404,0.778984546661377,0.9999994200000001,0.8371636561601481,0.5543577671051025,200,1.7076097472176277e-30,7447048226.830509,1.8826223054780196e-08,8.00672435760498,
Pusher-v5,0,ridge,0.0003,0.0003,0.0001,2.9999999999999996,ok,,d65634e+closure,original,8.0,20,50,0.1,409,4096,409,389,201,2.0348258706467663,1.935323383084577,multi,random,0.044801365584135056,-2.8995473384857178,0.0023439775686711073,0.018512217762081645,NA,NA,NA,NA,NA,NA,0.7244002819061279,0.6040741801261902,0.9999999800000001,0.8565193192540409,0.5908668041229248,200,1.7076097472176277e-30,248234941.86101702,5.647863832923674e-07,8.00672435760498,
Pusher-v5,0,ridge,0.003,0.003,0.0001,30.0,ok,,d65634e+closure,original,8.0,20,50,0.1,409,4096,409,389,201,2.0348258706467663,1.935323383084577,multi,random,0.04464982450008392,-2.9334628582000732,0.001979704247787595,0.01850767508841659,NA,NA,NA,NA,NA,NA,0.6700560450553894,0.9546269774436951,0.99999974,0.8353502037525382,0.5309920310974121,200,1.7076097472176277e-30,24823495.0861017,5.647835124540314e-06,8.00672435760498,
Reacher-v5,0,ridge,0.0,0.0,0.0001,0.0,ok,,d65634e+closure,original,8.0,20,50,0.05,204,4096,204,199,201,1.0149253731343284,0.9900497512437811,multi,random,0.11914418637752533,-1.077769160270691,0.11692332476377487,0.031146454976364753,NA,NA,NA,NA,NA,NA,0.9104604125022888,0.890579342842102,0.9935591399999999,0.8323518690545127,2.2901968955993652,201,0.6850740425640259,301980.46866265836,0.0,7.985090255737305,
Reacher-v5,0,ridge,0.0001,0.0001,0.0001,1.0,ok,,d65634e+closure,original,8.0,20,50,0.05,204,4096,204,199,201,1.0149253731343284,0.9900497512437811,multi,random,0.10259056836366653,-1.7319376468658447,0.027021581307053566,0.031146371424033707,NA,NA,NA,NA,NA,NA,0.7239711284637451,0.13990478217601776,0.99303101,0.8568794763573654,1.004636287689209,201,0.6850740425640259,301936.3952667176,4.422853887517445e-08,7.985090255737305,
Reacher-v5,0,ridge,0.001,0.001,0.0001,10.0,ok,,d65634e+closure,original,8.0,20,50,0.05,204,4096,204,199,201,1.0149253731343284,0.9900497512437811,multi,random,0.10060365498065948,-2.075049638748169,0.012445742264389992,0.0311456223938724,NA,NA,NA,NA,NA,NA,0.6687543988227844,0.007307874504476786,0.99007712,0.8702218522994398,0.5879809856414795,201,0.6850740425640259,301540.31286324334,4.422852126970859e-07,7.985090255737305,
Reacher-v5,0,ridge,0.01,0.01,0.0001,100.0,ok,,d65634e+closure,original,8.0,20,50,0.05,204,4096,204,199,201,1.0149253731343284,0.9900497512437811,multi,random,0.09985315799713135,-2.2874085903167725,0.007465797010809183,0.031138419128979217,NA,NA,NA,NA,NA,NA,0.646760106086731,0.3441425561904907,0.9858137800000001,0.8638895919708959,0.6135261058807373,201,0.6850740425640259,297635.90318947943,4.422834521582095e-06,7.985090255737305,
Reacher-v5,0,ridge,0.1,0.1,0.0001,1000.0,ok,,d65634e+closure,original,8.0,20,50,0.05,204,4096,204,199,201,1.0149253731343284,0.9900497512437811,multi,random,0.09962674230337143,-2.3702127933502197,0.005890716332942247,0.031091488266896193,NA,NA,NA,NA,NA,NA,0.6354681849479675,1.0135078430175781,0.98174682,0.8468283883179053,0.5208625793457031,201,0.6850740425640259,263515.3746345329,4.422658475402857e-05,7.985090255737305,
Reacher-v5,0,ridge,1.0,1.0,0.0001,10000.0,ok,,d65634e+closure,original,8.0,20,50,0.05,204,4096,204,199,201,1.0149253731343284,0.9900497512437811,multi,random,0.09995656460523605,-2.355045795440674,0.005898811388760805,0.031616260108385905,NA,NA,NA,NA,NA,NA,0.6300563216209412,1.2561427354812622,0.9799897900000001,0.8339797807608016,0.5621664524078369,201,0.6850740425640259,122772.04159368323,0.0004420898784109977,7.985090255737305,
Reacher-v5,0,ridge,1e-05,1e-05,0.0001,0.1,ok,,d65634e+closure,original,8.0,20,50,0.05,204,4096,204,199,201,1.0149253731343284,0.9900497512437811,multi,random,0.1377171277999878,-0.6966322660446167,0.35774239897727966,0.031146446618186673,NA,NA,NA,NA,NA,NA,0.9451743960380554,1.2289707660675049,0.986392015,0.7274654938226549,0.5608217716217041,201,0.6850740425640259,301976.0607440688,4.422854063572181e-09,7.985090255737305,
Reacher-v5,0,ridge,0.0003,0.0003,0.0001,2.9999999999999996,ok,,d65634e+closure,original,8.0,20,50,0.05,204,4096,204,199,201,1.0149253731343284,0.9900497512437811,multi,random,0.10133851319551468,-1.9102362394332886,0.01812811754643917,0.031146204515622212,NA,NA,NA,NA,NA,NA,0.6899870038032532,0.0297611802816391,0.9917847600000003,0.8645184064843711,0.5386626720428467,201,0.6850740425640259,301848.28705820214,1.3268560488854245e-07,7.985090255737305,
Reacher-v5,0,ridge,0.003,0.003,0.0001,30.0,ok,,d65634e+closure,original,8.0,20,50,0.05,204,4096,204,199,201,1.0149253731343284,0.9900497512437811,multi,random,0.10017086565494537,-2.194178342819214,0.009400682523846626,0.03114397675341697,NA,NA,NA,NA,NA,NA,0.6566823124885559,0.10363933444023132,0.9881835399999999,0.8694973545500159,0.5332036018371582,201,0.6850740425640259,300663.83941936924,1.3268544643950402e-06,7.985090255737305,
Swimmer-v5,0,ridge,0.0,0.0,0.0001,0.0,ok,,d65634e+closure,original,8.0,20,50,0.05,204,4096,204,199,201,1.0149253731343284,0.9900497512437811,multi,random,0.042747244238853455,-1.8360936641693115,0.011446659453213215,0.016374006257224558,NA,NA,NA,NA,NA,NA,0.5081823468208313,0.9615195989608765,0.9986353900000001,0.5971419971810029,2.2168941497802734,201,0.046285608624403625,9632322.346287807,0.0,7.973424911499023,
Swimmer-v5,0,ridge,0.0001,0.0001,0.0001,1.0,ok,,d65634e+closure,original,8.0,20,50,0.05,204,4096,204,199,201,1.0149253731343284,0.9900497512437811,multi,random,0.055578574538230896,-1.7733136415481567,0.06899642199277878,0.016372989380631867,NA,NA,NA,NA,NA,NA,0.7981286644935608,1.2751729488372803,0.9923930700000001,0.7435959340361902,0.9548134803771973,201,0.046285608624403625,9611556.59235692,1.99017437332072e-08,7.973424911499023,
Swimmer-v5,0,ridge,0.001,0.001,0.0001,10.0,ok,,d65634e+closure,original,8.0,20,50,0.05,204,4096,204,199,201,1.0149253731343284,0.9900497512437811,multi,random,0.037919674068689346,-1.961853265762329,0.0017881656531244516,0.016364068175703357,NA,NA,NA,NA,NA,NA,0.4976167380809784,0.7155481576919556,0.99954834,0.6001592059323949,0.5656216144561768,201,0.046285608624403625,9428617.210063407,1.9901740168493208e-07,7.973424911499023,
Swimmer-v5,0,ridge,0.01,0.01,0.0001,100.0,ok,,d65634e+closure,original,8.0,20,50,0.05,204,4096,204,199,201,1.0149253731343284,0.9900497512437811,multi,random,0.0374295674264431,-1.9588710069656372,0.0012962549226358533,0.01629388492679735,NA,NA,NA,NA,NA,NA,0.4992184638977051,1.2988113164901733,0.9995191999999999,0.5321934152731272,0.5183689594268799,201,0.046285608624403625,7920993.00621356,1.9901704521423494e-06,7.973424911499023,
Swimmer-v5,0,ridge,0.1,0.1,0.0001,1000.0,ok,,d65634e+closure,original,8.0,20,50,0.05,204,4096,204,199,201,1.0149253731343284,0.9900497512437811,multi,random,0.0372244156897068,-1.9578536748886108,0.0011723811039701104,0.01625032318689516,NA,NA,NA,NA,NA,NA,0.5006581544876099,2.0591554641723633,0.99944764,0.44919763755201914,0.536386251449585,201,0.046285608624403625,3047722.919956456,1.9901348057749734e-05,7.973424911499023,
Swimmer-v5,0,ridge,1.0,1.0,0.0001,10000.0,ok,,d65634e+closure,original,8.0,20,50,0.05,204,4096,204,199,201,1.0149253731343284,0.9900497512437811,multi,random,0.037679169327020645,-1.9653164148330688,0.0013355981791391969,0.018639562595014304,NA,NA,NA,NA,NA,NA,0.49780479073524475,2.4678030014038086,0.99938905,0.43879644654123,0.5128564834594727,201,0.046285608624403625,426115.8698823528,0.00019897784123203008,7.973424911499023,
Swimmer-v5,0,ridge,1e-05,1e-05,0.0001,0.1,ok,,d65634e+closure,original,8.0,20,50,0.05,204,4096,204,199,201,1.0149253731343284,0.9900497512437811,multi,random,1.6607673168182373,0.964264452457428,138.51695251464844,0.016373904334252787,NA,NA,NA,NA,NA,NA,12.758575439453125,4.649081707000732,0.98874619,0.9414828220533015,0.5777060985565186,201,0.046285608624403625,9630241.733972192,1.9901744089678667e-09,7.973424911499023,
Swimmer-v5,0,ridge,0.0003,0.0003,0.0001,2.9999999999999996,ok,,d65634e+closure,original,8.0,20,50,0.05,204,4096,204,199,201,1.0149253731343284,0.9900497512437811,multi,random,0.03826351836323738,-1.955667495727539,0.002376392250880599,0.016370971223202052,NA,NA,NA,NA,NA,NA,0.49614226818084717,0.5805975198745728,0.9994996399999999,0.6096328365353018,0.5472750663757324,201,0.046285608624403625,9570292.5373143,5.970522882314524e-08,7.973424911499023,
Swimmer-v5,0,ridge,0.003,0.003,0.0001,30.0,ok,,d65634e+closure,original,8.0,20,50,0.05,204,4096,204,199,201,1.0149253731343284,0.9900497512437811,multi,random,0.037689872086048126,-1.961147665977478,0.0014869826845824718,0.01634564502332795,NA,NA,NA,NA,NA,NA,0.49800267815589905,0.9399025440216064,0.9995496500000001,0.5780235417571716,0.6092483997344971,201,0.046285608624403625,9046005.876928937,5.970519674073336e-07,7.973424911499023,
Walker2d-v5,0,ridge,0.0,0.0,0.01,0.0,ok,,d65634e+closure,original,16.0,20,50,0.3,1228,4096,1228,1061,201,6.109452736318408,5.278606965174129,multi,random,0.5799922347068787,-0.8903893232345581,0.3115364909172058,0.13576933623643753,NA,NA,NA,NA,NA,NA,2.8347432613372803,2.01011323928833,0.9984398400000001,0.3925312383888451,6.466760635375977,201,4.5177320334177065,611632.5824857322,0.0,16.026697158813477,
Walker2d-v5,0,ridge,0.0001,0.0001,0.01,0.01,ok,,d65634e+closure,original,16.0,20,50,0.3,1228,4096,1228,1061,201,6.109452736318408,5.278606965174129,multi,random,0.5800344347953796,-0.8861108422279358,0.3229212164878845,0.1357693090477423,NA,NA,NA,NA,NA,NA,2.840834617614746,1.917060136795044,0.9985503899999999,0.31218653082467496,0.9240381717681885,201,4.5177320334177065,611619.0443201261,3.379348383019492e-09,16.026697158813477,
Walker2d-v5,0,ridge,0.001,0.001,0.01,0.1,ok,,d65634e+closure,original,16.0,20,50,0.3,1228,4096,1228,1061,201,6.109452736318408,5.278606965174129,multi,random,0.579954981803894,-0.8910158276557922,0.30965656042099,0.1357690644757969,NA,NA,NA,NA,NA,NA,2.828885078430176,2.037696361541748,0.9986226500000002,0.39787854151275365,0.5554625988006592,201,4.5177320334177065,611497.2277937605,3.379348280239535e-08,16.026697158813477,
Walker2d-v5,0,ridge,0.01,0.01,0.01,1.0,ok,,d65634e+closure,original,16.0,20,50,0.3,1228,4096,1228,1061,201,6.109452736318408,5.278606965174129,multi,random,0.5799309015274048,-0.8938071727752686,0.3036295175552368,0.13576663122449492,NA,NA,NA,NA,NA,NA,2.819347381591797,2.2666561603546143,0.9984973700000002,0.40990126330916116,0.49642395973205566,201,4.5177320334177065,610281.7260790996,3.379347252440315e-07,16.026697158813477,
Walker2d-v5,0,ridge,0.1,0.1,0.01,10.0,ok,,d65634e+closure,original,16.0,20,50,0.3,1228,4096,1228,1061,201,6.109452736318408,5.278606965174129,multi,random,0.5803853869438171,-0.8954910635948181,0.29788580536842346,0.13574350990354123,NA,NA,NA,NA,NA,NA,2.814776659011841,2.562612533569336,0.99843078,0.40930948399923445,0.5263233184814453,201,4.5177320334177065,598387.3015110142,3.379336974482508e-06,16.026697158813477,
Walker2d-v5,0,ridge,1.0,1.0,0.01,100.0,ok,,d65634e+closure,original,16.0,20,50,0.3,1228,4096,1228,1061,201,6.109452736318408,5.278606965174129,multi,random,0.5832226872444153,-0.8914903402328491,0.2901943624019623,0.13560593851921574,NA,NA,NA,NA,NA,NA,2.8064703941345215,3.024186372756958,0.9974082899999999,0.4039429016870645,0.5000567436218262,201,4.5177320334177065,500784.21602258494,3.37923419834286e-05,16.026697158813477,
Walker2d-v5,0,ridge,1e-05,1e-05,0.01,0.001,ok,,d65634e+closure,original,16.0,20,50,0.3,1228,4096,1228,1061,201,6.109452736318408,5.278606965174129,multi,random,0.5799291729927063,-0.8789395093917847,0.3661072552204132,0.13576933351744164,NA,NA,NA,NA,NA,NA,2.887545108795166,1.966530680656433,0.9971149899999999,0.2424475446573848,0.5129272937774658,201,4.5177320334177065,611631.2286422016,3.379348393297487e-10,16.026697158813477,
Walker2d-v5,0,ridge,0.0003,0.0003,0.01,0.029999999999999995,ok,,d65634e+closure,original,16.0,20,50,0.3,1228,4096,1228,1061,201,6.109452736318408,5.278606965174129,multi,random,0.5800184607505798,-0.8888999819755554,0.31466346979141235,0.13576925467877435,NA,NA,NA,NA,NA,NA,2.834146022796631,1.9558290243148804,0.9987074899999999,0.3717425227601166,0.5402939319610596,201,4.5177320334177065,611591.9697867985,1.01380450805385e-08,16.026697158813477,
Walker2d-v5,0,ridge,0.003,0.003,0.01,0.3,ok,,d65634e+closure,original,16.0,20,50,0.3,1228,4096,1228,1061,201,6.109452736318408,5.278606965174129,multi,random,0.5799305438995361,-0.892491340637207,0.30655398964881897,0.13576852179587512,NA,NA,NA,NA,NA,NA,2.823936939239502,2.1377291679382324,0.9985371700000001,0.4072889699677772,0.6084849834442139,201,4.5177320334177065,611226.6980550927,1.0138044155518962e-07,16.026697158813477,
Ant-v5,10,ridge,0.0,0.0,0.0001,0.0,ok,,d65634e+closure,original,8.0,20,50,0.1,409,4096,409,389,201,2.0348258706467663,1.935323383084577,multi,random,1.4495714902877808,-2.1972851753234863,22.66926383972168,0.02933636096313283,2.6699376106262207,1.1245543956756592,0.88877355,4.134000778198242,2.095146656036377,0.9192568499999999,17.54927635192871,2.4576988220214844,0.9960226499999998,0.9091470627641981,2.29952073097229,201,0.014935423264670207,963278.3788092745,0.0,7.9973955154418945,
Ant-v5,10,ridge,0.0001,0.0001,0.0001,1.0,ok,,d65634e+closure,original,8.0,20,50,0.1,409,4096,409,389,201,2.0348258706467663,1.935323383084577,multi,random,0.6184072494506836,-2.4545655250549316,0.7665148973464966,0.029329370469712894,0.9510090947151184,1.613495945930481,0.878914165,1.177247166633606,2.982600450515747,0.9221425799999999,3.0776174068450928,0.966022789478302,0.99772581,0.8417409024069847,0.9414381980895996,201,0.014935423264670207,956871.6594116719,5.584877340545881e-07,7.9973955154418945,
Ant-v5,10,ridge,0.001,0.001,0.0001,10.0,ok,,d65634e+closure,original,8.0,20,50,0.1,409,4096,409,389,201,2.0348258706467663,1.935323383084577,multi,random,0.5706214308738708,-2.5438714027404785,0.3860425055027008,0.029269886941879788,0.8223535418510437,2.874387264251709,0.8335828949999999,0.9161865711212158,4.8837504386901855,0.8961511799999999,1.377187967300415,0.5785219669342041,0.9946862899999999,0.28035968650096116,0.5686328411102295,201,0.014935423264670207,902829.5684569998,5.58484926891756e-06,7.9973955154418945,
Ant-v5,10,ridge,0.01,0.01,0.0001,100.0,ok,,d65634e+closure,original,8.0,20,50,0.1,409,4096,409,389,201,2.0348258706467663,1.935323383084577,multi,random,0.5667021870613098,-2.567936658859253,0.3476697504520416,0.028888100408704126,0.8076969385147095,3.8470895290374756,0.7650768350000001,0.8895266056060791,6.206525802612305,0.809198625,1.2830394506454468,0.8903979063034058,0.811008545,0.13093277999247016,0.5451698303222656,201,0.014935423264670207,576969.5648040614,5.584568568154396e-05,7.9973955154418945,
Ant-v5,10,ridge,0.1,0.1,0.0001,1000.0,ok,,d65634e+closure,original,8.0,20,50,0.1,409,4096,409,389,201,2.0348258706467663,1.935323383084577,multi,random,0.5646922588348389,-2.5623509883880615,0.3400004208087921,0.02828364341174314,0.7918298840522766,4.039191246032715,0.707914435,0.8669417500495911,6.487703800201416,0.72774499,1.2856470346450806,1.2609624862670898,0.555281225,0.12990532444139152,0.589055061340332,201,0.014935423264670207,125175.24972341799,0.0005581763111659852,7.9973955154418945,
Ant-v5,10,ridge,1.0,1.0,0.0001,10000.0,ok,,d65634e+closure,original,8.0,20,50,0.1,409,4096,409,389,201,2.0348258706467663,1.935323383084577,multi,random,0.5623940229415894,-2.5300674438476562,0.34081676602363586,0.028143662662526134,0.7747828960418701,3.2932634353637695,0.661889255,0.8418201804161072,5.643127918243408,0.673380035,1.2953580617904663,1.5797001123428345,0.50390042,0.12777565837443985,0.5538120269775391,201,0.014935423264670207,14176.242132667992,0.005553862799806988,7.9973955154418945,
Ant-v5,10,ridge,1e-05,1e-05,0.0001,0.1,ok,,d65634e+closure,original,8.0,20,50,0.1,409,4096,409,389,201,2.0348258706467663,1.935323383084577,multi,random,0.982313334941864,-2.300046682357788,5.559187889099121,0.0293356582754348,1.705800175666809,0.954842746257782,0.89357164,2.557258129119873,1.9347119331359863,0.92376406,9.703351020812988,1.888043761253357,0.9970364599999999,0.8926122816694785,0.5318636894226074,201,0.014935423264670207,962633.8488004882,5.584880147724235e-08,7.9973955154418945,
Ant-v5,10,ridge,0.0003,0.0003,0.0001,2.9999999999999996,ok,,d65634e+closure,original,8.0,20,50,0.1,409,4096,409,389,201,2.0348258706467663,1.935323383084577,multi,random,0.5813446044921875,-2.5086004734039307,0.4815317988395691,0.02931562780703086,0.853766679763794,2.2299306392669678,0.8609315399999999,0.9816363453865051,3.903789758682251,0.91609454,1.841571569442749,0.686474621295929,0.99747316,0.6410805432224984,0.552609920501709,201,0.014935423264670207,944310.5294346586,1.6754613307145602e-06,7.9973955154418945,
Ant-v5,10,ridge,0.003,0.003,0.0001,30.0,ok,,d65634e+closure,original,8.0,20,50,0.1,409,4096,409,389,201,2.0348258706467663,1.935323383084577,multi,random,0.5677961111068726,-2.5615787506103516,0.3586384057998657,0.02915641828570859,0.8132660388946533,3.4017081260681152,0.8015879450000001,0.8988726735115051,5.624269008636475,0.8602553000000001,1.2946343421936035,0.6889397501945496,0.96093583,0.1527491102333241,0.5385074615478516,201,0.014935423264670207,802154.1001244044,1.6754360665594852e-05,7.9973955154418945,
HalfCheetah-v5,10,ridge,0.0,0.0,0.0001,0.0,ok,,d65634e+closure,original,32.0,20,50,0.3,1228,4096,1228,1061,201,6.109452736318408,5.278606965174129,multi,random,1.5083273649215698,0.26777148246765137,2.731233835220337,0.19949694540741075,3.0274782180786133,2.6498239040374756,0.808668785,4.977057456970215,1.734464406967163,0.9660135349999999,3.924957752227783,2.463651180267334,0.9777837899999999,0.11624222464816589,3.928760528564453,201,10.588632979688258,6045847.426473186,0.0,32.05396270751953,
HalfCheetah-v5,10,ridge,0.0001,0.0001,0.0001,1.0,ok,,d65634e+closure,original,32.0,20,50,0.3,1228,4096,1228,1061,201,6.109452736318408,5.278606965174129,multi,random,1.5301586389541626,0.06729909032583237,5.727823734283447,0.19949690861384956,3.0845530033111572,1.6926220655441284,0.810791545,5.0079827308654785,1.8825527429580688,0.9671755200000001,4.087975978851318,2.3010473251342773,0.9773853699999999,0.1990817266074145,0.93971848487854,201,10.588632979688258,6045790.329496258,1.6479700030123976e-10,32.05396270751953,
HalfCheetah-v5,10,ridge,0.001,0.001,0.0001,10.0,ok,,d65634e+closure,original,32.0,20,50,0.3,1228,4096,1228,1061,201,6.109452736318408,5.278606965174129,multi,random,1.513171911239624,0.08815295994281769,3.372612476348877,0.19949657750283198,3.04512619972229,1.8247735500335693,0.80965604,4.991962909698486,1.7487527132034302,0.96646047,3.9805586338043213,2.229642391204834,0.97874738,0.12092502719870137,0.5903465747833252,201,10.588632979688258,6045276.505229923,1.6479700005681724e-09,32.05396270751953,
HalfCheetah-v5,10,ridge,0.01,0.01,0.0001,100.0,ok,,d65634e+closure,original,32.0,20,50,0.3,1228,4096,1228,1061,201,6.109452736318408,5.278606965174129,multi,random,1.5082823038101196,0.1748778522014618,2.8197622299194336,0.19949326946227355,3.030388832092285,2.25158429145813,0.8082038899999999,4.981029987335205,1.7266312837600708,0.9658991200000001,3.9287197589874268,2.357875347137451,0.97773766,0.11126846739935228,0.5230667591094971,201,10.588632979688258,6040143.062110292,1.647969976125927e-08,32.05396270751953,
HalfCheetah-v5,10,ridge,0.1,0.1,0.0001,1000.0,ok,,d65634e+closure,original,32.0,20,50,0.3,1228,4096,1228,1061,201,6.109452736318408,5.278606965174129,multi,random,1.5055824518203735,0.47893208265304565,2.510908842086792,0.19946049325118592,3.0181386470794678,3.59983491897583,0.8048292450000001,4.9712347984313965,1.7537411451339722,0.965013565,3.887505292892456,2.871600866317749,0.9758620600000001,0.108798301917615,0.5872452259063721,201,10.588632979688258,5989284.099451274,1.6479697317035095e-07,32.05396270751953,
HalfCheetah-v5,10,ridge,1.0,1.0,0.0001,10000.0,ok,,d65634e+closure,original,32.0,20,50,0.3,1228,4096,1228,1061,201,6.109452736318408,5.278606965174129,multi,random,1.5031542778015137,0.7820350527763367,2.345641613006592,0.19916065354629303,3.0062201023101807,4.861897945404053,0.79300491,4.964022159576416,1.8273741006851196,0.9621648449999999,3.862260103225708,3.4130804538726807,0.9739751550000001,0.1043143857316474,0.49831175804138184,201,10.588632979688258,5524142.542293153,1.6479672874833218e-06,32.05396270751953,
HalfCheetah-v5,10,ridge,1e-05,1e-05,0.0001,0.1,ok,,d65634e+closure,original,32.0,20,50,0.3,1228,4096,1228,1061,201,6.109452736318408,5.278606965174129,multi,random,1.6121466159820557,0.05872444808483124,18.184112548828125,0.1994969417280238,3.290818691253662,1.6404911279678345,0.8108398250000001,5.104284286499023,2.04797625541687,0.967920995,4.493499279022217,2.446443796157837,0.9764675899999999,0.38291999642749747,0.5242054462432861,201,10.588632979688258,6045841.716726963,1.64797000325682e-11,32.05396270751953,
HalfCheetah-v5,10,ridge,0.0003,0.0003,0.0001,2.9999999999999996,ok,,d65634e+closure,original,32.0,20,50,0.3,1228,4096,1228,1061,201,6.109452736318408,5.278606965174129,multi,random,1.5171175003051758,0.07472667843103409,3.8855230808258057,0.199496835028796,3.05380916595459,1.7398982048034668,0.810349205,4.995804309844971,1.7974950075149536,0.96676822,4.010255813598633,2.238901376724243,0.97822921,0.13542662207429762,0.5237343311309814,201,10.588632979688258,6045676.138777683,4.943910007407709e-10,32.05396270751953,
HalfCheetah-v5,10,ridge,0.003,0.003,0.0001,30.0,ok,,d65634e+closure,original,32.0,20,50,0.3,1228,4096,1228,1061,201,6.109452736318408,5.278606965174129,multi,random,1.5108091831207275,0.11245514452457428,3.1044058799743652,0.19949584190051622,3.038693904876709,1.9510713815689087,0.80901512,4.987494945526123,1.7297016382217407,0.9661037600000001,3.9581289291381836,2.2571449279785156,0.9785332400000001,0.1159051246164421,0.5922605991363525,201,10.588632979688258,6044134.986161649,4.943909985409688e-09,32.05396270751953,
Hopper-v5,10,ridge,0.0,0.0,0.0001,0.0,ok,,d65634e+closure,original,32.0,20,50,0.3,1228,4096,1228,1061,201,6.109452736318408,5.278606965174129,multi,random,0.17399831116199493,-1.4206167459487915,0.03204343095421791,0.06991225885299795,0.3293614983558655,0.179816335439682,0.8983342700000001,0.3937497138977051,0.5292474031448364,0.949887815,0.41213497519493103,0.2668761610984802,0.976075225,0.6291914828214651,3.5389668941497803,201,1.5833690018643287,4080526.31561077,0.0,32.060691833496094,
Hopper-v5,10,ridge,0.0001,0.0001,0.0001,1.0,ok,,d65634e+closure,original,32.0,20,50,0.3,1228,4096,1228,1061,201,6.109452736318408,5.278606965174129,multi,random,0.1739591509103775,-1.4193190336227417,0.03243673965334892,0.06991221888005321,0.33000025153160095,0.18228557705879211,0.9020322900000001,0.39555099606513977,0.49336549639701843,0.9561323400000001,0.4203977882862091,0.24626564979553223,0.98189873,0.6863123565092414,1.0156347751617432,201,1.5833690018643287,4080268.620303138,1.375011418473437e-09,32.060691833496094,
Hopper-v5,10,ridge,0.001,0.001,0.0001,10.0,ok,,d65634e+closure,original,32.0,20,50,0.3,1228,4096,1228,1061,201,6.109452736318408,5.278606965174129,multi,random,0.1739894598722458,-1.4207879304885864,0.03201308101415634,0.06991185953032913,0.3290201723575592,0.1769997477531433,0.899952445,0.39243078231811523,0.4889026880264282,0.9543214949999999,0.41345271468162537,0.25390326976776123,0.977236405,0.6412194507118891,0.5840039253234863,201,1.5833690018643287,4077950.826371326,1.3750114014575299e-08,32.060691833496094,
Hopper-v5,10,ridge,0.01,0.01,0.0001,100.0,ok,,d65634e+closure,original,32.0,20,50,0.3,1228,4096,1228,1061,201,6.109452736318408,5.278606965174129,multi,random,0.17404045164585114,-1.4226442575454712,0.03145870193839073,0.06990830603122293,0.3277714252471924,0.17970609664916992,0.8978817750000001,0.3922196924686432,0.5234174728393555,0.949227885,0.4073360860347748,0.27860027551651,0.97297842,0.6080287061490556,0.5855398178100586,201,1.5833690018643287,4054916.8973853854,1.375011231298479e-07,32.060691833496094,
Hopper-v5,10,ridge,0.1,0.1,0.0001,1000.0,ok,,d65634e+closure,original,32.0,20,50,0.3,1228,4096,1228,1061,201,6.109452736318408,5.278606965174129,multi,random,0.1741996556520462,-1.4266496896743774,0.030599012970924377,0.06987651802427415,0.325970321893692,0.17408202588558197,0.8955011900000002,0.39088860154151917,0.535195529460907,0.945858405,0.3964393734931946,0.2963167726993561,0.9665148049999999,0.604449853851752,0.5822663307189941,201,1.5833690018643287,3838124.007436413,1.3750095297102872e-06,32.060691833496094,
Hopper-v5,10,ridge,1.0,1.0,0.0001,10000.0,ok,,d65634e+closure,original,32.0,20,50,0.3,1228,4096,1228,1061,201,6.109452736318408,5.278606965174129,multi,random,0.17522309720516205,-1.4315673112869263,0.02946629375219345,0.06979164039806195,0.32510906457901,0.15236064791679382,0.8886722850000002,0.3869439661502838,0.514504075050354,0.9381539000000001,0.377390056848526,0.2629562318325043,0.9555952750000001,0.6199007438743059,0.5673778057098389,201,1.5833690018643287,2500989.9378552134,1.3749925140599958e-05,32.060691833496094,
Hopper-v5,10,ridge,1e-05,1e-05,0.0001,0.1,ok,,d65634e+closure,original,32.0,20,50,0.3,1228,4096,1228,1061,201,6.109452736318408,5.278606965174129,multi,random,0.17396171391010284,-1.4178584814071655,0.03298228606581688,0.06991225485529652,0.3314352333545685,0.19869859516620636,0.9025226099999999,0.3992442190647125,0.5064805150032043,0.95633887,0.4264567792415619,0.2813839018344879,0.98410075,0.6913646295800908,0.5973262786865234,201,1.5833690018643287,4080500.5446152543,1.3750114201750282e-10,32.060691833496094,
Hopper-v5,10,ridge,0.0003,0.0003,0.0001,2.9999999999999996,ok,,d65634e+closure,original,32.0,20,50,0.3,1228,4096,1228,1061,201,6.109452736318408,5.278606965174129,multi,random,0.1739709973335266,-1.4201221466064453,0.03221618011593819,0.06991213896129513,0.329424649477005,0.1763593852519989,0.9012104750000001,0.3936532437801361,0.4900924861431122,0.955644925,0.41684406995773315,0.24376298487186432,0.9797826500000002,0.668862830738681,0.5389933586120605,201,1.5833690018643287,4079753.327320135,4.125034244076372e-09,32.060691833496094,
Hopper-v5,10,ridge,0.003,0.003,0.0001,30.0,ok,,d65634e+closure,original,32.0,20,50,0.3,1228,4096,1228,1061,201,6.109452736318408,5.278606965174129,multi,random,0.17401279509067535,-1.4214974641799927,0.03178488463163376,0.06991106359149343,0.32863372564315796,0.17871840298175812,0.89888057,0.3922175168991089,0.498811811208725,0.9519778249999999,0.41049596667289734,0.2646314799785614,0.9751548,0.6200359915976604,0.5712153911590576,201,1.5833690018643287,4072809.5889649233,4.1250340909332106e-08,32.060691833496094,
Humanoid-v5,10,ridge,0.0,0.0,0.01,0.0,ok,,d65634e+closure,original,32.0,20,50,0.3,1228,4096,1228,1061,201,6.109452736318408,5.278606965174129,multi,random,53.30852127075195,4.650707244873047,180.8918914794922,1.8273985658531402,46.350406646728516,4.601325511932373,0.59689457,35.74245071411133,4.268863201141357,0.565052695,33.354026794433594,3.9496710300445557,0.32148372999999997,0.7773730340743872,3.7342891693115234,201,26.177808432846444,148602673.00469732,0.0,32.02466583251953,
Humanoid-v5,10,ridge,0.0001,0.0001,0.01,0.01,ok,,d65634e+closure,original,32.0,20,50,0.3,1228,4096,1228,1061,201,6.109452736318408,5.278606965174129,multi,random,53.30112075805664,4.648223876953125,191.53172302246094,1.8273985703422886,46.343936920166016,4.597711086273193,0.6012023750000001,35.865230560302734,4.269357204437256,0.5963711650000001,33.41426086425781,3.9285099506378174,0.359728695,0.7579619833869894,1.0382351875305176,201,26.177808432846444,148602105.34027758,3.205842664488883e-12,32.02466583251953,
Humanoid-v5,10,ridge,0.001,0.001,0.01,0.1,ok,,d65634e+closure,original,32.0,20,50,0.3,1228,4096,1228,1061,201,6.109452736318408,5.278606965174129,multi,random,53.2999153137207,4.648126125335693,184.66494750976562,1.8273986107467766,46.34267044067383,4.59771203994751,0.60132327,35.8317756652832,4.265635013580322,0.5920541500000001,33.40199661254883,3.930129051208496,0.355541775,0.7627081461605221,0.6312544345855713,201,26.177808432846444,148596996.555657,3.2058426643963855e-11,32.02466583251953,
Humanoid-v5,10,ridge,0.01,0.01,0.01,1.0,ok,,d65634e+closure,original,32.0,20,50,0.3,1228,4096,1228,1061,201,6.109452736318408,5.278606965174129,multi,random,53.30031204223633,4.648582458496094,182.53440856933594,1.8273990150065371,46.339935302734375,4.597790718078613,0.6011433450000001,35.78151321411133,4.260741710662842,0.5810847299999999,33.4085693359375,3.9300730228424072,0.351084975,0.7686695861771439,0.6477863788604736,201,26.177808432846444,148545928.02262455,3.205842663471417e-10,32.02466583251953,
Humanoid-v5,10,ridge,0.1,0.1,0.01,10.0,ok,,d65634e+closure,original,32.0,20,50,0.3,1228,4096,1228,1061,201,6.109452736318408,5.278606965174129,multi,random,53.301883697509766,4.649499893188477,181.25491333007812,1.8274030788599271,46.33940124511719,4.5995049476623535,0.6000577650000001,35.76814651489258,4.263275146484375,0.573140415,33.4259033203125,3.934366226196289,0.344515635,0.7742776281014219,0.6003272533416748,201,26.177808432846444,148037166.66734633,3.205842654221733e-09,32.02466583251953,
Humanoid-v5,10,ridge,1.0,1.0,0.01,100.0,ok,,d65634e+closure,original,32.0,20,50,0.3,1228,4096,1228,1061,201,6.109452736318408,5.278606965174129,multi,random,53.30270004272461,4.650912284851074,180.95948791503906,1.8274456247209825,46.341697692871094,4.602651596069336,0.59830121,35.766883850097656,4.2682881355285645,0.5693661400000001,33.42525100708008,3.9462475776672363,0.33737194,0.7774743664927382,0.6039655208587646,201,26.177808432846444,143134878.48506638,3.205842561724891e-08,32.02466583251953,
Humanoid-v5,10,ridge,1e-05,1e-05,0.01,0.001,ok,,d65634e+closure,original,32.0,20,50,0.3,1228,4096,1228,1061,201,6.109452736318408,5.278606965174129,multi,random,53.30386734008789,4.648664951324463,204.60443115234375,1.827398566302055,46.34450149536133,4.597956657409668,0.6009719950000001,35.890594482421875,4.270438194274902,0.597764615,33.45088195800781,3.9300148487091064,0.361924895,0.758048700864406,0.5427708625793457,201,26.177808432846444,148602616.23806018,3.2058426644981324e-13,32.02466583251953,
Humanoid-v5,10,ridge,0.0003,0.0003,0.01,0.029999999999999995,ok,,d65634e+closure,original,32.0,20,50,0.3,1228,4096,1228,1061,201,6.109452736318408,5.278606965174129,multi,random,53.30017852783203,4.648125648498535,186.63478088378906,1.827398579320725,46.343658447265625,4.597639083862305,0.601318225,35.85004425048828,4.268104076385498,0.594706985,33.404476165771484,3.928917407989502,0.35764523000000004,0.7600336490557369,0.6147322654724121,201,26.177808432846444,148600970.02444893,9.617527993404984e-12,32.02466583251953,
Humanoid-v5,10,ridge,0.003,0.003,0.01,0.3,ok,,d65634e+closure,original,32.0,20,50,0.3,1228,4096,1228,1061,201,6.109452736318408,5.278606965174129,multi,random,53.29998779296875,4.648232460021973,183.68434143066406,1.8273987005485264,46.3414192199707,4.597725868225098,0.601289405,35.80678939819336,4.262598514556885,0.587618205,33.40377426147461,3.9302542209625244,0.353666095,0.7653852539244448,0.5636091232299805,201,26.177808432846444,148585644.9584795,9.617527992572511e-11,32.02466583251953,
HumanoidStandup-v5,10,ridge,0.0,0.0,0.01,0.0,ok,,d65634e+closure,original,8.0,20,50,0.2,819,4096,819,742,201,4.074626865671642,3.691542288557214,multi,random,22.814918518066406,3.2847976684570312,67.21416473388672,2.3976292590166306,NA,NA,NA,NA,NA,NA,48.67776870727539,6.660796642303467,0.9269674400000001,0.7333779963269808,2.2580788135528564,201,26.84295132989562,6094656.154139864,0.0,8.006166458129883,
HumanoidStandup-v5,10,ridge,0.0001,0.0001,0.01,0.01,ok,,d65634e+closure,original,8.0,20,50,0.2,819,4096,819,742,201,4.074626865671642,3.691542288557214,multi,random,23.371660232543945,3.14601993560791,336.2981872558594,2.397629224852523,NA,NA,NA,NA,NA,NA,60.83559036254883,5.803668975830078,0.9628582249999998,0.758564770116199,0.9888427257537842,201,26.84295132989562,6094633.449362082,7.646040845533186e-11,8.006166458129883,
HumanoidStandup-v5,10,ridge,0.001,0.001,0.01,0.1,ok,,d65634e+closure,original,8.0,20,50,0.2,819,4096,819,742,201,4.074626865671642,3.691542288557214,multi,random,22.947811126708984,3.1725494861602783,126.88011169433594,2.397628917381681,NA,NA,NA,NA,NA,NA,50.559391021728516,5.778955459594727,0.950772565,0.7065782329580218,0.6890859603881836,201,26.84295132989562,6094429.113974307,7.646040840271612e-10,8.006166458129883,
HumanoidStandup-v5,10,ridge,0.01,0.01,0.01,1.0,ok,,d65634e+closure,original,8.0,20,50,0.2,819,4096,819,742,201,4.074626865671642,3.691542288557214,multi,random,22.84269142150879,3.2231500148773193,88.20450592041016,2.3976258432788473,NA,NA,NA,NA,NA,NA,49.23480224609375,6.038820743560791,0.9426765899999999,0.7101945623280762,0.6254758834838867,201,26.84295132989562,6092386.513429141,7.646040787655865e-09,8.006166458129883,
HumanoidStandup-v5,10,ridge,0.1,0.1,0.01,10.0,ok,,d65634e+closure,original,8.0,20,50,0.2,819,4096,819,742,201,4.074626865671642,3.691542288557214,multi,random,22.779008865356445,3.2715132236480713,69.47362518310547,2.397595162461893,NA,NA,NA,NA,NA,NA,48.550384521484375,6.567154407501221,0.92863794,0.7304804295993785,0.6441378593444824,201,26.84295132989562,6072035.56191329,7.646040261498442e-08,8.006166458129883,
HumanoidStandup-v5,10,ridge,1.0,1.0,0.01,100.0,ok,,d65634e+closure,original,8.0,20,50,0.2,819,4096,819,742,201,4.074626865671642,3.691542288557214,multi,random,22.754079818725586,3.332986831665039,61.771366119384766,2.3972940452237217,NA,NA,NA,NA,NA,NA,48.074127197265625,7.245844841003418,0.9123100100000001,0.743083996097757,3.7931504249572754,201,26.84295132989562,5875762.148187418,7.646034999928213e-07,8.006166458129883,
HumanoidStandup-v5,10,ridge,1e-05,1e-05,0.01,0.001,ok,,d65634e+closure,original,8.0,20,50,0.2,819,4096,819,742,201,4.074626865671642,3.691542288557214,multi,random,25.037826538085938,3.1520354747772217,1505.101318359375,2.3976292556002132,NA,NA,NA,NA,NA,NA,71.12945556640625,5.849575996398926,0.966025335,0.8105696277896962,0.6421663761138916,201,26.84295132989562,6094653.883654474,7.646040846059344e-12,8.006166458129883,
HumanoidStandup-v5,10,ridge,0.0003,0.0003,0.01,0.029999999999999995,ok,,d65634e+closure,original,8.0,20,50,0.2,819,4096,819,742,201,4.074626865671642,3.691542288557214,multi,random,23.078405380249023,3.152700662612915,186.66513061523438,2.397629156524717,NA,NA,NA,NA,NA,NA,52.90896224975586,5.743889808654785,0.955394655,0.7114311697667146,0.6575813293457031,201,26.84295132989562,6094588.040314018,2.293812253309184e-10,8.006166458129883,
HumanoidStandup-v5,10,ridge,0.003,0.003,0.01,0.3,ok,,d65634e+closure,original,8.0,20,50,0.2,819,4096,819,742,201,4.074626865671642,3.691542288557214,multi,random,22.890213012695312,3.2014997005462646,103.36107635498047,2.3976282341525796,NA,NA,NA,NA,NA,NA,49.715511322021484,5.874945640563965,0.94686431,0.7067795536420363,0.6006841659545898,201,26.84295132989562,6093975.084386077,2.2938122485737668e-09,8.006166458129883,
InvertedDoublePendulum-v5,10,ridge,0.0,0.0,0.0001,0.0,ok,,d65634e+closure,original,16.0,20,50,0.05,204,4096,204,199,201,1.0149253731343284,0.9900497512437811,multi,random,0.037188172340393066,-3.4496219158172607,0.010588590987026691,0.3420388808108734,NA,NA,NA,NA,NA,NA,1.5370835065841675,1.2114630937576294,0.9976653600000001,0.9824283470001779,2.244081735610962,183,1.2389699269657802e-27,1.03689159411258e+32,0.0,15.991796493530273,
InvertedDoublePendulum-v5,10,ridge,0.0001,0.0001,0.0001,1.0,ok,,d65634e+closure,original,16.0,20,50,0.05,204,4096,204,199,201,1.0149253731343284,0.9900497512437811,multi,random,0.05333263427019119,-3.507722854614258,0.1287778615951538,0.011742512701984805,NA,NA,NA,NA,NA,NA,2.892010450363159,1.998949646949768,0.99594024,0.9795877412918774,0.9316177368164062,183,1.2389699269657802e-27,1284677503.6290948,1.182756023683259e-07,15.991796493530273,
InvertedDoublePendulum-v5,10,ridge,0.001,0.001,0.0001,10.0,ok,,d65634e+closure,original,16.0,20,50,0.05,204,4096,204,199,201,1.0149253731343284,0.9900497512437811,multi,random,0.017248839139938354,-3.591944456100464,0.0006940825842320919,0.009440428240720134,NA,NA,NA,NA,NA,NA,0.9016011357307434,1.648434042930603,0.9976272900000002,0.9322689688306897,0.5625369548797607,183,1.2389699269657802e-27,128467751.26290949,1.1827547646639687e-06,15.991796493530273,
InvertedDoublePendulum-v5,10,ridge,0.01,0.01,0.0001,100.0,ok,,d65634e+closure,original,16.0,20,50,0.05,204,4096,204,199,201,1.0149253731343284,0.9900497512437811,multi,random,0.017176885157823563,-3.5775299072265625,0.0005517040845006704,0.00832214774719383,NA,NA,NA,NA,NA,NA,1.030313491821289,2.0551681518554688,0.9975190700000001,0.9402477850984778,0.5768125057220459,183,1.2389699269657802e-27,12846776.026290948,1.1827421746184871e-05,15.991796493530273,
InvertedDoublePendulum-v5,10,ridge,0.1,0.1,0.0001,1000.0,ok,,d65634e+closure,original,16.0,20,50,0.05,204,4096,204,199,201,1.0149253731343284,0.9900497512437811,multi,random,0.01797904074192047,-3.4979841709136963,0.0006424329476431012,0.00878649895583436,NA,NA,NA,NA,NA,NA,1.1569347381591797,2.1005191802978516,0.9974681599999999,0.9453536933283729,0.5587272644042969,183,1.2389699269657802e-27,1284678.5026290948,0.00011826162889039722,15.991796493530273,
InvertedDoublePendulum-v5,10,ridge,1.0,1.0,0.0001,10000.0,ok,,d65634e+closure,original,16.0,20,50,0.05,204,4096,204,199,201,1.0149253731343284,0.9900497512437811,multi,random,0.020323848351836205,-3.287484645843506,0.0009438809938728809,0.011697133983541672,NA,NA,NA,NA,NA,NA,1.2327280044555664,1.8647226095199585,0.99748767,0.9445913572459135,0.48348522186279297,183,1.2389699269657802e-27,128468.75026290948,0.0011813589040492987,15.991796493530273,
InvertedDoublePendulum-v5,10,ridge,1e-05,1e-05,0.0001,0.1,ok,,d65634e+closure,original,16.0,20,50,0.05,204,4096,204,199,201,1.0149253731343284,0.9900497512437811,multi,random,0.7394288182258606,-2.6203725337982178,14.649943351745605,0.024129623795358577,NA,NA,NA,NA,NA,NA,20.773218154907227,4.264421463012695,0.99327511,0.9683598460195985,0.6108963489532471,183,1.2389699269657802e-27,12846775027.290947,1.1827561495853356e-08,15.991796493530273,
InvertedDoublePendulum-v5,10,ridge,0.0003,0.0003,0.0001,2.9999999999999996,ok,,d65634e+closure,original,16.0,20,50,0.05,204,4096,204,199,201,1.0149253731343284,0.9900497512437811,multi,random,0.017736513167619705,-3.5868563652038574,0.0008893761551007628,0.010559306210048974,NA,NA,NA,NA,NA,NA,0.8660781979560852,1.4085835218429565,0.99772258,0.9389517697943346,0.5629873275756836,183,1.2389699269657802e-27,428225835.2096983,3.5482672317028875e-07,15.991796493530273,
InvertedDoublePendulum-v5,10,ridge,0.003,0.003,0.0001,30.0,ok,,d65634e+closure,original,16.0,20,50,0.05,204,4096,204,199,201,1.0149253731343284,0.9900497512437811,multi,random,0.017092950642108917,-3.5899693965911865,0.0005920378025621176,0.008725519433973329,NA,NA,NA,NA,NA,NA,0.9587910771369934,1.867844581604004,0.9975347200000001,0.9337446619870491,0.538780927658081,183,1.2389699269657802e-27,42822584.42096983,3.548255900558761e-06,15.991796493530273,
InvertedPendulum-v5,10,ridge,0.0,0.0,0.0001,0.0,ok,,d65634e+closure,original,16.0,20,50,0.05,204,4096,204,199,201,1.0149253731343284,0.9900497512437811,multi,random,0.015242688357830048,-2.5713632106781006,0.0038487878628075123,0.006245124515785208,NA,NA,NA,NA,NA,NA,0.11596864461898804,-0.7501325011253357,0.95469176,0.7127512240696505,2.262206792831421,201,0.0016001452072162783,51131230.08040495,0.0,16.07501983642578,
InvertedPendulum-v5,10,ridge,0.0001,0.0001,0.0001,1.0,ok,,d65634e+closure,original,16.0,20,50,0.05,204,4096,204,199,201,1.0149253731343284,0.9900497512437811,multi,random,0.013858424499630928,-2.850748300552368,0.0006928651710040867,0.00624222034267912,NA,NA,NA,NA,NA,NA,0.08858117461204529,-1.1406859159469604,0.96612732,0.6944596564948468,4.035237550735474,201,0.0016001452072162783,48123767.6081774,1.1784329963673413e-07,16.07501983642578,
InvertedPendulum-v5,10,ridge,0.001,0.001,0.0001,10.0,ok,,d65634e+closure,original,16.0,20,50,0.05,204,4096,204,199,201,1.0149253731343284,0.9900497512437811,multi,random,0.013876444660127163,-2.8862907886505127,0.0006291338941082358,0.00622434677900526,NA,NA,NA,NA,NA,NA,0.08805826306343079,-0.9397788643836975,0.9468724499999999,0.6223418708848868,0.5261526107788086,201,0.0016001452072162783,31466470.99752813,1.1784317465347727e-06,16.07501983642578,
InvertedPendulum-v5,10,ridge,0.01,0.01,0.0001,100.0,ok,,d65634e+closure,original,16.0,20,50,0.05,204,4096,204,199,201,1.0149253731343284,0.9900497512437811,multi,random,0.01393872033804655,-2.885967254638672,0.0006148226675577462,0.006226444963720791,NA,NA,NA,NA,NA,NA,0.08899526298046112,-0.6533228754997253,0.9366393100000001,0.605381590789632,0.6091561317443848,201,0.0016001452072162783,7053136.0849979175,1.1784192483548966e-05,16.07501983642578,
InvertedPendulum-v5,10,ridge,0.1,0.1,0.0001,1000.0,ok,,d65634e+closure,original,16.0,20,50,0.05,204,4096,204,199,201,1.0149253731343284,0.9900497512437811,multi,random,0.014162612147629261,-2.8674538135528564,0.0006325439317151904,0.0069049976372922775,NA,NA,NA,NA,NA,NA,0.09694588929414749,-0.6223039031028748,0.94302545,0.646082375760762,0.5394372940063477,201,0.0016001452072162783,805289.132071256,0.00011782942811353953,16.07501983642578,
InvertedPendulum-v5,10,ridge,1.0,1.0,0.0001,10000.0,ok,,d65634e+closure,original,16.0,20,50,0.05,204,4096,204,199,201,1.0149253731343284,0.9900497512437811,multi,random,0.014340798370540142,-2.8152921199798584,0.0007344831246882677,0.00999000338288001,NA,NA,NA,NA,NA,NA,0.11165176331996918,-0.8178706765174866,0.96368213,0.6763152871452397,0.579401969909668,201,0.0016001452072162783,81687.68060162947,0.001177046065152913,16.07501983642578,
InvertedPendulum-v5,10,ridge,1e-05,1e-05,0.0001,0.1,ok,,d65634e+closure,original,16.0,20,50,0.05,204,4096,204,199,201,1.0149253731343284,0.9900497512437811,multi,random,0.051985979080200195,-1.8286577463150024,0.09690506011247635,0.006244822050177517,NA,NA,NA,NA,NA,NA,0.40894144773483276,0.3953567147254944,0.877236245,0.915796052608708,0.5311448574066162,201,0.0016001452072162783,50813673.447305985,1.1784331213507442e-08,16.07501983642578,
InvertedPendulum-v5,10,ridge,0.0003,0.0003,0.0001,2.9999999999999996,ok,,d65634e+closure,original,16.0,20,50,0.05,204,4096,204,199,201,1.0149253731343284,0.9900497512437811,multi,random,0.013876846060156822,-2.8759119510650635,0.0006512512918561697,0.0062371159476835355,NA,NA,NA,NA,NA,NA,0.08855314552783966,-1.071439266204834,0.957319045,0.6576614591185876,0.5544250011444092,201,0.0016001452072162783,43058495.0779081,3.535298155879625e-07,16.07501983642578,
InvertedPendulum-v5,10,ridge,0.003,0.003,0.0001,30.0,ok,,d65634e+closure,original,16.0,20,50,0.05,204,4096,204,199,201,1.0149253731343284,0.9900497512437811,multi,random,0.013894868083298206,-2.8877124786376953,0.00061874242965132,0.006209143949300552,NA,NA,NA,NA,NA,NA,0.08823081851005554,-0.790942370891571,0.9397780200000001,0.6062159753116158,0.5105640888214111,201,0.0016001452072162783,17785828.93946158,3.535286907415669e-06,16.07501983642578,
Pusher-v5,10,ridge,0.0,0.0,0.0001,0.0,ok,,d65634e+closure,original,8.0,20,50,0.1,409,4096,409,389,201,2.0348258706467663,1.935323383084577,multi,random,0.05752400681376457,-2.0447070598602295,0.0042379251681268215,0.023170809243503128,NA,NA,NA,NA,NA,NA,0.9903125166893005,1.052089810371399,0.99997175,0.8531049628541683,2.209869146347046,198,2.805367098898914e-28,2.1855238784215e+32,0.0,7.998344421386719,
Pusher-v5,10,ridge,0.0001,0.0001,0.0001,1.0,ok,,d65634e+closure,original,8.0,20,50,0.1,409,4096,409,389,201,2.0348258706467663,1.935323383084577,multi,random,0.05736012011766434,-2.0619866847991943,0.003503208514302969,0.02317056478182332,NA,NA,NA,NA,NA,NA,0.7794989347457886,0.763281524181366,1.0,0.8576807665330998,1.003659725189209,198,2.805367098898914e-28,613119679.2381626,2.1754257865459618e-07,7.998344421386719,
Pusher-v5,10,ridge,0.001,0.001,0.0001,10.0,ok,,d65634e+closure,original,8.0,20,50,0.1,409,4096,409,389,201,2.0348258706467663,1.935323383084577,multi,random,0.05733054131269455,-2.070894241333008,0.0032617889810353518,0.023168650046746477,NA,NA,NA,NA,NA,NA,0.6912536025047302,0.8896352052688599,1.0,0.832221830518205,0.5515985488891602,198,2.805367098898914e-28,61311968.82381626,2.1754215273246836e-06,7.998344421386719,
Pusher-v5,10,ridge,0.01,0.01,0.0001,100.0,ok,,d65634e+closure,original,8.0,20,50,0.1,409,4096,409,389,201,2.0348258706467663,1.935323383084577,multi,random,0.057338353246450424,-2.081697702407837,0.002934299176558852,0.023157642052286927,NA,NA,NA,NA,NA,NA,0.6491950154304504,1.5406068563461304,0.99999941,0.8298926540123955,0.5836503505706787,198,2.805367098898914e-28,6131197.782381627,2.175378936029176e-05,7.998344421386719,
Pusher-v5,10,ridge,0.1,0.1,0.0001,1000.0,ok,,d65634e+closure,original,8.0,20,50,0.1,409,4096,409,389,201,2.0348258706467663,1.935323383084577,multi,random,0.0574808269739151,-2.0825693607330322,0.0027292876038700342,0.023128516157209136,NA,NA,NA,NA,NA,NA,0.6343804001808167,2.9382708072662354,0.99999255,0.8259583585070172,0.5163238048553467,198,2.805367098898914e-28,613120.6782381627,0.0002174953114781829,7.998344421386719,
Pusher-v5,10,ridge,1.0,1.0,0.0001,10000.0,ok,,d65634e+closure,original,8.0,20,50,0.1,409,4096,409,389,201,2.0348258706467663,1.935323383084577,multi,random,0.057989057153463364,-2.0618464946746826,0.0029022509697824717,0.023900484097693818,NA,NA,NA,NA,NA,NA,0.6371815800666809,3.655886650085449,0.99998853,0.8184524072178901,0.5167617797851562,198,2.805367098898914e-28,61312.96782381627,0.00217070405319424,7.998344421386719,
Pusher-v5,10,ridge,1e-05,1e-05,0.0001,0.1,ok,,d65634e+closure,original,8.0,20,50,0.1,409,4096,409,389,201,2.0348258706467663,1.935323383084577,multi,random,0.05746975541114807,-2.048658609390259,0.003980094566941261,0.023170784441428578,NA,NA,NA,NA,NA,NA,0.9751111268997192,1.045223593711853,0.99999659,0.8567434755525752,0.5319440364837646,198,2.805367098898914e-28,6131196783.381626,2.1754262124690077e-08,7.998344421386719,
Pusher-v5,10,ridge,0.0003,0.0003,0.0001,2.9999999999999996,ok,,d65634e+closure,original,8.0,20,50,0.1,409,4096,409,389,201,2.0348258706467663,1.935323383084577,multi,random,0.05734369903802872,-2.0660674571990967,0.0033913813531398773,0.023170097992544582,NA,NA,NA,NA,NA,NA,0.7297108173370361,0.7790853381156921,1.0,0.8435573771752884,0.5335597991943359,198,2.805367098898914e-28,204373227.07938758,6.526274520152708e-07,7.998344421386719,
Pusher-v5,10,ridge,0.003,0.003,0.0001,30.0,ok,,d65634e+closure,original,8.0,20,50,0.1,409,4096,409,389,201,2.0348258706467663,1.935323383084577,multi,random,0.0573248453438282,-2.0761961936950684,0.0031136570032685995,0.023165440539601227,NA,NA,NA,NA,NA,NA,0.667021632194519,1.1094169616699219,0.99999997,0.8306069399665285,0.5512697696685791,198,2.805367098898914e-28,20437323.607938755,6.5262361873446615e-06,7.998344421386719,
Reacher-v5,10,ridge,0.0,0.0,0.0001,0.0,ok,,d65634e+closure,original,8.0,20,50,0.05,204,4096,204,199,201,1.0149253731343284,0.9900497512437811,multi,random,0.12812848389148712,-1.0350215435028076,0.1748916357755661,0.02930252045992918,NA,NA,NA,NA,NA,NA,0.9823290705680847,0.949966549873352,0.98733249,0.8343666497546727,2.232804298400879,201,0.47901022699698964,316655.05167994654,0.0,7.990890979766846,
Reacher-v5,10,ridge,0.0001,0.0001,0.0001,1.0,ok,,d65634e+closure,original,8.0,20,50,0.05,204,4096,204,199,201,1.0149253731343284,0.9900497512437811,multi,random,0.110255666077137,-1.8231804370880127,0.024823740124702454,0.029302420327654587,NA,NA,NA,NA,NA,NA,0.6608014702796936,0.0556379072368145,0.9916117449999999,0.8829596537942455,1.0113904476165771,201,0.47901022699698964,316588.9595713174,5.485035295996961e-08,7.990890979766846,
Reacher-v5,10,ridge,0.001,0.001,0.0001,10.0,ok,,d65634e+closure,original,8.0,20,50,0.05,204,4096,204,199,201,1.0149253731343284,0.9900497512437811,multi,random,0.10851246118545532,-2.1980197429656982,0.010620337910950184,0.029301523495779615,NA,NA,NA,NA,NA,NA,0.6269007921218872,-0.06074655055999756,0.9903639250000001,0.8895903608219099,0.5496411323547363,201,0.47901022699698964,315995.36979428964,5.485032588293199e-07,7.990890979766846,
Reacher-v5,10,ridge,0.01,0.01,0.0001,100.0,ok,,d65634e+closure,original,8.0,20,50,0.05,204,4096,204,199,201,1.0149253731343284,0.9900497512437811,multi,random,0.10828831791877747,-2.4397430419921875,0.0056752609089016914,0.02929297870436902,NA,NA,NA,NA,NA,NA,0.6102054119110107,0.2599150836467743,0.98807938,0.8969542611862333,0.5401253700256348,201,0.47901022699698964,310179.64412815525,5.4850055114026195e-06,7.990890979766846,
Reacher-v5,10,ridge,0.1,0.1,0.0001,1000.0,ok,,d65634e+closure,original,8.0,20,50,0.05,204,4096,204,199,201,1.0149253731343284,0.9900497512437811,multi,random,0.10838386416435242,-2.529963970184326,0.004212523810565472,0.029243180431470957,NA,NA,NA,NA,NA,NA,0.6017009615898132,0.8782545328140259,0.98552541,0.8965634280283239,0.5451059341430664,201,0.47901022699698964,261966.19871749394,5.484734757199273e-05,7.990890979766846,
Reacher-v5,10,ridge,1.0,1.0,0.0001,10000.0,ok,,d65634e+closure,original,8.0,20,50,0.05,204,4096,204,199,201,1.0149253731343284,0.9900497512437811,multi,random,0.10902044922113419,-2.4899795055389404,0.0043197073973715305,0.029945134050710646,NA,NA,NA,NA,NA,NA,0.6013774871826172,1.1419552564620972,0.98475916,0.8870789111361116,0.5645520687103271,201,0.47901022699698964,102556.4295744815,0.0005482028684605295,7.990890979766846,
Reacher-v5,10,ridge,1e-05,1e-05,0.0001,0.1,ok,,d65634e+closure,original,8.0,20,50,0.05,204,4096,204,199,201,1.0149253731343284,0.9900497512437811,multi,random,0.12773197889328003,-1.0189327001571655,0.14058735966682434,0.029302510442334985,NA,NA,NA,NA,NA,NA,0.787771999835968,0.7915510535240173,0.98966325,0.8015251457968697,0.5468175411224365,201,0.47901022699698964,316648.44122732186,5.485035566767483e-09,7.990890979766846,
Reacher-v5,10,ridge,0.0003,0.0003,0.0001,2.9999999999999996,ok,,d65634e+closure,original,8.0,20,50,0.05,204,4096,204,199,201,1.0149253731343284,0.9900497512437811,multi,random,0.10903677344322205,-2.014928102493286,0.01618741825222969,0.029302220354061284,NA,NA,NA,NA,NA,NA,0.6410645246505737,-0.04588104784488678,0.99121334,0.8874995364509828,0.5366542339324951,201,0.47901022699698964,316456.85808808607,1.6455104082854342e-07,7.990890979766846,
Reacher-v5,10,ridge,0.003,0.003,0.0001,30.0,ok,,d65634e+closure,original,8.0,20,50,0.05,204,4096,204,199,201,1.0149253731343284,0.9900497512437811,multi,random,0.10833737254142761,-2.332608461380005,0.00759619427844882,0.029299558467019426,NA,NA,NA,NA,NA,NA,0.617535412311554,0.03344523534178734,0.98936666,0.8928329359070433,0.5803813934326172,201,0.47901022699698964,314684.21765644813,1.6455079713549902e-06,7.990890979766846,
Swimmer-v5,10,ridge,0.0,0.0,0.0001,0.0,ok,,d65634e+closure,original,8.0,20,50,0.05,204,4096,204,199,201,1.0149253731343284,0.9900497512437811,multi,random,0.036480315029621124,-2.0574514865875244,0.014502683654427528,0.016560465847726632,NA,NA,NA,NA,NA,NA,0.5880388617515564,1.1125390529632568,0.99821452,0.6713088699571166,2.143172025680542,201,0.035030387244249936,10949658.682143407,0.0,7.995898246765137,
Swimmer-v5,10,ridge,0.0001,0.0001,0.0001,1.0,ok,,d65634e+closure,original,8.0,20,50,0.05,204,4096,204,199,201,1.0149253731343284,0.9900497512437811,multi,random,0.07375036180019379,-1.7845169305801392,0.23641690611839294,0.016558852857989793,NA,NA,NA,NA,NA,NA,1.9008433818817139,2.0117859840393066,0.9903876799999999,0.9318797045223882,0.9449300765991211,201,0.035030387244249936,10918490.059930352,2.1877686450235683e-08,7.995898246765137,
Swimmer-v5,10,ridge,0.001,0.001,0.0001,10.0,ok,,d65634e+closure,original,8.0,20,50,0.05,204,4096,204,199,201,1.0149253731343284,0.9900497512437811,multi,random,0.028009099885821342,-2.288952350616455,0.002178134862333536,0.016544684403097996,NA,NA,NA,NA,NA,NA,0.5179348587989807,0.824158251285553,0.99932901,0.6099218947341974,0.5614652633666992,201,0.035030387244249936,10645758.04383176,2.1877682142538046e-07,7.995898246765137,
Swimmer-v5,10,ridge,0.01,0.01,0.0001,100.0,ok,,d65634e+closure,original,8.0,20,50,0.05,204,4096,204,199,201,1.0149253731343284,0.9900497512437811,multi,random,0.02756907418370247,-2.3180339336395264,0.001647800556384027,0.016431244304567424,NA,NA,NA,NA,NA,NA,0.5170376896858215,1.4259546995162964,0.99951631,0.508211777451167,0.48645496368408203,201,0.035030387244249936,8518043.421374891,2.1877639065655035e-06,7.995898246765137,
Swimmer-v5,10,ridge,0.1,0.1,0.0001,1000.0,ok,,d65634e+closure,original,8.0,20,50,0.05,204,4096,204,199,201,1.0149253731343284,0.9900497512437811,multi,random,0.027698952704668045,-2.3096871376037598,0.0015196199528872967,0.016230143376636058,NA,NA,NA,NA,NA,NA,0.5210597515106201,2.2160637378692627,0.9995812150000001,0.40286054422585693,0.47069311141967773,201,0.035030387244249936,2840626.4075509477,2.1877208306154648e-05,7.995898246765137,
Swimmer-v5,10,ridge,1.0,1.0,0.0001,10000.0,ok,,d65634e+closure,original,8.0,20,50,0.05,204,4096,204,199,201,1.0149253731343284,0.9900497512437811,multi,random,0.02868988737463951,-2.257132053375244,0.0016839259769767523,0.01847831934916476,NA,NA,NA,NA,NA,NA,0.5244845151901245,2.6757915019989014,0.9996521599999999,0.37823050887943976,0.49942731857299805,201,0.035030387244249936,370589.87693018373,0.0002187290164392494,7.995898246765137,
Swimmer-v5,10,ridge,1e-05,1e-05,0.0001,0.1,ok,,d65634e+closure,original,8.0,20,50,0.05,204,4096,204,199,201,1.0149253731343284,0.9900497512437811,multi,random,2.1344239711761475,0.33937251567840576,228.2982940673828,0.01656030419250551,NA,NA,NA,NA,NA,NA,32.16841506958008,4.842820167541504,0.9864814399999999,0.9851825522576477,0.566047191619873,201,0.035030387244249936,10946533.814371308,2.1877686881005534e-09,7.995898246765137,
Swimmer-v5,10,ridge,0.0003,0.0003,0.0001,2.9999999999999996,ok,,d65634e+closure,original,8.0,20,50,0.05,204,4096,204,199,201,1.0149253731343284,0.9900497512437811,multi,random,0.02861233800649643,-2.256629228591919,0.002829571021720767,0.016555650473475177,NA,NA,NA,NA,NA,NA,0.5179843902587891,0.6872918009757996,0.9990722599999999,0.62016299697363,0.5987250804901123,201,0.035030387244249936,10856682.13812951,6.563305647890816e-08,7.995898246765137,
Swimmer-v5,10,ridge,0.003,0.003,0.0001,30.0,ok,,d65634e+closure,original,8.0,20,50,0.05,204,4096,204,199,201,1.0149253731343284,0.9900497512437811,multi,random,0.027738723903894424,-2.3076698780059814,0.0018494399264454842,0.016515302876892048,NA,NA,NA,NA,NA,NA,0.5163795948028564,1.0589089393615723,0.99946377,0.5692442672418581,0.5626468658447266,201,0.035030387244249936,10085902.737838715,6.563301770964816e-07,7.995898246765137,
Walker2d-v5,10,ridge,0.0,0.0,0.01,0.0,ok,,d65634e+closure,original,16.0,20,50,0.3,1228,4096,1228,1061,201,6.109452736318408,5.278606965174129,multi,random,0.575193464756012,-0.8964367508888245,0.33570703864097595,0.14711483928463115,NA,NA,NA,NA,NA,NA,2.6930034160614014,1.7185769081115723,0.9995016699999999,0.2860315980523226,3.669924736022949,201,5.590568323149494,455479.4681809227,0.0,16.026981353759766,
Walker2d-v5,10,ridge,0.0001,0.0001,0.01,0.01,ok,,d65634e+closure,original,16.0,20,50,0.3,1228,4096,1228,1061,201,6.109452736318408,5.278606965174129,multi,random,0.5752846598625183,-0.894070029258728,0.33921414613723755,0.14711481973063326,NA,NA,NA,NA,NA,NA,2.763169527053833,1.7735514640808105,0.9996599800000001,0.34330832126423283,0.9626195430755615,201,5.590568323149494,455471.32106072427,3.4838183608856455e-09,16.026981353759766,
Walker2d-v5,10,ridge,0.001,0.001,0.01,0.1,ok,,d65634e+closure,original,16.0,20,50,0.3,1228,4096,1228,1061,201,6.109452736318408,5.278606965174129,multi,random,0.5752038359642029,-0.8975703120231628,0.3336212933063507,0.1471146438135349,NA,NA,NA,NA,NA,NA,2.6776413917541504,1.7139999866485596,0.9995382100000001,0.2933794594601953,0.5591318607330322,201,5.590568323149494,455398.0100922689,3.483818251652734e-08,16.026981353759766,
Walker2d-v5,10,ridge,0.01,0.01,0.01,1.0,ok,,d65634e+closure,original,16.0,20,50,0.3,1228,4096,1228,1061,201,6.109452736318408,5.278606965174129,multi,random,0.5753461122512817,-0.9004613757133484,0.3291929066181183,0.14711289144706946,NA,NA,NA,NA,NA,NA,2.633737325668335,1.820525884628296,0.9991520399999999,0.29916308692922083,0.6293859481811523,201,5.590568323149494,454666.1963093909,3.4838171593240124e-07,16.026981353759766,
Walker2d-v5,10,ridge,0.1,0.1,0.01,10.0,ok,,d65634e+closure,original,16.0,20,50,0.3,1228,4096,1228,1061,201,6.109452736318408,5.278606965174129,multi,random,0.5759097337722778,-0.902146577835083,0.3249107897281647,0.1470960337926862,NA,NA,NA,NA,NA,NA,2.6138319969177246,2.0170271396636963,0.9988141500000001,0.2978347274537083,0.5911481380462646,201,5.590568323149494,447475.3736456192,3.483806236074461e-06,16.026981353759766,
Walker2d-v5,10,ridge,1.0,1.0,0.01,100.0,ok,,d65634e+closure,original,16.0,20,50,0.3,1228,4096,1228,1061,201,6.109452736318408,5.278606965174129,multi,random,0.5780740976333618,-0.8998538851737976,0.3183082342147827,0.1469824010980405,NA,NA,NA,NA,NA,NA,2.593027114868164,2.218005657196045,0.99812049,0.2879556913212847,0.5640113353729248,201,5.590568323149494,386368.8170431375,3.483697007346232e-05,16.026981353759766,
Walker2d-v5,10,ridge,1e-05,1e-05,0.01,0.001,ok,,d65634e+closure,original,16.0,20,50,0.3,1228,4096,1228,1061,201,6.109452736318408,5.278606965174129,multi,random,0.575703501701355,-0.8891793489456177,0.35710224509239197,0.14711483732916242,NA,NA,NA,NA,NA,NA,2.8636419773101807,1.8651386499404907,0.99917789,0.3987078260274705,0.5343904495239258,201,5.590568323149494,455478.6534557872,3.483818371808936e-10,16.026981353759766,
Walker2d-v5,10,ridge,0.0003,0.0003,0.01,0.029999999999999995,ok,,d65634e+closure,original,16.0,20,50,0.3,1228,4096,1228,1061,201,6.109452736318408,5.278606965174129,multi,random,0.5752227902412415,-0.8958024978637695,0.33627983927726746,0.14711478062723046,NA,NA,NA,NA,NA,NA,2.716550827026367,1.7301069498062134,0.9996377200000001,0.3119822873745026,0.514458179473877,201,5.590568323149494,455455.0276946589,1.0451455009834989e-08,16.026981353759766,
Walker2d-v5,10,ridge,0.003,0.003,0.01,0.3,ok,,d65634e+closure,original,16.0,20,50,0.3,1228,4096,1228,1061,201,6.109452736318408,5.278606965174129,multi,random,0.5752316117286682,-0.8991094827651978,0.3313514292240143,0.14711425333026634,NA,NA,NA,NA,NA,NA,2.65194034576416,1.7427281141281128,0.9993751,0.2945166057275838,0.5201375484466553,201,5.590568323149494,455235.18129183835,1.0451454026738875e-07,16.026981353759766,
Ant-v5,42,ridge,0.0,0.0,0.0001,0.0,ok,,d65634e+closure,original,8.0,20,50,0.1,409,4096,409,389,201,2.0348258706467663,1.935323383084577,multi,random,1.419250249862671,-1.5572550296783447,14.015206336975098,0.06534719051629938,2.9905879497528076,0.09488438069820404,0.8924581300000001,4.708284378051758,0.43089559674263,0.9193031650000001,21.859020233154297,2.5456533432006836,0.9974003400000001,0.8861155548404722,2.164436101913452,199,8.176796225607769e-29,1.7570351316345765e+32,0.0,7.9964728355407715,
Ant-v5,42,ridge,0.0001,0.0001,0.0001,1.0,ok,,d65634e+closure,original,8.0,20,50,0.1,409,4096,409,389,201,2.0348258706467663,1.935323383084577,multi,random,0.7044055461883545,-1.7225003242492676,0.7146551012992859,0.041728718194014594,1.2406622171401978,-0.5072872042655945,0.88921188,1.663970947265625,-0.2978813350200653,0.9242776000000001,5.301065921783447,1.2551239728927612,0.99797843,0.8792456418389205,0.9565467834472656,199,8.176796225607769e-29,143669183.32609853,6.235873325701177e-07,7.9964728355407715,
Ant-v5,42,ridge,0.001,0.001,0.0001,10.0,ok,,d65634e+closure,original,8.0,20,50,0.1,409,4096,409,389,201,2.0348258706467663,1.935323383084577,multi,random,0.6339327096939087,-1.784995675086975,0.34697356820106506,0.036924550347325204,0.9416703581809998,-0.7202827334403992,0.861509555,1.0956685543060303,-0.47790220379829407,0.91689184,2.077864170074463,1.6963555812835693,0.99791427,0.6253411553650396,0.5410482883453369,199,8.176796225607769e-29,14366919.232609855,6.2358383283930705e-06,7.9964728355407715,
Ant-v5,42,ridge,0.01,0.01,0.0001,100.0,ok,,d65634e+closure,original,8.0,20,50,0.1,409,4096,409,389,201,2.0348258706467663,1.935323383084577,multi,random,0.618823230266571,-1.8063548803329468,0.3098341226577759,0.02998545774299172,0.8400010466575623,-0.8026867508888245,0.7796561750000002,0.9184035658836365,-0.5389952659606934,0.843991205,1.4234676361083984,4.32541036605835,0.9915451699999999,0.2413917929155388,0.5426690578460693,199,8.176796225607769e-29,1436692.8232609853,6.235488376916318e-05,7.9964728355407715,
Ant-v5,42,ridge,0.1,0.1,0.0001,1000.0,ok,,d65634e+closure,original,8.0,20,50,0.1,409,4096,409,389,201,2.0348258706467663,1.935323383084577,multi,random,0.6157916188240051,-1.8097926378250122,0.3039143979549408,0.02616693293965653,0.8225072622299194,-0.8202739357948303,0.709900015,0.880699634552002,-0.5703241229057312,0.757680165,1.3818395137786865,5.378881931304932,0.8957084050000003,0.12733253997808938,0.5488998889923096,199,8.176796225607769e-29,143670.18232609853,0.0006231991021234302,7.9964728355407715,
Ant-v5,42,ridge,1.0,1.0,0.0001,10000.0,ok,,d65634e+closure,original,8.0,20,50,0.1,409,4096,409,389,201,2.0348258706467663,1.935323383084577,multi,random,0.617453932762146,-1.8054512739181519,0.3049619495868683,0.026403181674255774,0.8223263025283813,-0.8252734541893005,0.673166865,0.8630334734916687,-0.582294762134552,0.7139701499999999,1.384381890296936,5.6952619552612305,0.80652167,0.09071646179706966,0.518543004989624,199,8.176796225607769e-29,14367.918232609854,0.0061972320362684245,7.9964728355407715,
Ant-v5,42,ridge,1e-05,1e-05,0.0001,0.1,ok,,d65634e+closure,original,8.0,20,50,0.1,409,4096,409,389,201,2.0348258706467663,1.935323383084577,multi,random,0.9980736970901489,-1.6241543292999268,3.6575465202331543,0.05283297481729611,1.969165325164795,-0.17460137605667114,0.894248435,3.1272776126861572,0.08600510656833649,0.9241956700000002,13.045548439025879,1.995745301246643,0.99764824,0.8767732516629932,0.5964705944061279,199,8.176796225607769e-29,1436691824.2609854,6.235876825453593e-08,7.9964728355407715,
Ant-v5,42,ridge,0.0003,0.0003,0.0001,2.9999999999999996,ok,,d65634e+closure,original,8.0,20,50,0.1,409,4096,409,389,201,2.0348258706467663,1.935323383084577,multi,random,0.6581010222434998,-1.758599877357483,0.4412041902542114,0.03970936334121687,1.0712963342666626,-0.6291468143463135,0.8819655399999999,1.3254939317703247,-0.41061413288116455,0.9248277950000001,3.3075497150421143,1.1897319555282593,0.9981668100000002,0.8265652327720507,0.5520753860473633,199,8.176796225607769e-29,47889728.44203285,1.870759664546295e-06,7.9964728355407715,
Ant-v5,42,ridge,0.003,0.003,0.0001,30.0,ok,,d65634e+closure,original,8.0,20,50,0.1,409,4096,409,389,201,2.0348258706467663,1.935323383084577,multi,random,0.6236161589622498,-1.7991279363632202,0.31968027353286743,0.03379897476540404,0.8724424839019775,-0.7730675935745239,0.8260259249999999,0.9772068858146667,-0.5092870593070984,0.889967695,1.5851191282272339,2.877387762069702,0.99725605,0.38096900493769037,0.5753531455993652,199,8.176796225607769e-29,4788973.744203285,1.870728167401105e-05,7.9964728355407715,
HalfCheetah-v5,42,ridge,0.0,0.0,0.0001,0.0,ok,,d65634e+closure,original,32.0,20,50,0.3,1228,4096,1228,1061,201,6.109452736318408,5.278606965174129,multi,random,1.301715612411499,-0.2623715102672577,2.023617744445801,0.2797788587911036,2.8703553676605225,2.2935941219329834,0.8569762499999999,4.771505355834961,1.5869125127792358,0.98144741,3.8012547492980957,1.7615783214569092,0.9899367499999999,0.1999858810140585,4.093806028366089,201,13.178707109926403,4057141.341584348,0.0,32.0076904296875,
HalfCheetah-v5,42,ridge,0.0001,0.0001,0.0001,1.0,ok,,d65634e+closure,original,32.0,20,50,0.3,1228,4096,1228,1061,201,6.109452736318408,5.278606965174129,multi,random,1.3069121837615967,-0.25252413749694824,2.455251693725586,0.27977882202532733,2.9329590797424316,1.8828301429748535,0.85703445,4.801426410675049,1.7158393859863281,0.97954618,3.9204280376434326,1.9067922830581665,0.9893204999999999,0.25771437879023634,0.9562034606933594,201,13.178707109926403,4057110.5562461326,1.8601666959069084e-10,32.0076904296875,
HalfCheetah-v5,42,ridge,0.001,0.001,0.0001,10.0,ok,,d65634e+closure,original,32.0,20,50,0.3,1228,4096,1228,1061,201,6.109452736318408,5.278606965174129,multi,random,1.3044410943984985,-0.25825873017311096,2.184128999710083,0.27977849115401604,2.9010536670684814,2.077383041381836,0.857466505,4.781803607940674,1.634513258934021,0.9812978099999999,3.8630621433258057,1.8243577480316162,0.990503205,0.2297111430265571,0.5974769592285156,201,13.178707109926403,4056833.5092245135,1.86016669279271e-09,32.0076904296875,
HalfCheetah-v5,42,ridge,0.01,0.01,0.0001,100.0,ok,,d65634e+closure,original,32.0,20,50,0.3,1228,4096,1228,1061,201,6.109452736318408,5.278606965174129,multi,random,1.3016637563705444,-0.2637771964073181,1.9896514415740967,0.27977518448631644,2.871290922164917,2.3417959213256836,0.8568585100000001,4.76999044418335,1.5740617513656616,0.9815187200000001,3.795598030090332,1.7499961853027344,0.99014086,0.20128722556909928,0.5323536396026611,201,13.178707109926403,4054065.1186401513,1.8601666616507295e-08,32.0076904296875,
HalfCheetah-v5,42,ridge,0.1,0.1,0.0001,1000.0,ok,,d65634e+closure,original,32.0,20,50,0.3,1228,4096,1228,1061,201,6.109452736318408,5.278606965174129,multi,random,1.2998274564743042,-0.26741814613342285,1.877708077430725,0.27974232076907957,2.8521409034729004,3.2128918170928955,0.8551656549999999,4.762777328491211,1.5499110221862793,0.9819215499999999,3.7358508110046387,1.7679145336151123,0.98914498,0.16079018401934894,0.5635755062103271,201,13.178707109926403,4026587.6114056665,1.860166350230981e-07,32.0076904296875,
HalfCheetah-v5,42,ridge,1.0,1.0,0.0001,10000.0,ok,,d65634e+closure,original,32.0,20,50,0.3,1228,4096,1228,1061,201,6.109452736318408,5.278606965174129,multi,random,1.2992675304412842,-0.2683599293231964,1.7876948118209839,0.27943253495742826,2.838696241378784,4.924703121185303,0.8482956850000001,4.754292964935303,1.5644007921218872,0.98119808,3.69286847114563,1.854661464691162,0.98712792,0.1428364552229356,0.5414137840270996,201,13.178707109926403,3770998.1615235955,1.8601632360392293e-06,32.0076904296875,
HalfCheetah-v5,42,ridge,1e-05,1e-05,0.0001,0.1,ok,,d65634e+closure,original,32.0,20,50,0.3,1228,4096,1228,1061,201,6.109452736318408,5.278606965174129,multi,random,1.316693663597107,-0.24723729491233826,3.803147792816162,0.2797788551145055,3.05257248878479,1.7713148593902588,0.85658606,4.891315937042236,1.788512110710144,0.9779804399999998,4.106431007385254,1.9850467443466187,0.9875306750000001,0.34283923129147786,3.872819662094116,201,13.178707109926403,4057138.2630295027,1.8601666962183282e-11,32.0076904296875,
HalfCheetah-v5,42,ridge,0.0003,0.0003,0.0001,2.9999999999999996,ok,,d65634e+closure,original,32.0,20,50,0.3,1228,4096,1228,1061,201,6.109452736318408,5.278606965174129,multi,random,1.305680751800537,-0.25561007857322693,2.3006396293640137,0.2797787484951529,2.915034770965576,1.98797607421875,0.85742045,4.788745880126953,1.6755871772766113,0.9808201299999999,3.8901796340942383,1.8681081533432007,0.99035018,0.2400663807455446,0.5935909748077393,201,13.178707109926403,4057048.986971264,5.580500085644593e-10,32.0076904296875,
HalfCheetah-v5,42,ridge,0.003,0.003,0.0001,30.0,ok,,d65634e+closure,original,32.0,20,50,0.3,1228,4096,1228,1061,201,6.109452736318408,5.278606965174129,multi,random,1.303120732307434,-0.26089081168174744,2.0809433460235596,0.279777756017655,2.886547565460205,2.1738715171813965,0.8571976649999999,4.776205062866211,1.601165771484375,0.98139045,3.83262038230896,1.783608317375183,0.99041675,0.21834198009738487,0.6256866455078125,201,13.178707109926403,4056217.9846228217,5.5805000576168105e-09,32.0076904296875,
Hopper-v5,42,ridge,0.0,0.0,0.0001,0.0,ok,,d65634e+closure,original,32.0,20,50,0.3,1228,4096,1228,1061,201,6.109452736318408,5.278606965174129,multi,random,0.19406990706920624,-1.5878114700317383,0.03523457050323486,0.06246541524169911,0.32944196462631226,0.12227500230073929,0.8974207699999999,0.3851126432418823,0.5194458961486816,0.934480005,0.45253100991249084,0.1890144944190979,0.9727750949999999,0.4641283940968535,4.105848550796509,201,1.297858655358827,5731267.285014298,0.0,31.94697380065918,
Hopper-v5,42,ridge,0.0001,0.0001,0.0001,1.0,ok,,d65634e+closure,original,32.0,20,50,0.3,1228,4096,1228,1061,201,6.109452736318408,5.278606965174129,multi,random,0.19408203661441803,-1.5827313661575317,0.045835819095373154,0.06246538181273453,0.32986223697662354,0.12729786336421967,0.89952348,0.38431116938591003,0.4949616491794586,0.9357883300000001,0.45445194840431213,0.22415439784526825,0.97429941,0.46578966807107564,0.9416797161102295,201,1.297858655358827,5730825.725010722,1.2565063245906448e-09,31.94697380065918,
Hopper-v5,42,ridge,0.001,0.001,0.0001,10.0,ok,,d65634e+closure,original,32.0,20,50,0.3,1228,4096,1228,1061,201,6.109452736318408,5.278606965174129,multi,random,0.19387784600257874,-1.5867204666137695,0.03639905899763107,0.06246508146340266,0.3295140266418457,0.12353108078241348,0.8979486400000001,0.38434138894081116,0.5069257020950317,0.9342907300000001,0.4511660933494568,0.1963280439376831,0.973392395,0.46483236578608506,0.5355079174041748,201,1.297858655358827,5726854.744618645,1.2565063103813717e-08,31.94697380065918,
Hopper-v5,42,ridge,0.01,0.01,0.0001,100.0,ok,,d65634e+closure,original,32.0,20,50,0.3,1228,4096,1228,1061,201,6.109452736318408,5.278606965174129,multi,random,0.1937902420759201,-1.5895904302597046,0.03441469743847847,0.062462128133581866,0.328967809677124,0.12864719331264496,0.89701455,0.3837595283985138,0.5185700058937073,0.9339680100000001,0.44442787766456604,0.18529601395130157,0.969201755,0.44845106306723737,0.516991138458252,201,1.297858655358827,5687445.529035308,1.2565061682886579e-07,31.94697380065918,
Hopper-v5,42,ridge,0.1,0.1,0.0001,1000.0,ok,,d65634e+closure,original,32.0,20,50,0.3,1228,4096,1228,1061,201,6.109452736318408,5.278606965174129,multi,random,0.19355280697345734,-1.592880368232727,0.03263198211789131,0.06243719349405129,0.3286035358905792,0.13041804730892181,0.8957834050000001,0.3833358585834503,0.5122014284133911,0.9328088650000002,0.4356635808944702,0.19496771693229675,0.962648555,0.4268495485348982,0.5177910327911377,201,1.297858655358827,5321264.008714298,1.2565047473632896e-06,31.94697380065918,
Hopper-v5,42,ridge,1.0,1.0,0.0001,10000.0,ok,,d65634e+closure,original,32.0,20,50,0.3,1228,4096,1228,1061,201,6.109452736318408,5.278606965174129,multi,random,0.1939551681280136,-1.587854266166687,0.03037799522280693,0.0624399059267776,0.3314479887485504,0.11603447794914246,0.8906526350000001,0.387157142162323,0.48191526532173157,0.9272286099999999,0.4261375367641449,0.19675318896770477,0.9530580499999999,0.41659461860369557,0.5172379016876221,201,1.297858655358827,3237090.2512579197,1.256490538286352e-05,31.94697380065918,
Hopper-v5,42,ridge,1e-05,1e-05,0.0001,0.1,ok,,d65634e+closure,original,32.0,20,50,0.3,1228,4096,1228,1061,201,6.109452736318408,5.278606965174129,multi,random,0.1943139135837555,-1.5805469751358032,0.05398976430296898,0.0624654118982908,0.33012521266937256,0.1323825716972351,0.90009349,0.385821670293808,0.49689537286758423,0.9365664349999998,0.45674368739128113,0.2453741431236267,0.9744062000000002,0.465492157851111,0.4928896427154541,201,1.297858655358827,5731223.125951965,1.2565063260115724e-10,31.94697380065918,
Hopper-v5,42,ridge,0.0003,0.0003,0.0001,2.9999999999999996,ok,,d65634e+closure,original,32.0,20,50,0.3,1228,4096,1228,1061,201,6.109452736318408,5.278606965174129,multi,random,0.19392745196819305,-1.5846447944641113,0.04012645408511162,0.062465314988917296,0.3297124207019806,0.12470521777868271,0.8988136849999998,0.38416534662246704,0.5002613663673401,0.93494993,0.45322340726852417,0.2101520150899887,0.974131275,0.4660936366997329,0.5860710144042969,201,1.297858655358827,5729942.809089567,3.769518964299086e-09,31.94697380065918,
Hopper-v5,42,ridge,0.003,0.003,0.0001,30.0,ok,,d65634e+closure,original,32.0,20,50,0.3,1228,4096,1228,1061,201,6.109452736318408,5.278606965174129,multi,random,0.19386933743953705,-1.5882736444473267,0.03514742851257324,0.06246441730675618,0.32930320501327515,0.1250094324350357,0.8974461949999999,0.38428863883018494,0.5141538977622986,0.9341427499999999,0.4483044445514679,0.1880234032869339,0.971867895,0.4611505519470393,0.501307487487793,201,1.297858655358827,5718050.015955731,3.769518836415632e-08,31.94697380065918,
Humanoid-v5,42,ridge,0.0,0.0,0.01,0.0,ok,,d65634e+closure,original,32.0,20,50,0.3,1228,4096,1228,1061,201,6.109452736318408,5.278606965174129,multi,random,82.93287658691406,5.851849555969238,226.30775451660156,1.6854762358955075,59.35175704956055,5.191943645477295,0.61781097,53.10346603393555,4.999039173126221,0.6957205249999999,47.196922302246094,4.3525071144104,0.360463135,0.821597491793834,3.642242670059204,201,26.99376584604367,189554593.31273213,0.0,32.00918197631836,
Humanoid-v5,42,ridge,0.0001,0.0001,0.01,0.01,ok,,d65634e+closure,original,32.0,20,50,0.3,1228,4096,1228,1061,201,6.109452736318408,5.278606965174129,multi,random,82.92378997802734,5.8404011726379395,234.9098663330078,1.6854762249764277,59.37387466430664,5.161189556121826,0.623609225,53.26076889038086,4.971773624420166,0.71553703,47.437137603759766,4.300599575042725,0.42675841000000003,0.7574931450248387,0.9429614543914795,201,26.99376584604367,189553891.09915,2.4601904933591026e-12,32.00918197631836,
Humanoid-v5,42,ridge,0.001,0.001,0.01,0.1,ok,,d65634e+closure,original,32.0,20,50,0.3,1228,4096,1228,1061,201,6.109452736318408,5.278606965174129,multi,random,82.9232177734375,5.840034484863281,233.2998504638672,1.6854761267180798,59.36825942993164,5.160454273223877,0.623970015,53.258358001708984,4.970293998718262,0.715345565,47.42402267456055,4.298858642578125,0.42189658,0.771778532677362,0.6298625469207764,201,26.99376584604367,189547571.41102743,2.460190493304629e-11,32.00918197631836,
Humanoid-v5,42,ridge,0.01,0.01,0.01,1.0,ok,,d65634e+closure,original,32.0,20,50,0.3,1228,4096,1228,1061,201,6.109452736318408,5.278606965174129,multi,random,82.92217254638672,5.841235637664795,229.97097778320312,1.6854751454566652,59.356529235839844,5.164131164550781,0.6224322899999999,53.25214385986328,4.970701694488525,0.7119128650000001,47.40964126586914,4.297530174255371,0.40651457999999996,0.8019970988811891,0.6580805778503418,201,26.99376584604367,189484397.69875982,2.460190492759901e-10,32.00918197631836,
Humanoid-v5,42,ridge,0.1,0.1,0.01,10.0,ok,,d65634e+closure,original,32.0,20,50,0.3,1228,4096,1228,1061,201,6.109452736318408,5.278606965174129,multi,random,82.92247772216797,5.846554279327393,227.8582000732422,1.6854654641955427,59.355369567871094,5.176657676696777,0.621075705,53.254234313964844,4.980512619018555,0.707098485,47.410789489746094,4.310056686401367,0.39016370499999997,0.8204984899243694,0.554389238357544,201,26.99376584604367,188854968.9290645,2.4601904873126174e-09,32.00918197631836,
Humanoid-v5,42,ridge,1.0,1.0,0.01,100.0,ok,,d65634e+closure,original,32.0,20,50,0.3,1228,4096,1228,1061,201,6.109452736318408,5.278606965174129,multi,random,82.92427825927734,5.852596759796143,226.66708374023438,1.6853809762885008,59.35767364501953,5.191120624542236,0.6196728850000001,53.25905227661133,5.00092077255249,0.70167049,47.40951156616211,4.330393314361572,0.381149645,0.8233575950214561,0.6016891002655029,201,26.99376584604367,182783278.82238385,2.460190432839784e-08,32.00918197631836,
Humanoid-v5,42,ridge,1e-05,1e-05,0.01,0.001,ok,,d65634e+closure,original,32.0,20,50,0.3,1228,4096,1228,1061,201,6.109452736318408,5.278606965174129,multi,random,82.923828125,5.8406195640563965,235.48829650878906,1.6854762348035857,59.37504959106445,5.161535739898682,0.62343332,53.262786865234375,4.972101211547852,0.7154775600000001,47.44398498535156,4.302091598510742,0.428952845,0.7532089924611284,0.591195821762085,201,26.99376584604367,189554523.0911398,2.4601904933645504e-13,32.00918197631836,
Humanoid-v5,42,ridge,0.0003,0.0003,0.01,0.029999999999999995,ok,,d65634e+closure,original,32.0,20,50,0.3,1228,4096,1228,1061,201,6.109452736318408,5.278606965174129,multi,random,82.92362976074219,5.840147972106934,234.35406494140625,1.6854762031391601,59.37271499633789,5.160900115966797,0.62390393,53.26028823852539,4.971145153045654,0.715724935,47.43025588989258,4.300070285797119,0.425479565,0.7617453733603095,0.5671467781066895,201,26.99376584604367,189552486.68759394,7.380571480040991e-12,32.00918197631836,
Humanoid-v5,42,ridge,0.003,0.003,0.01,0.3,ok,,d65634e+closure,original,32.0,20,50,0.3,1228,4096,1228,1061,201,6.109452736318408,5.278606965174129,multi,random,82.92276763916016,5.840319633483887,231.7626953125,1.6854759084522941,59.36249923706055,5.160651206970215,0.623436385,53.255859375,4.969881534576416,0.71406692,47.41709518432617,4.297605991363525,0.41612297499999995,0.7846994874851194,0.5426726341247559,201,26.99376584604367,189533529.16822752,7.380571479550735e-11,32.00918197631836,
HumanoidStandup-v5,42,ridge,0.0,0.0,0.01,0.0,ok,,d65634e+closure,original,8.0,20,50,0.2,819,4096,819,742,201,4.074626865671642,3.691542288557214,multi,random,33.34498977661133,4.809412002563477,126.34913635253906,1.0992664645366828,NA,NA,NA,NA,NA,NA,62.91008758544922,6.400660991668701,0.869750195,0.8246632876724248,2.2792232036590576,201,31.74575574495868,7673719.977032865,0.0,8.00229549407959,
HumanoidStandup-v5,42,ridge,0.0001,0.0001,0.01,0.01,ok,,d65634e+closure,original,8.0,20,50,0.2,819,4096,819,742,201,4.074626865671642,3.691542288557214,multi,random,33.42893981933594,4.774223327636719,188.14993286132812,1.0992664538132775,NA,NA,NA,NA,NA,NA,70.02293395996094,5.482816219329834,0.96595975,0.7820586922666639,0.9935297966003418,201,31.74575574495868,7673695.804684075,5.619877104326926e-11,8.00229549407959,
HumanoidStandup-v5,42,ridge,0.001,0.001,0.01,0.1,ok,,d65634e+closure,original,8.0,20,50,0.2,819,4096,819,742,201,4.074626865671642,3.691542288557214,multi,random,33.38700485229492,4.783674716949463,147.05593872070312,1.0992663573061783,NA,NA,NA,NA,NA,NA,66.84832000732422,5.548333644866943,0.9534040700000002,0.7569864291264061,0.570275068283081,201,31.74575574495868,7673478.260397669,5.619877101484454e-10,8.00229549407959,
HumanoidStandup-v5,42,ridge,0.01,0.01,0.01,1.0,ok,,d65634e+closure,original,8.0,20,50,0.2,819,4096,819,742,201,4.074626865671642,3.691542288557214,multi,random,33.37554931640625,4.791988849639893,136.762939453125,1.099265392586118,NA,NA,NA,NA,NA,NA,64.99807739257812,5.724924087524414,0.9336998750000001,0.761044892365015,0.5615754127502441,201,31.74575574495868,7671303.495737737,5.619877073059737e-09,8.00229549407959,
HumanoidStandup-v5,42,ridge,0.1,0.1,0.01,10.0,ok,,d65634e+closure,original,8.0,20,50,0.2,819,4096,819,742,201,4.074626865671642,3.691542288557214,multi,random,33.36106872558594,4.801109790802002,129.1136932373047,1.0992557803108345,NA,NA,NA,NA,NA,NA,63.52313232421875,6.100404262542725,0.893915605,0.8046802558496307,0.601083517074585,201,31.74575574495868,7649623.456797989,5.619876788812588e-08,8.00229549407959,
HumanoidStandup-v5,42,ridge,1.0,1.0,0.01,100.0,ok,,d65634e+closure,original,8.0,20,50,0.2,819,4096,819,742,201,4.074626865671642,3.691542288557214,multi,random,33.323631286621094,4.814906597137451,124.57848358154297,1.0991629892344696,NA,NA,NA,NA,NA,NA,61.1451530456543,6.657414436340332,0.839293405,0.8378560022851278,0.551520586013794,201,31.74575574495868,7439377.577462067,5.619873946342663e-07,8.00229549407959,
HumanoidStandup-v5,42,ridge,1e-05,1e-05,0.01,0.001,ok,,d65634e+closure,original,8.0,20,50,0.2,819,4096,819,742,201,4.074626865671642,3.691542288557214,multi,random,47.570167541503906,4.775636196136475,49020.84375,1.0992664634643383,NA,NA,NA,NA,NA,NA,134.86668395996094,5.954994201660156,0.97949409,0.864718602235186,0.5570690631866455,201,31.74575574495868,7673717.559791134,5.619877104611173e-12,8.00229549407959,
HumanoidStandup-v5,42,ridge,0.0003,0.0003,0.01,0.029999999999999995,ok,,d65634e+closure,original,8.0,20,50,0.2,819,4096,819,742,201,4.074626865671642,3.691542288557214,multi,random,33.41086959838867,4.779125213623047,162.11083984375,1.0992664323667036,NA,NA,NA,NA,NA,NA,68.22676086425781,5.506219863891602,0.960397135,0.7678364282863642,0.5472071170806885,201,31.74575574495868,7673647.460443352,1.685963131108579e-10,8.00229549407959,
HumanoidStandup-v5,42,ridge,0.003,0.003,0.01,0.3,ok,,d65634e+closure,original,8.0,20,50,0.2,819,4096,819,742,201,4.074626865671642,3.691542288557214,multi,random,33.38027572631836,4.787581920623779,141.03248596191406,1.0992661428688095,NA,NA,NA,NA,NA,NA,65.86479949951172,5.607097148895264,0.94533349,0.7536829392233515,0.5354969501495361,201,31.74575574495868,7672994.872807804,1.685963128550355e-09,8.00229549407959,
InvertedDoublePendulum-v5,42,ridge,0.0,0.0,0.0001,0.0,ok,,d65634e+closure,original,16.0,20,50,0.05,204,4096,204,199,201,1.0149253731343284,0.9900497512437811,multi,random,0.02165362238883972,-2.0228590965270996,0.004255631472915411,0.00562831902926078,NA,NA,NA,NA,NA,NA,1.3375368118286133,1.0640257596969604,0.99835884,0.918956012346317,2.312683582305908,184,1.0481228986155765e-27,1.9499186463087665e+32,0.0,16.028806686401367,
InvertedDoublePendulum-v5,42,ridge,0.0001,0.0001,0.0001,1.0,ok,,d65634e+closure,original,16.0,20,50,0.05,204,4096,204,199,201,1.0149253731343284,0.9900497512437811,multi,random,0.31133824586868286,-1.7995095252990723,3.930009365081787,0.005638963134438307,NA,NA,NA,NA,NA,NA,25.71691131591797,4.316465377807617,0.9946574350000001,0.9915683402076835,0.9163084030151367,184,1.0481228986155765e-27,2043754384.6337054,7.405467879401494e-08,16.028806686401367,
InvertedDoublePendulum-v5,42,ridge,0.001,0.001,0.0001,10.0,ok,,d65634e+closure,original,16.0,20,50,0.05,204,4096,204,199,201,1.0149253731343284,0.9900497512437811,multi,random,0.015087615698575974,-1.892203688621521,0.0003887415223289281,0.005640714163185015,NA,NA,NA,NA,NA,NA,0.9563533663749695,1.3828790187835693,0.99816568,0.8628505546950941,0.6018407344818115,184,1.0481228986155765e-27,204375439.36337054,7.40546294371888e-07,16.028806686401367,
InvertedDoublePendulum-v5,42,ridge,0.01,0.01,0.0001,100.0,ok,,d65634e+closure,original,16.0,20,50,0.05,204,4096,204,199,201,1.0149253731343284,0.9900497512437811,multi,random,0.015262650325894356,-1.9894317388534546,0.0003622572112362832,0.005599774831133592,NA,NA,NA,NA,NA,NA,1.0886472463607788,1.614449381828308,0.9982968900000001,0.8975630251676302,0.5519528388977051,184,1.0481228986155765e-27,20437544.836337056,7.4054135872545644e-06,16.028806686401367,
InvertedDoublePendulum-v5,42,ridge,0.1,0.1,0.0001,1000.0,ok,,d65634e+closure,original,16.0,20,50,0.05,204,4096,204,199,201,1.0149253731343284,0.9900497512437811,multi,random,0.016323324292898178,-2.2365713119506836,0.00041828275425359607,0.006317298906580572,NA,NA,NA,NA,NA,NA,1.1822665929794312,1.6845076084136963,0.99843132,0.9219260522395579,0.5623841285705566,184,1.0481228986155765e-27,2043755.3836337053,7.404920058794021e-05,16.028806686401367,
InvertedDoublePendulum-v5,42,ridge,1.0,1.0,0.0001,10000.0,ok,,d65634e+closure,original,16.0,20,50,0.05,204,4096,204,199,201,1.0149253731343284,0.9900497512437811,multi,random,0.01878584548830986,-2.541684150695801,0.0006111928960308433,0.009399437049149605,NA,NA,NA,NA,NA,NA,1.1938883066177368,1.586084246635437,0.9985395599999999,0.923065754512042,0.5391206741333008,184,1.0481228986155765e-27,204376.43836337054,0.0007399988389772419,16.028806686401367,
InvertedDoublePendulum-v5,42,ridge,1e-05,1e-05,0.0001,0.1,ok,,d65634e+closure,original,16.0,20,50,0.05,204,4096,204,199,201,1.0149253731343284,0.9900497512437811,multi,random,0.6202295422554016,-1.4891350269317627,9.01349925994873,0.005621222312440634,NA,NA,NA,NA,NA,NA,36.661781311035156,4.710977077484131,0.9970186199999999,0.9924720699516981,0.5510053634643555,184,1.0481228986155765e-27,20437543837.33705,7.4054683729701194e-09,16.028806686401367,
InvertedDoublePendulum-v5,42,ridge,0.0003,0.0003,0.0001,2.9999999999999996,ok,,d65634e+closure,original,16.0,20,50,0.05,204,4096,204,199,201,1.0149253731343284,0.9900497512437811,multi,random,0.015240348875522614,-1.8845316171646118,0.00046876404667273164,0.005648665190178468,NA,NA,NA,NA,NA,NA,0.9015676975250244,1.1526508331298828,0.9981751699999999,0.866029683331493,0.47580385208129883,184,1.0481228986155765e-27,681251462.2112353,2.2216400347747693e-07,16.028806686401367,
InvertedDoublePendulum-v5,42,ridge,0.003,0.003,0.0001,30.0,ok,,d65634e+closure,original,16.0,20,50,0.05,204,4096,204,199,201,1.0149253731343284,0.9900497512437811,multi,random,0.015083772130310535,-1.9224861860275269,0.00036297665792517364,0.0056130037157292225,NA,NA,NA,NA,NA,NA,1.0197786092758179,1.5174239873886108,0.99822179,0.8781070877569739,0.5740761756896973,184,1.0481228986155765e-27,68125147.12112351,2.221635592667652e-06,16.028806686401367,
InvertedPendulum-v5,42,ridge,0.0,0.0,0.0001,0.0,ok,,d65634e+closure,original,16.0,20,50,0.05,204,4096,204,199,201,1.0149253731343284,0.9900497512437811,multi,random,0.007458973675966263,-3.2784812450408936,0.0006087449146434665,0.004895308121446077,NA,NA,NA,NA,NA,NA,0.2017158418893814,-0.8818941116333008,0.96356631,0.9207964034707263,2.2321958541870117,201,0.0007083739447265296,171826742.53809512,0.0,15.985387802124023,
InvertedPendulum-v5,42,ridge,0.0001,0.0001,0.0001,1.0,ok,,d65634e+closure,original,16.0,20,50,0.05,204,4096,204,199,201,1.0149253731343284,0.9900497512437811,multi,random,0.005955949891358614,-3.538846015930176,0.00012729597801808268,0.004891994848836686,NA,NA,NA,NA,NA,NA,0.11441807448863983,0.10877283662557602,0.9713441700000001,0.8197424433038837,0.9869768619537354,201,0.0007083739447265296,150570893.9720922,8.59787542121983e-08,15.985387802124023,
InvertedPendulum-v5,42,ridge,0.001,0.001,0.0001,10.0,ok,,d65634e+closure,original,16.0,20,50,0.05,204,4096,204,199,201,1.0149253731343284,0.9900497512437811,multi,random,0.005848448723554611,-3.5664267539978027,0.00010804464545799419,0.004875577044496108,NA,NA,NA,NA,NA,NA,0.10690952092409134,0.849317729473114,0.9733485300000001,0.7953724272648827,0.6359391212463379,201,0.0007083739447265296,71247626.31562163,8.597868768113421e-07,15.985387802124023,
InvertedPendulum-v5,42,ridge,0.01,0.01,0.0001,100.0,ok,,d65634e+closure,original,16.0,20,50,0.05,204,4096,204,199,201,1.0149253731343284,0.9900497512437811,multi,random,0.005913802422583103,-3.5480146408081055,0.00011117090616608039,0.004906880633356696,NA,NA,NA,NA,NA,NA,0.10467226803302765,0.8991591334342957,0.97751049,0.792874644941125,0.5935697555541992,201,0.0007083739447265296,11366580.775894694,8.59780223761562e-06,15.985387802124023,
InvertedPendulum-v5,42,ridge,0.1,0.1,0.0001,1000.0,ok,,d65634e+closure,original,16.0,20,50,0.05,204,4096,204,199,201,1.0149253731343284,0.9900497512437811,multi,random,0.006299065891653299,-3.4695732593536377,0.00013856439909432083,0.005531686279387695,NA,NA,NA,NA,NA,NA,0.10479899495840073,0.3229277729988098,0.9832779999999999,0.8088979032418323,0.5060911178588867,201,0.0007083739447265296,1208615.3579247002,8.59713698926283e-05,15.985387802124023,
InvertedPendulum-v5,42,ridge,1.0,1.0,0.0001,10000.0,ok,,d65634e+closure,original,16.0,20,50,0.05,204,4096,204,199,201,1.0149253731343284,0.9900497512437811,multi,random,0.007429763209074736,-3.268328905105591,0.0002408479922451079,0.008166926696835778,NA,NA,NA,NA,NA,NA,0.10956846922636032,-0.3876267671585083,0.9809261699999999,0.8536824084485072,0.48317718505859375,201,0.0007083739447265296,121632.42617968067,0.0008590490163396263,15.985387802124023,
InvertedPendulum-v5,42,ridge,1e-05,1e-05,0.0001,0.1,ok,,d65634e+closure,original,16.0,20,50,0.05,204,4096,204,199,201,1.0149253731343284,0.9900497512437811,multi,random,0.25408652424812317,-1.6280560493469238,1.6888551712036133,0.004894952189023999,NA,NA,NA,NA,NA,NA,1.50458824634552,1.32439386844635,0.8507392900000001,0.9866597227975572,0.5432209968566895,201,0.0007083739447265296,169434858.16089228,8.597876086531037e-09,15.985387802124023,
InvertedPendulum-v5,42,ridge,0.0003,0.0003,0.0001,2.9999999999999996,ok,,d65634e+closure,original,16.0,20,50,0.05,204,4096,204,199,201,1.0149253731343284,0.9900497512437811,multi,random,0.00589138176292181,-3.5590100288391113,0.0001137011859100312,0.004886654467950696,NA,NA,NA,NA,NA,NA,0.10975027084350586,0.5373014807701111,0.972745235,0.8045508603751631,0.5104751586914062,201,0.0007083739447265296,120706795.68602891,2.579362182825255e-07,15.985387802124023,
InvertedPendulum-v5,42,ridge,0.003,0.003,0.0001,30.0,ok,,d65634e+closure,original,16.0,20,50,0.05,204,4096,204,199,201,1.0149253731343284,0.9900497512437811,multi,random,0.005851416848599911,-3.5632834434509277,0.00010740869038272649,0.004869150269600889,NA,NA,NA,NA,NA,NA,0.1053854376077652,0.9664984345436096,0.9747587050000001,0.7923339886652249,0.5062036514282227,201,0.0007083739447265296,32822361.562082477,2.5793561950408116e-06,15.985387802124023,
Pusher-v5,42,ridge,0.0,0.0,0.0001,0.0,ok,,d65634e+closure,original,8.0,20,50,0.1,409,4096,409,389,201,2.0348258706467663,1.935323383084577,multi,random,0.05002353712916374,-2.5564191341400146,0.0031769543420523405,0.020874667920662636,NA,NA,NA,NA,NA,NA,0.8799931406974792,0.8190736770629883,0.9999974599999999,0.8144144012674738,2.2487361431121826,197,1.6707826486633898e-30,2.7199533750601092e+34,0.0,7.982444763183594,
Pusher-v5,42,ridge,0.0001,0.0001,0.0001,1.0,ok,,d65634e+closure,original,8.0,20,50,0.1,409,4096,409,389,201,2.0348258706467663,1.935323383084577,multi,random,0.04990936443209648,-2.569265604019165,0.0028869491070508957,0.02087482954206028,NA,NA,NA,NA,NA,NA,0.7648486495018005,0.60508793592453,0.99999999,0.8660617647662068,0.9905605316162109,197,1.6707826486633898e-30,454445091.4223855,2.84744399206648e-07,7.982444763183594,
Pusher-v5,42,ridge,0.001,0.001,0.0001,10.0,ok,,d65634e+closure,original,8.0,20,50,0.1,409,4096,409,389,201,2.0348258706467663,1.935323383084577,multi,random,0.04981689527630806,-2.582019567489624,0.002700959099456668,0.020875816685194566,NA,NA,NA,NA,NA,NA,0.6957552433013916,0.7206008434295654,0.99999984,0.8575547726072656,0.5403673648834229,197,1.6707826486633898e-30,45444510.04223855,2.847436694941622e-06,7.982444763183594,
Pusher-v5,42,ridge,0.01,0.01,0.0001,100.0,ok,,d65634e+closure,original,8.0,20,50,0.1,409,4096,409,389,201,2.0348258706467663,1.935323383084577,multi,random,0.04974362626671791,-2.6022560596466064,0.002445537829771638,0.0208644603534937,NA,NA,NA,NA,NA,NA,0.658173143863678,1.4089616537094116,0.99999224,0.8380835404914067,0.5877695083618164,197,1.6707826486633898e-30,4544451.904223856,2.8473637257500126e-05,7.982444763183594,
Pusher-v5,42,ridge,0.1,0.1,0.0001,1000.0,ok,,d65634e+closure,original,8.0,20,50,0.1,409,4096,409,389,201,2.0348258706467663,1.935323383084577,multi,random,0.04987667128443718,-2.600188732147217,0.002326276618987322,0.02084771269074075,NA,NA,NA,NA,NA,NA,0.6364331245422363,2.7158756256103516,0.99995651,0.8228292278931031,0.5133004188537598,197,1.6707826486633898e-30,454446.0904223855,0.0002846634239473356,7.982444763183594,
Pusher-v5,42,ridge,1.0,1.0,0.0001,10000.0,ok,,d65634e+closure,original,8.0,20,50,0.1,409,4096,409,389,201,2.0348258706467663,1.935323383084577,multi,random,0.05065395310521126,-2.5381195545196533,0.002596987411379814,0.02184555242297925,NA,NA,NA,NA,NA,NA,0.6340102553367615,3.077204942703247,0.99994521,0.8084917605955978,0.5421035289764404,197,1.6707826486633898e-30,45445.509042238555,0.002839359882320077,7.982444763183594,
Pusher-v5,42,ridge,1e-05,1e-05,0.0001,0.1,ok,,d65634e+closure,original,8.0,20,50,0.1,409,4096,409,389,201,2.0348258706467663,1.935323383084577,multi,random,0.05001164600253105,-2.557809591293335,0.0031680644024163485,0.020874293998445224,NA,NA,NA,NA,NA,NA,0.8967664241790771,0.8300348520278931,0.9999976700000001,0.8476892554959787,0.5328519344329834,197,1.6707826486633898e-30,4544450905.223855,2.8474447217810235e-08,7.982444763183594,
Pusher-v5,42,ridge,0.0003,0.0003,0.0001,2.9999999999999996,ok,,d65634e+closure,original,8.0,20,50,0.1,409,4096,409,389,201,2.0348258706467663,1.935323383084577,multi,random,0.049866028130054474,-2.5744950771331787,0.00280224927701056,0.020875517240725897,NA,NA,NA,NA,NA,NA,0.7266088128089905,0.610704243183136,0.9999999900000001,0.8642358078607288,0.5552208423614502,197,1.6707826486633898e-30,151481697.80746186,8.542327111439836e-07,7.982444763183594,
Pusher-v5,42,ridge,0.003,0.003,0.0001,30.0,ok,,d65634e+closure,original,8.0,20,50,0.1,409,4096,409,389,201,2.0348258706467663,1.935323383084577,multi,random,0.04977310076355934,-2.5914313793182373,0.002584650181233883,0.020873339330080003,NA,NA,NA,NA,NA,NA,0.6756497621536255,0.9498237371444702,0.99999798,0.8478395849307439,0.5212671756744385,197,1.6707826486633898e-30,15148170.680746183,8.542261437727512e-06,7.982444763183594,
Reacher-v5,42,ridge,0.0,0.0,0.0001,0.0,ok,,d65634e+closure,original,8.0,20,50,0.05,204,4096,204,199,201,1.0149253731343284,0.9900497512437811,multi,random,0.10548020899295807,-1.1247038841247559,0.1081680953502655,0.030979706914922946,NA,NA,NA,NA,NA,NA,0.7427330017089844,0.7878272533416748,0.9899413,0.8501975068859751,2.1651556491851807,201,0.47175309799842746,349549.8587284911,0.0,8.008331298828125,
Reacher-v5,42,ridge,0.0001,0.0001,0.0001,1.0,ok,,d65634e+closure,original,8.0,20,50,0.05,204,4096,204,199,201,1.0149253731343284,0.9900497512437811,multi,random,0.08767987787723541,-1.848370909690857,0.021217655390501022,0.030979603205440517,NA,NA,NA,NA,NA,NA,0.5601187944412231,0.02447456493973732,0.9916906500000001,0.8624796625399715,0.9010653495788574,201,0.47175309799842746,349475.7787107459,5.085673347547789e-08,8.008331298828125,
Reacher-v5,42,ridge,0.001,0.001,0.0001,10.0,ok,,d65634e+closure,original,8.0,20,50,0.05,204,4096,204,199,201,1.0149253731343284,0.9900497512437811,multi,random,0.08619499951601028,-2.2140724658966064,0.009053697809576988,0.030978674049959857,NA,NA,NA,NA,NA,NA,0.5199857354164124,-0.09940607100725174,0.9909208049999999,0.8788839698088398,0.552635908126831,201,0.47175309799842746,348810.46884356294,5.08567101978225e-07,8.008331298828125,
Reacher-v5,42,ridge,0.01,0.01,0.0001,100.0,ok,,d65634e+closure,original,8.0,20,50,0.05,204,4096,204,199,201,1.0149253731343284,0.9900497512437811,multi,random,0.08591338247060776,-2.4581966400146484,0.004885748028755188,0.03096979418602226,NA,NA,NA,NA,NA,NA,0.496261864900589,0.17242717742919922,0.9891734400000001,0.8783850636144859,0.5547716617584229,201,0.47175309799842746,342294.09098811157,5.085647742244043e-06,8.008331298828125,
Reacher-v5,42,ridge,0.1,0.1,0.0001,1000.0,ok,,d65634e+closure,original,8.0,20,50,0.05,204,4096,204,199,201,1.0149253731343284,0.9900497512437811,multi,random,0.08576127886772156,-2.5638763904571533,0.003579067997634411,0.030916141105539915,NA,NA,NA,NA,NA,NA,0.4834428131580353,0.7550996541976929,0.9876574650000001,0.8727985054266035,0.553149938583374,201,0.47175309799842746,288413.52908687154,5.085414978581206e-05,8.008331298828125,
Reacher-v5,42,ridge,1.0,1.0,0.0001,10000.0,ok,,d65634e+closure,original,8.0,20,50,0.05,204,4096,204,199,201,1.0149253731343284,0.9900497512437811,multi,random,0.08603250980377197,-2.5377140045166016,0.0036235444713383913,0.03162968712240093,NA,NA,NA,NA,NA,NA,0.4805091321468353,0.9951122999191284,0.98695174,0.8670496416949011,0.5899906158447266,201,0.47175309799842746,112044.76415530844,0.0005083088513279545,8.008331298828125,
Reacher-v5,42,ridge,1e-05,1e-05,0.0001,0.1,ok,,d65634e+closure,original,8.0,20,50,0.05,204,4096,204,199,201,1.0149253731343284,0.9900497512437811,multi,random,0.1369389444589615,-0.746246874332428,0.4249173700809479,0.03097969653973767,NA,NA,NA,NA,NA,NA,1.0470128059387207,1.2664343118667603,0.9732708649999999,0.8811663150723066,0.6478540897369385,201,0.47175309799842746,349542.4493134645,5.0856735803244605e-09,8.008331298828125,
Reacher-v5,42,ridge,0.0003,0.0003,0.0001,2.9999999999999996,ok,,d65634e+closure,original,8.0,20,50,0.05,204,4096,204,199,201,1.0149253731343284,0.9900497512437811,multi,random,0.08656610548496246,-2.037815570831299,0.01377942319959402,0.030979396068805027,NA,NA,NA,NA,NA,NA,0.5365028977394104,-0.07665101438760757,0.99147793,0.8710831352920579,3.7349722385406494,201,0.47175309799842746,349327.71283417713,1.525701849079912e-07,8.008331298828125,
Reacher-v5,42,ridge,0.003,0.003,0.0001,30.0,ok,,d65634e+closure,original,8.0,20,50,0.05,204,4096,204,199,201,1.0149253731343284,0.9900497512437811,multi,random,0.08604831248521805,-2.34709095954895,0.006526767276227474,0.03097663637946584,NA,NA,NA,NA,NA,NA,0.5076327919960022,-0.027055878192186356,0.9900934600000001,0.8805868541071521,0.6255671977996826,201,0.47175309799842746,347341.0335926329,1.5256997540932698e-06,8.008331298828125,
Swimmer-v5,42,ridge,0.0,0.0,0.0001,0.0,ok,,d65634e+closure,original,8.0,20,50,0.05,204,4096,204,199,201,1.0149253731343284,0.9900497512437811,multi,random,0.0303939301520586,-1.9559602737426758,0.01048864796757698,0.016872101259148273,NA,NA,NA,NA,NA,NA,0.5766221284866333,1.0190632343292236,0.9987669399999999,0.712008291878355,2.168649435043335,201,0.059403799468209624,7538316.011848148,0.0,8.014403343200684,
Swimmer-v5,42,ridge,0.0001,0.0001,0.0001,1.0,ok,,d65634e+closure,original,8.0,20,50,0.05,204,4096,204,199,201,1.0149253731343284,0.9900497512437811,multi,random,0.02712685614824295,-2.0054566860198975,0.010135626420378685,0.016871265275687948,NA,NA,NA,NA,NA,NA,0.5387501120567322,0.8592600226402283,0.99862491,0.684302340935235,0.8931777477264404,201,0.059403799468209624,7525647.383829066,1.8425894546184918e-08,8.014403343200684,
Swimmer-v5,42,ridge,0.001,0.001,0.0001,10.0,ok,,d65634e+closure,original,8.0,20,50,0.05,204,4096,204,199,201,1.0149253731343284,0.9900497512437811,multi,random,0.025300882756710052,-2.1980013847351074,0.0027270016726106405,0.01686388885701867,NA,NA,NA,NA,NA,NA,0.5258623957633972,0.7596630454063416,0.99948583,0.6126143147414945,0.533118724822998,201,0.059403799468209624,7413517.322391277,1.842589149056311e-07,8.014403343200684,
Swimmer-v5,42,ridge,0.01,0.01,0.0001,100.0,ok,,d65634e+closure,original,8.0,20,50,0.05,204,4096,204,199,201,1.0149253731343284,0.9900497512437811,multi,random,0.02533651888370514,-2.2313661575317383,0.0022393232211470604,0.016802941155691836,NA,NA,NA,NA,NA,NA,0.5192559957504272,1.320766806602478,0.99965106,0.4765867341092971,0.547353982925415,201,0.059403799468209624,6452162.938153519,1.8425860934400832e-06,8.014403343200684,
Swimmer-v5,42,ridge,0.1,0.1,0.0001,1000.0,ok,,d65634e+closure,original,8.0,20,50,0.05,204,4096,204,199,201,1.0149253731343284,0.9900497512437811,multi,random,0.02540266327559948,-2.230167865753174,0.0021379655227065086,0.016741624119945637,NA,NA,NA,NA,NA,NA,0.5161218643188477,2.0521087646484375,0.99963661,0.3666220983848201,0.5555341243743896,201,0.059403799468209624,2809247.421891773,1.84255553783519e-05,8.014403343200684,
Swimmer-v5,42,ridge,1.0,1.0,0.0001,10000.0,ok,,d65634e+closure,original,8.0,20,50,0.05,204,4096,204,199,201,1.0149253731343284,0.9900497512437811,multi,random,0.026256097480654716,-2.187697172164917,0.0022977024782449007,0.019235116784245745,NA,NA,NA,NA,NA,NA,0.5108118057250977,2.389045476913452,0.99956537,0.3292507222534459,0.575120210647583,201,0.059403799468209624,422695.8718862502,0.00018422500375144064,8.014403343200684,
Swimmer-v5,42,ridge,1e-05,1e-05,0.0001,0.1,ok,,d65634e+closure,original,8.0,20,50,0.05,204,4096,204,199,201,1.0149253731343284,0.9900497512437811,multi,random,0.31414639949798584,-0.09014897793531418,3.568267822265625,0.016872017511325586,NA,NA,NA,NA,NA,NA,7.549248218536377,4.097202301025391,0.99800684,0.985384130026622,0.5558419227600098,201,0.059403799468209624,7537047.230002967,1.842589485174715e-09,8.014403343200684,
Swimmer-v5,42,ridge,0.0003,0.0003,0.0001,2.9999999999999996,ok,,d65634e+closure,original,8.0,20,50,0.05,204,4096,204,199,201,1.0149253731343284,0.9900497512437811,multi,random,0.025294000282883644,-2.1630239486694336,0.003311860142275691,0.01686960323354,NA,NA,NA,NA,NA,NA,0.5286460518836975,0.6304468512535095,0.99936368,0.6522510446844673,0.576850414276123,201,0.059403799468209624,7500437.44258291,5.527768160147325e-08,8.014403343200684,
Swimmer-v5,42,ridge,0.003,0.003,0.0001,30.0,ok,,d65634e+closure,original,8.0,20,50,0.05,204,4096,204,199,201,1.0149253731343284,0.9900497512437811,multi,random,0.02534562721848488,-2.2186660766601562,0.0024273551534861326,0.016848408727893765,NA,NA,NA,NA,NA,NA,0.5218040943145752,0.9774720668792725,0.99957988,0.5533029947296696,0.5130903720855713,201,0.059403799468209624,7175919.0868489705,5.52776541008882e-07,8.014403343200684,
Walker2d-v5,42,ridge,0.0,0.0,0.01,0.0,ok,,d65634e+closure,original,16.0,20,50,0.3,1228,4096,1228,1061,201,6.109452736318408,5.278606965174129,multi,random,0.6462481021881104,-0.8360679149627686,0.36900562047958374,0.1350477236342817,NA,NA,NA,NA,NA,NA,2.828399419784546,2.269960641860962,0.9980414799999999,0.33956739922778617,4.483636856079102,201,4.832664692531104,499351.96095756866,0.0,16.00384521484375,
Walker2d-v5,42,ridge,0.0001,0.0001,0.01,0.01,ok,,d65634e+closure,original,16.0,20,50,0.3,1228,4096,1228,1061,201,6.109452736318408,5.278606965174129,multi,random,0.6460941433906555,-0.8342620730400085,0.3768186569213867,0.1350477000725524,NA,NA,NA,NA,NA,NA,2.8474669456481934,2.1247293949127197,0.99838716,0.28242356028847193,0.9999184608459473,201,4.832664692531104,499341.6283427461,3.791929539388194e-09,16.00384521484375,
Walker2d-v5,42,ridge,0.001,0.001,0.01,0.1,ok,,d65634e+closure,original,16.0,20,50,0.3,1228,4096,1228,1061,201,6.109452736318408,5.278606965174129,multi,random,0.6460673213005066,-0.8370262980461121,0.3673916757106781,0.1350474881117019,NA,NA,NA,NA,NA,NA,2.832507848739624,2.2598824501037598,0.9985050300000001,0.32648157314665127,0.5096278190612793,201,4.832664692531104,499248.65404806595,3.7919294099796335e-08,16.00384521484375,
Walker2d-v5,42,ridge,0.01,0.01,0.01,1.0,ok,,d65634e+closure,original,16.0,20,50,0.3,1228,4096,1228,1061,201,6.109452736318408,5.278606965174129,multi,random,0.6460976600646973,-0.8386839032173157,0.3626229763031006,0.13504537785588885,NA,NA,NA,NA,NA,NA,2.818605899810791,2.513380527496338,0.99780869,0.353242661872785,0.5202341079711914,201,4.832664692531104,498320.81180175836,3.791928115894497e-07,16.00384521484375,
Walker2d-v5,42,ridge,0.1,0.1,0.01,10.0,ok,,d65634e+closure,original,16.0,20,50,0.3,1228,4096,1228,1061,201,6.109452736318408,5.278606965174129,multi,random,0.6462892889976501,-0.8392413854598999,0.35795778036117554,0.13502518723683857,NA,NA,NA,NA,NA,NA,2.8080227375030518,2.827108860015869,0.9967097400000001,0.3628976854151542,0.5295531749725342,201,4.832664692531104,489228.6099478463,3.7919151750917076e-06,16.00384521484375,
Walker2d-v5,42,ridge,1.0,1.0,0.01,100.0,ok,,d65634e+closure,original,16.0,20,50,0.3,1228,4096,1228,1061,201,6.109452736318408,5.278606965174129,multi,random,0.6472777128219604,-0.8347284197807312,0.35082095861434937,0.13489623204284515,NA,NA,NA,NA,NA,NA,2.793515682220459,3.2280521392822266,0.9941165200000001,0.3622732145736004,0.5688543319702148,201,4.832664692531104,413739.12578173523,3.791785771921623e-05,16.00384521484375,
Walker2d-v5,42,ridge,1e-05,1e-05,0.01,0.001,ok,,d65634e+closure,original,16.0,20,50,0.3,1228,4096,1228,1061,201,6.109452736318408,5.278606965174129,multi,random,0.6469051241874695,-0.8299341797828674,0.4394824504852295,0.1350477212780141,NA,NA,NA,NA,NA,NA,2.858928918838501,2.090322494506836,0.9970067899999999,0.262310006257887,0.5294845104217529,201,4.832664692531104,499350.92767684377,3.7919295523290515e-10,16.00384521484375,
Walker2d-v5,42,ridge,0.0003,0.0003,0.01,0.029999999999999995,ok,,d65634e+closure,original,16.0,20,50,0.3,1228,4096,1228,1061,201,6.109452736318408,5.278606965174129,multi,random,0.6460629105567932,-0.8357250094413757,0.3706968426704407,0.135047652955409,NA,NA,NA,NA,NA,NA,2.8408257961273193,2.170935869216919,0.99863561,0.2996167312593581,0.5645413398742676,201,4.832664692531104,499320.96439586836,1.1375788531892206e-08,16.00384521484375,
Walker2d-v5,42,ridge,0.003,0.003,0.01,0.3,ok,,d65634e+closure,original,16.0,20,50,0.3,1228,4096,1228,1061,201,6.109452736318408,5.278606965174129,multi,random,0.646073579788208,-0.8379891514778137,0.3649693727493286,0.13504701769749958,NA,NA,NA,NA,NA,NA,2.825206995010376,2.371426582336426,0.9981767699999999,0.34481039222231047,0.5235738754272461,201,4.832664692531104,499042.1684102925,1.1375787367215245e-07,16.00384521484375,
Ant-v5,100,ridge,0.0,0.0,0.0001,0.0,ok,,d65634e+closure,original,8.0,20,50,0.1,409,4096,409,389,201,2.0348258706467663,1.935323383084577,multi,random,1.3227263689041138,-1.8591725826263428,14.519636154174805,0.9375871730911151,1.6612945795059204,0.19178760051727295,0.872633045,2.7424721717834473,0.7709693908691406,0.91243133,11.682196617126465,2.175457715988159,0.9934750700000001,0.9047252219113948,2.1728928089141846,196,1.790544651805014e-28,1.9326387804203396e+32,0.0,7.991510391235352,
Ant-v5,100,ridge,0.0001,0.0001,0.0001,1.0,ok,,d65634e+closure,original,8.0,20,50,0.1,409,4096,409,389,201,2.0348258706467663,1.935323383084577,multi,random,0.7202466726303101,-1.9882073402404785,1.4433785676956177,0.06105637041116527,0.9303556680679321,-0.033374324440956116,0.859456015,1.2818834781646729,0.426278680562973,0.906619275,4.750391006469727,1.0868868827819824,0.99417379,0.8801054983176162,0.950401782989502,196,1.790544651805014e-28,346047604.2152603,3.3971887444983614e-07,7.991510391235352,
Ant-v5,100,ridge,0.001,0.001,0.0001,10.0,ok,,d65634e+closure,original,8.0,20,50,0.1,409,4096,409,389,201,2.0348258706467663,1.935323383084577,multi,random,0.5761483311653137,-1.820924997329712,0.44756415486335754,0.05776059791835987,0.7613143920898438,0.33208197355270386,0.8108706649999999,0.9039701819419861,2.340365171432495,0.87115192,2.3736703395843506,1.8706789016723633,0.9944096199999999,0.7825281778711052,0.5781173706054688,196,1.790544651805014e-28,34604761.321526036,3.397178357727889e-06,7.991510391235352,
Ant-v5,100,ridge,0.01,0.01,0.0001,100.0,ok,,d65634e+closure,original,8.0,20,50,0.1,409,4096,409,389,201,2.0348258706467663,1.935323383084577,multi,random,0.5471500754356384,-1.31760573387146,0.35881558060646057,0.05248230200042122,0.7211315035820007,0.9945524334907532,0.735450555,0.8151247501373291,5.505101680755615,0.7771035500000001,1.6351748704910278,7.896658897399902,0.98742975,0.5059934466680064,0.5713653564453125,196,1.790544651805014e-28,3460477.032152604,3.397074493516349e-05,7.991510391235352,
Ant-v5,100,ridge,0.1,0.1,0.0001,1000.0,ok,,d65634e+closure,original,8.0,20,50,0.1,409,4096,409,389,201,2.0348258706467663,1.935323383084577,multi,random,0.5425471067428589,-1.1605991125106812,0.3448476195335388,0.04645367464220645,0.7137176394462585,1.3170820474624634,0.678378825,0.8010649085044861,6.310247421264648,0.69828256,1.516165852546692,14.020590782165527,0.9026982450000001,0.3654424958770029,0.6112790107727051,196,1.790544651805014e-28,346048.6032152604,0.0003396036200600299,7.991510391235352,
Ant-v5,100,ridge,1.0,1.0,0.0001,10000.0,ok,,d65634e+closure,original,8.0,20,50,0.1,409,4096,409,389,201,2.0348258706467663,1.935323383084577,multi,random,0.5408442616462708,-1.22593355178833,0.3425241708755493,0.04315108370202379,0.7130779027938843,1.2238283157348633,0.640661695,0.7980753779411316,5.922379493713379,0.65696926,1.5056307315826416,13.727352142333984,0.828130105,0.33576486061669963,0.5186035633087158,196,1.790544651805014e-28,34605.76032152604,0.0033856880732656223,7.991510391235352,
Ant-v5,100,ridge,1e-05,1e-05,0.0001,0.1,ok,,d65634e+closure,original,8.0,20,50,0.1,409,4096,409,389,201,2.0348258706467663,1.935323383084577,multi,random,1.164718747138977,-1.8908226490020752,8.385817527770996,0.1017069344925531,1.4479119777679443,0.08814582973718643,0.87193752,2.220093250274658,0.5827585458755493,0.9133723899999999,9.973823547363281,1.9283004999160767,0.99403042,0.8985912317339996,0.5211081504821777,196,1.790544651805014e-28,3460476033.152604,3.397189783178901e-08,7.991510391235352,
Ant-v5,100,ridge,0.0003,0.0003,0.0001,2.9999999999999996,ok,,d65634e+closure,original,8.0,20,50,0.1,409,4096,409,389,201,2.0348258706467663,1.935323383084577,multi,random,0.6293412446975708,-1.971472978591919,0.6941639184951782,0.05961413073595176,0.8231897354125977,0.06791213154792786,0.841388295,1.0494824647903442,0.8946529626846313,0.8967728549999999,3.401702404022217,0.9948063492774963,0.99455951,0.8628176168137068,0.5786924362182617,196,1.790544651805014e-28,115349202.07175347,1.0191559308964968e-06,7.991510391235352,
Ant-v5,100,ridge,0.003,0.003,0.0001,30.0,ok,,d65634e+closure,original,8.0,20,50,0.1,409,4096,409,389,201,2.0348258706467663,1.935323383084577,multi,random,0.5555486679077148,-1.5492771863937378,0.3821098208427429,0.05529483765512638,0.7337312698364258,0.6596899032592773,0.77551577,0.8418989777565002,4.1329169273376465,0.8317208549999999,1.8664767742156982,4.04155969619751,0.9932724400000001,0.6562353514441344,0.5738263130187988,196,1.790544651805014e-28,11534921.107175345,1.0191465828729373e-05,7.991510391235352,
HalfCheetah-v5,100,ridge,0.0,0.0,0.0001,0.0,ok,,d65634e+closure,original,32.0,20,50,0.3,1228,4096,1228,1061,201,6.109452736318408,5.278606965174129,multi,random,1.1942589282989502,-0.3478570282459259,1.8482489585876465,0.20981994474224488,2.808966875076294,0.9618260860443115,0.8599673550000001,4.534226894378662,1.5308701992034912,0.98715916,3.783324718475342,2.12515926361084,0.99462201,0.1792311020109995,3.426459550857544,201,10.598608665213815,6214650.9365284145,0.0,32.05014419555664,
HalfCheetah-v5,100,ridge,0.0001,0.0001,0.0001,1.0,ok,,d65634e+closure,original,32.0,20,50,0.3,1228,4096,1228,1061,201,6.109452736318408,5.278606965174129,multi,random,1.204848289489746,-0.3330741226673126,2.533726215362549,0.20981992688661105,2.9270005226135254,0.8915001749992371,0.85900507,4.5359015464782715,1.6900635957717896,0.9815317499999999,4.057188987731934,2.1033036708831787,0.993774275,0.302625186902607,0.9554738998413086,201,10.598608665213815,6214592.300612165,1.5873889991547961e-10,32.05014419555664,
HalfCheetah-v5,100,ridge,0.001,0.001,0.0001,10.0,ok,,d65634e+closure,original,32.0,20,50,0.3,1228,4096,1228,1061,201,6.109452736318408,5.278606965174129,multi,random,1.198678731918335,-0.34055110812187195,2.133308172225952,0.20981976621294435,2.852027177810669,0.9046882390975952,0.85947279,4.529660701751709,1.6096606254577637,0.98411717,3.9163053035736084,2.024087429046631,0.9947181100000001,0.2336872051796763,0.4877791404724121,201,10.598608665213815,6214064.627152964,1.5873889968869723e-09,32.05014419555664,
HalfCheetah-v5,100,ridge,0.01,0.01,0.0001,100.0,ok,,d65634e+closure,original,32.0,20,50,0.3,1228,4096,1228,1061,201,6.109452736318408,5.278606965174129,multi,random,1.1944960355758667,-0.3487177789211273,1.8614957332611084,0.2098181621494772,2.80153489112854,1.089040994644165,0.8595894599999999,4.527714252471924,1.5189779996871948,0.98666792,3.793212652206421,2.18216609954834,0.9949196100000001,0.17093702454895993,0.5019428730010986,201,10.598608665213815,6208792.81683275,1.587388974208739e-08,32.05014419555664,
HalfCheetah-v5,100,ridge,0.1,0.1,0.0001,1000.0,ok,,d65634e+closure,original,32.0,20,50,0.3,1228,4096,1228,1061,201,6.109452736318408,5.278606965174129,multi,random,1.1923795938491821,-0.35374265909194946,1.7329000234603882,0.20980238525384542,2.779193162918091,1.8919130563735962,0.859122315,4.509756565093994,1.4810147285461426,0.9887304499999999,3.7236011028289795,2.922630786895752,0.9939001399999999,0.14748156477791277,0.5122506618499756,201,10.598608665213815,6156562.542691419,1.5873887474264328e-07,32.05014419555664,
HalfCheetah-v5,100,ridge,1.0,1.0,0.0001,10000.0,ok,,d65634e+closure,original,32.0,20,50,0.3,1228,4096,1228,1061,201,6.109452736318408,5.278606965174129,multi,random,1.1926591396331787,-0.3553774058818817,1.6475750207901,0.20966783343308926,2.7612497806549072,3.0182650089263916,0.8550322,4.494576454162598,1.4802340269088745,0.98958299,3.67315936088562,3.7668368816375732,0.99220141,0.13644600187691605,0.5166351795196533,201,10.598608665213815,5678840.98587742,1.587386479606941e-06,32.05014419555664,
HalfCheetah-v5,100,ridge,1e-05,1e-05,0.0001,0.1,ok,,d65634e+closure,original,32.0,20,50,0.3,1228,4096,1228,1061,201,6.109452736318408,5.278606965174129,multi,random,1.2233797311782837,-0.32433682680130005,4.1355061531066895,0.20981994295665454,3.0888044834136963,0.923191249370575,0.85830336,4.621284484863281,1.7633411884307861,0.9784025999999999,4.480906009674072,2.269212245941162,0.99146713,0.4760054209951942,0.524578332901001,201,10.598608665213815,6214645.072886998,1.5873889993815787e-11,32.05014419555664,
HalfCheetah-v5,100,ridge,0.0003,0.0003,0.0001,2.9999999999999996,ok,,d65634e+closure,original,32.0,20,50,0.3,1228,4096,1228,1061,201,6.109452736318408,5.278606965174129,multi,random,1.20159912109375,-0.3365165591239929,2.326432466506958,0.20981989117714586,2.888692617416382,0.8885375261306763,0.859324195,4.529557228088379,1.6569710969924927,0.98289136,3.988527774810791,2.058753728866577,0.99434179,0.26790963966952624,0.537034273147583,201,10.598608665213815,6214475.032099021,4.762166995952506e-10,32.05014419555664,
HalfCheetah-v5,100,ridge,0.003,0.003,0.0001,30.0,ok,,d65634e+closure,original,32.0,20,50,0.3,1228,4096,1228,1061,201,6.109452736318408,5.278606965174129,multi,random,1.1963696479797363,-0.34470564126968384,1.9781919717788696,0.2098194093345302,2.8236820697784424,0.9617400169372559,0.859419955,4.530869960784912,1.5610235929489136,0.985342975,3.851738929748535,2.049309730529785,0.99497402,0.2004624959856319,0.5830106735229492,201,10.598608665213815,6212892.340224935,4.762166975542095e-09,32.05014419555664,
Hopper-v5,100,ridge,0.0,0.0,0.0001,0.0,ok,,d65634e+closure,original,32.0,20,50,0.3,1228,4096,1228,1061,201,6.109452736318408,5.278606965174129,multi,random,0.16964861750602722,-1.62800133228302,0.03035336546599865,0.09486032565723612,0.34725892543792725,0.0922267735004425,0.91217426,0.3825071156024933,0.2828609049320221,0.95439853,0.43886029720306396,0.34064537286758423,0.9796051000000001,0.5564630613823,3.9920856952667236,201,0.8838179968580508,6614203.637150342,0.0,31.91818618774414,
Hopper-v5,100,ridge,0.0001,0.0001,0.0001,1.0,ok,,d65634e+closure,original,32.0,20,50,0.3,1228,4096,1228,1061,201,6.109452736318408,5.278606965174129,multi,random,0.1696755290031433,-1.617843747138977,0.036869533360004425,0.09486031366426309,0.34848859906196594,0.09016195684671402,0.90680728,0.383756160736084,0.28423935174942017,0.95183063,0.48382824659347534,0.49263980984687805,0.9841579400000001,0.6490284902079674,0.9296338558197021,201,0.8838179968580508,6613455.3547688695,1.5022243994923716e-09,31.91818618774414,
Hopper-v5,100,ridge,0.001,0.001,0.0001,10.0,ok,,d65634e+closure,original,32.0,20,50,0.3,1228,4096,1228,1061,201,6.109452736318408,5.278606965174129,multi,random,0.1695379614830017,-1.6245620250701904,0.03318732976913452,0.0948602061751485,0.3478800058364868,0.0921734869480133,0.910064715,0.3807428479194641,0.2839653789997101,0.9521605799999999,0.4591370224952698,0.4036254286766052,0.9823709099999999,0.5762273117457304,0.5062966346740723,201,0.8838179968580508,6606728.424552229,1.502224379182269e-08,31.91818618774414,
Hopper-v5,100,ridge,0.01,0.01,0.0001,100.0,ok,,d65634e+closure,original,32.0,20,50,0.3,1228,4096,1228,1061,201,6.109452736318408,5.278606965174129,multi,random,0.169550821185112,-1.630957007408142,0.02971101738512516,0.09485917484449886,0.346377432346344,0.1004784032702446,0.9121645899999999,0.38131415843963623,0.29248762130737305,0.95383069,0.43574801087379456,0.3177592158317566,0.97882805,0.5438319810284773,0.554771900177002,201,0.8838179968580508,6540204.202585356,1.502224176081269e-07,31.91818618774414,
Hopper-v5,100,ridge,0.1,0.1,0.0001,1000.0,ok,,d65634e+closure,original,32.0,20,50,0.3,1228,4096,1228,1061,201,6.109452736318408,5.278606965174129,multi,random,0.16986681520938873,-1.6352002620697021,0.02814580500125885,0.09485257160967231,0.34496501088142395,0.11525000631809235,0.9110601799999999,0.38066959381103516,0.3101568818092346,0.9515398050000001,0.4244259297847748,0.37864190340042114,0.9731298900000002,0.5360630137382791,0.5119187831878662,201,0.8838179968580508,5941904.2221900895,1.5022221450742873e-06,31.91818618774414,
Hopper-v5,100,ridge,1.0,1.0,0.0001,10000.0,ok,,d65634e+closure,original,32.0,20,50,0.3,1228,4096,1228,1061,201,6.109452736318408,5.278606965174129,multi,random,0.17132669687271118,-1.6309633255004883,0.026677675545215607,0.09493414867787849,0.34421443939208984,0.12675349414348602,0.9051959199999999,0.3808509111404419,0.31828799843788147,0.9444265699999999,0.40016138553619385,0.4189720153808594,0.9645538749999999,0.535280047529618,0.5706799030303955,201,0.8838179968580508,3103141.184099186,1.5022018353065163e-05,31.91818618774414,
Hopper-v5,100,ridge,1e-05,1e-05,0.0001,0.1,ok,,d65634e+closure,original,32.0,20,50,0.3,1228,4096,1228,1061,201,6.109452736318408,5.278606965174129,multi,random,0.1698906123638153,-1.6129820346832275,0.04058406502008438,0.09486032445749054,0.3488059639930725,0.09815491735935211,0.90575409,0.41321462392807007,0.34884488582611084,0.9544767400000002,0.5232033133506775,0.6478752493858337,0.98586917,0.7012699125110106,0.5179135799407959,201,0.8838179968580508,6614128.801292452,1.502224401523382e-10,31.91818618774414,
Hopper-v5,100,ridge,0.0003,0.0003,0.0001,2.9999999999999996,ok,,d65634e+closure,original,32.0,20,50,0.3,1228,4096,1228,1061,201,6.109452736318408,5.278606965174129,multi,random,0.1695917397737503,-1.6211493015289307,0.035056356340646744,0.09486028970819592,0.3483056128025055,0.09044984728097916,0.90835186,0.3813900351524353,0.2826814651489258,0.95133367,0.4693826735019684,0.43567726016044617,0.982937875,0.611739887675234,0.5124499797821045,201,0.8838179968580508,6611959.297822111,4.506673184937046e-09,31.91818618774414,
Hopper-v5,100,ridge,0.003,0.003,0.0001,30.0,ok,,d65634e+closure,original,32.0,20,50,0.3,1228,4096,1228,1061,201,6.109452736318408,5.278606965174129,multi,random,0.16951797902584076,-1.627716302871704,0.03134170174598694,0.09485997018032503,0.3472403287887573,0.09545236080884933,0.9113526199999998,0.38112273812294006,0.28636547923088074,0.953236965,0.44846341013908386,0.36557841300964355,0.98142798,0.5485450368876785,0.5672175884246826,201,0.8838179968580508,6591828.574869521,4.506673002146126e-08,31.91818618774414,
Humanoid-v5,100,ridge,0.0,0.0,0.01,0.0,ok,,d65634e+closure,original,32.0,20,50,0.3,1228,4096,1228,1061,201,6.109452736318408,5.278606965174129,multi,random,130.0951385498047,7.792845726013184,336.02789306640625,2.264244885210029,97.84668731689453,6.482560634613037,0.58800512,82.6483154296875,5.646052837371826,0.6597525,74.87108612060547,4.838939189910889,0.400044205,0.8827364973386059,6.812785863876343,201,27.570893686341712,125799912.97248806,0.0,31.96675682067871,
Humanoid-v5,100,ridge,0.0001,0.0001,0.01,0.01,ok,,d65634e+closure,original,32.0,20,50,0.3,1228,4096,1228,1061,201,6.109452736318408,5.278606965174129,multi,random,130.08596801757812,7.766463279724121,360.34149169921875,2.264244881368534,97.81076049804688,6.414817810058594,0.592298095,83.07305145263672,5.581897258758545,0.682038375,75.00579833984375,4.7838358879089355,0.42643628,0.8583910639462112,1.014328956604004,201,27.570893686341712,125799456.69618042,3.762427511524319e-12,31.96675682067871,
Humanoid-v5,100,ridge,0.001,0.001,0.01,0.1,ok,,d65634e+closure,original,32.0,20,50,0.3,1228,4096,1228,1061,201,6.109452736318408,5.278606965174129,multi,random,130.08279418945312,7.767268657684326,344.76544189453125,2.264244846801483,97.79824829101562,6.416581153869629,0.59147029,82.94733428955078,5.577020168304443,0.678420375,74.96669006347656,4.7820515632629395,0.42334000000000005,0.8649233106718278,0.6000447273254395,201,27.570893686341712,125795350.35834904,3.762427511396915e-11,31.96675682067871,
Humanoid-v5,100,ridge,0.01,0.01,0.01,1.0,ok,,d65634e+closure,original,32.0,20,50,0.3,1228,4096,1228,1061,201,6.109452736318408,5.278606965174129,multi,random,130.08377075195312,7.774263381958008,337.46002197265625,2.264244501763713,97.802734375,6.436305999755859,0.59027946,82.8257827758789,5.592153072357178,0.670060065,74.93881225585938,4.791104316711426,0.416177785,0.8770635715531605,0.5891964435577393,201,27.570893686341712,125754301.71949418,3.762427510122887e-10,31.96675682067871,
Humanoid-v5,100,ridge,0.1,0.1,0.01,10.0,ok,,d65634e+closure,original,32.0,20,50,0.3,1228,4096,1228,1061,201,6.109452736318408,5.278606965174129,multi,random,130.08724975585938,7.783520698547363,336.4866943359375,2.2642411142206096,97.82836151123047,6.456526756286621,0.5894905300000001,82.78485107421875,5.620195388793945,0.664641845,74.96744537353516,4.807376384735107,0.41101685,0.8815237979165271,0.6293213367462158,201,27.570893686341712,125345283.95544773,3.762427497382614e-09,31.96675682067871,
Humanoid-v5,100,ridge,1.0,1.0,0.01,100.0,ok,,d65634e+closure,original,32.0,20,50,0.3,1228,4096,1228,1061,201,6.109452736318408,5.278606965174129,multi,random,130.08969116210938,7.79053258895874,336.2348937988281,2.264213105311774,97.84046173095703,6.469072341918945,0.588978465,82.76107788085938,5.636632919311523,0.66228381,74.97725677490234,4.824542999267578,0.40715350499999997,0.8827590043048315,0.6155707836151123,201,27.570893686341712,121396833.62349917,3.762427369979872e-08,31.96675682067871,
Humanoid-v5,100,ridge,1e-05,1e-05,0.01,0.001,ok,,d65634e+closure,original,32.0,20,50,0.3,1228,4096,1228,1061,201,6.109452736318408,5.278606965174129,multi,random,130.0867462158203,7.766435623168945,366.1375427246094,2.2642448848258723,97.81161499023438,6.415571212768555,0.592720965,83.10317993164062,5.584643363952637,0.68302983,75.01776885986328,4.78681755065918,0.428724885,0.8551777869334745,0.6019527912139893,201,27.570893686341712,125799867.34470835,3.762427511537059e-13,31.96675682067871,
Humanoid-v5,100,ridge,0.0003,0.0003,0.01,0.029999999999999995,ok,,d65634e+closure,original,32.0,20,50,0.3,1228,4096,1228,1061,201,6.109452736318408,5.278606965174129,multi,random,130.08465576171875,7.766523838043213,353.67327880859375,2.2642448736859726,97.80428314208984,6.414488792419434,0.5920533299999999,83.0272216796875,5.5794219970703125,0.681057935,74.98939514160156,4.78263521194458,0.42555751499999994,0.8602612592395166,0.6109423637390137,201,27.570893686341712,125798544.15349455,1.128728253448802e-11,31.96675682067871,
Humanoid-v5,100,ridge,0.003,0.003,0.01,0.3,ok,,d65634e+closure,original,32.0,20,50,0.3,1228,4096,1228,1061,201,6.109452736318408,5.278606965174129,multi,random,130.0819549560547,7.769701957702637,339.8226013183594,2.264244770027023,97.79596710205078,6.424191951751709,0.5908149300000001,82.8772201538086,5.58066463470459,0.6741838150000001,74.94902801513672,4.784572601318359,0.420142785,0.8708208296132705,0.6084239482879639,201,27.570893686341712,125786226.12288275,1.1287282533341393e-10,31.96675682067871,
HumanoidStandup-v5,100,ridge,0.0,0.0,0.01,0.0,ok,,d65634e+closure,original,8.0,20,50,0.2,819,4096,819,742,201,4.074626865671642,3.691542288557214,multi,random,27.31580352783203,4.150206565856934,147.35910034179688,1.3295715522984113,NA,NA,NA,NA,NA,NA,60.650028228759766,5.781890869140625,0.906638655,0.8290944728354319,2.571110725402832,201,15.749492185031436,13357548.172736797,0.0,7.991689205169678,
HumanoidStandup-v5,100,ridge,0.0001,0.0001,0.01,0.01,ok,,d65634e+closure,original,8.0,20,50,0.2,819,4096,819,742,201,4.074626865671642,3.691542288557214,multi,random,91.58749389648438,4.205472946166992,75570.7421875,1.3295715045029688,NA,NA,NA,NA,NA,NA,354.21270751953125,6.414285182952881,0.95279343,0.9711956841788705,1.059417486190796,201,15.749492185031436,13357463.360717438,6.596330282479291e-11,7.991689205169678,
HumanoidStandup-v5,100,ridge,0.001,0.001,0.01,0.1,ok,,d65634e+closure,original,8.0,20,50,0.2,819,4096,819,742,201,4.074626865671642,3.691542288557214,multi,random,52.529029846191406,4.143649101257324,13043.76953125,1.3295710743756484,NA,NA,NA,NA,NA,NA,193.1138458251953,5.758374214172363,0.9472602200000001,0.9496654665975037,0.5842471122741699,201,15.749492185031436,13356700.101005716,6.596330278563247e-10,7.991689205169678,
HumanoidStandup-v5,100,ridge,0.01,0.01,0.01,1.0,ok,,d65634e+closure,original,8.0,20,50,0.2,819,4096,819,742,201,4.074626865671642,3.691542288557214,multi,random,34.545711517333984,4.121953010559082,1437.7054443359375,1.3295667762338357,NA,NA,NA,NA,NA,NA,107.3756332397461,5.470471382141113,0.9435665,0.9199634750716348,0.6116042137145996,201,15.749492185031436,13349072.29863127,6.596330239402831e-09,7.991689205169678,
HumanoidStandup-v5,100,ridge,0.1,0.1,0.01,10.0,ok,,d65634e+closure,original,8.0,20,50,0.2,819,4096,819,742,201,4.074626865671642,3.691542288557214,multi,random,28.335203170776367,4.134126663208008,222.01451110839844,1.3295241053118574,NA,NA,NA,NA,NA,NA,69.13790893554688,5.524715423583984,0.9221573049999999,0.8567009327132897,0.5514609813690186,201,15.749492185031436,13273270.727019312,6.596329847798702e-08,7.991689205169678,
HumanoidStandup-v5,100,ridge,1.0,1.0,0.01,100.0,ok,,d65634e+closure,original,8.0,20,50,0.2,819,4096,819,742,201,4.074626865671642,3.691542288557214,multi,random,26.218263626098633,4.204878330230713,86.38269805908203,1.329125998158287,NA,NA,NA,NA,NA,NA,51.4200553894043,6.504527568817139,0.84909226,0.782537278398068,0.6099097728729248,201,15.749492185031436,12560058.49214373,6.596325931759954e-07,7.991689205169678,
HumanoidStandup-v5,100,ridge,1e-05,1e-05,0.01,0.001,ok,,d65634e+closure,original,8.0,20,50,0.2,819,4096,819,742,201,4.074626865671642,3.691542288557214,multi,random,182.2890625,4.317019462585449,714738.375,1.329571547518835,NA,NA,NA,NA,NA,NA,627.4798583984375,7.203677177429199,0.94643998,0.9823615424445625,0.6382415294647217,201,15.749492185031436,13357539.691486396,6.596330282870894e-12,7.991689205169678,
HumanoidStandup-v5,100,ridge,0.0003,0.0003,0.01,0.029999999999999995,ok,,d65634e+closure,original,8.0,20,50,0.2,819,4096,819,742,201,4.074626865671642,3.691542288557214,multi,random,68.73007202148438,4.166065216064453,33813.484375,1.3295714089141955,NA,NA,NA,NA,NA,NA,262.8267822265625,5.967486381530762,0.9489475750000002,0.9621870047347566,0.6884071826934814,201,15.749492185031436,13357293.739909701,1.978899084482717e-10,7.991689205169678,
HumanoidStandup-v5,100,ridge,0.003,0.003,0.01,0.3,ok,,d65634e+closure,original,8.0,20,50,0.2,819,4096,819,742,201,4.074626865671642,3.691542288557214,multi,random,41.68488311767578,4.131920337677002,4553.4296875,1.3295701187411189,NA,NA,NA,NA,NA,NA,143.3649444580078,5.612631320953369,0.9459348700000001,0.9375484144831094,0.6057806015014648,201,15.749492185031436,13355004.280567385,1.9788990809582795e-09,7.991689205169678,
InvertedDoublePendulum-v5,100,ridge,0.0,0.0,0.0001,0.0,ok,,d65634e+closure,original,16.0,20,50,0.05,204,4096,204,199,201,1.0149253731343284,0.9900497512437811,multi,random,0.04211058095097542,-2.121241807937622,0.010536317713558674,0.018086158226933817,NA,NA,NA,NA,NA,NA,1.7929497957229614,1.3682774305343628,0.9980430400000001,0.9570563595754348,2.5075855255126953,186,9.311912214918396e-28,1.6688655173517787e+32,0.0,15.982024192810059,
InvertedDoublePendulum-v5,100,ridge,0.0001,0.0001,0.0001,1.0,ok,,d65634e+closure,original,16.0,20,50,0.05,204,4096,204,199,201,1.0149253731343284,0.9900497512437811,multi,random,0.16522224247455597,-2.0129456520080566,1.1269683837890625,0.010397611613790448,NA,NA,NA,NA,NA,NA,9.307076454162598,2.8626604080200195,0.9915369000000002,0.9802051931020519,0.9768457412719727,186,9.311912214918396e-28,1554032920.6084137,9.958913514731075e-08,15.982024192810059,
InvertedDoublePendulum-v5,100,ridge,0.001,0.001,0.0001,10.0,ok,,d65634e+closure,original,16.0,20,50,0.05,204,4096,204,199,201,1.0149253731343284,0.9900497512437811,multi,random,0.030968282371759415,-2.1644673347473145,0.0032586257439106703,0.00853701198340866,NA,NA,NA,NA,NA,NA,1.1317877769470215,2.045503616333008,0.99729621,0.902285526415562,0.4979276657104492,186,9.311912214918396e-28,155403292.96084136,9.958904588542818e-07,15.982024192810059,
InvertedDoublePendulum-v5,100,ridge,0.01,0.01,0.0001,100.0,ok,,d65634e+closure,original,16.0,20,50,0.05,204,4096,204,199,201,1.0149253731343284,0.9900497512437811,multi,random,0.03009132109582424,-2.1647653579711914,0.0031789361964911222,0.007523664450283092,NA,NA,NA,NA,NA,NA,1.1895109415054321,2.2496190071105957,0.9974047599999999,0.928462721846198,0.5571627616882324,186,9.311912214918396e-28,15540330.196084138,9.958815327540324e-06,15.982024192810059,
InvertedDoublePendulum-v5,100,ridge,0.1,0.1,0.0001,1000.0,ok,,d65634e+closure,original,16.0,20,50,0.05,204,4096,204,199,201,1.0149253731343284,0.9900497512437811,multi,random,0.029917560517787933,-2.157482147216797,0.0032605985179543495,0.007941876177064352,NA,NA,NA,NA,NA,NA,1.2453893423080444,2.2433202266693115,0.9975724599999999,0.9456765457084395,0.49329519271850586,186,9.311912214918396e-28,1554033.9196084137,9.957922805511931e-05,15.982024192810059,
InvertedDoublePendulum-v5,100,ridge,1.0,1.0,0.0001,10000.0,ok,,d65634e+closure,original,16.0,20,50,0.05,204,4096,204,199,201,1.0149253731343284,0.9900497512437811,multi,random,0.03127633035182953,-2.125516414642334,0.003547666361555457,0.01059433070401083,NA,NA,NA,NA,NA,NA,1.2959990501403809,2.1080105304718018,0.99765904,0.9564981494258511,0.5589733123779297,186,9.311912214918396e-28,155404.29196084136,0.000994900637613827,15.982024192810059,
InvertedDoublePendulum-v5,100,ridge,1e-05,1e-05,0.0001,0.1,ok,,d65634e+closure,original,16.0,20,50,0.05,204,4096,204,199,201,1.0149253731343284,0.9900497512437811,multi,random,0.3170085847377777,-1.849075198173523,1.5575602054595947,0.011106228383907195,NA,NA,NA,NA,NA,NA,15.239591598510742,3.759432077407837,0.995756805,0.930581622380608,0.5185604095458984,186,9.311912214918396e-28,15540329197.084135,9.958914407350783e-09,15.982024192810059,
InvertedDoublePendulum-v5,100,ridge,0.0003,0.0003,0.0001,2.9999999999999996,ok,,d65634e+closure,original,16.0,20,50,0.05,204,4096,204,199,201,1.0149253731343284,0.9900497512437811,multi,random,0.03168687969446182,-2.1626312732696533,0.0033895724918693304,0.009577751167045387,NA,NA,NA,NA,NA,NA,1.1259253025054932,1.8378314971923828,0.99732034,0.8821413352300598,0.5407490730285645,186,9.311912214918396e-28,518010974.2028046,2.98767345933969e-07,15.982024192810059,
InvertedDoublePendulum-v5,100,ridge,0.003,0.003,0.0001,30.0,ok,,d65634e+closure,original,16.0,20,50,0.05,204,4096,204,199,201,1.0149253731343284,0.9900497512437811,multi,random,0.030433759093284607,-2.1652047634124756,0.0031951619312167168,0.007868589419043942,NA,NA,NA,NA,NA,NA,1.1558020114898682,2.1517462730407715,0.9973252149999999,0.9168006772135076,0.554755449295044,186,9.311912214918396e-28,51801098.320280455,2.9876654257878622e-06,15.982024192810059,
InvertedPendulum-v5,100,ridge,0.0,0.0,0.0001,0.0,ok,,d65634e+closure,original,16.0,20,50,0.05,204,4096,204,199,201,1.0149253731343284,0.9900497512437811,multi,random,0.00907866656780243,-2.8040201663970947,0.0013331180671229959,0.008632093867574096,NA,NA,NA,NA,NA,NA,0.07189133018255234,-0.8125614523887634,0.9789997300000001,0.7922086583684631,2.598853826522827,200,1.428462541500592e-26,5.070602400912918e+30,0.0,15.945083618164062,
InvertedPendulum-v5,100,ridge,0.0001,0.0001,0.0001,1.0,ok,,d65634e+closure,original,16.0,20,50,0.05,204,4096,204,199,201,1.0149253731343284,0.9900497512437811,multi,random,0.008110796101391315,-3.104701042175293,0.0004303345049265772,0.008627862503404016,NA,NA,NA,NA,NA,NA,0.05650590732693672,-1.4464445114135742,0.9809709199999999,0.694446929010636,0.9916872978210449,200,1.428462541500592e-26,724316560.254707,1.338205232832434e-07,15.945083618164062,
InvertedPendulum-v5,100,ridge,0.001,0.001,0.0001,10.0,ok,,d65634e+closure,original,16.0,20,50,0.05,204,4096,204,199,201,1.0149253731343284,0.9900497512437811,multi,random,0.00815244484692812,-3.150374412536621,0.000377675867639482,0.008596639344834891,NA,NA,NA,NA,NA,NA,0.056222882121801376,-1.4334278106689453,0.9726306499999999,0.6832416293344661,0.54367995262146,200,1.428462541500592e-26,72431656.9254707,1.3382036211204547e-06,15.945083618164062,
InvertedPendulum-v5,100,ridge,0.01,0.01,0.0001,100.0,ok,,d65634e+closure,original,16.0,20,50,0.05,204,4096,204,199,201,1.0149253731343284,0.9900497512437811,multi,random,0.008247967809438705,-3.1568374633789062,0.00036506069591268897,0.008504343292570316,NA,NA,NA,NA,NA,NA,0.057278744876384735,-1.3457835912704468,0.9628647950000001,0.6800414001764541,0.5437679290771484,200,1.428462541500592e-26,7243166.592547069,1.3381875042141798e-05,15.945083618164062,
InvertedPendulum-v5,100,ridge,0.1,0.1,0.0001,1000.0,ok,,d65634e+closure,original,16.0,20,50,0.05,204,4096,204,199,201,1.0149253731343284,0.9900497512437811,multi,random,0.008485031314194202,-3.1258931159973145,0.0003801602288149297,0.008998028347651213,NA,NA,NA,NA,NA,NA,0.05890033394098282,-1.3060332536697388,0.9635269399999999,0.6976103902882896,0.540273904800415,200,1.428462541500592e-26,724317.559254707,0.00013380263565006273,15.945083618164062,
InvertedPendulum-v5,100,ridge,1.0,1.0,0.0001,10000.0,ok,,d65634e+closure,original,16.0,20,50,0.05,204,4096,204,199,201,1.0149253731343284,0.9900497512437811,multi,random,0.009013607166707516,-3.0276193618774414,0.0004551218880806118,0.011990808264878574,NA,NA,NA,NA,NA,NA,0.062416672706604004,-1.4066877365112305,0.9696856749999999,0.7422798500519328,0.547576904296875,200,1.428462541500592e-26,72432.6559254707,0.0013364170114345095,15.945083618164062,
InvertedPendulum-v5,100,ridge,1e-05,1e-05,0.0001,0.1,ok,,d65634e+closure,original,16.0,20,50,0.05,204,4096,204,199,201,1.0149253731343284,0.9900497512437811,multi,random,0.14369185268878937,-1.372186541557312,1.016791820526123,0.008631661999673093,NA,NA,NA,NA,NA,NA,1.2642549276351929,1.4939454793930054,0.8919661600000001,0.9784625547166256,0.5282835960388184,200,1.428462541500592e-26,7243165593.54707,1.3382053940038454e-08,15.945083618164062,
InvertedPendulum-v5,100,ridge,0.0003,0.0003,0.0001,2.9999999999999996,ok,,d65634e+closure,original,16.0,20,50,0.05,204,4096,204,199,201,1.0149253731343284,0.9900497512437811,multi,random,0.008128728717565536,-3.1328437328338623,0.000397434807382524,0.008619936831908832,NA,NA,NA,NA,NA,NA,0.05612434446811676,-1.4617159366607666,0.9773195299999999,0.6920945583772508,0.5443522930145264,200,1.428462541500592e-26,241438854.08490235,4.0146146240216416e-07,15.945083618164062,
InvertedPendulum-v5,100,ridge,0.003,0.003,0.0001,30.0,ok,,d65634e+closure,original,16.0,20,50,0.05,204,4096,204,199,201,1.0149253731343284,0.9900497512437811,multi,random,0.008185911923646927,-3.157463312149048,0.0003682906099129468,0.008553158951998843,NA,NA,NA,NA,NA,NA,0.05677243322134018,-1.393406629562378,0.96745063,0.6799810541478105,0.5492603778839111,200,1.428462541500592e-26,24143886.30849023,4.014600118656532e-06,15.945083618164062,
Pusher-v5,100,ridge,0.0,0.0,0.0001,0.0,ok,,d65634e+closure,original,8.0,20,50,0.1,409,4096,409,389,201,2.0348258706467663,1.935323383084577,multi,random,0.049656469374895096,-2.374084234237671,0.0046080718748271465,0.02566456827191746,NA,NA,NA,NA,NA,NA,0.9747344255447388,1.0066217184066772,0.99999339,0.8302805909247694,2.482417345046997,199,1.5900736043984696e-30,3.849684528204127e+34,0.0,8.016555786132812,
Pusher-v5,100,ridge,0.0001,0.0001,0.0001,1.0,ok,,d65634e+closure,original,8.0,20,50,0.1,409,4096,409,389,201,2.0348258706467663,1.935323383084577,multi,random,0.04938099905848503,-2.394680976867676,0.003976344596594572,0.02565684720516392,NA,NA,NA,NA,NA,NA,0.7999107837677002,0.6728918552398682,1.0,0.8491081452918181,0.9223620891571045,199,1.5900736043984696e-30,612128176.3558557,2.228327422401185e-07,8.016555786132812,
Pusher-v5,100,ridge,0.001,0.001,0.0001,10.0,ok,,d65634e+closure,original,8.0,20,50,0.1,409,4096,409,389,201,2.0348258706467663,1.935323383084577,multi,random,0.04921679571270943,-2.410132884979248,0.0036887209862470627,0.025645354506991392,NA,NA,NA,NA,NA,NA,0.7275312542915344,0.7802039384841919,0.99999963,0.8343335775193478,0.5306503772735596,199,1.5900736043984696e-30,61212818.535585575,2.2283229535113564e-06,8.016555786132812,
Pusher-v5,100,ridge,0.01,0.01,0.0001,100.0,ok,,d65634e+closure,original,8.0,20,50,0.1,409,4096,409,389,201,2.0348258706467663,1.935323383084577,multi,random,0.049092456698417664,-2.4290056228637695,0.003367982106283307,0.025601478721062294,NA,NA,NA,NA,NA,NA,0.6964005827903748,1.5678690671920776,0.99997687,0.8308298600997761,0.576554536819458,199,1.5900736043984696e-30,6121282.7535585575,2.228278265598902e-05,8.016555786132812,
Pusher-v5,100,ridge,0.1,0.1,0.0001,1000.0,ok,,d65634e+closure,original,8.0,20,50,0.1,409,4096,409,389,201,2.0348258706467663,1.935323383084577,multi,random,0.04920580983161926,-2.428009033203125,0.0032314457930624485,0.025404418800135834,NA,NA,NA,NA,NA,NA,0.6892539262771606,2.983642578125,0.99979979,0.8025637754293069,0.618882417678833,199,1.5900736043984696e-30,612129.1753558557,0.00022278314850359248,8.016555786132812,
Pusher-v5,100,ridge,1.0,1.0,0.0001,10000.0,ok,,d65634e+closure,original,8.0,20,50,0.1,409,4096,409,389,201,2.0348258706467663,1.935323383084577,multi,random,0.05000077560544014,-2.3806092739105225,0.0034692278131842613,0.026436068296576513,NA,NA,NA,NA,NA,NA,0.6929551959037781,3.5438859462738037,0.99972578,0.7841391562791536,0.5064866542816162,199,1.5900736043984696e-30,61213.81753558558,0.0022233735136708488,8.016555786132812,
Pusher-v5,100,ridge,1e-05,1e-05,0.0001,0.1,ok,,d65634e+closure,original,8.0,20,50,0.1,409,4096,409,389,201,2.0348258706467663,1.935323383084577,multi,random,0.0495857335627079,-2.379037618637085,0.004389879759401083,0.025663288356324844,NA,NA,NA,NA,NA,NA,0.9536194205284119,0.948082447052002,0.9999994099999999,0.8706613299152252,0.5643866062164307,199,1.5900736043984696e-30,6121281754.5585575,2.228327869291154e-08,8.016555786132812,
Pusher-v5,100,ridge,0.0003,0.0003,0.0001,2.9999999999999996,ok,,d65634e+closure,original,8.0,20,50,0.1,409,4096,409,389,201,2.0348258706467663,1.935323383084577,multi,random,0.049302343279123306,-2.4014811515808105,0.0038426637183874846,0.02565177330188197,NA,NA,NA,NA,NA,NA,0.7581633925437927,0.665194034576416,0.99999998,0.8381313685934287,0.5675797462463379,199,1.5900736043984696e-30,204042726.1186186,6.684979287939021e-07,8.016555786132812,
Pusher-v5,100,ridge,0.003,0.003,0.0001,30.0,ok,,d65634e+closure,original,8.0,20,50,0.1,409,4096,409,389,201,2.0348258706467663,1.935323383084577,multi,random,0.04914424568414688,-2.419496536254883,0.003531794995069504,0.025634061676612894,NA,NA,NA,NA,NA,NA,0.7086367607116699,1.0373133420944214,0.9999967500000001,0.8347749154117837,0.6099064350128174,199,1.5900736043984696e-30,20404273.511861857,6.684939068127733e-06,8.016555786132812,
Reacher-v5,100,ridge,0.0,0.0,0.0001,0.0,ok,,d65634e+closure,original,8.0,20,50,0.05,204,4096,204,199,201,1.0149253731343284,0.9900497512437811,multi,random,0.09926829487085342,-1.023857593536377,0.1896379292011261,0.029940153716626783,NA,NA,NA,NA,NA,NA,1.3204489946365356,1.0557894706726074,0.98241394,0.888733402375334,2.444821357727051,201,0.39137755108172334,486019.390794433,0.0,7.991541385650635,
Reacher-v5,100,ridge,0.0001,0.0001,0.0001,1.0,ok,,d65634e+closure,original,8.0,20,50,0.05,204,4096,204,199,201,1.0149253731343284,0.9900497512437811,multi,random,0.07105112820863724,-1.8039418458938599,0.02289687655866146,0.02994001125871565,NA,NA,NA,NA,NA,NA,0.6667869091033936,0.12831644713878632,0.99384471,0.9054353447010698,0.976548433303833,201,0.39137755108172334,485895.24104703334,4.501317490800672e-08,7.991541385650635,
Reacher-v5,100,ridge,0.001,0.001,0.0001,10.0,ok,,d65634e+closure,original,8.0,20,50,0.05,204,4096,204,199,201,1.0149253731343284,0.9900497512437811,multi,random,0.06761567294597626,-2.160252809524536,0.009973093867301941,0.02993873388782517,NA,NA,NA,NA,NA,NA,0.6021580696105957,0.023215802386403084,0.9933064199999999,0.8943952911806857,0.550234317779541,201,0.39137755108172334,484780.74095461785,4.5013156672340874e-07,7.991541385650635,
Reacher-v5,100,ridge,0.01,0.01,0.0001,100.0,ok,,d65634e+closure,original,8.0,20,50,0.05,204,4096,204,199,201,1.0149253731343284,0.9900497512437811,multi,random,0.06666383147239685,-2.3914425373077393,0.005525214597582817,0.029926421133011995,NA,NA,NA,NA,NA,NA,0.5687727332115173,0.33878621459007263,0.9916489599999999,0.8962381521457591,0.5173654556274414,201,0.39137755108172334,473910.6321086371,4.501297431649501e-06,7.991541385650635,
Reacher-v5,100,ridge,0.1,0.1,0.0001,1000.0,ok,,d65634e+closure,original,8.0,20,50,0.05,204,4096,204,199,201,1.0149253731343284,0.9900497512437811,multi,random,0.06661909818649292,-2.4826884269714355,0.004136916249990463,0.029841741305043523,NA,NA,NA,NA,NA,NA,0.5498557686805725,0.9534212350845337,0.9897925,0.889302420027692,0.5696010589599609,201,0.39137755108172334,387110.0308278437,4.501115083929599e-05,7.991541385650635,
Reacher-v5,100,ridge,1.0,1.0,0.0001,10000.0,ok,,d65634e+closure,original,8.0,20,50,0.05,204,4096,204,199,201,1.0149253731343284,0.9900497512437811,multi,random,0.06727822124958038,-2.457395553588867,0.00422697514295578,0.03030917518944674,NA,NA,NA,NA,NA,NA,0.5471542477607727,1.1917564868927002,0.9886153100000001,0.870610310990715,0.5473673343658447,201,0.39137755108172334,136712.051160716,0.00044992924189619384,7.991541385650635,
Reacher-v5,100,ridge,1e-05,1e-05,0.0001,0.1,ok,,d65634e+closure,original,8.0,20,50,0.05,204,4096,204,199,201,1.0149253731343284,0.9900497512437811,multi,random,0.13299141824245453,-0.2547721564769745,0.6281752586364746,0.02994013946607587,NA,NA,NA,NA,NA,NA,1.0953583717346191,1.5813324451446533,0.9766405300000001,0.7989691665372792,0.5672852993011475,201,0.39137755108172334,486006.97296485584,4.501317673157411e-09,7.991541385650635,
Reacher-v5,100,ridge,0.0003,0.0003,0.0001,2.9999999999999996,ok,,d65634e+closure,original,8.0,20,50,0.05,204,4096,204,199,201,1.0149253731343284,0.9900497512437811,multi,random,0.06898119300603867,-1.9875010251998901,0.015042895451188087,0.029939726660029718,NA,NA,NA,NA,NA,NA,0.6313868165016174,0.036946944892406464,0.993722725,0.9020943127643557,0.5035028457641602,201,0.39137755108172334,485647.1317337959,1.3503951256690573e-07,7.991541385650635,
Reacher-v5,100,ridge,0.003,0.003,0.0001,30.0,ok,,d65634e+closure,original,8.0,20,50,0.05,204,4096,204,199,201,1.0149253731343284,0.9900497512437811,multi,random,0.06699352711439133,-2.288092851638794,0.007275395095348358,0.02993592571401181,NA,NA,NA,NA,NA,NA,0.583916187286377,0.11223451048135757,0.992607,0.8936978394809784,0.599890947341919,201,0.39137755108172334,482322.285905009,1.3503934844607566e-06,7.991541385650635,
Swimmer-v5,100,ridge,0.0,0.0,0.0001,0.0,ok,,d65634e+closure,original,8.0,20,50,0.05,204,4096,204,199,201,1.0149253731343284,0.9900497512437811,multi,random,0.033891770988702774,-2.0224804878234863,0.01100251730531454,0.01830612352890277,NA,NA,NA,NA,NA,NA,0.5090013146400452,1.0563331842422485,0.9987332999999999,0.5285270585200273,2.5764732360839844,201,0.05817008349752577,8159194.704137402,0.0,7.991012096405029,
Swimmer-v5,100,ridge,0.0001,0.0001,0.0001,1.0,ok,,d65634e+closure,original,8.0,20,50,0.05,204,4096,204,199,201,1.0149253731343284,0.9900497512437811,multi,random,0.24880969524383545,-1.4274330139160156,2.9296979904174805,0.01830524240525381,NA,NA,NA,NA,NA,NA,3.277681589126587,2.1286892890930176,0.97751724,0.9784915936938514,1.007213830947876,201,0.05817008349752577,8145192.332398078,1.769898345735351e-08,7.991012096405029,
Swimmer-v5,100,ridge,0.001,0.001,0.0001,10.0,ok,,d65634e+closure,original,8.0,20,50,0.05,204,4096,204,199,201,1.0149253731343284,0.9900497512437811,multi,random,0.029812701046466827,-2.2625112533569336,0.0018667670665308833,0.01829748583158724,NA,NA,NA,NA,NA,NA,0.5053986310958862,0.6398037672042847,0.9994062300000001,0.6238380064577376,0.5323407649993896,201,0.05817008349752577,8021300.801985336,1.769898063806782e-07,7.991012096405029,
Swimmer-v5,100,ridge,0.01,0.01,0.0001,100.0,ok,,d65634e+closure,original,8.0,20,50,0.05,204,4096,204,199,201,1.0149253731343284,0.9900497512437811,multi,random,0.029053613543510437,-2.2911853790283203,0.0012843674048781395,0.018234856667500115,NA,NA,NA,NA,NA,NA,0.5007818937301636,1.04207181930542,0.99960554,0.5787075731757564,0.5252113342285156,201,0.05817008349752577,6962306.966067734,1.769895244526032e-06,7.991012096405029,
Swimmer-v5,100,ridge,0.1,0.1,0.0001,1000.0,ok,,d65634e+closure,original,8.0,20,50,0.05,204,4096,204,199,201,1.0149253731343284,0.9900497512437811,multi,random,0.028780989348888397,-2.2929861545562744,0.0011482499539852142,0.018211087206637087,NA,NA,NA,NA,NA,NA,0.4927801489830017,1.6113593578338623,0.99964695,0.5034145966816972,0.5865263938903809,201,0.05817008349752577,3000701.060005871,1.7698670522125202e-05,7.991012096405029,
Swimmer-v5,100,ridge,1.0,1.0,0.0001,10000.0,ok,,d65634e+closure,original,8.0,20,50,0.05,204,4096,204,199,201,1.0149253731343284,0.9900497512437811,multi,random,0.02942381612956524,-2.2602758407592773,0.0013005381915718317,0.02089630098288908,NA,NA,NA,NA,NA,NA,0.4848422706127167,1.9822814464569092,0.9997024499999999,0.48566737694050177,0.5532505512237549,201,0.05817008349752577,448530.95415766636,0.0001769585178467209,7.991012096405029,
Swimmer-v5,100,ridge,1e-05,1e-05,0.0001,0.1,ok,,d65634e+closure,original,8.0,20,50,0.05,204,4096,204,199,201,1.0149253731343284,0.9900497512437811,multi,random,1.1786737442016602,1.087621808052063,56.95779800415039,0.018306035240405187,NA,NA,NA,NA,NA,NA,13.394830703735352,4.766275882720947,0.99531077,0.9190554732733119,0.5616521835327148,201,0.05817008349752577,8157792.30090701,1.7698983739282127e-09,7.991012096405029,
Swimmer-v5,100,ridge,0.0003,0.0003,0.0001,2.9999999999999996,ok,,d65634e+closure,original,8.0,20,50,0.05,204,4096,204,199,201,1.0149253731343284,0.9900497512437811,multi,random,0.030294161289930344,-2.2274019718170166,0.0025450161192566156,0.018303491848933685,NA,NA,NA,NA,NA,NA,0.4990515112876892,0.5583542585372925,0.999286865,0.6119705097887206,0.6048264503479004,201,0.05817008349752577,8117331.276469391,5.309694849253649e-08,7.991012096405029,
Swimmer-v5,100,ridge,0.003,0.003,0.0001,30.0,ok,,d65634e+closure,original,8.0,20,50,0.05,204,4096,204,199,201,1.0149253731343284,0.9900497512437811,multi,random,0.029417116194963455,-2.2804853916168213,0.001507829874753952,0.018281318982617013,NA,NA,NA,NA,NA,NA,0.5044577717781067,0.7958095669746399,0.9995356900000001,0.6102666593539898,0.5340631008148193,201,0.05817008349752577,7759038.619449332,5.309692311897516e-07,7.991012096405029,
Walker2d-v5,100,ridge,0.0,0.0,0.01,0.0,ok,,d65634e+closure,original,16.0,20,50,0.3,1228,4096,1228,1061,201,6.109452736318408,5.278606965174129,multi,random,0.583668053150177,-0.8563365936279297,0.34559038281440735,0.12570855993895977,NA,NA,NA,NA,NA,NA,2.876474618911743,1.8284331560134888,0.9988928400000001,0.426576707896886,6.676546096801758,201,3.822293380839778,805966.5755612632,0.0,16.02507209777832,
Walker2d-v5,100,ridge,0.0001,0.0001,0.01,0.01,ok,,d65634e+closure,original,16.0,20,50,0.3,1228,4096,1228,1061,201,6.109452736318408,5.278606965174129,multi,random,0.5836100578308105,-0.8522915244102478,0.35269927978515625,0.12570854376631724,NA,NA,NA,NA,NA,NA,3.0483603477478027,1.7834794521331787,0.99916358,0.5464689576199684,0.9839057922363281,201,3.822293380839778,805945.4901968001,3.0944493892011795e-09,16.02507209777832,
Walker2d-v5,100,ridge,0.001,0.001,0.01,0.1,ok,,d65634e+closure,original,16.0,20,50,0.3,1228,4096,1228,1061,201,6.109452736318408,5.278606965174129,multi,random,0.5833980441093445,-0.8576236963272095,0.341952383518219,0.1257083983096081,NA,NA,NA,NA,NA,NA,2.9228439331054688,1.811873197555542,0.99912094,0.48548799228833645,0.5636043548583984,201,3.822293380839778,805755.771551401,3.0944493030206284e-08,16.02507209777832,
Walker2d-v5,100,ridge,0.01,0.01,0.01,1.0,ok,,d65634e+closure,original,16.0,20,50,0.3,1228,4096,1228,1061,201,6.109452736318408,5.278606965174129,multi,random,0.5834232568740845,-0.8615139126777649,0.3344045877456665,0.12570695332235493,NA,NA,NA,NA,NA,NA,2.8630192279815674,2.0863561630249023,0.99888292,0.43968708455346617,0.569624662399292,201,3.822293380839778,803863.4861172483,3.094448441215384e-07,16.02507209777832,
Walker2d-v5,100,ridge,0.1,0.1,0.01,10.0,ok,,d65634e+closure,original,16.0,20,50,0.3,1228,4096,1228,1061,201,6.109452736318408,5.278606965174129,multi,random,0.5837206840515137,-0.8636590242385864,0.3291337192058563,0.12569343202985114,NA,NA,NA,NA,NA,NA,2.851316213607788,2.3916049003601074,0.9985350999999999,0.43566156104253656,0.5102481842041016,201,3.822293380839778,785418.250963762,3.0944398231893454e-06,16.02507209777832,
Walker2d-v5,100,ridge,1.0,1.0,0.01,100.0,ok,,d65634e+closure,original,16.0,20,50,0.3,1228,4096,1228,1061,201,6.109452736318408,5.278606965174129,multi,random,0.5855136513710022,-0.8616806864738464,0.32199594378471375,0.12562929114622107,NA,NA,NA,NA,NA,NA,2.8376965522766113,2.808117389678955,0.9966617799999999,0.4233467648005477,0.528296947479248,201,3.822293380839778,638833.3234112441,3.0943536455690144e-05,16.02507209777832,
Walker2d-v5,100,ridge,1e-05,1e-05,0.01,0.001,ok,,d65634e+closure,original,16.0,20,50,0.3,1228,4096,1228,1061,201,6.109452736318408,5.278606965174129,multi,random,0.5850360989570618,-0.8463611006736755,0.39184319972991943,0.1257085583215984,NA,NA,NA,NA,NA,NA,3.171398878097534,1.8542406558990479,0.9985858900000001,0.5760386364595708,0.5209567546844482,201,3.822293380839778,805964.4669751694,3.094449397819234e-10,16.02507209777832,
Walker2d-v5,100,ridge,0.0003,0.0003,0.01,0.029999999999999995,ok,,d65634e+closure,original,16.0,20,50,0.3,1228,4096,1228,1061,201,6.109452736318408,5.278606965174129,multi,random,0.5834414958953857,-0.8548613786697388,0.34680235385894775,0.1257085114275052,NA,NA,NA,NA,NA,NA,2.9800548553466797,1.7686114311218262,0.99921397,0.5216355916226155,0.5533401966094971,201,3.822293380839778,805903.3227774645,9.283348110149833e-09,16.02507209777832,
Walker2d-v5,100,ridge,0.003,0.003,0.01,0.3,ok,,d65634e+closure,original,16.0,20,50,0.3,1228,4096,1228,1061,201,6.109452736318408,5.278606965174129,multi,random,0.5833927392959595,-0.8597571849822998,0.337936669588089,0.12570807569746628,NA,NA,NA,NA,NA,NA,2.8849446773529053,1.9296404123306274,0.9989863099999999,0.45509400185176635,0.4976077079772949,201,3.822293380839778,805334.4941792719,9.28334733452493e-08,16.02507209777832,
Ant-v5,200,ridge,0.0,0.0,0.0001,0.0,ok,,d65634e+closure,original,8.0,20,50,0.1,409,4096,409,389,201,2.0348258706467663,1.935323383084577,multi,random,1.0972999334335327,-0.5921863317489624,9.674346923828125,0.08153309147278723,1.6571787595748901,0.2879522442817688,0.8779598,2.758462905883789,0.6238266825675964,0.90851328,11.77275276184082,2.619180917739868,0.99790057,0.9334321433763229,2.2266552448272705,201,0.0016718725093505388,13703721.4667558,0.0,7.991945743560791,
Ant-v5,200,ridge,0.0001,0.0001,0.0001,1.0,ok,,d65634e+closure,original,8.0,20,50,0.1,409,4096,409,389,201,2.0348258706467663,1.935323383084577,multi,random,0.9498223066329956,-0.683545708656311,0.5465714335441589,0.07807503665517182,1.044872760772705,-0.2398294359445572,0.8548594600000001,1.0754170417785645,-0.11225947737693787,0.903802215,2.2637133598327637,1.0592156648635864,0.99885602,0.799625134611049,0.9692769050598145,201,0.0016718725093505388,12930318.166324284,3.7663899301757145e-07,7.991945743560791,
Ant-v5,200,ridge,0.001,0.001,0.0001,10.0,ok,,d65634e+closure,original,8.0,20,50,0.1,409,4096,409,389,201,2.0348258706467663,1.935323383084577,multi,random,0.9461963772773743,-0.6946638226509094,0.4262200891971588,0.05933191761471152,1.0350825786590576,-0.2900007963180542,0.79236223,0.9980278015136719,-0.15757644176483154,0.863754815,1.5017974376678467,0.9217041730880737,0.99822982,0.38128933700546885,0.5305962562561035,201,0.0016718725093505388,8574838.850239487,3.766377163095196e-06,7.991945743560791,
Ant-v5,200,ridge,0.01,0.01,0.0001,100.0,ok,,d65634e+closure,original,8.0,20,50,0.1,409,4096,409,389,201,2.0348258706467663,1.935323383084577,multi,random,0.9452244639396667,-0.6956321001052856,0.40866819024086,0.036430609239938114,1.0315766334533691,-0.2887921631336212,0.6905428,0.9819987416267395,-0.16884911060333252,0.7173994300000001,1.356900691986084,0.9727330803871155,0.95953375,0.19486754253218302,0.5355262756347656,201,0.0016718725093505388,1962914.2776972211,3.7662494970503304e-05,7.991945743560791,
Ant-v5,200,ridge,0.1,0.1,0.0001,1000.0,ok,,d65634e+closure,original,8.0,20,50,0.1,409,4096,409,389,201,2.0348258706467663,1.935323383084577,multi,random,0.9442723989486694,-0.6951908469200134,0.40492144227027893,0.03108849972207608,1.0245656967163086,-0.2856897711753845,0.6028166699999999,0.9735623598098755,-0.16863274574279785,0.551689345,1.3305226564407349,0.9624870419502258,0.630126295,0.1406151129886822,0.5616559982299805,201,0.0016718725093505388,225342.3157320014,0.0003764973312454331,7.991945743560791,
Ant-v5,200,ridge,1.0,1.0,0.0001,10000.0,ok,,d65634e+closure,original,8.0,20,50,0.1,409,4096,409,389,201,2.0348258706467663,1.935323383084577,multi,random,0.9427850842475891,-0.6947742104530334,0.40484338998794556,0.030142503816928585,1.0162229537963867,-0.2876971662044525,0.5699406,0.9672573804855347,-0.16233351826667786,0.508723175,1.3326950073242188,1.0339452028274536,0.49187876,0.14123102935127613,0.5580570697784424,201,0.0016718725093505388,22873.633397200127,0.003752258873386582,7.991945743560791,
Ant-v5,200,ridge,1e-05,1e-05,0.0001,0.1,ok,,d65634e+closure,original,8.0,20,50,0.1,409,4096,409,389,201,2.0348258706467663,1.935323383084577,multi,random,0.9762588739395142,-0.6383540630340576,2.2178151607513428,0.08116746610218434,1.1424028873443604,0.010101119987666607,0.8749161550000001,1.5305635929107666,0.2633012533187866,0.9116138199999999,5.410374164581299,1.9217193126678467,0.9983404899999999,0.9060213649790859,0.53415846824646,201,0.0016718725093505388,13622242.517604966,3.7663912068885256e-08,7.991945743560791,
Ant-v5,200,ridge,0.0003,0.0003,0.0001,2.9999999999999996,ok,,d65634e+closure,original,8.0,20,50,0.1,409,4096,409,389,201,2.0348258706467663,1.935323383084577,multi,random,0.947348415851593,-0.69102942943573,0.4625904858112335,0.0722832601314716,1.0380595922470093,-0.27661994099617004,0.8318300000000001,1.0229215621948242,-0.15339837968349457,0.8922435900000001,1.7589471340179443,0.905105471611023,0.9986856199999999,0.6183549558109698,0.5672473907470703,201,0.0016718725093505388,11618842.185498014,1.1299161279117688e-06,7.991945743560791,
Ant-v5,200,ridge,0.003,0.003,0.0001,30.0,ok,,d65634e+closure,original,8.0,20,50,0.1,409,4096,409,389,201,2.0348258706467663,1.935323383084577,multi,random,0.9457246661186218,-0.6956341862678528,0.41396501660346985,0.045343292056714515,1.033894658088684,-0.2910187840461731,0.745835775,0.988624632358551,-0.16302208602428436,0.81237208,1.4049642086029053,0.9782471656799316,0.9963717900000001,0.26291386531708233,0.5522878170013428,201,0.0016718725093505388,4904003.298508423,1.1299046376345115e-05,7.991945743560791,
HalfCheetah-v5,200,ridge,0.0,0.0,0.0001,0.0,ok,,d65634e+closure,original,32.0,20,50,0.3,1228,4096,1228,1061,201,6.109452736318408,5.278606965174129,multi,random,1.2439037561416626,-0.28028565645217896,1.7522430419921875,0.23177655718606882,3.3212857246398926,2.319502115249634,0.8846991800000001,4.557738304138184,1.562159538269043,0.98939774,3.751131534576416,1.610674262046814,0.99616305,0.09264026163979222,3.461750030517578,201,11.345460728371094,5254555.748664285,0.0,31.946741104125977,
HalfCheetah-v5,200,ridge,0.0001,0.0001,0.0001,1.0,ok,,d65634e+closure,original,32.0,20,50,0.3,1228,4096,1228,1061,201,6.109452736318408,5.278606965174129,multi,random,1.2492742538452148,-0.27063852548599243,2.1845383644104004,0.23177652045668234,3.615652561187744,1.6060914993286133,0.885561555,4.612078666687012,1.6523003578186035,0.9876771000000001,3.9789316654205322,1.8597440719604492,0.9944157800000001,0.25611951878103695,1.0008385181427002,201,11.345460728371094,5254509.434913255,1.6751936619913878e-10,31.946741104125977,
HalfCheetah-v5,200,ridge,0.001,0.001,0.0001,10.0,ok,,d65634e+closure,original,32.0,20,50,0.3,1228,4096,1228,1061,201,6.109452736318408,5.278606965174129,multi,random,1.246434211730957,-0.2755230665206909,1.903306245803833,0.23177618992059346,3.5131120681762695,1.6996033191680908,0.88536302,4.5952959060668945,1.6150709390640259,0.98904181,3.858783006668091,1.7348673343658447,0.99566654,0.16761204988214318,0.6081056594848633,201,11.345460728371094,5254092.647890003,1.6751936594657413e-09,31.946741104125977,
HalfCheetah-v5,200,ridge,0.01,0.01,0.0001,100.0,ok,,d65634e+closure,original,32.0,20,50,0.3,1228,4096,1228,1061,201,6.109452736318408,5.278606965174129,multi,random,1.2439464330673218,-0.2809584438800812,1.7424805164337158,0.23177288736747598,3.369252920150757,2.337115526199341,0.884307615,4.566749572753906,1.5579618215560913,0.9891700600000002,3.760073184967041,1.6073275804519653,0.99620709,0.09658883079733713,0.6289918422698975,201,11.345460728371094,5249928.411320291,1.6751936342092777e-08,31.946741104125977,
HalfCheetah-v5,200,ridge,0.1,0.1,0.0001,1000.0,ok,,d65634e+closure,original,32.0,20,50,0.3,1228,4096,1228,1061,201,6.109452736318408,5.278606965174129,multi,random,1.2422782182693481,-0.28467416763305664,1.6600091457366943,0.23174013989591952,3.331997871398926,4.2307891845703125,0.8820431999999999,4.554898262023926,1.5318450927734375,0.9884581449999998,3.7028369903564453,1.5442533493041992,0.99582828,0.08031802128614401,0.6137363910675049,201,11.345460728371094,5208646.240315362,1.6751933816446814e-07,31.946741104125977,
HalfCheetah-v5,200,ridge,1.0,1.0,0.0001,10000.0,ok,,d65634e+closure,original,32.0,20,50,0.3,1228,4096,1228,1061,201,6.109452736318408,5.278606965174129,multi,random,1.24250328540802,-0.28571727871894836,1.590105652809143,0.23143802893982515,3.364811420440674,7.476383209228516,0.876921825,4.561346054077148,1.550608515739441,0.9870659350000001,3.6712348461151123,1.5368520021438599,0.99470647,0.08534524056898862,0.5417826175689697,201,11.345460728371094,4828929.2885202095,1.675190856002909e-06,31.946741104125977,
HalfCheetah-v5,200,ridge,1e-05,1e-05,0.0001,0.1,ok,,d65634e+closure,original,32.0,20,50,0.3,1228,4096,1228,1061,201,6.109452736318408,5.278606965174129,multi,random,1.2559672594070435,-0.26496729254722595,3.091766119003296,0.23177655351310172,4.226699352264404,1.5935956239700317,0.8856016050000001,4.669597625732422,1.7057702541351318,0.985683575,4.36052942276001,2.061227560043335,0.9929209099999999,0.4535634568717166,0.6008834838867188,201,11.345460728371094,5254551.117252443,1.675193662243952e-11,31.946741104125977,
HalfCheetah-v5,200,ridge,0.0003,0.0003,0.0001,2.9999999999999996,ok,,d65634e+closure,original,32.0,20,50,0.3,1228,4096,1228,1061,201,6.109452736318408,5.278606965174129,multi,random,1.2479561567306519,-0.27277353405952454,2.039754629135132,0.2317764469998022,3.5781936645507812,1.637154221534729,0.8855535149999999,4.605927467346191,1.6371099948883057,0.9883129300000001,3.9176275730133057,1.801270842552185,0.9950298200000001,0.2136953381407231,0.6151368618011475,201,11.345460728371094,5254416.809860415,5.025580984290399e-10,31.946741104125977,
HalfCheetah-v5,200,ridge,0.003,0.003,0.0001,30.0,ok,,d65634e+closure,original,32.0,20,50,0.3,1228,4096,1228,1061,201,6.109452736318408,5.278606965174129,multi,random,1.2451297044754028,-0.27825942635536194,1.8090206384658813,0.2317754555788498,3.4383704662323,1.8814243078231812,0.88495336,4.582070350646973,1.5880582332611084,0.9893443749999999,3.8072686195373535,1.6708375215530396,0.9960606399999999,0.12735970803988952,0.5219898223876953,201,11.345460728371094,5253166.691185627,5.0255809615595805e-09,31.946741104125977,
Hopper-v5,200,ridge,0.0,0.0,0.0001,0.0,ok,,d65634e+closure,original,32.0,20,50,0.3,1228,4096,1228,1061,201,6.109452736318408,5.278606965174129,multi,random,0.20031234622001648,-1.5076416730880737,0.03737396374344826,0.06346252964179361,0.32230544090270996,0.1377355009317398,0.8912033200000001,0.38570037484169006,0.4374183118343353,0.9494808950000002,0.4539988934993744,0.3115975856781006,0.97709714,0.5978023613911972,6.338460445404053,200,1.3170775106228068e-29,5.4549999266780695e+35,0.0,32.12129211425781,
Hopper-v5,200,ridge,0.0001,0.0001,0.0001,1.0,ok,,d65634e+closure,original,32.0,20,50,0.3,1228,4096,1228,1061,201,6.109452736318408,5.278606965174129,multi,random,0.20040898025035858,-1.5031683444976807,0.03965912014245987,0.06346296856240438,0.32408079504966736,0.13588862121105194,0.891728195,0.4162035286426544,0.44808992743492126,0.9519401699999999,0.46472635865211487,0.35635459423065186,0.98654038,0.6601721955016635,0.9332082271575928,200,1.3170775106228068e-29,71846577239.76746,1.2822023087003823e-09,32.12129211425781,
Hopper-v5,200,ridge,0.001,0.001,0.0001,10.0,ok,,d65634e+closure,original,32.0,20,50,0.3,1228,4096,1228,1061,201,6.109452736318408,5.278606965174129,multi,random,0.20030084252357483,-1.5072749853134155,0.03766103461384773,0.06346671328020494,0.32269516587257385,0.13509821891784668,0.8919111200000001,0.39198750257492065,0.42975926399230957,0.9507239099999999,0.4574733376502991,0.30250033736228943,0.98262112,0.6308084837894393,0.5417149066925049,200,1.3170775106228068e-29,7184657724.876745,1.2822022939039976e-08,32.12129211425781,
Hopper-v5,200,ridge,0.01,0.01,0.0001,100.0,ok,,d65634e+closure,original,32.0,20,50,0.3,1228,4096,1228,1061,201,6.109452736318408,5.278606965174129,multi,random,0.20034584403038025,-1.5093973875045776,0.036746855825185776,0.06349001703540119,0.3223164975643158,0.14183323085308075,0.89097038,0.38638612627983093,0.4517624080181122,0.9482796900000001,0.4536106586456299,0.3262377083301544,0.9755663049999999,0.6001272701208735,0.48435401916503906,200,1.3170775106228068e-29,718465773.3876745,1.2822021459401698e-07,32.12129211425781,
Hopper-v5,200,ridge,0.1,0.1,0.0001,1000.0,ok,,d65634e+closure,original,32.0,20,50,0.3,1228,4096,1228,1061,201,6.109452736318408,5.278606965174129,multi,random,0.2005128264427185,-1.511200189590454,0.03542286902666092,0.06351351415397401,0.32287997007369995,0.15085949003696442,0.8897709950000001,0.3835684359073639,0.48073166608810425,0.9450985950000002,0.45030760765075684,0.38503146171569824,0.96923158,0.6001314575701169,0.5712144374847412,200,1.3170775106228068e-29,71846578.23876745,1.2822006663037687e-06,32.12129211425781,
Hopper-v5,200,ridge,1.0,1.0,0.0001,10000.0,ok,,d65634e+closure,original,32.0,20,50,0.3,1228,4096,1228,1061,201,6.109452736318408,5.278606965174129,multi,random,0.20178933441638947,-1.5048835277557373,0.033364299684762955,0.06362367752445329,0.3241001069545746,0.1550731360912323,0.8843748149999999,0.38097724318504333,0.5041833519935608,0.9390532500000001,0.440759539604187,0.39976274967193604,0.9625896749999999,0.623981955076667,0.59377121925354,200,1.3170775106228068e-29,7184658.723876745,1.2821858701275755e-05,32.12129211425781,
Hopper-v5,200,ridge,1e-05,1e-05,0.0001,0.1,ok,,d65634e+closure,original,32.0,20,50,0.3,1228,4096,1228,1061,201,6.109452736318408,5.278606965174129,multi,random,0.20083297789096832,-1.4975697994232178,0.045396242290735245,0.06346257374586628,0.32621121406555176,0.14867010712623596,0.8913533349999999,0.4572075307369232,0.4989326596260071,0.95042009,0.4841192960739136,0.4615876376628876,0.9879192,0.5860077172755932,0.5867278575897217,200,1.3170775106228068e-29,718465772388.6744,1.282202310180021e-10,32.12129211425781,
Hopper-v5,200,ridge,0.0003,0.0003,0.0001,2.9999999999999996,ok,,d65634e+closure,original,32.0,20,50,0.3,1228,4096,1228,1061,201,6.109452736318408,5.278606965174129,multi,random,0.20033559203147888,-1.5054490566253662,0.03845524415373802,0.06346383239048006,0.3233320713043213,0.1336648017168045,0.89222299,0.40045204758644104,0.4269483685493469,0.9518698649999999,0.4607747495174408,0.3265678882598877,0.98529323,0.6573170839410025,0.5003452301025391,200,1.3170775106228068e-29,23948859080.589153,3.8466069162368904e-09,32.12129211425781,
Hopper-v5,200,ridge,0.003,0.003,0.0001,30.0,ok,,d65634e+closure,original,32.0,20,50,0.3,1228,4096,1228,1061,201,6.109452736318408,5.278606965174129,multi,random,0.20031237602233887,-1.508359670639038,0.03719177097082138,0.06347384513016893,0.32241323590278625,0.13824033737182617,0.89132397,0.3885941505432129,0.4414483904838562,0.9495150299999999,0.45485198497772217,0.2994650900363922,0.9792469400000001,0.6102688032121805,0.541388750076294,200,1.3170775106228068e-29,2394885908.9589148,3.8466067830694324e-08,32.12129211425781,
Humanoid-v5,200,ridge,0.0,0.0,0.01,0.0,ok,,d65634e+closure,original,32.0,20,50,0.3,1228,4096,1228,1061,201,6.109452736318408,5.278606965174129,multi,random,212.23251342773438,12.423399925231934,408.736083984375,1.7591904703848038,153.33641052246094,9.87500286102295,0.579702335,141.392578125,8.781761169433594,0.6551594299999999,110.91372680664062,6.476956844329834,0.27411663999999997,0.8998947237664456,3.653702735900879,201,23.64930742679059,138888535.30818102,0.0,32.00910186767578,
Humanoid-v5,200,ridge,0.0001,0.0001,0.01,0.01,ok,,d65634e+closure,original,32.0,20,50,0.3,1228,4096,1228,1061,201,6.109452736318408,5.278606965174129,multi,random,212.15711975097656,12.384201049804688,437.2879943847656,1.7591904762617507,153.21473693847656,9.777207374572754,0.5902270000000001,141.64227294921875,8.619294166564941,0.6823325549999999,111.59298706054688,6.352624893188477,0.347926555,0.8248744878640671,1.0419418811798096,201,23.64930742679059,138887948.0269363,3.708368653164054e-12,32.00910186767578,
Humanoid-v5,200,ridge,0.001,0.001,0.01,0.1,ok,,d65634e+closure,original,32.0,20,50,0.3,1228,4096,1228,1061,201,6.109452736318408,5.278606965174129,multi,random,212.1578369140625,12.38597583770752,432.01605224609375,1.7591905291613277,153.21292114257812,9.780464172363281,0.58969028,141.62733459472656,8.620414733886719,0.680477385,111.55593872070312,6.357442855834961,0.34171374499999996,0.8343496259935207,0.5824954509735107,201,23.64930742679059,138882662.71922046,3.708368653040287e-11,32.00910186767578,
Humanoid-v5,200,ridge,0.01,0.01,0.01,1.0,ok,,d65634e+closure,original,32.0,20,50,0.3,1228,4096,1228,1061,201,6.109452736318408,5.278606965174129,multi,random,212.1668701171875,12.39279556274414,421.35247802734375,1.7591910588508843,153.22122192382812,9.795737266540527,0.58717146,141.62582397460938,8.633790969848633,0.675280055,111.5414810180664,6.3753838539123535,0.32706278499999997,0.8570081204472231,0.6264350414276123,201,23.64930742679059,138829831.75790256,3.7083686518026057e-10,32.00910186767578,
Humanoid-v5,200,ridge,0.1,0.1,0.01,10.0,ok,,d65634e+closure,original,32.0,20,50,0.3,1228,4096,1228,1061,201,6.109452736318408,5.278606965174129,multi,random,212.19296264648438,12.413732528686523,411.02301025390625,1.7591964244459528,153.2699432373047,9.831480026245117,0.584097625,141.645263671875,8.671452522277832,0.668871665,111.52714538574219,6.41937780380249,0.30647388,0.8843809341277281,0.5685110092163086,201,23.64930742679059,138303724.42585814,3.708368639425808e-09,32.00910186767578,
Humanoid-v5,200,ridge,1.0,1.0,0.01,100.0,ok,,d65634e+closure,original,32.0,20,50,0.3,1228,4096,1228,1061,201,6.109452736318408,5.278606965174129,multi,random,212.2029266357422,12.433399200439453,409.34783935546875,1.7592563132571384,153.30947875976562,9.875572204589844,0.581802515,141.64938354492188,8.767135620117188,0.66191552,111.45665740966797,6.485702037811279,0.29243445,0.8953090016824619,0.6208522319793701,201,23.64930742679059,133253953.69891326,3.708368515657831e-08,32.00910186767578,
Humanoid-v5,200,ridge,1e-05,1e-05,0.01,0.001,ok,,d65634e+closure,original,32.0,20,50,0.3,1228,4096,1228,1061,201,6.109452736318408,5.278606965174129,multi,random,212.17294311523438,12.381623268127441,586.4264526367188,1.7591904709724886,153.23728942871094,9.77321720123291,0.591499605,141.7288055419922,8.619885444641113,0.68633869,111.69519805908203,6.345353603363037,0.37233445,0.7785527931368705,0.5813186168670654,201,23.64930742679059,138888476.57983303,3.7083686531764315e-13,32.00910186767578,
Humanoid-v5,200,ridge,0.0003,0.0003,0.01,0.029999999999999995,ok,,d65634e+closure,original,32.0,20,50,0.3,1228,4096,1228,1061,201,6.109452736318408,5.278606965174129,multi,random,212.1573944091797,12.384942054748535,434.7812805175781,1.759190488016122,153.21478271484375,9.778948783874512,0.590087,141.63560485839844,8.62071704864502,0.68175061,111.57069396972656,6.353802680969238,0.345845395,0.8280171648591397,0.6610863208770752,201,23.64930742679059,138886773.47934636,1.112510595940965e-11,32.00910186767578,
Humanoid-v5,200,ridge,0.003,0.003,0.01,0.3,ok,,d65634e+closure,original,32.0,20,50,0.3,1228,4096,1228,1061,201,6.109452736318408,5.278606965174129,multi,random,212.1599578857422,12.388294219970703,428.1811828613281,1.7591906467611358,153.2135772705078,9.78505802154541,0.5888382349999999,141.62384033203125,8.624641418457031,0.678346455,111.54716491699219,6.364493370056152,0.335509485,0.8440419995665485,0.5857753753662109,201,23.64930742679059,138870919.03102857,1.1125105958295741e-10,32.00910186767578,
HumanoidStandup-v5,200,ridge,0.0,0.0,0.01,0.0,ok,,d65634e+closure,original,8.0,20,50,0.2,819,4096,819,742,201,4.074626865671642,3.691542288557214,multi,random,22.2227840423584,3.3182730674743652,89.70023345947266,1.0233938989711466,NA,NA,NA,NA,NA,NA,50.98876190185547,5.141067981719971,0.9312155249999999,0.7548453328069823,2.29672908782959,201,29.5620661921679,7895611.030299346,0.0,8.002275466918945,
HumanoidStandup-v5,200,ridge,0.0001,0.0001,0.01,0.01,ok,,d65634e+closure,original,8.0,20,50,0.2,819,4096,819,742,201,4.074626865671642,3.691542288557214,multi,random,22.714458465576172,3.3187179565429688,482.26141357421875,1.0233938854253553,NA,NA,NA,NA,NA,NA,70.31019592285156,5.309732913970947,0.9785174000000001,0.8287758277782447,0.9935989379882812,201,29.5620661921679,7895584.321803158,5.995828444932058e-11,8.002275466918945,
HumanoidStandup-v5,200,ridge,0.001,0.001,0.01,0.1,ok,,d65634e+closure,original,8.0,20,50,0.2,819,4096,819,742,201,4.074626865671642,3.691542288557214,multi,random,22.382169723510742,3.3163304328918457,180.4407958984375,1.0233937635179517,NA,NA,NA,NA,NA,NA,58.51049041748047,5.053743839263916,0.971964595,0.7677714019057139,0.6212096214294434,201,29.5620661921679,7895343.953468445,5.995828441696561e-10,8.002275466918945,
HumanoidStandup-v5,200,ridge,0.01,0.01,0.01,1.0,ok,,d65634e+closure,original,8.0,20,50,0.2,819,4096,819,742,201,4.074626865671642,3.691542288557214,multi,random,22.28891372680664,3.314617395401001,118.08993530273438,1.023392544910921,NA,NA,NA,NA,NA,NA,53.30277633666992,4.927830696105957,0.958604995,0.7319415598298072,0.6379320621490479,201,29.5620661921679,7892941.074815345,5.995828409341598e-09,8.002275466918945,
HumanoidStandup-v5,200,ridge,0.1,0.1,0.01,10.0,ok,,d65634e+closure,original,8.0,20,50,0.2,819,4096,819,742,201,4.074626865671642,3.691542288557214,multi,random,22.235063552856445,3.3167691230773926,93.53215789794922,1.0233804053217082,NA,NA,NA,NA,NA,NA,51.3191032409668,5.039918899536133,0.93942587,0.7516061636035906,0.6023919582366943,201,29.5620661921679,7868992.486671443,5.995828085791991e-08,8.002275466918945,
HumanoidStandup-v5,200,ridge,1.0,1.0,0.01,100.0,ok,,d65634e+closure,original,8.0,20,50,0.2,819,4096,819,742,201,4.074626865671642,3.691542288557214,multi,random,22.16046142578125,3.3241095542907715,84.93544006347656,1.0232634477151827,NA,NA,NA,NA,NA,NA,48.48419952392578,5.392946243286133,0.9063717100000002,0.7392042650046954,0.5757095813751221,201,29.5620661921679,7637264.294818394,5.995824850297835e-07,8.002275466918945,
HumanoidStandup-v5,200,ridge,1e-05,1e-05,0.01,0.001,ok,,d65634e+closure,original,8.0,20,50,0.2,819,4096,819,742,201,4.074626865671642,3.691542288557214,multi,random,23.67173957824707,3.325019598007202,1164.72900390625,1.0233938976165629,NA,NA,NA,NA,NA,NA,92.59313201904297,5.626718044281006,0.9827898099999999,0.8920225957415779,0.6513566970825195,201,29.5620661921679,7895608.359441596,5.995828445255607e-12,8.002275466918945,
HumanoidStandup-v5,200,ridge,0.0003,0.0003,0.01,0.029999999999999995,ok,,d65634e+closure,original,8.0,20,50,0.2,819,4096,819,742,201,4.074626865671642,3.691542288557214,multi,random,22.514057159423828,3.317626476287842,288.5616149902344,1.023393858334087,NA,NA,NA,NA,NA,NA,63.82870864868164,5.184805870056152,0.9761904,0.8004443017648444,0.6227777004241943,201,29.5620661921679,7895530.905352862,1.7987485332639177e-10,8.002275466918945,
HumanoidStandup-v5,200,ridge,0.003,0.003,0.01,0.3,ok,,d65634e+closure,original,8.0,20,50,0.2,819,4096,819,742,201,4.074626865671642,3.691542288557214,multi,random,22.32343292236328,3.31532621383667,140.13954162597656,1.0233934926430204,NA,NA,NA,NA,NA,NA,55.33010482788086,4.968925476074219,0.966089135,0.7406395007910608,0.6425724029541016,201,29.5620661921679,7894809.8540078085,1.7987485303519708e-09,8.002275466918945,
InvertedDoublePendulum-v5,200,ridge,0.0,0.0,0.0001,0.0,ok,,d65634e+closure,original,16.0,20,50,0.05,204,4096,204,199,201,1.0149253731343284,0.9900497512437811,multi,random,0.09640681743621826,-1.1510308980941772,0.03486020490527153,0.3998336093962473,NA,NA,NA,NA,NA,NA,2.2757575511932373,1.4742015600204468,0.9949087900000001,0.9656435736084357,2.2921886444091797,179,1.936254663592375e-27,1.0777169186763908e+32,0.0,16.008708953857422,
InvertedDoublePendulum-v5,200,ridge,0.0001,0.0001,0.0001,1.0,ok,,d65634e+closure,original,16.0,20,50,0.05,204,4096,204,199,201,1.0149253731343284,0.9900497512437811,multi,random,0.199721097946167,-1.0791335105895996,1.4819934368133545,0.04116644481949294,NA,NA,NA,NA,NA,NA,5.491723537445068,2.8913004398345947,0.9924409200000001,0.9420981246818075,0.9498193264007568,179,1.936254663592375e-27,2086734410.819566,7.925326582708218e-08,16.008708953857422,
InvertedDoublePendulum-v5,200,ridge,0.001,0.001,0.0001,10.0,ok,,d65634e+closure,original,16.0,20,50,0.05,204,4096,204,199,201,1.0149253731343284,0.9900497512437811,multi,random,0.06667132675647736,-1.1818491220474243,0.015517082996666431,0.030675989114230983,NA,NA,NA,NA,NA,NA,1.154637098312378,2.5894782543182373,0.99443445,0.8816293574809385,0.5303864479064941,179,1.936254663592375e-27,208673441.9819566,7.92532092974012e-07,16.008708953857422,
InvertedDoublePendulum-v5,200,ridge,0.01,0.01,0.0001,100.0,ok,,d65634e+closure,original,16.0,20,50,0.05,204,4096,204,199,201,1.0149253731343284,0.9900497512437811,multi,random,0.06610818952322006,-1.1813642978668213,0.01519426517188549,0.02350165271188826,NA,NA,NA,NA,NA,NA,1.1540615558624268,3.1726861000061035,0.9940293699999999,0.8797604004042433,0.5802898406982422,179,1.936254663592375e-27,20867345.09819566,7.925264400502673e-06,16.008708953857422,
InvertedDoublePendulum-v5,200,ridge,0.1,0.1,0.0001,1000.0,ok,,d65634e+closure,original,16.0,20,50,0.05,204,4096,204,199,201,1.0149253731343284,0.9900497512437811,multi,random,0.06594672799110413,-1.1791094541549683,0.015248779207468033,0.020304728646318024,NA,NA,NA,NA,NA,NA,1.1867924928665161,3.3859646320343018,0.9936343700000001,0.895925791218009,0.5749459266662598,179,1.936254663592375e-27,2086735.409819566,7.924699152477975e-05,16.008708953857422,
InvertedDoublePendulum-v5,200,ridge,1.0,1.0,0.0001,10000.0,ok,,d65634e+closure,original,16.0,20,50,0.05,204,4096,204,199,201,1.0149253731343284,0.9900497512437811,multi,random,0.06596720963716507,-1.1733033657073975,0.015561101958155632,0.023142480893153364,NA,NA,NA,NA,NA,NA,1.2152485847473145,3.0209388732910156,0.9937533900000001,0.9148884177098627,0.4989781379699707,179,1.936254663592375e-27,208674.4409819566,0.0007919051103696683,16.008708953857422,
InvertedDoublePendulum-v5,200,ridge,1e-05,1e-05,0.0001,0.1,ok,,d65634e+closure,original,16.0,20,50,0.05,204,4096,204,199,201,1.0149253731343284,0.9900497512437811,multi,random,0.7485249042510986,-0.9556805491447449,5.4823384284973145,0.05674292179121233,NA,NA,NA,NA,NA,NA,22.765430450439453,3.8111143112182617,0.99131492,0.9748901789207511,0.552954912185669,179,1.936254663592375e-27,20867344099.19566,7.925327148005473e-09,16.008708953857422,
InvertedDoublePendulum-v5,200,ridge,0.0003,0.0003,0.0001,2.9999999999999996,ok,,d65634e+closure,original,16.0,20,50,0.05,204,4096,204,199,201,1.0149253731343284,0.9900497512437811,multi,random,0.06726343929767609,-1.1813417673110962,0.01596817560493946,0.03549424589251446,NA,NA,NA,NA,NA,NA,1.178885817527771,2.1541881561279297,0.9946905799999999,0.8813192038004799,0.5103087425231934,179,1.936254663592375e-27,695578137.6065221,2.3775975979477158e-07,16.008708953857422,
InvertedDoublePendulum-v5,200,ridge,0.003,0.003,0.0001,30.0,ok,,d65634e+closure,original,16.0,20,50,0.05,204,4096,204,199,201,1.0149253731343284,0.9900497512437811,multi,random,0.0663735643029213,-1.1817810535430908,0.015302701853215694,0.026887405935128367,NA,NA,NA,NA,NA,NA,1.1494287252426147,2.922327756881714,0.99425761,0.8777456941033566,0.5538034439086914,179,1.936254663592375e-27,69557814.6606522,2.377592510285299e-06,16.008708953857422,
InvertedPendulum-v5,200,ridge,0.0,0.0,0.0001,0.0,ok,,d65634e+closure,original,16.0,20,50,0.05,204,4096,204,199,201,1.0149253731343284,0.9900497512437811,multi,random,0.03491031378507614,-2.0094385147094727,0.0020807445980608463,0.004911305069028887,NA,NA,NA,NA,NA,NA,0.2454880177974701,-0.36783361434936523,0.9567482,0.7630869663911589,2.277330160140991,201,0.0013000279385503317,78480963.48445402,0.0,15.98184585571289,
InvertedPendulum-v5,200,ridge,0.0001,0.0001,0.0001,1.0,ok,,d65634e+closure,original,16.0,20,50,0.05,204,4096,204,199,201,1.0149253731343284,0.9900497512437811,multi,random,0.03423714265227318,-2.065866231918335,0.001558152143843472,0.004908768371094036,NA,NA,NA,NA,NA,NA,0.2287115901708603,0.992660403251648,0.91617579,0.6726356550763923,1.0203750133514404,201,0.0013000279385503317,72875292.31722592,1.1106392747520305e-07,15.98184585571289,
InvertedPendulum-v5,200,ridge,0.001,0.001,0.0001,10.0,ok,,d65634e+closure,original,16.0,20,50,0.05,204,4096,204,199,201,1.0149253731343284,0.9900497512437811,multi,random,0.03413650393486023,-2.078711986541748,0.0014605759643018246,0.004895249839822581,NA,NA,NA,NA,NA,NA,0.2264900803565979,2.119527578353882,0.90470951,0.5552480740241464,0.5482215881347656,201,0.0013000279385503317,44359220.36601207,1.1106381645855015e-06,15.98184585571289,
InvertedPendulum-v5,200,ridge,0.01,0.01,0.0001,100.0,ok,,d65634e+closure,original,16.0,20,50,0.05,204,4096,204,199,201,1.0149253731343284,0.9900497512437811,multi,random,0.03405384346842766,-2.0789101123809814,0.001453348551876843,0.004932381175218288,NA,NA,NA,NA,NA,NA,0.22621606290340424,2.5683648586273193,0.902714835,0.497584629825339,0.613250732421875,201,0.0013000279385503317,9028956.010459881,1.1106270630422759e-05,15.98184585571289,
InvertedPendulum-v5,200,ridge,0.1,0.1,0.0001,1000.0,ok,,d65634e+closure,original,16.0,20,50,0.05,204,4096,204,199,201,1.0149253731343284,0.9900497512437811,multi,random,0.034018561244010925,-2.0727992057800293,0.0014707406517118216,0.0056371261160269815,NA,NA,NA,NA,NA,NA,0.22808204591274261,2.3355624675750732,0.912076465,0.5374994522574446,0.5651929378509521,201,0.0013000279385503317,1007181.8068602075,0.00011105160598151783,15.98184585571289,
InvertedPendulum-v5,200,ridge,1.0,1.0,0.0001,10000.0,ok,,d65634e+closure,original,16.0,20,50,0.05,204,4096,204,199,201,1.0149253731343284,0.9900497512437811,multi,random,0.033948615193367004,-2.052086353302002,0.0015514271799474955,0.008425130273483104,NA,NA,NA,NA,NA,NA,0.22842133045196533,1.5684077739715576,0.9227233499999998,0.6454121712755477,0.620699405670166,201,0.0013000279385503317,101895.97755648928,0.001109407246707269,15.98184585571289,
InvertedPendulum-v5,200,ridge,1e-05,1e-05,0.0001,0.1,ok,,d65634e+closure,original,16.0,20,50,0.05,204,4096,204,199,201,1.0149253731343284,0.9900497512437811,multi,random,0.2619829475879669,-1.206536889076233,1.1921817064285278,0.004911037524878857,NA,NA,NA,NA,NA,NA,2.6391992568969727,0.9514039754867554,0.8433754850000001,0.9725889068157246,0.562441349029541,201,0.0013000279385503317,77881884.9444093,1.1106393857688056e-08,15.98184585571289,
InvertedPendulum-v5,200,ridge,0.0003,0.0003,0.0001,2.9999999999999996,ok,,d65634e+closure,original,16.0,20,50,0.05,204,4096,204,199,201,1.0149253731343284,0.9900497512437811,multi,random,0.03418939933180809,-2.076993703842163,0.0014739343896508217,0.0049045015359768206,NA,NA,NA,NA,NA,NA,0.22731734812259674,1.6450849771499634,0.9104930800000001,0.6022208811840155,0.564720630645752,201,0.0013000279385503317,63766039.96463851,3.3319170841444966e-07,15.98184585571289,
InvertedPendulum-v5,200,ridge,0.003,0.003,0.0001,30.0,ok,,d65634e+closure,original,16.0,20,50,0.05,204,4096,204,199,201,1.0149253731343284,0.9900497512437811,multi,random,0.03408992290496826,-2.0793468952178955,0.0014546087477356195,0.004890442041259804,NA,NA,NA,NA,NA,NA,0.2260858714580536,2.432647228240967,0.9020217999999999,0.5159036978767756,0.5285148620605469,201,0.0013000279385503317,23727159.365512196,3.331907092670149e-06,15.98184585571289,
Pusher-v5,200,ridge,0.0,0.0,0.0001,0.0,ok,,d65634e+closure,original,8.0,20,50,0.1,409,4096,409,389,201,2.0348258706467663,1.935323383084577,multi,random,0.047396983951330185,-2.581199884414673,0.0034495892468839884,0.019257343818405024,NA,NA,NA,NA,NA,NA,1.0174739360809326,0.9687267541885376,0.9999984500000001,0.8885363401546946,2.231119155883789,198,1.5695475736468379e-30,3.0416072667491683e+34,0.0,8.007135391235352,
Pusher-v5,200,ridge,0.0001,0.0001,0.0001,1.0,ok,,d65634e+closure,original,8.0,20,50,0.1,409,4096,409,389,201,2.0348258706467663,1.935323383084577,multi,random,0.04713471978902817,-2.601081371307373,0.002957733580842614,0.019257380987934735,NA,NA,NA,NA,NA,NA,0.7788193225860596,0.6006004214286804,0.99999996,0.8630268580420357,0.9590113162994385,198,1.5695475736468379e-30,477394731.5512747,2.767955866299198e-07,8.007135391235352,
Pusher-v5,200,ridge,0.001,0.001,0.0001,10.0,ok,,d65634e+closure,original,8.0,20,50,0.1,409,4096,409,389,201,2.0348258706467663,1.935323383084577,multi,random,0.04703032225370407,-2.6196467876434326,0.0026880325749516487,0.01925719491747053,NA,NA,NA,NA,NA,NA,0.6834670305252075,0.617521345615387,0.99999954,0.8358899799434382,0.5136761665344238,198,1.5695475736468379e-30,47739474.05512747,2.7679489708946648e-06,8.007135391235352,
Pusher-v5,200,ridge,0.01,0.01,0.0001,100.0,ok,,d65634e+closure,original,8.0,20,50,0.1,409,4096,409,389,201,2.0348258706467663,1.935323383084577,multi,random,0.04700402542948723,-2.6454923152923584,0.0023733738344162703,0.019249565846995203,NA,NA,NA,NA,NA,NA,0.6358751654624939,1.2927201986312866,0.9999907699999999,0.8369897782754306,0.5315754413604736,198,1.5695475736468379e-30,4773948.305512748,2.7678800187388188e-05,8.007135391235352,
Pusher-v5,200,ridge,0.1,0.1,0.0001,1000.0,ok,,d65634e+closure,original,8.0,20,50,0.1,409,4096,409,389,201,2.0348258706467663,1.935323383084577,multi,random,0.047283835709095,-2.645444631576538,0.0022583764512091875,0.019293347508579656,NA,NA,NA,NA,NA,NA,0.6115157008171082,2.4617669582366943,0.99994903,0.83307655943626,0.5296664237976074,198,1.5695475736468379e-30,477395.7305512747,0.0002767190686076098,8.007135391235352,
Pusher-v5,200,ridge,1.0,1.0,0.0001,10000.0,ok,,d65634e+closure,original,8.0,20,50,0.1,409,4096,409,389,201,2.0348258706467663,1.935323383084577,multi,random,0.048188816756010056,-2.5844886302948,0.0025453967973589897,0.020618860035903328,NA,NA,NA,NA,NA,NA,0.60569167137146,2.705674648284912,0.9999416,0.817291009795429,0.5030829906463623,198,1.5695475736468379e-30,47740.47305512748,0.0027603161969323984,8.007135391235352,
Pusher-v5,200,ridge,1e-05,1e-05,0.0001,0.1,ok,,d65634e+closure,original,8.0,20,50,0.1,409,4096,409,389,201,2.0348258706467663,1.935323383084577,multi,random,0.04732244834303856,-2.583142042160034,0.0034088289830833673,0.019257348163737833,NA,NA,NA,NA,NA,NA,0.9938141703605652,0.923724353313446,0.9999984000000001,0.9080454856099032,0.49529099464416504,198,1.5695475736468379e-30,4773947306.512748,2.76795655584154e-08,8.007135391235352,
Pusher-v5,200,ridge,0.0003,0.0003,0.0001,2.9999999999999996,ok,,d65634e+closure,original,8.0,20,50,0.1,409,4096,409,389,201,2.0348258706467663,1.935323383084577,multi,random,0.04708341509103775,-2.608703374862671,0.002836323343217373,0.019257414220131497,NA,NA,NA,NA,NA,NA,0.7243435978889465,0.5532323718070984,0.9999999500000001,0.845658699325661,0.5697050094604492,198,1.5695475736468379e-30,159131577.85042495,8.303863001952328e-07,8.007135391235352,
Pusher-v5,200,ridge,0.003,0.003,0.0001,30.0,ok,,d65634e+closure,original,8.0,20,50,0.1,409,4096,409,389,201,2.0348258706467663,1.935323383084577,multi,random,0.04699498787522316,-2.6322805881500244,0.002533680060878396,0.019255438513532085,NA,NA,NA,NA,NA,NA,0.657090961933136,0.8341130018234253,0.99999786,0.8346221754857334,0.5800292491912842,198,1.5695475736468379e-30,15913158.685042491,8.303800943689444e-06,8.007135391235352,
Reacher-v5,200,ridge,0.0,0.0,0.0001,0.0,ok,,d65634e+closure,original,8.0,20,50,0.05,204,4096,204,199,201,1.0149253731343284,0.9900497512437811,multi,random,0.09564648568630219,-1.1193643808364868,0.12424910068511963,0.03230617813367543,NA,NA,NA,NA,NA,NA,1.1346250772476196,0.938232958316803,0.99308193,0.878802775727937,2.2062182426452637,201,0.4721066168903489,375200.7131840851,0.0,7.979406356811523,
Reacher-v5,200,ridge,0.0001,0.0001,0.0001,1.0,ok,,d65634e+closure,original,8.0,20,50,0.05,204,4096,204,199,201,1.0149253731343284,0.9900497512437811,multi,random,0.07694964110851288,-1.8470760583877563,0.022201813757419586,0.03230609803511195,NA,NA,NA,NA,NA,NA,0.6616494059562683,0.12092021107673645,0.99533264,0.8852038154206938,0.9397678375244141,201,0.4721066168903489,375121.25650140346,4.680323863644075e-08,7.979406356811523,
Reacher-v5,200,ridge,0.001,0.001,0.0001,10.0,ok,,d65634e+closure,original,8.0,20,50,0.05,204,4096,204,199,201,1.0149253731343284,0.9900497512437811,multi,random,0.07486802339553833,-2.211235761642456,0.009429915808141232,0.03230538086262576,NA,NA,NA,NA,NA,NA,0.6127744913101196,0.04959479346871376,0.99414918,0.8882902847935676,0.5433940887451172,201,0.4721066168903489,374407.65787733364,4.6803218921560746e-07,7.979406356811523,
Reacher-v5,200,ridge,0.01,0.01,0.0001,100.0,ok,,d65634e+closure,original,8.0,20,50,0.05,204,4096,204,199,201,1.0149253731343284,0.9900497512437811,multi,random,0.07383259385824203,-2.445863723754883,0.004993016365915537,0.03229856999708996,NA,NA,NA,NA,NA,NA,0.5902450084686279,0.4462355077266693,0.9925494800000001,0.8746633857972578,0.5130605697631836,201,0.4721066168903489,367418.20823519694,4.680302177367404e-06,7.979406356811523,
Reacher-v5,200,ridge,0.1,0.1,0.0001,1000.0,ok,,d65634e+closure,original,8.0,20,50,0.05,204,4096,204,199,201,1.0149253731343284,0.9900497512437811,multi,random,0.07373581826686859,-2.5361480712890625,0.0036816252395510674,0.03226079164437835,NA,NA,NA,NA,NA,NA,0.5866455435752869,1.1923938989639282,0.99033114,0.867638437082193,0.5137019157409668,201,0.4721066168903489,309618.58179335576,4.680105038615183e-05,7.979406356811523,
Reacher-v5,200,ridge,1.0,1.0,0.0001,10000.0,ok,,d65634e+closure,original,8.0,20,50,0.05,204,4096,204,199,201,1.0149253731343284,0.9900497512437811,multi,random,0.07437976449728012,-2.509138345718384,0.0037231706082820892,0.03290910176762018,NA,NA,NA,NA,NA,NA,0.5962963700294495,1.6101559400558472,0.9888935299999999,0.875667097808671,0.5083639621734619,201,0.4721066168903489,120328.06409794069,0.00046781345641121484,7.979406356811523,
Reacher-v5,200,ridge,1e-05,1e-05,0.0001,0.1,ok,,d65634e+closure,original,8.0,20,50,0.05,204,4096,204,199,201,1.0149253731343284,0.9900497512437811,multi,random,0.09411700069904327,-1.1253561973571777,0.12751337885856628,0.03230617012009748,NA,NA,NA,NA,NA,NA,0.9361885786056519,0.7722966074943542,0.9932589199999999,0.8801476412653977,0.5651013851165771,201,0.4721066168903489,375192.76600112725,4.680324060792967e-09,7.979406356811523,
Reacher-v5,200,ridge,0.0003,0.0003,0.0001,2.9999999999999996,ok,,d65634e+closure,original,8.0,20,50,0.05,204,4096,204,199,201,1.0149253731343284,0.9900497512437811,multi,random,0.07559849321842194,-2.032984733581543,0.014501162804663181,0.03230593808595473,NA,NA,NA,NA,NA,NA,0.6310623288154602,0.039674319326877594,0.99486742,0.8892456507811243,0.5610461235046387,201,0.4721066168903489,374962.44405336,1.4040970276606457e-07,7.979406356811523,
Reacher-v5,200,ridge,0.003,0.003,0.0001,30.0,ok,,d65634e+closure,original,8.0,20,50,0.05,204,4096,204,199,201,1.0149253731343284,0.9900497512437811,multi,random,0.07427367568016052,-2.3425240516662598,0.006710626184940338,0.03230381094813789,NA,NA,NA,NA,NA,NA,0.6005387306213379,0.17351555824279785,0.9934484000000001,0.8825226397305216,0.5482969284057617,201,0.4721066168903489,372831.5625565491,1.4040952533232719e-06,7.979406356811523,
Swimmer-v5,200,ridge,0.0,0.0,0.0001,0.0,ok,,d65634e+closure,original,8.0,20,50,0.05,204,4096,204,199,201,1.0149253731343284,0.9900497512437811,multi,random,0.04273849353194237,-1.7124097347259521,0.008785421960055828,0.01786358129746809,NA,NA,NA,NA,NA,NA,0.515609622001648,0.7911071181297302,0.99918682,0.601450558791723,2.17901349067688,201,0.02653529261719256,18640264.489772443,0.0,8.004354476928711,
Swimmer-v5,200,ridge,0.0001,0.0001,0.0001,1.0,ok,,d65634e+closure,original,8.0,20,50,0.05,204,4096,204,199,201,1.0149253731343284,0.9900497512437811,multi,random,0.07019393891096115,-1.4046646356582642,0.0940023809671402,0.01786071108995586,NA,NA,NA,NA,NA,NA,1.2149332761764526,1.9025243520736694,0.99787705,0.8318924003839153,0.9295635223388672,201,0.02653529261719256,18570281.164424103,1.911645076000448e-08,8.004354476928711,
Swimmer-v5,200,ridge,0.001,0.001,0.0001,10.0,ok,,d65634e+closure,original,8.0,20,50,0.05,204,4096,204,199,201,1.0149253731343284,0.9900497512437811,multi,random,0.03884522244334221,-1.8519489765167236,0.0032423418015241623,0.017835933118997564,NA,NA,NA,NA,NA,NA,0.5004391074180603,0.8849692940711975,0.9992972800000001,0.6176743341378614,0.5181806087493896,201,0.02653529261719256,17963305.513925795,1.9116447471056835e-07,8.004354476928711,
Swimmer-v5,200,ridge,0.01,0.01,0.0001,100.0,ok,,d65634e+closure,original,8.0,20,50,0.05,204,4096,204,199,201,1.0149253731343284,0.9900497512437811,multi,random,0.03829094022512436,-1.864799976348877,0.0027775801718235016,0.01766057692645045,NA,NA,NA,NA,NA,NA,0.5054287314414978,1.5858970880508423,0.9992491399999999,0.4983220074121899,0.5238227844238281,201,0.02653529261719256,13538276.205435885,1.9116414581642662e-06,8.004354476928711,
Swimmer-v5,200,ridge,0.1,0.1,0.0001,1000.0,ok,,d65634e+closure,original,8.0,20,50,0.05,204,4096,204,199,201,1.0149253731343284,0.9900497512437811,multi,random,0.038288526237010956,-1.8654743432998657,0.0026702536270022392,0.017382433016297223,NA,NA,NA,NA,NA,NA,0.5039473176002502,2.158297300338745,0.9992110900000001,0.40458132966788196,0.5211918354034424,201,0.02653529261719256,3908988.2551136552,1.91160856937253e-05,8.004354476928711,
Swimmer-v5,200,ridge,1.0,1.0,0.0001,10000.0,ok,,d65634e+closure,original,8.0,20,50,0.05,204,4096,204,199,201,1.0149253731343284,0.9900497512437811,multi,random,0.03872407227754593,-1.8574796915054321,0.002808238845318556,0.01946689428230052,NA,NA,NA,NA,NA,NA,0.5097830295562744,2.475717067718506,0.99921974,0.36037147527312036,0.5039033889770508,201,0.02653529261719256,481840.10452958423,0.00019112797436862452,8.004354476928711,
Swimmer-v5,200,ridge,1e-05,1e-05,0.0001,0.1,ok,,d65634e+closure,original,8.0,20,50,0.05,204,4096,204,199,201,1.0149253731343284,0.9900497512437811,multi,random,0.25643110275268555,-0.49273446202278137,1.1842986345291138,0.017863293176388358,NA,NA,NA,NA,NA,NA,4.237534999847412,3.5327296257019043,0.9990241400000001,0.835375267773271,0.5477862358093262,201,0.02653529261719256,18633242.429869555,1.9116451088899303e-09,8.004354476928711,
Swimmer-v5,200,ridge,0.0003,0.0003,0.0001,2.9999999999999996,ok,,d65634e+closure,original,8.0,20,50,0.05,204,4096,204,199,201,1.0149253731343284,0.9900497512437811,multi,random,0.03954281285405159,-1.8354783058166504,0.003823493141680956,0.017855043095038367,NA,NA,NA,NA,NA,NA,0.4913124442100525,0.6455411911010742,0.99926179,0.6531372676572914,0.5431540012359619,201,0.02653529261719256,18431879.24401779,5.734935008738136e-08,8.004354476928711,
Swimmer-v5,200,ridge,0.003,0.003,0.0001,30.0,ok,,d65634e+closure,original,8.0,20,50,0.05,204,4096,204,199,201,1.0149253731343284,0.9900497512437811,multi,random,0.0385015532374382,-1.8600261211395264,0.002955592703074217,0.017786864349070723,NA,NA,NA,NA,NA,NA,0.504670262336731,1.2031283378601074,0.99927009,0.5596392558137504,0.542975902557373,201,0.02653529261719256,16746909.607729878,5.734932048686504e-07,8.004354476928711,
Walker2d-v5,200,ridge,0.0,0.0,0.01,0.0,ok,,d65634e+closure,original,16.0,20,50,0.3,1228,4096,1228,1061,201,6.109452736318408,5.278606965174129,multi,random,0.6125187873840332,-0.7971970438957214,0.3356640338897705,0.13853262903637079,NA,NA,NA,NA,NA,NA,2.8521721363067627,2.3717379570007324,0.9984207900000001,0.33564425508848417,3.599785327911377,201,3.807917432298399,682527.6930790776,0.0,15.973370552062988,
Walker2d-v5,200,ridge,0.0001,0.0001,0.01,0.01,ok,,d65634e+closure,original,16.0,20,50,0.3,1228,4096,1228,1061,201,6.109452736318408,5.278606965174129,multi,random,0.6125249266624451,-0.7950083017349243,0.3385823667049408,0.1385326046116047,NA,NA,NA,NA,NA,NA,2.8550233840942383,2.2527835369110107,0.99863739,0.29162721553664656,0.9218287467956543,201,3.807917432298399,682509.7696660361,3.5819697426972406e-09,15.973370552062988,
Walker2d-v5,200,ridge,0.001,0.001,0.01,0.1,ok,,d65634e+closure,original,16.0,20,50,0.3,1228,4096,1228,1061,201,6.109452736318408,5.278606965174129,multi,random,0.6124681830406189,-0.7976160049438477,0.33382517099380493,0.13853238490416056,NA,NA,NA,NA,NA,NA,2.848857879638672,2.410783529281616,0.9984695200000001,0.35980517787236943,0.609520435333252,201,3.807917432298399,682348.5012994682,3.581969627222679e-08,15.973370552062988,
Walker2d-v5,200,ridge,0.01,0.01,0.01,1.0,ok,,d65634e+closure,original,16.0,20,50,0.3,1228,4096,1228,1061,201,6.109452736318408,5.278606965174129,multi,random,0.6125535368919373,-0.7995204329490662,0.33015576004981995,0.1385301992183958,NA,NA,NA,NA,NA,NA,2.8410122394561768,2.687166213989258,0.9978935,0.38729313122790254,0.5352048873901367,201,3.807917432298399,680739.9993817097,3.581968472477474e-07,15.973370552062988,
Walker2d-v5,200,ridge,0.1,0.1,0.01,10.0,ok,,d65634e+closure,original,16.0,20,50,0.3,1228,4096,1228,1061,201,6.109452736318408,5.278606965174129,multi,random,0.6130496859550476,-0.8003418445587158,0.32693153619766235,0.13850944183590627,NA,NA,NA,NA,NA,NA,2.8288002014160156,2.966898202896118,0.9966146599999999,0.38220204045090006,0.4833979606628418,201,3.807917432298399,665062.4649901193,3.5819569250663774e-06,15.973370552062988,
Walker2d-v5,200,ridge,1.0,1.0,0.01,100.0,ok,,d65634e+closure,original,16.0,20,50,0.3,1228,4096,1228,1061,201,6.109452736318408,5.278606965174129,multi,random,0.6149209141731262,-0.797510027885437,0.3214208781719208,0.13838317430153488,NA,NA,NA,NA,NA,NA,2.8156068325042725,3.4294867515563965,0.9932348,0.37485190724064005,0.49706363677978516,201,3.807917432298399,540568.7882746747,3.581841455050136e-05,15.973370552062988,
Walker2d-v5,200,ridge,1e-05,1e-05,0.01,0.001,ok,,d65634e+closure,original,16.0,20,50,0.3,1228,4096,1228,1061,201,6.109452736318408,5.278606965174129,multi,random,0.6126114726066589,-0.7911843657493591,0.34973999857902527,0.13853262659377866,NA,NA,NA,NA,NA,NA,2.8708131313323975,2.1982412338256836,0.9982292599999999,0.2661737121189312,0.549598217010498,201,3.807917432298399,682525.9006954117,3.581969754244698e-10,15.973370552062988,
Walker2d-v5,200,ridge,0.0003,0.0003,0.01,0.029999999999999995,ok,,d65634e+closure,original,16.0,20,50,0.3,1228,4096,1228,1061,201,6.109452736318408,5.278606965174129,multi,random,0.6124895215034485,-0.7963806986808777,0.33591246604919434,0.13853255576977125,NA,NA,NA,NA,NA,NA,2.8520426750183105,2.3147144317626953,0.99861769,0.3260100093570781,0.5409421920776367,201,3.807917432298399,682473.9256638594,1.0745909151108674e-08,15.973370552062988,
Walker2d-v5,200,ridge,0.003,0.003,0.01,0.3,ok,,d65634e+closure,original,16.0,20,50,0.3,1228,4096,1228,1061,201,6.109452736318408,5.278606965174129,multi,random,0.6124712228775024,-0.7986165285110474,0.33199629187583923,0.1385318974086072,NA,NA,NA,NA,NA,NA,2.8454525470733643,2.5326032638549805,0.99826541,0.3811046295199062,0.5193541049957275,201,3.807917432298399,681990.3998640939,1.0745908111837705e-07,15.973370552062988,
